comment_text,label,source,weight,annotation_round,final_label
Mink thấy stress nhẹ ❤,0,human_gold_round5,3,round5,normal
"Ngày mình yêu nhậu đậm sâu và em nói yêu anh mãi k rời xa Đành lòng sao em người ơi mà em bỏ anh đi chẳng câu giả từ Lòng anh đau lắm người ơi có bao h người nhớ những lúc bên nhau Em bỏ anh thật sao khi anh đây vẫn còn yêu Thà người đừng hứa đợi anh để anh ngóng anh trông mỗi khi đc thăm Để giờ đến móc gặp gỡ ngta đã cho hay em theo người mới Tr ơi sao nỡ bỏ anh chốn này,thà người đừng hứa đợi anh trở về Để anh khóc hết nước mắt em ơi Khổ đau mình anh Ngày mà đưa anh lên xe em đã,chạy lại đến bên ôm anh thật lâu Và anh cũng biết cái ôm lúc đó sẽ chẳng đến bên anh thêm lần nào Còn đâu nữa tháng năm hạnh phúc Còn ai nữa để chia từng cơn vui buồn Và cũng mong em được hạnh phúc êm đềm",0,human_gold_round5,3,round5,normal
Con đang giống như cô gái ấy Thầy ạ con luôn muốn chết vì với con chết còn dể hơn sống 😞,1,human_gold_round5,3,round5,depression
"Tôi lênh đênh ở tuổi 20 đến tuổi 25 hiện tại vẫn còn mong lung. 5 năm trôi qua vẫn mãi 1 suy nghĩ, ngọn núi cao nhất vẫn là chính bản thân mình",0,human_gold_round5,3,round5,normal
"Lúc nào em nt em luôn gửi icon mặt cười, em buồn lm chứ nhưng em sợ anh lo cho em nên em luôn giấu anh😞",1,human_gold_round5,3,round5,depression
Tớ đang ngồi trên chuyến tàu thất bại đến ga trung chuyển,0,human_gold_round5,3,round5,normal
"Tips để trị bệnh trì hoãn, lười biếng: 1. Động lực từ việc làm còn dang dở, chưa hoàn thành. —> Cứ làm thôi đừng suy nghĩ nhiều đến áp lực phải hoàn thành! 2. Tránh tình trạng Cạn năng lượng —>lên ds những việc ko nên làm trong thời gian làm việc.",0,human_gold_round5,3,round5,normal
"E cũng đag bị như vậy, thề khó chịu thật sự 😢",0,human_gold_round5,3,round5,normal
"nói ổn là nói dối, ko buồn là nói điêu nhưng biết phải làm sao đây khi có lẽ tôi đã lỡ mất em rồi, cũng chẳng biết em có nhận ra tình cảm này của tôi hay không vì tôi đã chằng đủ dũng cảm để nói ra nhưng khoảng thời gian cùng nhau trò chuyện, cùng nhau vui đùa, cùng nhau chia sẻ mỗi khoảnh khắc trong cuộc sống đã khiến tôi rất vui, dù cho người bên cạnh em là ai tôi cũng cầu mong em sẽ luôn mĩm cười trong hạnh phúc, có lẽ vì tôi thiếu dũng khí khiến em không thể yên tâm cũng có thể ta chỉ có duyên gặp nhau chứ ko có cơ hội để bên nhau, dù sao cảm ơn em đã để lại trong tôi phần ký ức đẹp nhất của hai ta ^^",0,human_gold_round5,3,round5,normal
"Dường như tôi cô đơn trong chính ngôi nhà mình, ai đã từng có cảm giác này??",1,human_gold_round5,3,round5,depression
"Mình đã như vậy, hôm nay mình đã khóc rất nhiều khi xem clip.mình biết cảm xúc của con mỗi lần bị ba mẹ la không cho làm điều con muốn mình luôn nhìn biểu cảm con nhưng mình đã lờ đi cảm xúc đó bởi mình không biết phải đối diện và giải quyết với nó như thế nào, mình luôn bắt con phải làm theo ý mình với đứa con đầu của mình",0,human_gold_round5,3,round5,normal
Buồn thì buồn nhưng mình là con trai phải chịu và vượt qua những nổi buồn đó thôi 😔,0,human_gold_round5,3,round5,normal
K có j buồn og oi đc ngủ với 3e xjk như thế là hp roi,0,human_gold_round5,3,round5,normal
"Mình vừa nhạy cảm vừa tự ti và rụt rè, nhưng luôn cố gắng tỏ ra minh la ng k rụt rè, bạn hỏi, s bữa c bt, giờ lại khác qa z, đó la câu hỏi minh hk thể tl, hk phai minh dả tạo, mà minh đang cố gắng nhung nhiều lúc lại hk cố đc, nên mình như là ng 2 tính cách",0,human_gold_round5,3,round5,normal
"Con cũng là người hướng nội Cô ạ. Rất e ngại giao tiếp xã hội và khó mở lòng với người khác, qua video của Cô con biết rằng trong quá khứ con là người đã gây ra cho người khác cảm giác tương tự và giờ đây con phải chịu quả báo. Con xin sám hối lỗi này, sửa đổi tính cách nâng đỡ cho người khác để người khác không bị cảm giác này ạ",0,human_gold_round5,3,round5,normal
"Thời điểm mình viết cmt này, dịch đang tràn lan, nơi mình đang sống cũng có ca nhiễm rồi, công việc phía trước chắc sẽ bấp bênh nhiều. Mệt mỏi có, thất vọng có, lo lắng có... nhưng mình tin rằng chúng ta sẽ vượt qua được!! Gửi những người đang đọc cmt này, hãy cố lên, còn ngày mai là còn cơ hội, nghỉ một lát rồi đứng dậy tiếp tục chiến đấu nhé❤️ yêu bạn❤️",0,human_gold_round5,3,round5,normal
Bất ngờ / giật mình: 5 lần,0,human_gold_round5,3,round5,normal
Một tình yêu đấy là aii Mang cho anh bao niềm buồn Cho em nói hết câu trong lòng Bây giờ em còn yêu anh ko Anh biết mà em cứ bên người ấy Thật sự anh đau trong lòng Anh là aii Tại saooo lại còn người thứ 2 Em hứa em yêu anh hết đời Vậy mà Câu đó vẫn bỏ đi Bây giờ anh ko thể nói em vài câu Bây giờ anh sẽ bước đi Để cho em bên người em yêu Vậy thôi còn gì nữa Thả càng người càng thấy đau!😓,0,human_gold_round5,3,round5,normal
Có những điều con không muốn nói thẳng với mẹ chỉ sợ mẹ mắng con...,0,human_gold_round5,3,round5,normal
"VSTN ơi, cậu làm về ""bị chịu quá nhiều tổn thương nên không còn khóc vì đã quen rồi"" đc không ạ? ( cái này mô tả cuộc sống hiện tại của mình )",1,human_gold_round5,3,round5,depression
mỗi lần stress hay mệt j qua bên sốp dịu hơn hẳn☺,0,human_gold_round5,3,round5,normal
"Làm thế nào để thoát ra, khi chính mình cũng không muốn trò chuyện với bất kỳ ai, cứ lủi thủi và suy nghĩ về cái chết",1,human_gold_round5,3,round5,depression
Mệt mỏi quá r 😢,1,human_gold_round5,3,round5,depression
"Mình có đứa em trai bị trầm cảm, 1 ngày ko bắt liên lạc được với em nó, xong cả nhà phải tá hỏa đi tìm, may sao mà tìm được và giờ đang để ở nhà theo dõi điều trị",0,human_gold_round5,3,round5,normal
"Nếu bạn không thể làm các chấm tròn xung quanh biến mất dù chỉ trong 1 tíc tắc, đặc biệt ở trẻ nhỏ, thì khả năng cao bạn có thể bị ảnh hưởng bởi chứng rối loạn tăng động, giảm chú ý đấy nhé!",0,human_gold_round5,3,round5,normal
"mình từng rất ghét mẹ,nhưng cũng rất thương mẹ,thương mẹ nhìu lắm,nhma mẹ lại ko hiểu mik j cả ,luôn la mắng ,trách móc mik,gđ chả ai quan tâm đến mik cả😥😥",1,human_gold_round5,3,round5,depression
Tui là bị hết luôn,0,human_gold_round5,3,round5,normal
Hôm nay là ngày tệ nhất của mình nhưng khi mình nghe bài này mình đã khóc rất nhiều như một đứa con nít mới lên ba 😭,0,human_gold_round5,3,round5,normal
Tình mình ngày nào Đẹp như trăng lung linh về đêm Mà sao nay xa xăm ôi mịt mù Biết nói nơi ai mà ta giờ xa lìa nhau Lòng ta nghe bâng khuâng xót xa Có tiếc nuối cũng xa nhau thật rồi Chuyện tình mình thật buồn Ngày vui thoáng gió Cuốn sương khói Còn đây con tim đau Không nhạt nhòa Tình đôi mình bây giờ Như mùa đông Trơ cành khô đứng lặng Tình đôi mình bây giờ như gió Trôi dạt không bến bờ Hỡi gió lang thang Ngày đêm về đâu Buồn không kiếp không nhà Chiều nay mình ta Ngồi đây thầm mơ Phút giây thần tiên ngày xưa Người yêu giờ đây buồn không hỡi Xin về đây hỡi người Này em phương xa trời Còn tuyết không Bài ca buồn anh Tặng em chiều nay Ước sao vọng vang về em Tình yêu cuồng say người yêu hỡi Bao ngày không xóa nhòa Hãy đến bên anh Chiều nay người ơi Tình ta sẽ muôn đời Chuyện tình mình thật buồn Ngày vui thoáng gió Cuốn sương khói Không nhạt nhòa Tình đôi mình bây giờ Như mùa đông Trơ cành khô đứng lặng Tình đôi mình bây giờ như gió Trôi dạt không bến bờ Hỡi gió lang thang Ngày đêm về đâu Buồn không kiếp không nhà Chiều nay mình ta Ngồi đây thầm mơ Phút giây thần tiên ngày xưa Người yêu giờ đây buồn không hỡi Xin về đây hỡi người Này em phương xa trời Còn tuyết không Bài ca buồn anh Tặng em chiều nay Ước sao vọng vang về em Tình yêu cuồng say người yêu hỡi Bao ngày không xóa nhòa Hãy đến bên anh Chiều nay người ơi Tình ta sẽ muôn đời Hãy đến bên anh Chiều nay người ơi Tình ta sẽ muôn đời,0,human_gold_round5,3,round5,normal
Đôi khi buồn mà ko biết mình buồn vì chuyện j,0,human_gold_round5,3,round5,normal
sau cuộc sống ôn thi đại học ko như ý cuối cùng thì mình vào một môi trường ở quê nhà và ko mong muốn mình muốn đi xa và bây giờ mình lạc lối quá,0,human_gold_round5,3,round5,normal
"Sợ hãi là bản năng, là tâm lí bình thường của mỗi người để bản thân an toàn. Nhưng ta cần thoát khỏi nỗi sợ để tìm một bản thân tốt hơn. Đối diện với sợ hãi, càng sợ thì càng phải làm.",0,human_gold_round5,3,round5,normal
Tớ thì bị la suốt ngày,0,human_gold_round5,3,round5,normal
Hồi bé tôi không đủ lạc quan để có một ước mơ,0,human_gold_round5,3,round5,normal
"Đúng là mình đang phải tập tĩnh tâm và luôn học cách kìm nén cảm xúc khi phải sông cùng với ng nóng nảy,bốc đồng,chỉ cần 1 chút bất đồng là xảy ra chuyện. Đúng là mình vẫn nghĩ 1 ngày nào đó mình ko chịu đc nữa sẽ rời đi,nhưng họ ko hiểu. Cảm ơn bạn",0,human_gold_round5,3,round5,normal
"học trên lớp môn văn và bị giống như anh kia nhưng nặng hơn, áp dụng phương pháp này => thất bại",0,human_gold_round5,3,round5,normal
đoạn chi vy nói có người đồng hành thật sự khi e thấy e là đứa con quá tệ mẹ e thì cố gắng để lo cho e đầy đủ nhưng e lại thấy e là gánh nặng e k muốn mẹ vất vả thêm nên e muốn chọn từ bỏ cuộc sống e nghĩ như vậy là tốt nhưng may e nghe đc poscast này e đã thay đổi suy nghĩ e chịu thiệt một chút để giúp đỡ mẹ vậy tết thôi mà năm nay con k về mẹ cũng phải vui cùng các anh nhe,0,human_gold_round5,3,round5,normal
Chắc phải buon thôi để ko mệt mỏi nữa,0,human_gold_round5,3,round5,normal
"Sức đề kháng tâm hồn: bớt phản ứng, và suy tư giữ tâm hồn vui vẻ…",0,human_gold_round5,3,round5,normal
Nếu bạn đang nghe video này vào ban đêm… có thể bạn đã mệt rất lâu rồi. Không sao đâu… bạn không cần phải mạnh mẽ một mình nữa.,0,human_gold_round5,3,round5,normal
tôi:ăn như chết đói bạn: ăn theo cách lịch sự của một quý bà,0,human_gold_round5,3,round5,normal
gia định sẽ ko hiểu và tiền điều trị sẽ rất cao và bản thân thật sự ko muốn ra khỏi phòng để gập bất kì ai bất kì ng nào.,1,human_gold_round5,3,round5,depression
"15/4/2025. Thi trượt tiếng Anh 2 lần. Cảm giác chán nản vô cùng, nhưng vẫn sẽ ôn tập và làm lại. Cố lên tôi ơi 💪💪💪",0,human_gold_round5,3,round5,normal
Vô cùng lo lắng cho con,0,human_gold_round5,3,round5,normal
"Thất tình ko phải vì thất tình mà cái tình trong mắt Anh Tú nó làm tui mất đi nhận thức là mình ko có tình để thất tình, mà coi cảm giác tui thất tình",0,human_gold_round5,3,round5,normal
Nhật Kim Anh bây giờ tâm trạng đúng như vậy đó ....đời không ai biết trước,0,human_gold_round5,3,round5,normal
"Bố mẹ tớ bận chạy theo công việc , họ luôn muốn ngkh thấu hiểu sự tổn thương của họ , họ luôn nói họ phải gánh nhiều thứ trong cuộc sống nên lj có tgian qtam đến thứ tôi cần thứ tôi ước mơ...",1,human_gold_round5,3,round5,depression
Áp lực lắm rồi ai cứu tao Ik 😢,1,human_gold_round5,3,round5,depression
"ko bt có bạn nào giống mk ko, càng ngày mk càng sợ việc phải trưởng thành, lớn lên. Mk ko thể tưởng tượng và cx ko muốn tượng khi mk càng lớn, bố mẹ và người thân càng già. Mk chưa thể làm quen vs sự chia xa, mk ko bt vào ngày ấy mk sẽ ra sao.",0,human_gold_round5,3,round5,normal
"Nỗi lòng của con cái ít khi ba mẹ hiểu đc lắm, nhiều lúc khóc mà có ai hay đâu, nhiều khi á ước ba mẹ hiểu mik hơn quan tâm mik nhiều hơn vậy là quá đủ rồi",1,human_gold_round5,3,round5,depression
E từng ghét ngoại hình của mình vì e có 1 ng c rất xinh và e kh đc như v và luôn bị mn xq nói mỗi lần như thế e chỉ biết khóc mà thôi:((((,0,human_gold_round5,3,round5,normal
"Dạo này mình lại nhớ ông nội rất nhiều. Mình không nhớ lần cuối mình nói chuyện với ông là khi nào, mình không còn nhớ lần cuối mình ôm ông là khi nào. Ông ốm,mình thương ông nhiều lắm! Cách xa ông nửa vòng trái đất mình chỉ có thể nằm khóc thay vì ở bên ông. Hồi còn bé ông chăm mình lắm nhưng đến bây giờ ông cần mình ở bên mình lại xa nhà. Dù là 1% con cũng hi vọng và cầu nguyện cho ông sẽ bớt đau hơn từng ngày, con hi vọng bài hát này sẽ không dành cho con. Nhớ và thương ông rất nhiều.",0,human_gold_round5,3,round5,normal
Muốn khóc khi mà trong lòng nhiều nỗi buồn ko thể chia sẻ ra cùng ai.,1,human_gold_round5,3,round5,depression
"hên t ko cs áp lực j,ko vô đc trường công thì t vô trường tư mẹ t muốn t học nhm học t dở thì ko sao chỉ cần lên lớp thôi,ước mn cx cs mẹ như t hoặc là thấu hiểu con chúc mn thi đc điểm cao nhaaaaa❤❤",0,human_gold_round5,3,round5,normal
Lúc đầu cảm lạnh lúc sau càng cảm lạnh😅😂😂😂,0,human_gold_round5,3,round5,normal
Ko cảnh giác nhiều khí có những người còn giảm đầu độc mình chết dần chết mòn thì bằng nuôi ong tay áo . trên đời này ko có gì là ko thể,0,human_gold_round5,3,round5,normal
"Cuối cấp, những ngày học đến đêm không có thời gian nghỉ. Có ngày mệt quá cũng phải cố vì sợ mình không vào được ngôi trường mà mình mong ước rồi những lần thấy mình không giỏi, mơ hồ, không biết mình có đỗ nv1 không…nhưng không sao vì mình biết mình không một mình. just trust me, you will be fine.",0,human_gold_round5,3,round5,normal
E cx mấy lần ct r e cx đau lòng lắm chứ,0,human_gold_round5,3,round5,normal
"mình 2k7 đang trong quá trình ôn thi đgnl và tnthpt 2025. Do ctr ms cx như bản thân mình ko giỏi, mặc dù đã cố gắng rất nhiều ở hk1 nhưng vẫn chưa đạt đc kq mình mong muốn cộng thêm tính trì trệ của bản thân, nên qua 2 tuân nghỉ tết mình vẫn chưa hoàn thành đc những gì bản thân mình đề ra trc năm học. H mình đang hơi nản trong học tập nhưng mình mong bản thân mình sẽ lấy lại tinh thần và tiếp tục chiến đấu vs các đối thủ. Chúc các đối thủ 2k7 sẽ đạt đc kq như mong muốn ""đậu nv1 nha"", cx chúc các em 2k10 thi vào đc trường mình mơ ước",0,human_gold_round5,3,round5,normal
"Dạo này em thấy mình bị nghiện điện thoại, vừa ms ngủ dậy hay đi học về là như một thói quen cầm lấy điện thoại rồi lướt trong vô thức. Dần dần em càng chán học tập, làm việc và thực hiện lối sống tốt cũng như bỏ bê bản thân vì điện thoại. Em mong mình sẽ có thể cố gắng thay đổi để có một năm 2024 tốt hơn. Cảm ơn ad nhiều vì vid này ạ",0,human_gold_round5,3,round5,normal
Hôm nay tui cũng muốn tâm sự cùng người lạ. Không phải chuyện tình yêu nhưng có quá nhiều mệt mỏi vì cuộc sống này.,0,human_gold_round5,3,round5,normal
Những nỗi buồn kia bay theo lời hát.... Có ai buồn như tôi ko .... Nỗi buồn ko ai hiêu thấu,0,human_gold_round5,3,round5,normal
Em cũng đang bị tụt mood và hình như ông bụt đã xuất hiện!!!,0,human_gold_round5,3,round5,normal
"nhờ BS tư vấn dùng chứng đêm khó đi vào giấc ngủ, như về chiều tầm 4h5h là buồn ngủ, tôi có đi khám bs thần kinh hiện giờ tôi đang dùng thuốc halcion ba năm nay vì tình hình dịch bệnh tôi không về nước được vậy cho hỏi thuốc này dùng lâu dài tốt không ạ",0,human_gold_round5,3,round5,normal
Áp lực việc học,0,human_gold_round5,3,round5,normal
"ADIDAPHAT sao con càng niệm thì càng không ngủ được , con không hiểu vì sao.",0,human_gold_round5,3,round5,normal
"E rất thường xuyên mơ thấy đi tới lớp chưa học bài, chưa làm bài tập, đi thi mà chưa chuẩn bị gì hết... có những khoảng thời gian mà gần như sáng nào thức dậy cũng khủng hoảng và phải mất 1-2 phút để tự trấn an bản thân là mình đã không còn đi học đi thi gì nữa rồi",0,human_gold_round5,3,round5,normal
- muốn tự do là phải tự lo - tự chịu trách nhiệm cho ước mơ và cuộc đời mình,0,human_gold_round5,3,round5,normal
Anh à... Em biết em đã yêu Anh quá sớm... Khi em chưa học cách yêu... Em chưa có kinh nghiệm cũng như chưa hiểu về anh cho lắm... Em làm anh buồn... Em ghen tuông không kể bất cứ lí do gì.... Em chỉ giận anh... Mà không cho anh giải thích... Nếu đây là suy nghĩ của anh... Em xin anh đó... Anh quay lại với em đi... Em sẽ bỏ ghen tuông.. Em sẽ làm tất cả mọi thứ để xứng đáng với anh... Em xin anh,0,human_gold_round5,3,round5,normal
Chính tôi đã bị như vậy không phải người ngoài mà là những người thân,0,human_gold_round5,3,round5,normal
"Mình đã từng đến SG để gặp bạn ấy và đã không gặp được, lúc đó mình khóc rất nhiều..SG năm đó đau lòng thật sự, toàn kỷ niệm buồn! Sau 4 năm kể từ ngày đó, mình đã đến nơi xa và chưa quay trở lại SG một lần nào nữa, chúng mình vẫn chưa gặp lại, mình đang bước tiếp trên con đường không có bạn ấy bên cạnh...""phải đi xa đến đâu? thời gian quên mất bao lâu? để trái tim tôi bình yên như ngày đầu tiên"", cảm ơn tác giả đã nhắc mình nhớ lại kỷ niệm xưa qua từng câu chữ, tuy đau lòng nhưng vẫn phải mỉm cười và vượt qua nhỉ!!! :)",0,human_gold_round5,3,round5,normal
Hiện tại tôi đang đứng trên một vách núi chỉ cần lệch một tí là có thể đi luôn vì cuối cấp áp lực đang đè lên tôi,1,human_gold_round5,3,round5,depression
😢😢😅😅 chắc cháu bị hành hạ đánh đập quá khổ cực nên là cháu đầu nó không được tỉnh táo thông minh nên kể rất lộn xộn mà cháu bảo là cháu đi lúc 22 tuổi chưa có con ra lúc dì lại có con gái ở Việt Nam rồi là đứa con trai ở đấy thì như thế nào mất tích rồi à,0,human_gold_round5,3,round5,normal
Dù đã cố gắng r nhưng cố gắng đến đâu thì cũng thất bại sớm thôi 😊😊 dù cố gắng nhịn khóc r thì vẫn cứ khóc thôi ☺️,1,human_gold_round5,3,round5,depression
"Cầu bình an cho tất cả, mong mọi người bị bệnh này sớm hết. Bản thân mình cũng đang bị, khổ sở thật sự.",1,human_gold_round5,3,round5,depression
Mình đợt này stress vì KHÔNG DÁM BỊ GHÉT. Nên đang cảm thấy rất khó thở. Mình nghĩ bản thân cần nghe lại video để thấu hiểu hơn nữa. Cảm ơn kênh rất nhiều ạ ❤ 20:39' Ngày 25.04.24,0,human_gold_round5,3,round5,normal
"Hồi cấp 3 e học trường tầm trung nên thường chỉ cố gắng xíu là được hạng cao. Khi lên đại học được học cùng các bạn giỏi, chọn đúng ngành nhưng e vẫn thấy rất tự ti bởi mọi ng giỏi. Em luôn muốn thể hiện nhanh để biết mình giỏi nhưng vì không đủ dũng khí nên lúc nào cũng nhút nhát sợ sệt. E nghĩ bản thân cần hạ thấp mong đợi người khác và mình cần làn tới nơi tới chốn quyết tâm hơn nữa",0,human_gold_round5,3,round5,normal
"em muốn hỏi trương trình ạ, em mỗi đêm ngủ ,hầu như toàn mê ngủ và ít khi đc ngủ sâu giấc ạ, em muốn đc tư vấn ạ,",0,human_gold_round5,3,round5,normal
Chừng nào mới đc thoát Ra khỏi những cái quái Này Trời Rần 9 năm Hok đủ mệt sao mà Cứ bám Vào tui hoài .,1,human_gold_round5,3,round5,depression
"E chào bác sĩ, e đi khám bác sĩ chẩn đoán e bị loạn thần kinh tự trị dạng cơ thể (f45.3), bác sĩ cho e hỏi có cách nào để hệ thần kinh e quay lại trạng thái cân bằng không ạ?, E cảm ơn, mong bác sĩ giải đáp giúp e ạ❤",0,human_gold_round5,3,round5,normal
Bổ sung hay khóc và luôn giữ kín trong lòng ko chia sẻ cho ai bất kì điều gì,1,human_gold_round5,3,round5,depression
thế hệ trước cũng tự kỉ nhiều không kém; nhưng do ít được quan tâm lên không được thống kê và chuẩn đoán,0,human_gold_round5,3,round5,normal
Chỉ sai lằm nhỏ là kết thúc hết mỏi kỉ niệm thôi❤😔,0,human_gold_round5,3,round5,normal
Muốn buông bỏ muốn lặng im cho nhẹ lòng nhưq mọi thứ tòi tệ cứ mãi dồn dập chỉ biết im lặng đón nhận tất cả,1,human_gold_round5,3,round5,depression
E năm cuối cấp 2 r . Sắp thi r e lo lắng quá cứ sợ mình ko đỗ NV1 quá ạ . 😢,0,human_gold_round5,3,round5,normal
"Bệnh tâm thần kinh khổ lắm ,phải uống thuốc hoài thôi .bs điều trị theo kiểu nuôi bệnh ,chẳng có phương pháp gì cả .phải uống thuốc hoài",0,human_gold_round5,3,round5,normal
Mknh muốn chết,1,human_gold_round5,3,round5,depression
"Tri ân thầy nhiều lắm ạ, em bị mất ngủ hơn 1 năm nay đêm nào cũng chỉ ngủ được 2-3 tiếng và thức dậy 3-4 lần ngủ dậy đầu nặng và mệt mỏi lắm. Hôm qua may mắn xem được video của thầy em bấm hơn 2 tiếng và không ăn đồ ngọt, uống ít nước theo chỉ dẫn của thầy và lên giường lúc 10 h tối. Thật không ngờ là em ngủ rất ngon từ 10 h tối đến 6 h sáng hôm nay tỉnh dậy ngừoi rất khoan khoái nhẹ nhõm. Cảm ơn thầy nhiều lắm, mong thầy ra thêm video hữu ích nữa ạ.",0,human_gold_round5,3,round5,normal
"Lời chia tay, em viết, rồi xóa, rồi viết. Em nhớ anh, nhưng buồn thật, chúng mình không thuộc về nhau nữa rồi. Em không biết cách quan tâm của anh là vậy, hay em không đủ sức nặng trong lòng anh, nhưng em thấy lạc lõng lắm, tp ah, lạc lõng và cô đơn trong chính mqh này... Có lẽ em với cao quá, huh?",0,human_gold_round5,3,round5,normal
"Em gần đây over thinking rất nặng,thiền thường xuyên nhưng việc thiền cũng không còn được tốt như trước, đọc rất nhiều sách, mắt vẫn đọc mà đầu thì lan man suy nghĩ đi đâu đâu. Cám ơn anh Trí đã đưa ra giải pháp. Biết ơn anh!",0,human_gold_round5,3,round5,normal
"Mình tự ti vì ko xinh đẹp mình ko muốn đưa ra quan điểm của mình vì mình nghĩ mình ko quan trọng, mình ko giỏi ăn nói sao cái gì mình cũng ko bằng người ta",0,human_gold_round5,3,round5,normal
Bác sĩ ông ngoại em bị tai biến nhẹ mà khó ngủ mà ngủ không được ban đêm ban đêm ông ngoại em hớt tới 10 giờ rưỡi chưa chieu đi ngủ nữa,0,human_gold_round5,3,round5,normal
"Tôi cảm thấy vô cùng sợ hãi người mẹ này, quá kính khủng",0,human_gold_round5,3,round5,normal
"1. Bạn là người theo chủ nghĩa hoàn hảo (You are a perfectionist) 2. Bạn nghiện sử dụng điện thoại (You are addicted to your phone) 3. Bạn liên tục thiếu ngủ (You are missing sleep) 4. Bạn ở mãi trong những mối quan hệ độc hại (You stay in toxic relationships) 5. Bạn không nhờ người khác giúp đỡ (You do not ask for help) 6. Bạn so sánh bản thân với người khác (You compare yourself to others) 7. Bạn tự làm khó mình (You sabotage yourself) 8. Bạn không thực hành lòng biết ơn (You do not practice gratitude) Cố gắng lên nhé mọi người! Bên cạnh sức khỏe thể chất thì sức khỏe tinh thần cũng vô cùng quan trọng đấy! Chúc mọi người luôn khỏe mạnh, sống hạnh phúc nha!",0,human_gold_round5,3,round5,normal
Luyện thuyên vô lâm cảnh sát chống gặp nguy hiểm mà khg nói để chết oan thật vô lí a Di Đà pat,0,human_gold_round5,3,round5,normal
"Có lẽ đây chính là thông điệp gửi đến bản thân của mình 😢😢 Trc kia mình đã quá ỉ lại vào năng lực học của mình mà ko bt nó chỉ là ảo tưởng,để rồi cuối cùng nhận được kết quả là vừa mất gốc lại mất thời gian.rồi dần dần cảm xúc bị dồn nén sau đó thành hối lỗi và xấu hổ với công lao của mẹ rồi nhận lại đc những thành tích kém từ con",0,human_gold_round5,3,round5,normal
"Nếu bạn sợ người khác phán xét về bạn thì hãy cố gắng giúp những người hay bị người khác trêu ghẹo hạy bị phán xét vượt qua nỗi sợ hãi của họ, nếu bạn sợ bóng tối thì hãy can đảm giúp đỡ những người sợ đi nơi hoang vắng nơi đồng không mông quạnh cùng họ vượt qua quãng đường đó, nếu bạn sợ nơi đông người thì hãy thường xuyên giúp những đứa trẻ tự tin nơi đông người vượt qua sự rụt rè để hoà nhập hay giúp đỡ những người nhút nhát tự tin hoà nhập cùng đám đông, nếu bạn sợ phải vay tiền ai đó thì hãy thường xuyên giúp đỡ những người tin cậy đang cần sự giúp đỡ về tài chính rồi sau này bạn sẽ không sợ khi đi vay tiền, nếu bạn sợ chết thì hãy luôn giúp đỡ những người bệnh tật hoặc những người ở tuổi sắp về suối tiên luôn động viên họ và giúp họ vượt qua nỗi sợ hãi của cái chết và đối mặt với cái chết bằng sự mạnh mẽ thay vì sợ hãi...vv Bạn gieo bố thí : Vô úy thí, tức là gieo nhân không sợ hãi giúp người khác thì bạn sẽ có sức mạnh vô đối, tâm luôn bình thản và an yên trước mọi hiểm nguy.",0,human_gold_round5,3,round5,normal
"Suy nghĩ tiêu cực thì cuộc sống hời hợt ,yếu kém và chắc chắn là nghèo khó ,vậy nên ai sống tich cực vui vẻ và phấn đấu vì tương lai thì đó mới là cuộc sống Nghe giọng này buồn chán lắm .",0,human_gold_round5,3,round5,normal
Cho bệnh về mất ngủ k,0,human_gold_round5,3,round5,normal
Tôi muốn hiểu và chữa lành lo âu,0,human_gold_round5,3,round5,normal
"Mẹ tôi cứ chửi tôi,doạ tôi cuối năm ko đc HS giỏi thì liệu hồn,tôi đi học trong h ko tiếp thu đc kiến thức tại vì cứ nghĩ đến câu chửi 😢",1,human_gold_round5,3,round5,depression
Em nghĩ quá trình cô đơn phần lớn bắt nguồn từ sự tự ti và em cũng đang gặp phải,0,human_gold_round5,3,round5,normal
Tôi nhớ năm lớp 10 tôi thi lại môn toán 9 năm đi học đều là học sinh khá khiến tôi bị sốc. Ba tôi là người nghiêm khắc nhưng ông ko la mắng gì hết.Thực sự cảm ơn ba sự im lặng và thấu hiểu cho ba đã giúp tôi vượt wa cú sốc ôn thi lại được 10 đ môn toán 😅,0,human_gold_round5,3,round5,normal
Buồn nào rồi cũng sẽ qua Chỉ có buồn ngủ không tha ngày nào,0,human_gold_round5,3,round5,normal
"Lúc rơi vào trạng thái tột cùng của sự tuyệt vọng, được biết đến thầy Minh Niệm, nghe và học thầy giảng thật sự là điều tuyệt vời nhất, cuộc sống của con bây giờ là sự biết ơn mỗi giây mỗi phút thở, biết yêu thương bản thân và gia đình hơn <3 Nhận ra là khi mình có thứ mình muốn mà mình tưởng rằng khi có mình sẽ hạnh phúc thì thật ra chỉ là hạnh phúc tạm bợ, hạnh phúc thật sự là ngay hiện tại mình được sống <3 cảm ơn Vietcetera nhiềuu",0,human_gold_round5,3,round5,normal
"mình bị hôi láck cực kì tự ti luôn ý, truyền từ gđ xong bị trêu lướt tt mấy ac làm vd joker về hôi láck lại càng tự ti hơn<<",0,human_gold_round5,3,round5,normal
"tôi buồn lắm, tôi có gia đình nhưng ko ai bên cạnh khi tôi bệnh",1,human_gold_round5,3,round5,depression
"Chị ơii, e mong có thể nhận đc sự phản hồi từ chj ạ!🎉 Vid của chj làm e phải xem lại cách e học tập gần đây, e cảm thấy bản thân ko hề có hứng muốn làm vc bất cứ vc gì, sau h học cái khoảng thời gian đáng lẽ là dành cho vc học thì e lại lãng phí nó vào nh cái vc làm mà e bt là nó ko hề tốt, nh kể cả xem nh vid như của chj hay nh vid truyền động lực thì e vẫn thế, nó cứ lặp đi lặp lại e cx muốn cải thiện mọi thứ nh mà...e cx mong là có thể nhận đc những lời khuyên từ những anh chị đi trc cx như từ chủ nhân của vid(chị) e cx là một học sinh gần cuối cấp r, lo lắm!❤",0,human_gold_round5,3,round5,normal
"Đang bị rối loạn lo âu, may xem kênh của bác sỹ thấy bật cười, dễ thương quá, đỡ lo âu ❤❤❤",0,human_gold_round5,3,round5,normal
Ad lm podcast về tự tin đc ko ạ,0,human_gold_round5,3,round5,normal
"Nói thiệt từ hòi lớp 4 tới giờ tôi bị chửi miết nguyên nhà tôi cũng i chan vậy chửi ít thì không nói chửi nhiều ko à mà lúc nói đừng chửi thì nói mầy có nhớ ko , biết ko , rứt kinh nghiệm ko những lời đó nghe như CHOTAPVAOTAY",0,human_gold_round5,3,round5,normal
Rất stress và căng thẳng nx cám ơn bác sĩ 😢,1,human_gold_round5,3,round5,depression
"Mình đang là sinh viên năm 4, hết hè này là sinh viên năm 5 rồi. Hè năm nay của mình là đi học, nhưng trước khi được đi học môn vào hè thì phải hoàn thành các môn của năm 4 này đã. Đam mê, ước mơ của mình chính là vẽ, sau khi vào thiết kế đồ họa, sau 4 năm học mình đã không còn cái gọi là đam mê về vẽ nữa vì áp lực trong từng môn học. 1 ngày của mình chính là vẽ từ năm này qua năm khác, mình luôn cố gắng nỗ lực nhưng gia đình mình chưa bao giờ công nhận sự nỗ lực ấy của mình. Dạo này môn học càng ngày càng nặng, càng khó hơn khiến mình stress, áp lực chồng chất áp lực. Đêm nào mình cũng tự bật khóc, không hiểu sao nước mắt cứ rơi mãi. Nhưng mà mình biết rằng , bản thân không cố gắng thì sẽ không thành công. Vì mình đã bước gần xong con đường ấy rồi, nên mình không buông bỏ nó dù áp lực thế nào. Vì mình biết. Cũng có 1 người ở sau hỗ trợ bạn. Chúc các bạn sau này học đại học sẽ không áp lực nhé, cố gắng lên các sĩ tử ❤",0,human_gold_round5,3,round5,normal
"Tệ thật, hình như điều đó xảy ra rồi-lần đâu tớ phát hiện ra mih ko hề có tài năng. Tớ nỗ lực ảo, tớ dốt thật, cám dỗ ngoài kia ngọt ngào quá, tớ chịu rồi. Vùng vẫy nơi đại dương đen này khó quá.😿",1,human_gold_round5,3,round5,depression
Khóc và mình đã khóc rất nhiều...nổi đau mà anh đã gieo rắc cho mình..tại sao anh k bao giờ phủ nhận cái sai của mình mà anh đã gieo cho vk chứ,0,human_gold_round5,3,round5,normal
Chị ngân ơi cố lên gì nỗi bất lực nhưng là thử thách😊😊😊😊,0,human_gold_round5,3,round5,normal
Những kháng cự: - Không chống lại được cơn buồn ngủ lúc sáng sớm và dẫn đến kế hoạch đổ vỡ - Đã trễ so với thời gian dự định nên để mai làm - Lướt video ngắn không dứt ra được - chỉ cần thất bại 1 lần trong ngày là từ bỏ không làm các việc khác của ngày đó,0,human_gold_round5,3,round5,normal
"Em là con gái. Em đã rất ghét vóc dáng của mình. Ngày ngày em cố gắng tập luyện để có vóc dáng đẹp hơn. Đã 5 năm rồi. Có cải thiện rõ rệt nhưng em vẫn chưa tự tin. Em lấy hình ảnh trên mạng làm tiêu chuẩn về vóc dáng cho bản thân. Đã có 1 số ng khen em đẹp nhưng em vẫn thấy mình k đẹp. Em ước gì mình nói ít lại vì nói nhiều chẳng hay ho gì cả. Nhưng khi em ngẫm lại thì thực ra mình cũng k phải ng nhiều chuyện tọc mạch gì chỉ là nói chuyện chưa có duyên lắm. Lúc tiêu cực em trở nên hành xử bốc đồng. Còn bình thường em cũng khá hiền làm việc k giỏi lắm nhưng cũng đủ xài. Em năm nay 25 tuổi. Ghét chính mình của năm 18 tuổi. Chỉ nói chuyện với 1 ít người bạn còn ở trong đám đông k dám nói vì sợ mình nói chuyện vô duyên. Có ng khen em dễ thương nhưng em k tin là mình dễ thương Em rất hay chì chiết bản thân mỗi khi làm sai, thậm chí tự tát mình. Lúc nhỏ mỗi khi làm sai em thường bị đánh mắng rất gay gắt. Đi học thì bị bắt nạt. Trong tiềm thức em tin rằng mình là 1 con bé xui xẻo. Dưới em còn có 5 đứa em. Em thấy những người anh người chị ngoài kia thật giỏi giang. Em luôn thấy mình k đủ tốt",1,human_gold_round5,3,round5,depression
"Người mẹ trong video có cách dạy con cái sai cách, không hiểu cảm xúc của con, coi con như là ""osin"" chính hiệu, thậm chí còn dửng dưng ngay cả lúc con đang ấm ức, buồn bã. Chúng ta nếu muốn dạy con theo cách tốt và hiện đại nhất, thì việc đầu tiên là cần hiểu con, hiểu bản chất con như thế nào và cùng con cố gắng, chứ không phải là bằng đòn roi hay quát mắng. Trẻ sẽ càng khó khăn hơn trong cuộc sống, đặc biệt là mối quan hệ với cha mẹ, chúng gây ảnh hưởng nặng nề tiêu cực đến tinh thần trẻ nhỏ, mong rằng các bậc phụ huynh có thể chú ý đến con nhiều hơn để không tạo ra những vấn đề mặc cảm trong tương lai của con trẻ",0,human_gold_round5,3,round5,normal
"Sau khi xem xong video Tôi có một thắc mắc là cứ làm đi là làm gì Sau một hồi suy nghĩ Tôi mới nhận ra rằng cứ làm đi Là làm những công việc hiện tại Là sống trọn mọi khoảnh khắc Là chuyện gì đến thì mình chỉ biết là nó đang đến Mỉm cười đón nhận Nhìn nhận sự việc như thể nó đang là Không suy nghĩ không gắn mác gì cho nó Khi đó tôi thấy mọi việc nó nhẹ nhàng hơn Dù có đôi lúc Sự việc không như ý Vẫn khiến tôi phải suy nghĩ và chìm vào vòng lặp Những lúc đó tôi chỉ tự nhủ là :"" hãy nhìn sự việc như thể nó đang là thế thôi'. Lúc đấy cũng chưa thể nguôi cảm xúc trong tôi Nhưng dần dần nó đã khiến tôi thay đổi suy nghĩ Dần chấp nhận sự việc hơn Và mỗi lần xem được video trên kênh Lại giúp tôi có niềm tin vào bản thân rằng MÌNH ĐANG ĐI ĐÚNG ĐƯỜNG cảm ơn những chia sẻ hữu ích của kênh Mong kênh ngày càng phát triển hơn",0,human_gold_round5,3,round5,normal
"1. Em đang trì hoãn việc ôn tập:)))) 2. Em không dùng bất cứ biện pháp nào vì em cảm thấy nó vô dụng đối với em. Em cứ cảm thấy bộ não em vận hành lúc nguy cấp í và thông tin lưu trữ vào não bộ luôn là trí nhớ tạm thời. Nhưng em thấy em vẫn ổn vì điều đó:>>> 3. Kết quả là không quá hiệu quả và điểm số luôn ở 1 mực ổn định, không đột phá. Đôi lúc em sai lỗ chỗ 1 cách ngớ ngẩn và không lường trước được.",0,human_gold_round5,3,round5,normal
Người thất tình sao bẳng buồn tình...chung tình rồi đa tình nghĩ đến si tình rồi đường tình a chịu....🤌,0,human_gold_round5,3,round5,normal
"4 cách thoát khỏi sự lo lắng: + Bớt mong cầu và bớt tránh né + Có kinh nghiệm đối ứng và phải có trải nghiệm + Tự tin hoặc phải có sức chịu đựng + Hài lòng với những gì mình đang có Giải quyết mọi vấn đề trong tỉnh thức Phải "" thiền""",0,human_gold_round5,3,round5,normal
Bạn khóc khi bạn 59 tuổi còn tôi khóc khi tôi đã 62 tuổi mà đứa cháu tôi cũng đang bị cô đơn vì không có có cha và đang ở với Bà ngoại nuôi và tôi đã khóc cho cuộc đời của tôi nữa rất bất Hạnh,1,human_gold_round5,3,round5,depression
"Nghe xong xúc động quá mình nhìn thấy mình ở trong đó,thất bại nó chỉ là bước đệm đến thành công,nhưng quan trọng là đứng lên từ thật bại như thế nào,đôi lúc nản và thất vọng nhưng chỉ cần cta không ngừng nỗ lực thì sẽ một ngày ta sẽ thành công",0,human_gold_round5,3,round5,normal
"Thực ra vào khoảnh khắc Remidius chết, Orelianno oán hận cuộc sống và chịu đựng nỗi cô đơn đậm đặc hơn thì đó chính là lúc quyết định anh ta có thể vượt qua đc mấy chục năm cô đơn hay không. Và anh ta đã chọn cách phá vỡ sự cô đơn 1 cách nhanh chóng bằng cách dựa dẫm vào thiên thời, thời cuộc. Những thành tựu khách quan huy hoàng chưa chắc tạo nên 1 kết quả thực tế thật huy hoàng. Một con đường huy hoàng chưa chắc dẫn đến 1 đích đến thật sự huy hoàng, đó là chưa kể con đường đó đầy gai độc",0,human_gold_round5,3,round5,normal
"Cảm ơn a Trí rất nhiều! E năm nay 21 tuổi cảm thấy đang khủng hoảng chênh vênh trước áp lực về việc làm, tài chính, nhờ có anh đã truyền cho em động lực để phấn đấu hơn trong cs khắc nghiệt này!",0,human_gold_round5,3,round5,normal
Stress nhẹ 🖐,0,human_gold_round5,3,round5,normal
Stress nhẹ 😅,0,human_gold_round5,3,round5,normal
Tôi chỉ bị một nửa,0,human_gold_round5,3,round5,normal
"tớ ko biết nx, chỉ mệt hoiiii",0,human_gold_round5,3,round5,normal
"Hỡi người yêu, trái tim anh ngày đêm nhớ nàng Cách mặt nhau nhớ em trong lòng tê tái Phút gần nhau em đẹp sao đôi môi em cười Làn mi em cong, mắt em buồn xa xăm. Biết làm sao, vắng em anh buồn anh thất tình Nói gì đây, phút giây ai ngờ xa cách Nhớ về em, bao ngày qua, nghe sao nặng tình Đời vắng em yêu âu sầu một mình anh.",0,human_gold_round5,3,round5,normal
Đó không gọi là giúp cho con . Đó là sự sĩ diện quá lớn và tạo ra áp lực vô hình đè nặng cho con,0,human_gold_round5,3,round5,normal
Buồn là 1 sự chiêm nghiệm tốt. Nếu đã tiêu hoá đc nỗi buồn đc vài lần đôi khi sẽ nghiện.,0,human_gold_round5,3,round5,normal
"Cảm ơn video rất sâu sắc của anh. Đúng lúc em đang thấy khá tồi tệ về bản thân mình không đạt được những kì vọng của bản thân, mất động lực và cạn kiệt năng lượng để đi tiếp. Video của a đã giúp em hiểu đc vấn đề của bản thân mình đang mắc phải và tìm ra giải pháp. I'm very appreciate your video ❤️❤️",0,human_gold_round5,3,round5,normal
Áp lực học tập - Tập 18,0,human_gold_round5,3,round5,normal
"Vâng, tui đã khóc một mình trong 10 năm 😞😞😞",1,human_gold_round5,3,round5,depression
Cảm ơn Bắc sĩ tôi năm nay sáu mươi lăm tuổi đau đầu mất ngủ bốn mươi lăm năm nay rồi bác sĩ ạ,0,human_gold_round5,3,round5,normal
thất học thất tình thất bại,0,human_gold_round5,3,round5,normal
Tôi cũng bị rồi vì gia đình của tôi quá cổ hủ và thiên vị,0,human_gold_round5,3,round5,normal
"Tôi chỉ áp lực làm việc nhà giúp mẹ tôi,tôi mệt lúc đó tôi ko dọn nhà dc mẹ tôi bảo mẹ đi làm từ sáng đến 8h30 buổi tối mẹ chỉ muốn về nhà dc thấy nhà sạch sẽ lúc đó tôi chỉ muốn nói là sao mẹ không nói a chị dọn nhà đi a chị chỉ a thì xem tv, chs game,chị thì chs vs bn bè😔😔😔😣😣😣😞😞😞😖😖😖",0,human_gold_round5,3,round5,normal
"độc thân chỉ cô đơn 1 phần , lập gd rồi vừa cô đơn gấp 8 lần lại thêm căng thẳng mệt mõi, có con thì tăng thêm 16 lần và ko còn con đường nào giải thoát",1,human_gold_round5,3,round5,depression
"Cuộc sống mình đầy đủ, ba mẹ vẫn còn, không gây áp lực gì cho mình. Công việc ổn định, lương cao. Gần như mình không có áp lực, nhưng cứ mãi nghĩ tới việc kết thúc cuộc sống nhỉ? Cũng may mình nhát, nên vẫn còn tồn tại đến bây giờ.",1,human_gold_round5,3,round5,depression
"Thật may vì ngay đầu giờ sáng tìm được video của chị. Chia sẻ thêm 1 chút là đợt này em cũng rơi vào tình trạng không có nhiều động lực để làm việc cộng với việc suy nghĩ không tập trung, nảy số liên tục mà toàn vào vấn đề linh tinh nên đầu óc cứ như ở đâu chứ không phải của mình =)) Xem xong vid của chị thấy bản thân cần bình tâm hơn và có thêm được vài cách để có động lực cho những ngày tới. Cảm ơn chị Giang ạ. Tiếp tụp ngóng những vid, raido, tất cả của c Giang chia sẻ trong hành trình bước vào thế giới người lớn ạ <3",0,human_gold_round5,3,round5,normal
"Mỗi ngày lễ thì tưởng được nghỉ ngơi, nhưng lại được giao rất nhiều bài tập. Cuối tuần cũng đầy bài. Trẻ em thích nhất là không phải đi học. Lúc nào cũng đầy áp lực học tập, nghỉ và giải trí một lúc thì bố mẹ lại bảo lười học nhưng tâm trạng lúc nào cũng buồn. Bảo bố mẹ thì bố mẹ bảo:"" Tao cũng từng đi học chứ riêng gì mày , làm như khổ lắm không bằng"".Nghỉ ốm xong lại chép đầy bài hôm nghỉ.",0,human_gold_round5,3,round5,normal
"Nước mắt con rơi buồn vui bắt đầu, aaaaaa hahah Chúc mừng bố mẹ mất con rồi, nên vui hay nên buồn đây bố mẹ con mệt lắm rồi",1,human_gold_round5,3,round5,depression
Thắc mắc la thất tình sao nó vùi ôi dối ôi. 😅😅😅😅,0,human_gold_round5,3,round5,normal
cái video này làm ngu vậy lúc làm video không biết nghĩ gì à hay là không thử tìm hiểu mấy bài về test trầm cảm có bài tết trầm cảm sử dụng phổ biến nhất PHQ-9 đấy không xem thử bao giờ à làm đã thấy ngu rồi không có kiến thức thì đừng có đi làm video về kiểu liên quan đến y học làm xong mà người ta vô tình lướt vào người ta chỉ thấy nực cười đây Nói thẳng luôn nhá Mấy cái mà vừa đưa ra ấy cái đấy nhá người bình thường ai cũng dính vào chứ chả phải dấu hiệu của bệnh trầm cảm gì có bao nhiêu cái bài viết nói đúng về trầm cảm hay là phân tích về bệnh trầm cảm thì đất đỏ Cứ nhắm mắt nhắm mắt mở làm ngu không tả nổi,0,human_gold_round5,3,round5,normal
tui ko phải nguyên cô đơn mà còn tử kỉ nữa,0,human_gold_round5,3,round5,normal
"27/4- 17/7 chúng mình kết thúc rồi, mình đau lòng và khóc nhiều rồi, th phải move on và năng lượng lại nào. Cố lên nào❤",0,human_gold_round5,3,round5,normal
"Em mới dùng capcut mà em thấy stress quá nên thử luôn, em cảm thấy nó đang di chuyển nhẹ nhành",0,human_gold_round5,3,round5,normal
Bất lực thật à nkenn chã đùa ahôôôôô. 😂😂😂😂.,0,human_gold_round5,3,round5,normal
Nhìn chị ấy giống em em cũng như vậy mẹ bảo là mẹ thực sự hiểu em nhưng em cảm thấy mẹ ko hề hiểu mình một tý nào nhiều lúc em còn khóc trong căn nhà của mình mẹ hứa từ hồi đầu nghỉ hè mỗi tuần mẹ sẽ cho các con đi chơi nhưng từ lúc đầu kì kỉ hè đế bây h em được đi đúng 1 lần,0,human_gold_round5,3,round5,normal
"Càng già rồi càng k muốn sống làm hài lòng ng khác, càng k muốn phải nghe những lời k muốn nghe. Mẹ mình cả đời tự ti nên lúc nào cũng muốn phải hoàn hảo, và con cái đều phải hoàn hảo. Về nhà k làm mình cảm thấy bình yên, chỉ cảm thấy stress, ngột ngạt. Nghĩ đến những kì nghỉ chung, đã thấy nản. Nên giờ mình k đi chung nữa. Cha mẹ quá nghiêm khắc tạo ra những đứa con tự ti, nghĩ mình k bao giờ đủ tốt. Những ng tinh ý, chỉ cần 5' là có thể nhìn ra đc sự đánh giá quá nghiêm khắc mình dành cho bản thân.",0,human_gold_round5,3,round5,normal
"Anh lên làm móng tay cả chân,chị ngân bất lực luôn 😂",0,human_gold_round5,3,round5,normal
"Người như mình thì lấy gì ra để tự tin? Gia đình không trọn vẹn, nhà không có điều kiện, bản thân không giỏi giang, mặt không dễ nhìn, cơ thể không đẹp, học vấn không cao...cố gắng bao lâu cũng chẳng bằng người khác, nhìn quanh thấy ai cũng hơn mình 😄",1,human_gold_round5,3,round5,depression
Tui khóc suốt 1 tiếng đồng hồ giờ mợt quá bà ad ơi,0,human_gold_round5,3,round5,normal
mình hiếm khi ra ngoài đường ngoại trừ đi học vì sợ mọi người nhìn mình rồi nghĩ lung tung nữa từ những việc nhỏ nhất như tính tiền mình cũng phải rung cả chân tay .,0,human_gold_round5,3,round5,normal
"chua có ai đặt vào hoàn cảnh của mình họ chỉ nói về bè ngoài và những thứ họ thấy và những ng khác nói. họ kh bt mình đã tan nadt như nào khi những ng khác và gdinh nói về mình. đau lắm buon lắm nma kh bic tsu với gdinh như nào khi họ chẳng muốn nghe , khinh ! kh tôn trọng mình ! tan nát cõi lòng.😓",1,human_gold_round5,3,round5,depression
cảm ơn a về cách để vượt qua vấn đề dễ mất động lực nhất là cái số 5,0,human_gold_round5,3,round5,normal
"Thiếu M.T .. buồn , nhớ",0,human_gold_round5,3,round5,normal
sợ ảnh ✖ sợ nhạc ✔,0,human_gold_round5,3,round5,normal
Vọng cổ yukichinghe trầm ấm quá❤😊🥰,0,human_gold_round5,3,round5,normal
"Bố mẹ quá khắt khe với tôi hồi bé , đó là một kỉ niệm buồn",0,human_gold_round5,3,round5,normal
Người trút những hờn ghen Ngoài trời mưa gió vô tình Mình tôi lặng im chờ mong Và nghe hạt mưa tình ái vỡ tan rồi Giờ đã bạc tóc vậy mà sao vẫn u hoài Đùa vui với yêu dấu không dứt Mang những cay đắng chất chứa trong lòng Tiếc nuối chi và đừng khóc Vì người yêu đã theo chồng Dù cho tình ta ngày xưa Đẹp như bình minh giờ đã bóng lưng chiều Nhìn ngắm những đợt sét Ngoài trời mưa vẫn vô tình Chờ mong bóng em khuất trong gió Ta sẽ đi rất xa để quên hết Hãy yên tâm nàng cứ bình yên bên người Ta giờ không cần ai trong đời Dù trời mưa mang cô đơn và ta sẽ không còn lạnh nữa Hãy yên tâm nàng cứ bình yên bên người Ta giờ không cần ai trong đời Dù trời mưa mang cô đơn ta vẫn yên vui trong cuộc đời.,0,human_gold_round5,3,round5,normal
Người trút những hờn ghen Ngoài trời mưa gió vô tình Mình tôi lặng im chờ mong Và nghe hạt mưa tình ái vỡ tan rồi Giờ đã bạc tóc vậy mà sao vẫn u hoài Đùa vui với yêu dấu không dứt Mang những cay đắng chất chứa trong lòng Tiếc nuối chi và đừng khóc Vì người yêu đã theo chồng Dù cho tình ta ngày xưa Đẹp như bình minh giờ đã bóng lưng chiều Nhìn ngắm những đợt sét Ngoài trời mưa vẫn vô tình Chờ mong bóng em khuất trong gió Ta sẽ đi rất xa để quên hết Hãy yên tâm nàng cứ bình yên bên người Ta giờ không cần ai trong đời Dù trời mưa mang cô đơn và ta sẽ không còn lạnh nữa Hãy yên tâm nàng cứ bình yên bên người Ta giờ không cần ai trong đời Dù trời mưa mang cô đơn ta vẫn yên vui trong cuộc đời Tiếc nuối chi và đừng khóc Vì người yêu đã theo chồng Dù cho tình ta ngày xưa Đẹp như bình minh giờ đã bóng lưng chiều Nhìn ngắm những đợt sét Ngoài trời mưa vẫn vô tình Chờ mong bóng em khuất trong gió Ta sẽ đi rất xa để quên hết Hãy yên tâm nàng cứ bình yên bên người Ta giờ không cần ai trong đời Dù trời mưa mang cô đơn và ta sẽ không còn lạnh nữa Hãy yên tâm nàng cứ bình yên bên người Ta giờ không cần ai trong đời Dù trời mưa mang cô đơn ta vẫn yên vui trong cuộc đời Cất tiếng khóc để giá buốt bớt đau trong tim Anh yêu em như gió mưa đêm nay Nếu biết trước có những nỗi cô đơn Trách nhau chi người yêu hỡi Hãy yên tâm nàng cứ bình yên bên người Ta giờ không cần ai trong đời Dù trời mưa mang cô đơn ta vẫn yên vui trong cuộc đời Hãy yên tâm nàng cứ bình yên bên người Ta giờ không cần ai trong đời Dù trời mưa mang cô đơn và ta sẽ không còn lạnh nữa Hãy yên tâm nàng cứ bình yên bên người Ta giờ không cần ai trong đời Dù trời mưa mang cô đơn ta vẫn yên vui trong cuộc đời,0,human_gold_round5,3,round5,normal
Áp lực của tôi là phải học giỏi,0,human_gold_round5,3,round5,normal
"cám ơn Khánh Vy nhiều lắm, bạn tạo động lực rất lớn cho mình. Bất cứ khi nào mình cảm thấy bế tắc, trì trệ, hoặc chán nản, bạn là nguồn năng lượng mình nghĩ đến",0,human_gold_round5,3,round5,normal
Việc đầu tiên khi mình ra trường: tham vấn tâm lý,0,human_gold_round5,3,round5,normal
"nghe mà cảm động , không cầm đc nước mắt,,những người nghèo.mới thấu hiểu tận cùng của sự tủi thân, những nhà giầu không bao giờ thấu hiểu nỗi đau này được 😂😂😂",0,human_gold_round5,3,round5,normal
Giờ mik hiểu tại sao mik bị bố đánh rồi 😊💤 Ngày bé bố mik cũng bị chính ông nội đánh đến nỗi thành sẹo😊🖤,0,human_gold_round5,3,round5,normal
"Đó bạn biết tại sao?. Tại vì tham vọng mà năng lực không có thì ảo tưởng. THam vọng mà có năng lực thì mới ra kết quả. Vấn đề là động lực bên trong bạn đủ mạnh thì sẽ không do dự, không trì hoãn và không sợ hãi",0,human_gold_round5,3,round5,normal
"Tôi ở Bắc Ninh bệnh 6 năm, trưa tối ko ngủ mắt cay sè được dù cả nhà đã say giấc, đầu óc quay cuồng lo nghĩ, sáng ra mệt mỏi không tập trung làm việc ..chữa các BV lớn lại càng nặng thêm, may được bạn chỉ Bs ở SG, uống sau 1 tháng thuốc đông y thì hết bệnh và khỏe hẳn yêu đời làm việc hiệu quả. Ai đang mất ngủ gọi Bs này uống nhanh hết số đt: ko chín ko một bốn chín chín một bảy chín.. Chỉ nhiều người đều khỏe.",0,human_gold_round5,3,round5,normal
Tôi đã suýt chết và bây giờ vẫn vậy,1,human_gold_round5,3,round5,depression
"Hồi lúc bé, tôi có ước mơ là muốn trở thành 1 nhà khoa học, người có thể tạo ra những máy móc tiên tiến, những thiết bị thú vị. Nhưng rùi, càng lớn thì bản thân lại càng thấy ước mơ đó quá xa vời, dường như ko thứ j đúng như mong muốn. Tuyệt vọng, bất lực, bế tắc, chuyện nhỏ mình làm còn chưa xong thì huống chi đến những thứ xa xôi. Nếu có ai hỏi tôi bây giờ có ước mơ ko, thì câu trả lời là có. Còn nếu ước mơ đó là gì, thì đó là hạnh phúc. Trãi qua 1 khoảng thời gian, tôi ko nói bản thân là người khổ nhất hay j, nhưng phần lớn cảm xúc mà tôi cảm nhận từ trc đến giờ thì chỉ có đau buồn và thất vọng. Vậy nên bây giờ tôi chỉ muốn bản thân đc hạnh phục, muốn trở thành 1 người bảo vệ những j mình yếu quý, muốn trở thành 1 người đáng tin cậy. Muốn bảo vệ và mang hạnh phục đến người mình thân yêu",0,human_gold_round5,3,round5,normal
"Anh nêu các dấu hiệu đến đâu thì em thấy quá khứ mình đến đó. Em đã từng căm ghét bản thân theo đủ tất cả các kiểu mà anh nói Hiện tại thì em đã chấp nhận bản thân mình hơn nhiều nhưng em tự nhận thấy mình vẫn chưa thật sự yêu quý bản thân mình lắm Những chia sẻ của anh không phải là giải pháp nhưng đó là thứ giúp cho em có thể nhìn nhận lại bản thân mình rõ ràng hơn Hiện em đang cố gắng để yêu bản thân mình nhiều hơn bằng cách chú ý, quan tâm và chăm lo cho nó tốt hơn Em luôn tự nhìn nhận lại bản thân mình ngày xưa và bây giờ để luôn tôn trọng và thấu hiều chính mình",0,human_gold_round5,3,round5,normal
"Những lúc mình mệt mỏi hoặc không thiết tha gì với cuộc sống này nữa, thay vì mình tự dành vặt bản thân thì mình tìm đến ""Vì sao thế nhỉ"" để nghe những lời nói chữa lành để mình cảm giác yêu đời hơn♥Nên mong ""Vì sao thế nhỉ"" ra nhiều video chữa lành nữa nha♥",0,human_gold_round5,3,round5,normal
"mình sợ k gian hẹp , cảm giác xem thôi cũng khó thở",0,human_gold_round5,3,round5,normal
Mình nói thì thấy giọng hơi trầm còn khi ghi âm ko hiểu sao mà giọng cứ dẹo dẹo thế nào lúc ấy cảm thấy ảo thật = ))),0,human_gold_round5,3,round5,normal
“ chơi vơi đứng giữa cuộc đời Cô đơn không muốn về nhà” Đúng tâm trạng m :((,1,human_gold_round5,3,round5,depression
"T khổ như bạn ko thoát ra đc , cũng k biết cầu cứu ai",1,human_gold_round5,3,round5,depression
"10h00 ngày 25/01/2025 nhầm 26 tháng chạp. Cuộc đời dính vào cờ bạc hơn 4 năm hơn 10tỉ,,không lối thoát,k biết quay đầu. gần tết lại dính vào hơn 1 tỉ. cuộc sống thật khổ khi dính vao cbm. cố gắng kết thúc",1,human_gold_round5,3,round5,depression
"Mình thì chỉ muốn có sức khỏe để đi làm, sống bằng đồng tiền mình kiếm được, không dựa vào ai, không để ai định nghĩa mình nhưng mình lại không có sức khỏe, hầu hết mọi người nghĩ mình như Matsuko nhưng mình không hiểu được nhân vật này và sẽ không bao giờ hiểu được vì mình muốn được độc lập, mình yêu bản thân mình mà không cần ước, không cần muốn",0,human_gold_round5,3,round5,normal
"4:35 Hiện tại em đang bị so sánh mình với bạn bè của mình, nó đang ngày càng lớn hơn",0,human_gold_round5,3,round5,normal
T ghét gđ tôi...họ đã lm tôi tan nát. Họ đã dập tắt ước mơ và hy vọng của tôi...,1,human_gold_round5,3,round5,depression
Tôi đã bị hành hạ mỗi ngày ba mẹ tôi rất độc ác lúc nào cũng ép tôi học không có một ngày nghỉ😢😢😢,1,human_gold_round5,3,round5,depression
"Chỉ có tu đạo Phật theo mới giúp con người ta giải quết mọi vấn đề khi chúng ta đau khổ nhất là trong tình yêu. Khi yêu lúc đó là một màu hồng, cái gì cũng tốt, cái gì cũng đẹp và chúng ta tưởng tượng ra một thế giới riêng cho mình đẹp lung linh như trong chuyện cổ tích. Đến khi ko đc như ý thì chúng ta sụp đổ, thật là khổ lại càng thêm khổ. Do bị nghiệp ngăn che nên chúng ta ko thoát ra được, thật may sao trên thế gian này lại có Cô Yến xuất hiện, Cô như một vị cứu tinh giúp chúng ta thoát ra cái ý nghĩ u mê đó. Cô đã giúp bao nhiêu người từ nhỏ tuổi đến lớn tuổi, ko cái gì Cô ko tư duy được bằng trí tuệ của Phật Pháp, và mọi người đều thành công một cách hoàn mãn. Em xin tri ân công Đức của Cô ạ.",0,human_gold_round5,3,round5,normal
Mỗi khi có áp lực thì tôi thường nghe nhạc,0,human_gold_round5,3,round5,normal
Nhờ chị mà em thấy mình còn tâm thần chán,0,human_gold_round5,3,round5,normal
"thật khốn khổ cho dân vn, kỷ nguyên khó thở như trong nồi áp suất, còn đồng bào chịu đc ko thì kệ mọe đb",0,human_gold_round5,3,round5,normal
Nam mô a di đa phât,0,human_gold_round5,3,round5,normal
Ok oem nghỉ đi oem nhớ Cô bị cô vts 17 rồi Ko cần sức khỏe đâu oem nhớ❤❤❤,0,human_gold_round5,3,round5,normal
"Hôm nay ngày 24/5/2025 mình đã vấp ngã và thất bại. Mình đã bị lừa đảo mất hơn 40 chục triệu, tụi luật sư nói với mình sẽ giúp mình lấy lại số tiền treo, mình đã chuyển cho tụi luật sư lừa đảo 10 triệu nữa. Đã đau rồi lại thêm nỗi đau. Bây giờ mình ôm cục nợ vay mượn người thân bạn bè mấy chục triệu, bây giờ phải đứng lên bản lĩnh mạnh mẽ trả nợ, sống không mạng xã hội, bắt đầu lại từ đầu tất cả, xây dựng hoàn thiện phát triển bản thân, thay đổi tư duy, vui vẻ và lạc quan…",0,human_gold_round5,3,round5,normal
Đúng vậy khi bệnh mình ko mún làm gì cả,0,human_gold_round5,3,round5,normal
Mình đang bị rất nạn hãy cứu lấy mình với,1,human_gold_round5,3,round5,depression
Mệt thật đấy . Nhưng..... Cuộc đời vốn đã bất công như vậy?,0,human_gold_round5,3,round5,normal
"Bài học rút ra: 1. Chịu trách nhiệm với những sự lựa chọn của bản thân mình, không đỗ lỗi cho hoàn cảnh, người khác. 2. Đối mặt với những suy nghĩ tiêu cực, chấp nhận nó, nói chuyện với nó và để cho nó ra đi. 3. Hiểu được mỗi hành động sự việc bản thân mình làm điều có sự đánh đổi tương xứng có thể là tiền bạc, sức khỏe, thời gian, mối quan hệ. 4. Đừng suy nghĩ mình là nạn nhân trong mọi vấn đề khi xảy ra đối với bản thân mình vì đó là sự lựa chọn từ trước của bạn. 5. Tập nói chuyện với chính mình nhiều hơn, trung thực với chính mình, nhìn nhận mình là con người như thế nào từ đó mình với có thể thay đổi được bản thân mình. Em cám ơn chị Nhi!",0,human_gold_round5,3,round5,normal
Mình bị tình trạng cọc cằn với gia đình dù cho bố mẹ nói chuyện bình thường...,0,human_gold_round5,3,round5,normal
"mình cũng từng có cảm giác ganh tỵ với ông bạn mình ông ấy giỏi hơn mình rất nhiều, đã rất nhiều lần mình tự hỏi là tại sao nó lại học giỏi hơn mình. Nhưng vì sự chân thành của nó, nó không hề coi thường mình nó luôn ở bên mình mà mình đã nhìn lại bản thân. Một phần là vì mình sợ bị coi thường, không dám hỏi điều mình không hiểu, một phần là do mình lười học, lười suy nghĩ nên ko giỏi được như nó. Vì vậy mà 2 đứa tụi mình thành bạn thân với nhau, đôi khi mình nghĩ rằng chỉ cần chân thành, không coi thường người khác thì mình có thể cảm hóa đc người khác. Nhờ ổng mà mình bỏ được thói ghen ghét của bản thân.",0,human_gold_round5,3,round5,normal
Con đang buồn lắm thầy ơi 😢😭,0,human_gold_round5,3,round5,normal
Con yêu thầy😍😍😍😍 Mong thầy đừng đóng web Web5ngay đã giúp con thoát khỏi cuộc sống khắc khoải đau khổ Giúp con phát triển bản thân,0,human_gold_round5,3,round5,normal
"cuộc đời đôi khi không bao giờ như ta muốn...yêu nhau 7 năm tôi từng bảo vs cả cuộc đời là cô ấy là tất cả đối vs tôi...ấy mà đời k như mình muốn..,cùng vượt qa 7 năm khó khăn,mỗi lần gặp nhau là khó khăn...ấy thế tôi và cô ấy vẫn cùng đi qa bao khó khăn bao khổ nhọc..là ng lính sự mòn mõi đợi chờ ngày về phép còn hơn chờ đợi ngày về...tôi về phép chỉ nghĩ đến e và gia đình,cứ nghĩ rằng tôi và em đã cùng sánb bước trên thãm đỏ va cũng chứng tỏ tình yêu của tôi và em..,nhưng mà vì ai hay vì bản thân và hoàn cảnh gia đình mà em ném bỏ cả cái cuộc tình 7 năm vì aiiii ? bây giờ ngẫm lại tui vẫn nhớ in từ khoảnh khắc của e và tôi...có lần tôi nhớ đến phát hoảng tôi phải xách xe chạy từ gò vấp ra tới Q8 chỉ để đc nhìn thấy e phía sau cánh cửa dáng ng thấp bé mặt xinh vs mái tóc cắt ngắn ngang vai nụ cười đầy sức sống....cứ nghĩ đó mãi là của tôi nhưng nhưng hừm chỉ là tôi muốn thôi - Từng là tất cả... Thái Hoàng Vân",0,human_gold_round5,3,round5,normal
"Bs ơi tư vấn giúp em với Năm nay em 63 tuổi em khó ngủ ko đi vào giấc ngủ và ko buồn ngủ ,em mất ngủ 15 năm rồi xin bs tư vấn giúp ,em xin chân thành cảm ơn bs",0,human_gold_round5,3,round5,normal
E thì có chứng kiến ông và bà mình mất lên e cứ lo âu về truyện qua đời mn có cách nào giúp e ko ạ,0,human_gold_round5,3,round5,normal
"Nỗi buồn của tôi ,chưa xóa đói giảm nghèo bản thân đc .",0,human_gold_round5,3,round5,normal
"Mình hiện tại như vậy luôn, mình ko còn cảm thấy động lực để theo đuổi về tiền bạc, địa vị trong xã hội , cảm thấy mình chỉ là đang trải nghiệm ở thế giới này",0,human_gold_round5,3,round5,normal
Co the cho dia chi cu the o đau tri benh nay k bs,0,human_gold_round5,3,round5,normal
Các cảm giác học sinh giỏi còn thiếu 0.2 là học sinh xuất sắc nó đau hơn tất cả những thất bại trong năm lớp 6 của tôi:(,0,human_gold_round5,3,round5,normal
"Nhiều khi mệt hay thiếu tự tin, mở Better Version lên nghe là tự nhiên nạp năng lượng trở lại",0,human_gold_round5,3,round5,normal
😢mệt mỏi 😖 quá 5/9/2023😢,0,human_gold_round5,3,round5,normal
Cảm giác trống rỗng đôi khi là dấu hiệu của một sự tái sinh.,0,human_gold_round5,3,round5,normal
"Mắc bệnh này có thứ rất bình thường mà hễ nghe nó xấu xa hung ác cũng tin rồi sợ hãi..ai khuyên cũng đâu có nghe,, thật sự mệt mỏi và bực khi gđ có ng bị",0,human_gold_round5,3,round5,normal
tôi sống hơn nửa đời người..ngoại trừ lúc mẹ tôi mất ga...dù đứng trong hoàn cảnh nào..tôi không bao giờ để cho mình rơi lệ...nhưng nghe câu chuyện của cháu tôi đã rơi lệ...cháu rất mạnh mẻ...sao cơm mưa trời lại sáng...chú chúc cháu và gia đình lúc nào cũng vui vẽ và hạnh phúc,0,human_gold_round5,3,round5,normal
Mình cũng bị giờ mất ngủ luôn r huhu,0,human_gold_round5,3,round5,normal
Shao bao làn sợ hãi -ing thì sheep ko còn sợ hãi -ing khi gặp hay bị hù nữa mà con ma sẽ sợ hãi -ing khi gặp sheep :),0,human_gold_round5,3,round5,normal
Chênh vênh áp lực thật sự....,0,human_gold_round5,3,round5,normal
Siu bất ổn mà 🤣🤣🤣🤣🤣🤣🤪🤪🤪🤪🤪🤪,0,human_gold_round5,3,round5,normal
Có những bất lực nhưng bản thân vẫn ko thể vuọt cũng có thể đâu đó sẽ có thứ mang cho ta thêm sức mạnh niềm tin sẽ thay đổi điều đó thay vì bản thân cứ sống mãi trong sự bất lực mãi nó như thứ sẽ kìm hãm bản thân tại sao bản thân lại không nắm lấy sức mạnh lé sáng rồi bay lên xuyên phá đi những thứ vô hình chung trối buộc ta. Đừng quên đâu sẽ có thứ sức mạnh mà bản thân sẽ đạt đừng từ bỏ.,0,human_gold_round5,3,round5,normal
"Từng mê giọng hát này, cũng từng giận vì cô ấy cuốn theo hào quang, tiền bạc mà ảo tưởng về thứ tình cảm sai trái. Sau tất cả, mong HH trưởng thành trong suy nghĩ, làm 1 nghệ sỹ thực thụ, không scandal, không chiêu trò. Tại sao phải làm vậy khi mình có thực tài. Những năm qua, HH khá chìm nhưng tôi nhận ra tôi thích HH hơn khi cô không gây ồn ào, trầm lại và chỉ biết hát. Chúc HH sau này có được tình yêu chân thật và có 1 gia đình hạnh phúc, đàng hoàng.",0,human_gold_round5,3,round5,normal
cận nặng 600 độ :0,0,human_gold_round5,3,round5,normal
Mô phật khi con nghe Thầy giảng pháp con lại có cảm giác con bị mâu thuẫn giữ lý trí và cảm súc ạ😊,0,human_gold_round5,3,round5,normal
"đúng vậy, ko chỉ bàn tay của em bị tang chãy, mà em nhìn đi đâu cũng thấy nó tang chãy 😮",0,human_gold_round5,3,round5,normal
😊mấy ai hiểu được tâm trạng của tôi ngay lúc này 😊,0,human_gold_round5,3,round5,normal
"Tuy ko bị gì nhưng để ko bị bắt nạt thì tôi cũng biết, đầu năm nhận lớp thì thể hiện rõ thái độ trước, 1 là vui vẻ thân thiện hoặc chơi 1 mình, bị nói xấu thì cứ đứng sau lưng nó vỗ, nếu bị mà bên kia bịa chuyện thì cứ làm ầm lên, khóc méc cho đã đi vì ko nói ko làm chả ai biết mà giúp cho đâu, chuyện mà ko lớn gv cũng ko thèm quan tâm nên cứ làm mình khó ưa đi, nó nói xấu mình nói lại, nó động tay mình méc rồi khóc, có đủ trò để làm lại chủ yếu mọi người muốn hay ko thôi",0,human_gold_round5,3,round5,normal
Mọi ng thất tình str buồn còn mình buồn nghe cukak là giòn tan ngay,0,human_gold_round5,3,round5,normal
14.7.2025 mình làm lại từ đầu như ko biết đc ko vì mình giờ 40tuoi r mà con mình 2 bé nhỏ wa lớp 3 và 4 tuổi.thất bại vì bị gạt và tin người 😢😢,0,human_gold_round5,3,round5,normal
"tôi đã nghĩ áp lực quá nhiều, mới 10 tuổi đã có tóc bạc😢",0,human_gold_round5,3,round5,normal
"Nhiều khi có 1 số gia đình như thế khiến con cái bị mắc trầm cảm , tự kỉ nói với gia đình thì kêu điên, xem nhiều giờ ảo ,thời xưa với bây giờ nó khác nhau hoàn toàn nguy cơ mắc các bệnh này đang ngày càng lên! Xin hãy hiểu tụi trẻ..",0,human_gold_round5,3,round5,normal
"em đang là hs cuối cấp rất muốn nghỉ ngơi nhg nếu mình dừng lại nghỉ ngơi sẽ tụt lại phía sau rất nhiều, năm của e cạnh tranh rất khốc liệt nên e ko đc phép nghỉ ngơi",0,human_gold_round5,3,round5,normal
"Em vô cùng biết ơn chị bởi những video thật hữu ích này. Trước đây, em là một đứa luôn cảm thấy bất an, luôn đắm mình trong sự rối ren mà tự mình tạo ra, luôn có những suy nghĩ tiêu cực. Em cảm thấy thật may mắn khi đã vô tình biết đến chị, em thật sự cảm thấy đồng cảm, thấy được hình ảnh của mình trong những câu chuyện chị kể. Xem video của chị, em thấy bình yên lắm chị à, em đã tích cực hơn, vui vẻ hơn, thấy bản thân mình tốt hơn trước rất nhiều. Em cảm ơn chị rất nhiều vì đã đưa cho em rất nhiều những bài học thật bổ ích và mong chị luôn vui vẻ, hạnh phúc. Mãi iu chị của em<3",0,human_gold_round5,3,round5,normal
"em buồn quá muốn nói chuyện với anh mà anh đi ngủ mất rồi, nhưng mà em cũng không khóc đâu",0,human_gold_round5,3,round5,normal
"Bài giảng như nói đúng những gì mình đang chịu đựng. Ai cũng từng bị tổn thương, nhưng biết buông mới là thắng. Có ai giống mình không?",0,human_gold_round5,3,round5,normal
Năm ngoái em có học khoá awp của anh. Nhưng mà em chưa làm đc gì có thể đột phá . Cũng nhiều áp lực bên ngoài em đang chịu nhưng em vẫn care đc. Nhưng chủ yếu em còn lơ mơ. Nhưng xem clip này em như được đánh thức lại. Em cố gắng thay đổi lại. Để có sự nghiệp thành tựu bản thân,0,human_gold_round5,3,round5,normal
"❤. Chúng con xin dâng lời cảm tạ lên Đức Chúa Trời Cha Mẹ cho đến đời. Ngài đã hứa ban cho chúng con sự sống đời đời khi chúng con vâng theo tuyệt đối lời phán của Đức Chúa Trời. Sự sống đời đời là thứ quý báu và giá trị nhất là lời hứa của Đức Chúa Trời mà con cái được nhận thông qua Mẹ. Đối với người thế gian dù cuộc sống đủ đầy của cải, quyền thế, khôn ngoan, tài giỏi nhưng cuộc sống vô nghĩa vì không nhận được sự sống đời đời.",0,human_gold_round5,3,round5,normal
Tôi ko muốn ở nơi đó,0,human_gold_round5,3,round5,normal
em đau từ lúc anh đi 💔💔,0,human_gold_round5,3,round5,normal
Ah bỏ tui nhưng ah về thì đã mất em rồi có không giữ mất đừng tìm còn e lúc nào cũng yêu ah và nhớ tới ah em có thể chết vì ah không có ah em không thể sống mỗi mỗi khi nghe nhạc này là e lại khóc và nhớ ah lắm ah ơi 😭😭😭😭😭,0,human_gold_round5,3,round5,normal
Áp lực quá tôi còn 16 đề viết văn chưa làm 😢😢,0,human_gold_round5,3,round5,normal
"Mẹ nhớ em bé của mẹ quá, sao em xa mẹ bất ngờ… em nằm ở đó có lạnh không? Mẹ chưa từng tận mắt thấy em, chưa có cơ hội ôm em, cũng chẳng thể ôm em bằng vòng tay này nữa rồi. Chỉ có thể cất em trong tim. Em ở bên mẹ 22 tuần 4 ngày rồi xa mẹ cả đời. Mùa đông năm nay đừng có lạnh nhé, vì em không có ba mẹ ở bên. Mẹ muốn ôm em vào lòng nhưng lại không thể. Em đừng giận vì mẹ không bảo vệ được em, nếu được đầu thai lại em hãy chọn ba mẹ được không? Mẹ hứa sẽ dùng cả sinh mạng này để bảo vệ em nhé ❤️ Ba mẹ yêu em lắm ❤️",1,human_gold_round5,3,round5,depression
Em rồi loan âu buồn lam,1,human_gold_round5,3,round5,depression
🥺😣😭 những kỉ niệm anh đã chôn giấu vì anh ko muốn nhớ lại mỗi lần nhớ lại anh lại càng đau vì anh rất muốn đc gặp em thêm một lần nữa nhưng đã quá muộn,0,human_gold_round5,3,round5,normal
"13.01.2022 Vẫn luôn nghe mõi khi 1 mình... chỉ vì những tâm trạng giống bản thân. "" Tôi đã cố tập quên những quá khứ đau thương, Không biết liệu tôi có thể có thể đứng lên và mạnh mẽ vượt qua """,0,human_gold_round5,3,round5,normal
"Thứ mà t sợ nhất đó là "" Gia đình , Áp lực học tập và thời gian . Thử nghĩ xem học sinh là con ng chứ đâu phải con thú đâu mà bắt học từ mẫu giáo đến lớp 5 nghỉ dc 3 tháng hè r tới cấp 2 cấp 3 . Học hết cấp 2 - 3 rồi phải thi quốc gia . Thi quốc gia r phải Học đại học , rồi phải thi đại học , r phải đi du học mấy năm nx .gần nx cuộc đời con ng đã bắt học . Cấp 1 điểm 9 10 thì dc khen này nọ . Lúc lên cấp 2 dc 7 - 8 là may r còn bị chửi . Bố mẹ thì bảo sao m ko dc bằng 1 góc con ngta Thầy cô thì ns e còn tệ sao e ko cố gắng để đạt dc thành tích Dòng họ thì xào sáo ns này ns nọ Bn bè thì trêu trọc Có ng phụ huynh nào hiểu cho con mik đâu lúc nào cũng mún con học học học .... mik đi tìm bn bè để chia sẻ vì họ như mik và họ hiểu về mik nhưng bố mẹ lại bảo tập tụ đi chs Hazz..... mấy ai hiểu cho học sinh",0,human_gold_round5,3,round5,normal
"Bất công thay,mọi người toàn tập chung về người mẹ mà không nhìn nhận về cả người cha. Ai cũng từng có thời gian hồn nhiên vô tư,nên quát,mắng,đánh sẽ rất nhanh quên,nhưng chỉ cần qua thời gian đấy là mọi nỗi đau từ trước đến giờ sẽ cộng dồn lại với hiện tại. Nên cần có cách giáo dục đúng đắn và nhẫn lại,không chỉ từ phía mẹ mà cũng từ phía cha. Thường thấy con cái hư mọi người phán xét mẹ đầu tiên, mà lại không nhắc về cha,trong khi cha cũng rất quan trọng",0,human_gold_round5,3,round5,normal
Nghe mà muốn khóc cảm thấy áp lực gia đình,0,human_gold_round5,3,round5,normal
"Cuộc đời là vô thường, không có gì tồn tại mãi mãi. Đức Phật dạy rằng mọi thứ đều thay đổi, kể cả hạnh phúc lẫn khổ đau. Thay vì bám víu vào những điều không chắc chắn, ta nên học cách sống trong hiện tại, tận hưởng từng khoảnh khắc. Hiểu được vô thường, ta sẽ không còn sợ hãi trước sự mất mát và biết trân trọng những gì mình đang có.",0,human_gold_round5,3,round5,normal
"mình luôn bị ép phải trên hạng 5 trong lớp học, học từ 7h sáng tới 9h15 mới về và luôn bị so sánh với con nhà ng này ng kia. Nhưng học thì càng ngày càng khó những lúc 5,6 đ sợ mẹ mắng chỉ muốn chết thoii, chưa bao giờ nghe mẹ nói"" học sao trên trung bình là đc "" như bao đứa bạn",1,human_gold_round5,3,round5,depression
Tôi cũng thế đg trong nỗi cô đơn,0,human_gold_round5,3,round5,normal
"Chết bà r,mẹ tui chửi có tí,tui rơi nước mắt lun,từ đó tui càng không tiế xúc mấy với mn trong lớp😢",0,human_gold_round5,3,round5,normal
"Tìm được tên bệnh của mình rồi , h tìm cách trữa thôi , cầu mong nhiều người mau hết bệnh này , thà tui bị đau đớn thân thể còn đở đáng sợ hơn 😔",1,human_gold_round5,3,round5,depression
"haizz tôi đang rất vất vả trên hành trình chinh phục ilets 7.0, thật sự rất khó, rất nản nhưng tôi sẽ làm được 20/3/2026",0,human_gold_round5,3,round5,normal
"em vừa mới ktra toán đề k qá khó nma do kiến thức của em chưa đủ để làm được hết , cũng dự đoán đc điểm toán nó k như em mong đợi , thật sự bgio em rất buồn và chán nản và xem đc clip này của chị giúp em có ý thức hơn về việc cố gắng của bản thân hơn ... thank you Emily 💐💓",0,human_gold_round5,3,round5,normal
Mik cx từng bị .,0,human_gold_round5,3,round5,normal
E rất cảm ơn a vì đã làm những video thú vị như này nhưng mà nếu được a có thể ra 1 clip nói về vấn đề của em được không ạ hiện tại em đang bị vấn đề là biết mình bị gì cũng có 1 số giải pháp r nhưng e làm được 1-2 ngày theo cách giải pháp đó đến ngày hôm sau e vẫn bị thói quen cũ và nhưng cái khoái cảm lấn áp điều đó e biết có thể ảnh hưởng với e rất nhiều nhưng e k đủ động lực để làm. Nếu a xem được comment này mong a ra clip hướng dẫn e với được k ạ. E cảm ơn rất nhiều chúc adan luôn happy và mạnh khỏe ạ,0,human_gold_round5,3,round5,normal
"""Đúng là có lúc mình bị cuốn vào vòng xoáy của suy nghĩ, không thể dừng lại. Cảm ơn video, chắc chắn sẽ áp dụng những cách này để giữ tâm trí nhẹ nhàng hơn mỗi ngày.""",0,human_gold_round5,3,round5,normal
Đúng vậy tôi méo ngủ được,0,human_gold_round5,3,round5,normal
"e 27t đang làm việc trong lĩnh vực IT, e đã luôn duy trì thói quen tập gym từ năm 2 đại học (bị bồ đá :((((( ), duy trì liên tục 3 năm từ thói quen ăn uống ngủ nghỉ, e tăng từ 58kg > 73kg đến trước khi covid xảy ra thì e drop tập luyện trong gần 3 năm, e 1m73 tăng cân từ 73kg ~ 85kg. Cảm thấy cơ thể mệt mỏi đầu óc không nhanh nhạy, bắt đầu từ tháng 2/2023 e bắt đầu hành trình ""lấy lại phong độ"" sau 6 tháng thì form ngày nào cũng quay trở lại. Từ có sức khoẻ rồi mất đi và take it back, nó rất là tuyệt vời :D :D.",0,human_gold_round5,3,round5,normal
vì 1 lần ko hiểu tiếng anh và bị chênăm lớp 5 tôi đã mang nó đến tận bây giờ và vẫn còn cảm thấy mình ngu tiếng anh và có nhiều lần tôi đã thử học nhưng tôi biết tôi vẫn sợ và chưa thật sự nghiêm túc để học nó hy vọng sau clip này mọi thứ sẽ thay đổi dù chỉ 1 chút ❤,0,human_gold_round5,3,round5,normal
Mệt mỏi thật sự 😔😔😔😔,1,human_gold_round5,3,round5,depression
Áp lực thật,0,human_gold_round5,3,round5,normal
Em nghe chị nói thôi mà em cũng thấy mệt gòi,0,human_gold_round5,3,round5,normal
Thưa bs tôi nay 59 tuổi trước đây cũng có. Sự cố nhưng thời gian cũng đã lâu rồi nhưng khoảng chuc năm nay toi. Có giấc ngủ không sâu cử nằm xuống là suy nghĩ linh tinh b s có cách nào để để chữa được căn bệnh đừng suy nghỉ nữa,0,human_gold_round5,3,round5,normal
Nếu cuộc sống không có mục đích thì nó là một mê cung hỗn loạn. Tín hiệu từ vũ trụ gửi đến qua những giấc mơ. Cái chính là vận mệnh là điều thực sự chúng ta muốn làm. Cú lừa ngoạn mục nhất cuộc đời chính là buông xuôi cuộc sống. Ước mơ sợ sự nản lòng. Trên con đường thay đổi ước mơ không phải khi nào cũng thuận buồm xuôi gió. Buông bỏ mới chạm tới bến bờ của ước mơ. Câu phải luôn nhớ những gì cậu muốn,0,human_gold_round5,3,round5,normal
"tôi đã từng dằn vặt bản thân mình, từng tự hỏi mình đã làm gì sai ? mà anh im lặng ... và rồi sau hơn 1 năm không liên lạc tôi đã thôi nghĩ suy và chọn cách để lại tất cả ở quá khứ mà tiến bước về phía trước . ... ấy vậy mà cs vốn đang bình yên của tôi một lần nữa bị xáo trộn khi anh xuất hiện . vào một ngày đầu năm mới , anh liên lạc và hẹn gặp .tôi đồng ý vì muốn tạm biệt nhau một cách rõ ràng xem như sự dịu dàng mà chúng tôi dành cho nhau . ... chỉ là , tôi không biết cuộc gặp này lại khiến tôi biết đc mình còn thương anh . và khiến tôi lại rơi vào hoàn cảnh tiến không đc lùi không xong ... có lẽ, khi đã chân thành thì thật khó để ngăn đc sự nhớ thương ....",0,human_gold_round5,3,round5,normal
"Mình luôn cho rằng bản thân mình đang không hài lòng với những mọi thứ mình đang có khi nhìn về những gì mà người khác đã đạt được. Khi mình cố gắng đạt được thành quả giống như người A nhưng khi mình sang ng B mình lại thấy bản thân mình kém cỏi rất nhiều và mình lại cố gắng để đạt được thành tích giống như người B. Mình rất mệt khi cứ ép bản thân mình thay vì hài lòng với những gì đã đạt được thì mình luôn phải chạy theo người khác. Mình phải làm sao để thay đổi điều đó, liệu điều đó là tốt hay là xấu.",0,human_gold_round5,3,round5,normal
"có nên sử dụng các loại thuốc để giảm việc stress hay không thưa bác sĩ, và có các bài tập nào không ạ ?",0,human_gold_round5,3,round5,normal
"Thật ra mọi thứ luôn nằm ở đó, không vướng bận không gian và thời gian.. chỉ có điều con người u mê nên đi quá lâu để chạm vào những điều không tưởng, những điều không tin được và cho nó là “điên” , là “ảo tưởng”, là “rời xa thực tại”… Thât ra tần số rung động của “tâm trí tập thể” càng cao thì càng gần với sự thật của vũ trụ vốn vẫn luôn nằm ở đó… nhưng làm gì có ai tin và tìm kiếm điều đó ở sâu bên trong mình đâu, nhân loại luôn chạy theo bề nổi đã được hình thành từ khi nền văn minh này bắt đầu, vật chất, danh vọng, tiền tài, địa vị,… những thứ làm mờ đi khoảng cách kết nối bên trong chính mình và mọi người với nhau… chạy theo những thứ sinh ra đau khổ, nghiệp quả… rồi cứ thế mà tiếp tục vòng luân hồi lặp đi lặp lại thôi…",0,human_gold_round5,3,round5,normal
"bạn giống hệt mình ! mình mỗi lần quá áp lực , stress là mình cũng. làm đúng các thứ như bạn làm vậy! cám ơn bạn nhiều!",0,human_gold_round5,3,round5,normal
Đúng v. Tôi đã mất đi động lực làm việc. Nhưng vì lương cao nên thôi làm tiếp,0,human_gold_round5,3,round5,normal
"Nhìn mẹ mà mệt thực sự … con còn quá nhỏ mà ép học hoài :) học nhiều rồi có giỏi k là chuyện khác, giỏi rồi có lương cao ko, lại là chuyện khác. Mệt mỏi thật sự",0,human_gold_round5,3,round5,normal
"Rất nhiều khi con muốn đc ng thân, a ch em ngồi im lắng nghe mình, nhưng con biết rõ khi con nói ra bất kỳ điều gì, mọi người đều chỉ ý kiến, đánh giá mà không thật sự im lặng để nghe con nói, để hiểu cho con, nên từ đó con k muốn nói gì với nữa cả, chỉ im lặng thôi😔",1,human_gold_round5,3,round5,depression
Thật sự mệt mỏi. Ước chỉ là ước 😢,1,human_gold_round5,3,round5,depression
"Không còn thấy, chẳng thể chạm, suốt đời chỉ để trong tim cất giữ 🤦🏼‍♀️",0,human_gold_round5,3,round5,normal
Ai bị mất ngủ nên tới những bác sĩ chuyên điều trị về bệnh tâm thần nhé. Mk trc bị kiểu như muốn điên rồi may uống lại khỏi,0,human_gold_round5,3,round5,normal
😢 tôi ko hiểu tôi tiếp tục sống để đc gì 😭😭😭😭,1,human_gold_round5,3,round5,depression
"Mình cũng từng trải qua giai đoạn như vậy. Trống rỗng, mờ mịt và chẳng thể hiểu nổi tồn tại có ý nghĩa gì. Nhưng rồi m quyết định đúng đắn nhất của mình là 3 năm trước đã đi học thiền, từ đó m học quay vào lắng nghe chính mình. Bây giờ cuộc sống mình cũng không thay đổi nhiều, không nhiều tiền, không tình yêu nhưng cái thay đổi là cách mình nhìn và cảm nhận mọi vật mọi việc xung quanh. Be happy 😊",0,human_gold_round5,3,round5,normal
Co bị đau đầu ko chị,0,human_gold_round5,3,round5,normal
Mình chỉ là người thất bại thôi 😞,1,human_gold_round5,3,round5,depression
"Có Ai hiểu không 😢, Tôi thi đc 9 điểm vậy mà ba mẹ tôi chửi tôi vì sao không đc 10 mà trông khi tôi đã cố hết sức rồi ( Tôi lớp 10 ) Ba mẹ tôi còn bảo tôi sao không chép phao cho điểm cao , tôi không biết nói gì luôn 😢😢, Ba mẹ tôi toàn nói bây giờ điều kiện học hành tốt nhưng ba mẹ đâu biết điều kiện càng tốt thì Học càng khó nó là tỉ lệ thuận , Ba mẹ bảo tôi sao ko ra ngoài chơi cho biết làm cái này cái kia , nhưng khi tôi điểm thấp hơn bình thường 1 chút ba mẹ tôi lại nói Suốt ngày lêu lỏng không lo học hành , nhìn con người ta học ngày học đêm kìa 😢",0,human_gold_round5,3,round5,normal
Nói ra thì đau nhưng nếu giữ thì lại mệt mỏi ☺,0,human_gold_round5,3,round5,normal
"Thật sự luôn , thất tình nó đáng sợ lắm , nó cứ dày vò tinh thần",0,human_gold_round5,3,round5,normal
"Mình và ng ấy im lặng .ngắt kết nối 6 tháng nay rồi. Có nên hủy kb fb và zalo không bạn? Mình cũng nản rồi, sự lạnh lùng vô tâm của họ",0,human_gold_round5,3,round5,normal
E đang hoang mang quá thầy ạ. Ở xa nhà cứ thấp thỏm về tin tức của gia đình ở VN. Nhưng đúng an lòng khi nghe được giọng của thầy. Chưa nói đến nội dung chỉ cần giọng thầy cất lên là bao nhiêu buồn đau lo lắng đều nguôi ngoai ❤,0,human_gold_round5,3,round5,normal
Em tuy mới 11 tuổi nhưng đã bị hết tất cả điều nêu trên... Nhưng em ko dám nói với bố mẹ,1,human_gold_round5,3,round5,depression
"Cảm ơn chị rất nhiều, nhờ chị mà e tìm lại đc chính mik, nhắc nhở lại mik muốn làm j, trở thành ai, có cuộc sốg như thế nào. E đã từng muốn trở thành ng độc lập như chị bh từ lúc nhỏ, chua bik đến chị và sau khi gặp đc ng e rat yeu, nhung ko thuoc về mik, e thấy cực kì lạc lõng và cô đơn, vì ng đó mà e phá vỡ mọi nguyên tắc của mik, vì ng đó mà e muon từ bỏ cs tự do để nghĩ về ngôi nhà và những đứa trẻ. Nhờ chị mà e bik bản thân nen buong bỏ và nen làm j bh. Cảm ơn chị rat nhieu ạ",0,human_gold_round5,3,round5,normal
Cái gì hẹp và có lỗ la tui sợ trừ cái tui mê mẩn nó muốn chết vì nó.,0,human_gold_round5,3,round5,normal
Tự dưng mình thấy thật buồn. Rất buồn.,0,human_gold_round5,3,round5,normal
Thầy ơi . Em sắp thi tuyển sinh rồi ạ thì có cách nào để ôn thi hiệu quả được không ạ? Với việc học nhiều bài kiểu stress lắm ạ em rất lo không vào được trường mong mún thì làm cách nào để giảm bớt suy nghĩ đó và tập trung ôn thi hơn ạ ❤️,0,human_gold_round5,3,round5,normal
"cảm ơn chị em cũng sống trong môi trường độc hại nên giờ em vẫn nghi ngờ bản thân lắm, lúc nào cũng tin vào ý kiến của người khác hơn là mình mặc dù có khi em đã tin điều đó khá lâu rồi, em dễ lung lay lắm giờ em đang tập thay đổi",0,human_gold_round5,3,round5,normal
"nghe bài này lại nhớ về những ngày ấy,đau buồn đến tê tái",0,human_gold_round5,3,round5,normal
Có khi trc mẹ tui cũng v á khóa cửa là bị chửi có bửa về trễ chút là bị vs lại tui cũng có vừa đâu nên nạt lại cãi lộn và mẹ tui mà họng tui lớn hơn vs hỏi mấy câu mẹ tui ko trl đc nên giờ riết hết cấm tui r nhiều cái chứ cũng nêm vừa thôi,0,human_gold_round5,3,round5,normal
"Khi đi học,chuyện này gần như luôn xảy ra với chúng ta! Ta mệt,nhưng cũng phải đi học! Đôi khi mình cũng muốn nghỉ học vì chịu áp lực nhiều quá! Nhưng mình không muốn bị chê cười là ngu dốt! Và để cho ba và mẹ chúng ta thấy rằng mình tốt,mình có học thức!",0,human_gold_round5,3,round5,normal
Con bị mất ngủ 10 ngày mong bs tư vấn ạ,0,human_gold_round5,3,round5,normal
"sự kết hợp của 3 bài này chỉ khiến t cảm thấy ""trống rỗng"" 1 cxuc lẫn lộn nh đau đớn đến nhói lòng bởi cái"" trống rỗng "" mà 3bài này mang lại kiểu cgiac mất đi nhiều thứ vai ấy nma mọi thứ đều qua r í và đọng lại ở bthan chỉ sót lại nỗi cxuc 1 ít 1 lời khó nói hết",0,human_gold_round5,3,round5,normal
E k tự tin khuôn mặt e tự ti bên trong e thôi,0,human_gold_round5,3,round5,normal
"Hi Sun, thực ra xem video này mình chợt nhớ đến câu nói ""đông người không cứu nổi cô đơn"", nhiều người cứ nghĩ rằng xung quanh phải có rất nhiều người mới không cô đơn, nhưng cuối cùng lại lạc lõng giữa biển người. Thực ra, tất cả những người bận rộn với mục tiêu, họ đều cô đơn, hay đúng hơn là cô độc. Và người ta chỉ cô độc chứ không cô đơn. Người ta chỉ cô đơn khi bản thân người ta không tìm được tâm hồn đồng điệu, hoặc không thể làm bạn được với chính mình. Mà khi càng lớn lên, chúng ta thường sẽ trải qua giai đoạn ở -một -mình nhiều hơn là tới chốn đông người....Mình cũng như Sun, bận quá, không có thời gian để cô đơn và hỏi rằng mình có cô đơn không, hay nói đúng ra đó là nỗi ""cô đơn thượng liu"" vì mình đang tự mình trải nghiệm cuộc hành trình không giống ai, dĩ nhiên, nếu bản thân mình sống khác đi với đám đông mình sẽ có kết quả khác với đám đông ^^ Tựu chung, chúng ta hãy yêu thương bản thân và làm bạn với bố mẹ người thân của mình trước. Mọi người trong xã hội ai rồi cũng sẽ đến và lướt qua cuộc đời chúng ta. Dựa vào chính mình mới là sự dựa dẫm bền vững :))) (Hôm nay tâm trạng tốt, nói hơi nhiều ahihi) Chúc Sun dui <3",0,human_gold_round5,3,round5,normal
"Những lúc mệt mỏi, căng thẳng, em lại tìm đến anh",0,human_gold_round5,3,round5,normal
Mất ngủ xuất phát từ Những hạt giống tiêu cực trong tâm thức của mình,0,human_gold_round5,3,round5,normal
"Khi e xem video này, e cảm thấy vô cùng shock vì nó như vạch trần tâm trí của e chính xác qua từng chữ, từ hoàn cảnh, suy nghĩ, nỗi sợ. E cảm ơn vì có video này e cảm thấy bản thân mình không tệ đến vậy, e đã thay đổi suy nghĩ ngay sau khi nghe a nói. Thực sự biết ơn vì a đã đến đúng lúc và cho e một góc nhìn mở rộng hơn. Chúc a đạt nhiều thành công và phát triển hơn nữa!",0,human_gold_round5,3,round5,normal
Cảm giác buồn ko lối thoát...,1,human_gold_round5,3,round5,depression
"Chị Quỳnh ơi chị có thể chia sẻ những kỹ năng mà phụ nữ nên rèn luyện để phát triển và tin tưởng vào chính mình hơn dc không ạ? Em thường dễ cảm thấy nghi ngờ vào khả năng của chính mình, em rất dễ cảm thấy tự dằn vặt khi em làm sai trong công việc, dù nhiều người khác đã trấn an em là em đang làm tốt rồi,... em vẫn luôn cảm thấy mình thiếu sót và lo lắng ạ. Em cảm ơn c Quỳnh <3",0,human_gold_round5,3,round5,normal
Minh uống zoloft trên 10 năm rồi sau đó bị side effects là panick attack nen minh stop sau đó mình bị anxiety 😢,0,human_gold_round5,3,round5,normal
"Ở tuổi 27, hết ngày hôm nay là chị sang tuổi 28. Vậy mà ngày hôm nay chị cô đơn đến mức ko có buổi hẹn đi đón giao thừa như mọi năm trước vì bạn bè thân thiết đều đã có cuộc sống riêng và ở bên bạn trai/chồng, có ngừoi thì đã đi nước ngoài. Nguyên ngày hôm nay lại đúng ngày dì dâu ghé thăm, đau bụng và ở 1 mình trong phòng, chị đã rơi nước mắt và tự hỏi tại sao mình lại vô tình đẩy mình rơi vào tình cảnh đáng thương như vậy. Lẽ ra chị nên đặt chuyến xe về thăm quê thay vì đợi đến tết ta để về luôn. Lẽ ra chị phải có 1 người bạn trai bên cạnh ở cái tuổi này,… Những câu hỏi liên tục trong đầu, và sau tất cả chị tự vấn lại mình và thấy là tất cả những gì ở hiện tại đều đến từ những quyết định, lựa chọn của chị trong quá khứ. Lẽ ra chị vẫn sẽ có bạn trai nếu chị ko quyết định chia tay hồi 4 tháng trước vì ng ấy ko phải là ng chị yêu. Chị ko về nhà vì cứ nghĩ rằng mình sẽ có được 1 ai đó đi chơi chung đêm giao thừa… Đôi khi cuộc sống ko diễn ra như mình muốn và mình phải tự học cách năng động, thích nghi, chủ động, trách nhiệm với bản thân mình hơn để thời gian của mình trôi qua ko bị vô nghĩa và nhạt nhẽo. Cảm ơn podcast của em, rất tích cực và phù hợp cho nhiều người trẻ cần chữa lành những sự yếu đuối trong tim mình. Chúc em nhiều thành công hơn trong năm mới 2024.❤",0,human_gold_round5,3,round5,normal
"Là những lần cố gắng muốn xin nghỉ nhưng bố mẹ luôn chửi muốn được an ủi nhưng bị chửi thực ra trong mắt người lớn đó là một viên đá nhỏ rất nhỏ nhưng đối với chúng ta đó là tấm xi măng lớn ai cũng cố gắng nhưng ko đc công nhận ko phải ai cũng được nghỉ nghơi mà phải cố gắng rồi cuối cùng bị gạt bỏ ,thế giới ko hề có luật đó nhưng do con người tạo ra nếu ta cố gắng thì ta sẽ vượt qua và. Tự hào Năm nay là 2026 chúc 2k15,2k11,2k8 thi tốt và đạt được nguyện vọng và điểm số của mình nha",0,human_gold_round5,3,round5,normal
LNY này k làm tui thất vong ❤❤❤❤,0,human_gold_round5,3,round5,normal
"Đứa trẻ năm đó từng tự hào, vỗ ngực với bản thân về chiến thắng cùng với niềm kiêu hãnh của nó. Nó ngủ quên trên chiến thắng để rồi thực tại vùi dập nó một cách tan nát. Nó như một bông hoa, từng kiêu hãnh dưới ánh mặt trời của mùa hạ để rồi quên đi khi mùa đông đến, nó sẽ lại tàn lụi nếu nó không chịu vươn lên, tiếp tục cố gắng và kiên cường. Để rồi một ngày nó nhận ra, nó đã bỏ lỡ bao nhiêu cơ hội để phát triển, nó nhận thấy bản thân đã lãng phí biết bao nhiêu thời gian chìm trong ảo mộng với chính bản thân nó. Nó muốn bắt đầu lại từ đầu với một tâm thế kiên cường hơn, ý chí hơn, nhưng đã quá muộn. Nó bất lực đến mức khi đứng trước gương, nó thấy bản thân đã trở nên tồi tệ như thế nào, có đôi lúc nó còn không dám nhìn vào bản thân mình trong gương, nó nhận ra nó chưa bao giờ xuất chúng, nó chưa bao giờ là giỏi. Nước mắt nó rơi không kiểm soát, nó cố đưa tay lau đi nhưng nước mắt vẫn chảy. Nó chìm trong u uất mà không thế thoát ra, nó muốn có ai đó hãy đến và đưa nó ra khỏi giai đoạn tăm tối đó. Sau một khoảng thời gian dài vùng vẫy rồi lại vuông xuôi, nó nhận ra chỉ chính bản thân nó mới cứu được nó. Nó dần chấp nhận rằng nó không còn xuất chúng, thậm chí trở nên tệ hại. Từng là một đứa trẻ kiêu hãnh, từ ngày mới vào lớp 1 cho đến lớp 9 luôn nằm trong top những học sinh đứng đầu. Đỗ cấp 3 với số điểm cao, vào được một ngôi trường nổi tiếng trong khu vực và vào được lớp chọn. Nó dần hiểu rằng nó chỉ là một hạt cát khi nó vào một môi trường toàn tinh anh ưu tú, nó bị bỏ lại phía sau, nó cố gắng chạy theo nhưng không thể. Để rồi hôm nay, nó biết rằng nó phải nỗ lực, phải phấn đấu không ngừng, dù nó biết đã muộn. Đứa trẻ kiêu hãnh, tự phụ năm đó đã không thể quay trở lại với nền móng tệ hại này được, nhưng nó có thể trở thành một đứa trẻ không ngừng nỗ lực và học hỏi. Dù cho kết quả không cao, dù cho nó có thất bại, nó vẫn sẽ đón nhận, nó vẫn sẽ vui vẻ vì nó biết nó đã trở nên tốt hơn",0,human_gold_round5,3,round5,normal
Ko có ngày nào mà ko khóc hết á😊💔,1,human_gold_round5,3,round5,depression
"Em ghét quá khứ của mình, em ghét bị ba mẹ so sánh với thằng em của mình, nó đẹp trai và nhìn mặt sáng láng hơn em, lanh lợi hơn em, lúc nào mọi người cũng nói em khờ khạo. Hiện tại em đã chấp nhận tính hướng nội và cảm thấy nó là lợi thế của mình. Thời gian này em đang tập trung vào nghiên cứu lĩnh vực em cảm thấy mê và khiến em suy nghĩ, phân tích về nó. Em tin rằng khi em tin vào tính cách của mình và phát huy được sở trường, mình sẽ phát triển và hạnh phúc.",0,human_gold_round5,3,round5,normal
"Bài này hát lại "" Cuộc sống vô nghĩa này"" cách đây 2 năm",0,human_gold_round5,3,round5,normal
"Nhà hết phúc ,đến lúc suy rồi .Không kiềm chế được thì hỏng cả gia đình lớn .",0,human_gold_round5,3,round5,normal
"hơn 1 năm rồi! không biết em còn nhớ anh không? cứ tưởng thời gian và không gian có thể làm anh quên em, nhưng đến giờ anh chưa làm được! ngày ấy anh quyết nuốt nước mắt rời xa bạn bè, gia đình, xa em để nhốt mình trong 4 bức tường bên xứ người, vùi đầu vào sách vở. nhưng có lẽ là chưa đủ. anh không dừng được việc âm thầm theo dõi em hằng ngày. xa nhau hơn 1 năm, em với người ta cũng sắp tròn 12 tháng yêu nhau rồi. nhìn em hạnh phúc mà anh đau quá... giờ anh không còn nhận ra bản thân nữa. thiếu em anh sống khép kín, xung quanh không 1 người bạn, không còn muốn nói chuyện với ai cả. cũng không chăm chút bản thân. giờ bạn đồng hành của anh chỉ là chồng sách, điếu thuốc, chai bia... và âm nhạc. em là gì? sao lại quan trọng với anh như vậy? bao giờ anh mới thôi nghĩ về em?",1,human_gold_round5,3,round5,depression
"Thấy mình có trong nhiều bài của Đạt,nghe mà nghẹn cổ, nước mắt chảy vào trong.tôi đã mất đi gia đình của mình, rất nhớ thương các con.rất lo cho cô ấy, nhưng tôi tay trắng,tôi đau lòng khi cô ấy xưng mày trong tin nhắn,tôi đau khi cô ấy đòi ly hôn,giục tôi chuyển đi khi tôi ko còn 1 xu trong người.vì lưu luyến con nên tôi cứ ở lại một thời gian,rồi 1 đêm cô ấy gọi tôi dậy và yêu cầu tôi chuyển đi.tôi thương con mà đau lòng ra đi.",1,human_gold_round5,3,round5,depression
"Đêm nghe tiếng lòng thở than, ai vì ai mà mang đớn đau Ôm những tro tàn dỡ dang đi về nơi từng thương lấy nhau Sao nỡ sao đành rời xa đi để duyên tình ta giờ đây trái ngang Chân bước đi tìm men say để cho lòng tôi đớn đau vô vàn Tôi cố che giọt lệ tuôn em cùng ai cầm tay bước qua Chiêm vĩ phai tựa lầu son, thân nàng bên niềm đau xót xa Theo áng mây về nơi nào đây hoàng hôn mình ai ngóng trông Hoa cuốn theo dòng đợi trôi đi về đâu tôi ngồi trông theo CHORUS: Chiều thu họa bóng em đây giăng láng xê tà Hoàng hôn từ ấy lâu kéo theo thay tên của người Gọi nhau là cố nhân ai ơi đâu thật lòng Từng thương lấy nhau như bóng với hình Ai vừa nói câu yêu thương tôi đây mà Vậy ai vừa bước chân lên xe hoa đi rồi Trời thu buồn kéo mưa theo mây Mờ giăng lối lấy em tôi đi rồi RAP: Tình này hợp tan, mắt ai u sầu. Nụ cười ngày nào đã phai lâu rồi Cành hồng vừa trao mà giờ này lòng mình đau Giờ thì tình này về đâu sao phải quên thật mau Giờ thì còn ai ngóng ai mong chờ Ngày người về nơi ấy ta không ngờ Vì người mà đau Man mát theo sương mờ … (Giờ này tựa một bức tranh phai màu Bên lầu son còn ai trên đời hiểu thấu Giờ này sầu tình tự mình trách thân ngu khờ Trao tình yêu cho ai bây giờ ngu ngơ) VER 2: Một ngày thu nhạt phai tình tàn, chiều hoàng hôn vì ai vội vàng Lòng nặng mang trách ai trách thân cơ hàn Nhìn vào ly rượu cay thầm cười, giờ bàn tay người buôn thật rồi Thì mình ta ôm nỗi đau về sau (CHORUS) Người ở đâu…? Người ở đâu…? Anh kiếm tìm…. Dáng ai đã phai lâu rồi Giờ nơi đâu…? Về nơi đâu…? Anh kiếm tìm … Dáng ai đã phai mờ phai.",0,human_gold_round5,3,round5,normal
"Cái tôi: cảm xúc, nỗi buồn, phản ứng, ý chí chinh phục, phấn đấu, sự thể hiện, khát khao hạnh phúc, bình an,... Cái tôi là bản năng để tự vệ và sinh tồn.",0,human_gold_round5,3,round5,normal
Trường hợp này e bị nx nhiều r đến tận bây h luôn là: lúc đi học thì hôm này có bài để trả thì hôm qua e đã ngồi và học hết mấy bài mà thầy cô dặn là sẽ chả bài lúc đng học e cx có cái quyết tâm là hôm sau sung phong lên để trả. Cái r qua hôm sau tới tiết thì e kiểu kg giám sung phong sợ lên đó bị quên bài thế là mấy bạn khác sung phong r e bị mất cơ hội lên luôn :),0,human_gold_round5,3,round5,normal
"Mình ước gì được nghe postcast này lúc còn nhỏ. Mãi sau này mình luôn cảm thấy cực kỳ tủi nhục và mong chờ người ta xin lỗi hay nhận ra sai lầm của mình. Mình thấy bản thân xứng đáng nhận được lời xin lối và người ta đáng lẻ ra phải biết được họ đã huỷ hoại và thêu đốt quá khứ và tương lai của mình như thế nào. Mình từng nhờ đến sự giúp đỡ của nhà trường và thầy cô nhưng không ai giúp được mình khi trước mặt người ngoài thì người ta giả tạo đối xử tốt với mình. Sau lưng thì lôi mình ra hành hạ khi dám nói ra với người ngoài. Cơ bản là không ai tin lời một đứa trẻ cả. Mọi chuyện đã qua, mình không còn nghĩ đến việc phải bắt người ta chịu trách nhiệm cho cuộc sống của mình nữa. Mình không tha thứ nhưng cũng không muốn tiếp xúc hay nghĩ về con mụ đó nữa.",0,human_gold_round5,3,round5,normal
"Hôm nay thứ 4 ngày 26/11/2025 mình đã thật sự thất bại và nợ một số tiền lớn ở độ tủi 18 tủi như mình , sau ngày nay con xin cố gắng phấn đấu lại từ đầu để trả nợ và rút ra kinh nghiệm bài học cho mình",0,human_gold_round5,3,round5,normal
Tôi bị nặng có chữa được không,1,human_gold_round5,3,round5,depression
Mỗi lần tôi chán nản công việc là xem video này ngay tin thần vực dậy làm như điênn,0,human_gold_round5,3,round5,normal
"nam mô a di đà phật ,thầy ơi ko biết con có bị bệnh trầm cảm ko mà thầy giảng ,cái gì con cũng có hết .hu hu",0,human_gold_round5,3,round5,normal
vô tình khiến mình chết dần chết mòn bên trong 🙂… chia sẻ r nhận lại sự phản bội còn đau hơn,0,human_gold_round5,3,round5,normal
"Ờ, em có thể còn hơi nhỏ (10t) và năm nay em thi chuyển cấp nên áp lực học tập khá cao và gia đình cũng muốn em đỗ trường chất lượng cao ý nên em cảm thấy mệt mỏi lắm. Lớp 5 thôi mà hôm nào cũng 9 giờ rưỡi mới về tới nhà, viết văn thì cô hỏi sao lại thường ngày em về nhà lúc 9 rưỡi thì em tan học rồi đi học thêm mà cô. Thứ 7, CN thì đè người ra làm bài tập, đống bài tập thì chất một đống như núi ý mà làm xong thì phụ huynh nhồi thêm cho mấy cái đề nâng cao vào để làm tiếp nữa. Em cảm thấy lực học của em vậy cũng được rồi mà cứ phải học nhiều...em cảm thấy chán sống lắm...đôi lúc em còn tự hỏi chết sao cho nhanh nhất có thể...",1,human_gold_round5,3,round5,depression
Không áp lực 😢😢😢😢,0,human_gold_round5,3,round5,normal
Cảm giác trống rỗng 😢,1,human_gold_round5,3,round5,depression
"Đúng mình có người nhà suốt ngày suy nghĩ tiêu cực về tiền , tham lam , ích kỷ , coi thường người khác , luôn tìm cách dìm những người nghèo và hiền lành trong gia đình ... nên người này ốm đau quanh năm , người luôn nóng bốc hoả quanh năm , mở mồm ra là thái độ và hằn học . Ai ở cạnh họ đều bị bệnh ... tránh xa người này thì hết bệnh , nên bs nói là quá đúng ...con người mang tâm xấu thì sức khoẻ rất tồi tâm đức rất tồi . Chắc trời quả báo .",0,human_gold_round5,3,round5,normal
"Cách đây 3 năm,bạn thân của con trai tôi cũng như vậy,ra đi khi vừa tròn 18 tuổi được 1 tuần và cách ngày thi 1 tuần... tôi đã khóc khi nhìn thấy cháu nằm trong quan tài mà mắt vẫn còn hé mở...đôi kính cận vấn còn đeo trên khuôn mặt của cháu.... tôi đã chia sẻ cùng hội phụ huynh để mọi người không tạo áp lực mà chỉ đồng hành cùng các con thật thoải mái... không áp lực... vừa xong dịch nên các con cũng rất lo lắng... tôi chỉ cần con đậu tốt nghiệp là được... không cần kết quả cao... và kết quả thì tất cả các con đều đậu tốt nghiệp... giờ con trai đã là SV năm 3, có bạn thì học nghề... không sao cả... chỉ cần các con khỏe mạnh bình an là được... hôm nay là ngày đầu tiên các bạn thi tốt nghiệp cấp 3.... chúc các con thi thuận lợi... cứ cố gắng hết sức là được... các con luôn là niềm tự hào của ba mẹ... mọi người luôn tự hào về con ❤❤❤",0,human_gold_round5,3,round5,normal
Mẹ mình nói “ ko cần con đạt đến một thứ gì đó cao quý mẹ cũng ko cần con có điểm số cao chỉ cần con tự dác học là được “ mẹ mình chưa bao giờ tạo cho mình áp lực học tập hay gì hết mẹ chỉ mong mình sống tốt và đừng nghỉ quẩn là được,0,human_gold_round5,3,round5,normal
"Mình bị mấy năm rồi😔 mọi ng vẫn nghĩ mình bt, nhưng ai tiếp xúc và tinh ý sẽ nhận ra",1,human_gold_round5,3,round5,depression
"Mình lúc nhỏ không được đi chơi với bạn bè, lúc nào cũng phải ở nhà để trông em, nấu ăn, giặt quần áo. Hầu như cả thời gian sống chung với cha mẹ mình chỉ đi học, về nhà phụ bố mẹ, đưa em mình đi học. Đến năm mình học hết lớp 12 thì mẹ có nói mình là con gái nên không cần phải học nhiều, sau này cũng lấy chồng. Nói mình nên nghĩ học để đi làm phụ giúp cha mẹ lo cho em học. Hoặc đi lấy chồng nước ngoài để phụ giúp gia đình. Lúc đó mình đã khóc và cãi nhau với mẹ, sau đó cha mình đã can ngăn và mình được đi học tiếp. Mình được đi học tiếp nhưng không được học ngành mình thích, lúc đó mình cũng không có điện thoại để xem thông tin về những ngành học. Và mình phải ở nhà người quen trong 4 năm học đại học. Mình có cảm giác như mình đang bị giam cầm trong chính gia đình mình. Nhiều lần mình xin mẹ ra ngoài ở trọ và nói mình sẽ tự đi làm để trả tiền trọ nhưng mẹ mình vẫn không cho. Mẹ mình nói con gái ra ở trọ một mình sẽ hư. Mẹ mình thường so sánh mình với con của cô mình nói là con cô mình học hết lớp 12. Nghỉ học giờ đi làm được tháng 7 triệu, còn mình không biết khi nào mới kiếm được tiền. Những điều đó làm mình tủi thân vô cùng. Và mình đã từng ước gì mình không phải là con gái. Mình rất cô đơn trong khoảng thời gian đó, mình không có bạn bè. Mình cảm thấy ganh tỵ với những bạn được cha mẹ cho ra ở trọ, được trải nghiệm cuộc sống sinh viên, được đi chơi cùng với bạn bè. Mình cũng đã thử đi làm thêm sau giờ học để chứng minh với mẹ là mình có thể kiếm được tiền và có thể ra ở trọ riêng. Nhưng cuối cùng mình cũng phải nghĩ việc làm thêm vì thường xuyên về trễ, nên nhà người quen nhiều lần đợi mình về. Sau 4 năm học xong thì mình đã quyết định sang nước ngoài làm việc. Mình muốn được tự do và muốn em mình sau này sẽ được học ngành mà em ấy thích, không phải lo đến chuyện tiền bạc và phụ cha mẹ về kinh tế. Sau khi mình sang nước ngoài thì mình cảm thấy cuộc sống của mình tốt hơn, mình được tự do , thu nhập tốt có thể lo được cho cha mẹ và em mình. Hiện tại mẹ mình thường xuyên gọi cho mình nhưng mỗi lần nói chuyện với mẹ mình lại cảm thấy khó chịu và cảm thấy phiền khi mẹ gọi quá thường xuyên. Và mình hay bị ám ảnh về những chuyện đã xảy ra lúc trước.",0,human_gold_round5,3,round5,normal
"Tui bị 2 người và nhiều lần. Cũng 2 ng đó. Giờ tui k thấy tổn thương gì,qua rồi. Tui cũng cho họ qua...",0,human_gold_round5,3,round5,normal
"Thời điểm này khi chị Chi nhìn lại chị Chi có cái nhìn thoáng hơn nhưng ở lứa tuổi 18 thì khó bạn nào có thể sống với tư tưởng thoải mái đặc biệt những bạn có hoàn cảnh khó khăn. Nhưng đặt câu hỏi trở lại nếu thời điểm đó, chị Chi không so sánh mình với bạn bè như vậy thì chưa chắc chị Chi có sự cố gắng để đạt được mọi thứ như bây giờ. Em nghĩ mọi thứ xảy ra đều có lý do của nó, đôi khi sự so sánh, áp lực hoàn cảnh lại tạo ra những điều tốt đẹp.",0,human_gold_round5,3,round5,normal
Trong việc học tập mình sợ mình không đủ giỏi bố mẹ đi so sánh mình với những người khác mỗi lần như vậy mình cũng chỉ biết im lặng😢😢😊😊,0,human_gold_round5,3,round5,normal
Đà Lạt 3h sáng vẫn lạnh như mọi ngày chỉ có tôi và một nỗi buồn không tên,0,human_gold_round5,3,round5,normal
Cảm giác bị người khác phản bội ..... Nó đau lắm 😔,0,human_gold_round5,3,round5,normal
Stress nhỏ chứ không bị stress nha!😊,0,human_gold_round5,3,round5,normal
"trống rỗng, xung quanh là bóng tối, không lo không nghĩ không ấm ức không ray rức, không khóc nổi...",1,human_gold_round5,3,round5,depression
"Chị cho hỏi, em có tập thiền theo bài của chị để giảm lo lắng và co thắt dạ dày nhưng vẫn không đỡ co thắt. Liệu còn cách nào không chị . Cám ơn chị",0,human_gold_round5,3,round5,normal
"Ý nghĩa lớn nhất của video đối với em chắc là việc đừng báo giờ cố gắng ép chín quá sớm điều gì hãy để nó diễn ra tự nhiên từng bước dù khó khăn hay dễ dàng như nào, cảm ơn video này của anh mong anh trí làm 1 clip giúp chúng ta tìm ra những điểm mạnh, ước mơ hoài bão của bản thân, tìm ra được niềm vui, ý nghĩa của cuộc sống khi chúng ta ko biết mình đang thực sự hứng thú điều gì, chán ghét điều gì",0,human_gold_round5,3,round5,normal
Tưởng bị chấn thương hay mất trí nhớ j đó ai ngờ đi luôn 😮,0,human_gold_round5,3,round5,normal
gần nhà mình có bạn bị trâmf cảm ák tối ngày k thấy bạn nở nụ cười nào luôn,0,human_gold_round5,3,round5,normal
Toii giấuu hiệu thứ 6 áa tui cảm thấy rất buồn tôi có ước mơ để trốnn tránhh là một nơi ko ai bt tưởng đến nhiều về nơi du lịchh😔,0,human_gold_round5,3,round5,normal
"Tâm hồn em đang bị tổn thương bởi nhiều phía từ gia đình, tình yêu. Nhưng thật may khi em vô tình tìm được chị, những chia sẻ này. Chị như một người đang bồi đắp lại tâm hồn em, giúp em nhẹ lòng hơn rất nhiều. Em cảm ơn chị",0,human_gold_round5,3,round5,normal
"Bạn ơi, mình rất cảm kích khi có 1 kênh Tiếng Việt làm về mental health nhưng mà mình có 1 số góp ý sau khi làm về những nội dung liên quan đến sức khoẻ, hy vọng kênh chuyên nghiệp hơn trong tương lai: 1 trước khi làm các video thì hãy làm 1 cái disclaimer cảnh báo về từ chối trách nhiệm và các chẩn đoán cũng như lời khuyên y tế, thứ 2 về rối loạn lưỡng cực thì k nhất thiết phải có tất cả các triệu chứng hưng cảm hay trầm cảm trên mới được chân đoán xác định. Tốt nhất nên được khám và chẩn đoán với bs chuyên khoa. Về psychiatrist mình có recommend kênh của DR Tracy Mart nha bạn. Tìm hiểu thêm để hiểu sâu hơn về mental health nhé. Bác giải thích cực kì dễ hiểu luôn đó. Thanks bạn vì công sức bạn bỏ ra làm vid mình biết là không nhỏ.",0,human_gold_round5,3,round5,normal
Tôi đã cố gắng cười nhưng ko đc 😭😭😭😭,1,human_gold_round5,3,round5,depression
Con ngủ tối cứ chập chờn.. Buổi sáng thì cũng zay không buồn ngủ.. Riết người yểu oải,0,human_gold_round5,3,round5,normal
"Anh còn nhớ 24 trên 7 cuộc gọi bên FaceTime Em kể anh nghe về lần đầu tiên em nắm bàn tay nam Học chung trường, về chung hướng, nãy sinh tình yêu đầu Câu trả lời thì em đã rõ khi nó thỏa mãn được yêu cầu Em kể anh nghe về một gia đình luôn làm em ám ảnh Ngôi nhà màu hồng của em từng mong đã chia thành tám mảnh Những vết bầm, để lại sẹo đến nay vẫn không lành Tuổi 18 của đứa con gái dấn thân vào trong ngành Em kể anh nghe những con đường bước chân em để dấu Và hai lần phòng bác sĩ đã làm em chảy máu Cả hai lần chung một người đã làm em tin thêm Sau lần đó rằng em mới biết ông trời không linh thiêng Em kể anh nghe, bao nguyên vọng mà em hằng ao ước Nếu thực hiện được những điều đó, em muốn bỏ qua niềm đau trước Em muốn một căn nhà nhỏ, đâu nhất thiết phải sang trọng Một người chồng tốt, vài đứa con ngoan mới chính là quan trọng Hôm đó em kể tới khan họng, khàn giọng Xong lấy tay vội che đi giọt nước mắt còn đang đọng trên má Thấy tâm trạng em không khá, anh chẳng biết nói gì thêm Khuyên em ngủ sớm, thức chi, giờ này cũng 12 giờ đêm Em lạnh lùng đáp trả, cảm ơn anh người lắng nghe Rồi cười khẽ, miệng còn nói ghét nhất cái vị đắng the Tiếng cúp máy bên kia, đầu dây đây gọi lại không bắt ""Em à, nếu thời gian quay lại anh muốn vậy hoài không tắt"" Câu chuyện lặp lại sau vài ngày em mất... Anh còn nhớ 24 trên 7 cuộc gọi bên FaceTime... Nguồn tin: Musixmatch",0,human_gold_round5,3,round5,normal
Nhà tôi hai vợ chồng ko ghen nhau nhưng mà nhạt như nước ốc Chồng tôi ở ngoài cười nói vui vẻ nhưng về nhà thì nếu ko hầm hầm cái mặt và gắt gõng thì lạnh tanh ko ai nói với ai điều gì 30 năm làm vợ nhưng đêm nằm đc chồng ôm chỉ đếm đầu ngón tay Nhiều lần tôi bắt gặp chồng nhìn trộm tôi bằng ánh mắt ko thiện cảm,1,human_gold_round5,3,round5,depression
"Mới hồi chiều còn đi chung trên đường đi làm về. Vậy mà tối về e nói kết thúc. Kết thúc vì cái quá khứ của a làm cho e thất vọng mất lòng tin. Nhưng e à đó là quá khứ của mấy năm rồi. S e không nhìn vào cái hiện tại này. A làm gì sai chưa a đồi hỏi gì e không hay a chỉ biết thương e nhớ e.tại s e lại k chiệu hiểu cho a. Hiện tại này e mới là người tìm hiểu a.s e không tin a mà đi nghe lời người ta nói vậy.liệu người đó là nyc của a thì người ta có nói tốt cho a không e.s e k chiệu hiểu như vậy hả e,,mất e như vậy a đau đến quặn lòng a cay đắng vì hiện tại a chưa làm gì có lổi với e mà chỉ biết thương e. Nếu a biết trước tương lai gặp e quen e thương e nhiều đến như thế này. Thì ngay cả nt với người con gái khác a cũng k dám. Chứ nói gì có nyc. Giờ a phải chấp nhận mất e trong cái quá khứ mà a và e chưa biết gì về nhau. Nhớ tới thôi là nhói đau.. nhớ e thì k thể nt cho e. Gặp e lại không dám nhìn vì sợ e thấy a làm e ghét a thêm. E biết tại sao a lại sợ vậy không vì a vẩn còn muốn có hi vọng e hảy nhìn vào hiện tại là a rất thương e... e oi a đau lắm....",0,human_gold_round5,3,round5,normal
"Tôi nhiều lúc cười lắm, nhưng nụ cười đó lâu lâu lại pha trộn vị chua chát đau thương. Đôi lúc tôi rất muốn mình cười nhưng mà lại chẳng thể cười đc thay vào đó là nước mắt chảy dàu trên má",1,human_gold_round5,3,round5,depression
Em đã vượt qua được nỗi cô đơn khi không còn tụ tập bạn bè vô bổ.,0,human_gold_round5,3,round5,normal
29 sắp 30 mải mê vật lộn với cuộc sống hiện tại mà lâu lắm rồi không biết đến cảm giác yêu 1 người nó ra sao...buồn thật,0,human_gold_round5,3,round5,normal
"Trầm cảm đang là nỗi lo lớn nhất- con tôi bệnh, hãy cho tôi số điện thoại BS tư vấn! Cám ơn nhiều",0,human_gold_round5,3,round5,normal
"Dường như các ông chẳng hiểu gì Kinh Thánh là lời Chúa. Các ông hiểu gì về câu Kinh Thánh dưới đây? Chương 9 - Sách Giảng Viên câu 5,6 “Người sống ít ra cũng biết mình sẽ chết, còn người chết chẳng biết gì cả; họ đâu còn được hưởng điều gì, vì đã bị rơi vào quên lãng.6 Bao yêu thương, oán hờn, ganh tị của họ đã tiêu tan cả rồi, và muôn đời họ sẽ ​không được dự phần vào bất cứ chuyện gì xảy ra dưới ánh mặt trời nữa.”",0,human_gold_round5,3,round5,normal
Trong khi cho con bú k uống thuốc được thì làm sao để khỏi bệnh trầm cảm sau sinh ạ,0,human_gold_round5,3,round5,normal
"Em đã và đang rơi vào trong giai đoạn Quater Life Crisis này. Em đang gặp khó khăn trong sự nghiệp khi chưa tìm thấy định hướng cho mình và cũng đang lục đục với người yêu nên em đang cảm thấy rất messy và không biết bắt đầu từ đầu nhưng nghe được vấn đề của thầy Qoéo giúp em cảm thấy thoải mái hơn. Em sẽ hành động bắt đầu từ hôm nay từ những điều nhỏ nhất, sống tích cực hơn, quan tâm tốt cho bản thân cả về sức khỏe, tinh thần lẫn sự nghiệp để có đủ sức quan tâm đến người thân cũng như người bạn gái của mình. Rất cảm ơn những chia sẻ của thầy. 5 năm sau em sẽ quay lại và xem lại bản thân đã làm được những gì. Các bạn và tôi ơi, cùng nhau vượt qua nhé!",0,human_gold_round5,3,round5,normal
"tôi tự hỏi không biết mình có nên sống tiếp nữa không , tôi ÁP LỰC lắm rồi 😞",1,human_gold_round5,3,round5,depression
"Từ ngày ấy con tim chẳng còn rung động trước ai nữa Có một người đã từng nói:"" Luôn có tg, bất kể khi nào cũng được☺"" Hóa ra đó là câu nói khiến mình đau nhất và nhớ nhất💔",0,human_gold_round5,3,round5,normal
"bài hát này thật sự đã giúp mình rất nhiều trong đợt thi tuyển sinh vừa rồi . Khoảng tg vùi đầu vào đống sách vở, khá stress , lịch học thêm dày đặc, nhìn thấy sách vở là muốn nôn … nhưng rồi mình tìm thấy bài nhạc này, heolyt2 đã giúp mình vượt qua khoảng tg đó. Mình đã từng ngồi 4 ngày nghỉ lễ chỉ ở trong phòng và học bài , mình dành tg đó để học thuộc văn bà bh này như một cái gì đấy thôi thúc mình , giúp mình thư giãn và học hiệu quả hơn . Dù kì thi tuyển sinh đã qua khá lâu nhưng mình vẫn muốn qlai đây để chia sẻ và dành lời cảm ơn đến tác giả bà hát . Cảm ơn vì đã mang đến 1 bài hát hay và ý nghĩa đến v 🌷",0,human_gold_round5,3,round5,normal
lúc nào tui cũng đang tưởng tượng hết 😌,0,human_gold_round5,3,round5,normal
"chị đầu tiên tâm sự quá giống mình,là một người con gái nhưng luôn có suy nghĩ gồng gánh tất cả",0,human_gold_round5,3,round5,normal
Tui đạp xe đạp hơn 1 năm vs cái lip đề nặng nhất 😅😅😅 đạp max tốc của lực chân mình kèm tập gym ăn nhiều vào cái bắp chân nó gạn tôi bị 2 bạn gạn đếm đủ gần 60 sợi 🤣 🤣🤣,0,human_gold_round5,3,round5,normal
Trên đời này không có ai vô tâm hết cả,0,human_gold_round5,3,round5,normal
Tôi mệt lắm rồi Học 1 cũng học hai cũng học học giỏi đến đâu cũng phải học 😊,0,human_gold_round5,3,round5,normal
"Bạn biết gì không .Năm nay tớ học l11 nhưng trong đầu tớ vẫn luôn có cảm xúc tự hào tự hào rằng mình đã đạt điểm hơn monh muốn đã đỗ nv1 và luôn nhớ về nó .Và bạn biết không vì những suy nghĩ như trên đã khiến bản thân mình dậm chân tại chỗ ,mình đã kiêu ngạo nghĩ mình học giỏi hơn các bạn trong lớp khác nên bỏ bê học hành còn các bạn điểm thấp hơn mik tẹo đã cố gắng nỗ lực hết mình và có những thành quả tốt đẹp còn mik thì cứ dậm chân tại chỗ ấy thôi.Cho đến giây phút này mình đã biết được bản thân chỉ là hạt cát trên sa mạc .Tầm thường và nhỏ bé .Núi cao còn có núi cao hơn .Mà người ta nói không có gì là đích cuối cả .Ngay cả người già còn phải ngày đêm suy nghĩ xem mai mình sẽ làm gì để đỡ phí thời gian. Phải vậy sẽ chẳng có gì là chấm hết cả và chỉ khi dậm chân tại chỗ thì khi đó cơ hội sẽ chẳng còn.",0,human_gold_round5,3,round5,normal
"mình căng thẳng lâu ngày, cortisone cao lâu ngày. lúc đầu biểu hiện qua hệ miễn dịch cứ căng thẳng là nổi mề đay, ngồi thư giãn thì k bị, giờ mề đay khỏi rồi vì mình chủ động nghỉ bớt việc, thời gian này stress việc khác cái bị tuyến giáp luôn, lại đang lật đật điều chỉnh lại sinh hoạt đây. Hi vọng mọi người sẽ chú ý đến sức khoẻ tinh thần của bản thân hơn",0,human_gold_round5,3,round5,normal
"Em biết em chỉ mới là một học sinh sắp sửa lên cấp 3 thôi, vì thế những tiêu cực của em có thể rất nhỏ bé với nhiều người ở đây nhưng em mong được tâm sự chuyện thi ts10 của em ạ. Thật sự 2 ngày thi đó, em đã làm bài rất tệ, nó tệ hơn những gì mà em nghĩ rất rất nhiều. Trước đó khi học 4 năm cấp 2, em khá tự tin về lực học của bản thân; cùng việc em đã cố gắng luyện tập trong những tháng của HK2 lớp 9 nên em đã đặt NV khá cao và cũng tự tin vào kì thi trước mắt. Nhưng em đã đánh mất sự tự tin ấy ở ngay bài thi đầu tiên là môn Văn, em không giỏi đến mức 8 điểm nên em chỉ mong đến 7 điểm thôi, nhưng ở bài thi này nó tệ ngoài sức tưởng tượng của em. Không chỉ bài thi Văn mà còn cả bài thi Toán, môn em tự tin nhất cũng là môn em luyện tập nhiều nhất, em đã rất bất cẩn ở những câu dễ thế là mấy rất nhiều điểm. Ngay sau hai ngày thi, em đã không khóc, đúng hơn là không thể khóc vì quá sốc. Sau đó khoảng 1 tuần, em mới có thể bình tĩnh nhìn lại được hai ngày đó . Lúc đó em đã thật sự rất buồn và cả những ngày hè của em lúc đó chiềm trong sự bất an, lo sợ đến cái ngày phải biết điểm thi. Em đã tự hỏi tại sao bản thân đã không cố gắng hơn nữa? Tại sao lại tệ như thế? Tại sao mọi chuyện lại xảy ra như thế? Tại sao không phải ai khác mà lại là em? Đây là thất bại lớn đầu tiên của em trên con đường học tập, em đã rất khó khăn trong việc bình ổn lại cảm xúc. Cảm ơn anh Tun và chị Vy vì chiếc video này ạ, nhờ nó mà em đã có thể ổn hơn và chuẩn bị cho ngày 20/6 biết điểm thi. Cảm ơn mọi người đã đọc những tâm sự của em ạ❤❤❤❤❤",0,human_gold_round5,3,round5,normal
Con xin thành tâm thống hối mọi tội lỗi con gây ra...con đã ko yêu bản thân mình nhiều...con nghĩ con nên thay đổi bản thân và cố gắng suy nghĩ tích cực hơn,0,human_gold_round5,3,round5,normal
"""Tự tin phải từ năng lực nội tại bên trong""",0,human_gold_round5,3,round5,normal
bác cho cháu hỏi cháu mất ngủ ngủ k sau giất,0,human_gold_round5,3,round5,normal
"Rồi đến khi con nó tự tử thì lại tự dày vò bản thân, nói này nói nọ",0,human_gold_round5,3,round5,normal
Stress nhẹ 😊❤,0,human_gold_round5,3,round5,normal
Stress nhẹ 😘😘,0,human_gold_round5,3,round5,normal
"với tôi gia đinh là nơi mà tôi không muốn về nhất vì mỗi lần về là lại phải nghe những lời ns mà mih kh muốn nghe nhất hở tí là so sánh hở tí là ns mih như này như nọ lúc nào về cx phải nghe "" m nhìn con nhà ngta kìa nó nhỏ như thế mà còn bt lm đủ thứ còn m lớn tướng r mà chả lm dc cgi cả"" còn cả những lần ns đuổi r cuối cùng là ném hết đồ của mih r chửi mih mà trog khi là đã đuổi đi r thì còn giữ mih lại lm gì r ns mih này nọ",1,human_gold_round5,3,round5,depression
"Tôi đã tìm bao nhiêu cách giải quyết mọi vấn đề từ gia đình , nhưng mà cái chết mới là đáp án cuối cùng. 😊 Tôi k chịu nổi nữa",1,human_gold_round5,3,round5,depression
Mình và chồng ly hôn 3nam 1nam sau a ta có vợ rồi mỗi lần.tới sinh nhật con a ta cho tiền là vợ a ta dt chửi cứ cách nữa thág a ta liên hệ là bị chửi hiện tại a ta ly hôn vợ nhưg kêu mẹ con mình quay về nhưg a ta nói k thương mình nua chi xem mình là bạn vì a ta k quen dc vợ hiện tại.mình mệt mõi lắm.,1,human_gold_round5,3,round5,depression
Mình thường xả cảm xúc tiêu cực bằng cách nhìn vào gương rồi suy nghĩ trong đầu. Lần sau sẽ thử áp dụng cách của anh nghe có vẻ ổn hơn 😍,0,human_gold_round5,3,round5,normal
"Ai rồi cũng phải trải qua cảm giác đơn độc, chỉ là sớm hay muộn mà thôi 😊😊 Cô đơn luôn ở đó, đồng hành cùng với ta đến hết cuộc đời ❤",0,human_gold_round5,3,round5,normal
"hè năm lớp 8 lúc đi học bồi dưỡng hsg môn sử mình đã gặp gv dạy toán ở trường, thầy hỏi mình đi đâu, mình bảo mình đi học bồi dưỡng thầy liền hỏi lại 1 câu rằng: ""học ngu như e mà cũng đi học bồi dưỡng à?"" mặc dù thành tích môn toán của mình cũng thuộc dạng khá, mình cũng nằm trong đội tuyển môn hóa, mình chỉ học lệch môn toán và anh. thầy không hề hiểu rõ về năng lực của mình nhưng thầy lại nói ra một câu rất tổn thương với mình. bây giờ mình chuẩn bị là sinh viên năm 2 rồi và mình vẫn mãi không quên được câu nói đó, đó như là động lực để mình tiến bộ mỗi ngày nhưng cũng là vết thương không bao giờ lành. Mình từng trách thầy nhưng mình bây giờ thì không, mình chỉ chẳng thể quên câu nói đó thôi.",0,human_gold_round5,3,round5,normal
"Ờ, bây giờ tui ko có áp lực điểm số (Vì tôi học trường bổ túc rồi) :(",0,human_gold_round5,3,round5,normal
Thật tệ tôi cảm thấy đau lòng lắm cái cách mẹ đối xử với tôi sao mà buồn quá 😞😞,1,human_gold_round5,3,round5,depression
"Lesson from Q&A Chữa lành #01: Làm sao CHỮA LÀNH nỗi đau quá khứ? Tha thứ cho mình để CHỮA LÀNH | QACL Nhi Le - Khóc là chữa lành vết thương bên trong mình. - Không đè nén cảm xúc khi chữa lành. - Tha thứ cho chính mình vì mình là một con người, con người là có cảm xúc. Không cho mình là thánh thần hay những thứ cao siêu - Đối diện sự thật (quá khứ của mình) một cách bình thường. (Nói về những thứ mình trải qua trong quá khứ vì sự thật đời ai cũng khổ như nhau) - Người ta còn quá bận với chuyện của họ thì không có thời gian đánh giá mình - Cách chữa lành: Đối mặt với chính mình và dành thời gian để cảm giác nỗi đau trong quá khứ (Mình phải làm mỗi buổi sáng) > Yêu thương chính mình ""Bạn không sao đâu, dù bạn có đau mấy đi chăng nữa thì mình vẫn là người chăm sóc cho bạn, làm mọi thứ với bạn. Vì mình yêu bạn đủ nhiều để chăm sóc cho một bệnh nhân như bạn. Bạn đứng lên lại được vì tôi tin như vậy và tôi yêu bạn đủ nhiều để tôi tin bạn thành công như Mr.Beast :))"" - Tổn thương tâm trí cũng là một loại bệnh. - Chấp nhận mình yếu đuối một thời gian nhưng không cho mình yếu đuối quá lâu. - Sau 7 ngày kiểu gì cũng khá hơn, hãy thực hành hàng ngày. - Phải thực sự đối diện với chính mình, viết ra giấy nhưng suy nghĩ của của mình để chữa lành. - Chấp nhận rằng mình cũng là một phần của cái khổ. - Lúc nào cũng phải chữa lành (Mình chưa dành đủ thời gian một mình cho chính mình thì tâm hồn của mình bị tổn thương và đợi người khác yêu thương) - Mỗi ngày chữa lành một xíu",0,human_gold_round5,3,round5,normal
Chợt giật mình nhận ra Thời gian trôi xa ký ức nhạt nhoà Nhớ ngày thuở bé thơ vui đùa Chẳng phải lo nghĩ đến điều chi Ở trên con đường quanh co Có bao người đi theo nó Dõi theo từng nhịp bước chân hôm nào Rồi ngày mai phải lớn thôi Bao sóng gió với những giọt mồ hôi Trân trọng hơn cuộc sống này Và học được nhiều điều hay Đặt bàn tay lên trán nghĩ bao điều Chợt nhận ra mạnh mẽ hơn rất nhiều Có lẽ ai cũng sẽ phải lớn Để hiểu chuyện hơn Cuộc sống cho ta buồn vui Thời gian cứ đi mất chẳng hỏi ai Cứ lặng lẽ tạm biệt bye bye Để bây giờ cảm thấy cô đơn Cần điều gì hơn Ai cũng phải lớn,0,human_gold_round5,3,round5,normal
"Đừng tuyệt vọng, tôi ơi đừng tuyệt vọng Lá mùa thu rơi rụng giữa mùa đông Đừng tuyệt vọng, em ơi đừng tuyệt vọng Em là tôi và tôi cũng là em Con diều bay mà linh hồn lạnh lẽo Con diều rơi cho vực thẳm buồn thêm Tôi là ai mà còn ghi dấu lệ Tôi là ai mà còn trần gian thế Tôi là ai, là ai, là ai? Mà yêu quá đời này Đừng tuyệt vọng, tôi ơi đừng tuyệt vọng Nắng vàng phai như một nỗi đời riêng Đừng tuyệt vọng, em ơi đừng tuyệt vọng Em hồn nhiên rồi em sẽ bình minh Có đường xa và nắng chiều quạnh quẽ Có hồn ai đang nhè nhẹ sầu lên Đừng tuyệt vọng, tôi ơi đừng tuyệt vọng Lá mùa thu rơi rụng giữa mùa đông Đừng tuyệt vọng, em ơi đừng tuyệt vọng Em là tôi và tôi cũng là em Con diều bay mà linh hồn lạnh lẽo Con diều rơi cho vực thẳm buồn thêm Tôi là ai mà còn ghi dấu lệ Tôi là ai mà còn trần gian thế Tôi là ai, là ai, là ai? Mà yêu quá đời này Đừng tuyệt vọng, tôi ơi đừng tuyệt vọng Nắng vàng phai như một nỗi đời riêng Đừng tuyệt vọng, em ơi đừng tuyệt vọng Em hồn nhiên rồi em sẽ bình minh Có đường xa và nắng chiều quạnh quẽ Có hồn ai đang nhè nhẹ sầu lên",0,human_gold_round5,3,round5,normal
Chương trình mới làm em stress cực nhưng giờ đỡ hơn rồi 🥰,0,human_gold_round5,3,round5,normal
Ta thà sống cuộc đời đơn độc để không phải đơn độc,0,human_gold_round5,3,round5,normal
"Em ước gì 3 năm trước e có duyên đc gặp clip của chị. Nhưng 3 năm qua, e đã tự đứng dậy từ chính chỗ mình gục ngã. Câu nói mà em luôn luôn ghi nhớ "" Con chim khi đậu trên cành thì không bao giờ sợ cành cây ấy gãy. Vì đơn giản, nó không đặt niềm tin vào cành cây ấy, mà đặt niềm tin vào đôi cánh của nó. Đừng vì một lần yêu lầm mà sợ yêu lần nữa hãy tin vào đôi cánh của mình, tin vào chính mình"". Các bạn hãy cố gắng vượt qua đi, tất cả chỉ là thời gian ban đầu thôi :) Mình đã từng vượt qua những ngày vô cùng đau khổ, nhưng bây giờ mình yêu bản thân mình nhất rồi nên mọi chuyện luôn ổn thôi.",0,human_gold_round5,3,round5,normal
1. Trì hoãn việc ôn luyện để thi. 2. Trì hoãn việc học tiếng Anh. 3. Luôn nói không có thời gian học nhưng khi có thì lại ngồi xem điện thoại. 4. Trì hoãn việc tập thể dục. 5. Không có kỷ luật bền vững. 6. Luôn lập kế hoạch rất chuyên nghiệp nhưng chỉ được 1-2 ngày lại đâu vào đấy. 7. Luôn có mục tiêu nhưng cứ nghĩ mình còn nhiều thời gian. 8. Luôn lên mạng tìm video động lực nhưng khi ngồi học thì lại mệt mỏi. 9. Mua sách về nhưng không bao giờ đọc. 10. Luôn suy nghĩ rất nhiều về cuộc sống trong lúc làm việc nhưng khi rảnh thì lại chơi game.,0,human_gold_round5,3,round5,normal
"Người ta nói trẻ em như trang giấy trắng khi nó còn nhỏ ít nhất có mệt cũng nên tâm sự với nó và giải thik cái này cái kìa vì sao con ko nên làm hay nên làm để trẻ em tiếp thu tốt và sẽ hiểu cho cha mẹ sau này nếu cha mẹ vẫn muốn nuôi con nên người. Chứ đừng cứ nói xong con nó khóc thì ko quan tâm vì một lúc nó nín là bình thường trở lại, thật ra ko hề nếu phụ huynh làm vậy là trẻ con sẽ tiếp thu theo 1 cách khác và khi phụ huynh ko chịu thay đổi tính cách mik đi thà mệt một chút còn hơn sau này con nó lớn làm sai càng khó thay đổi rồi lại kêu con nó hư lì lợm nhưng cũng do cách cha mẹ đối xử và dạy cho trẻ tiếp thu ntn từ khi trang giấy còn trắng",0,human_gold_round5,3,round5,normal
Mình không biết bạn dùng từ chuẩn không vì rl lo âu nó là bệnh tâm lí tâm lí và tâm thần khác nhau ấy,0,human_gold_round5,3,round5,normal
"Ba mẹ đừng la con của mik có thể con mik sẽ áp lực,nó sẽ ko tốt và con sẽ nghĩ mik ko cần trong gia đình. Một lời khen ko có mà còn áp lực cho con nx thì làm sao đc kiếm công việc đc, nên cha mẹ đừng la cứ cho con thoải mái đi r cx sẽ có ngày con gái học tốt và kiếm đc nhiều việc...",0,human_gold_round5,3,round5,normal
nhiều lúc buồn chả biết làm gì ngoài nghe nhạc 🥺,0,human_gold_round5,3,round5,normal
mett mỏi quaa🥺,0,human_gold_round5,3,round5,normal
"Khi con chào đời để duy trì nòi giống, để thỏa mãn dục vọng của cha mẹ, cha mẹ sinh con như trg vô thức theo mô hình xã hội ( bậc phụ huynh như trên phóng sự ko đánh đồng ạ), phải thực sự thấy mình đủ kiến thức và trách nhiệm thì hãy đưa 1 đứa nhóc tới thế giới này 😊😢 đừng để về sau lớn lên nó sẽ trở thành nô lệ của đồng tiền hay 1 kẻ gánh vác luân lý trên vai vs 1 tâm hồn nhiều thương tổn",0,human_gold_round5,3,round5,normal
"Lời và nhạc tâm trạng buồn thiếc , Cuộc sống hiện thực của tôi là z đó.",0,human_gold_round5,3,round5,normal
Con đang bế tắc quá vào nghe thầy giảng cho tâm tịnh lại.giờ con ko biết phải làm sao.,1,human_gold_round5,3,round5,depression
"Thầy đáng mến thật sự ạ, con tuổi còn nhỏ, đang học và làm vc ở nước ngoài, bên con là rất nhiều tiêu cực, mệt mỏi, ganh đua, áp lực cuộc sống. Con chẳng biết bám vào đâu để con đường phía trước bớt gai góc, chỉ có thể tạo cho mình vỏ bọc thật dày, đi đôi dép thật bền để đỡ đau chân thôi ạ. Hôm nay nghe được cuộc nói chuyện này của thầy và ekip con thực sự thấy mãn nguyện và nhận ra rất rất nhiều điều. Con cảm ơn thầy và chị Thuỳ Minh đã , đang làm những điều tốt đẹp cho xã hội và cộng đồng ❤",0,human_gold_round5,3,round5,normal
em không dám nghe sợ tim tan vỡ thêm,0,human_gold_round5,3,round5,normal
Thuốc ko thể chữa bệnh trầm cảm hoàn toàn mà chính bản thân mình mới có thể chữa được bệnh trầm cảm của riêng mình,0,human_gold_round5,3,round5,normal
"Tôi cũng thế, từng tự hào trước môn tiếng anh mà giờ lại chật vật trước ""tự hào"" đó. Nhưng tôi ko bỏ cuộc, ko ngừng nổ lực vì trong tôi không hết hi vọng rằng"" mình sẽ làm được"".",0,human_gold_round5,3,round5,normal
*_-😱😱Thôi thôi từ đây mình không chơi nữa thôi thôi mình sợ quá😱😱-_*,0,human_gold_round5,3,round5,normal
"Tui thì cười như điên cười suốt ngày ko chán , ngủ thì ngủ như heo , nếu buồn thì do ko dc đi chơi gia đình tui thì hạnh phúc lắm va chạm thì va suốt ngày nói thì nhiều chuyện ở trên trời dưới đất , ngày nào cũng muốn gặp người khác để đi chơi , ở nhà thì chán lúc nào cũng muốn ra ngoài đường luôn nghĩ mình là phiên bản tốt nhất và những khi phạm sai lầm thì sẽ sửa đổi",0,human_gold_round5,3,round5,normal
Bố mẹ chỉ nuôi lớn xong để con nuối bố mẹ chứ bố mẹ ko nghĩ đến cảm súc và áp lực của các con đâu,0,human_gold_round5,3,round5,normal
Tội cho chị ở cuối clip quá vừa có con vừa bị u và trầm cảm lại không được người thân cảm thông.,0,human_gold_round5,3,round5,normal
Anh vẫn đau từ lúc e đi !!,0,human_gold_round5,3,round5,normal
Chúc bạn vui vẻ và trầm cảm không quay lại nữa.,0,human_gold_round5,3,round5,normal
Em trách bản thân vì đã ko giữ đc anh để bây giờ em cần ng bên cạnh thì chẳng cs ai . Anh thờ ơ em xem em như ng dưng ko liên quan đến cuộc sống của anh . Nhiều khi ghen nhưng chẳng bs lấy thân phận j để ghen😢😢😢,0,human_gold_round5,3,round5,normal
Khi mn lại ôm em tôi lúc đó tôi rất tủi thân tôi ngồi 1 góc khuất và khóc rất nhiều lúc đó ba tôi lại và dỗ dành và ôm tôi 1 cái và đó là lần tôi nhớ nhất và thế ba tôi đã ra đi mãi mãi trên thế gian😭😭😭,0,human_gold_round5,3,round5,normal
"Những ngày đi làm thông 4-5 ngày . Về chảy cả máu mũi , đặt lưng xuống nằm thì bao nhiêu suy nghĩ âu lo k ngủ đc. Xin phép gửi những âu lo ấy vào bản nhạc này. Chúc bản thân và tất cả mọi người ai đang vất vả mưu sinh. Sẻ luôn thành công trong cuộc sống. Lời chia sẻ của chàng trai 25t sắp làm bố .",0,human_gold_round5,3,round5,normal
"Mình chưa bao giờ là người xuất chúng, thành tích học tập 12 năm của mình đều chỉ tầm tầm trung, nhưng mình biết mình cũng có một vài thứ nổi bật ý chứ. Mng xung quanh mình thường nói mình là một đứa mờ nhạt vì không giỏi nhất một cái gì cả, nhưng điều đó thì sao? Mình vẫn hàng ngày học tập, cố gắng phát huy và sống một cuộc đời hạnh phúc. Mình không phủ định mọi lời nhận xét của mọi người, mình nghĩ mình sẽ xem nó như một vài vết màu được tô qua trong cuộc đời mình, ko xấu xí cũng ko quá đẹp đẽ. Mình chọn một cuộc đời bình thường như thế vì mình thích thế, mình cảm thấy hài lòng và mình muốn tận hưởng nó thôi.",0,human_gold_round5,3,round5,normal
"Lại nhớ đến người cha ở Vĩnh Long. Mất con như mất cả cuộc đời, không còn mục đích sống. Bọn quan chức Vĩnh Long hiện tại thì vẫn ung dung với tội ác mà chúng đã gây ra, t vẫn còn nhớ cái câu khốn nạn nhất mà t từng thấy, mất hết mọe nhân tính "" kẻ gây nguy hiểm cho xã hội đã chết "". Còn về vụ này thì mọi người hãy tìm hiểu về cuộc đời của bà ấy đi, một con người bất hạnh đến mức không thể bất hạnh hơn. Cuộc đời của bà ấy là một chuỗi dài u tối.",0,human_gold_round5,3,round5,normal
"Có anh Trí ơi, mỗi năm em đều xem lại 1 lần để nhận xét bản thân mình có thay đổi gì. Em thấy sự cô đơn nó rút cạn đi cảm xúc của em rất nhiều và em cảm giác bị thờ ơ với cảm xúc ấy. Nhưng khi gặp 1 người có tình cảm với mình thì em lại bị tâm lý rất là muốn bồi đắp liên tục với người đó và vô hình chung làm họ thấy ngộp. Em đang học cách để thay đổi theo nhiều hướng. Hẹn mn năm 2026 em sẽ quay lại cmt xem bản thân thay đổi ra sao ạ.❤",0,human_gold_round5,3,round5,normal
"Mình từng bị như vậy nên mình hiểu cái cảm giác đó nó như thế nào, mấy bạn mà dân thành phố hay con giáo viên thì sẽ hiểu, suốt ngày chỉ học với học, coi phim hay chơi game chỉ được 5 phút rồi lại bị cha mẹ ép đi học thêm hoặc thật nhiều vào, cũng có vài người cha mẹ xem con mình một cái huy chương, nếu thi điểm thấp thì bị đánh nhưng thi điểm cao thì ba mẹ vô trường sẽ hãnh diện nhưng họ không nghĩ tới cảm giác của con của họ.",0,human_gold_round5,3,round5,normal
ảnh nói đang chiên trứng thì nổ cái đùng rồi phỏng cái tay muốn nghỉ ăn cơm,0,human_gold_round5,3,round5,normal
Mình đang xem lại video này. Mình lo lắng về công việc và cả tình cảm.,0,human_gold_round5,3,round5,normal
"không có sự thay đổi nào đến trong một ngày, chúng ta không thể ngăn suy nghĩ xuất hiện nhưng chúng ta có thể rèn bản thân ngăn cho không suy nghĩ tiêu cực xuất hện",0,human_gold_round5,3,round5,normal
Còn áp lực của cha mẹ thì sao 🥀,0,human_gold_round5,3,round5,normal
Mình đâg bị đau chân mà nghe một hồi quên hẳn cơn đâu,0,human_gold_round5,3,round5,normal
"Con xin tri ân công đức của Cô ạ! Thật sự nhờ Cô chia sẻ con mới biết nhân quả của sự bị cô đơn, lạc lõng là do bản thân mình không biết nâng đỡ, giúp người khác hòa nhập vào cộng đồng. Hiện tại, con cũng cảm thấy mình như vậy. Con xin sám hối các tội lỗi do con đã gây ra lúc trước ạ. Con sẽ cố gắng giúp đỡ để không ai bị tình trạng cô đơn, lạc lõng như con bây giờ ạ.",0,human_gold_round5,3,round5,normal
"Chị ơi em hiện tại lớp 10 và muốn học ielts nhưng cảm thấy nền chưa chắc, chỗ đầy chỗ thiếu nhưng em sợ học trung tâm trúng trung tâm phốt lừa... Và địhh học on thì lại lo lớp đông hoặc những lúc em thấy nản rồi suy ra khômg học bữa đó, nên làm gì bây giờ ạ",0,human_gold_round5,3,round5,normal
"Đúng là đến một lúc nào đó, ta chẳng còn muốn hơn thua, chẳng còn tha thiết giãi bày hay chứng minh gì nữa, chỉ mong được sống an yên với chính mình. Buông không phải là bỏ cuộc mà là cách để nhẹ lòng bước tiếp. Mỗi người đều ôm những nỗi niềm thầm lặng, và video này như một bàn tay dịu dàng đặt lên vai, nhắc ta rằng: đã đến lúc tự thương mình hơn, nhẹ nhàng với chính mình hơn, và học cách buông những điều đã quá nặng lòng. Cảm ơn vì một bài học quý giá cho tâm hồn.",0,human_gold_round5,3,round5,normal
Ko he kiet suc ma tinh than nghe chuu nhieu mau ko thog nao roi nghi nhieu thu cho ban than da ko dc loi dog vien roi cho con nhieu cong viec ko dc nghi nua de ban than tot len ko suy nghi gd bo sag 1 ben de tot len dieu chinh cho chinh mih vi ko ai giup do lam kho nguoi khac them tot nhat dug chut gian len dau ai ca de ho tu lam khi nguoi da giao du an cho ho tap trung vao chuyen mon của mih,0,human_gold_round5,3,round5,normal
"Thời gian ! Ôi thời gian! Thời gian sao không cho họ hạnh ngộ? Thời gian sao mãi chia ly họ? Thời gian sao để họ ngăn cách? Thời gian sao để họ não nề trong nhớ thương, tha thiết, da diết, trong mắt biết lệ nhòa đến tận cùng sâu thẳm của tận đáy lòng... Không thể và không thể thay đổi thời gian, chỉ có thời gian ra đi và không quay lại...Định mệnh!!!",0,human_gold_round5,3,round5,normal
Em 20 tuổi gia đình khó khăn lao vào tx giờ nợ 200 t. Đi làm công nhân tháng 8 triệu giờ em phải làm sao đây mọi người cho em lời khuyên với 😢,0,human_gold_round5,3,round5,normal
Chưa bao giờ cảm thấy tủi thân như bây giờ,0,human_gold_round5,3,round5,normal
"tui cũng giống vậy và đó tui đã thề không giờ yêu và kết hôn trai gái nữa. Người ta nói không ai giàu 3 họ không ai khó 3 đời nên tôi (đời ông tui nghèo, ba tui khổ, đời tui tồn tại chứ không phải là sống) tui đã học phật nên hi sinh chính mình tôi đã không kết hôn hay yêu bất cứ ai vì thế hệ sao chỉ có khổ à.",0,human_gold_round5,3,round5,normal
"Có lẽ đây là thông điệp vũ trụ muốn gửi đến cho mình. Mình cũng từng là một cô gái có năng lực học tốt, được nhiều bạn bè ngưỡng mộ, đạt được một số thành tựu nhất định năm lớp 9. Mình may mắn hơn chị một chút, rằng vào năm thi tuyển sinh lớp 10, mình dành được vị trí thủ khoa lớp chuyên văn của trường chuyên tỉnh. Mọi thành công tưởng chừng sẽ được nối tiếp nhưng khi vào năm học, mình đã liên tiếp thất bại trong các bài kiểm tra môn chuyên, chỉ rất ít trong số đó đạt được mức điểm ""tạm chấp nhận"". Rồi cuối cùng, mình đã thật sự thất bại khi không thể nằm trong số 3 bạn đại diện cho lớp đi thi Olympic 30/4 các tỉnh phía Nam. Hoang mang, thất vọng, bất lực, tuyệt vọng, mình chẳng còn biết làm gì ngoài khóc. Lúc đó mình cũng như chị vậy, đau đến xé lòng, nhưng mình chẳng thể chia sẻ cho ai khác, có lẽ vì lúc đó mình đã quá tự ti, và mình nghĩ rằng việc kể cho những người vốn tin yêu, ủng hộ mình chỉ khiến họ thêm đau lòng, thất vọng. Rồi mình cũng thử lại, cố gắng hơn và được chọn vào đội tuyển HSGQG của tỉnh. Những tưởng rằng bóng tối sẽ lùi lại phía sau, nhưng một lần nữa, mình lại thất bại, không có giải. 3 tháng sau, mình thi HSG Tỉnh. Mình được giải Ba, trong khi ai trong đội tuyển cũng Nhất, Nhì. Mình có nghe nói rằng: ""Người đau nhất là người từng biết hạnh phúc là gì"", liệu có phải vì vậy mà đến tận bây giờ, mình vẫn mãi tự ti, thất vọng mà chẳng thể tìm được con đường mới chăng?",1,human_gold_round5,3,round5,depression
"Chị nói đúng như những điều em đã trải qua, mất ngủ nhiều ngày chỉ nằm khóc, nghe lại những bài nhạc kỉ niệm và đau đớn đến nghẹt thở, thậm chí em còn muốn giết người đó =)) Vậy mà em cũng đã vượt qua, dù rằng đã 1 năm rưỡi rồi, vẫn còn chưa quên được, và vẫn dành một vị trí đặc biệt cho người đó. =((",0,human_gold_round5,3,round5,normal
"Đã từng quá tiêu cực, cảm thấy khá bế tắc, ngoài thầy minh niệm, thì hay tìm đén chị để có thể trở nên tích cực hơn...mong là cuộc đời sẽ nhẹ nhàng với tất cả chúng ta",0,human_gold_round5,3,round5,normal
"Xin đồng cảm cùng với anh . Em có vài lần gặp anh ở vài nơi em đến như quán cafe ở gv, tiệm tóc . Nhưng em nhát ấy nên em ko dám say hi . Em mong anh đc chữa lành và tìm thấy niềm vui và năng lượng như anh đã từng nhé. Em cũng đi qua tổn thương từ chuyện tình cảm 5 năm nên phần nào em hiểu đc sự khó khăn của anh . Chúc anh 1 năm mới tốt đẹp hơn nhé",0,human_gold_round5,3,round5,normal
Em là một người thường suy nghĩ rất tiêu cực nghe video này em lại có thêm nhiều phương pháp để loại bỏ suy nghĩ tiêu cực hơn😁,0,human_gold_round5,3,round5,normal
Lúc nào giadinh cũng là 1 cái áp lực dành cho toi!,0,human_gold_round5,3,round5,normal
"hiện tại em thấy bản thân mình đã thay đổi nhiều so với trước đây và có xu hướng cảm thấy ghét bỏ, ám ảnh về một số tính cách xấu của bản thân mình trong quá khứ... Vậy nên khi thấy những người xung quanh ai mà có dấu hiệu giống những tính cách ấy em lại cảm thấy bực bội, khó chịu và ghét lây họ trong một thời gian, dẫu biết điều đó sai nhưng em không thể nào thoát ra khỏi. Xin anh hãy đưa ra lời khuyên để em có cơ hội được cái thiện ạ!!",0,human_gold_round5,3,round5,normal
Em càng nghe tim em càng co thắt lại 😢,0,human_gold_round5,3,round5,normal
"em vừa lên đại học , cảm thấy choáng ngợp với môi trường mới , không quen được với bạn nào, mà em không muốn giới hạn bản thân trong trường cứ quanh quẩn một vòng lặp khiến em thấy nghẹt thở, không tìm được hướng đi cho bản thân. Một lần ra ngoài đi chạy bộ tìm được những người bạn chung sở thích thì thân như quen tự lúc nào , khi ấy em nhận ra khi càng cố muốn làm quen thì càng phản tác dụng ấy , chỉ khi chân thành từ trái tim thì mọi sự tự động tốt đẹp.",0,human_gold_round5,3,round5,normal
Với tôi thực sự giáo viên là người gây cho tôi áp lực lớn nhất hiện nay,0,human_gold_round5,3,round5,normal
"Tui vừa xinh gái vừa ngoan ngoãn nghe lời rồi, chỉ có áp lực tiêu tền thôi, mệt lắm. 😵😵😵😵😵😵😵😵😵😵😵😵😵😵‍💫",0,human_gold_round5,3,round5,normal
Cảm ơn thầy con cũng mệt mỏi quá thầy ah,0,human_gold_round5,3,round5,normal
"T nè dính cả 2 nhưng chưa có ác cảm hay khinh bỉ ai cả. bình thường chân mày nhăn sẵn r, tập trung vô j đó thì nhăn ác hơn nữa. Bặm môi đặng liếm môi, môi dày vs răng hô nên ngại phải bặm môi để k lộ răng hô. Cộng thêm mik ít nói nên ai cx nghĩ mik k phải dạng dừa, r mik vô tình nghe dc đánh giá vậy từ bạn học mik cx sốc ngang",0,human_gold_round5,3,round5,normal
"Càng lớn đúng thật mọi người sẽ thấy cô đơn không phải nỗi sợ, mà chỉ là một trạng thái bình thường của lứa tuổi bộn nề lo toan thôi. Nhiều khi mình còn enjoy ấy",0,human_gold_round5,3,round5,normal
"Tôi thì sáng môn toán ,chiều cũng toán , tối thì tiếng việt kiệt sức thật😢😢😢😢",0,human_gold_round5,3,round5,normal
tưởng cảm động ai dè cảm lạnh luôn 😂😂😂😂😂,0,human_gold_round5,3,round5,normal
"Mình vẫn nhớ như in cái ngày mà biết tin mình trượt ngôi trường đại học mơ ước, đầu óc mình mờ mịt, trống rỗng. Và điều mà mình bất ngờ nhất là ba mình, thường ngày ông là mình người đàn ông khô khan, cộc cằn, vậy mà lúc đó ba đã lặng lẽ ngồi canh mình, vỗ lưng mình. Mình vẫn nhớ như in câu ba nói: ""Không sao, chuyện gì cũng có ba me"". Viết những dòng này mà mình ứa nước mắt. Sau đó mình quyết định thi lại và ba mẹ mình cũng ủng hộ mình hết mình. Cái giai đoạn mà mình gap year để ôn lại, tâm trạng của mình cực kỳ không tốt, nhiều lúc vô tình cáu gắt với ba mẹ nhưng mà họ chưa từng la rầy mình một câu nào. Ngày mà mình biết tin mình đậu trường đại học mơ ước, ba mẹ mình làm gà ăn mình. Lúc mình đang phụ ba thì ba mình thốt lên câu: ""Cảm thấy nhẹ lòng hơn chưa con gái"". Trời ơi, cái cảm giác của mình lúc đó. Cảm ơn ba mẹ luôn là chỗ dựa vững chắc nhất của con!",0,human_gold_round5,3,round5,normal
"Cảm ơn anh và chị rất nhiều, em đang mất niềm tin,nhưng video này đến thật đúng lúc, em nhận ra em phải có được sự tự tin,cố gắng để thi vào ngôi trường chuyên mơ ước.Em sẽ cố gắng mỗi ngày, thay vì mất niềm tin vào bản thân và tự dày vò.Em sẽ cố gắng thay đổi bản thân.",0,human_gold_round5,3,round5,normal
"Em cứ hay bị lo sợ người khác sẽ vượt qua mình thì làm gì bây giờ ạ, khó chịu lắm luôn ạ",0,human_gold_round5,3,round5,normal
Tôi đã cố tập quên một cuộc sống cô đơn..có lẽ vậy..,1,human_gold_round5,3,round5,depression
"Cám ơn Ông Giáo thân mến và Web5Ngay rất rất nhiều 3 cách loại bỏ cảm xúc tiêu cực: 1. Xả cơn giận trong suy nghĩ, tưởng tượng 2. Xả tiêu cực thông qua hoạt động đổ mồ hôi: chạy bộ, đi bộ, tập gym 3. Tắt nguồn của tiêu cực bằng cách tạm thời , xa hẵn hoặc tắt luôn Ngoài ra mọi người có thể trở nên tích cực và hạnh phúc hơn , hãy đọc cuốn: Search inside your self của kỹ sư Chade- Meng Tan,, và cuốn Trí tuệ cảm xúc của Daniel Goleman , tin tui đi,,, đúng không Thầy .❤❤",0,human_gold_round5,3,round5,normal
Bố mẹ của tôi đã từng ăn thịch chó con của tôi tôi nhớ lại những ngày ở bên thú cưng nhớ những lần chơi bóng tại sao ba mẹ lạ đối sử với tôi như vậy con chó cũng biết đau mà tại sao lại đánh nó Còn 1 lần tôi nuôi mèo cha mẹ đã bán nó đi chỉ vì tiền ? Chỉ vì tiền tiền có thể mang lại thạnh phúc sao ? Chỉ có 1 người bạn đã Đã sống chung thết năm năm bây gì chắt nó buồn lắm mong kiếp sau nó sẽ đầu thai vào 1 gia đình có thể cho nó tất cả và sông 1 cuộc sống tốt hơn🥺🥺🥺😭😭😭🐾🐾🐾,1,human_gold_round5,3,round5,depression
Tôi muốn chữa lành RLLA và các cơn tăng huyết áp mặc dù có uống thuốc huyết áp hằng ngày,0,human_gold_round5,3,round5,normal
"em luôn sợ mọi thứ, hay để ý mấy cái bình thường. Như thở hay nháy mắt rồi cảm giác cơ thể khác nữa. Càng nghĩ càng đau đầu",1,human_gold_round5,3,round5,depression
Nam mô bổn sư thích ca mâu Ni Phật nam mô a Di Đà Phật con kính chúc thầy thật nhiều sức khỏe hạnh phúc an lạc trên con đường tu tập ạ thầy chia sẻ về Phật pháp về chân lý cuộc sống về chua lành vết thương trầm cảm rất là hay và nhẹ nhàng và bóng mát tâm hồn quá thầy ạ a Di Đà Phật những người bị bệnh ton thương tâm lý hiện nay họ rất là cần đến sự chua lành tâm hồn xoa Dịu những nỗi đau khổ cho họ đó thầy ạ a Di Đà Phật con kính xin chân thành tri ân công đức của thầy ạ,0,human_gold_round5,3,round5,normal
làm sao để điều trị ạ bác sĩ e bị hơn tháng không ngủ được ạ,0,human_gold_round5,3,round5,normal
Tôi thì bị hoài lúc nào ăn cơm cũng bị la bị chửi cứ nhà người ta thì hạng một hạng 2 còn nhà mình thì sao,0,human_gold_round5,3,round5,normal
Cảm ơn người đã tạo ra video này Nhờ thế tôi đã biết mình đang trầm cảm😢,1,human_gold_round5,3,round5,depression
Mong mọi người luôn vui khỏe để không có trầm với cảm nữa.,0,human_gold_round5,3,round5,normal
Trong khoảng tg mình cảm thấy chênh vênh nhất. Mình đã được tặng cuốn sách này. Nó gồm cả cuốn dám hạnh phúc nữa. Đọc 1 lần đầu mình không hiểu gì cả. Vì lúc đó là lần đầu tiên mình tiếp xúc với tâm lý học. Sau đó mình đọc tiếp lần 2 lần 3 và lần 4. Mình phân tích từng ý và suy niệm với những thứ trong cs của mình. Mình đã tốt lên rất nhiều. Trong cuốn dám bị ghét mình áp dụng được nhiều nhất là phân chia nhiệm vụ. Trước đây mình thường ôm đồm mọi việc. Thường không hài lòng nếu không có mình can thiệp. Hoặc người khác làm mình không yên tâm. Khiến mình rất mệt mỏi vì gồng. Vì thất vọng. Áp dụng được phân chia mình nhẹ đi rất nhiều và cảm thấy tự do. Dù hiện tại còn vấn đề tâm lý thỉnh thoảng vẫn khiến mình mất kiểm soát 1 khoảng tg ngắn. Nhưng mình thực sự biết ơn món quà này 🍀,0,human_gold_round5,3,round5,normal
Mình bị hay nghiêm trọng hoá vấn đề,0,human_gold_round5,3,round5,normal
theo tôi nghĩ lúc chuẩn bị ngủ đầu óc k nghĩ ngợi nhiều tâm trí phải thư giản đừng để ý xung quanh chọn một tư thế mik thấy dễ chịu sau đó thả lỏng cơ thể rồi nhắm mặt lại tôi đã thử hầu như 8/10 😅,0,human_gold_round5,3,round5,normal
"“Hi vọng càng lớn, thất vọng càng nhiều!”",0,human_gold_round5,3,round5,normal
"Mấy cha kêu nó phế chắc j đã chịu nổi nỗi đau gãy tay, đứt chân, bị đâm, chém,... đc 1 lần 🤣👉 Su thậm chí còn phải 44 để lặp lại thời gian, thử hỏi mấy ô có gan làm thế ko ?",0,human_gold_round5,3,round5,normal
24-7-2022 tôi rất buồn,0,human_gold_round5,3,round5,normal
"từ phút 40 cô nói đúng cảnh mình; mình ko có ba nên khao khát 1 gd hạnh phúc trong tiềm thức, nhiều khi lý trí nói mình ko sống như vậy đâu mà mình lại sống y xì, cuối cùng sắp li dị ạ.",0,human_gold_round5,3,round5,normal
"làm bài kh đc bị stress , mẹ chửi nghe bài nì t khóc ngập nhà r 😭😭😭",0,human_gold_round5,3,round5,normal
mẹ ơi thế giới này khắc nghiệt với con quá con muốn đi theo mẹ,1,human_gold_round5,3,round5,depression
3 câu hỏi vào thẳng vấn đề của mình: 1. Lo lắng về việc này có giúp mình thay đổi được kết quả không? 2. Mình có sống tốt được nếu kết quả rất tệ không? 3. Mình coi trọng những điều gì trong cuộc sống này?,0,human_gold_round5,3,round5,normal
"Áp lực mất 3tr, chép phạt hơn 10 nghìn lần",0,human_gold_round5,3,round5,normal
loạn luân mà còn tự hào vãi thật,0,human_gold_round5,3,round5,normal
"Tôi đang cố gắng , vượt lên chính mình , thoát khỏi cái bóng cô đơn đó nhưng nó thật sự rất khó . Mỗi khi nghe những lời này tôi lại im lặng suy nghĩ lại bản thân mình 😢",0,human_gold_round5,3,round5,normal
Tôi k buồn mà tôi chỉ uất ức về những gì họ gây ra cho tôi mà tụt năng lượng,0,human_gold_round5,3,round5,normal
Chợt giật mình nhận ra Thời gian trôi xa ký ức nhạt nhoà Nhớ ngày thuở bé thơ vui đùa Chẳng phải lo nghĩ đến điều chi Ở trên con đường quanh co Có bao người đi theo nó Dõi theo từng nhịp bước chân hôm nào Rồi ngày mai phải lớn thôi (v2) Bao sóng gió với những giọt mồ hôi Trân trọng hơn cuộc sống này Và học được nhiều điều hay Đặt bàn tay lên trán nghĩ bao điều Chợt nhận ra mạnh mẽ hơn rất nhiều Có lẽ ai cũng sẽ phải lớn Để hiểu chuyện hơn Cuộc sống cho ta buồn vui Thời gian cứ đi mất chẳng hỏi ai Cứ lặng lẽ tạm biệt bye bye Để bây giờ cảm thấy cô đơn Cần điều gì hơn Ai cũng phải lớn❤,0,human_gold_round5,3,round5,normal
Trầm cảm ở VN toàn bị coi như trò đùa và không dc quan tâm bằng cảm sốt thông thường,0,human_gold_round5,3,round5,normal
eo ui suy quá a oie,0,human_gold_round5,3,round5,normal
"Mình thường nghe lại podcast này vào những lúc mình cảm thấy không ổn, ít nhất mình biết rằng không phải chỉ mỗi bản thân mình chịu những áp lực không đáng có từ cuộc sống. Mong rằng chúng ta dù có thế nào đi nữa cũng sẽ vượt qua rồi lại bước tiếp",0,human_gold_round5,3,round5,normal
"Mai t lên xe hoa, nhưng tâm trạng rối bời. T cảm thấy trong lòng rất cô đơn.",0,human_gold_round5,3,round5,normal
Mình có thời điểm phải uống thuốc ngủ... Con nằm khóc trên bụng mà mình không nhúc nhích dược... Hên hàng xóm qua chơi... Giúp mình,1,human_gold_round5,3,round5,depression
"Anh Trí. Em là trường hợp đã rất cố gắng thích nghi với công việc. Dù em ko thích. Em đã đem hết nhiệt huyết, tuổi trẻ, sức lao động, sự cống hiến. Cuối cùng em được thăng tiến. Sau đó, em lại nhận ra đó lã bẫy lao động. Vì thu nhập em ko hề được tăng. Có cái chức nho nhỏ để thúc đẩy giá trị thặng dư. Rất đau lòng, khi mình đã cố gắng. Nhưng xã hội bạc đãi. Em đã mạnh dạn thôi việc, khi các đồng nghiệp khác ớn lạnh không dám. Em không biết em liều hay dũng cảm. Nhưng khi em viết ra những dòng này, ít nhất em giữ lại sự tôn trọng cho chính em, không cần ai đánh giá. Em đã đi con đường mới. Nhưng nhìn lại các thiếu gia, công chúa ở ngành nghề cũ, không hề có sự cố gắng mà vẫn được bơm thổi lên cao, em thật sự bức xúc cho lực lượng lao động và các em cháu hiện nay. Đời không như mơ, nhưng đừng để nó mớ. Với những người thật sự ngu xuẩn, và họ lại ở trên đầu chúng ta. Đau",0,human_gold_round5,3,round5,normal
"Căn bệnh này là do tâm bệnh chỉ mình mới vượt qua được thôi,mình bị mắc chứng bệnh đó rất khổ.",1,human_gold_round5,3,round5,depression
tui thấy bài số 1 buồn nhất đúng tâm trạng bị crush ghét....😅,0,human_gold_round5,3,round5,normal
Benh này trong dau luc nao cung suy nghi ko loai bo duoc và toi đa bi thuoc ko bao gio chua khoi,1,human_gold_round5,3,round5,depression
Chưa được ba tuổi là đã mất mẹ rồi không biết vong tay và hơi ấm của mẹ như thế nào.luôn tui thân khóc một mình,1,human_gold_round5,3,round5,depression
"Năm nay phải thi đại học, ăn không ngon ngủ cũng chẳng yên, bố mẹ, thầy cô, bạn bè thì kì vọng. Học sáng, học trưa,học chiều, học tối, học đêm cũng không sao hết đống bài vở. Rồi có những bài toán làm đi làm lại vẫn không hiểu gì, chán kinh khủng ! Đề giải mãi vẫn không hết, nhiều lần khi giải xong tưởng còn sớm mà đã 1h r. Áp lực quá cũng chỉ biết gục mặt vào sách mà khóc chứ không thể giải quyết được gì..",0,human_gold_round5,3,round5,normal
"Chị Sun là người tiếp sức cho em mỗi khi mệt mỏi, mỗi khi có những suy nghĩ tiêu cực. Từ ngày biết đến chị cuộc sống của em có nhiều sự thay đổi tích cực. Mỗi lần nghe podcast của chị lại được lắng động và nhận ra được nhiều thứ. Cảm ơn chị Sun!❤️",0,human_gold_round5,3,round5,normal
Bỏ thì bỏ thôi khóc cũng đâu làm gì đc 💔,0,human_gold_round5,3,round5,normal
"Mệt lắm muốn nghĩ ngơi nhưng nếu ko cố gắng thì con cái , tiền ăn tiền học lấy đâu ra nên chỉ đúng một phần thôi , con họ có đầy đủ con mình k có nhìn chúng ban mà thèm, người làm cha mẹ sao k đau lòng và cảm thấy bản thân mình quá kém cỏi",0,human_gold_round5,3,round5,normal
Tooi muoon ddeu tri roios loan lo au,0,human_gold_round5,3,round5,normal
Thật á em bị bệnh lười nặng luôn á em đag cố bỏ bệnh này 😢😅,0,human_gold_round5,3,round5,normal
Con bị anh chửi đang ăn cũng chửi chơi cũng chửi làm cái gì cũng chửi haizz em cũng tủi thân mà con hay người 1 gốc khóc 1 mình haizzz,1,human_gold_round5,3,round5,depression
"4/12 buồn nhất đời mình, vấp ngã nhưng hứa sẽ cố gắng, sẽ cố gắng hết sức có thể 😭😭😭😭😭😭😭",0,human_gold_round5,3,round5,normal
Tớ muốn từ bỏ tất cả..,1,human_gold_round5,3,round5,depression
Hồi nhỏ mình cũng bị như vậy😊,0,human_gold_round5,3,round5,normal
"""Thương"" đến đánh mất thứ ""từng là tất cả"" rồi ""khóc một mình"" đến ""cạn cả nước mắt""",0,human_gold_round5,3,round5,normal
Mẹ mình thì luôn muốn mình chết . Mình h cx ko biết làm sao. Chỉ trách là phước mình ít nên mình ko dc lựa chọn bố mẹ nên mình phải chịu,1,human_gold_round5,3,round5,depression
Em cũng bị buồn ngủ nhưng khó ngủ bác sĩ rất mong bs tư vấn,0,human_gold_round5,3,round5,normal
Bác sĩ Cho em hỏi em nam nay 47 tuổi mà mất ngủ 20 năm nay rồi mà em uống thuốc vào cũng không ngủ được bác sĩ tư vấn cho em với,0,human_gold_round5,3,round5,normal
Bây giờ con phải làm gì cuộc sống của con bây giờ phải làm sao,1,human_gold_round5,3,round5,depression
Em 23 tuổi bị mất ngủ 2 năm rùi ạ cả ngày lẫn đêm vẫn không ngủ được dùng nhiều loại thuốc vẫn không ngủ được nhờ bs tư vấn giúp em ạ,0,human_gold_round5,3,round5,normal
Con dâu tôi nó còn ko buồn nói với tôi câu nào .khi nào nó cần gì tôi nó nói buông xong ko tôn trọng tôi Trong khi tôi vẫn chư ăn nhờ đc nó .mà nó còn nhờ vào tôi nữa đó tôi còn chăm ba ssuwas con cho nó mà nó vẫn coi tôi như người ngoài nó còn đem von nó ra chửu cạnh tôi nữa mà tôi chỉ biết rơi lệ ko nói câu nào .❤,0,human_gold_round5,3,round5,normal
Thật sự hôm nay ko muốn về nhà 😔,0,human_gold_round5,3,round5,normal
"Mỗi người đều có lý do khác nhau khi bị trầm cảm, để giải quyết tận gốc cũng cần nhiều yếu tố nữa. Chúc cho chúng ta đều vượt qua được ❤",0,human_gold_round5,3,round5,normal
Mình cũng mong là mình sẽ hết bệnh. Đã 3 năm rồi thật sự bây giờ mới nhận ra mình bị thật 😞. Xin lỗi chính mình đã để thời gian qua không kiểm soát như thế,1,human_gold_round5,3,round5,depression
Nhiều khi chỉ muốn kết thúc cái cuộc đời ngắn ngủi này 😢,1,human_gold_round5,3,round5,depression
"Bản thân mình luôn ko kiểm soát được cảm xúc tức giận với con, dù biết điều đó ko tốt với con nhưng mỗi khi con hư mình lại ko kiểm soát đc. Mình giận bản thân, sau hôm nay mình sẽ phải thay đổi 🦾",0,human_gold_round5,3,round5,normal
Dạy thế này áp lực quá😂,0,human_gold_round5,3,round5,normal
Con bao khong can me lo cho con minh phai noi sao,0,human_gold_round5,3,round5,normal
Có tất cả 😢 cảm thấy mình vô dụng dễ dàng tức giận,1,human_gold_round5,3,round5,depression
"Em cảm ơn chị. Em sắp thi rồi mà thấy áp lực quá không biết làm thế nào để bớt đi xem video của chị mà em cảm thấy bớt áp lực rồi. Năm nay, em đã cố gắng lắm rồi nhưng chưa bằng bạn bè. Nhiều lúc nhìn điểm số mà muốn khóc, nhiều lúc thấy mình không bằng ai cả. Cảm thấy lúc nhỏ mình đã vô cùng hãnh diện khi đc học sinh giỏi mà bây giờ... nhưng không sao em cảm ơn chị rất nhiều chị đã truyền cho em nguồn động lực rất lớn. Cảm ơn chị Vừng nha, em đi học đây 🥰🥰🥰",0,human_gold_round5,3,round5,normal
A di đa phât,0,human_gold_round5,3,round5,normal
Áp lực học tập - Tập 9,0,human_gold_round5,3,round5,normal
"Mẹ và chị rất thương tôi nhưng từ khi mợ tư của tôi có con trai thì tôi cảm giác như em ấy mới chính là em là con của chị và mẹ tôi, do là ba tôi thường ik làm xa nên k biết có lần nó lấy con gấu mà ba đã tặng tôi lúc ik làm xa khoảng 1 năm nó đã vức con gấu ấy vào thùng rác lúc đó tôi đang ngủ thì thấy con gấu của tôi k có ở đó nên ik tìm thì thấy vậy tôi đã khóc rất nhiều mẹ tôi thì bảo em nó còn nhỏ nó biết j đâu m lớn mà con tranh chấp với nó à trong khi đó em ấy lại khóc lên nên mẹ tôi đã an ủi nó r dẫn nó ik ăn và ik mua đồ chơi có lúc tôi cảm thấy mợ tư của tôi còn thương tôi hơn mẹ tôi nữa lúc nào tôi bị mẹ chửi bị mẹ đánh oan thì người dỗ dành tôi luôn là mợ tư tôi...🙂🙂🙂🙂",0,human_gold_round5,3,round5,normal
"huhu em cũng đang trong tình trạng muốn bỏ việc, em thấy là em không còn nhiều năng lượng như những tháng đầu đi làm nữa, em mới ra trường và làm ở đây cũng được 9 tháng rồi, em đang có dự định đi theo một hướng riêng lại hoang mang không biết đúng hay sai, nhưng em sẽ làm vì em không muốn sau này khi nhìn lại mình sẽ không phải hối hận em sẽ cố làm ở đây đến hết năm nay. mong bản thân có thể àm được, cố lên",0,human_gold_round5,3,round5,normal
mình có 1 vết bớt to và đậm làm mình rất tự ti 😢😢😢,0,human_gold_round5,3,round5,normal
"Em cũng như chị, người lúc nào cũng lờ đờ, nhưng tập gym thì nó đỡ nhưng chỉ đỡ khoảng1 đến 2% khi nào ý chí cũng bị lung lay là mình sẽ ko bao giờ khỏi bệnh",1,human_gold_round5,3,round5,depression
"Cảm ơn những lời khuyên của chị. Trước khi xem video này em cũng đã từng so sánh bản thân mình với người khác rất nhiều và luôn suy nghĩ tiêu cực “ sao mình không giỏi được như người ta” “ sao mình mãi đứng ở vạch xuất phát còn người ta mỗi ngày một thành công”. Em đã nhận ra rằng là do bản thân mình chưa thật sự cố gắng, chưa thật sự nỗ lực, chỉ luôn nhìn vào thành công của người khác và tự ti vào chính bản thân mình. Cảm ơn chị với những lời khuyên chân thành, em thực sự đã rút ra được nhiều bài học từ video này. ❤️",0,human_gold_round5,3,round5,normal
"Thanks for your sharing. Khi xem video này của anh, em dường như nhìn thấy hình ảnh của mình trong đó. E gặp rất nhiều thất bại trong năm 2022 này, cũng thường xuyên tự so sánh bản thân với những người xung quanh, để rồi đặt thêm nhiều áp lực vào bản thân mình hơn. Sắp tới em vẫn còn một thử thách nữa cần phải vượt qua trước khi kết thúc năm 2022, có thể xem như aim chính của năm nay. Tuy nhiên sau khi xem được những chia sẻ này của anh, em cảm thấy 'dễ thở' hơn để đối mặt với điều đó. Cảm ơn anh vì tất cả. Chúc anh một giáng sinh an lành! Merry Christmas!",0,human_gold_round5,3,round5,normal
"❤Mất niềm tin vào cuộc sống : ❤Do mình không tin mình có thể thành công. Không đánh giá cao sự thay đổi của mình trong tương lai . - Đừng bảo thủ khép mình vì muốn hay không muốn thì nó vẫn thay đổi...hãy tin vào sự thay đổi của mình đi,phải thay đổi để thích nghi với điều mới của cuộc sống...phải tin để có sự thay đổi tích cực... ❤Cảm ơn thầy chúc thầy nhiều sức khoẻ và hạnh phúc trong cuộc sống ❤",0,human_gold_round5,3,round5,normal
"Ai nhìn những bức tranh này thì thấy dị nhưng k ai bt đc tâm trạng lúc này hỗn loạn như thế nào, họ phải trải qua nhữg chuyện j để khiến họ vẽ ra những bức tranh này? Những bức tranh này đc vẽ để miêu tả những điều họ thấy hoặc chính bản thân họ......",0,human_gold_round5,3,round5,normal
Tôi Chấp nhận sự thay đổi và tự buông ta nhiều thứ.,0,human_gold_round5,3,round5,normal
"t muốn khóc lắm, tim đau lắm, đâu nghĩ người từng yêu mình như thế- từng tin tưởng lại khiến tim mình vỡ toang đến khó lành đến vậy. Lẽ ra không nên yêu nhiều thế",0,human_gold_round5,3,round5,normal
Em đang là sinh viên năm 3. Chọn ngành mình thích nhưng cuối cùng nhận ra nó ko hợp với mình. Em vẫn đang học để hoàn thành lựa chọn của mình. Nhưng em ko b em đang và nên làm gì nữa. Em đang thực sự kiệt sức. Quá là chơi vơi,0,human_gold_round5,3,round5,normal
"Vẽ cũng đã giúp mình rất nhiều để vượt qua giai đoạn khó khăn, mọi cảm xúc lúc đó thất tồi tệ, nhưng khi vẽ mình như quên hết tất cả mọi chuyện xung quanh",0,human_gold_round5,3,round5,normal
em bị cố gắng theo từng giai đoạn thì s ạ. Kiểu học đc từ 2 đến 7 xong ko học nx tụt xuống 3 rồi lại bắt đầu lại ấy,0,human_gold_round5,3,round5,normal
"1. mọi thứ nhỏ lớn trong đời là những bài kiểm tra để test bạn thực sự muốn thay đổi cỡ nào 2. Đau đớn là không thể tránh khỏi --> tận dụng cơn đau để đổi thứ giá trị hơn ( vì đằng nào cũng đau thôi) 3. Nhận ra sự kháng cự (từ fear, từ perfectionism, từ mọi trường, từ dopamine)? 4. vượt qua sự kháng cự = biết ơn khi những công việc hiện tiện của bạn không quá khó (vì nó không ảnh hưởng đến tính mạng của bạn)",0,human_gold_round5,3,round5,normal
Lúc đầu thì còn cười lúc sau thì buồn 😢,0,human_gold_round5,3,round5,normal
cảm ơn bạn đã chia sẻ sư thật về nhận thức tư duy tiêu cực..,0,human_gold_round5,3,round5,normal
Ba này bi bệnh rồi,0,human_gold_round5,3,round5,normal
Ngay khúc này tôi đã khóc . muốn gì cần gì ở anh Anh chỉ còn một con tim nát tan,0,human_gold_round5,3,round5,normal
Từ lúc sinh ra đến giờ mình chưa bao giờ có được một giấc ngủ bình yên thực sự. Nhiều lúc mình tự hỏi điều gì đã níu giữ mình ở lại với thế giới này. Chúc những ai như mình sẽ sớm tìm được ánh sáng cho đời mình,1,human_gold_round5,3,round5,depression
Dù mình có viết dòng này thì mẹ tôi vẫn không chấp nhận tôi.Bà ấy chỉ ưuan tâm đến suy nghĩ của mình.Bai mọi người tớ tuyệt vọng lắm rồi😊,1,human_gold_round5,3,round5,depression
"18:46 mình đang học cấp 3 , thực sự khoảng tgian này rất vui dù có đan xen rất nhiều nỗi sợ và lo âu ,nhưng mình mong nó hãy trôi chậm thôi nhé , mình sợ phải rời xa , phải trưởng thành",0,human_gold_round5,3,round5,normal
Chỉ những ai đag và đã bị tổn thương sâu sắc tận trong tâm hồn mới hiểu được nó tồi tệ ntn cố gắg thlast nhưg. Sẽ khó lắm 😢😢😢,1,human_gold_round5,3,round5,depression
"Chính xác, suy nghĩ tiêu cực là một loại bệnh",0,human_gold_round5,3,round5,normal
Mình nhận ra ko chỉ có mình mông lung với tương lai mà còn rất nhiều người nhất là những ae mới ra trường bản thân mình năm nay mới đi lính về trong đó mình có cơ hội được đi học và phát triển nhưng mình đã bỏ lỡ cơ hội và khi ra quân mình mới hiểu kiếm việc làm nó khó như nào và chính mình cũng chưa đủ chín chắn cứ nghĩ mọi thứ rồi sẽ ổn thôi nhưng đó chỉ là suy nghĩ của một đứa trẻ con và nỗi sợ đi làm cv bản thân mình ko muốn vậy nên kể từ ngày mình xem video này mình sẽ cố gắng bước tiếp ko chân chừ nữa và sẽ suy nghĩ thấu đáo hơn trong tất cả trong các lựa chọn sắp tới của mình . Cảm ơn chị và chúc tất cả ae giống mình sẽ tìm được định hướng riêng cho mình cứ làm tất cả mọi thứ mình có thể làm được rồi tự khắc bạn sẽ biết bản thân mình muốn gì,0,human_gold_round5,3,round5,normal
Bị y chang như bạn đc kể trong video và lâu lâu em còn bị đánh nx cái j cũng vô lí với em h chỉ muốn đi học cả T7 lẫn CN để né gđ ra thôi chứ cũng chả muốn j nx cả yên bình 1 mik vẫn thấy tốt hơn 😞,1,human_gold_round5,3,round5,depression
Tôi đã lấy 25 tuổi... và tôi là người nông dân.. chưa tới 1 năm mà 2 vợ chồng đã có số nợ hơn 100 triệu.. thế là tôi lên tỉnh khác để làm công nhân mới có 1 tháng mà công việc ấp lực.. vợ ở nhà còn tôi là công nhân...công nhân bị chửi nhiều đôi khi không nuốt được hạt cơm.. tôi nhớ xa vợ nhà quê..,0,human_gold_round5,3,round5,normal
"Mình sợ xếp lớn la, sợ so sánh với người khác",0,human_gold_round5,3,round5,normal
"Các con là nạn nhân của cuộc ly hôn, chúng sống thiếu thốn tình cảm",0,human_gold_round5,3,round5,normal
"Mình được ba mua cho cuốn này năm lớp 7, hồi đó tựa đề cuốn sách khiến mình tò mò. Và khi đọc, mình đã rất sốc với những bi thương xảy ra trong câu chuyện, cách các nhân vật hành xử hơi khó hiểu, sự loạn luân, v.v Với đầu óc ngây thơ của một đứa trẻ 13-14 tuổi thì nó khiến mình khá ám ảnh và mình quyết định không đọc tiếp. Tới bây giờ mình vẫn có cảm giác ác cảm với cuốn sách này, nhưng nhờ video của Better Version, cũng như sự cởi mở hơn về nhận thức, mình bất ngờ vì không ngờ cuốn sách lại mang ý nghĩa sâu sắc như vậy. Cám ơn better version, giờ thì mình đang đi kiếm cuốn sách để đọc lại đây :))) Một thoáng tình cờ thì Better Version đã giúp mình gỡ bỏ được phần nào ám ảnh tâm lý hồi nhỏ (thực sự hồi đó cuốn sách này khá đáng sợ với mình :< ), cám ơn kênh nhiều lắm",0,human_gold_round5,3,round5,normal
Dạo này cày view bài này cho idol tự dưng thấy m mấy nay suy quá! Như thất tình thật luôn!,0,human_gold_round5,3,round5,normal
như thế này lâu dần sự buồn bã ấm ức sẽ cô đọng lại trong đứa trẻ khiến chúng ghét bố mẹ trở nên ít tiếp xúc với bố mẹ . và sau 1 khoảng thời gian thì tình cảm bố mẹ và con sẽ rạn nứt,0,human_gold_round5,3,round5,normal
E mới ngoài 4 chục mà cũng chưa từng yêu ai mù quáng bao h . Luôn tỉnh táo mới buồn 😂😂😂,0,human_gold_round5,3,round5,normal
"Cảm ơn những chia sẻ của chị!Em cảm thấy mình có các biểu hiện của trầm cảm,em nói với mọi người điều đó nhưng ai cũng cho rằng em suy nghĩ nhiều sau đó em cũng tin những lời nói đó và phớt lờ nó.Nhưng hôm nay sau khi nhìn thấy video của anh Trí thì em đã tin mình thật sự đang bị trầm cảm,cảm xúc của em lên xuống rất thất thường lúc lên lúc xuống lúc thì cười haha nhưng sau đó lại buồn lại khóc,khi em buồn em giấu đi cảm xúc của mình,em luôn cười dù rằng em muốn khóc,khi tức giận em cũng không thể hiện ra bên ngoài mà giấu cảm xúc của mình vì em sợ mọi người sẽ bị ảnh hưởng bởi cảm xúc của em.Lâu dần em cảm thấy mình cô đơn trong chính ngôi nhà của mình,em cảm thấy bế tắc cảm thấy tuyệt vọng rất muốn gục ngã,em dường như không muốn quan tâm đến bất kỳ thứ gì vì em sợ cảm xúc của em sẽ bị ảnh hưởng,em cảm thấy mình đang sống giống như vô diện đã từng có suy nghĩ tự tử em muốn thoát khỏi cuộc sống này,nhưng em lại không dám vì khát khao được sống trong em,em vẫn tin cuộc sống này sẽ có kỳ tích xuất hiện,em vẫn tin cuộc sống này vẫn còn nhiều điều tốt đẹp đang đợi em ở phía trước!Có 1 điều kỳ lạ là mặc dù em bị trầm cảm nhưng màu em thích nhất lại là màu hồng,bây giờ em đã đỡ hơn nhiều rồi chứ lúc trước em suy nghĩ vô cùng tiêu cực mặc dù em phát hiện ra sự bất thường đó nhưng em lại không chấp nhận cho đến khi em xem clip của anh Trí.Bây giờ em phát hiện ra 1 điều người trầm cảm mặc dù suy nghĩ rất tiêu cực thậm chí là muốn tự tử nhưng trái ngược với sự tiêu cực đó là 1 khát vọng sống mãnh liệt là 1 hi vọng được hạnh phúc được vui vẻ là 1 niềm tin vào những điều tốt đẹp và em còn phát hiện ra 1 điều thường thì những người bị trầm cảm ít khi nào phát hiện và chấp nhận rằng mình đang bị trầm cảm và người có thể giúp họ chữa trị bệnh trầm cảm chỉ có chính họ mà thôi!Và còn 1 điều nữa thường thì người trầm cảm là những người rất nhạy cảm vì em rất nhạy cảm và em rất dễ buồn khi người khác nói lời tổn thương em!",1,human_gold_round5,3,round5,depression
"Mình...hạnh phúc lắm. Mình sống trong một môi trường tuyệt vời... Có gia đình, có bạn bè, thành tích tốt, có chút ngoại hình....nhưng... Mình...từ khi còn nhỏ....mình đã muốn ra đi? Không biết vì sao...nhưng mình hiểu rõ...mình không tới thế gian này để phấn đấu cái gì cả... Mình tới thế gian là để ""tận hưởng"" nó... Tất cả mọi kĩ năng mình có như: học tập, nghệ thuật,... Tất cả đều ở một quãng 50/50... Mình không có sở thích cố định hay gì cả. Mình là kiểu người tinh tế, tốt bụng, luôn nhìn thấu đc cảm xúc từ người khác...không phải nói quá đâu...vì mình tự nhận thức đc điều đó... Mình yêu thế gian này, yêu con người, yêu tất cả mọi thứ... Vì mình yêu tất cả...nên mình chẳng hiểu sao... Từ lớn tới bé...mình lại luôn tìm tới thế giới bên kia... Mình chẳng hiểu...tại sao? Mình có thể thấu hiểu trái tim người khác nhưng lại chẳng hiểu nổi trái tim mình... Giấc mơ...mình thg mơ rất nhiều thứ theo mình là thú vị... Mình nghĩ...lí do mình luôn tìm cách ra đi...là vì mình muốn tới cái thế giới mộng mơ đó... Một thế giới đầy ắp sự thú vị...một thế giới mà nơi bản thân tớ là một con người khác... Tuy biết được ""nguyên nhân"" là gì và ""giải pháp"" là gì...nhưng điều ấy không có nghĩa là mình muốn thực hiện giải pháp ấy... Mình muốn sống ở thế gian này, cho tới khi thế giới bên kia đến đón mình... Mình không muốn phải như này nữa... Mãi ở trong trạng thái 50/50 Chẳng sống cũng chẳng cht.. Mình muốn sống chứ không phải tồn tại... Nên...liệu mình có thể trụ nổi không? Sinh nhật năm nay sẽ là năm sinh nhật 17 tuổi của mình.. Phải...năm sau mình thi đại học... Mình liệu sẽ trụ nổi không? Liệu mình có thể sống tiếp tới năm mình 18 tuổi? Sau khi mình thi xong đại học, có kết quả và...mình vẫn còn sống? Mình...đã từng có dự định...sẽ tận hưởng thế gian đến năm 18 tuổi... Nhưng giờ mình không muốn vậy nữa...mình muốn tận hưởng thế gian này hơn cả năm 18, cả năm 19, 20...năm mình 30 40 50 tuổi...và sau này sẽ còn mãi mãi... Mình muốn như vậy... Nhưng liệu mình sẽ sống đến năm 18 không? Kì thi đại học năm sau sẽ quyết định tất cả... Mình liệu sẽ ổn chứ? Chắc sẽ ổn...vì mọi người hay nói mình là kiểu người lạc quan mà... Một người ""như mình""...sẽ ổn thôi ha... Ừm...chắc vậy....",1,human_gold_round5,3,round5,depression
Tự tìm chỗ chết đúg nghĩa!😢,0,human_gold_round5,3,round5,normal
"Cuộc sống ngày càng khó khăn và nhiều nỗi lo, giữ tâm an tĩnh, nhẹ nhàng, buông bỏ những thứ bên ngoài!",0,human_gold_round5,3,round5,normal
"em đồng ý với việc là tập thể dục nhiều hơn nỗi buồn sẽ qua nhanh hơn. 2 năm trước em cũng như thế, ngày nào cũng đi chạy, sáng đi, chiều đi, đi nhiều thành quen, không đi thấy cuồng chân. đợt ý chăm chỉ nấu ăn nữa, chả ăn ngoài bao giờ luôn, nhà cửa lúc nào cũng gọn gàng sạch bong sáng bóng. cứ về nhà bật nhạc rồi hát theo các kiểu, cũng k bật nhạc buồn gì đâu. chăm chỉ đi học rồi học hành nghiêm túc, mặc dù thi thoảng có buồn thấy kiểu cô đơn ý, nhưng có việc làm thì sẽ quên ngay, dần dần rồi thấy vui vẻ",0,human_gold_round5,3,round5,normal
Anh ơi em đau lắm,0,human_gold_round5,3,round5,normal
Đúng lúc hưng cảm thì thấy mình giỏi,0,human_gold_round5,3,round5,normal
chết lâm sàng lun,0,human_gold_round5,3,round5,normal
Tôi đã học kiệt sức để được nhận một lời khen từ bố mẹ mà mẹ tôi chỉ nói một câu : ( con không cần học ai đâu xa hãy nhìn em Khánh Huyền đi em chả cần đi học thêm như mà em vẫn được điểm cao hơn con ) lúc đó em rất buồn,0,human_gold_round5,3,round5,normal
chỉ là 1 chút buồn nhưng lại khóc tới chẳng thở nổi,1,human_gold_round5,3,round5,depression
"Giống thật anh ạ,1 tháng r học hành,chơi bời e chẳng hứng thú gì,càng ngày càng chán cuộc sống,bế tắc quá",1,human_gold_round5,3,round5,depression
Con: mệt ? Mẹ: Mệt dư lào? Con: Con có phải bác sĩ éo đâu mà biết mệt như nào,0,human_gold_round5,3,round5,normal
Từ câu chuyện cảm động thành cảm lạnh,0,human_gold_round5,3,round5,normal
"Mẹ luôn đúng, mình là phận con mình luôn luôn sai! Và đó là câu nói của mẹ mình^^ Mình được sinh ra trong 1 gia đình được coi là đầy đủ, hạnh phúc nhưng đó chỉ là vỏ bọc bề ngoài. Mẹ mình là 1 người nóng tính nên bố mẹ mình ly thân từ năm mình học lớp 1. Gia đình mình có 2 chị em và mình là chị cả,mình có học lực khá hơn em mình 1 chút nên từ nhỏ, mẹ mình đã luôn quan tâm đến em mình nhiều hơn. Từ khi mình còn bé đến giờ, chưa có 1 giây 1 phút nào mẹ giảng bài cho mình, mình k hiểu bài, mẹ mặc kệ kh quan tâm, mẹ k cho mình đi học thêm, kh cho mình dùng đt hay máy tính để học.. Đến năm mình học lớp 8, mình có hẹn hò với 1 bạn cùng lớp, bạn ấy quan tâm, chăm sóc mình từng chút một, kh bao giờ bạn ấy để mình thiệt hay to tiếng với mình, khoảng thời gian đó có lẽ là khoảng thời gian hạnh phúc nhất đối với mình, nhưng khoảng thời gian ấy kh kéo dài được lâu vì mẹ mìnhh đã biết. Mẹ gọi cho cậu ấy và đe dọa bắt cậu ấy phải chia tay mình, khoảng thời gian đó mình rất suy sụp vì mình đã mất đi động lực tinh thần duy nhất, đêm nào mình cũng khóc, mình khóc rất nhiều.. Và rồi đến năm mình học lớp 9, khoảng thời gian đó thực sự rất đáng sợ.. năm đấy mình cuối cấp phải học rất nhiều, mình học cả đội tuyển nhưng mẹ mình kh cho mình đi học thêm, kh cho mình học bằng đt hay máy tính, mình thì lại là 1 đứa học rất khó vào. Và rồi chuyện gì đến cũng đến, mình thiếu 2 điểm nữa mới có giải hsg, khi mẹ mình biết tin, mẹ đánh mình đến mức chảy máu đầu. mẹ lăng mạ, chửi rủa, xúc phạm mình từ lúc đó trở đi, mình sợ lắm. Tớ rất muốn theo ngành nghệ thuật nhưng mẹ mình lại ép mình phải học ngành an ninh,.. Mình đã có ý định 44 rất nhiều lần, nhưng cho đến thời điểm hiện tại mình vẫn sống, sống như 1 cái xác khô, tinh thần, trái tim mình đã tan nát từ rất lâu rồi,..",1,human_gold_round5,3,round5,depression
"Bản thân nhiều lần cảm thấy không muốn làm gì, không phải là vì lười mà không biết làm điều đó để làm gì. Vì bản thân thiếu cái đích đến cụ thể,lí do để bản thân phấn đấu nên dẫn đến là mình chưa từng làm việc gì trọn vẹn cả. Chỉ vì thiếu tầm nhìn và định hướng cụ thể :(",0,human_gold_round5,3,round5,normal
"Tôi đã khóc dù tôi đã 59 tuổi , nghĩ đến những đưa trẻ bị cảm giác cô đơn , thương quá !vì dù 59 tuổi tôi vẫn đôi khi cô đơn nên rất hiểu cảm giác cô đơn không nơi nương tựa tinh thần",0,human_gold_round5,3,round5,normal
☺️☺️☺️☺️☺️☺️ quá mệt mỏi,0,human_gold_round5,3,round5,normal
Nhưng cố gắng cười lên thì ko đc vì những kí ức buồn đó hoặc j đó làm cho chúng ta buồn quá nhiều nên...ko thể cười lên nổi ^^,0,human_gold_round5,3,round5,normal
Năng lực bùng nổ❤,0,human_gold_round5,3,round5,normal
"Cái nguyên nhân mà bị mắc bệnh này 99% do người thân gây ra và cách chữa là đúng phải do chính bản thân mình dám đứng lên đối mặt với những điều mà làm mình lo lắng, sợ hãi. Những cái bệnh thuộc loại tâm bệnh thì chỉ có chữa bằng tâm tính thôi. Các biểu hiện của bệnh thì tuỳ vào môi trường sống, nó rất đa dạng và nhiều góc cạnh. Bây giờ xã hội ngày càng phát triển thì con người mới khám phá ra và định nghĩa đc nhiều thứ tâm bệnh chứ ngày xưa đâu ai có hiểu biết gì về chúng.",0,human_gold_round5,3,round5,normal
Chị ơi em hay bị đau tim là bị sao dọ❤?,0,human_gold_round5,3,round5,normal
bị mê a trưởng phòng aa 🥸,0,human_gold_round5,3,round5,normal
"Tui 2 cái: lúc ghét lúc thương cha mẹ ,khong nghĩ được gì lước điệm thoại trong vô thức",0,human_gold_round5,3,round5,normal
h mik đang cảm thấy rất nhàm chán luk nào mik cũg chán đời hết trơn có lẽ là vì hai nguyên nhân chính trên😊,0,human_gold_round5,3,round5,normal
Từ nhỏ tui đã chiêu dựng áp lực gia đình r:),0,human_gold_round5,3,round5,normal
"- Sự sống là chủ động - Con người là bị động, là ""kiểu"", là thứ đc ""chế"" ra, là sự sống bị khống chế bởi ""File và Chất"" từ ""kiểu tồn tại"" mà sự sống bị ép.",0,human_gold_round5,3,round5,normal
"em mấy nay đổi qua công việc mới bị NV cũ ăn hiếp tối nào em cũng nằm mơ hết ạ, riết rồi em rất sợ phải đến chỗ làm tất cả mn đều vui vẻ chỉ mỗi mình chị ấy khó chịu với em làm em rất rất sợ ạ",0,human_gold_round5,3,round5,normal
mê cách thầy nói. nhiều lúc cuộc sống đang áp lực mà thầy nói cuộc sống nhẹ nhàng hẳn,0,human_gold_round5,3,round5,normal
Chị simmy ơi có cách nào để chữa bệnh down không nay em bị down nặng lắm,0,human_gold_round5,3,round5,normal
góp ý cho kênh một chút đó là những “bệnh” mà ad gọi thực chất nó là các rối loạn tâm lý việc dùng từ bệnh rất gây nhầm lẫn về khái niệm và mang lại cảm giác mặc cảm cho những người mắc phải các rối loạn nghe chúng,0,human_gold_round5,3,round5,normal
đoạn cuối còn thở dốc nx là bt ẻm mệt rồi :D,0,human_gold_round5,3,round5,normal
Đừng để con bạn mắc vào từ áp lực của bố mẹ 😊😊,0,human_gold_round5,3,round5,normal
Ê nha tự dưng hôm nay cảm động quá hổng có quen luôn á :O,0,human_gold_round5,3,round5,normal
Em thấy thai nhi chèn lên ép ruột. Vậy lúc mang thai ruột có khó chịu hay khó đi nặng không ạ,0,human_gold_round5,3,round5,normal
c ơi e kiểu e đánh cầu lúc lớp 10 e k có giải mà e rất muốn đánh nhưng câu flong thì cần nhiều nguòi đánh với nhau v mà e lại k có bạn cũng k có tiền mơ k dc chs nx nch là e buồn lắm e k dám đi thi môn j nx luôn vì e thi môn j cx k có giải buồn cực,0,human_gold_round5,3,round5,normal
Tại sao con bà bất lực một chút thì bà xót bà đau bà không chịu được thể con gái người ta. Thì người cũng đau cũng xót lắm chứ sao bà lại ác vậy thì giờ bà phải trả giá là đúng rồi,0,human_gold_round5,3,round5,normal
vô cảm đó là sự chịu đựng của giới trẻ từ 11-15 tuổi,0,human_gold_round5,3,round5,normal
"Đến 1 độ tuổi nào đó bạn sẽ nhận ra rằng tình yêu không còn là tất cả... Có thì sẽ bớt buồn , bớt cô đơn hơn , nhưng nếu không có cũng chẳng sao cả. Hằng ngày bạn vẫn phải vất vả đi kiếm tiền để sống. Người đời không cười khi bạn độc thân , họ chỉ cười khi bạn không thể nuôi nổi bản thân mình!",0,human_gold_round5,3,round5,normal
"Em biết mình có vấn đề khi luôn tự cảm thấy bản thân ngu ngốc, nhưng em đã lờ đi, và đúng như anh nói, nó ăn mòn sức khỏe tinh thần của em đến cạn kiệt. Cảm ơn anh rất nhiều vì chiếc video này, để em biết rằng mình không cô đơn, rằng mình phải đối diện và chấp nhận nó một cách nghiêm túc. Em cảm thấy như được cứu rỗi. Một lần nữa, cảm ơn anh rất nhiều ❤",0,human_gold_round5,3,round5,normal
"Video này thật sự chạm vào một điều mà nhiều người cố né tránh: cảm giác trống rỗng bên trong. Carl Jung từng nói rằng khi chúng ta cố lấp đầy khoảng trống nội tâm bằng sự ồn ào, sự công nhận của người khác hay những thú vui tạm thời, thì khoảng trống ấy chỉ càng lớn hơn. Điều mình nhận ra sau khi xem là: trống rỗng không phải là vấn đề cần loại bỏ, mà là lời mời để quay về hiểu chính mình. Khi dám ngồi yên với nó, lắng nghe nó, chúng ta mới bắt đầu trưởng thành thật sự. Một video rất đáng suy ngẫm. Ai đang cảm thấy lạc lõng trong cuộc sống chắc chắn nên xem đến cuối.",0,human_gold_round5,3,round5,normal
Bữa nào đi học cũng chạy sang nhà đứa bị tâm thần phân liệt nó chửi em đòi giết em 😂,0,human_gold_round5,3,round5,normal
"em có cả 7 dấu hiệu trên luôn,em cảm thấy cuộc sống của em nó cứ đi theo một cái hướng sai sai,tiêu cực thế nào ấy.",0,human_gold_round5,3,round5,normal
"dạo này mình hay suy nghĩ nhiều, mất ngủ, khó ngủ, ngủ dậy mệt mỏi. mở nhạc này là mình chìm vào giấc ngủ hồi nào ko hay luôn, ngủ sâu, đủ giấc nên dậy cũng khoẻ hơn. ước có bản dài tầm 3 tiếng",0,human_gold_round5,3,round5,normal
"Năm con 29 tuổi, có những chuyện mãi mãi là sai lầm, con đã ước con có thể quay trở lại, con loay hoay với thế giới của chính mình, có đau đớn, có thương tổn, nhưng con thấy mìn thật hạnh phúc, con vẫn được là chính mình, không bi lụy, không gục gã❤",0,human_gold_round5,3,round5,normal
"Lâu lắm e mới pải nghe lại video này của a, có lúc e thấy hài lòng với cs của mình, nhưng cũng nhiều khi thấy cs của m quá nhàm chán. Cv thì ổn ( làm chủ và làm tại nhà) , mà quá bận nhiều lúc k có time nghỉ ngơi nên dẫn tới mệt mỏi, kết cục là mấy hnay sau khi về nhà mới , cviec + sắp xếp nhà cửa, khách khứa, thiếu ngủ… khiến e kiệt sức. Hơn nữa e thèm đi du lịch mà 3,4 năm nay k đi đc nên cũng khiến e chán hơn. Mai kia lại cbi cho giỗ, cuối tuần lại tổ chức 1 bữa tiệc khác nữaaaaa. Quanh năm thiếu ngủ nên chắc cơ thể suy kiệt rồiiii ạ",0,human_gold_round5,3,round5,normal
Tập động tác này nhiều hư khớp .,0,human_gold_round5,3,round5,normal
Tôi không muốn lắm,0,human_gold_round5,3,round5,normal
Theo quan diem cua con chung ta bi tram cam lam sao Chung ta muon chua lanh di sau vao ben trong no nhu the nao ? Chung ta xem noi dau do la 1 con cho du chung ta se co 1 nang luc Chanh niem chanh niem cua ban se quen bi roi loan lo au chung ta su binh an con nguoi ban doi Điện voi no chung ta lo la vay ? Ap luc tam ly moi su ban ron thoi . Hay duy tri thien tinh thuc nay chung ta gian hoan hy co cuoc song nay yeu thuong minh thoi.,0,human_gold_round5,3,round5,normal
"Em đang chán học, em lười học cũng lâu rồi nhưng gần đây lười nhiều hơn, mấy tuần nay em hơi đau đầu về việc này. Tự nhiên chị ra video cái như ánh sáng chiếu rọi em vậy. Xem chị từ hồi chưa cưới ABT đến giờ cũng mấy năm rồi, chị luôn là người tạo động lực để em sống tích cực và hạnh phúc hơn nhiều luôn á, yêu chị 😘🥰",0,human_gold_round5,3,round5,normal
"Thưa thầy, tôi bị bệnh tiểu đêm hơn 3 năm rồi, đêm nào cũng phải dậy đi 6-7 lần rất mệt mỏi. tôi gõ theo hướng dẫn của thầy vào huyệt thận và các huyệt liên quan thì đêm đầu tiên chỉ dậy đi 2 lần, đêm hôm qua thì ngủ luôn đến sáng. Xin hỏi thầy là như vậy là bệnh của tôi đã khỏi chưa và tôi có phải gõ nữa không? Cảm ơn thầy rất nhiều",0,human_gold_round5,3,round5,normal
"ĐỘNG LỰC ĐẾN TỪ MẤT MÁT Đây là kinh nghiệm mình từng trải qua , đó là cái ngày mà mình phải nhập viện sau đó là được chuyển vào phòng mổ trong tíc tắc Sau xuất viện , mình nhận ra sức khoẻ là thứ quý nhất trên đời này Và từ đó , ko cần ai ép buộc , ko cần ai cổ vũ , mình đã luôn tự vận động tập thể dục suốt từ năm 2016 đến bây giờ",0,human_gold_round5,3,round5,normal
"Mong vượt qua nỗi buồn phiền, nhưng lòng nặng trĩu",0,human_gold_round5,3,round5,normal
Đời là cõi tạm🙏🙏🙏🙏số con gặp khổ nhiều kiếp trước con nợ trả không hết nên kiếp này con chịu khổ nhiều 😔😔🙏🙏,0,human_gold_round5,3,round5,normal
"Xin lỗi vì đã vô tình để mọi người thấy được rằng bình luận này, vì hiện tại cảm xúc của mình như vỡ òa, chắc có lẽ ngày hôm nay là ngày tồi tệ nhất đối với mình. Mọi thứ đã đi xa quá xa, cả thế giới giống như quay lưng lại với mình, ai cũng đối mặt lại với mình hết ngay cả hiện tại mình chẳng còn ai để tâm sự và nói ra những chông gai trong lòng... cảm ơn vì đã đọc nó 😊",1,human_gold_round5,3,round5,depression
Học từ sáng tới tối nhưng mà vẫn chưa bằng ai cả có lúc chỉ bt cười thật tươi cho người khác coi mà nghĩ mình vui vẻ mà ko bt nghĩ về điểm số nhưng bên trong thì buồn. Có lúc tôi tự hỏi tại sao mình phải chịu đựng mà ko nói .,0,human_gold_round5,3,round5,normal
"Đêm nào trước khi ngủ tôi cũng nghe bản nhạc này.Giữa bộn bề cuộc sống lo toan cơm áo,gạo tiền.Xô bô và bon chen nơi thành thị.Muốn tìm bình an,yên tĩnh khi màn đêm buông xuống.Chúc cho mọi người cũng như tôi dù cuộc sống khó khăn hãy luôn cố gắng và trân trọng những gì mình có.",0,human_gold_round5,3,round5,normal
"Hôm nay thất tình, e lại tìm tới Trâm, đau quá chừng",0,human_gold_round5,3,round5,normal
"😢☺️🥀 lại nghe câu này của mẹ"" m chẳng đc tích sự j cả""☺️🥀😞 áp lực vs những người xung quanh lấy tôi ra lm trò đùa trog cuộc trò chuyện của ngta ☺️🥀😔",1,human_gold_round5,3,round5,depression
"Thực chất ba mẹ luôn yêu thương chúng ta và ko bao giờ muốn hại chúng ta cả. Chẳng qua do ba mẹ quá lo cho tương lai và điểm số của chúng ta mà thôi, nhưng tiếc là có thể bọn họ chửi mình hơi nặng lời và thường mình sẽ nghĩ rằng ba mẹ đang đặt áp lực lên mình. Nhưng thực chất ba mẹ chả ai muốn điều đó xảy ra cả, cái quan trọng là mình có hiểu đc họ hay ko thôi.😢😢",0,human_gold_round5,3,round5,normal
"""không ai hiểu đc e nữa r em cũng không hiểu bản thân mất thôi!!""",1,human_gold_round5,3,round5,depression
"Podcast chạm đến mình quá Huê ạ. Mình 22 tuổi mới ra trường. Ở ĐH mình thân với 3 bạn, nhưng ra trường đã gần 2 tháng ko tụ tập, gặp gỡ. Mình rất băn khoăn về vấn đề này, cảm giác tiếc nuối, trống rỗng, bứt rứt nó cứ quanh quẩn. Mình k biết phải làm ntn nữa.",0,human_gold_round5,3,round5,normal
"Đối với e thì nó là không màu. Mọi thứ xung quanh nó cứ mờ mờ ảo ảo, không có cái gì rõ ràng để e biết em nên đi về đâu. Cố gắng mạnh mẽ để bước tiếp nhưng có quá nhiều ngã đường, nhưng ngã nào cũng mênh mông vô định. Cảm giác đi vào ngã đường nào cũng là bế tắc. Cuối cùng e đã vượt qua bằng cách đứng yên, thản nhiên đón nhận những điều tiếp theo xảy ra với mình. Chỉ xem đó biết đó và để nó ảnh hưởng đến bản thân mình ít nhất có thể. Đó là khi em áp dụng lí thuyết của thiền định vào cách em nhìn nhận sự vật sự việc",0,human_gold_round5,3,round5,normal
"Cuộc sống càng lớn càng nhiều mệt mõi, lo toan, học hành, cơm áo, ánh mắt người đời... nhưng nghe lời Phật dạy chỉ vài phút thôi, tự nhiên thấy lòng nhẹ hẳn. Khổ đau không phải kẻ thù, mà là bài học giúp ta tỉnh thức. Chỉ cần buông bớt tham - sân - si , giữ một niệm từ bi, tâm sẽ an và bình yên sẽ tìm về. Nam Mô A Di Đà Phật",0,human_gold_round5,3,round5,normal
Con mệt quá thầy ơi 😔,1,human_gold_round5,3,round5,depression
"Mình phải cảm ơn chị Sun nhiều , mình có 1 ước mơ to lớn là học đại học nhưng đúng là mình chia sẻ với nhầm người thật , họ không ủng hộ mình họ còn nói này kia làm mình rất tự ti về bản thân mình , ừ chắc có lẽ mình chả bao giờ làm được thật , bởi vì người ta lớn mà , ngta nhìn thấu đời rồi , bây giờ mình chưa hiểu nhưng có lẽ sau này mình sẽ hiểu những lời ngta nói là đúng . Đến cả ước mơ của mình bố mẹ mình còn chả ủng hộ mình nữa là , lắm lúc cũng chả biết sống sao nữa , sống vì điều gì luôn . Nhưng ước mơ của mình cứ bị ngta đá xoáy vào lắm lúc stress thật sự .",0,human_gold_round5,3,round5,normal
E ra di lòng ạnh đổ vỡ Rồi e về làm tan nát trái tim a,0,human_gold_round5,3,round5,normal
"mình cũng đang trải qua giai đoạn rất căng thẳng và nhiều lúc kiểu muốn từ bỏ hết luôn ấy nma vẫn phải cố thôi, 12 năm ko thể nào là bát nước đổ đi được",0,human_gold_round5,3,round5,normal
"Mỗi lần em mệt mỏi và suy nghĩ nhiều thứ, em rất thích nghe chương trình của thầy, cảm ơn thầy, cảm ơn tri kỷ cảm xúc",0,human_gold_round5,3,round5,normal
Việc “đau đớn là điều không thể tránh” thực sự đánh thẳng vào tim mình — làm mình nhận ra rằng không hành động còn đau hơn là chịu đựng.,0,human_gold_round5,3,round5,normal
sắp thi cấp 3 rồi sợ quá ad ơi haizz tui hơi sợ môn toán hình và tiếng anh vì tôi hơi kém từ đó tôi sinh ra tính lười tôi thực sự muốn đỗ cấp 3,0,human_gold_round5,3,round5,normal
"Nhà tâm lý học nói rằng : học quá nhiều sẽ khiến não bộ không còn minh mẫn nữa mà còn làm giảm trí nhớ của bon trẻ , ảnh hưởng đến tâm lý và luôn nghĩ đến cái chết !",0,human_gold_round5,3,round5,normal
Nỗi đau thể xác mau lành hơn nỗi đau tâm trí,0,human_gold_round5,3,round5,normal
"nhà mình có ba anh chị em, và mình là con thứ 2. kiểu, mình đã có nhận thức rõ ràng từ khi còn rất nhỏ, cũng biết thương bố mẹ và thường xuyên giúp bố mẹ những gì mình có thể, dù muốn gì cũng chưa bao giờ đòi hỏi điều gì. Nhưng chị và em mình thì luôn quậy phá, cãi lời, và chẳng chịu làm gì cả. Thành ra có việc nào trong nhà cha mẹ cũng sẽ bảo mình làm, họ muốn gì cha mẹ liền cho, còn mình thì mặc kệ. Mình nhẫn nhịn tất cả, nhưng cha mẹ khi mắng hai người kia sẽ quay ra mắng cả mình, dù mình chẳng làm gì. Cha mẹ áp đặt mọi thứ về mình, thành tích phải giỏi (đến nỗi giờ mình ám ảnh, chỉ cần được điểm môn nào dưới 8 dù kiểm tra thường hay thi cũng cực kì suy sụp), phải biết làm việc nhà, phải biết này nọ này kia. Nhiều khi mình thấy chị em mình được vui chơi thoải mái làm mình rất ghen tị, và mình thì chẳng nhận được chút sự thấu hiểu nào từ gia đình cả. mình cũng không dám tâm sự với bất kì ai, vì căn bản họ sẽ mặc kệ.",1,human_gold_round5,3,round5,depression
Cũng chẳng gì cả vì nhân loại toàn cầu đang bị một thế lực toàn cầu áp đạt đúng sài rất cần trải nghiệm sống là nhận chứng nammoadidaphat,0,human_gold_round5,3,round5,normal
"Dù bame mình ko ép nhg vẫn có áp lực , nếu thi ko đậu ĐH chắc phải chờ năm sao thoi😢",0,human_gold_round5,3,round5,normal
Tôi khóc thật rồi,0,human_gold_round5,3,round5,normal
bác si tôi bị mất ngủ nặng lắm có cách nào để khắc phục ko à,0,human_gold_round5,3,round5,normal
1. Có người hỏi tôi sao ca nhạc buồn chuyện tình dở dang Có người hỏi tôi ca chi những lời tình buồn thê lương Có người hỏi tôi gieo chi tiếng lòng tan nát tâm tư Người còn hỏi tôi có phải tôi đã yêu tình yêu trắc trở? Nên mỗi lời ca như ngàn lời than van. Đk. Tôi ca nhạc buồn vì đời có mấy chi vui Tôi ca nhạc buồn vì cuộc đời ngang trái trong tình yêu Thương cho những người chìm trong khổ đau. Vì tình bạc đen tham sang phụ khó? Xem tơ duyên là trò đùa nhân gian Tôi ca nhạc buồn sớt chia tâm sự những người không may. 2. Thấu hiểu dùm tôi khi ca nhạc buồn lòng cũng tả tơi Nếu còn khổ đau câu ca tôi còn đượm đầy bi ai Chút nỗi niềm riêng tôi xin gởi vào câu hát mai sau Để được cùng ai trút cạn bao đắng cay tình duyên chẳng tròn Vơi bớt sầu thương cho nụ cười đậm trên môi...,0,human_gold_round5,3,round5,normal
Gia đình chỉ khiến đứa trẻ áp lực thêm mà thôi 😊😊😊,0,human_gold_round5,3,round5,normal
"Mình vừa trải qua hơn 2 tháng cao điểm của công việc, mình làm hdv du lịch. Phải quay đầu đi liên tục và lịch đi làm thật sự không cố định, ngủ không đủ giấc và sức khỏe đi xuống",0,human_gold_round5,3,round5,normal
"Con cảm tạ ơn Chúa vì được làm con của Ngài , con cảm tạ ơn Chúa mỗi khi con có sự lo lắng bất an vui buồn trong cuộc sống thì Chúa là người mà con chạy đến và Chúa đã dùng lời Ngài để soi dẫn cho con , và xin cho con luôn biết tin cậy nơi Ngài suốt cuộc đời của con và cho con có sự khôn ngoan đễ dẫn dắt con cái con đi trong đường lối kính sợ Ngài Amen ,cám ơn chương trình đã đem lời Chúa đến khắp mọi nơi đễ an ủi nâng đở cho những ai đang cảm thấy cô đơn hãy đến với Chúa Amen",0,human_gold_round5,3,round5,normal
Chữa lành nỗi đau quá khứ,0,human_gold_round5,3,round5,normal
"t đã nghe bài hát này từ lúc mới ra. t thích nó vô cùng. Và hôm nay t đã nghe nó bằng cả sự đồng cảm, nước mắt như mưa. sự dối trá ganh ghét đấu tranh áp lực từ xã hội chẳng là gì cả, nhưng sự không thấu hiểu, không đồng cảm, không chia sẻ từ gia đình lại khiến ta cảm thấy lạc lõng vô cùng. có khi sống một mình lại không cảm thấy cô đơn nhưng ta lại thấy cô đơn trong chính ngôi nhà của mình....",0,human_gold_round5,3,round5,normal
Mẹ ơi!con con rất yêu mẹ nhiều. Con yêu mẹ từ lúc mẹ mang nặng để đẻ con ra rồi đó mẹ con biết là con còn nhỏ nên làm mẹ cực và mệt nhiều lắm.Con cũng biết rằng mẹ đánh con là vì mẹ muốn con tưởng thành và mỗi khi con bị sốt thì mẹ đều chăm sóc con. Vì vậy con rất yêu mẹ nhiều và con cũng mong mẹ sẽ luôn mạnh khỏe và hạnh phúc nha mẹ của con,0,human_gold_round5,3,round5,normal
"Cảm ơn mọi người đã sản xuất ra bài hát này. Mình đang trong giai đoạn không ổn về mặt tâm lý và vì sống xa nhà, nên mình cũng chẳng thể chia sẻ được cho ai cả, lúc nào cũng một mình. Bài hát này như an ủi mình vậy. Mình nghĩ vào một ngày không vui, mình sẽ luôn nhớ đến lyrics này đầu tiên với sự đồng cảm mạnh mẽ nhất.",0,human_gold_round5,3,round5,normal
"Buồn, chán, chả muốn sống nữa, phải làm sao đây ?",1,human_gold_round5,3,round5,depression
"Nếu vấn đề nặng đến mức người ta vượt cả nổi sợ bản năng mà 44, thì đó không phải chuyện mà vài câu nói giải quyết được. Hoặc là giải quyết vấn đề đã ép buộc nạn nhân phải tìm đến cái chet, còn nếu không giải quyết được thì đừng ép họ phải tiếp tục sống trong nỗi đau. Với những ca mà vấn đề không đến từ yếu tố bên ngoài, như tramcam nặng, phải chung sống và giám sát bệnh nhân liên tục, cũng như từ từ chữa trị cho họ. Nếu không làm được, vậy đừng chỉ trích gì cả, cứ để họ đi đi. Tramcam nặng có xu hướng 44 hoặc git người, người mà chỉ lựa chọn 44 thì trên thực tế họ cũng đã bớt hại đời lắm rồi, cũng đã mạnh mẽ theo cách riêng của họ rồi.",0,human_gold_round5,3,round5,normal
Tôi bị cái thứ 3 là nhiều nhất,0,human_gold_round5,3,round5,normal
"Mình nghe mình buồn, không phải là buồn vì thất tình, là buồn là vẫn còn FA😔",0,human_gold_round5,3,round5,normal
Áp lực học tập - Tập 28,0,human_gold_round5,3,round5,normal
nổi buồn của tôi là câu đầu tiên,0,human_gold_round5,3,round5,normal
Stress nhẹ,0,human_gold_round5,3,round5,normal
"Càng giẫy giụa thoát ra sẽ càng bị nó kéo xuống nhanh hơn, mệt mỏi không giẫy giụa nữa để bản thân chìm dần chìm dần xuống vậy 😊",1,human_gold_round5,3,round5,depression
"Khi mà mình cảm thấy sa sút thì mik đều xem lại clip này, mong rằng tất cả học sinh ngoài kia dù lớn hay bé thì cux đừng quá lo lắng hay suy sụp khi điểm số ko như mong muốn nhé, 1 con số ko thể định đoạt tương lai của tất cả chúng ta và sẽ luôn là như vậy khi chúng ta có hi vọng vào cuộc sống bởi sau màn đêm u tối là ánh bình minh của 1 ngày mới",0,human_gold_round5,3,round5,normal
Những lúc mệt mỏi nghe bài này làm tôi cảm thấy nhẹ nhõm quên hết muộn phiền .. Thật mệt mỏi... 😢😢,0,human_gold_round5,3,round5,normal
"Đời người sống chỉ đơn giản là được sinh ra để sống vì ai cũng vậy đời này qua đời nọ, ai cũng sống nên mọi người đều phải sống, sống tới chừng nào tới số chết thì thôi. Còn sống như nào thì mỗi người có một số phận và cuộc đời riêng, nhưng dù sống kiểu gì thì cũng không thoát khỏi quy luật sinh tử, chết là hết, mọi thứ từ vật chất đến danh vọng danh dự hay gì gì đi chăng nữa cũng chỉ là tạm bợ hư vô!",0,human_gold_round5,3,round5,normal
Dù ai doi oan cho mình cũng ko được cãi nếu không sẽ bị mắng và đánh như tui tui đá nhầm cửa vỡ ra tui đã đổi oan cho anh tui làm anh tui bị đánh oan và sau khi tui đã đổi oan cho người khác hiện tại tui ko còn đổi oan cho người khác nữa nếu đã sai ta phải biến nhận không phai do ba mẹ đánh oan và mắng mình tất cả đều cố lý do hiểu lầm thôi dù có bị trách oan ta phải nhịn khóc và bị nghe những câu mắng NẾU AI THẤY TÔI NÓI ĐÚNG THÌ CHO TUI XIN MỘT LIKE nhé mọi người 😢😢😢😢😢😢😢😢😢😢,0,human_gold_round5,3,round5,normal
Iu sốp quó ❤ toàn làm vd động lực mà em thk ko à.,0,human_gold_round5,3,round5,normal
"đang trầm cảm và coi video này thấy lại khó chịu hơn, a này nói chuyện hơi dài dòng quá xem mà...",1,human_gold_round5,3,round5,depression
Đang không cô đơn... Cái nghe xong tự dưng cô đơn muốn xỉu 😁😁😁,0,human_gold_round5,3,round5,normal
chán lắm chỉ muốn mặc kệ mọi thứ,1,human_gold_round5,3,round5,depression
Ước gì mình đc nghe video này sớm hơn. Mình bị mất miếng pho mát và tự nhốt mình trong mê cung đến phát mệt. Bây giờ mình đã đấm vỡ mê cung cảm xúc và đi tìm khu pho mát mới. Cảm ơn Better Version ❤,0,human_gold_round5,3,round5,normal
Cố lên nào bản thân tôi ơi nỗi lực cố gắng lên nào!,0,human_gold_round5,3,round5,normal
"Một trong những lý do mà tôi nghĩ lớn nhất khiến giáo dục miền Nam hầu như bị tụt lại phía sau so với miền Bắc đó là cú sốc 75. Người miền Nam không quen với chương trình giáo dục của miền Bắc (áp dụng cho toàn quốc). Học sinh miền Bắc đã quá quen với môi trường giáo dục như vậy rồi từ thời ông bà cha mẹ của họ. Trong khi đó các phụ huynh miền Nam từng học dưới nền giáo dục miền Nam thì hoàn toàn bị sốc. Một số tỏ ra bất mãn không cho con đi học hoặc không quan tâm, học được thì học, không được thì thôi. Còn một số thì có lý lịch ""không tốt"" nên không cần nói mọi người cũng hiểu.",0,human_gold_round5,3,round5,normal
"Cảm ơn anh Thành. Em sinh ra và lớn lên tại nông thôn, ngày nhỏ em học giỏi lắm, nhưng ngày càng bước ra ngoài đời, gặp nhiều bạn giỏi hơn sự tự tin của em đã mất dần đi từng ngày, em không còn dám nói lên hết những suy nghĩ của mình, rụt rè với những dự định mà mình muốn làm. Lên Đại học, dù cho vẫn còn e ngại nhưng em cũng từng bước thực hiện những điều em mong muốn, Dám nghĩ Dám làm. Xem xong đoạn chia sẻ của anh, em cảm thấy mình không cô đơn, còn rất nhiều người vẫn còn loay hoay, vô định, tìm cho mình hướng đi của bản thân trong tương lai. Thanks for your sharing ❤",0,human_gold_round5,3,round5,normal
Bs ơi cho em hỏi vì em đang lo quá. Mẹ em uống 30 viên thuốc ngủ nằm ngủ mấy ngày rồi không dậy nổi không ăn gì luôn. Cho em hỏi mẹ ngủ tới khi hết thuốc là mẹ thức dậy bình thường hả bác.hay mẹ ngủ đã rồi đi luôn,0,human_gold_round5,3,round5,normal
"Giờ mình mới hiểu được rằng làm người lớn thật là khó , phải đối mặt biết bao nhiêu thử thách của cuộc sống , khiến bản thân đôi lúc cũng phải gục ngã nhưng khi nghĩ lại về tương lai , gia đình thì mình chỉ biết cố gắng vươn lên từng ngày thôi . Nghe bài này tự nhiên muốn quay lại lúc còn nhỏ ghê , vô tư và vô lo",0,human_gold_round5,3,round5,normal
"Mình có những thứ đó, vậy mình bị chầm cảm à",1,human_gold_round5,3,round5,depression
tưởng tượng tiêu cực không phải là suy nghĩ tiêu cực. Nhưng lạm dụng quá tưởng tượng tiêu cực thì sẽ hình thành suy nghĩ tiêu cực. cảm ơn bài giảng hữu ích này.,0,human_gold_round5,3,round5,normal
"2:53 Mất năng lượng khi ở xung quanh mn, áp lực phải làm công việc tốt nhất => đi kết nối chia sẻ với bạn bè, đồng nghiệp ????? Ủa rồi logic ghê chưa? Đi kể lể chia sẻ ra mà hết đc thì đã ko ai bị. Chỉ có 1 cách duy nhất là giải quyết tận gốc nguyên nhân thôi, đấy là nghỉ việc. Nghỉ việc thì hết burn out !!",0,human_gold_round5,3,round5,normal
Video dành cho tất cả những người con chịu nhiều áp lực mẹ tôi luôn đem tôi ra so sánh với những bạn khác mặc dù tôi đã xếp thứ ba,0,human_gold_round5,3,round5,normal
"Trong suốt 12 năm đi học e đã gặp phải cả 9 điều mà a chia sẽ. E đã bỏ lỡ tất cả từ gia đình, bạn bè, nhu cầu cá nhân…, tất cả chỉ tập trung vào việc học. Nhưng kết quả cũng chẳng đáng với cái công e bỏ ra tí nào. E đã vô cùng bất lực. Nhưng may mắn vào 1 tháng cuối cùng ôn thi THPTQG e đã dám ngừng lại 1 ngày và chiêm nghiệm lại trong suốt 12 năm đi học e đã học như thế nào. Và chỉ trong 30 ngày cuối cùng chuẩn bị thi e đã thay đổi và khắc phục 9 điều đó. Và kết quả rất tốt, e từ 1 đứa ngày đêm cày như trâu nhưng học lực chỉ trung bình, bị mọi người khinh bỉ E đã đậu vào 1 trong những trường tốt nhất ở miền Nam. Đến bây giờ khi xem video này e mới chính thức nhận ra mình đã burn out. Và chia sẽ của a ngày hôm nay với e là vô cùng quý giá để giúp e nhận rachính xác bệnh và cách điều trị cho căn bệnh này. Vô cùng tuyệt vời a ạ",0,human_gold_round5,3,round5,normal
Nghe den day ma toi khoc cho cha me em nay kp dang don nham va wua cjo cpn lo lam khi con dai lko no not cha me cia em honh qua ac va gay kho lkhan ong ong can bo dich gi manh noi mang tieng cho con may ong can bo cong san nay chi lsm thsm nhung tai co quam nha cung chan lam tot dep gi cpn cai ma luc tay mang tieng ac doc duoi con cai vâing fau ai mupn minh kho dau do so phan ỵang bo cua chau nay that la deo can ac doc hoep dam rpi chiu nhan cai ngjiep kiep sau may se lah qua vi coi thiong kp njan con khi nguoi cha khon nan,0,human_gold_round5,3,round5,normal
"ngỡ ngàng khi biết rằng mình đã thích và like cái video này trước đó một lần rồi và cũng vô cùng ngạc nhiên khi nhớ lại lần trước khi nước mắt em cứ tự rơi, có thể lần này nó không bản năng và vỡ òa như lần trước, nhưng nó vẫn nhắc nhở cho em biết thật sự mình đã dặt kỳ vọng vào bản thân nhiều tới mức nào. Bản thân tuy vẫn còn là sinh viên nhưng kỳ vọng về bản thân phải lo được cho cha mẹ, sống tự lập và lo cho bản thân làm em quên đi rằng mình vẫn có thể nhận được sự tương trợ từ chính những người vô tình làm cho mình nặng lòng nhất. Có thể là em chưa đủ trưởng thành để hiểu được từng nỗi lòng mà họ mong muốn dành cho con mình, nhưng ít nhất em đã gỡ bỏ được nút thắt đầu tiên cho sự thấu hiểu. Hy vọng lần sau khi quay lạy phần comment này em sẽ bình an hơn và sâu sắc hơn. Cảm ơn anh Trí",0,human_gold_round5,3,round5,normal
Nghe thầy giảng con khóc con đỡ bị áp lực hơn,0,human_gold_round5,3,round5,normal
"Podcast này mình đã nghe lại lần này là lần thứ 3.Mình luôn tìm đến nó vào những lần bất lực của bản thân,nhưng lần này là lần tồi tệ hơn những lần trước khi mình đã mất đi niềm tin vào thế giới này...",1,human_gold_round5,3,round5,depression
Em thất học thôi không thất tình đâu,0,human_gold_round5,3,round5,normal
Chị Giang nói như tâm sự nỗi lòng của em vậy. Từ bé em đã tự ti về vẻ ngoài và sau này em đã vượt qua nỗi tự ti của mình để hoà nhập với môi trường mới và có những thành tích nhất định.,0,human_gold_round5,3,round5,normal
"sự kì vọng quá lớn, nguyện vọng quá xa vời, năng lực của bản thân rất kém. Bạn bè ai cũng có mục tiêu riêng, họ ngày càng phát triển và tiến xa hơn. Còn bản thân lại càng tụt dốc",1,human_gold_round5,3,round5,depression
"nao a thử làm về nghỉ ngơi đi a, e nhận ra sau 1 thời gian cố gắng làm việc dài liên tục thì não ta sẽ rơi vào mệt mỏi, mệt kiểu ngủ 8 tiếng dậy vẫn thấy hơi mệt mệt, tập trung ko bén bằng lúc nghỉ 2 ngày ko làm gì và sau đó quay lại làm việc",0,human_gold_round5,3,round5,normal
Áp lực lắm T_T 😭😭😭,0,human_gold_round5,3,round5,normal
💛 Tự ti vs ko biết nói chuyện nên e mới thành nhát và ko quen đc ai áa chịi :< Rất muốn đc giao tiếp rộng lun mà gặp ngta run ko suy nghĩ đc gìi 🥺,0,human_gold_round5,3,round5,normal
"Biết ơn Vũ Trụ ! Biết ơn Phật Trời ! Biết ơn Tổ Tiên ! Luôn vận hành và xoay chuyển , hôm nay con đủ duyên lành nghe được lời diển giải phân tích của Bác Sĩ TRẦN con cảm thấy Tâm con nhẹ nhàng hơn , bản thân con cũng đang bị rối loạn lo âu vì Chồng làm ăn thất bại nợ tiền chồng chất . Tôi biết ơn Bác Sĩ TRẦN đã chia sẻ . Chúc Bác thật nhiều sức khỏe và luôn tràn đầy năng lượng yêu thương !",0,human_gold_round5,3,round5,normal
Anh làm về rối loạn ám ảnh cưỡng chế chưa ạ,0,human_gold_round5,3,round5,normal
"mình là k7 er, và năm nay mình thi lại. Thật ra năm trước mình cảm thấy mình đã hoàn thành khá tốt với hơn 23 điểm của khối d14, mình đậu nv1, và dường như có vẻ mọi thứ tiến triển tốt. Nhưng không, mình chọn nghỉ học. Thật ra mình k biết mình có lựa chọn đúng hay không, nhưng mình không đủ điều kiện kinh tế để đi tiếp. Ba mình mất sớm, mẹ mònh hơn 50t vẫn đang thức khuya dậy sớm buôn bán, anh mình làm công nhân nhưng 2 năm trước bệnh nên phải phẫu thuật và đến tận lúc mình viết những dòng này, anh mình vẫn chưa đủ khả năng đi làm. Nhà mình còn khoảng nợ được vay lúc xây nhà, anh mình hơn 30 vẫn chưa vợ con, gánh nặng sập xuống vai mẹ mình, nếu học tiếp mình không thể gồng nổi. Hiện tại mình chẳng biết làm sao hết, năm trước mình hào hứng ôn thi, nhưng từ sau kì thi đến nay mình chưa đụng vô nổi 1 chữ trong sách. Mình chả biết năm nay mình còn thi nổi không, mình không biết nếu lại đậu mình nên học không. 25.11.25",1,human_gold_round5,3,round5,depression
🥹 mình cũng sợ điều đó xảy ra,0,human_gold_round5,3,round5,normal
4:34 Mình khóc khi những lời cậu nói giống hệt những gì mình đã vừa trải qua sau đó một thời gian mình muốn có thể ngồi xuống với ba để nói chuyện nhưng mà đến giờ vẫn khó mở lời nhưng mà ngày đó ba đã nói không còn trách nhiệm với mình nên mỗi khi muốn mở lời mình lại nhớ đến những lời đó khiến lòng mình thắt lại không nói được,1,human_gold_round5,3,round5,depression
"Không dạy thì giảng viên thất nghiệp à. Ai chết mặc ai, tui lo đi dạy kiếm cơm đã, việc làm thì tự sv lo.",0,human_gold_round5,3,round5,normal
“ một chút cô đơn đôi khi là khoảng lặng cần thiết cho chính cuộc đời của mình”,0,human_gold_round5,3,round5,normal
Em nghĩ đến việc sắp đi vào giấc ngủ nên em không ngủ được 😢,0,human_gold_round5,3,round5,normal
"Cầm tấm vé trên tay em bay đến nơi xa Sài Gòn đau lòng quá Toàn kỷ niệm chúng ta Phải đi xa đến đâu Thời gian quên mất bao lâu Để trái tim em bình yên như ngày đầu tiên Phải đi xa đến đâu Thời gian quên mất bao lâu Để trái tim em bình yên như ngày đầu tiên. Mình đã từng hứa bên nhau hết tháng năm dài Yêu đến khi ngừng hơi thở, đến khi ngừng mơ Nắm chặt tay đi hết nhân thế này Chân trời hằn chân ta, vô tận là chúng ta Mình đã từng hứa đi qua hết bao thăng trầm Cho dẫu mai này xa rời vẫn không hề đổi rời Có ngờ đâu ta sớm vỡ tan tành Nhặt từng mảnh vỡ xếp vào vali Cứ càng yêu, cứ càng đau Cứ càng quên rồi lại muốn đi thật nhiều Tokyo hay Seoul Paris hay New York Đi càng xa càng không thể quên Cầm tấm vé trên tay em bay đến nơi xa Sài Gòn đau lòng quá Toàn kỷ niệm chúng ta Phải đi xa đến đâu Thời gian quên mất bao lâu Để trái tim em bình yên như ngày đầu tiên Phải đi xa đến đâu Thời gian quên mất bao lâu Để trái tim em bình yên như ngày đầu tiên. Ngày tôi chưa từng biết, tôi sẽ yêu em nhiều như thế này Để rồi khi ta cách xa tim này nỡ xa Ngày người chưa đến mang theo giấc mơ Rồi lại bỏ rơi lúc tôi đang chờ Chờ người đến dịu xoa tổn thương tôi đã từng Cầm tấm vé trên tay anh bay đến nơi xa Sài Gòn đau lòng quá Toàn kỷ niệm chúng ta Phải đi xa đến đâu Thời gian quên mất bao lâu Để trái tim em bình yên như ngày đầu tiên Phải đi xa đến đâu Thời gian quên mất bao lâu Để trái tim em bình yên như ngày đầu tiên.",0,human_gold_round5,3,round5,normal
"Học được 3 tuần nay rồi, kiểm tra ko môn nào được hết luôn😭 buồn thật sự",0,human_gold_round5,3,round5,normal
Mệt mỏi quá 😴😴😴,0,human_gold_round5,3,round5,normal
Tất cả đứa con như chúng ta đều ít khi được ba mẹ thông cảm thậm trí là coi cảm xúc của chúng ta là rác thậm trí luôn nặng lời và mình khóc r nhiều 😔 “Nhưng ko vì điều đó mà mình ghét ba mẹ”☺️,0,human_gold_round5,3,round5,normal
😢 mình thương một người ở nơi xa xăm bằng trái tim.ho lại thờ ơ như người ke xa lạ.chac họ ko thương mình. Nên trái tim họ ko cảm thấy dao.😢😢😢😢😢 Số phận tôi nghèo thôi cứ yên phận mình ước mơ chi rồi phải dao tự mình mình khóc rồi tự lao nước mắt một mình,0,human_gold_round5,3,round5,normal
Không có tình yêu nhưng bài này khiến tôi có càm giác thất tình🗿💧,0,human_gold_round5,3,round5,normal
có bạn nào đg tuổi 13 mà cứ sợ bị bệnh ung thư giống tui không cứ gờ gờ chỗ nào nó u lên là sợ lắm đi lại bác sĩ nói là tuổi đg lớn nên kh sao mà cứ vẫn lo,0,human_gold_round5,3,round5,normal
Cảm ơn anh Em hình như cũng bị nhưng nó nhẹ hơn Với lại trí tưởng tượng của em nó đã hình thành 1 bản thể nó luôn an ủi em thành ra em ko bị bi quan cực độ 😢😅,0,human_gold_round5,3,round5,normal
"Đây là lần đầu tiên e gặp một con người đã từng trải qua những giai đoạn suy nghĩ giống y đúc bản thân mình thế này. Đúng là quan niệm về điểm số của e thay đổi rất nhiều từ hồi cấp 1 đến bây giờ. E vẫn nhớ lúc cấp 1 ấy, e được đi học thêm, và ít ra thì e cũng được gọi là có tí nhanh nhạy, nên chuyện đạt điểm cao chưa bao giờ là quá khó cả. Đến cấp 2 thì lại khác, e không đi học thêm nữa, do lười hơn và cũng chả chịu học bài ở nhà, đi thi thì vẫn nhờ may mắn và chút công sức tàn tàn đạt hsg thoi. Ừa thì thừa nhận là e mất gốc, nhưng e chưa bao giờ phải ăn trái đắng khi sa sút học hành cả, do lúc nào thi e ôn gì cũng trúng tủ. Đôi khi cũng có vài con 4, 6 đấy, nhưng điển tổng vẫn ổn nên chả sao cả. Đôi khi e cũng ghen tị với mấy đứa nhất lớp, nhất trường rằng tại sao tụi nó cao điểm thế? Và càng lớn e càng nhận ra ừa thì ai chăm nấy điểm cao thoi, nhưng e chả thay đổi được. Lười vẫn là lười. Bây giờ cấp ba rồi, lên lớp 10 và nhiều bài học khó hơn, e mới chợt nhận ra mình đã bỏ lỡ biết bao nhiêu thời gian, bao nhiêu kiến thức thế nào. Và bản thân mình đã ngu ngốc bao nhiêu khi cứ luôn lấy sự chăm chỉ của người khác ra để so đo với cái lười nhác bản thân mình. Đối với e điểm số chưa bao giờ là quan trọng, nhưng e lại là con người có tính ganh đua, e muốn được tốt hơn, muốn đạt điểm cao và hơn người khác. Chà, hơi kì nhỉ? Giờ e vẫn đang mất gốc một đống môn đây, và chả hiểu tại sao e lại được chọn vào lớp tăng cường tự nhiên nữa? E rối rắm lắm, nhưng mà được nghe cái gì đó đúng với suy nghĩ của mình thì cũng vui lắm. Cảm ơn anh ^_^ Và chúc anh sẽ ngày càng thay đổi, tốt hơn và giỏi hơn nữa. Chà, hi vọng một ngày trong tương lai không xa, e sẽ giỏi toán giống a vậy. Xin tí vía nào :))))",0,human_gold_round5,3,round5,normal
Ai tâm lí yếu cs thể ms nghe câu đầu là khóc r á,0,human_gold_round5,3,round5,normal
còn ny thì : cho ta cảm giác đau buồn thôi 😔,0,human_gold_round5,3,round5,normal
"video của bạn thật sự rất ý nghĩa vs mik lun, dạo này mik bị stress môn vật lú và mất gốc cả 3 bài DĐĐH, con lắc lò xo và con lắc đơn lun😢😢😢, mik còn bị áp lực do trong những tuần này ktra liên tiếp nhiều môn trong một ngày và nhiều ngày như thế. Sau khi coi video của Emily mik thật sự đã vơi bớt dc phần áp lực này và bạn đưa ra những tip rất hay. Mik chân thành cảm ơn bạn nha🥰🥰🥰",0,human_gold_round5,3,round5,normal
Bất ngờ sắp chết 😂,0,human_gold_round5,3,round5,normal
"“Người xưa dạy ‘tự lập’ không phải để tách biệt khỏi xã hội, mà là để tự mình không bị lệ thuộc vào nó.” Khi bạn học cách không cần ai, không có nghĩa là bạn chối bỏ người khác, mà là bạn không để sự tồn tại của mình phụ thuộc vào ai. Cái gốc của sự tự do, an yên chính là không lệ thuộc. Người biết đứng một mình là người có thể đứng giữa đám đông mà không lạc lõng, ở một mình mà không cô đơn.",0,human_gold_round5,3,round5,normal
Tự do là phải tự lo sống hết mình với ước mơ của mình,0,human_gold_round5,3,round5,normal
"Tui nghĩ là đừng kiểm soát quá phòng của con là nơi riêng tư của con nên cứ ra vào, rồi nhìn tới nhìn lui như vậy khiến con thiếu có cảm giác an toàn ko có nổi 1 không gian riêng có gia đình mà như thế con cái dễ áp lực hoặc bị bệnh tâm lý á !(ykr)",0,human_gold_round5,3,round5,normal
"Con chó nhà mình mới mất vì bệnh, lúc nó còn sống mình rất lạnh nhạt với nó dù nó lúc nào nó cũng vui vẻ, muốn chơi với mình. Giờ mình khóc rất nhiều, mỗi lần nhớ đến cảnh mỗi sáng nó đều vẩy đuôi đòi ăn, mỗi chiều về nó chờ ngay cổng. Tự hỏi tại sao lúc nó sống lại lạnh nhạt với nó, giờ nó mất rồi thì lại thấy tiếc vì lúc nó còn sống không quan tâm nó nhiều hơn. Rồi tự một mình suy nghĩ nó chỉ là một con vật thôi sao lại mang nhiều cảm xúc cho mình như vậy, thế đến một ngày ba mẹ, người thân mình không còn ở bên thì biết như thế nào? Nhưng nghe được câu hát "" Cuộc đời là những gặp mặt và chia ly..."" khiến tâm trạng mình tốt hơn rất nhiều. Cứ trân trọng những gì đang có mà sống hạnh phúc là được.",0,human_gold_round5,3,round5,normal
"Tui thấy câu giải phóng dopamine không liên tục giống như lối sống của người xưa - để dành sự sung sướng để xài dần chứ k dùng trong một lần => họ cảm thấy vui với những gì họ có và cũng có các mong muốn phát triển về sau. Suy cho cùng cảm giác, cảm xúc là thứ k thể kiểm soát do nó là chất tiết ra trong não, chất nào thì cảm xúc đó. Cái kiểm soát được là hành động, hãy làm các hành động để cân bằng và tránh các kích thích sung sướng liên tục => dễ hủy hoại bản thân khi quay về guồng sống thường ngày.",0,human_gold_round5,3,round5,normal
"Em từng nghĩ rằng bản thân hơn người nhưng khi đổi sang một môi trường khác em mới biết em là 'vua xứ mù'. Dù hiện tại e đã chấp nhận rằng mình chả là gì so với những kẻ xuất sắc, nhưng trong thâm tâm e lại không muốn mình chỉ mãi bình thường như thế. E muốn trải nghiệm lại cảm giác ngày xưa, được đứng dưới ánh đèn sân khấu, tự hào nhận tràng pháo tay của những người ở dưới. Lại chẳng hiểu sao tham vọng của mình luôn chưa từng dừng lại dù biết năng lực bản thân đến đâu... Em biết phải học cách chấp nhận sự kém cỏi của chính mình nhưng em vẫn rất hoang mang... Em không muốn phải làm thế 😢",0,human_gold_round5,3,round5,normal
"Mình cũng có khoảng thời gian cô đơn trong các mối quan hệ xung quanh, cô đơn trong công việc mình làm. Rồi dịch bệnh ập tới, mình bỏ việc, đi lang thang một mình khắp nơi. Làm những công việc tay chân ở những nơi xa lạ, tiếp xúc với những người đồng bào thật thà vui vẻ. Mình nhận ra là cái vỏ bọc trước kia mình xây dựng cho hợp với ánh nhìn của mọi người thật là ngu ngốc. Mình thấy mình sống lặng lẽ, ko cần một danh phận nào gán lên mình lại là một điều tốt.",0,human_gold_round5,3,round5,normal
"Bước 1: Dành thời gian lắng lại Bước 2: Trò chuyện với chính mình 2 điều đơn giản: Viết nhật ký, 1/ Đi bộ: sẵn tiện phơi nắng luôn, có thể đi bộ chân trần để nối với đất => Cơ thể ấm 2/ Viết nhật ký: -Viết vô tri tự do lắng nghe suy nghĩ của mình, không phán xét suy nghĩ của mình, nghe để nghe, để thấu hiểu mình. -Viết tới khi nào bên trong đầu mình rỗng luôn => Tạo ra khoảng trống trong tâm trí của mình. -Có khoảng trống thì vũ trụ sẽ lấp đầy trí tuệ cho mình: erika Moment. -Khơi dòng để nhận nước: vũ trụ sẽ lấp đầy những câu hỏi, ý tưởng mới cho mình. -Kiên định với tiêu chuẩn của mình. 3/ Bảng hiểu mình: 4 cột: Không thích, Mình Thích Gì, Tại sao, Giải pháp Bước 3: Bạn cần phải trải nghiệm nhiều",0,human_gold_round5,3,round5,normal
"vid này nói nhiều điều thật, nhớ những vụ chết thg tâm chỉ vì áp lực học tập mà thấy thương thật. bố mẹ chỉ sợ con học ít thì k đứng vững trg xã hội, nhưng k nghĩ đến việc học quá nhiều sẽ làm con có vấn đề tâm lý :((",0,human_gold_round5,3,round5,normal
Anh toàn nói quá đúng không ai thương mình hành chính bản thân mình thương lấy mình chồng em cũng là người tốt không rượu chè cờ bạc trai gái nhưng cũng có lúc nói là mình buồn sáng nay 5:30 em dậy đi tập thể dục hai vợ chồng nhưng chồng bảo sáng nay nghỉ trả lại em đi cắm cơm dọn dẹp quét dọn từ lau nhà 6 giờ cho dậy em có cho chị dâu rửa bát vào lau nhà và cầu thang chồng trông thấy chồng bảo đông lao cái này mà bị lão mã số Đà Nẵng rồi chồng em đã không cần nhau không phải lau nói khó nghe làm như gạo nước lạnh vào vào đầu em nghe là bực mình nhưng em không nói sống với chồng biết tính hiền nhưng lại cục ngày em nghĩ em cứ buồn anh nhé,0,human_gold_round5,3,round5,normal
"Cảm ơn anh vì những chia sẻ này, bởi vì áp lực của sự nghèo túng đôi khi khiến em muốn tìm đến cái chết, nghĩ có lẽ sẽ tốt hơn khi mình "" Đánh một ván mới "" !",1,human_gold_round5,3,round5,depression
Giờ ôm đầu ngồi khóc thôi chứ biết làm sao?,1,human_gold_round5,3,round5,depression
"mình là con út trong gd và khoảng cách giữa mình và chị cả là 16 năm nên bâyh bố mình 60t rồi nhưng vẫn phải vất vả cố ra làm việc để có thể nuôi mình học đại học. mình muốn nói là mình thương và yêu bố nhiều lắm. 1 câu nói mà mỗi lần nhớ lại mình đều khóc đó là khi mình còn học cấp 1 một lần bố bảo cho bố cõng con một tí không bố sắp già rồi không cõng đc con nữa. mình đã khóc rất nhiềukhi viết những dòng này😭 và cầu nguyện cho bố mẹ mình luôn luôn vui vẻ khỏe mạnh bình an, Hãy đợi con báo hiếu bố mẹ. CON YÊU BỐ MẸ",0,human_gold_round5,3,round5,normal
Thầy ơi Thầy rất tuyệt vời. Trong thời gian qua con bị trầm cảm. Con học thiền con cảm nhận con được bình an. Con vô cùng biết ơn Thầy rất rất nhiều. Con chúc Thầy thật nhiều sức khỏe,1,human_gold_round5,3,round5,depression
"Ts ,bs Ngô tích Linh thưa bs e bị mất ngủ xuyên đêm ,đi khám bs ở nha trang cho uống amitriptyline với diazipam 2 năm.rồi giờ có bị rối loạn nhịp tim, bỏ thuốc ko đc , e coi trên mạng biết được bs ,e sẽ đến phòng khám của bác sĩ ngoài giờ khám đc ko ạ , e ở nha trang",0,human_gold_round5,3,round5,normal
Cô ơi con gái con cũng bị như những trường hợp cô chia sẻ ở trên vậy con muốn cho con đi khám thi đi ở đau vậy cô chỉ cho con với con xin cảm ạt,0,human_gold_round5,3,round5,normal
Nỗi sợ chỉ do chính ta tưởng tượng ra. Vượt qua nỗi sợ là vượt qua chính mình,0,human_gold_round5,3,round5,normal
"Kiến thức bổ ích, ước mơ vô định, em cũng cảm thấy mình rơi vào trường hợp này",0,human_gold_round5,3,round5,normal
Mn nói gen z bị nhiều vấn đề tâm lý nhưng thật ra các thế hệ trước cũng bị mà. (Ít nhất là hàng các bác nhà tôi và bạn bè tôi có vài người bị nhưng họ không chấp nhận là họ bị),0,human_gold_round5,3,round5,normal
Nghe anh nói em đã không còn muốn từ bỏ nữa,0,human_gold_round5,3,round5,normal
cảm ơn cj đã giúp em đã giúp vượt qua áp lực điểm số và tạo cho em sự tự tin để cố gắng lần thứ hai !!!,0,human_gold_round5,3,round5,normal
Mình cũng là một trong số đó khóc hằng đêm và ở trường thì ko ai chơi cùng,1,human_gold_round5,3,round5,depression
Yêu đơn phương 1 người thật sự mệt mỏi 😢,0,human_gold_round5,3,round5,normal
Mình cũng không biết mình ghét ai nữa,0,human_gold_round5,3,round5,normal
Con luôn cảm thấy con là người thừa thải nhất trong nhà những câu nói bố mẹ tưởng ko có dì nhưng nó khiến con cảm thấy luôn tủi thân a,1,human_gold_round5,3,round5,depression
"e xin bổ sung 1 chút thông tin cho khúc 6:10 nha . E theo chuyên Sinh nên có chút kiến thức về phần này. Cortisol là hocmoon tiết ra từ tuyến thượng thận có chức năng đáp ứng vs stress( có thể ngắn hoặc dài hạn), tăng phân giải lipid và protein tạo glucose vào máu Nhưng đồng thời nó lại ức chế hệ miễn dịch thông quá biểu hiện gen nên stress dài hạn chỉ gây suy giảm hệ miễn dịch thôi Cái mẩn đó của a là do hệ miễn dịch đang kém đáp ứng lại chứ không có vụ đáp ứng quá mẫn đâu ạ. E cảm ơn",0,human_gold_round5,3,round5,normal
"Cảm xúc của tôi cứ ngày một tiêu cực, kh bt phải tích cực như thế nào",1,human_gold_round5,3,round5,depression
Con biết là mẹ yêu thương con mẹ muốn cho con tốt nhưng mà mẹ có bao giờ hiểu con đâu con muốn sự tự do mẹ có thể nào mà đừng đem con ra so sánh với con nhà người ta nữa được không mẹ. Mẹ có thế nào không mắn con một ngày được không,0,human_gold_round5,3,round5,normal
Tôi ko cần why mà tôi cần là how Nếu đang lạc lối thì hãy tìm cách ra cùng với sự cố gắng Đừng để sự cố gắng sẽ thành vô nghĩa bởi ko đợi đc hay sao cố gắng mà lại ko đc họ nói do cậu ko chịu cố gắng thì hãy nghĩ cậu đã cố gắng đúng cách chưa,0,human_gold_round5,3,round5,normal
"bao nỗi niềm chất chứa, nghe podcast hôm nay mà em khóc ròng cả tiếng..",0,human_gold_round5,3,round5,normal
Áp lực 😊,0,human_gold_round5,3,round5,normal
Mệt mỏi và sợ bị điểm kém 😢😢😢😢,0,human_gold_round5,3,round5,normal
"Gửi cậu người đang ở phía sau màn hình kia, tớ bt cậu đã phải chịu đựng nhiều thứ lắm hẳn cậu đã rất mệt mỏi rồi nhỉ ? Nhưng mà cậu ơi ráng lên nào đừng bỏ cuộc nhé tớ tin rồi sau tất cả cậu sẽ tìm lại được ánh sáng, tìm được hy vọng cho cuộc đời mình. Cậu ơi đừng buồn nhé ! Rồi sẽ ổn thôi mà Tớ tin sau tất cả Rồi cậu sẽ vượt qua.",0,human_gold_round5,3,round5,normal
"Vì vậy, mình thực sự không thích những người bạn YouTuber, TikToker… cứ nói rằng: các bạn nên gần những người tích cực, tránh xa những người tiêu cực, bla bla bla… Để rồi, khi một số người không vượt qua được và tự kết liễu đời mình, lúc đó họ lại quay sang nói: sao không cố gắng lên, sao không chịu chia sẻ, sao không… Mình từng nghe một câu nói rất hay từ một người Cha: “Yêu thương là ở bên họ lúc họ khóc vì đau, chứ không phải bắt họ nín khóc để mình không thấy đau.”😊",0,human_gold_round5,3,round5,normal
😢 khổ lắm ai cũng tưởng bị ma ám,1,human_gold_round5,3,round5,depression
"Mình có ý định sau khi báo hiếu cho cha mẹ thì mình sẽ ra đi, bây giờ mình chỉ sống mới một mục đích đó thôi, mình không có bạn, không có ai để chia sẻ cảm xúc, từ nhỏ mình đã cô độc",1,human_gold_round5,3,round5,depression
"Em mới bị ba mẹ chửi vì điểm 6, 7 điểm ko được điểm cao muốn 44 quá đi Mong là cha mẹ em hiểu được áp lực của em và xem được cái này!!!",1,human_gold_round5,3,round5,depression
Chỉ có những thứ đó mới khiến cho lòng vơi đi những nỗi buồn trong lòng ta tự mình ta,0,human_gold_round5,3,round5,normal
"2 hòn trứng của em bị bên cao bên thấp có bị sao k bs, em không bị đau sinh hoạt vẫn bth, có cách nào cải thiện không ạ chứ để mất thẩm mĩ quá",0,human_gold_round5,3,round5,normal
"Túm lại là cha mẹ ngày nay luôn kì vọng quá cao ở 1 đứa trẻ,luôn ép con phải làm theo 1 khuôn khổ do mình đặt ra,rồi lấy cớ ""mẹ chỉ muốn tốt cho con"" ""tất cả là vì con"" để bao biện,rồi còn sự vô cảm,cố tình ko để ý tới cảm xúc của con,lâu dần tích tụ giống như 1 quả bom,rồi khi quả bom ấy phát nổ,cha mẹ lại bảo rằng""càng ngày càng hư"" ""càng ngày càng láo"" nhưng chính họ lại ko hề biết rằng chính mình mới khiến con mình như vậy,mình xem cái clip trên mà mình thấy tội cho cậu bé đó quá!😢😭😭😥",0,human_gold_round5,3,round5,normal
Tôi là bùi văn thị xã yên lạc nhập ngũ năm 1972 và hành quân vào chiến dịch quảng trị đến năm 1975 phục viên đến nay vẫn không có chế độ gì không được đi giám định thương tật tôi có bị thương ở chiến trường tôi vào quân khu các đồng chí trong quân khu bảo giấy tờ tôi qua thời gian rách nát không rõ về đơn vị để lấy lại tôi về đơn vị tôi ở lục ngạn các đồng chí đơn vị giở sổ lưu trữ danh sách tôi bị thương ở quyển số 2 trang 26 và phổ to cho tôi mấy bản bảo về đưa cho tỉnh đội và huyện đội nhưng vẫn không gọi giám định bây giờ tôi đã không còn khỏe đã 74 tuổi liệu tôi có thể nhận được sự quan tâm của xã hội không hay ra đi trong buồn tủi đây,0,human_gold_round5,3,round5,normal
Là một người đang rơi vào trầm cảm. Em cảm thấy may mắn vì nghe được những chia sẻ này. Em xin cảm ơn.,1,human_gold_round5,3,round5,depression
E bị đau đầu mối lần trở trời mát ngủ lun,0,human_gold_round5,3,round5,normal
"Đây đúng là những điều em đang tìm kiếm trong thời gian này ạ !🙏 Xin chia sẻ một chút về trường hợp của bản thân: Năm nay em 23t (1997), thông thường thì ở độ tuổi này, bạn bè cùng chan lứa đã ra trường và bắt đầu trên con đường sự nghiệp! Còn em, năm nay chỉ mới vào lại năm nhất đại học ( vì em di dân sang Mỹ và phải học lại, chậm lại hơn 5 năm) và năm đầu đại học này vô cùng áp lực với em vì vốn tiếng anh của em chưa đủ tốt, và còn phải nhận áp lực từ việc lo kinh tế gia đình, em đang sống với người cha vừa bị ung thư ( cha em là một toxic parent). Thời gian này thật sự kinh khủng y như cách anh Trí diễn tả ( có phần hơn vậy!). Giờ em cảm giác đang đánh mất bản thân, trở nên tiêu cực và bị tiêm nhiễm nhiều tính cách xấu từ môi trường xung quanh ( em từng là một người rất năng động, lạc quan, yêu đời). Em rất mong tìm được một mentor có thể cho em học hỏi kinh nghiệm và nhận năng lượng tích cực. Cảm ơn chia sẻ của anh Trí.❤🙏🙌",0,human_gold_round5,3,round5,normal
damn=)) toi bị 80% dấu hiệu,0,human_gold_round5,3,round5,normal
Nói thật là em cũng bị 1 vết thương cô đơn nặng giống thầy luôn đó ạ. nhưng mà nhờ xem đoạn vid này của thầy em sẽ cố gắng hiểu bản thân mình hơn và lạc quan hơn ạ.,0,human_gold_round5,3,round5,normal
Nhiều người phụ nữ mơ được chồng hiền lành chăm chỉ làm lo cho gđ vợ con còn ko có nhưng tôi thấy cô được voi đòi 2 bà chưng chồng hiền thế vào người khác nó đập cho tan mặt lên hỏi anh đinh đoàn cười như được vàng,0,human_gold_round5,3,round5,normal
"bài này y hệt tâm trạng 1 năm về trước lặng lẽ lm người thứ 3, ko có một chút vị trí gì trong trái tim người ấy, bị coi thường, bị lợi dụng nhưng đã kịp tỉnh ngộ khi người ấy đi lấy vk và giờ mình cũng đã có gia đình riêng cua mình nhưng thi thoảng nghĩ về vẫn thấy nhói trong tim..",0,human_gold_round5,3,round5,normal
"Đây là bệnh về tâm lý, nên mình phải thay đổi sự nhận thức của tâm đối với cảnh sắc bên ngoài",0,human_gold_round5,3,round5,normal
Tôi 2k11 nhưng tôi phải đi học suyết ngày Lên lớp thì bị tẩy chay Bạn bè thì giả tạo Ng chú trg game coi như ng thân cũng bỏ tôi Ở nhà thì bị thiên vị,1,human_gold_round5,3,round5,depression
"Theo dõi chị cũng đã lâu nhưng đây là lần em để lại cmt vì video ra đúng thời điểm em đang cảm thấy chút khó khăn trong sự nghiệp. Em mới nghỉ công việc cũ đã làm được 3 năm kể từ khi ra trường vì em biết mình cần bước ra khỏi vùng an toàn để phát triển hơn nữa và sau đó em thất nghiệp 2 tháng (1 tháng em dành ra để relax và 1 tháng thì ngoài dự định vì ko có nhiều vị trí open mà phù hợp với mục tiêu của em đang hướng đến). Và sau đó, em đã nhận offer của 1 cty cũng khá lớn và mai sẽ là ngày bắt đầu cv, bữa giờ em cũng khá là lo lắng vì sợ mình ko đủ năng lực đáp ứng được yêu cầu của ngta, sợ môi trường lớn mình sẽ ko thích ứng kịp bla bla viễn cảnh tự vẽ ra trong đầu. Mặc dù em cũng ko phải là người quá tự ti về khả năng của mình đâu những có lẽ cũng vì 1 phần em gap trong 2 tháng làm em lo lắng nhiều hơn. Hôm nay xem được video của chị như tiếp thêm động lực cho em vậy, khó khăn chỉ là tạm thời và rồi khi bước qua nó chúng ta sẽ tốt hơn, trưởng thành hơn. Chúc chị thật nhiều sức khỏe và em cũng chúc hành trình công việc sắp tới của mình sẽ có thêm nhiều kinh nghiệm và trải nghiệm <3",0,human_gold_round5,3,round5,normal
"mình đã rất mong chờ video lần này vì đây là thứ ám ảnh mình đến hiện tại. gia đình mình theo đạo nhưng mãi đến bây giờ minh đã nhận ra, ko cần phải chọn suy nghĩ tiêu cực như vậy. thật mừng vì bản thân có tôn giáo để dựa vào",0,human_gold_round5,3,round5,normal
"Lời bài hát rất thấm và bên cạnh đó là 1MV có chiều sâu (khoan nói về sự đầu tư mà chỉ nói đến ý tưởng). Có rất nhiều khung hình ẩn dụ khiến người ta nghĩ đến hình tượng người con gái sau đỗ vỡ, có đau buồn nhưng không bi lụy, có oán trách nhưng không hận thù, có mệt mỏi nhưng không yếu đuối. Họ chấp nhận và tiếp tục gượng dậy tìm đến niềm hạnh phúc tự thân. Nhưng ấn tượng nhất với mình từ MV này chính là dàn cast, những người đẹp với quá khứ mang nhiều nỗi niềm (Anh Thư, Hương Giang, Hoàng Oanh, Quỳnh Lương). Họ mạnh mẽ bước qua và quyết định tận hưởng những điều đẹp đẽ khác! Một sản phẩm âm nhạc rất đáng trân trọng! 🌹",0,human_gold_round5,3,round5,normal
"Cảm ơn video của anh, em có một thời gian bị quay cuồng suy nghĩ người khác nghĩ gì về mình và sống theo cảm xúc của người khác...nghe video của anh em đã hiểu ra và sống cho chính mình... cảm ơn anh ❤❤",0,human_gold_round5,3,round5,normal
"Đã từng là một đứa học cũng được môn Văn,thik nó bằng cả trái tim, nhưng giờ điểm chỉ lẹt đẹt. K pk mình ghét Văn, mình bt tại sao mình lại thụt lùi. Mình để tâm những bn k cần cố gắng, chỉ cần gian lận một chút là có thể vượt qua người cố gắng cả mấy năm, mình không thik cô dạy k có đam mê, chỉ biết bắt chép như robot rồi giao một đống đề ,mình ghét pk lm theo khuôn khổ của sgk, mình ghét phải lập dàn ý, mình ghét phải học từng lý thuyết của phần tiếng Việt và mình k thể đẻ sinh ra nhiều ý tưởng như ngk, chỉ cần nhìn đề là có thể làm 3-4 trang",0,human_gold_round5,3,round5,normal
Cháu còn trẻ 40 không phải già cháu lạc quan hơn đễ sống vui vẻ những ngày còn la cháu à. 😍,0,human_gold_round5,3,round5,normal
Tôi nghĩ rằng tôi sẽ ko khóc nữa nhưng vì những câu nói của mẹ mà tôi lại một lần nữa khóc,0,human_gold_round5,3,round5,normal
"Không biết có ai như mình không, nhưng mình biết là bị bệnh tâm lý nhưng mặc kệ vì đằng nào người nhà mình cũng chẳng quan tâm",1,human_gold_round5,3,round5,depression
"hành trình nuôi dưỡng bản thân là hành trình dài nhất, chông gai nhất va đau khổ nhất nhưng nghịch lý trên con đường đó ta mới tìm thấy mình, tình thấy hạnh phúc từ nhiều góc độ khác nhau: trải nghiệm, quan sát, giác ngộ và ngộ nhận. Em có nhiều kì vọng vào mình và có nhiều mong đợi khao khát, và đó cũng là điều em muốn người khác nhìn mình nhưng đôi lúc vì muốn nhanh chóng đạt mong đợi mà em có xu hướng là phải học và ôm hết ngần này khiến e vô tình dệt lên sợi tơ rối rắm. Video của anh Trí giúp em nhận ra, ngoài giảm sự mong đợi của kẻ khác, em cũng nên sắp xếp những mong đợi của chính mình. Sắp xếp chúng, chia nhỏ và chinh phục từng bước nhỏ, không để mong đợi lớn đè mình xuống mà phản tác dụng. Phải biết biến nó thành hoa tiêu dẫn dắt hành trình phát triển bản thân.",0,human_gold_round5,3,round5,normal
"Mỗi lần nghe bài này lại đau nhói vào tim. Cha đã mất hơn 11 năm nhưng những lời dạy của ba con vẫn nhớ rõ, mỗi khi con thất bại, mất định hướng con luôn nghĩ về cha để con có thêm niềm tin vào cuộc sống này. Con sẽ cố gắng xây đắp gia đình mình như cha đã từng.",0,human_gold_round5,3,round5,normal
bị vậy có khi còn nghĩ quẩn rồi lại làm những chuyện k tưởng tượng được nữa á😅,0,human_gold_round5,3,round5,normal
"Khi bị căng thẳng, cơ thể tiết ra cortisol giúp tạo năng lượng để vượt qua stress. Tuy nhiên, nếu stress kéo dài, cortisol tăng cao sẽ ức chế melatonin - hormone giúp cơ thể thư giãn và ngủ ngon.",0,human_gold_round5,3,round5,normal
"Chúng con đang lắng nghe lời CHÚA mỗi ngày trong sự Thành Kính và biết ơn NGÀI. ...Đối mặt Với Nỗi Cô Đơn... Bạn đã bao giờ cảm thấy mình cô đơn chưa? Giữa một thế giới mà phương tiện truyền thông phát triển đến mức tối đa, mạng xã hội lúc nào cũng trong tầm tay, vậy mà con người chúng ta thường xuyên thấy mình lạc lõng. Vì đâu chúng ta có cảm giác ấy? Và chúng ta cần nhờ cậy Chúa như thế nào trong những lúc cô đơn? AMEN!. Chúng con Kính cầu nguyện trong Danh CHÚA JESUS CHRIST QUYỀN NĂNG ban phước hạnh cho chúng con tràn đầy Đức tin sáng suốt tươi mới trong hành trình theo CHÚA mỗi ngày... AMEN!.",0,human_gold_round5,3,round5,normal
Sammy bị phong cận nhốt cách là Sammy qua phòng phòng cận đánh quá à ❤,0,human_gold_round5,3,round5,normal
"Em từng học rất dở năm cấp 1. Dở ở đây là em đã không chịu để chuyện học hành vào mục tiêu cuộc sống của mình. Đến năm cấp 2, chị em bắt đầu kể em về những hoài bão, cuộc sống đáng mơ. Em bắt đầu tìm cho mình một mục tiêu - thi học sinh giỏi môn Tiếng Anh. Nhờ khả năng 5 điểm tiếng Anh mà em chẳng sợ bất kì chướng ngại vật nào khi học nó. Bởi. Em không có gì để mất. Gặp một từ mới, em tra. Chép đi chép lại mẩu kiến thức. Đột nhiên nhớ ra một thứ gì đó. Em nhảy bật lên rồi chạy một vèo lên tầng và ghi chép chúng. Cứ thế cứ thể, như kiểu việc không còn gì để mất với tiếng Anh đã âm thầm xây dựng mindset phát triển mà chính em cũng không hề hay biết. Nhưng chính cái không biết đó đã dần mất đi em của nỗ lực. Khi đã quá tự tin về khả năng Tiếng Anh của mình, em không còn vui vẻ chấp nhận thất bại, chấp nhận phải cần cù như trước nữa. Ham chơi, mê phim, lười nhác cuối cùng chính thức xuất hiện trong đời em. Chúng âm thầm, chúng len lỏi vào trong cuộc sống thường ngày. Tất nhiên rồi. Vì thế em ám ảnh với điểm số. Đối với em, chỉ điểm cao mới định nghĩa em. Mơ mơ màng màng, em bắt đầu điên cuồng luyện những chiếc đề linh tinh chỉ vì thèm thuồng cảm giác được điểm cao, hoài niệm cảm giác hồi đó bản thân luôn trong trạng thái nỗ lực. Thi học sinh giỏi em không đạt giải, thi chuyên em trượt lớp chuyên. Nhưng trong mắt mọi người, em vẫn giỏi vì điểm số... Bởi kiến thức đúc kết của quá khứ đã giúp em vượt qua bài kiểm tra tiếng anh cơ bản một cách dễ dàng. Nhờ đó, em vẫn cứ là ảo tưởng và mộng về một bản thân tài năng. Em vẫn nhớ cái hồi kết thúc cấp 2 và lên đến cấp 3. Em thẫn thờ tự hỏi: vậy mình rút ra được bài học gì? Chả có bài học gì đọng lại trong em. Giữ cái lối tư duy ấy, lên đến cấp 3 đúng là chuỗi ngày thảm của em. Đầu vào thứ 2 của lớp nhưng đó là khối kiến thức đúc từ sự chăm chỉ của vài năm cấp 2. Em bắt đầu đi lùi lại. Em dùng đống kiến thức ít ỏi đó để tự cao về khả năng của mình. Em mơ du học nên tham gia hđnk nhưng em không nỗ lực khi được giao vai trò là leader. Em mơ 8.0 ielts nhưng ngay cả bài test thử em cũng không giám đăng kí. Em mơ học tiếng Hàn trong khi ielts còn chưa đủ 5.0 lúc đó. Mọi người nghĩ có hài không. Ảo tưởng, lười nhác, tư duy sai. Em dậm chân tại chỗ. Môn khác ngoài Toán, Văn, Anh hầu như em chẳng đoái hoài. Lấy cớ học 3 môn chính nhưng thời gian thừa em còn chả thèm tự học. Em mải mê xem phim. Hết phim này tới phim khác. Em móc len, chơi bóng rổ, tham gia hoạt động ngoại khóa. Rồi vẫn cứ là áp lực điểm số, kì vọng trong khi em chả bỏ ra một nỗ lực nào. Điểm cuối năm thấp thế nào? Em không biết, vì em lẩn trốn nó, em xóa nó đi trên điện thoại. Ôi thôi, coi như mình chưa từng gặp! Năm lớp 12 là đỉnh điểm của sự đau khổ. Vì đó là năm mà em hiểu được hiện thực nghiệt ngã của mảnh đời này. Không cố gắng nên khi ngoảnh lại khoảng thời gian đã qua, em thấy mình chẳng còn làm một thứ quái gì lên hồn. Em bắt đầu phải đối diện sự thực rằng kiến thức của em đã hao mòn và dậm chân gần như toàn bộ trong suốt 2 năm 10,11 nếu không muốn nói là bị đóng băng. Em buồn. Em suy sụp kinh khủng khiếp. Vì bây giờ nhìn đâu bạn bè cũng đã hơn em. Học 7.0 7.5 8.0 ielts mặc dù xuất phát điểm của họ kém em. Nhưng cuối cùng em kém họ ở xuất phát tư duy. Em đã thua họ từ đây rồi. Em còn quá mơ mộng và đề cao bản thân đến nỗi chỉ đặt Thanh Hoa Bắc Đại, trường top thế giới vào tầm mắt thôi chứ. Đúng là một nha đầu ngốc. Bây giờ thật đáng đời, nó ham chơi ngu muội. Bây giờ ngay cả trường top ở Việt Nam nó cũng không tài nào vào nổi. Suốt những ngày qua kể từ khi vỡ mộng, mọi dây phút trôi qua đều như dằm đâm lấy đầu của em. Không một dây phút nào nó để đầu em được yên nghỉ. Em dày vò. Nhưng em nghĩ, không sớm thì muộn, đó sẽ bắt buộc là điều mà một người có fixed mindset phải trải qua một khi những giấc mộng tan vỡ. Em xem video của anh tầm 3-4 lần rồi ạ. Em đọc sách tầm vài tháng trước nhưng chưa hoàn thành. Em có hứng khởi sau khi nghe anh nói ạ. Em thực hiện rồi ạ, nhưng chưa hoàn toàn. Mỗi ngày trôi qua, em cảm ơn vì mình đã sống. Cảm ơn growth mindset đã giúp em trân trọng giây phút này em dần cảm nhận sự thay đổi về nhận thức của mình với growth mindset qua nhiều lần thất bại, thất vọng của bản thân. Em nghĩ lần này em đã đạt được level cao hơn trong nhận thức về growth mindset. Nhưng để giữ đúng với tinh thần growth. Thật mong rằng tương lai quay lại đây, đọc lại dòng này, tiếp cận đến video của anh, em sẽ, đã và đang trau dồi thêm nhiều kĩ năng mới như tư duy phản biện, tính kiên trì... Và em tin rằng ngay phút này đây, em cần chấp nhận, chấp nhận và chấp nhận. Một bản thân phải phải nỗ lực bất kể năng mưa, bất kể giỏi dốt. Một bản thân thụt lùi của hiện tại. Em cần yêu lấy chính mình hơn. Yêu lấy khuyết điểm. Yêu mọi thứ từ mình. Em cần yêu cả sự sai, tôn trọng sự sửa. Chẳng cần lo nghĩ về cách người khác nghĩ về mình nữa, em cũng bớt đi phán xét mọi người. Cảm ơn growth mindset đã giúp giờ phút này đây đầu óc của cô bé cuối cấp này được thư thản. Nếu một ngày nào đó, mai thôi, kia thôi, tớ quên mất cậu và lại rơi vào trạng thái như trước, tớ vẫn mong có may mắn được đề xuất video về cậu. Phát triển cậu mỗi ngày Đưa cậu in hằn vào trong cuộc đời tớ.",0,human_gold_round5,3,round5,normal
Có loại thuốc nào để điều trị bệnh trầm cảm không thưa bs,1,human_gold_round5,3,round5,depression
Tâm nghiên là vô liền 😂,0,human_gold_round5,3,round5,normal
Tui bị nó r,0,human_gold_round5,3,round5,normal
"Làm mình nhớ tới điều Phật đã dạy "" ý dẫn đầu các pháp, ý làm chủ , ý tạo"". Khi căng thẳng mình lại bị đau dạ dày, và khi tâm ý mình thay đổi dẫn đến thân mình thay đổi nên thế giới quan hay thế giới của mình cũng thay đổi theo.",0,human_gold_round5,3,round5,normal
"Hay quá, bạn em vừa trải qua thất bại lớn Cho em xin vài lời khuyên để an ủi động viên anh đi ạ",0,human_gold_round5,3,round5,normal
"3:16 e cx vậy khi mà nói chuyện ý, không cần phải tước mặt người lạ đâu. Trước mặt bạn bè hay thầy cô e giao tiếp mặt đều đỏ lên. Mỗi khi mà e biết rằng mình sẽ làm cái này, cái kia vd như lên báo cáo sĩ số trước cờ vs liên đội trưởng hay cố giáo bảo lên đọc bài, trả lời câu hỏi. Làm nhiều rồi, quen rồi, chuẩn bị đc tâm lý rồi, nhưng mà cảm giác như là lần đầu tiên mình làm ý, rất run và tim đập rất nhanh",0,human_gold_round5,3,round5,normal
Dân vn gặp vấn đề về tâm lý dữ lắm chứ ko như những gì bề ngoài người ta thấy đâu,0,human_gold_round5,3,round5,normal
"1. Tránh xa nhug người hay suy nghĩ tiêu cực, than phiền và xoi mói ng #, và cố gắng tạo ra những mối quan hệ vs nhug người tích cực để bản thân dần nhận ra ""à suy nghĩ tích cực là ntn"" và nó thoải mái, tốt đẹp ntn. 2. Hiểu dc rằng mỗi khí khăn mình gặp phải sẽ luôn đem đến 1 món quà lớn. Việc gì trên đời này cũng đều có 2 mặt tốt và xấu, và nếu cứ tập trung vào mặt xấu thì trên đời này sẽ k có gì tốt đẹp cả, nên thay vì cừ tập trung vào việc bạn sẽ mất gì, thì hãy tập trung vào việc bạn dc gì, có thêm gì, học hỏi dc gì. Cuộc sống sẽ vẫn cứ giầy xéo bạn cho đến khi bạn học dc bài học và vượt qua nó. 3. Ngừng suy nghĩ tiêu cực về bản thân :""mình thật vô dụng"" vì mỗi ngôi sao đều chiếu sag theo cách của riêng nó, bạn k thấy ánh sáng của nó k có nghĩa là nó dag vụt tắt. Điều làm bạn luôn suy nghĩ tiêu cực về bản thân là đem mình đi so sánh vs người # và luôn thấy dc thành công to lớn của họ mà bạn thì k có, và sự # biệt giữa bản thân bạn và họ là HÀNH ĐỘNG, họ thì dag cố gắng từng ngày còn bạn thì dành cả ngày cho fb, Instagram. 4. Luôn phải biết ơn: người biết ơn luôn thấy cuộc sống dễ dàng và mọi người xung quanh đều dễ thương. 5. Lối sống lành mạnh. Lối sống ảnh hưởng tới suy nghĩ, tâm trạng và số phận của bạn. Đồ ăn, giờ giấc sinh hoạt, thể dục là những thứ sẽ mang lại cho bạn năng lượng cao và tích cực. Khi bạn tích cực mình sẽ thay đổi cuộc đời và cách mọi người nhìn bạn cũng sẽ # đi. ❤",0,human_gold_round5,3,round5,normal
Tôi đã khóc 😑,0,human_gold_round5,3,round5,normal
"cuộc sống luôn như vây, tôi tự rút lui khỏi cuộc đời của họ.",0,human_gold_round5,3,round5,normal
"Em đang đứng ở tuổi 26 chẳng biết làm gì ngoài bán buôn online, tình cảm cũng vừa mới kết thúc, chán nản vì mọi kế hoạch lập ra đổ vỡ. Nhưng thật may khi 3 ngày qua em tìm được các clip của anh, em đã biết mình muốn làm gì. Hết dịch xin việc đối diện với cái mà em từng trốn tránh, lo cho gia đình nhiều hơn, quan tâm bản thân cũng như sức khoẻ. Tìm hiểu về những việc khiến bản thân của chính mình thích thú, dành thời gian mỗi ngày để đọc sách, tập thể thao, cũng như sẽ khắc phục những khuyết điểm của bản thân mình.",0,human_gold_round5,3,round5,normal
Phật ơi chúa ơi sao con học không giỏi Phật ơi chúa ơi sao con học lại mệt Phật ơi chúa ơi sao con lại thất bại 🥲🥹 Phật ơi chúa ơi giúp con,0,human_gold_round5,3,round5,normal
"Mình bị bố mẹ trêu đùa những thứ mình ko thích ,nếu mk nói rằng “con ko tk như vậy”thì bị chửi là “bố mẹ chỉ yêu con cho nên mới làm như vậy” rồi đánh mik và chửi mik trước mặt mọi người. Khi bị cười cợt và bị gắn mác là bất hiếu,ko làm cho bố mẹ nở mày nở mặt giống mik thì bố mẹ có tk ko 😢😢😢😢😢",1,human_gold_round5,3,round5,depression
"Cảm ơn chị đã tạo ra cho em nguồn năng lượng tích cực ạ . Bản thân em là một đứa rất là rụt rè , nhút nhát , ngại giao tiếp đám đông. Hay có khi họ hàng xa mà về thăm nhà em cũng có một chút e ngại , em cũng không hiểu tại sao nữa . Có lẽ là em rất tự ti về bản thân , không tạo ra nguồn năng lượng tích cực cho mọi người nên lúc nào e ngại về việc tiếp xúc với mn xung quanh . Nhưng sau khi xem video này của chị em mới nhận ra 1 điều rằng mình cần tự tin và biết lắng nghe mọi người , em sẽ cố gắng dần dần cải thiện bản thân mỗi ngày để bản thân dần trở nên tốt hơn ! Em cảm ơn chị Sunhuyn rất nhiều về clip này , thật sự clip nào của chị cũng rất hay và ý nghĩa đó ạ. 🥰",0,human_gold_round5,3,round5,normal
"dug dua ra voi vag phat bieu y kien nguoi khac truoc khi ngoi vao ban tra cug voi hoi dog ko len noi loi quat thao ko gop y voi ca bt minh thay ho dag noi chuyen voi bt ko tra loi ho nguoi khac tru khi.nguoi ta noi vu khong hoac muon gay bai chien voi mih de lay log nguoi ho ko thich kiem chuyen voi ban neu ko bt nguoi ta o truoc mat nhieu nguoi tu nhien ho coi minh vo duyen loi noi ko can nguoi khac thich noi ho bt mih nhu the,khach lich su ko len vi",0,human_gold_round5,3,round5,normal
Tu luc covit xong thi nhớ nhớ quen quen . Nhieu luc moi ngủ dậy bị mất trí nho tạm thoi luon,0,human_gold_round5,3,round5,normal
"Con biết ơn Vũ Trụ chỉ dẫn con đến đc những video này❤con hiểu rõ và đúng như từng lời từng chữ,con sẽ cố gắng nỗ lực và biết ơn tác giả nhiều ạ❤xin hãy cho con thêm mạnh mẽ tich cực từng ngày ko bỏ cuộc với những lý do và sự thất bại của chính mình ko vượt qua được🙏",0,human_gold_round5,3,round5,normal
ngẩm nhìn cuộc đời như giấc mộng. được mất hoại thành hóa hư không.. NAM MÔ THÍCH CA MÂU NI PHẬT,0,human_gold_round5,3,round5,normal
Con cảm ơn thầy con đang mất ngủ đây thầy ạ,0,human_gold_round5,3,round5,normal
Áp lực TQ😩😩,0,human_gold_round5,3,round5,normal
"Cảm ơn a, gần đây e cũng hay bị lo sợ điều j đò vào buổi sáng và cứ phải khóc thì mới nhẹ đầu đc😢",0,human_gold_round5,3,round5,normal
hôm nay tui gặp flo thất tình cân 5,0,human_gold_round5,3,round5,normal
"Tôi đang chiến đấu với những thách thức của cuộc đời mình . Tôi đã từng có tất cả và giờ không còn gì cả. Tôi đang bắt đầu lại từ hai bàn tay trắng, nhưng tôi đã không còn yếu đuối, sau những vấp ngã, sau khi trải qua những thất bại, những lỗi lầm của mình. Tôi đã trở nên mạnh mẽ hơn, và từng bước kiên trì thực hiện mục tiêu của đời mình. Cảm ơn ad đã tạo thêm động lực và sức mạnh cho tôi",0,human_gold_round5,3,round5,normal
"Nỗi buồn không giúp bạn giải quyết được vấn đề nào hết,ngồi đấy và ngậm nhấm nỗi đau hay bức phá để vượt qua,quyết định nằm ở bạn",0,human_gold_round5,3,round5,normal
Nhạc buồn đúng tâm trạng chi muốn khóc nhưng ko khóc vì một thằng đàn ông phải vu phu với mình làm gì mình chi khóc 😭 mẹ mình thôi,0,human_gold_round5,3,round5,normal
em đã từng khóc vì sai bài khi bố em giảng em cũng đã từng ghét toán nhưng sau khi nghe video của chị em cảm thấy mình không nên quá áp lực em cảm ơn,0,human_gold_round5,3,round5,normal
"Đừng suy nghĩ quá nhiều ... phải bước tiến thử thì chúng ta mới học được mọi thứ ... vấp ngã ko phải thất bại, vấp ngã để ko vấp ngã nữa và tiến xa hơn . Hãy tìm cho chúng ta 1 lý do, mục đích ... thì dù mệt mỏi khó khăn chúng ta sẽ luôn vượt qua => tốt nhất là có 1 ai đó bên cạnh , người mà ta sẽ cố gắng vì tương lai cả 2 🤗🥰",0,human_gold_round5,3,round5,normal
Đúng với tâm trạng lúc này,0,human_gold_round5,3,round5,normal
"Em gái tôi là ví dụ thực tế tôi thấy, hồi xưa nhà đông anh em về sài gòn sinh sống, nhà đông ae Ba Mẹ chật vật lo cho cho đứa em gái út học được chính quy nhà ai cũng mừng, mà ai dè học chưa đến 1 tuần em gái tôi khóc lóc kg muốn đi học nữa, tôi đi đón em gái thấy em chạy ra khỏi lớp lên xe là 2 hàng nước mắt chảy xem 2 bàn tay và lỗ tai bị đỏ ửng lên. Tôi hỏi em thì mới biết vì vào học lơp1 mà không biết ráp vần chậm hơn các bạn, cô nhéo lỗ tai và khẻ vào 2 bàn tay đỏ ao luôn. Em gái tôi bị tâm lí sợ kg dám đi học nữa dù ba mẹ khuyên bảo rồi đến bắt phải đi học. Em thà chịu ăn đòn hoặc đi bụi vẫn kg chịu học khóc sưng vù đôi mắt luôn.",0,human_gold_round5,3,round5,normal
Đừng để cơn nóng giận lớn hơn năng lực của bạn,0,human_gold_round5,3,round5,normal
Vậy là mình chết từ lâu rồi ☺️,1,human_gold_round5,3,round5,depression
"Em từng có 1 giấc mơ cách đây 2 ngày. 1 giấc mơ rất là khó hiểu để mà diễn tả, như kiểu là 1 cuộc chơi cuối cùng dành cho em trong ngày đó, rồi mọi người và mọi thứ đều rời xa em trong chớp mắt từ gia đình, bạn bè và ny đều ôm em 1 cái để chào tạm biệt. Em cứ ngỡ rằng giấc mơ đó như là một ngày cuối cùng của cuộc đời mà mình còn tồn tại trên cõi đời này vậy. Bản thân em đã khóc trong giấc mơ đó vì nuối tiếc nhiều thứ mà chính em chưa làm được cho cuộc đời em.",0,human_gold_round5,3,round5,normal
Một bà bị thân kinh nặng lắm rồi mn ạ hỏi không biết hổ thẹn với lương tâm với con cháu dòng họ,0,human_gold_round5,3,round5,normal
"Mik là học sinh cuối cấp 2 năm 2025 mang nv1 mik đang chạy trên con đường cố gắng để đỗ nv1 . Mỗi lần cô gắng mik đều phải gục xuống vì quá mệt mỏi nhưng khi mik biết đến kênh này nó là điều giúp mik cải thiện bản thân , có nhiều động lực ❤",0,human_gold_round5,3,round5,normal
Áp lực quá :((,0,human_gold_round5,3,round5,normal
Đã lâu rồi con đã không thể ghé chùa của thầy nghe pháp nữa vì con giờ con đã rời xa mảnh đất củ chi,0,human_gold_round5,3,round5,normal
mình ở ga trung chuyển năm qua mình mất đi nhiều người bạn cũng mất đi chính con người của trước đây nhưng một mình không có nghĩa là tệ hay lạ thường chỉ là làm tất cả mọi thứ cùng bản thân vậy thì cũng không đến nỗi tệ nên mình xem việc làm việc 1 mình là 1 loại bình yên.Nếu cậu không có ai để chia sẻ hay ôm cậu một cái khi cậu tuyệt vọng chẳng biết phải làm gì thì hãy tự ôm lấy bản thân mình tin đó là cái ôm ấm áp nhất.,0,human_gold_round5,3,round5,normal
"Mỗi khi ta cảm thấy mệt mỏi, gần như tụt hết năng lượng. Hãy nghe để lấy lại năng lượng, thật tuyệt vời",0,human_gold_round5,3,round5,normal
Chữa bệnh bằng rtms chi phí là bao nhiêu ạ. E hiện tại đang bệnh trầm cảm và đang dùng thuốc điều trị,1,human_gold_round5,3,round5,depression
"Con thương họ,con đau quá ạ 😢",0,human_gold_round5,3,round5,normal
Cứ buồn buồn làm sao á,0,human_gold_round5,3,round5,normal
"Cảm ơn bạn. Video rất bổ ích. Mình cũng bị bsi nói là ' trầm cảm "". Khám xong về bị nặng hơn. Nay xem được video này mình hiểu ra vấn đề ở đâu... Chân thành cảm ơn bạn",1,human_gold_round5,3,round5,depression
"""Con sen quá bất tài , tôi tiến hoá để tự sinh tồn""",0,human_gold_round5,3,round5,normal
Nge lại buồn wa.. ước j thời gian sẽ quay trở lại.. một thoáng qua giờ chúng ta đã già hết rồi 8x...ơi...,0,human_gold_round5,3,round5,normal
Chi ơi e nghe nấy lần nà khó ngủ quá ạ,0,human_gold_round5,3,round5,normal
1-1-2023nghe khóc 1mh chán cuộc sống này quá,1,human_gold_round5,3,round5,depression
"Anh nói e là cô gái mỏng manh,đáng yêu ,vì có những lý do mà ko bước chung đường đc nữa .Nhưng e biết a đang nói dối e.Cho dù yêu e chưa đc lâu đã đổi thay mất rồi.3 tháng sau e nghe bạn nói a bệnh rất nặng ko đi lại đc bình thường nữa .E thấy a cũng là người đáng thương.Định mệnh đã cho e gặp a để rồi vĩnh viễn ko gặp lại,cũng là điều xảy ra ngoài ý muốn.A hãy cố gắng vượt qua mà sống thôi a.Vì e ngốc nghếch qúa cho nên a buông tay e ,thành ra như vậy e lại tìm đc HP sớm hơn ...Cầu chúc a bình phục và đi lại đc ,bước tiếp đoạn đường còn lại thật HP ...!",0,human_gold_round5,3,round5,normal
nhà thì ngta tưởng là hp và vui vẻ nhưng đâu ngờ đó là nhà tui ik học thì áp lực mà về nhà thì la chửi tui cx là con ng chứ ko phải làng j mà so sánh chửi la hả 😓 vs lại tụi con cx bt đau mà 😓😓😓,1,human_gold_round5,3,round5,depression
"Mình cũng có 1 số sự buồn lòng vì khuôn mặt và ngoại hình của mình , tay của mình như là tay của nhi đồng ghép vào cơ thể người trưởng thành , chỉ có điều nó được kéo dài ra , khuôn mặt của mình nhìn từ xa không được đẹp theo suy nghĩ của mình nhưng mà mình vẫn có rất nhiều điều mà mình nổi bật hơn những người xung quanh mình , mình trân trọng nó và mình muốn biết được cách chấp nhận đặc điểm cơ thể mình🐈‍⬛🐈‍⬛🐶🐶🐶",0,human_gold_round5,3,round5,normal
"video chạm tới trái tim mình. từ đầu đến gần cuối video mình rất muốn thể hiện cảm xúc gì đó nhưng thật sự mình chỉ đơn giản ngồi bần thân ra đấy mà lắng nghe. Nhưng đến khi câu cuối cùng được cất lên, mình đã khóc, một trận khóc tức tưởi trong một ngày âm u. Mình cũng hy vọng ai đó sẽ nhớ đến mình khi mình ra đi",1,human_gold_round5,3,round5,depression
Anh bị cận hả 😡,0,human_gold_round5,3,round5,normal
Làm sao để hết sợ xã hội vậy.tui bị từ lúc nhỏ tới giờ 40ròi.k làm được j nên cả.bi họ hàng nhà chồng nói ra nói vào người không mồm.sau này làm sao cuoi vợ cho con,0,human_gold_round5,3,round5,normal
"sau ctay e k khóc bởi vì e đã quá quen thuộc với cảm giác chia ly nói k buồn là nói dối nma chỉ buồn 1 chút r cuộc sôngd lại trở về nhue thường , 2 ta lại qurn đc người mới bắt đầu 1 cuộc sống mới chỉ là k đi cùng nhau . K khóc k có nghĩa là k yêu chỉ là coi sự chia ly là sự dĩ nhiên.phải.có . Mong mn sẽ kiêmd đc 1 tình yêu khiến bạn hạnh phúc nma cubgx phải cb 1 cuộc chia ly để sau này đỡ phải khổ hơn",0,human_gold_round5,3,round5,normal
Khi rước dâu gặp đám tang mà ko tránh đi cho êm giờ còn đổ lỗi cho con dâu Nhà chồng cháu đã ít lại ko nhường đường cho đám tang qua đi Ko phải đó cháu đâu giờ đáy cháu có bỏ đi đâu xa thì bên nhà chồng cháu vẫn bị oán ai do cái tôi của nhà chồng chau s quá to ko khiêm hạ giờ đây trút mọi điều xui ruột lên đầu cháu Ngay bây giờ cháu hãy tỉnh Taos’s nhìn lại người mình tin tưởng và gửi gắm cả đời cháu nhe Chúc cháu bình tĩnh trở lại ko sợ điều chi hết cháu nhé,0,human_gold_round5,3,round5,normal
"sống ko có mục đích = mê cung hỗn loạn quan trọng được mất = đánh mất ước mơ phải làm để ko hối hận, đừng trì hoãn để rồi hối hận ( hành động, nỗ lực từng ngày khi còn nhiệt huyết) theo ước mơ sẽ có lúc bơ vơ, xa vời nhưng hãy tôi luyện để trưởng thành. buông bỏ để quyết tâm thực hiện ước mơ ( hi sinh những thú vui nhất thời để đi đến cùng) HÃY THEO ĐUỔI ƯỚC MƠ CÁC BẠN NHÉ❤",0,human_gold_round5,3,round5,normal
"Vừa nghe vừa hát theo nè các tình yêu: Hỡi người yêu trái tim anh ngày đêm nhớ nàng Cách mặt nhau nhớ em trong lòng tê tái Phút gần nhau em đẹp sao đôi môi em cười Làn mi em cong, mắt em buồn xa xăm. Biết làm sao vắng em, anh buồn anh thất tình Nói gì đây phút giây ai ngờ xa cách Nhớ về em bao ngày qua nghe sao nặng tình Đời vắng em yêu âu sầu một mình anh. [ĐK:] Cuộc tình từ đây như là mây Như là mưa gió đưa về đâu Có thương nhau như ngày xưa Trong vòng tay nói yêu ngàn lần. Rồi hôm nay không gặp em Riêng mình anh bước trong chiều đông Nhớ em, anh lê bước về trong thương nhớ. Biết làm sao vắng em, anh buồn anh thất tình Nói gì đây phút giây ai ngờ xa cách Nhớ về em bao ngày qua nghe sao nặng tình Đời vắng em yêu âu sầu một mình anh.",0,human_gold_round5,3,round5,normal
2k8 đang bị nỗ lực ảo nên như nào ạ😢,0,human_gold_round5,3,round5,normal
Nếu như con ko ở trên đời thì sẽ đỡ áp lực việc hc và đã mẹ mắng hơn đko chx bao h mẹ hiểu con cả 😊,1,human_gold_round5,3,round5,depression
Mẹ em cũng như vậy Nhưng không so sánh với con nhà người ta mà là với anh trai Em cảm thấy mình sắp chết đến nơi rồi..,1,human_gold_round5,3,round5,depression
"Tui kiểu: 2.lúc thì ghét,lúc thì thương bố mẹ 4.thèm ăn đột ngột 8.luôn coi bản thân là đồ vô dụng 10.không thể rời xa cái điện thoại được😢",0,human_gold_round5,3,round5,normal
Nghe thầy giảng mà cảm động muốn khóc luôn. Ai trong chúng ta cũng đầy tổn thương và đau khổ. Chỉ mong chúng ta đủ kiên nhẫn vói chính mình để có thể chữa lành chinh mình.,0,human_gold_round5,3,round5,normal
"Khi rơi vào vực thẳm, đôi lúc người ta chỉ cần một cái ôm ấm từ người khác để họ biết mình không hề đơn độc. Để họ có thể có thêm một chút niềm tin ít ỏi từ cuộc sống để đi tiếp về phía trước.",0,human_gold_round5,3,round5,normal
Mình bị cô đơn trg lớp học thêm .Mình thật sự rất buồn😢😢,0,human_gold_round5,3,round5,normal
"Khóc rùy , nổ lực lắm r",0,human_gold_round5,3,round5,normal
"sau này tớ không muốn lập gia đình, cũng không muốn sinh con đẻ cái, chỉ đơn giản là già đi và chết một mình để không phiền hà đến ai. Có những đêm ngồi ngoài sân nhà, mình bỗng chốc nghĩ đến bàn thờ, trên đó có ông bà tổ tiên, có người mình yêu quý nhất cuộc đời, thỉnh thoảng mình lại ghé mắt đảo qua nhìn lên bức hoạ ấy và nhìn một xíu cho vơi nỗi nhớ, hoặc là tâm sự một đôi câu ngắn thôi. Mình sợ mình sẽ oà khóc nếu còn nấn ná ở lại thêm đôi câu. Thật ra thì, mong muốn của mình là sau khi chết đi, mình sẽ được hoả thiêu, tro mình sẽ được rắc xuống một gốc cây nào đấy, là rắc chứ không phải chôn hẳn cái hũ đựng những thữ còn lại sau khi da thịt cháy hết. Mình muốn mình đến không mang theo bất cứ gì, thì khi ra đi cũng không để lại bất cứ thứ gì, thờ cúng, phần mộ, đồ đac, không một thứ gì cả, nếu có chỉ có thể là những kỉ niệm ở lại là đủ rồi. Mọi người nói, chết đi là hết chuyện, không đâu, người chết đi còn cúng thất, giáp năm, mãn tang, cúng giỗ hằng năm,.. cho đến khi nào người sống không còn đủ sức nữa thì mới thôi. Mình chỉ muốn, khi chấm dứt sự sống này, thì mọi thứ phải thật sự chấm dứt theo đúng nghĩa của nó. Không hơn...",1,human_gold_round5,3,round5,depression
"Tui ko bao giờ muốn dựa dẫm vào gia đình nx rồi 🙂🙂😔😔, với lại con bị quen rồi ạ",0,human_gold_round5,3,round5,normal
"Thất tình, hay còn gọi là nỗi đau của tình yêu tan vỡ, là cảm giác không ai muốn trải qua nhưng ai cũng phải đối mặt ít nhất một lần trong đời.",0,human_gold_round5,3,round5,normal
mình chỉ còn 7ng nx để ôn chuyên 6 và mik lucs nào cx hc đên 11h đêm dù mình ms lp5 cảm giác mett lắm nhx vẫn phải cố,0,human_gold_round5,3,round5,normal
"Đi làm áp lực thật. Càng thấy thương ba mẹ hơn. Càng thấy mình ngày càng vô dụng, chẳng bằng ai",1,human_gold_round5,3,round5,depression
"Có em, em đang loay hoay về năng lực của bản thân",0,human_gold_round5,3,round5,normal
"|D-6: Đếm ngược ngày thi THPTQG| Mới ngày nào chập chững bước vào cấp 1 với bao khát khao và hồn nhiên, mà giờ đây chúng mình đã trải qua 12 năm học rồi. Mỗi khoảnh khắc trôi qua thật ý nghĩa, có niềm vui, có nỗi buồn, có gian nan, có vất vả, có thất bại, có chút thành tựu... Quá nhiều cảm xúc, niềm vui nỗi buồn kề cận. Chúc cho tất cả các sĩ tử 2k7 sẽ trải qua kì thi ""sống còn"" một cách suôn sẻ, sớm chạm tay được vào ngôi trường mình yêu!",0,human_gold_round5,3,round5,normal
Mình cũng bị từ năm 2016,0,human_gold_round5,3,round5,normal
Dành thời gian để cảm nhận nỗi đau và tự chữa lành,0,human_gold_round5,3,round5,normal
"Một ngày sinh nhật quá nhiều hỗn độn, tuổi 22 tốt nghiệp đại học chưa kịp ổn định thì nhận giấy báo nhập ngũ, trong đầu không nghĩ được gì nữa. Cả ngày chỉ nghĩ về nó không biết phải làm gì tiếp theo ở lại HN với ngành mình học hay về quê làm việc trái ngành để đợi nhập ngũ. Thật là khó nghĩ và làm khó ngủ mà, chưa bao giờ mà lựa chọn lại khó với mình như v",0,human_gold_round5,3,round5,normal
da mặt e cg hay bị đổ dầu :((( a có thẻ cse những sp kiem dâu & tri thâm môi đc k a🐸🐸🐸,0,human_gold_round5,3,round5,normal
Tôi lớn lên trong một gia đình công giáo di cư 54. Sống 15 năm dưới chế độ VNCH và 12 năm dưới chế độ XHCN. Năm 1997 sang Mỹ đoàn tụ gia đình. Tôi đã không là người công giáo nữa đã không hận thù cộng sản từ rất lâu rồi khi mà tôi được bộ đội Việt nam đóng quân ở Campuchia cưu mang trong một tai nạn vỡ tàu trên biển. Chính cuộc sống gần 30 năm ở Mỹ đã thay đổi quan niệm sống của tôi là lập trường dân tộc gia đình quê hương là những giá trị mà tôi trân quý nhất có điều là nhận thức của tôi chỉ là rất bình thường nên vẫn còn tìm tòi học hỏi mãi.,0,human_gold_round5,3,round5,normal
Một đời con chấp nhận đau khổ ko tiền ko nhà cửa và một đời vất vả 😢😢😢😢😢😢 ăn xin ăn mày một đời còn ghin ghen xin lỗi một đời con ko lấy 😢😢😢😢con ko cần chồng tỷ phú 😢😢😢😢😢ko cần chồng đại gia chồng giàu chồng đẹp 😢😢😢 chỉ cần một người yêu thương con thật sự mà thôi 😢😢😢😢con ko cần gì hết chỉ cần anh ấy mà thôi 😢😢😢con ko cần giàu sang phú quý 😢😢😢😢danh vọng phù hoa tiền bạc vật chất nhà lầu xe sang ăn diễn của ca sĩ nhưng xin cho con phấn son 😢😢😢😢😢😢con chỉ cần một cây son một hộp phấn một bộ quần áo đẹp còn tỷ phú một đời con từ bỏ ko gì đau khổ bằng hai chữ chia ly nước mắt của sự đau thương thôi con chấp nhận còn ghin ghen và kin can một đời con từ bỏ 😢😢😢😢😢,1,human_gold_round5,3,round5,depression
Tôi bị tiểu đương .ăn tỏi có được kô thưa bác sỉ,0,human_gold_round5,3,round5,normal
"Trong đêm tĩnh lặng, ánh sao nhòa, những kỷ niệm lướt qua như làn gió, nụ cười từng ấm áp giờ lạnh lẽo, trái tim tôi, héo úa giữa dòng đời. Lối cũ chênh vênh, bước chân lạc lõng, mùi hương xưa vương vấn trong gió, mỗi lần gọi tên, lạc vào hư không, chia tay, một vết thương không thể lành.",0,human_gold_round5,3,round5,normal
"Matsuko làm mặt hề, lm xấu chính mình để tại niềm vui cho người khác khiến mình cảm thấy như thấy được chính mình. Mk nhạt nhẽo, mình không tài giỏi, mình không có điểm gì nổi bật nhưng mình không muốn cô đơn, mình không muốn riêng lẻ, mình sợ 1 mình. Và cách mình chọn là biến bản thân trở thành trò hề để lưu lại trong mắt người khác dáng vẻ tếu táo, hài hước - dáng vẻ vốn chẳng phải là mình",0,human_gold_round5,3,round5,normal
"Tôi bị mắc bệnh này từ năm 14 tuổi, hiện nay đã 34 tuổi , giờ vẫn phải uống thuốc tây.",0,human_gold_round5,3,round5,normal
"Mình cũng bị trg hợp ntn , mỗi khi bb mình chơi gì mà ko có mik thì mik rất nhạy cảm và nói này kia với các bạn , thì các bạn cứ nói mình lảm nhảm mà thôi ngày qua ngày Như vậy các bạn ko còn muốn nc với mình nữa",0,human_gold_round5,3,round5,normal
Áp lực học tập - Tập 14,0,human_gold_round5,3,round5,normal
"Tui bị gần hết, chỉ có khó khăn khi gọi điện thì ko có:(",0,human_gold_round5,3,round5,normal
Mình khóc hết nước mắt luôn ❤❤❤❤❤,0,human_gold_round5,3,round5,normal
Thống kê trầm cảm ở đâu vậy quý dzị?,0,human_gold_round5,3,round5,normal
"Cám ơn bs và chương trình .Tôi bị mất ngủ nhiều năm .Gần đây lại mất ngủ nhiều hơn ,uống thuốc ngủ mà vẫn thức hoài ,b s ơi làm cách nào .",0,human_gold_round5,3,round5,normal
10 Việc nên làm khi thấy chán nản trong cuộc sống,0,human_gold_round5,3,round5,normal
"Mình xem và nghĩ là bạn này là do còn chua đủ chín chắn và chưa đủ trải nghiệm nên chưa hiểu và chưa cảm thông với những trăn trở của ba mẹ. Mong bạn hãy nghe lời tư vấn của DST là nên đi gặp nhà tâm lý. Và mình tin rằng càng về sau, càng thêm tuổi bạn sẽ trưởng thành hơn, biết cách đối diện và suy nghĩ tích cực hơn với cuộc sống của bạn. Ba mẹ bạn xem clip này chắc sẽ vô cùng đau lòng và cả lo lắng tột cùng. Chúc cho ba mẹ và bạn sẽ thấu hiểu nhau.",0,human_gold_round5,3,round5,normal
"Người sống nặng về tình cảm như mình đây thì nỗi đau x2 lần các bạn, lên mình chúc tất cả các bạn đang rơi vào hoàn cảnh k mong muốn này sớm vượt qua giai đoạn khó khăn này",0,human_gold_round5,3,round5,normal
Ko thể chịu nổi nữa rồi 😌🥹😭,1,human_gold_round5,3,round5,depression
"Cảm ơn bác sĩ đã có lời khuyên, tôi vừa bị trầm cảm sau sinh 😢😢😢",1,human_gold_round5,3,round5,depression
"Đừng quá cố gắng đến mệt mỏi, hãy dành thời gian cho bản thân, cái gì đủ cũng tốt hơn, có người rất tham vọng nên họ đạt được nhiều thành tựu, có người ít tham vọng hoặc ko nên họ ""Sống"" cho cuộc đời này, cuộc sống chỉ là sự trải nghiệm đừng áp đặt và nghĩ rằng nó xa xỉ, có người sinh ra được bộ não hơn người nên họ chẳng cần cố gắng quá sức chỉ cần 1 chút tham vọng và 1 chút cố gắng đã trở thành thiên tài, chúng ta hãy đi lên vì chúng ta, vì những thứ mà mình yêu thương, có lẽ khó hoặc ko nhìn thấy nhưng đừng để cuộc sống vô nghĩa, niềm vui và hạnh phúc là thứ ta nên ưu tiên, xuất chúng hay ko sao đếm được, có đếm đc hết đời này ko, vui vẻ và đón nhận cuộc sống, hãy để nó đến, hãy để nó làm chúng ta tồn tại, đó là thời gian.",0,human_gold_round5,3,round5,normal
"Xếp hạng của e là hạng 12 vào năm lớp 7... nhưng ko như e nghĩ, e tưởng:À, điểm này ok r hok sao hết, zầy là giỏi r (e tự khuyên bản thân, tự an ủi) Mẹ e bt đc e hạng 12 và bảo rằng: Tại sao z? Thấp hơn năm ngoái. Chắc là có bn ms nên lơ là trog học tập? Phải đi học thêm,... E cũng tự hỏi: Mẹ sao ko chịu hỉu cho mik? Những lúc e nói ra thì mẹ toàn ns là: Mẹ lm z chỉ mún tốt cho con, tạo động lực cho con,... Nghe những câu ns ấy khiến e nhức đầu ko mún tâm sự😔Nhìu lúc cũng tự nghĩ trog đầu mik: Hồi xưa mẹ có đc như mik đâu mà so sánh?... Mẹ bt e cũng có kênh youtube nhưng thay vì là những câu: Cố lên con gái mẹ tin con!?. Thì mẹ lại nó: Lm youtube ko đc j , nhỡ con lơ là ko học tthì sao? Thấy cj Jenny Huỳnh ko? (YouTube nổi tiếng) nó vừa học vừa lm vid đc còn con thì sao. Chẳng bt lm j để giải thik cho mẹ hiểu nx🥺?",0,human_gold_round5,3,round5,normal
đau lòng quá mọi người ơi em khóc nhiều lắm,0,human_gold_round5,3,round5,normal
"điều quan trọng nhắc 3 lần: người khác không quan tâm bạn như bạn nghĩ đâu người khác không quan tâm bạn như bạn nghĩ đâu người khác không quan tâm bạn như bạn nghĩ đâu hãy loại bỏ tạp niệm, suy nghĩ ng khác nghĩ gì về mình, hãy tập trung vào bản thân, phát triển bạn thân mỗi ngày everyday. cảm ơn anh Đan chia sẻ vấn đề mà e đang gặp phải, bản thân e luôn quan tâm những gì ngkhac nghĩ gì về mình, làm gì?, nói gì?, luôn suy nghĩ người khác sẽ nghĩ gì về mình, làm cho năng lượng cạn kiệt, mất tập trung, e sẽ cố gắng thoát ra điều này, lần nữa cảm ơn anhhhh",0,human_gold_round5,3,round5,normal
"có lần tôi bất mãn với cuộc đời đến mức mà oán hận bản thân mình, tôi tự hỏi tại sao cuộc đời bất công như vậy, tại sao không phải ai sinh ra cũng có cùng 1 xuất phát điểm, ngoại hình như nhau, thể chất và sức khỏe như nhau, vật chất và địa vị như nhau ngồi ngẫm 1 lát, nếu thế giới này thật sự như vậy thì chẳng ai hơn chẳng ai thua, nhưng lúc ấy sẽ xuất hiện yếu tố may mắn khiến người này thành đạt hơn người kia, rồi cũng sẽ lại có sự oán trách cuộc đời bất công, thôi thì cứ xem như mình không may mắn ngay từ đầu vậy, bản chất cuộc đời vốn như thế rồi nên thôi, cứ ôm khăng khăng cái nỗi oán hận ấy cũng chẳng ai chịu trách nhiệm cho khổ đau của mình, chi bằng cứ cố gắng vượt qua xong kiểu cười khinh vào mặt cuộc đời",0,human_gold_round5,3,round5,normal
"Khi ta thấy cô đơn, tức là tâm trí ta thấy cơ thể này đang cô đơn. Vậy đồng nghĩa với cơ thể ấy đang ở cạnh 1 kẻ bất ổn ( tâm trí bất ổn). Ai ngộ được thân và tâm là 2 thứ , tuy 1 mà 2. Tuy 2 mà 1",0,human_gold_round5,3,round5,normal
Thuyết mình chán quá,0,human_gold_round5,3,round5,normal
"Cảm ơn sếp, em có lẽ cũng là một trường hợp mắc phải hội chứng này, thậm chí là nặng cơ, suýt tự sát mấy lần rồi :((",1,human_gold_round5,3,round5,depression
Mệt nhất là em rất buồn nhưng chẳng thể giải bài cùng ai,1,human_gold_round5,3,round5,depression
"Cũng như em hiện giờ em sắp chuẩn bị thi THPT em chẳng có định hướng gì cả chiều cao thì thấp , còn công chức nhà nước thì em chẳng mong muốn làm cái nào , em muốn tự do về tài chính thôi, nhưng em chẳng biết tìm ai để học hỏi, ko quan hệ",0,human_gold_round5,3,round5,normal
Phải biết chăm lo cho sức khỏe của cơ thể . Lúc bệnh rồi tiền như núi củng không cứu được .,0,human_gold_round5,3,round5,normal
"Cảm ơn chị rất nhiều, hiện tại em đang trong đội tuyển quốc gia, nhiều lúc em cảm thấy rất tuyệt vọng khi nhìn thấy các anh chị và bạn bè hơn mình nhiều thứ. Đôi khi em cũng rất áp lực về những bài kiểm tra định kỳ của đội tuyển, vì là một người xuất xắc từ nhỏ đến lớn lúc nào cũng đứng top 1 đã khiến em rất sợ sự thua kém :< . Nhiều lúc khi giải một bài chưa ra mà mất cẩ một buổi đã khiến em cảm thấy thời gian bị lãng phí thật sự thì em đã khóc rất nhiều trong những lần đấy . Hi vọng từ đây đến kì thi em sẽ tiến bộ và đạt được thành tích cao",0,human_gold_round5,3,round5,normal
"15/12/2024 1 năm 2024 thật dài Sau 2 năm đi làm, bản thân trải qua giai đoạn cực kỳ chán nản và muốn bỏ công việc hiện tại và tìm hướng đi mới Nhưng sau đó cũng bế tắc và chưa dám nhảy việc - em thật sự biết ơn anh Trí qua bài viết này, đã truyền thêm động lực cho em Giai đoạn tới có lẽ em sẽ tìm đủ mọi cách để master công việc hiện tại mặc dù em k thích Song song với đó, em dành thời gian để tìm hiểu về những lĩnh vực khác, nuôi dưỡng nó để 1 ngày đủ lông đủ cánh có thể sử dụng Em cảm ơn anh Trí, em sẽ cố gắng, k bao giờ bỏ cuộc",0,human_gold_round5,3,round5,normal
Áp lực học tập - Tập 3,0,human_gold_round5,3,round5,normal
Mình lại thất tình nữa rồi 😢,0,human_gold_round5,3,round5,normal
E cảm ơn anh vì đã khuyên điều này e cũng đang bị áp lực,0,human_gold_round5,3,round5,normal
tui chú ý nhất là đường ruột sợ quá😱🫣🫣,0,human_gold_round5,3,round5,normal
Mình bị 5 năm từ 6 tuổi,0,human_gold_round5,3,round5,normal
❤ con nam mô a di đà phật ❤ von nắng nghe phật pháp đánh thức tỉnh tâm trí ! Hoc buông bỏ tiêu cực nghiệp duyên cho tan biến nợ đời !!! Âm phù dương chợ cho con ❤ giải thoát oan gia trái chủ ❤ phật pháp khai duyên mở ra cho con ❤ cho tâm hồn thanh thảnh. ❤ con lam lành hóa giữ khiêm cung giữ gia đạo bình yên GĐ vui vẻ hạnh phúc vũ trụ bao la cao minh soi xét sử lý sự tình bật tung màn kịch vạch trần tội ác phản bội cho con ❤ hết ám ảnh ❤ nhân quả cảm ứng ❤ con xin xám hối sự tình vô minh ! ❤con xin hồi hướng công đức bat nha ba la mật đa thiên thủ thiên nhãn quán tự tại vạn tuế vạn tuế vạn tuế vạn tuế vạn vạn tuế nở hoa ❤ tạo động lực cho con làm tròn bổn phận kiếp hồng trần .sứ mệnh cao cả ban tặng từ cao minh ❤,0,human_gold_round5,3,round5,normal
Mik cx bị một lần r,0,human_gold_round5,3,round5,normal
"Cuộc sống đôi khi mệt mỏi và nhiều lo toan, nhưng chỉ cần chậm lại một chút, ta sẽ thấy vẫn còn rất nhiều điều dịu dàng quanh mình: một buổi chiều yên gió, một lời hỏi thăm chân thành, hay chỉ là cảm giác được hít thở và tồn tại. Dù hôm nay chưa trọn vẹn, bạn vẫn đang cố gắng từng chút một, và điều đó đã rất đáng trân trọng. Hãy tin rằng sau những ngày khó khăn, niềm vui sẽ đến theo cách rất riêng — nhẹ nhàng, nhưng đủ để ta mỉm cười và yêu đời thêm lần nữa.",0,human_gold_round5,3,round5,normal
Lo âu mất ngủ thì làm sao em ơi.,0,human_gold_round5,3,round5,normal
"Mệt mỏi, khó chịu, uể oải….thạm chí là chỉ muốn hưởng thụ mà không muốn làm. Đây hình như là một xu hướng tiêu cực của một số người trong thời đại 4.0. Cám ơn Thầy và ekip đã nêu lên hiện thực của đời sống và các biện pháp để tránh xu hướng trên. Rất thích nghe những bài học bổ ích như thế này.",0,human_gold_round5,3,round5,normal
"Em thấy video lúc 20t ngây thơ k hề lo toang gì về cs. Và chưa hề nghĩ 25 tuổi em phải xem lại, vì khủng hoảng, lo âu và mơ hồ về tương lai, thời gian này em luôn hỏi bản thân là ai, thậm chí đêm nào cũng phải chat với GPT, và em nhận ra những thứ em muốn ( công việc, kỹ năng, kiến thức, tiền bạc) nó là một cái thứ mà em chỉ mới chạm tới chưa kịp bóc vỏ, chưa kịp xem hướng dẫn sử dụng là đã thấy nản, thấy k kiên nhẫn để lột từng lớp ra. Em muốn quá nhiều thứ nhưng cũng quá vội. Em biết bản thân nên chậm lại, bóc vỏ và xem cách sử dụng của từng thứ một.",0,human_gold_round5,3,round5,normal
"@¿: nó như căn bệnh tái phát vậy, bị một thời gian rồi hết xong có thời gian ngắn lại bị như vậy🙂‍↕️",0,human_gold_round5,3,round5,normal
Sau khi xem tui đã hiểu tui vừa tự kỷ vừa tâm thần 💀☠️💀☠️💀☠️💀☠️ Mong ko ai xem thấy bình luận này,1,human_gold_round5,3,round5,depression
Học giỏi học dốt không có nghĩa là bố mẹ được động đến lòng tự trọng và cảm xúc của con .Một lời động viên đối với bố mẹ khó đến vậy sao hả trong khi đó là những câu chửi bới đánh đập bố mẹ bố mẹ đang tạo áp lực cho con và chạm đến trái tim của con nếu là bố mẹ bố mẹ có chịu nổi những bức xúc đấy không❤❤❤❤,0,human_gold_round5,3,round5,normal
"điểm mình thấp lắm , tệ hơn những lần thi trước.Mình đang ngủ quên trên chiến thắng hả? Cố gắng rất nhiều , nhưng tsao kết quả vẫn tệ ! Nhưng dù sao cũng phải bước đi , kh để đóng băng ở thất bại",0,human_gold_round5,3,round5,normal
Đau đến thắt ruột gan,0,human_gold_round5,3,round5,normal
"Thanks anh đã chia sẻ video có ích này. E chắc thuộc nhóm 3 rồi a :v , không quá lo lắng nữa. E đã từng bị khủng hoảng lúc ra trường á, việc đơn giản e làm để vượt qua đó là vẫn đi theo con đường mình đã chọn. Và đặt niềm tin vào đó, cho dù 5 năm nữa có thúi hơn thì cũng phải chấp nhận thôi :3 . Công việc của e không thể rời bỏ mạng xã hội được, tuy nhiên e đã tiếp thu đủ để khôn ngoan khi sử dụng nó. Mong những bạn trẻ nào bị khủng hoảng thì hãy có niềm tin là mình sẽ vượt qua thôi, và sau này sẽ còn thúi hơn nữa. Đừng để cơn khủng hoảng này đè bẹp các bạn, và lời khuyên mình dành cho mọi người đang bị là theo cách thứ 5 của anh Trí đó, hãy tìm cho mình 1 sở thích để nuôi dưỡng lại sự tò mò và hứng thú của mình. Đó chính là những việc nhỏ nhỏ mà bạn có thể làm trong lúc này.",0,human_gold_round5,3,round5,normal
Cảm ơn anh em đi học đã rất cố gắng và hạn chế ham chơi nhiều vì bố mẹ rồi nhưng điểm thi lại không khá mấy bố mẹ lại một tí lại mắng rồi còn có chị em học tập giỏi nên em hay bị phân biệt nhiều đến lớp là cái thứ duy nhất mà em thấy vui vì ở đó có bạn bè ở gia đình sẽ luôn bị bắt học và không vó giờ nghỉ em thấy ghen tị với mấy đứa khác vì tụi nó học còn kém hơn em mà lại được chơi rất nhiều 24/7 còn em thì xong rất muốn nghỉ nhưng bố mẹ vẫn bắt học hè cữ mỗi lần bị mắng em ko bt làm gì và cũng không giám nói lại vì sợ bố mẹ lại chửi kể cả có sai hay đúng em chỉ biết giải tỏa bằng cách đâm vào đầu mình mạnh nhất có thể để giải tỏa cân giận,1,human_gold_round5,3,round5,depression
khi phản kháng thì chúng nó cx có sợ đâu lúc mình bị bắt nạt cho dù đã giải quyết nhưng chúng vẫn cố tình nói xấu và kêu gọi những ng khác hùa theo nhưng mỗi tội ko ai theo tụi nó nên bị áp lực từ mọi ng xung quanh nên nó nghỉ học lun,0,human_gold_round5,3,round5,normal
"Mình ghét sự Thiên vị, bất kì mqh nào bất kì thứ gì từ công việc đến học tập hay đời sống hằng ngày tất cả đều tốt nhất nên rạch ròi, để sẽ không một ai tủi thân như mình đã từng, đã phải cố gắng gồng hết mình để duy trì các mqh dựa trên mức độ thiên vị ưu tiên",0,human_gold_round5,3,round5,normal
Áp lực học tập - Tập 23,0,human_gold_round5,3,round5,normal
"Tuy iem ms lớp 5 nhưng vừa học tập xiêng đêm áp lực gia đình , phụ huynh lun kêu iem học tập ko cho iem quyền riêng tư 😢 iem bt bố mẹ làm v là thương iem nhưng ko hề công nhận việc học tập 😢",0,human_gold_round5,3,round5,normal
Tôi cảm thấy buồn và chán cô đơn ở nhà ck bị đối xử lạnh lùng về nhà mẹ đẻ thì bị khinh thường vì cái nghèo vì con cái hư đốn mà tôi phải trả giá gẽ lạnh,0,human_gold_round5,3,round5,normal
"Mình cũng đã trải qua trạng thái cô đơn như vậy. Cô đơn không phải là không có ai bên cạnh, mà là khi có rất nhiều người xung quanh nhưng vẫn cảm thấy lạc lõng. Trong tình yêu, gia đình hay công việc, nếu không tìm được sự kết nối thực sự, ta vẫn cô đơn như bình thường. Nhưng đôi khi, cô đơn cũng là cơ hội để hiểu mình hơn, tìm ra điều thực sự ý nghĩa trong cuộc sống. Quan trọng là ta chọn cách đối diện với nó như thế nào. Bạn có trải qua cảm giác này chưa?",0,human_gold_round5,3,round5,normal
Sao cảm thấy cđ mình buồn vá.,0,human_gold_round5,3,round5,normal
"Nghe thật buồn cười, đã ""rưng rưng"" muốn khóc ! Lại còn ""ngủ ngon"" sao được nhỉ !",0,human_gold_round5,3,round5,normal
Việc học làm chúng ta áp lực đến mức không còn ý thức học cũng không phải là thứ tốt dành cho trẻ em tuổi thơ của chúng là những trò chơi chứ không phải ép buộc học quá nhiều nếu không sẽ thay đổi cả tương lai😢 lẫn sự nghiệp,0,human_gold_round5,3,round5,normal
"E cũng hiểu ba mẹ lo lắng này kia đó a, nhma thật sự e vẫn chưa vượt qua đc những cảm xúc ấm ức, tức giận,...; kể nghe nhẹ nhàng v th chứ thật ra e vẫn chưa tìm ra từ nào đủ mạnh mẽ, đủ nặng để diễn tả cho vừa lòng, lý trí thì vẫn bt nên nói chuyện chia sẻ các thứ vs ba mẹ nhma trong lòng thì luôn cảm thấy ""tại s phải làm v, tại s tôi phải hạ mình xuống để nhẹ nhàng vs họ, họ gây ra bao nhiêu tội lỗi vs mình mà k lẽ chỉ vài câu nhẹ nhàng là xong s, r ai sẽ chịu trách nhiệm cho những tổn thương của tôi, họ phải hứng chịu hậu quả của mình và hiểu ra lỗi lầm đi chứ; nếu nhẹ tay và dễ dãi vs họ như v thì họ sẽ k coi mình ra gì, mình phải có tôn nghiêm của mình chứ; đã nói rõ nhiều lần r mà vẫn k bt tôn trọng lời mình nói mà cứ lặp lại sai lầm liên tục, phân tích cho tới mức đó r mà còn k hiểu, muốn tới mức nào mới chịu hiểu nữa..."" Theo a, e nên làm j để vượt qua những cảm xúc đó đây!",0,human_gold_round5,3,round5,normal
bệnh trầm cảm này khá là phổ biến luôn vì nhiều người gặp phải lắm,0,human_gold_round5,3,round5,normal
em đã ko dám nhảy xuống mỏm đá vì sợ độ cao,1,human_gold_round5,3,round5,depression
Em năm nay 50 mươi tuổi mât ngủ năng hỏn 4 năm rồi rồi nhà đac lắc hiên tại ai mách cach gì điều cách đó củng kg khỏi được mất ngủ nên em nhò băc sỉ có cách nào điều trị đươc bệnh mất ngủ giúp em vói ạ nhà điều kiên củng bình thường nên kg đi lai thăm khám đươc,0,human_gold_round5,3,round5,normal
"có hết nhưng tôi vẫn sống nhăn răng , cười đùa vui vẻ bthg , tốt nhất là quên hết những suy nghĩ tiêu cực , những điều tiêu cực trong cuộc sống và hãy biến chúng thành những thứ vui vẻ , tích cực , lạc quan . 👍👍",0,human_gold_round5,3,round5,normal
Áp lực học tập - Tập 26: Sự thật bất ngờ,0,human_gold_round5,3,round5,normal
dù biết là tiêu cực nhưng vẫn ước bản thân không tồn tại,1,human_gold_round5,3,round5,depression
Lúc còn bên cạnh ko trân trọng yêu thương bảo vệ Đến lúc mất đi lại khóc đến phế tâm là làm sao Người ta thường nói bát nước hất đi khó hốt lại Lm cha lm mẹ đừng sĩ diện quá mà lm hại chính con mik vì có thể cái giá phải trả đắt đến nỗi bản thân gánh ko nổi 😰😰😰😰😨😨😨 Biết đâu bất chợt ko còn gặp lại đứa con của mik thêm một lần nào nữa thì sao và có thể hôm nay là ngày cuối cùng nó còn sống 😭😭😭😭😔😢😢,0,human_gold_round5,3,round5,normal
"Bài học hay quá, mình đang đắm chìm trong suy nghĩ vì mình luôn đặt quá nhiều kỳ vọng vào tương lai nên ngày nào cũng rất mệt mỏi, mặc dù biết phải thay đổi nhưng vẫn ko thể, nhưng qua bài học này mình thấy đã giúp ích mình rất nhiều, cảm ơn add ❤",0,human_gold_round5,3,round5,normal
"dù có bao nhiêu bằng chứng thì tôi vẫn tin điều mà tôi muốn tin. nếu sự thật trần trụi làm ta đau khổ thì sao ta phải cần biết sự thật? và tại sao phải chấp nhận cái sự thật đau lòng đó? có ai mà muốn phải đau lòng cơ chứ? người nghiện khó cai nghiện không chỉ vì chất gây nghiện mà cái chính là bởi chính họ không muốn cai. có nhiều thứ có thể gây nghiện, không phải chất gây nghiện nào cũng mạnh như ma túy, vậy mà người ta vẫn nghiện đủ thứ trên đời, không chỉ là ma túy và nhiều người khác cũng đang sử dụng các ""chất gây nghiện"" đó mà không hề nghiện, thế thì không thể đổ tội cho chất gây nghiện được. nhắc lại, cái chính vẫn là bởi chính người nghiện không muốn cai nghiện mà thôi.",0,human_gold_round5,3,round5,normal
"Tôi cũng cảm thấy , những điều đó đang xảy ra đối với mình .nhưng không biết tâm sự cùng ai và nếu nói những chuyện đó ra thì họ sẻ nói . ta nói điên khùng không ai hiểu mình hết , truyện nhỏ xảy ra đối với tôi tôi cũng thấy áp lực 🥹",1,human_gold_round5,3,round5,depression
bao lần khóc trắng đêm... tâm ơi,1,human_gold_round5,3,round5,depression
"Ngày tôi lớp 7 hay 8 gì đấy, cô dọa sẽ cho tôi bị hạ bậc hạnh kiểm. Và tôi đã có ý định tự tử. Lớp tôi ở tầng 4... và tôi đi xuống tầng 2 để nhảy cho đỡ đau. Nhưng mà nghĩ nhảy thế thì đau lắm nên lại không nhảy nữa.",0,human_gold_round5,3,round5,normal
"Xin chào những con người đang bất lực, mệt mỏi. Thôii thì ngủ đi cho nhẹ tâm nhé để ngày mai lại tiếp tục với cái được gọi là cuộc sống nữa.😊",0,human_gold_round5,3,round5,normal
vid này đến đúng lúc mình đang không biết đối diện với cảm giác cô đơn ra sao :(,0,human_gold_round5,3,round5,normal
"Hồi xưa mình cũng hay than vãn, tự hỏi rằng tại sao mình lại sinh ra, mình chẳng hề yêu cuộc sống này chút nào, mình nguyện cầu sự k tồn tại của vạn vật, xog mình đã tự tìm câu trả lời để mình tiếp tục sống. Đó là ""mình sinh ra để không bao giờ phải sinh ra thêm 1 lần nào nữa"". Nó có nghĩa là khi bạn vẫn còn duyên, nghiệp của các kiếp trước chưa trả hết, bn sẽ vẫn tiếp tục phải sinh ra để hoàn thành nó, đừng nghĩ những người đc sinh ra trong nhung lụa là sung sướng, có khi họ lại sống trong cảnh thiếu sự yêu thương, đó là cái nghiệp của họ, còn tồn tại là vẫn còn tiền nghiệp tiền duyên. Vậy nên hãy sống thật tốt, nếu bn k muốn phải sống thêm bất cứ lần nào nữa!! ^^",0,human_gold_round5,3,round5,normal
"Tôi có 1 quan điểm góc nhìn thế này, mọi người ta cùng góp ý nhé. Thực ra tôi thấy tham vọng là điều ai cũng có, và tôi dám cá là không ai lười, mà thực chất là họ đang ""sợ rủi ro"". Các cụ có câu ""Liều ăn nhiều"". Cái này đúng, đó là dám nghĩ dám làm, đồng nghĩa là chấp nhận đánh đổi, chấp nhận rủi ro nếu thất bại. Nhưng không phải cũng có thể ở trong cái hoàn cảnh ""tất tay"". Người ta vẫn thường nói sợ nhất 2 loại người: 1 là kẻ có tất cả (kẻ này dù thất bại thì vẫn có hậu thuẫn hoặc nguồn lực để vực lại), 2 là kẻ không có gì, đường cùng (kẻ này chả có gì để mất, đằng nào cũng đường cùng rồi thì chơi lớn 1 phen). Tuy nhiên phần đa số chúng ta luôn ở phần giữa, tất nhiên là trình độ năng lực khác nhau. Chúng ta có gia đình tuy không giàu có nhưng ko bần cùng khốn khổ, tức là đang ở mức yên ổn, thì việc chơi lớn có thể sẽ khiến cho gia đình trở nên khổ sở. Ngoài gia đình, các phần khác mọi người tự suy ra nha. Thế nên tôi cho rằng, nên lượng sức mà tiến, không nên cố quá thành quá cố. Ví dụ trình và năng lực hoàn toàn có thể đạt mức 2, nhưng muốn lên mức 3 phải đánh đổi, thì hãy cân nhắc sức của bản thân và những gì mình phải đánh đổi.",0,human_gold_round5,3,round5,normal
Áp lực nhưng cũng phải cố gắng 😢,0,human_gold_round5,3,round5,normal
"Em cũng bị thế em kể cho nghe Vào năm lớp 1 thậm chí lớp 2 em còn năm lớp 1 em bị giật tiền và bắt nạt giờ ra chơi em ở nhóm khác 2 bạn nữ 1 bạn kéo bên tay trái 1 bạn kéo bên tay phải cứ kéo qua kéo lại, tới lúc em ngã thì mới thôi, té ở lầu thang, 2 bạn đó là nữ xong vô lớp lấy cây thước đánh em, hôm thứ 2 chào cờ 2 bạn ấy nói là: lấy giùm t cái ghế lúc em đang lấy bạn đó cầm cái ghế chọi ghế vào tay em, chịu đựng chảy máu rất là nhiều. Em mét cvcn xong dắt em xuống phòng y tế để băng bó lại, cô chửi và gọi ph. Năm lớp 2 thì bị mấy bạn ghim em bắt nạt tệ hơn nữa. Xong em nói một câu em nói là: m thích bắt nạt thì m bắt nạt ng khác t nợ nhà m hả",0,human_gold_round5,3,round5,normal
"Em cũng mới chia tay được hơn 2 tuần. Khoảng thời gian vừa qua thực sự rất tồi tệ và chênh vênh, em cảm tưởng như mình không đứng dậy nổi nữa. Nhưng thực sự hôm nay, khi em quyết định khóa các tài khoản mạng xã hội, học thêm ngoại ngữ và học nhạc, xóa album ảnh bạn ấy, set hình nền mang dòng quotes an ủi bản thân và lên youtube kiếm những nội dung heal the pain thế này để xem, thì em có một niềm tin là mình sẽ vượt qua được sớm thôi. Đúng như anh nói, mối người chúng ta thật sự rất giá trị và xịn xò, phải trở nên ngày một tốt hơn, bi lụy cũng chẳng để cho ai xem, còn làm bản thân mình có những hành động dở hơi để sau này phải hối hận. Em vừa tròn 18 tuổi và đây là nỗi đau lớn nhất mà em từng trải qua. Nhưng chắc chắn em sẽ vượt qua được. Lần tới gặp bạn ấy, em vẫn sẽ tươi cười tự tin nhưng phải thản nhiên và mạnh mẽ hơn gấp nhiều lần. . Khi ấy, em sẽ quay lại đây. Anh đã truyền động lực cho em rất nhiều.",0,human_gold_round5,3,round5,normal
Tôi ko lo 😊,0,human_gold_round5,3,round5,normal
"E sẽ tự học , cố gắng năm Nay hoặc năm đỗ n3.e sẽ lên n2 và nhất định đki khoá của thầy. E sẽ với đến thầy🎉chứ mình e học e hay nản và hết động lực, lười lắm",0,human_gold_round5,3,round5,normal
Thật ra thì mình cũng đã cố để không còn than vãn bất cứ điều gì trong cuộc hành trình mà mình đang đi. Nhưng đôi khi cảm thấy thật tủi thân😢,0,human_gold_round5,3,round5,normal
Cô ơi em có bị đau ở đâu không?,0,human_gold_round5,3,round5,normal
"các bạn nên để xa những thiết bị điện tử như điện thoại thông minh máy tính khoảng 5mét thì sẽ ngủ ngon và ngủ dễ say giấc hơn Nha, và ai mà đã bị mất ngủ và hay giật mình trong giấc ngủ thì trước khi đi ngủ tầm 30 phút tốt nhất đừng xem cái gì ở trên điện thoại hay máy tính nữa 👍 cứ đặt lưng xuống mở mắt nhìn lên trần nhà một chút là thấy díu mắt lại và buồn ngủ thôi mình, trước đây mình cũng từng bị mất ngủ nhưng sau đó mình áp dụng những cách này thấy hiệu quả",0,human_gold_round5,3,round5,normal
"Mình 40 tuổi, chắc thuộc nhóm 2: nhìn bề ngoài mọi người sẽ thấy mình khá đầy đủ, thậm chí một số người còn cảm thấy ngưỡng mộ hoặc ghen tị với mình. Tuy nhiên bản thân mình vẫn cảm thấy tự ti, lạc lối trong tất cả khía cạnh cuộc sống. Dù vậy, mình vẫn đang đi tìm lời giải cho cuộc sống của mình. Chỉ hy vọng khá hơn mỗi ngày. Cám ơn anh/bạn Trí với video này.",0,human_gold_round5,3,round5,normal
Dọn mệt quá rụng luôn 1 cái chổi quét😂,0,human_gold_round5,3,round5,normal
""" tất cả là do m chính vì m mà mẹ mới bị như thế"" một ccaaunois mang đầy ám ảnh",1,human_gold_round5,3,round5,depression
May tao ở một mình k thì chết rồi 😂😂😂😂,0,human_gold_round5,3,round5,normal
"Tôi đã nghe bài này từ lúc mới ra lúc đó tôi thấy nó rất bth, đến bây giờ tôi đã 23 tuổi, khi nghe lại, cảm giác mình trạnh lòng, nhìn lại 5 năm qua tôi đã bỏ lỡ rất nhiều thứ cho đến hiện tại chỉ có công việc ngày càng nhiều hơn sự áp lực vô hình ở tương lai, nghe bài nhạc này tôi thấy như mình đang được trải lòng.",0,human_gold_round5,3,round5,normal
"Cảm ơn nhân duyên đã cho con được gặp thầy dẫn dắt con trên con đường tâm linh, quả thực không có thầy con đã luẩn quẩn trong quá trình tu học luẩn quẩn không lối thoát. Nam Mô A Di Đà Phật 🙏",0,human_gold_round5,3,round5,normal
"Buồn chán do thu nhập thấp, còn muốn có thêm thu nhập thì phải làm quá nhiều đâm ra rất đuối và mệt. Chứ ko phải làm nhiều mà dc tiền nhiều đáu. Do vậy làm ít thì tiền sài ko đủ chán. Làm nhiều vừa mệt vừa ko có tiền đủ sài. Chán hơn. Lương ít sống ko đủ. Khổ đủ thứ !",1,human_gold_round5,3,round5,depression
"Cám ơn a về video này ạ! Một người luôn áp lực cuộc sống sô bồ như e cần một video ""metal health"" như thế này!",0,human_gold_round5,3,round5,normal
"Anh thật sự nhớ em lắm, xa em anh chẳng thể làm gì, anh nhận ra bản thân anh không thể thiếu em được, anh thương em lắm, em trở về với anh được không...anh chưa bao giờ thấy bản thân anh yếu đuối đến nhường này.",0,human_gold_round5,3,round5,normal
"Có hai bộ phận đã gây ra căn bệnh mất ngủ, hai bộ phận đó là, dạ dày đường ruột, và đôi mắt, hai bộ phận này đã gây mất ngủ cho con người khi có tuổi, cho nên, nếu ta cảm thấy mất ngủ thường xuyên, hoặc mới. Thì ta nghĩ ngay tới hai bộ phận này, mình không giải thích rõ, nhưng mình chắc một điều, mất ngủ là do hai bộ phận này gây ra.",0,human_gold_round5,3,round5,normal
Nyc là 1 thứ gì đó làm ta chênh vênh cảm xúc trong giây lát ko thể phủ nhận :(,0,human_gold_round5,3,round5,normal
Con cx sợ trượt bởi vì năm nay thi nó khó hơn mọi năm nên cx áp lực lắm ý ạ(thi thoảng cx có lúc có cảm xúc giống Miu),0,human_gold_round5,3,round5,normal
"Cám ơn bs nhiều lắm , chị cũng đang bị stress, nghe được bs nói hiểu được vấn đề và sẻ cố gắng vượt , cả tháng nay HA tăng đột biến , khg hiểu vì sao, giờ đã hiểu rồi tks bs nhiều",0,human_gold_round5,3,round5,normal
"e thấy mình xem clip của a hơi muôn trong thời điểm của e năm nay e 20t rồi là phía trước đang cực kì mông lung, trong độ tuổi của e thì giờ đã là sv năm 3 của Y Dược Huế nhưng sau năm 1 e lại đưa ra quyết đinhj bảo lưu và mở hồ sơ du học mỹ, và đã rớt 3 lần, trước mắt em giờ là 1 thử thách cực lớn khi chính quyền mỹ đã siết chặt F1. E sợ e làm phụ long bame qáu a trí. đôi lúc e cứ suy nghĩ rằng liệu sau này k đi đc thì mình sẽ gặp những câu chuyện gì, liệu mình có rực rỡ hay không. E biết e lười, từ lớp 1 đến lớp 11 thì e học k ok lắm nói thẳng ra là ngu dốt nhưng hè 12 bổng e thay đổi ý định e muốn có 1 giấc mơ, em lao vào cày lại các kiến thức ở lớp dưới và thi thptqg với 2 mấy điểm. trong giai đoạn này e cực kỳ strees. e chưa tìm ra đc giải pháp cho riêng mình. Quỳnh ooo 2/10/25 có thể mn đọc cái cmt cảu e thì hơi khó hiểu vì em chẳng nói năng gì giỏi",0,human_gold_round5,3,round5,normal
Như vô hồn nhưng vẫn tỉnh thức trở lại tự nhiên với thiên nhiên Giác,0,human_gold_round5,3,round5,normal
Đỉnh đỉnh đỉnh,0,human_gold_round5,3,round5,normal
"2 tuần qua e hay xem các video của chị để làm động lực vượt qua nỗi đau chuyện tình cảm mới đây. Mỗi lúc xem, e thấy tâm trạng mình đỡ hơn và học ở chị đc sự tích cực mạnh mẽ. E làm nghệ thuật nên giàu cảm xúc, thời gian này bị trầm cảm và cảm xúc chi phối. Mong chị sẽ có nhìu sức khỏe và cho ra nhìu video thú vị❤🍀",0,human_gold_round5,3,round5,normal
Tất cả chúng ta đều phải chịu 1&2 nỗi đau…Kỷ luật ~Giới trong tam học của vô vi…,0,human_gold_round5,3,round5,normal
"Trái tim có thể sẽ không được chữa lành, nhưng thời gian sẽ làm nó dịu đi. Từng làm tổn thương bản thân bao nhiêu thì giờ hãy bù đắp lại, yêu thương lại bản thân bấy nhiêu, sống tốt để chứng tỏ rằng mỗi lựa chọn của mình là đúng... Đừng cố gắng quên bất cứ thứ gì, mang theo nó mà sống, đến một ngày phát hiện bản thân không còn nghĩ nhiều về nó nữa. Cố gắng lên nhé. Những lời này dành cho bản thân và tất cả những ai đang nghe bài hát này để chữa lành bản thân. ❤️",0,human_gold_round5,3,round5,normal
Lúc nghĩ tiêu cực nên nghe thầy giảng pháp.Cảm ơn thầy !,0,human_gold_round5,3,round5,normal
"Hãy mở khẩu hình để đừng nhốt bí âm giọng của mình, trầm dầy nhưng tiếng phải bay, thanh thoát, vàng sáng!",0,human_gold_round5,3,round5,normal
"Cô đơn không phải là không có ai bên cạnh, mà là khi có nhiều người bên cạnh nhưng cũng không ai có thể lắng nghe và thấu hiểu được những điều ta đang đắn do suy nghĩ....",0,human_gold_round5,3,round5,normal
"Cảm ơn những lời tâm sự của anh rất nhiều, em đang ở giai đoạn cần phải suy nghĩ về cuộc đời, định hướng tương lai, phải chịu khá nhiều áp lực. Nhờ những câu chuyện của anh đã giúp tâm trạng của em khá lên rất nhiều <3",0,human_gold_round5,3,round5,normal
Nam Mô A Di Đà Phật. Có những nỗi đau mà không thể nói thành lời. Nhiều lúc con cũng muốn buông mà không thể buông được. Mong Phật soi rọi cho con lối đi với ạ,1,human_gold_round5,3,round5,depression
"Hmm tớ là học sinh lớp 9 , tớ có một khao khát đậu c3 nhưng tớ học không giỏi , chame tớ cho tớ đii học thêm chỉ vì muốn tớ đậu, tớ thấy mình tệ lắm các bàii toán đôi khi lại dễ nhưng tớ lại ngồi cả tiếng để giảii các bàii toán hình tớ lại kh biết , tiếng anh thì tớ lại kh biết chữ nào , tớ thấy mình rất tệ tớ sợ khi mình rớt c3 chame sẽ thất vọng về tớ lắm.",0,human_gold_round5,3,round5,normal
Ông không biết áp lực của học sinh khó khăn đến cỡ nào đâu 😠😠,0,human_gold_round5,3,round5,normal
Gia đình là thứ khiến ta tuyệt vọng nhất còn là thứ mà khiến cho ta thấy mất đi niềm tin với tất cả mọi thứ,0,human_gold_round5,3,round5,normal
Tình mình ngày nào Đẹp như trăng lung linh về đêm Mà sao nay xa xăm ôi mịt mù Biết lỗi nơi ai mà ta giờ xa lìa nhau Lòng ta nghe bâng khuâng xót xa Có tiếc nuối cũng xa nhau thật rồi...(1) Chuyện tình mình thật buồn Ngày vui thoáng gió cuốn sương khói Còn đây con tim đau không nhạt nhòa Tình đôi mình bây giờ như mùa đông Trơ cành khô đứng lạnh. Tình đôi mình đây giờ như gió Trôi dạt không bến bờ Hỡi gió lang thang ngày đêm về đâu Buồn không kiếp không nhà (2) Chiều nay mình ta ngồi đây thầm mơ Phút giây thần tiên ngày xưa Người yêu giờ đây buồn không hỡi Xin về đây hỡi người Này em phương xa trời còn tuyết không? (3) Bài ca buồn anh tặng em chiều nay Ước sao vọng vang về em Tình yêu cùng xây người yêu hỡi Bao ngày không xóa nhòa Hãy đến bên anh chiều nay người ơi Tình ta sẽ muôn đời ...(4) 2 3 4 Hãy đến bên anh chiều nay người ơi Tình ta sẽ muôn đời,0,human_gold_round5,3,round5,normal
Luôn là áp lực,0,human_gold_round5,3,round5,normal
sau một lớp vỏ bọc là một tâm hồn yếu ớt,0,human_gold_round5,3,round5,normal
Tự mk dấn thân vào rồi tự làm tổn thương tâm hồn của mk..... Đây là kết quả của việc buông thả cảm xúc,0,human_gold_round5,3,round5,normal
Cuộc đời con không ai thương con bằng cha mẹ. Chỉ có tình yêu thương của cha mẹ dành cho con là vô điều kiện. Cha luôn lo lắng cho con cả đến giây phút cuối của cuộc đời mình. 😢,0,human_gold_round5,3,round5,normal
"“mặt trời không biết em vẫn còn nhiều tha thiết hóa ra tồn tại nỗi nhớ giữa đêm chẳng còn sao ôi em nhớ người giữa đêm chẳng còn sao ôi em nhớ người giữa đêm tại vì sao” câu “em nhớ người giữa đêm chẳng còn sao” trong bài này của chị Linh hay ghê, mình đang có 2 cách hiểu, hiểu cách nào cũng thấy hay: .đêm mà không còn ngôi sao nào, giống như chẳng còn tia hy vọng nào cho một mqh, là kiểu hoàn toàn tối thui ấy, là đêm khuya đến nỗi những vì sao cũng đã yên giấc vậy mà em còn thức. .nghĩa thứ hai của chẳng còn sao - không còn bị gì, là trạng thái ổn sau một mqh đã tan vỡ, vậy mà tại sao vẫn nhớ - điều này hoàn toàn bình thường luôn ý, nhớ cũng là một cảm giác phải có của một con người, đâu phải kết thúc rồi là phải quên cho bằng được, đôi khi chấp nhận mình đang nhớ cũng là một cách phục hồi hư tổn hiệu quả từ sâu bên trong ák, bộ não con người mà, ai biết được chứ, cho phép bản thân nhớ một người dưng là một điều bình thường như một cách trái tim chọn sẽ lành lại và bước tiếp, sống tiếp, nhớ thì cứ nhớ thôi, mệt quá thì ngủ 💤 thêm câu này cũng hay: ""giữa chúng ta đâu hề biết cách yêu, sao còn trách nhau một thời thật ngu ngốc"" - thiệt là vậy, yêu là cả hai cùng yêu, vậy mà không thành thì hết trách mình rồi là trách người ta, có phải người lớn chỉ khác con nít ở chỗ họ biết giấu đi cảm xúc thật của mình, chỉ khi thừa nhận và đi tiếp, để khi nhìn lại, mình thấy được những đứa trẻ ngu ngốc nhưng cũng thật đáng thương. yêu cứ yêu, cho phép bản thân cảm nhận toàn bộ hành trình đó dù cho đích đến có là buồn hay vui. nguyên bài đều hay.",0,human_gold_round5,3,round5,normal
"1:59 6:33 mình hay nói về việc mình yêu ngủ đến mức nào, sẵn sàng chết để được ngủ, nhưng chắc do vui vẻ khùng điên là những gì ngta ấn tượng về mình, mn đều xem đây là chuyện vui rằng mình mê ngủ yêu ngủ ngủ nướng ngủ khắp nơi ... để rồi mình tự nhận ra bản thân đang gửi đi tín hiệu, giống như những người có vẻ như đang sống vui vẻ khiến gia đình bạn bè bàng hoàng khi t4t4, không ai nhận ra những câu nói hành vi bth hay kì lạ đó cho đến khi họ thật sự t4t4, nên mình dừng lại việc nói rằng ngủ tuyệt ra sao mình muốn ngủ nhiều thế nào, vì cốt lõi mình chỉ muốn biến mất thôi, muốn mất kết nối với thế giới, tình cờ ngủ lại giúp mình làm điều đó",1,human_gold_round5,3,round5,depression
Chưa đầy nửa năm tôi đã mất đi bố mẹ và con trai của tôi còn nổi đau nữa k chứ 4:34,0,human_gold_round5,3,round5,normal
Bất lực toàn tập là có thiệt 😂😂😂,0,human_gold_round5,3,round5,normal
Vì sao thế nhỉ? Là giải pháp tốt nhất cho những lúc mệt mỏi hay áp lực một việc gì đó trong cuộc sống đối với mình luôn ấy🙉:)) I love VSTN💗💗,0,human_gold_round5,3,round5,normal
"h mn có giải thik có nói cho tôi hiểu thì cx ko thể phủ nhận rằng ban đầu tôi ghét lâm phong , ghét khi cậu đc đem ra so sánh vs nu9 lm cô đau khổ , ghét khi bt ngta ko thik mình nhx vẫn bám lấy , ghét khi chx bh học bài nhx chỉ cần một kì thi liền như phủ nhận hết công lao học tập của ngkhc , ghét khi ai cx gọi cậu là thiên tài , mà th kệ đi hạnh phúc là đc",0,human_gold_round5,3,round5,normal
"Em chào mọi người ạaaa. Em là một người con gái 15 tuổi. Em mới vào moi trường c3 gần năm học rồi ạ. Em là một đứa có ngoại hình xấu. Lúc em để tóc dài Em thấy khoing hợp sau khi em cắt tóc tomboy như con trai ấy . Trong khi học năm c2 em thấy còn bth đến khi em vào học c3 có nhiều người nói em nhiều lắm và em cũng siêu buồn luôn. Họ nói em là mặc đồ xấu , chê em mặc quần đùi xấu, em biết ạ nhưng em thực sự không có nhiêuf tiền để sắm nhiều đồ. Chân em hồi nhỏ bị bỏng ở mắt cá chân họ thấy và bảo em ở bẩn.:(( thật sự đó , em cũng muốn mình được đẹp như bao người mà. :(( roi em có yêu 1 người rồi người đó đem em ra làm người thay thế . Saukhi em biết thì đã dừng lại rồi ạ. Nhưng người ta vẫn kháy đểu em . Nói em khoing đẹp băngd họ:(( em siêu tự ti về ngoại hình em luon😢",0,human_gold_round5,3,round5,normal
khi bạn quá mệt mỏi hài cười lật mồm,0,human_gold_round5,3,round5,normal
dạ thưa chua lúc này đây con đang khó khăn vì vật chất không biết phải làm sao đây chúa giesu con tin thác vào lòng thuog xót của chua xin thương xót con con xin ta on chua amen,0,human_gold_round5,3,round5,normal
Sự mệt mỏ chán nả không còn là gì nữa khi ta cố gắng hết sức vì nó từ giờ hãy bắt đầu ôn thi đii 2k11 oii 📘chúc các bạn và mình cùng đậu vào ngôi trường mà mình mong uoc 🍀🍀,0,human_gold_round5,3,round5,normal
Tui ko thể cười với ai nữa r 😶,1,human_gold_round5,3,round5,depression
Tôi cũng bị rồi có ảnh hưởng đến con không,0,human_gold_round5,3,round5,normal
Thông đừng suy nghĩ => hết suy nghĩ nhiều 👍,0,human_gold_round5,3,round5,normal
"Không vì gì cả , sống rồi chết ,vô nghĩa với niềm tin có có ,không không",0,human_gold_round5,3,round5,normal
"mỗi lúc nhìn mình trong ảnh mà người khác chụp, cảm thấy mk xấu kh thể tả đc, thực sự ấy, mk rất sốc mà mặc cảm . Mình đang cố gắng yêu bản thân mình hơn",0,human_gold_round5,3,round5,normal
"Chỉ riêng ở độ tuổi ngoài 30 như mình, không gì quý giá bằng sức khỏe thể chất và tinh thần. Dù làm bất cứ việc gì, mục tiêu lớn đến đâu, nếu thiếu hai yếu tố này thì mọi thứ cũng trở nên khó khăn. Từ khi quyết định xây dựng nền tảng sức khỏe thể chất và tinh thần vững chắc, mình đã cho phép bản thân sắp xếp thời gian biểu với những hoạt động cần thiết và nghiêm túc thực hiện. Mình cố gắng lấp đầy những khoảng trống cô đơn, nên nhiều lúc chẳng còn thời gian để bận tâm đến việc ""bị tụt lại phía sau"". Dù có nghĩ đến, mình cũng dễ dàng vượt qua. Mình rất thích những video chia sẻ của chủ topic, lập luận chặt chẽ, logic và dễ hiểu.",0,human_gold_round5,3,round5,normal
"Đôi lúc cũng đừng cố quá nhé , nếu cơ thể bạn thật sự mệt mỏi thì tốt bạn nên nghỉ ngơi nhé , việc giữ cho mình một sức khỏe và tinh thần tốt cũng giúp bạn đạt hiệu quả cao trong học tập đấy ❤❤❤",0,human_gold_round5,3,round5,normal
Đây là vấn đề em gặp phải em nhìn lên quá nhiều và đánh mất bản thân…,0,human_gold_round5,3,round5,normal
Nhiều lúc muốn đến một nơi không có áp lực giống như học tập nhiều lúc chỉ muốn riêng tư cũng không được người lớn bây giờ chẳng hiểu con cái của mình gì cả,0,human_gold_round5,3,round5,normal
Sự vô tâm của gia đình là hủy hoại tương lai của tre,0,human_gold_round5,3,round5,normal
Bs ơi em cứ có ý nghĩ gì thoáng qua trên đầu là ruột lại quặn lại e có thể uống Cerebio không ạ ?,0,human_gold_round5,3,round5,normal
Lúc còn quá bé ko biết những yếu đuối tâm hồn là do đâu. Gần 30 t rồi thì biết rõ tại sao,0,human_gold_round5,3,round5,normal
mik có cảm giác mik sống trên cuộc đời này là 1 lỗi lầm...^-^,1,human_gold_round5,3,round5,depression
Em bị mất ngủ kính niên uống nhiều loại thuốc rồi mà vẫn không thể ngủ được nhờ bs tư vấn giúp,0,human_gold_round5,3,round5,normal
Ai coi cái này là ngủ không uyên thức suốt mất ngủ,0,human_gold_round5,3,round5,normal
Em thương mẹ em lắm mẹ em tuyệt vời mẹ em tốt nhưng cuộc đời lại đối xử với mẹ quá tệ khi em đi làm kiếm đc đủ tiền nuôi và chăm sóc mẹ thì mẹ tuổi đã quá cao rồi thương mẹ ! Mẹ ơi con yêu mẹ lắm ước j mẹ sống thật hạnh phúc và kiếp sau mình gặp lại nhau mẹ nhé con sẽ thương mẹ và yêu mẹ nhìu và mong mẹ sẽ hạnh phúc ko phải trải qua những điều đau khổ như thế này nữa mẹ hạnh phúc mãi mãi mẹ nhé !😊,0,human_gold_round5,3,round5,normal
"Minh yeu mot nguoi ma co ta doi su voi minh qua te..minh di lam dua het tien luong 💯 ,cho co ta de co cuoc song hai nguoi tot hon. Minh voi co ta tu dallas qau miami de co cuoc song tot hon. Luc moi xuong miami minh voi co ta di lam.cong roi trong thoi gian do co ta muon mo tiem.nail .minh luc nao cung behind her 💯. Luc moi mo tiem luc slow luc busy co ta lo lang va minh voi co ta gay lon ...va do thua minh mang bad luck cho co ta va do thua mi b an cap bop . Minh giai thich cho co ta rat mhieu lan..toi sau do minh bi co ta duoi ra nha ..luc do minh khong co tien phai ngu o duong pho...minh that rat nho co ta .khong biet sao quen duoc xin cho y kien thank",0,human_gold_round5,3,round5,normal
"Có ai như tôi không, nằm xuống hoặc để yên cơ thể thì nó giật người... Kiểu bị giật cơ vậy",0,human_gold_round5,3,round5,normal
"Em thấy suy nghĩ của mình nó còn nặng hơn vì em chưa từng hỏi bản thân những câu hỏi trên, em chỉ luôn mặc định tất cả những thứ mình làm đều có thể là sai và sợ trong việc tự đưa ra quyết định cho bản thân. Sau này em hiểu ra được điều này đến từ thời thơ ấu trong cách giáo dục của gia đình cũng như vì sự tự tôn thấp chứ không chỉ vì em là người hướng nội. Em nghĩ là ngoài kia sẽ có rất nhiều bạn giống em vì cách giáo dục của phụ huynh thường thấy là bắt trẻ vâng lời, thường xuyên la mắng khiển trách khi trẻ làm sai, còn làm đúng coi như chuyện hiển nhiên thay vì có thể cỗ vũ động viên trẻ, khiến khi lớn lên trẻ luôn mang theo nỗi sợ và tự ti đó. Nếu làm gì cũng sai thì tốt nhất đừng tự tiện làm gì cả trước khi bị ăn chửi ăn đòn. Gia đình em thì thuộc dạng là đúng sai không quan trọng, tâm trạng vui buồn là lôi ra chửi láng à.",0,human_gold_round5,3,round5,normal
"Ở nhà giãn cách ko dc tiếp xúc ánh sáng , mất ngủ triền miên thầy ơi",0,human_gold_round5,3,round5,normal
Bác ơi con mất ngủ mấy năm rồi có thuốc gì tốt không bác bán cho cháu đi,0,human_gold_round5,3,round5,normal
Vì mẹ áp lực cho con nên phi bị muốn học thôi nên không chơi với bạn học dốt đó,0,human_gold_round5,3,round5,normal
Sáng nay em học quá trời luôn chị . Mà mẹ em suốt ngày bắt em học. Quá trời em mệt quá luôn,0,human_gold_round5,3,round5,normal
"Tự nhiên lắng nghe lời Thầy con đã bật khóc! Con nghĩ về những điều mình đã gặp và cảm thấy thương bản thân mình, nhưng con vẫn chưa có cách nào để thoát khỏi nó...",1,human_gold_round5,3,round5,depression
Từng là người yêu giờ thành người dưng mình hiểu mặc dù sẽ đau nma mình ko kìm nén đc nc mắt mình cũng là con người mà sao ko ai hiểu tôi vậy😊,0,human_gold_round5,3,round5,normal
Hồi nhỏ mình thường hay bị như vậy😭😢🖤🖤,0,human_gold_round5,3,round5,normal
"Thật =))) mới thắc mắc vấn đề này hôm qua thì hôm nay thấy video này. Hôm qua đồng nghiệp rủ đi chơi, ra ngồi mà chỉ muốn về chứ k thiết tha gì ngồi nghe hay tương tác lại, cảm giác chán nản và chỉ muốn về nhà. Xong cảm giác bản thân dạo này lạ lạ, ai ngờ mình đang chán đời ạ 🙄",0,human_gold_round5,3,round5,normal
"E cũng muốn có một người để tựa vào, e gồng không nổi nữa rồi",1,human_gold_round5,3,round5,depression
Nói thật nếu ko có thông tin người đó là kẻ xấu thì tôi vẫn sẽ đẩy vì 5 người vẫn hơn 1 ngươi (Nếu ko có cách nào khác) ( Trừ người thân hoặc người quen) (Dù có thể rất đau đớn với gia đình của họ) Chắc tui bị tâm thần😅😅,0,human_gold_round5,3,round5,normal
"ở đây có 2 burnout 1 là kiệt quệ 2 cháy(DIE,CRY,RISE x3)",0,human_gold_round5,3,round5,normal
Từ hồi mik lên lớp 7 mik chuyển từ BRVT lên Lâm Đồng từ lúc đó mik bị cô lập bị ném rác các kiểu nhờ ko bt bao nhiêu lần gv chủ nhiệm mik can thiệp lũ bắt nạt bảo vệ mik giờ lớp 9 cx đỡ rồi chỉ trêu chút với hơi cô lập chút cx ồn,0,human_gold_round5,3,round5,normal
Ko có gì cũng khổ có cũng khổ chán,0,human_gold_round5,3,round5,normal
"Bây h thì e đã bt tại sao mik lại nản thế và giống như cj nói lịch e quá dày 😭😭 cảm ơn cj mà hiện tại e đang lớp 8 thì vì là lịch cả tuần và thi HS giỏi trung nhưng lại dc điều đi ôn GDCD nên lịch ko trống trừ buổi tối và buổi trưa chỉ có ko đầy 30 phút để nghỉ e mọng rằng cj sẽ cho e thêm lời khuyên xem có nên đi thi GDCD nx ko vì ngày nào cx hơn 5h ms dc về ạ,e nói đây ko phải khoe khoang j và mong cj cho em lời khuyên ạ cảm ơn chị nhiều lắm ❤️",0,human_gold_round5,3,round5,normal
Nghiện lun òi,0,human_gold_round5,3,round5,normal
"Cảm ơn anh =) Video thật sự rất có ích, em gần như lo lắng đến mất ngủ cả tháng nay rồi :'(((((",0,human_gold_round5,3,round5,normal
Bố gor loại bth dán vào tự nứt láo thật chứ,0,human_gold_round5,3,round5,normal
Mik chỉ muốn uống 4 viên thuốc ngủ rồi ko tỉnh lại nữa 😢…,1,human_gold_round5,3,round5,depression
may quá. mik k bị nhưng bn tui bị,0,human_gold_round5,3,round5,normal
Tui là cung bạch dương ai cũng kêu tui dữ như tí ai biết tui hay khóc như tui muốn khóc thì tìm chỗi nào không có bóng người để khóc một mình,0,human_gold_round5,3,round5,normal
Từ vực 3 năm trước: nó vả suýt vỡ mặt!!!,0,human_gold_round5,3,round5,normal
Ngồi khóc hết nc mắt rồi đơ mặt ra :)),0,human_gold_round5,3,round5,normal
"Video ""Cha mẹ nên làm gì khi con rơi vào 'vũng lầy' trầm cảm?"" là một món quà vô giá dành cho các bậc phụ huynh đang loay hoay tìm lối đi giữa bóng tối của căn bệnh tâm lý. Với sự dẫn dắt tinh tế của host Quốc Khánh và những chia sẻ rút gan rút ruột từ PGS.TS Nguyễn Thị Phương Hoa, video không chỉ mang đến kiến thức khoa học mà còn là sự thấu cảm sâu sắc từ trải nghiệm thực tế của một người mẹ đồng hành cùng con suốt 10 năm. Lời ví von về ""đầm lầy"" và ""khẩu pháo"" giúp tôi hình dung rõ nét về sự kiên trì cần có. Video nhấn mạnh rằng bố mẹ phải an ổn mới có thể giúp con an bình, đồng thời khơi gợi động lực tự thân của trẻ. Từng phút của cuộc trò chuyện đều lấp lánh sự hy vọng và tình yêu thương, giúp xóa tan định kiến và tiếp thêm sức mạnh cho các gia đình. Một nội dung vô cùng nhân văn, ý nghĩa và cần thiết trong xã hội hiện đại! 🌟 ❤ 🌿 ✨ 🙏",0,human_gold_round5,3,round5,normal
Cám ơn Hêu rất nhiều. Mình đã tìm tới nhiều cách để trốn chạy khỏi sự cô đơn như lướt mxh vô bờ bến hay tìm những thứ nặng đô khác nữa để quên đi sự cô đơn nhưng rồi mình thấy podcast của Hêu và mình hiểu ra bản thân chỉ đang trốn tránh mà không chấp nhận sự cô đơn ấy. Bản thân trước đó đã từng như vậy nhưng cũng vượt qua được nhưng sao khi gục lần nữa lại k đứng lên được. Biết ơn vì đã coi được video này giúp mình nhận ra k phải vì mình dở hay gì cả là do mình chưa thật sự chấp nhận thôi.,0,human_gold_round5,3,round5,normal
Có những giai đoạn con người cảm thấy trống rỗng đến mức không còn biết mình đang cố gắng vì điều gì. Mọi thứ vẫn diễn ra bình thường bên ngoài… nhưng bên trong lại như mất kết nối với chính cuộc sống.,0,human_gold_round5,3,round5,normal
đau thật cay khóe mắt ...,0,human_gold_round5,3,round5,normal
"1. Tự tin hơn ngày hôm qua 2. Tự tin phải hành động thời gian đúc kết lặp lại 3. Mục đích của tự tin:cụ thể, rõ ràng, hình dung rõ nét Hành động: 1’ Điều mình nói ra có phải điều mình mong muốn trong tương lai hay không? 2’ ngừng so sánh với người khác mà số sánh mình với mình qk, ss mình với phiên bản tương lai. 3’ ở gần những người tự tin: real or sách,nghe khẳng định tích cực 4’ Hơi ấm: ăn gì ấm thân, phơi nắng, vận động gym đi bộ đạp xe 5’ ăn mừng những chiến thắng nhỏ mỗi ngày 5’ 4’",0,human_gold_round5,3,round5,normal
mỉm cười là hành động mà luc nào tớ cũng có thể làm lúc khóc lúc vui ummm dần dần tớ ko thể phân biết đc đâu là lúc tớ cười giả và lúc tớ cười thật,1,human_gold_round5,3,round5,depression
Tôi đang và ở trong tình trạng nv . Tôi kb phải làm sao. Mong ad tư vấn,1,human_gold_round5,3,round5,depression
"Không nên cảm thấy chán nản vì không thể làm một điều to lớn ngay lập tức, mà nên chia nhỏ nó ra hết mức có thể, đến nỗi mình cảm thấy xấu hổ khi không thực hiện nó, cũng như việc muốn tập yoga chỉ cần bắt đầu bằng 1 hơi thở, muốn đọc một cuốn sách chỉ cần bắt đầu bằng 1-2 trang đầu tiên.",0,human_gold_round5,3,round5,normal
"Ngoài lạm dụng chất kích thích thì mình mắc hầu hết các triệu chứng ở trên, đặc biệt là 3 và 8 :(",1,human_gold_round5,3,round5,depression
"đa số những quốc gia trên trước đó họ đã từng là các vùng đất thuộc địa hóa của phương Tây và có vài quốc gia được tách ra khỏi từ các quốc gia Liên Xô cũ và Nam Tư cũ có thể do họ có nền kinh tế,chính trị,chính phủ quản lý yếu kém,đất nước có người dân luôn phải sống trong nỗi lo bất ổn do chiến tranh gây ra và thường xuyên hay bị nội chiến do khác biệt về vấn đề dân tộc và tôn giáo.",0,human_gold_round5,3,round5,normal
Tôi không phản bội chính mình nữa,0,human_gold_round5,3,round5,normal
Em bị quài tới nỗi mà bây giờ ung thư vẫn phải làm😭😭😭😭😭😭😭😭😭😭😭😭😭😭,0,human_gold_round5,3,round5,normal
Thứ 7 tôi mới khóc sông lúc 22h40 rất buồn huhuhu 2:10,0,human_gold_round5,3,round5,normal
Tôi bị mọi người môi biến mất,1,human_gold_round5,3,round5,depression
Mỗi lần con gặp những chuyện không vui con nghe bài giảng này ngay lúc đó tâm con nhẹ nhàng không còn đau khổ nữa.A Di Đà Phật,0,human_gold_round5,3,round5,normal
"Em sợ lám bố mẹ em muốn em phải điểm cao lúc điểm kém ba mẹ la mắn em, em cũng nghĩ tới việc này",1,human_gold_round5,3,round5,depression
trắng đêm cùng kỷ niệm bủa vây hoang tàn ...!,0,human_gold_round5,3,round5,normal
Cảm động thành cảm lạnh,0,human_gold_round5,3,round5,normal
xem đến 3'28 em bấm dừng video để gỡ cài đặt facebook & messenger. Hôm nay em thật sự mệt mỏi về áp lực học tập thi cử; hy vọng là xem hết video năng lượng sẽ trở về với em,0,human_gold_round5,3,round5,normal
"Mình cũng bị,, cố gắng tập thể dục ,, nhưng đêm về Ko ngủ được ,, ngủ vài tiếng là thức.. dù cũng uống thuốc enxiety mỗi đêm",0,human_gold_round5,3,round5,normal
Tôi ko bị vì tôi là giga chad nên ko bị nó đè mắt,0,human_gold_round5,3,round5,normal
Huỷ hoại cuộc đời. Chúng tôi là con người ko phải cỗ máy hạc đến chết,0,human_gold_round5,3,round5,normal
"E cũng giống như anh, cũng sống trong 1 gia đình bình thường nên tư duy của e cũng bình thường cũng ổn định. Nhưng sau khi gia đình có người bị bệnh và cũng vào lúc covid thì lúc này em mới nhận ra mình phải nỗ lực nhiều hơn, quyết liệt hơn và lúc này tư duy của em cũng thay đổi, cũng mở thêm được một vài mối quan hệ và từ đó nhận thấy bản thân còn thiếu sót quá nhiều, có nhiều thứ cần phải học hỏi và khai mở. Bước ngoặt đó như mở ra cho em 1 cánh cửa mới và thật may bản thân vân kiên cường theo đuổi suốt 4 năm vừa qua khi làm việc 13 14 giờ một ngày, vẫn nỗ lực học thêm kĩ năng mới. Nhưng tại lúc này vẫn có 1 chút mông lung vì thấy thế giới kia bao la quá nhưng thời gian thì chỉ có 24h 1 ngày thì làm sao mà có thể ôm hết tất cả. có phải là bản thân quá tham lam. Thôi thì vẫn chúc cho bản thân chân cứng đá mềm kéo dài sự chăm chỉ nỗ lực này 30 40 năm như ba mẹ anh",0,human_gold_round5,3,round5,normal
Quá áp lực vì học tập,0,human_gold_round5,3,round5,normal
"Người thì sống, kẻ tồn tại ? Mỗi mình tôi, giữa ranh giới Chẳng biết phải làm sao nữa....",1,human_gold_round5,3,round5,depression
trời ơi đúng lúc em quằn quại mất ngủ vì lo âu thì chiếc video này như cứu tinh ạ,0,human_gold_round5,3,round5,normal
"Nếu hôm nay bạn mệt mỏi nhiều, hãy nghĩ ngơi một chút, buông bỏ một chút.... để lòng nhẹ hơn, tâm an thì mọi phiền não sẽ vơi đi... Nam Mô A Di Đà Phật.",0,human_gold_round5,3,round5,normal
"Tôi thì có hết. Có khi tôi xem điện thoại xuyên, đêm ngủ ở nhà cả ngày, có khi ko tắm vì mệt thì ko biết vì sao mình mệt và cũng ko thích xuống sân chơi cứ thích ở nhà hoặc ở trong phòng thôi😢",1,human_gold_round5,3,round5,depression
"Mỗi khi bóng tối về, nhắm mắt lại, tất cả đau đớn vì bị phản bội lại hiện rõ ra như mới hôm qua. Cũng cố gắng cho tâm ổn định",0,human_gold_round5,3,round5,normal
"em cảm ơn chị vừng nhiều cực luôn ạ. Năm nay em thi cuối kì II, em thực sự rất tự tin về cả điểm toán lẫn văn anh tại em là lớp phó học tập, học sinh giỏi anh và văn, còn toán cũng bth. nhưng hôm nay ngày 13/5, cô tiếng anh của em đọc điểm và em thực sự, thực sự rất sốc luôn. Toán em chỉ đc 4, văn được 6,75 và anh thì là 1 hsg được cô tin tưởng nhưng chỉ được 7,8. Wow, em không muốn tin vào tai luôn. Tổng điểm của em chỉ được 18,55 và xếp thứ 6 lớp. Cả lớp nhìn em kiểu khó tin, cả crush em được tổng điểm là 21,85 xếp thứ 2 lớp cũng nhìn em giễu cợt nọ kia. Trong khi có cả khối đứa không có quyền chức gì cũng được xếp cao hơn em. Trưa nay về em khóc 1 trận tơi bời và gần như sụp đổ luôn. Lúc đi về mấy đứa xếp cao hơn em cứ đi xe bên cạnh trêu với cười nọ kia, có mấy đứa còn cố tình đâm vào xe em. Nma em điểm thấp nên kh dám chống lại tụi nó. Về nhà em lục cả youtube và tình cờ nhìn thấy vid của chị. Chị truyền động lực cho em rất nhiều ạ, em cảm ơn><",0,human_gold_round5,3,round5,normal
Anh giang cho em hỏi căng thẳng có chịu chứng toát mồ hôi lạnh ko anh,0,human_gold_round5,3,round5,normal
"cuộc sống hiện tại của em không thích hợp để tiếp tục tình yêu cụa em với anh ấy,và em dng lừa dối anh ấy về cuộc sống của em,em sống khc giờ với anh ấy nhưng em chưa sẵn sàng để nói tht tất cả điều đó với anh ,em không muốn làm tổn thương anh ấy",0,human_gold_round5,3,round5,normal
"Cả 2 bên họ nội họ ngoại của mình đều đặt áp lực thi cử lên con cháu . Mình có một người anh họ , anh ấy học rất giỏi , mà chỉ bị có 8,5 điểm Vật Lí mà bị chửi không ra gì. Bản thân mình cũng là một trong những nạn nhân của áp lực thì cử, mình đang viết bình luận này sau một đêm thức trắng ôn thì hk đây ToT",0,human_gold_round5,3,round5,normal
Chị t bị rồi Đúng đúng đúng,0,human_gold_round5,3,round5,normal
Dạy lớp chọn đã khổ mà còn là con ông cháu cha thì chắc áp lực muốn nổ xác 😂,0,human_gold_round5,3,round5,normal
Tự thấy may mắn vì mình mất ngủ cg đc 4 năm rồi nhưng mà mình yêu con mình bằng cả tính mạng. Lúc mình nổi điên lên mình chỉ đập thằng ck chứ chả bao giờ đụng vô con 😂. Nói chung nếu ko có thằng ck thì chả phải chịu khổ vậy cho nên mấy mẹ cứ đè ck ra mà đập thẳng tay cho đỡ stress.,0,human_gold_round5,3,round5,normal
"Mik hồi lớp 5 thi lên cấp 2 lớp 6. Mik dự định thi vào mấy trg chất lượng cao như Nguyễn Tất Thành, Ngoại Ngữ,.. nhưng vì mik chủ quan mà nghĩ là "" thôi, mik học cx giỏi r, ôn lm cái j cho nó mệt nhọc ng ra,... "" Nên là lúc đấy mik thi ko đỗ vào trg nào cả. Lúc mik bt tin là mik ko đỗ vào trg nào cả thì mik cx rất là buồn và hối hận bởi vì mik đã ko tập trung học và bố mẹ cx đăng kí cho mik rất là nhiều lớp học thêm chất lượng cao này kia và ở rất là xa nhà. Mik nhớ láng máng có một lớp học thêm bố mẹ mik đăng kí cho mik học ở tận Cổ Nhuế mà trong khi mik ở Hà Nội. Mà chị mik bảo là tiền học thêm tổng của mik cx phải hơn 40tr gì đấy. Thế là bây h lên cấp hai, mik tập trung vào việc học hơn và đến năm cuối cấp hai mik dồn toàn bộ sức lực ôn thi. Có hôm 2-3h sáng mik còn chx đi ngủ. Nhưng kết quả nhận đc khiến mik vô cùng vui vì mik đã đỗ Amsterdam cấp 3. Lúc bt tin, bố mẹ mik vui lắm. Con cảm ơn bố mẹ vì đã đưa đón con đi học, nuôi con khốn lớn❤❤",0,human_gold_round5,3,round5,normal
Vừa kết thúc mối tình 4 năm sự kết thúc đó k mấy tốt đẹp 😢. Thực sự cảm thấy đau đớn và suy sụp quá Mong rằng mình sẽ sớm vượt qua,0,human_gold_round5,3,round5,normal
"A ta thâm thuý , tàn nhẫn, làm hỏng cả 1 g đình.",0,human_gold_round5,3,round5,normal
"Tôi đã bỏ lỡ nhiều hương vị của tình yêu Khi bạn bè đã lũ lượt lấy vợ lấy chồng con bồng bế trên tay thì tôi vẫn là một thanh niên đang già theo năm tháng Ở cái tuổi 27 thật sự chông chênh về mọi thứ,còn chưa nếm được hỷ nộ ái tình của tình yêu 1 thanh niên già đang ở trong giai đoạn có lẽ là khắc nghiệt nhất khi chưa có gì trong tay -04.10.2018 khó ngủ",0,human_gold_round5,3,round5,normal
"Có một con khỉ trầm cảm ,đã tự cứu lấy mình. khó như leo một ngọn núi vô danh , không biết khỉ có leo được ko , không rõ con đường phía trước sẽ ra sao , cái đỉnh trông thế nào, cứ leo rồi lại vấp ngã , ngã tới khi cần cả cú ngã để trở về . khi ấy đỉnh mới hiện lên , ồ hóa ra là khỉ của lúc này",0,human_gold_round5,3,round5,normal
Buồn quá đi thôi mình chi muốn khóc nhưng ko khóc được,0,human_gold_round5,3,round5,normal
"Không biết sao nghe mà cứ thấy bồn chồn, lo lắng kiểu gì ấy ạ🥲",0,human_gold_round5,3,round5,normal
"Không phải, người đó là người mẹ đơn thân ở Đức. Cô con gái do cãi nhau với mẹ bỏ ra ngoài và bị gã hàng xóm sát hại ,cô bé chỉ mới 7 tuổi. Trước tòa án , hắn trốn tội biện hộ do có giấy chứng nhận tâm thần, hắn còn có tiền án lạm dụng trẻ em , đổ lỗi do cô bé uy hiếp và tống tiền. Sau 7 ngày trước tòa người mẹ đã rút súng bắn 8 viên đạn vào lưng kẻ đã giết con gái mình . Bà bị tòa phán tội ngộ sát , khi ra tù không lâu sau bà mất do ung thư và bà được chôn cất cạnh mộ của con gái mình.😔😔😔😔😔",0,human_gold_round5,3,round5,normal
"Đêm 07/12/2024, những ký ức tươi đẹp về anh nó như dần hiện rõ trong em. Nhớ anh lắm, nhớ người em đã từng yêu thật sự, nhớ những gì ta đã từng hy vọng và dựng xây. Nhưng tất cả đã kết thúc, ngày mà anh xa rời thế giới này, ngày mà anh không còn đau đớn, không còn mệt mỏi vì bệnh tật. Bài hát như chính tâm trạng của em ngay lúc này. Bỗng dưng muốn khóc, bỗng dưng nhớ về anh, bỗng dưng em chợt nhận ra, mình vẫn cô đơn đến tận bây giờ, không ai kề bên. Ở trần thế này, em mong anh có kiếp sống mới bình yên và không còn khổ đau nữa. Mãi nhớ anh da diết không nguôi!",0,human_gold_round5,3,round5,normal
"Năm nay mình chỉ vừa 20 tuổi nhưng mình rất yêu thích giành 1 khoảng thời gian nào đó trong ngày để đi dạo 1 vòng ngắm nhìn thật kỉ mọi cảnh vật xung quanh mình từng con người từng góc phố từng nơi mình từng đi qua, thích ngắm mây, từng cái cây ngọn cỏ, ngắm sao trời thích chụp lại mọi thứ đẹp đẽ mà xuất hiện ngoài thiên nhiên,... nhiều người nhìn vô thì nói mình vô tư thoải mái nhưng đó chỉ đơn giản là những giây phút để mình thanh lọc cơ thể sau khoảng thời gian mệt mỏi cũng là lúc mình quên đi mọi lo âu ngoài kia và tận hưởng từng giây phút từng nhịp thở. Nên nếu các bạn gặp vấn đề về cuộc sống thì nên bình tĩnh giải quyết cái nào rối quá thì gỡ nó ra chứ đừng bỏ cuộc, đừng bao giờ tham gia vào những thú vui vô bổ mà nghĩ mình sẽ lấy được mọi thứ từ người khác nên nhớ đời không ai cho ai thứ gì miễn phí cả tất cả đều phải trả bằng cái giá của nó! và đừng nghĩ chọn cái cht là sẽ giải thoát những gì mình đã gây ra vì cái cht chỉ là cách chốn chạy của kẻ yếu đuối! Đừng bỏ cuộc mạnh mẽ cùng tôi nhé! Chúng ta mạnh mẽ hơn như thế!",0,human_gold_round5,3,round5,normal
"Mẹ chẳng bao giờ lắng nghe mình nói cả, dù chỉ là chuyện nhỏ nhất. Với các em mình thì mẹ lại yêu thương hơn làm cho mình đau lắm. Nhiều khi khóc, thì mình chỉ khóc 1 mình không cho ai biết cả kể đó là người mà mình tin tưởng nhất",1,human_gold_round5,3,round5,depression
ad ơi e có một vấn đề nan giải mà phải nói là cực kì khó giải quyết kiểu như mình muốn bắt chuyện với họ mà họ trông kiểu ko quan tâm và phiền ấy ạ? e ngồi chung bàn vs một bạn bao nhiêu ngày tháng trời mà chả bao h hai đứa nói vs nhau câu nào. nghe kiểu đúng khó tin luôn ấy.kiểu e muốn nói chuyện mà sợ họ phiền vs họ cc ko quan tâm mình ấy ạ. làm s để bắt ch tự nhiên mà cx ko lm ng khó chịu vậy hả ad?,0,human_gold_round5,3,round5,normal
"Em đang rất áp lực về điểm vì lịch học e ko có lên plant cụ thể và nó khiến cho e cảm thấy rất thiếu năng lượng và động lực học ,cấp 3 thật sự phải chăm chỉ và tạo đc thời gian học đúng thì mới hiệu quả , hôm nay e nhận đc điểm của 1 vài môn thì rất sốc và bây g xem đc video này e hứa sẽ học nghiêm túc hơn cảm ơn chị nhìu<333",0,human_gold_round5,3,round5,normal
"Có ai hiểu cái cảm giác chuyển trường sau 4 năm dài đăng đẳng và biết bao kỷ niệm, để rồi cuối cùng đẹp như mơ ấy lại mất đi trong nỗi buồn tuổi của tôi. Tôi sinh sống cùng ông bà ngoại từ nhỏ đến năm lớp 4, mọi thứ rất đẹp cho đến cái ngày định mệnh ấy - cái ngày mà tôi ghét nhất đời mình, ngày tôi mất bà, chuyển trường vì sang ở cùng ba mẹ, lúc đó tôi chỉ nghĩ đơn giản là bạn mới thôi mà, giờ nghe bài này và nghĩ kĩ lại mọi thứ tôi lại chợt nhận ra rằng: quê tôi, mọi người ai cũng dễ mến, đến nơi thành thị thấy bạn bè cứ chảnh thế nào á. Năm lớp 5, tôi về lại thăm lớp cũ của tôi, tôi lại nhận ra 1 thứ đau đớn hơn, đó là những người tôi quý trọng đã quên tôi gần hết - một cái buồn như xát muối vào tim tôi đến tận bây giờ, giờ tôi muốn gặp họ, nói chuyện như những người bạn cũ nhưng sợ trái tim lại đau hơn nữa, tôi nên làm gì đây.",0,human_gold_round5,3,round5,normal
"Em vừa coi video của chị vừa ngồi khóc, em khóc suốt 1 tuần nay rồi",1,human_gold_round5,3,round5,depression
"Em xa ss giờ em hết động lực rồi, câu chuyện của ss đang kể là giống em a ss",0,human_gold_round5,3,round5,normal
"29/03/2026 bế tắc thật sự , không biết phải thoát ra kiểu gì ?",1,human_gold_round5,3,round5,depression
"Nếu bạn thường xuyên bị mất ngủ đêm, mất ngủ kéo dài thì đừng vội tìm hiểu xem mất ngủ uống thuốc gì. 10 mẹo hữu ích sau có thể giúp bạn cải thiện hiệu quả tình trạng mất ngủ thường xuyên gồm: Uống sữa ấm; Giữ phòng ngủ yên tĩnh, sạch sẽ; Ăn đồ ăn nhẹ có tính chất gây buồn ngủ; Đầu tư gối, chăn phù hợp; Không ăn quá muộn vào buổi tối; Không tập thể dục sát giờ đi ngủ; Không để thiết bị điện tử trên giường; Hãy rời khỏi giường; Đi ngủ sớm; Tập yoga…",0,human_gold_round5,3,round5,normal
"Tôi thấy thời nào cũng có nhiều người bị bệnh tâm lý nhưng do thời trước người ta không có đủ kênh thông tin, không có kiến thức, không dám đối mặt với vấn đề của bản thân (nhiều người lớn mắc bệnh kêu đi khám đi mà luôn mồm bảo ""tao có bệnh gì đâu"" hay ""thôi kệ nó""). Còn genZ thì có quá nhiều nguồn thông tin, kiến thức được trang bị từ cấp tạo nhân vật, lo lắng cho sức khoẻ của bản thân vì nhìn thấy nhiều người lớn người già mắc bệnh mà lì không chịu đi chữa nên mới sinh ra cái gọi là ""tỉ lệ genZ trầm cảm ngày càng tăng"". Thật ra thì trầm cảm gì đâu, chỉ do chúng nó khéo tưởng tượng.",0,human_gold_round5,3,round5,normal
Bài hát này giống như tâm trạng của mình rất đau,0,human_gold_round5,3,round5,normal
Cuối kì 1 tôi rất cố gắng hơn giữa kì1 khi thi tôi cũng thấy áp lực hơn một chút chỉ vì gia đình tôi Tôi muốn học hết cấp 1 mình theo đuổi ước mơ của mình,0,human_gold_round5,3,round5,normal
"Một người quá nhạy cảm biết là một điều không tốt , nhưng nó đã ám lên cuộc đời mình rồi , lúc nào cũng nghĩ cho người khác sợ ngừoi khác buồn nhưng thật sự có ai sợ mình tổn thương không",1,human_gold_round5,3,round5,depression
"theo t thì quản lý chặt quá từ đầu là sai,nhưng nó lì mới quản chặt thì lại đúng,rất đúng là đằng khác,vì sao quản chặt?nói dói trốn học,yêu đương quá tuổi,..nên việc ba mẹ mình làm cho mình cx chỉ vì tốt cho mình thôi,họ sống thời khó khăn nghèo nàn,tư tưởng họ có thể bị lạc hậu so với ngày nay,nhưng thử nghĩ sao họ ko bỏ m lúc mới sinh luôn đi?yêu thương nuôi lớn để nó đi chơi,cản quả càng hư,tức ko?",0,human_gold_round5,3,round5,normal
Giờ o đâu cũng là địa ngục nhiều khi chỉ muốn đc ơ phòng 🙂,1,human_gold_round5,3,round5,depression
"Kì thi thứ mà học sinh nào cũng đều căm ghét , căng thẳng , áp lực . có những em bị trượt tốt nghiệp do điểm vài môn yếu 😢",0,human_gold_round5,3,round5,normal
"Tinh cờ thấy vô nghe , hay quá cảm ơn bạn. K biết sao mình luôn bị suy nghĩ tiêu cực. Nhất là về đêm.",0,human_gold_round5,3,round5,normal
Mình 63t sống độc thân 17 năm chồng mất mình nuôi 5 đứa con 2 con trai mình nghe kể mà sợ bà mẹ chồng này,0,human_gold_round5,3,round5,normal
trầm cảm đang rất phổ biến ở giới trẻ luôn. cha mẹ nên quan tâm đến con trẻ hơn nữa,0,human_gold_round5,3,round5,normal
Chị ơi em im lặng 3 ngày rồi chưa có động tĩnh gi,0,human_gold_round5,3,round5,normal
Giống mk thế đc cả bố cả mẹ vô tâm như nhau.,0,human_gold_round5,3,round5,normal
Bác oi sao dùng thuốc nó mập thế ạ .nó tăng kí nhanh làm em stress thêm,0,human_gold_round5,3,round5,normal
Sao khi mình day huyệt bách hội thì mình cảm thấy hơi tức tức đau đau ạ,0,human_gold_round5,3,round5,normal
"3h sáng, mình đang đối mặt với kì thi tuyển sinh vào 10 mình thật sự rất rất mệt, nhiều đêm mình không ngủ được, trằn trọc mãi đến 2h 3h...",0,human_gold_round5,3,round5,normal
trong lúc nhắm mắt t đã vô tình đắp chăn:)),0,human_gold_round5,3,round5,normal
"""kệ , khóc chán rồi tự nín thôi ! "" câu nói mà mẹ lúc nào cũng nói khi tôi khóc 😊",0,human_gold_round5,3,round5,normal
Chào bác con bị khô cuống họng với ngứa cuống họng phải làm sao cho hết ạ,0,human_gold_round5,3,round5,normal
"Bệnh trầm cảm , nguyên nhân là do lượng Glucose trong cơ-thể bị giảm , thiếu , hãy kiểm tra , trước khi an mà lượng Glucose trong máu 6 đến 8 mlm thì đủ , sau khi ăn khoảng 2 tiếng , là 10 đến 12 mlm , khi bạn không đủ thì nên ăn thêm đường vàng , ( đường nguyên chất chưa tẩy trắng ) thiếu hụt Glucose sẽ dẩn đến nhiều bệnh nan y và ung thư , chúc mọi người An -vui ! Thân mến ,",0,human_gold_round5,3,round5,normal
Cũng là buồn đó buồn tới phát khóc mà la là buồn cười 😂😂,0,human_gold_round5,3,round5,normal
"Mãi ko ngủ được, strees với công việc quá. Càng lớn ta càng phải lo nghĩ nhiều hơn về gánh nặng cơm áo gạo tiền.Thật mệt , chúc mn đọc được cmt này luôn mạnh mẽ , và ko bao giờ bỏ cuộc bởi bất cứ lí do nào....",0,human_gold_round5,3,round5,normal
Mắc cười muốn chết mà mà ai cũng không họ sẽ luôn á😂😂😂😂,0,human_gold_round5,3,round5,normal
"thay vì như những đứa trẻ bình thường mà mơ mộng hão huyền thì tôi lại dập tắt những giấc mơ đó, ngày bé t rất thik xem những bộ phim mang tính tri thức và có thể học tập được, không vì lí do gì hết, chỉ đơn giản là tôi mong cầu bản thân giỏi hơn và tôi chỉ có 1 ước mơ, đó chính là giàu. không sai, từ khi lên cấp 2 tôi đã nhận ra giá trị của đồng tiền, thế giới này được vận hành bằng tiền và tôi phải có thật nhiều tiền. nghe có vẻ tôi đang khoác lác nhưng tôi dường như bị trưởng thành sớm và không thể ngây thơ như những người khác, thay vì chơi game để giết thời gian, tôi lại làm bài tập hoặc vui vẻ đọc truyện mà bản thân yêu thích. quay lại vấn đề chính thì tôi biết rằng bản thân phải mạnh mẽ để có thể vươn lên và không bị thứ gì ngăn cản, đó là lí do tôi thường xuyên dập tắt ước mơ hão huyền để quay trở hiện thực và xem lại bản thân là ai.",0,human_gold_round5,3,round5,normal
Chẳng sợ iêu ai.chỉ sợ tổn thương 😢,0,human_gold_round5,3,round5,normal
Tôi không bị khó ngủ Khi vào giấc ngủ tui vẫn biết những việc xung quanh mình nhưng không nhúc nhích được muốn thức nhưng không thức được là vấn đề gì vậy mn,0,human_gold_round5,3,round5,normal
Bac sĩ cho tôi hỏi tôi 45tuoi bị mất ngủ 12nam rồi mà đã diy khám ko ra bệnh có lần toiy đi chụp cộng hưởng từ thì bác sỹ bảo hẹp động mạch 2ben đốt sống cổ như bác sỹ kê đơn thuốc như lại lấy thuốc châm cảm tôi sin bác sỹ tư vấn ạ xin cảm ơn,0,human_gold_round5,3,round5,normal
"Mỗi người đều có khả năng tự chữa lành những vết thương về thể xác, nhưng đôi khi, chúng ta quên đi rằng cũng cần phải chăm sóc và chữa trị những vết thương trong tâm hồn. Nếu để những vết thương ấy tồn tại, chúng không ngừng làm đau đớn và gây khó khăn cho cuộc sống của bạn. Chính vì vậy, việc chữa trị và làm lành mọi vết thương, cả về thể xác lẫn tâm hồn, là điều vô cùng quan trọng để bạn có thể tiến lên mạnh mẽ và hạnh phúc hơn.",0,human_gold_round5,3,round5,normal
Có thuốc nào uống hết lo âu không Hương,0,human_gold_round5,3,round5,normal
"1 mình chịu đựng tất cả Họ đâu biết tôi tổn thương ra sao Họ đâu biết tôi suy nghĩ gì Họ đâu thể nào hiểu ""HỌ KO MUỐN HIỂU"" Cuộc sông là 1 trò chơi mà thượng đế tạo ra để thử thách sức chịu đựng của chúng ta Nhưng sức chịu đựng của tôi có giới hạng",1,human_gold_round5,3,round5,depression
Cố gắng len nào moi người ơi mình cũng hay bị suy nghi nhiều nhưng phai cố gắng,0,human_gold_round5,3,round5,normal
"Đau thật. Mình mới kết thúc 1 mqh 😢. Vì anh thấy đổi so vs lúc thuở đầu nhiều lắm. Chúng mình ko có nhiều thời gian cho nhau, mà anh lại có thời gian dành những mqh khác hơn. Mình đã cố gắng níu kéo nhưng anh nói anh cảm thấy mệt r.",0,human_gold_round5,3,round5,normal
"Mỗi khi buồn tôi chỉ có thể nghe nhạc để cân bằng lại cảm xúc , để âm nhạc an ủi tâm hồn đang bị tổn thương, để có thể suy nghĩ tích cực hơn .",0,human_gold_round5,3,round5,normal
"Anh chẳng thể yêu em ai nữa, vì em vì những ngày xưa .... buồn 😢",0,human_gold_round5,3,round5,normal
đầu đè dô chỗ nao cũng đau là bệnh gì a,0,human_gold_round5,3,round5,normal
"Đây là một câu chuyện của bản thân mình. Mình bị bắt nạt học đường từ năm lớp 2 bởi một bn nữ cùng lớp. Mình đã nói cho GVCN và bố mẹ, thậm chí vào năm lớp 3, khi sự việc đạt đến đỉnh điểm của sự chịu đựng, mẹ mình và PH của bạn thân mình, cũng là nạn nhân của bn nữ đó đã lên trường làm việc thẳng với nhà trường và nhà trường cũng đã mời PH của bn nữ cùng bn đó lên, nhưng theo mình được một bn cùng lớp kể lại là nó đã bịa lại mọi chuyện và khiến mọi người cho rằng sự việc mà nó gây ra không hề nghiêm trọng, cũng như mọi chuyện chỉ dừng lại đc một thời gian ngắn thì lại tiếp diễn. Không những thế, bn nữ đó từng tát một nhỏ bn của mình khiến bn đó xém té cầu thang, may là có mình đỡ lại. Song cũng tiếp tục bị mời PH và bn đó tiếp tục bịa chuyện. Đến năm lớp 5, may sao cô giáo của mình tâm lí hơn chút đã ngăn chặn đc việc này dù vẫn còn một số sự việc như bn đó khiến mình bị dập chân và chảy máu ( hiện vẫn còn sẹo) và khiến năm cuối cấp 1 của mình êm đẹp hơn chút. Khi lên cấp 2, ngựa lại quen đường cũ, nhưng lần này mình đã kiên cường hơn phản lại. Hiện nay mình học lớp 7, và bn nữ đó cũng đã qua Mỹ nên hi vọng rằng mình sẽ kết thúc quãng đời học sinh của mình bằng nụ cười. Cũng như mình muốn gửi tới các bn hiện đang bị bạo lực học đường, rằng hãy mạnh mẽ, kiên cường lên các bạn nhé, và chúc cho quãng đời học sinh của cậu sẽ thật vui và ngập tràn tiếng cười. ^^",0,human_gold_round5,3,round5,normal
Bạn đã vất vả nhiều rồi. Chúng ta cùng cố gắng nhé ạ!❤,0,human_gold_round5,3,round5,normal
Biết ơn vì nghe được những điều này đúng thời điểm tôi phiền muộn và lạc trong mớ hỗn độn trong suy nghĩ của bản thân về những quan điểm nơi làm việc. Tôi cảm nhận được câu chuyện của mình trong đó và dường như cách tốt nhất tôi cần làm lúc này là chăm chỉ không mong cầu được công nhận. Tâm đắc với câu nói đừng gồng mình mà sống càng dùng sức bước đi sẽ càng nặng nề và khó khăn hơn.,0,human_gold_round5,3,round5,normal
"Tôi thi chỉ đc 9,5 thôi cũng bị chửi miển rôi đc 10 thôi tôi cũng không có thưởng🙂😞",0,human_gold_round5,3,round5,normal
"Tôi đã vừa ct , tôi cảm thấy tuyệt vọng , hi vọng sau này nhìn lại sẽ cảm thấy ổn hơn",0,human_gold_round5,3,round5,normal
"E nghĩ thế này mình có cái nhìn tích cực về sự thay đổi ở tương lai nhưng cx sẵn sàng tâm thế nếu tương lai k như mong đợi để mình ko bỡ ngỡ,đau khổ khi đón nhận cả hai mặt tích cực và tiêu cực",0,human_gold_round5,3,round5,normal
Áp lực học tập tập 10 đi,0,human_gold_round5,3,round5,normal
"Bài này gắn liền với 1 mối tình của mình vào năm 2019. Hồi ấy mình nghe bài này và khóc rất nhiều. Thật sự qua rất lâu rồi, mình cũng dần không nhớ đến nữa nhưng chỉ bất chợt nghe thôi nước mắt mình cũng tự rơi một cách vô thức. Nhiều lúc mình sợ bài này 😢",0,human_gold_round5,3,round5,normal
"mình nghĩ mình cô đơn vì mình trốn tránh và đẩy mọi người đi. khi mình cô lập trong phòng mấy ngày, 2 đứa bạn mình đã đến vực mình dậy. mình rất biết ơn những người đã cho mình bước vào đời họ, quan tâm mình chút một, đó là lí do mình vẫn còn trụ lại trên thế giới này. nhưng mình cũng không muốn lây những muộn phiền trong đầu mình cho mn, nên mình cứ giữ trong lòng rồi im lặng..",0,human_gold_round5,3,round5,normal
"Thật sự e đang có một công việc ổn định, cũng là đi làm nhưng không có nền tảng tài chính. Em vẫn luôn hướng mình đến tự do nhưng lại đang tự trói buộc mình trong 1 thế giới trây ỳ, đùn đẩy dù chỉ là công việc nhỏ nhất. Thật sự e đã nhiều lần tự hỏi mình rằng đã sẵn sàng để rời bỏ nơi này chưa hay vẫn tiếp tục cố gắng vì điều gì xa vời, mơ hồ và khó kiểm soát. Cảm ơn a nhé, từ câu chuyện này e hiểu hơn rồi",0,human_gold_round5,3,round5,normal
"Chị ơi, em theo dõi chị khá lâu rồi, em rất thích kênh của chị. Em có đang gặp khó khăn trong con đường lập nghiệp của em, lúc đầu em rất là có hướng đi tinh thần rất OK, em nghỉ mình nên chơi game thoải mái 1 chút thư giãn 1-2h nhưng em lại ham muốn chơi game hơn nữa, đến ngày tới em lại dành cả ngày chơi game rồi ngày hôm sau muốn bắt đầu làm việc em lại thấy trong đầu mình trống rỗng tính bây giờ cũng 2-3 ngày rồi, hiện tại bây giờ trong đầu em vẫn trống rỗng ko biết làm từ đâu, em mong chị giúp đỡ cho em ạ",0,human_gold_round5,3,round5,normal
Chị ơi tuổi già rối số chị sao khổ quá ly hôn đi về nhà mình an cháo rau mà thanh thảnh lương tâm,0,human_gold_round5,3,round5,normal
Con cám ơn thầy rất nhiều khi biết đến thầy ạ. Nhờ thầy mà nội tâm con mạnh mẽ hơn và cố gắng thoát ra căn bệnh trầm cảm này mỗi ngày ạ.,0,human_gold_round5,3,round5,normal
"Em đang chán đời và dạo này cứ nhớ đến chuyện tình cảm cũ dù đã hơn hai năm trôi qua. Bản thân em cũng không muốn em phải như vậy nhưng mà không có cách nào làm em buông bỏ được. Vậy mà hôm qua em nghe Gác lại âu lo lại làm em phấn chấn lại để tiếp tục việc học việc làm 😁. Em thích nhất câu "" ta sẽ ko quay đầu để rồi phải tiếc những chuyện cũ đã qua "". Thật lòng từ đáy lòng em cám ơn Da Lab và chị Miu Lê nhiều lắm.",0,human_gold_round5,3,round5,normal
"Hanoi 22/03/2023 Nghỉ cả ngày và đi khám tổng quát. Hôm nay t đã xin nghỉ để đi khám tổng quát xem tình hình sức khoẻ nnao. Cái đầu t đau quá, t ko thể biết vì sao vậy nên đã đi chụp chiếu các thể loại, đại khái và sốt virus và tiền đình. Tiêu hết 700k mặc dù đã có bảo hiểm gánh 1 phần rùi nhưng t vẫn thấy thật tốn kém, đúng là sức khoẻ là vốn quý nhất. Chiều lên văn phòng tíu tít cùng mấy bé làm cùng. Tối làm gì ý, t cũng k nhớ rõ nữa. Hết ngày",0,human_gold_round5,3,round5,normal
"Chà , mình cũng rơi vào hoàn cảnh như thế này . Bố mình vì muốn mình trở thành một giáo viên dạy đàn nên đã bắt ép mình đi học đàn ở các trung tâm và thậm chí còn mời cô giáo về dạy , trong khi bố mình biết rõ rằng mình không muốn học đàn và không hề thích việc này . Rồi mình không thể chịu nổi nữa nên đã nói ra suy nghĩ của mình , từ đó 2 bố con giận nhau trong suốt 4 tuần",0,human_gold_round5,3,round5,normal
èo vừa học vừa nghe Thuần kể chuyện học vô cực =))))))))) kiểu không khí nó trầm lắng lại cơ thể thì bình tĩnh tập trung kiểu gì íiiii,0,human_gold_round5,3,round5,normal
"""Từ nay tao coi mày là giọt máu thừa"" Đây là câu nói của ngoại mình giành cho mẹ mình cách đây hơn chục năm, mình đã không biết mẹ đã trải qua những ngày tháng đen tối, đau khổ ấy như thế nào, ngoại nói nhưng chưa bao giờ ngoại cảm thấy hối hận về điều đó, ngoại vẫn hết lần này đến lần khác nói mấy lời cay đắng làm tổn thương mẹ mình. Nhưng mà mẹ mình vẫn chăm sóc bà, chưa bao giờ bỏ đi trách nhiệm với ngoại.",0,human_gold_round5,3,round5,normal
Em thấy chị mà khóc luôn quá em cũng đang thất tình 😢,0,human_gold_round5,3,round5,normal
Xem cái này lại buồn tủi cũng v suy từ sáng tới giờ rồi,0,human_gold_round5,3,round5,normal
Ê! Hầu như kao bị hết á Mà.. tao hướng ngoại :),0,human_gold_round5,3,round5,normal
"Giờ mình chẳng muốn nói cũng chẳng muốn cười, cứ lủi thủi 1 mình, thích 1 mình trong phòng😢",1,human_gold_round5,3,round5,depression
Phải trong hoàn cảnh của con ms hiểu dc đừng tạo áp lực cho con,0,human_gold_round5,3,round5,normal
Vậy liệu anh ko nghĩ về sau này à có thể bây h anh còn trẻ ngọn lửa nhiệt huyết tìm tòi và khám phá vẫn còn nhưng sau này về già nguồn thu nhập và theo đuổi những ước chẳng còn trong mộng nc thì sao ạ sự vất vả của cơm áo gạo tiền kì vọng cử gia đình và ..con cái anh nx,0,human_gold_round5,3,round5,normal
điệp khúc bạn làm tôi lung lay không ngồi yên được.,0,human_gold_round5,3,round5,normal
nó có một cái cảm giác hoài niệm,0,human_gold_round5,3,round5,normal
"Cái hành trình quay vào bên trong, những khoảng thời gian dài với cuối tuần hoàn toàn trống rỗng, nhưng giai đoạn thấy mình quá khác biệt, tách rời bản thân khỏi thế giới, những khủng hoảng hiện sinh, những thời điểm hạnh phúc với sự cô đơn và sống chỉ có mình và cuộc đời mình. Hơn 4 năm rồi nhưng chưa thấy đích đến. Vẫn miệt mài trên đường đi, vẫn chiêm nghiệm những điều này.",0,human_gold_round5,3,round5,normal
Nhật bản nơi thấm đẫm nc mắt . Bm à h này bm đag lm gì vậy cn nhớ 🏠 nhà lắm . Nhiều lúc cn muốn ngủ 🛌 một giấc thật dài nhưng nghĩ lại gd nên cn tiếp tục cố gắng 🥹🚶🏻‍♀️,0,human_gold_round5,3,round5,normal
"nay mình hơi buồn , mình sợ mình không xứng đáng với tình yêu của một người mà họ còn chả biết mình thích họ nữa cơ haha nhưng mình buồn là thật , chắc mình nên cố gắng quản lý lại các cảm xúc này 😊",0,human_gold_round5,3,round5,normal
"Tôi không bị áp lực về học tập nhiều vì điểm số trên lớp tạm đc, nhưng tôi vẫn gồng mình cố gắng rất nhiều vì gđ, tôi muốn sau này báo hiếu với những người đã nuôi nấng tôi khôn lớn, luôn động viên tôi cố gắng",0,human_gold_round5,3,round5,normal
"Sáng tác toát ra cảm xúc của thanh niên đang yêu, trầm tư hơi nhiều. Tình yêu kết hợp với cảm xúc thực tại rồi đem vào mấy nốt bằng bằng.",0,human_gold_round5,3,round5,normal
"cha mẹ mình đúng như vậy những gì tiêu cực nhất mà mình nhận được trên tg này đều đến từ chính cha mẹ mình, họ muốn mình hiểu cho khổ cực, cuộc sống của họ nhưng chưa bao giờ họ muốn hiểu cho tâm trạng của mình...thứ mình được dạy nhiều nhất cỡ lẽ là ""CHA MẸ LUÔN ĐÚNG, VÌ HỌ ĐÃ TỪNG Ở ĐỘ TUỔI CỦA MÌNH VÀ BIẾT GÌ TỐT NHẤT CHO MÌNH, BA MẸ CHỈ MUỐN TỐT CHO CON NÊN MỚI LỚN TIẾNG, MỚI ĐÁNH MÌNH NHƯ VẬY"" ... nhiều lúc mình chả hiểu nổi, chả muốn nói thêm gì với họ cả... nhưng mình ko có quyền đó",0,human_gold_round5,3,round5,normal
Mình nghe bài hát này muốn khóc luôn vì nổi lòng đau khổ từ khi 7 tuổi đã k còn thấy mặt cha lẫn mẹ,0,human_gold_round5,3,round5,normal
"Thứ có thể trị khỏi hội chứng này chỉ có nhiều tiền,lúc đó còn chán đời nữa thỳ tui kêu bằng cụ 😂",0,human_gold_round5,3,round5,normal
Tôi hay bị mất ngủ do căng thẳng trong công việc 😥,0,human_gold_round5,3,round5,normal
Em cám ơn chị. Nhờ chị em đã bình tâm lại được. H đây em đang rất mệt mỏi do chính lỗi lầm của mình. Lỗi lầm của em còn đang làm luyên luỵ tới người khác nữa. Cám ơn chị. Chúc chị thật nhiều sức khoẻ ❤,0,human_gold_round5,3,round5,normal
Em cũng đang khóc vì người ấy mà sao tối pua không biết nước mắt em tự rơi tới 4h sáng giờ em càng nhớ người ấy trong lòng 😞😞😞😞,0,human_gold_round5,3,round5,normal
"1 phần rất tuổi thân, rất muốn khóc nhưng vì cái tôi kiên cường của bản thân mà kìm nén lại tất cả.Cuối cùng thì sự tiêu cực vẫn còn đấy nhưng buộc mình phải tự mình tìm mọi cách chuyển hoá sự tiêu cực ấy mà chẳng dám tâm sự cùng ai. Em đang cố gắng lắng nghe, thấu hiểu tất cả mọi người chỉ để mong có 1 ngày sẽ có người xuất hiện trước mặt mình và nói ‘ có anh đây ‘. Cảm ơn A Tun và C Vy rất nhiều vì tập podcast này 🤍.",0,human_gold_round5,3,round5,normal
"Tiếng khóc của một đứa trẻ dần nhỏ lại khi tuổi tác tăng lên, không phải là ko cố gắng kêu cứu mà là đã kêu nhìu lần đến mức ko thể thốt ra đc tiếng nữa",0,human_gold_round5,3,round5,normal
"Tui ko có áp lực học ở trường ,tui chỉ áp lực khi đi học thêm, đặt biệt môn tiếng Anh. Đóng tiền vô rồi học chỉ có mấy buổi, học thì chả biết gì mà lại tốn tiền .",0,human_gold_round5,3,round5,normal
Mình tin rằng đa phần những người sống nội tâm đều mắc cả 3 loaii kiệt sức này. Chỉ có điều ai là người sớm nhận ra và thoát ra được khỏi nó để kiểm soát cuộc sống của mình tốt hơn.,0,human_gold_round5,3,round5,normal
"Tôi không cô đơn, yếu kém, tệ hại, vô giá trị, bạn cũng vậy",0,human_gold_round5,3,round5,normal
Em rất biết ơn khi nghe những gì chị chia sẻ. Em thực sự vẫn chưa trưởng thành và chưa dám đối diện với sự thật là mình chia tay với người ấy mặc dù biết rằng 2 đứa không có tương lai trong mối quan hệ này. Em rất buồn vì mình không đủ tốt để níu giữ người mình thương. Em khóc rất nhiều và không ngừng lại được. Thật tình cờ thì Con Thỏ cũng là biệt danh của người ấy mà em đặt. Hiện tại em rất đau lòng .,0,human_gold_round5,3,round5,normal
"Ngày mình còn bên nhau người ta nói Đông nói Tây Sợ tình mình như lá, một cơn gió qua - lá bay Vô tư em vẫn cứ mỉm cười Trong tim ai lại chứ hai người? Mà chẳng biết người có tình nhân mới Chẳng thể nào lay tỉnh được người giả vờ ngủ say Một đôi tay cứ níu mà người ta thay lòng chẳng hay Hôm qua em nhìn thấy hai người Anh đan tay êm ấm nói cười Mà thực tiếc người kia chẳng là em Đêm dài vì chính tim mình ngàn suy tư ngổn ngang Trắng đêm cùng kỷ niệm của bủa vây hoang tàn Hẹn người ngày tháng sau này gặp ở năm ánh sáng Ở nơi đó em sẽ không còn thở than Cà phê dẫu đắng cũng chẳng bằng tơ vương với anh Dù chua chát ngắt cũng không đành Có lẽ đêm nay cả vũ trụ sẽ cùng em thức trắng Gói vứt đi những nỗi tơ lòng còn giăng",0,human_gold_round5,3,round5,normal
Cảm giác thật lạc lõng và đơn độc😔,1,human_gold_round5,3,round5,depression
Mình bi lo au qua . Lam sao de co the lien lac voi co de duoc tu van . Minh o nuoc ngoai nen k co zalo .,0,human_gold_round5,3,round5,normal
"Nỗi đau của tôi, ko ai thương tui hết, đến nỗi tôi còn phải thua một con chó nữa, 😢😢😢có ai an ủi tôi 1 câu ko😢😢😢",1,human_gold_round5,3,round5,depression
"Cảm ơn căn bệnh trầm cảm đã đến với tôi, nhờ đó mà tôi biết được rằng tinh thần cũng cần chăm sóc, bản thân cần tu tập rèn luyện từng chút một và thấy mình đáng yêu hơn. con cám ơn thầy Minh Niệm và ban biên tập. Chúc Thầy luôn mạnh khỏe, an lạc và chúc cho tất cả những ai đang bị trầm cảm sẽ sớm tìm thấy bình yên, thảnh thơi !",0,human_gold_round5,3,round5,normal
"Dân càng ngày càng bị đàn áp nhưng ko làm gì được, tức quá vì người dân ko có một tấc sắt trong tay, giống như con cá nằm trên thớt",0,human_gold_round5,3,round5,normal
"Tôi nhìn thấy bản thân mình trong những câu chuyện kể trên , nhìn thấy sau những hình ảnh""cô gái"" , ""chàng trai"" trong đó là cái bóng của bản thân mình , nhìn thấy câu chuyện của họ thực chất ẩn sau là bản thân mình ... ""Con gái không thể yêu nhau được, làm gì có thể tồn tại thứ tình yêu bệnh hoạn như thế?"" ""Tao nuôi mày lớn là để mày làm theo những gì tao muốn , chứ không phải để mày chống đối!"" ... Tôi thấy đau không ? Có , có chứ , rất nhiều . Cảm giác như thể bị dìm xuống đáy biển bởi những tác động vô hình mà vô cùng cay đắng , bởi chính những người tôi yêu quý ... Thứ tôi tìm đến là tình yêu , bởi tình yêu ấm áp như sưởi ấm cho sự lạnh lẽo rùng rợn mà đáy biển mang lại . Đáy biển lạnh đến co thắt da thịt ...",1,human_gold_round5,3,round5,depression
Thật sự nỗi sợ không gian hẹp đã cứu sống bạn khỏi trường hợp này,0,human_gold_round5,3,round5,normal
Hát stress thôi..😊,0,human_gold_round5,3,round5,normal
Ba mẹ tui hết thương tôi rồi mỗi lần mất gì mn trong nhà đều đổi thừa tôi 😔😔😔,0,human_gold_round5,3,round5,normal
"Lần đầu tiên mình có biểu hiện là năm 18 tuổi. Trước đây, bố mình đi làm xa nên hình bóng bố trong mình thường thiếu hụt, vô thức trong mình có một mục đích sống là: làm yên lòng bố mẹ và mong gia đình đoàn tụ ấm êm. Vậy là năm lớp 12, mình đổi ngành nghề theo sự định hướng của bố mẹ, xong học hành quên ngày đêm. Thi đại học xong mình cảm thấy hoàn thành xong 1 nửa mục đích sống, thời gian đó nhà mình vào thăm bố, sau 18 năm, gia đình mình đoàn tụ trong 2 tháng, thời gian lâu nhất từ trc đến giờ. Nhưng thời điểm đó, mình vừa hạnh phúc xong lại không tự chủ được khóc tu tu ngay trong bữa cơm. Hưng và trầm cảm đan xen nhau.. sau đấy 1 tgian thì hết. Hóa ra nó ko hết, nó chuyển sang dạng khác, chờ 1 cái gì đó để lật ra 1 năm rưỡi sau đó, mình cảm giác rất thiếu thốn, xong kiếm tìm và mong chờ tình yêu bên ngoài giúp mình. 2 lần chuyện tình cảm không thành khién mình trải qua 2 lần rối loạn lưỡng cực, lần t2 kéo dài khoảng mấy tháng. Hiện tại mình đang trải qua lần t3, vẫn đang tiếp tục. Xong mình đang vin vào mục đích sống duy nhất là mẹ mình. Sống vì mẹ mình đỡ đau lòng, .. mặc dù còn buồn vì rất nhiều chuyện, nhưng mình mong mình sẽ ở lại được lâu hơn. Biết đâu trời lại sáng",1,human_gold_round5,3,round5,depression
Như lời bác sĩ nói thì cháu bị cả 4 loại rối loạn lo âu :((. Cám ơn bác sĩ và MC video rất hay và hữu ích.,0,human_gold_round5,3,round5,normal
"Nếu bạn nghi ngờ mắc chứng rối loạn lo âu, đừng ngần ngại tìm tới sự trợ giúp của chuyên gia nhé. Riêng tại Mỹ đã có tới trên 40 triệu người trưởng thành mắc rối loạn lo âu. Bạn không đơn độc. Chúc bạn an lành <3",0,human_gold_round5,3,round5,normal
Em cảm ơn chị cho em biết chấp nhận tiêu cực là tự bản thân mình đang giúp mình mà không còn trông chờ từ người khác. Em học cách nói chuyện với bản thân mình,0,human_gold_round5,3,round5,normal
Bây giờ học sinh dễ mắc phải trầm cảm lắm. Các bậc phụ huynh nên quan tâm họ hơn,0,human_gold_round5,3,round5,normal
Đối với tôi ko có mẹ thì tôi ko cần sống nữa đâu 😔,1,human_gold_round5,3,round5,depression
"em nghĩ em đang mắc hội chứng này, em không có hứng thú với nhiều hoạt động mình từng thích như chơi game, xem phim,... mỗi ngày ngủ dậy đều không biết phải làm gì, thật sự cảm ơn anh vì làm những video như vậy",0,human_gold_round5,3,round5,normal
"Nghe đến đoạn chị kể là chị nghe bài hát và rồi khóc quá trời ý, tự nhiên em nhớ lại mình của tháng 11 năm ngoái, em cũng đag áp lực vì chưa thể tìm được nơi nào để học thêm môn sinh, cứ nghĩ về việc mình quyết định chọn môn rồi mà chưa học hành gì, nghĩ đến việc mình đang cho không các bạn khác cơ hội vào trường đại học khiến e cảm thấy nặng nề kinh khủng luôn á. Xong trùng hợp là em đã nghe được bài Forest - của c Choi Yuree, bài này thì cũng lâu rồi nhưng vào t11, idol của e -Nam Yejun (Plave) cover bài này, em nghe xong cũng suy lắm luôn ý, kiểu như việc gãi vào đúng chỗ ngứa vậy, em khóc sướt mướt cả tối hôm đấy luôn. Sau đấy thì em cũng tìm hiểu về bài đó (bài đó tiếng Hàn á, nghe lần đầu rõ ràng là không hiểu gì vậy mà em vẫn khóc được:0), đọc dịch và phân tích thì thật sự em tỉnh luôn á, nhân vật trong bài hát đó đã chấp nhận đối mặt và vượt qua. Họ có thể, vậy tại sao mình lại không nhỉ?? Chúc c buổi tối vui vẻ, e cảm ơn video đầy tâm huyết và rất chỉn chu của c ạ, e đã theo dõi chị từ lúc em học lớp 10, đến bây giờ là lớp 12 rồi, những video của chị tạo động lực học cho em rất nhiều luôn á, nếu không xem video của chị thì e có lẽ đã không thể phát triển trong học tập như ngày hôm nay , em vẫn luôn cảm thấy may mắn và biết ơn vì đã biết đến kênh của chị!!",0,human_gold_round5,3,round5,normal
"Mình cảm thấy cô đơn, lạc lõng vô định hướng trông đáng sợ lắm ạ 😴🤕",1,human_gold_round5,3,round5,depression
Nhưng Ko có siêu năng lực ngoại cảm,0,human_gold_round5,3,round5,normal
Mình cũng bị mất ngủ rụng tóc nhiều mong sẽ hết và có giấc ngủ ngon. A di đà phật 😊,0,human_gold_round5,3,round5,normal
"E củng k hiểu sao , giờ e cứ nhìn cái gì củng chán , nhiều khi muốn chửi tục , k hiểu sao lun a , gì củng chán chả hiểu thế nào",1,human_gold_round5,3,round5,depression
"Mình vừa đi thi đội tuyển toán về, hồi lớp 6,7 mình làm luôn trên 13 như k ngờ lên lớp 8 mình chỉ đọc có 8,5 điểm .Mình rất cố gắng rồi, như k ngờ mình k đạt đc kết quả mong muốn, ai cx cao điểm hơn mình, bạn bè coi thường dù k thể hiện ra, những câu dễ mình cx k làm đc . Toán là môn mình từng rất tự hào, bây h mình rất muốn bỏ cuộc lắm r",0,human_gold_round5,3,round5,normal
😂😂😂🤣buồn cười thế anh sầu riêng,0,human_gold_round5,3,round5,normal
"Tháng 7 rồi, nghe lại bài này mình cứ buồn lạc lõng như đã mất thứ gì đó sâu thẳm trong lòng... :((",0,human_gold_round5,3,round5,normal
1 câu chuyện nhất định phải nghe nếu không muốn áp lực mệt mỏi,0,human_gold_round5,3,round5,normal
Mình bị hở 2 răng cửa có cách nào không b😅,0,human_gold_round5,3,round5,normal
"Mình thì lại không uống được cafe, cứ uống cafe vào là say, lo âu...",0,human_gold_round5,3,round5,normal
"Em cảm ơn chị , em cảm thấy bản thân thật thua kém , trc kia em từng rất tự tin nhưng khi lên đại học em đã trở nên tự ti, rụt rè, em tự thu bản thân mình lại 😢. Em hi vọng bản thân em sau khi nghe xong chia sẻ của chị , e sẽ tự tin hơn",0,human_gold_round5,3,round5,normal
ai cũng có nỗi buồn khổ khác nhau,0,human_gold_round5,3,round5,normal
Cơn bão này nó cứ phải gọi là dung chấn năm châu chấn động địa cầu ngầu không thể tả,0,human_gold_round5,3,round5,normal
Bn tui thử r kẹt cứng luôn mà khi đỡ dậy r tê chân lắm,0,human_gold_round5,3,round5,normal
"Mỗi một bài hát của BCTM đều là một câu chuyện mà khi nó cất lên trong lòng tao lại có 1 cảm giác rất lạ, tao bị rung động với tuổi trẻ. Từ SCHDTX 1,2, Anh đã lớn hơn thế nhiều,.... Và bây giờ là Trước khi tuổi trẻ này đóng lối. Ngồi ở đơn vị mà nhớ nhà, nhớ kỉ niệm những chuyện điên khùng đã từng làm với mấy thằng bạn. Thật sự đã cứu vớt tâm hồn tao rất nhiều lần vào những lúc cô đơn hay bế tắc trong cuộc sống này. Cám ơn BCTM rất nhiều. #Shoutout&RespecttoBCTM ❤️ 07/06/2021",0,human_gold_round5,3,round5,normal
"Bạn có thể chơi game ngày đêm có khi kiệt sức mà không burnout tại sao ???? Bởi đó là sở thích đó là đam mê Khi chơi game mà bị burnout bạn nghỉ một hai ngày sau bạn lại cháy tiếp tục, vì đó là đam mê là sở thích. Nếu bạn có một khả năng tự kỷ cực cao biến công việc hàng ngày thành một game thực tế trong cuộc sống, với mục tiêu cụ thể ví dụ như đạt được 300.000 hoặc 500.000 hay 700.000 đồng một ngày . . . .",0,human_gold_round5,3,round5,normal
"Lúc đời mệt mỏi, bí quyết không phải gồng lên mà là buông bớt. Buông tham – sân – chấp, tự nhiên tâm nhẹ. ‘Tâm tĩnh lặng, vạn sự an.’ Cảm ơn video đã nhắc chúng con trở về hơi thở chánh niệm mỗi ngày.",0,human_gold_round5,3,round5,normal
Ma : sợ tao ko sheep : tui ko sợ ma : tao hù m sao m ko sợ tao,0,human_gold_round5,3,round5,normal
Cuộc sống buồn ít hơn vui…,0,human_gold_round5,3,round5,normal
"Mình xin bổ sung thêm cách này nữa, thích hợp mọi lúc mọi nơi đặc biệt khi _không có nhiều thời gian_ (ví dụ chỉ có 5ph trước thi, phỏng vấn, thuyết trình...): *hít thở bằng cơ hoành* Khi stress bạn *vô thức* hít thở bằng cơ lồng ngực, cơ thể làm nhận tín hiệu bạn bị stress và hít vào phổi trước để được nhiều oxy (cách này các nghệ sĩ thổi sáo hay vận động viên bơi lội hay dùng, cụ thể, hít vào đầy phổi, rồi mới hít vào đầy bụng, để lấy được nhiều hơi hơn). Đây là phản ứng bình thường của cơ thể, nên *khi bạn nhận ra mình thở bằng lồng ngực, lưng bị co lại về phía trước, vai bị co lên, thì hãy nhẹ nhàng thở chậm lại, và đưa không khí vào bụng trước* .",0,human_gold_round5,3,round5,normal
"bame tớ...bame tớ luôn áp đặt tớ phải thế này, thế kia. tớ không muốn, bame nói đó là để tốt cho tớ nhưng những lời bame tớ nói ra lại làm tớ nhói lắm,...bame không hiểu tớ nhưng lại bắt tớ hiểu cho họ",1,human_gold_round5,3,round5,depression
ngủ ngon nhé mọi người .. ngày hôm nay chung ta đã mệt mỏi rồi :),0,human_gold_round5,3,round5,normal
Suy giảm trí nhớ trí tuệ nữa,0,human_gold_round5,3,round5,normal
"Mình Trọn vẹn, trung thực và tự do ❤",0,human_gold_round5,3,round5,normal
Khi nhỏ em mong mik lớn thật nhanh để bước ra thế giới ngoài kia còn khi em lớn rồi em đã đi thật xa nhưng em lại muốn quay về khi còn nhỏ vô lo vô nghĩ,0,human_gold_round5,3,round5,normal
Cái cuối tui thấy thấy thấy cảm lạnh,0,human_gold_round5,3,round5,normal
Từng có tất cả giờ thì trắng tay tuổi trung niên không nghề nghiệp. Không biết làm gì nuôi con tuổi ăn tuổi học.,0,human_gold_round5,3,round5,normal
Cho hỏi em 3 ngày này không được ngủ lần nào suy nghĩ hoài mong được giải đáp ak,0,human_gold_round5,3,round5,normal
Có bài giảng của Su Minh Niem điều tri trầm cảm Lá nên ngồi thiền,0,human_gold_round5,3,round5,normal
"Hôm nay bà ngoại mình mất rồi. Ba ngày trước bà trở bệnh nặng hơn, bà liên tục thở một cách khó nhọc. Mẹ mình và mình vội vã gọi cho tất cả con cháu của ngoại để thông báo cho mọi người biết. Dì mình ở cách nhà mình gần 30km đã phải vội bắt taxi về ngay giữa đêm. Đến sáng nay mợ mình và các em mới từ miền nam về đến nơi. Dường như ngoại cảm nhận được con cháu đã tề tựu đầy đủ nên lúc mợ mình bảo mẹ ơi con và các cháu đã về với mẹ đây rồi mắt ngoại mình nhẹ nhấp nháy rồi trút hơi thở cuối cùng. Yên nghỉ nhé ngoại của con, ngoại không còn phải chịu đau đớn vì bệnh tật hành hạ nữa rồi❤❤❤",0,human_gold_round5,3,round5,normal
"Xin gửi đến tác giả bài hát vài lời . Cuộc đời ko phải cái gì cũng mình mong muốn Đừng suy nghĩ tiêu cưc,đừng cố chấp nữa .em mong anh sống thât lac quan yêu đời",0,human_gold_round5,3,round5,normal
"trước giờ tôi chỉ được khen là chăm, tiến bộ nhanh, chứ chưa từng được khen là xuất chúng, hay giỏi cái gì cả. Nói chung là tôi cũng không áp lực lắm vì dù sao tôi cũng chẳng xuất chúng, tôi phải nỗ lực để đạt được cái mình muốn, mất nhiều thời gian, công sức hơn người khác. Tôi cũng khá ghét cái việc thi thố, xếp hạng thủ khoa này kia lắm, cũng gọi là công nhận nhưng cứ bị áp lực kiểu gì ấy, nó lại thành học để thi để nhất chứ không phải học để biết. với cả để người khác vượt mình tôi thấy cũng bình thường, bản chất của thi cử là đứa nào học trọng tâm hơn đứa đấy thắng, nó chỉ chứng minh là đứa kia biết cách thi giỏi hơn mình mà thôi, mà kể cả nó thông minh hơn mình thì cũng tốt mà, mình được hỏi bài, học bài với người giỏi cũng okla",0,human_gold_round5,3,round5,normal
"Thức tỉnh là thời điểm vừa kết thúc một cuộc chiến kéo dài nhiều năm giữa Bản thể và Các Bản ngã. Hầu hết người ta không chỉ có một bản ngã, mà có từ một trở lên và trong đó thường có 1 bản ngã mạnh nhất. Sau cuộc chiến này, Có một số Bản Ngã sẽ bị phá hủy hoặc ít nhất là bị tê liệt và tạm thời bị mất quyền làm chủ tâm trí... Từ lúc này trở đi, Bản thể có cơ hội để xem xét, đánh giá và hiểu rõ hơn cách mà Bản ngã của mình đã từng hoạt động như thế nào, đã từng thao túng mình như thế nào, và đã từng gây ra cho mình những nỗi đau nào... Quá trình thức tỉnh này có thể kéo dài rất nhiều năm và nếu chúng ta không luôn trụ trên bản thể, những bản ngã cũ có thể tái chiếm quyền làm chủ, hoặc chúng ta có thể vô tình tạo ra một bản ngã mới và trao quyền cho nó.",0,human_gold_round5,3,round5,normal
Vì căn bệnh chết tiệt này mà mình đã bỏ lỡ cả cuộc đời,1,human_gold_round5,3,round5,depression
Nhung doe phần này bất ổn thật😅😅😅😂,0,human_gold_round5,3,round5,normal
Còn những kỉ niệm quá khứ . Hằng đêm nó cứ hành hạ bản thân mình m.n ạ có đêm còn thức đến 2.3h sáng .,0,human_gold_round5,3,round5,normal
Khó chịu nhất là nỗ lực không được công nhận😢,0,human_gold_round5,3,round5,normal
"mình nhớ một lần mình tắm vì xả nước khá to mà mẹ gọi mình không nghe thấy, mẹ liền phi đến phòng tắm mở cười mà dùng câu đánh mình, cây ấy vì dùng lực quá mạnh mà gãy, nó đâm xuống da thịt mình nhưng khi đi xuống nhà bố mẹ nhìn thấy cũng chỉ nói : "" m làm gì mà bị đánh ' "" oan không ? "" "" lần sau ngoan đi không lại để mẹ đánh, mệt lắm""",0,human_gold_round5,3,round5,normal
Nge cháu kể mà cô thấy bố mẹ cháu quá bảo thủ và ích kỉ vô lương tâm nữa đứa con gái 17 tuổi bụng mang rạ chửa đuổi con ra khỏi nhà 12 năm sau vẫn không vào thăm con cháu không lo lắng là loại bố mẹ vô lương tâm nhất trên đời may mà 2 mẹ con cháu trời thương mạnh khỏe bình an,0,human_gold_round5,3,round5,normal
"Em cũng vậy, mỗi lần cảm thấy mệt mỏi, chỉ muốn được đi tắm, cảm thấy rất thư giãn, trong khoảng thời gian đó em cũng đặt ra những suy nghĩ. Cảm ơn những lời chia sẻ của chị ❤️❤️",0,human_gold_round5,3,round5,normal
😢 Em trước cũng rất yêu đời ko lo nghĩ cuộc sống. Nhưng từ sau đợt dịch covid và em cũng chính là người bị covid cả ngày chỉ tiếp xúc điên thoại thì bắt đầu suy nghĩ rất nhiều và dễ bị kích động suy nghĩ về từng câu chữ của người khác.em cám ơn anh rất nhiều về video này ❤,0,human_gold_round5,3,round5,normal
"Hôm nay, tôi về sau một buổi trực đầy mệt mỏi, chỉ muốn gặp em, được em xà vào lòng đủ để xua tan đi mệt mỏi. Nhưng cũng chính hôm nay là ngày em biến mất khỏi cuộc sống của tôi, không lời từ biệt. Tôi ngồi cả ngày ngóng trông em quay lại, tai tôi bắt đầu nghe thấy tiếng em, vội ngoảnh lại rồi nhận ra chỉ là một khoảng trống. Với họ có lẽ em không đáng giá, em chỉ là một con mèo tầm thường. Chỉ tầm thường như vậy mà em đã trở thành ánh sáng duy nhất khiến tôi còn động lực bước tiếp. Bây giờ tôi phải đối mặt ra sao.",1,human_gold_round5,3,round5,depression
"Mình có tật hay lo xa,Và Có Sự Cảm Nhận Không Tốt Về Việc Sắp Thực Hiện,Nhưng Khi Thực Hiện Thì Tốt Hơn Như Mong Đợi,Ad Có Cách Nào Giảm Bớt Lo Xa Và Cảm Nhận Xấu Không Ạ việc Này Mình thấy Cũng Bình Thường Nhưng Cứ Mỗi Lần Như Vậy Tim Đập Nhanh Nên Mình Khá Lo",0,human_gold_round5,3,round5,normal
Ngoài kia người thì bị thất tình còn có người thì bị phụ tình còn tôi ở đây thì phụ hồ giờ thì thất nghiệp luôn rồi😭😭😭,0,human_gold_round5,3,round5,normal
"Nhạc của Dalab bao giờ cũng mang lại cảm giác bình yên, có một chút đam mê, nồng nhiệt của tuổi trẻ. Có một chút trầm tư để chiêm nghiệm lại những chặng đường đã qua. Vào những ngày cảm thấy quá mệt mỏi với công việc, với những áp lực của cuộc sống, thì những giai điệu như thế này vang lên, thấy lòng được xoa dịu, được vỗ về, nhẹ nhàng hơn rất nhiều.",0,human_gold_round5,3,round5,normal
Đang buồn lướt ngay video này mik đã khóc rất nhiều 😭😭,0,human_gold_round5,3,round5,normal
Con trót dại yêu phải thắng khốn nạn chốn trách nhiệm dám chơi ko dám nhận bố mẹ sợ tai tiếng thì cho tiền thuê trọ với tiền dinh đẻ chứ sao lại nhẫn tâm đến thế lỡ con nghĩ quẩn thì mất con thế khôi có hỏi bố con đâu ko mà giờ em có biết tên hưng giờ có gặp quả báo gì ko,0,human_gold_round5,3,round5,normal
Từ mẹ cho tới ck luôn đối sự tội tệ với mình chẳng biết dựa vào ai cuộc đời này tệ với mình quá,1,human_gold_round5,3,round5,depression
"Chỉ có người từng bị thì mới hiểu sâu về bệnh này , thầy từng và đã từng .bệnh này chỉ có mình giúp mình dc .muốn vậy tâm phải An .suy nghĩ đơn giản .",0,human_gold_round5,3,round5,normal
""" Không nhất thiết phải trải qua đau khổ để tìm thấy ý nghĩa cuộc sống. Mà chúng ta luôn tìm thấy Ý Nghĩa Cuộc Sống trong bất kỳ hoàn cảnh đau khổ nào""",0,human_gold_round5,3,round5,normal
"😌 Bạn từng cảm thấy mình phải sống theo kỳ vọng người khác, dù bên trong rất mệt mỏi? “Dám Bị Ghét” nhắc rằng: hạnh phúc đến từ việc sống thật – chứ không phải được công nhận. 💬 Nếu bạn không còn sợ bị ghét, điều đầu tiên bạn sẽ làm là gì?",0,human_gold_round5,3,round5,normal
Cuộc đời nhiều biến cố xảy ra quá. Tại sao chứ. Nhưng hãy giữ vững tinh thần lạc quan dù mọi người có quay lưng với ta,0,human_gold_round5,3,round5,normal
"Anh ấy 38t còn tôi 32t.. mỗi ngày đi làm t đều thấy mệt và không muốn gắn bó cv .. mệt nhưng khi hỏi về cv anh thì a không nói a mệt với cv a dù biết cv a khó hơn mình nghĩ... a cố gắng làm việc và cố gắng dành thời gian rảnh thấy mình online là kêu nhớ mình. Mình thấy có ng nhớ mình chờ mình vào buổi tối cap video . A cũng vừa bận rộn cv trên chiếc laptop. Mình thấy mình lười quá lười làm việc lười chăm sóc bản thân và lười yêu anh. Mình ám ảnh câu anh nói "" mình cưới nhau đi"" . Chán không buồn nói luôn Trong tâm mình chỉ muốn có 1 căn nhà và sống 1 mình. Mình k muốn bon chen cs xô bồ nữa muốn dk nghỉ v..vvv Mong anh sẽ chờ e suy nghĩ lại suy nghĩ muốn về vs a ,thương a nhiều",0,human_gold_round5,3,round5,normal
Khủng hoảng một phần tư cuộc đời trong năm qua,0,human_gold_round5,3,round5,normal
"Thầy hướng dẫn hay quá thầy ơi, mẹ em bị mất ngủ hơn 15 năm rồi, uống các loại thuốc ngủ mà vẫn không giải quyết được, người suy nhược ốm yếu lắm. Nhờ ơn thầy hướng dẫn hôm nay em sẽ thực hiện ngay. Cảm ơn thầy nhiều lắm ạ",0,human_gold_round5,3,round5,normal
Một lần e mất niềm tin vạng lần e mất niềm tin về an,0,human_gold_round5,3,round5,normal
"Càng muốn thoát khỏi cô đơn, càng bị cô đơn nuốt chửng",0,human_gold_round5,3,round5,normal
"Cám ơn Thầy rất nhiều ah. Hãy tập an trú trong hiện tại: tách ra khỏi nguồn gây tiêu cực trong cuộc sống: -> ngồi 1 mình ở bất cứ đâu mà có đủ sự riêng tư - 15-30 phút tập cách ly với mọi thứ (k điện thoại,k laptop,k sách vở, k ghi chú, k công việc...) -> đích đến : nếu mình tập nó mỗi ngày thì sau này trời có sập thì mình vẫn có thể tách được bản thân ra mớ tiêu cực đó.",0,human_gold_round5,3,round5,normal
"Nhờ anh , và chính vì nhờ anh em đã tỉnh giấc sau cơn mê của của sự sợ hãi , phập phòng lo sợ . Chính anh đã truyền niềm vui , động lực và không cần phải đặt nặng vấn đề thi cử . Cứ thể hiện hết mình cố gắng hết mình . Giảng đường đại học không bao giờ là một bước đi tuyệt đối . Và em sẽ nhớ mãi những lời anh nói không phải cho kì thi này mà là cho tương lai sau này . Thân tặng anh những lời chúc tốt đẹp nhất . Cố gắng giữ cho mình một sức khỏe tốt để mấy em còn xem video của anh nữa anh nhé . Em yêu anh",0,human_gold_round5,3,round5,normal
buồn lắm anh anh tự chách bản thân mình thôi,0,human_gold_round5,3,round5,normal
Có lẽ ? Tôi đã yêu nhiều hơn tôi tưởng và điều đó cũng làm tôi tổn thương nhiều hơn tôi nghĩ,0,human_gold_round5,3,round5,normal
Con sợ trượt... 😥,0,human_gold_round5,3,round5,normal
Mình sợ khi sắp phải bước vào kì thi vào 10 Mình sợ trượt cấp 3 Nhưng mà sau khi mình nghe được playlish mình đã không còn nỗi sợ nữa mà chỉ còn lại ý chí.,0,human_gold_round5,3,round5,normal
Từng ngày lo lắg người ấy đối vs e thế nào💔,0,human_gold_round5,3,round5,normal
Thu ơi cháu quá khổ tâm mà hoàng bách o có tôi cháu cố gắng yêu thương con tất cả vì chồng co,0,human_gold_round5,3,round5,normal
Không stress ❤,0,human_gold_round5,3,round5,normal
"Mất ngủ do rối loạn hooc môn ,làm thế cũng ko thay đổi đc gì",0,human_gold_round5,3,round5,normal
"mỗi một lần Vì Sao Thế Nhỉ đăng video về chủ đề tui quan tâm là mỗi một lần trái tim của tui đc chữa lành đôi khi ba mình nói mình là ko cố gắng ,ko chịu học bài ...v.v rồi nói hồi đó ba mik học ra sao ,thành tích tốt như thế nào mẹ mình thì bảo mình một câu cố gắng vượt qua .Xong buổi tối ba mik thì làm vc ,mẹ mik thì coi phim ,chỉ có thk em mik là vui nhất thôi, lúc nào ba mik cx nói là mik ko đủ tốt .xong r mik cứ chùm chăn khóc xong sáng mai lại cười nói ik học bth",0,human_gold_round5,3,round5,normal
"Con từ 2021 tới 2022 hiện tại bây giờ con cũng vừa bị tiểu nhân ganh ghét hãm hại con,..con nên làm gì ạ,…",0,human_gold_round5,3,round5,normal
Thầy ơi tại sao đau bao tử lại không có ngủ được . Con cảm ơn Thầy 💖🙏🙏🙏,0,human_gold_round5,3,round5,normal
Vì người đấy đang trầm cảm thì càng phải cứu vớt,0,human_gold_round5,3,round5,normal
em xem được video này trong lúc bản thân đang mệt mỏi và không có động lực gì cả. Cảm ơn chị Vy vì đã giúp em có thể mỉm cười lại với chính mình và sốc lại tinh thần để tiếp tục hành trình mà bản thân đã chọn.,0,human_gold_round5,3,round5,normal
Con cảm ơn cha đã nói những lời rất bổ ích đến cho chúng còn vượt qua cuộc sống làm con lo sợ thiếu tự tin,0,human_gold_round5,3,round5,normal
Ôi zt ai gọi là thất bại 🙃,0,human_gold_round5,3,round5,normal
"Thưa bạn, giữa dòng đời mỏi mệt, có những lúc ta không cần thêm lời khuyên, chỉ cần một khoảng lặng để thở và buông. Nghe lời Phật dạy lúc này không phải để trốn đời, mà để trở về với chính mình. Buông bớt một niệm lo, tâm liền nhẹ; tâm nhẹ rồi, đường đời tự khắc bớt gập ghềnh. Ai đang mệt, xin dừng lại vài phút nơi đây… bình an không ở đâu xa, nó đang chờ bạn ngay trong hơi thở này. 🙏",0,human_gold_round5,3,round5,normal
Mình luôn cảm giác như mình đang lạc trong thế giới đông đúc vậy😢😢,1,human_gold_round5,3,round5,depression
"Ôi nó đỡ thật, vừa bật lên chừng 30s cơn đau bụng của mình giảm hẳn, trc đó đau đến độ chân run không vững được cơ",0,human_gold_round5,3,round5,normal
"Đọc xong tiêu đề làm em nghĩ đến hồi cấp 3. Cấp 3 của hầu hết mỗi người đều là tuổi thanh xuân đẹp nhất với em thì nó chỉ đẹp khi học lớp 10 kì 1, lúc mà dịch bệnh bùng phát và học sinh phải học Online. Bắt đầu vào kì ll lớp 10, mọi thứ rất bình thường khi em bắt đầu cảm thấy mình bị cô lập khỏi tập thể lớp. Khi bắt đầu vào lớp 11 mọi thứ càng rõ ràng hơn, em thấy dù có hòa đồng ra sao thì thành viên lớp cũng ngó lơ, kể cả khi em không hiểu và hỏi bài các bạn bảo không biết nhưng lại đi giảng cho bạn khác. Từ đó em tự cô lập mình khỏi lớp, những sự kiện liên hoan của lớp cũng miễn cưỡng đi theo rồi ngồi một góc một mình, lên lớp cũng chỉ ngồi lướt đt không trò chuyện với ai, đến giờ học thì học, đến giờ về thì về, chia sẻ với người nhà thì cũng chẳng nhận đc sự an ủi. Trong khoảng thời gian từ lớp 11-12 em cũng vô tình nghe được những lời nói xấu. Không xinh đẹp, học chẳng ra gì, vậy thì sẽ có ai chơi cùng chứ .... Em bị bệnh bẩm sinh (cụ thể là u xơ thần kinh loại 1) thuộc khuyết tật nhẹ nên được tuyển thẳng vào trường cấp 3, học phí cũng được hoàn lại 1 phần, có lẽ cũng vì vậy mà các bạn cùng lớp cũng ghét bỏ. Lên lớp mà cứ như vậy cũng chẳng có hứng thú học hành, từ đấy học hành kém hẳn đi, em từng nghĩ...có lẽ biến mất sẽ tốt hơn, nếu biến mất thì có ai nhớ đến mình không? Thậm chí còn mong mình chưa từng tồn tại, vậy sẽ tốt hơn.... Đỉnh điểm là khi cuối lớp 12, khi cả lớp mặc đồng phục Thái và cb chụp ảnh kỉ yếu, em nghĩ rằng cả lớp sẽ cùng chụp ảnh như buổi sáng nhưng em đã chỉ muốn về nhà khi anh chụp ảnh nói rằng ""chia nhóm ra chụp nhé"" và cả lớp đồng ý. Em thừa biết chẳng có nhóm nào cho em vào chụp cùng. Em đi theo một nhóm lớn rồi một bạn bảo là nhóm này đông rồi, cậu vào nhóm khác đi, em miễn cưỡng đi theo một nhóm nhỏ khác và nhận thấy rõ sự khó chịu của các bạn...lúc ấy thì em thực sự muốn khóc những rồi cũng kiềm lại.... Nhưng giờ thì ổn rồi, lên đại học, cũng thân với vài bạn, có bạn cũng nói rằng mấy nốt như vết bớt trên người do bệnh bẩm sinh là sự khác biệt khá hay.❤❤",0,human_gold_round5,3,round5,normal
Chị Ngân bất lực luôn=)),0,human_gold_round5,3,round5,normal
"niềm tin đa phần của dân chúng kiểu khổ cực, bi ai, khổ lụy, lối nghĩ, lối nói thường 0 sáng suốt, thích vòng lặp quay đi quay lại, ít chịu thoát suy nghĩ ra hướng mới, thích truyền miềng bầy đàn cho nhau những lối mòn cũ mềm, do đó nó sẽ ảnh sự tiến triển chậm trễ đến sự đổi mới liên tục của môi trường nước nhà",0,human_gold_round5,3,round5,normal
Đoạn cuối nó cứ sao sao và bất ổn,0,human_gold_round5,3,round5,normal
"Giống cháu thật ngày xưa Hồn nhiên vui vẻ tụ tập bạn bè chơi , đùng 1 ngày đi chơi xuýt gặp tay nạng lúc đó cháu và bạn cháu đi rất chậm và không bị va chạm bạn cháu thì ko sợ nhưng cháu thì khác ngày mai thức dậy tim đập nhanh sợ hãy , mỗi ngày thức dậy trong suy nghĩ đầu tiên đã hết sợ chưa😌😌",0,human_gold_round5,3,round5,normal
"chỉ còn 23 ngày nữa là em bước vào kì thi hsg tỉnh rồi, thực sự em cảm thấy rất lo lắng, em sợ bản thân không làm được, em cố gắng hết sức nhưng điểm thi không cao, em thất vọng lắm. Mỗi lần nghĩ đến bố mẹ cố gắng vì em mà nước mắt cứ trực trào. Em mong những kết quả tốt đẹp nhất sẽ đến với bản thân🍀",0,human_gold_round5,3,round5,normal
Em có đủ mọi thứ như vậy Thật sự không chịu nổi nữa 😔,1,human_gold_round5,3,round5,depression
"10h30 đêm ngồi nghe podcast của chị, thật sự em cảm thấy được truyền động lực để ngày càng cố gắng hơn nữa á. Đôi lúc em bị ảnh hưởng từ ngoại cảnh và dần đổ lỗi cho mọi biến cố xảy ra với mình là do lỗi của người khác, nhưng chính ra em mới là người quyết định xem mình nên có thái độ xử lý vấn đề thế nào. Em đọng lại được câu nói đại loại là khi gặp vấn đề khó thì mới kích thích ta thay đổi tích cực hơn được ạ.",0,human_gold_round5,3,round5,normal
tớ khó thở quá 😢,0,human_gold_round5,3,round5,normal
mình cũng stress mà coi xong thấy nhẹ người hẳn,0,human_gold_round5,3,round5,normal
"Đúng , tôi có ước mơ . Làm 1 cầu thủ bóng rổ , tôi chơi giỏi đấy chứ . Nhưng bố mẹ thì bắt là tôi phải làm bác sĩ , không làm tao bỏ mày . Tôi lúc đó chỉ mới lớp 6 , mà đã chịu ảnh hưởng nặng nề vì tôi phải làm bác sĩ . Chuyện đó bây giờ vẫn còn , mới cách đó 3 tháng thôi . Có người từng nói : ""Một người ko được mất đi 2 thứ là niềm tin và ước mơ"" . Tôi có niềm tin là tôi sẽ thực hiện ước mơ là cầu thủ bóng rổ của mình , nhưng sau khi nghe ba mẹ mắng , niềm tin đã vỡ vụng còn ước mơ thì mịt mù . Stress lắm! Buồn nữa!",1,human_gold_round5,3,round5,depression
Mệt mỏi quá lắm rồi 😓😓😓,1,human_gold_round5,3,round5,depression
Ai mà hiểu được cảm giác đau đớn này 😢😢,1,human_gold_round5,3,round5,depression
Tôi biết vì sao người điếc 1 bên tai không thể thẩm được rồi😮😮😮,0,human_gold_round5,3,round5,normal
"áp lực từ gia đình thôi, như nhà tôi thì thi cử bình thường lắm, nhưng tôi thi cũng ko đc cao lắm =))",0,human_gold_round5,3,round5,normal
"Tôi hiện là 1 sv ""dở"", nhưng cấp 1, cấp 2 tôi là học sinh đứng đầu ,cứ tưởng sự huy hoàng ấy kéo dài mãi cho đến năm cấp 3 tôi bắt đầu sa sút nhưng vẫn có cố gắng ""lai rai"", nhờ may mắn nên cũng đỗ đh và hiện tại tình trạng học tập giống như là là đã dưới núi luôn rồi, hoàn cảnh gia đình ngày càng đi lên từ cấp 1 cấp 2 cấp 3 đh nhưng lại tỉ lệ nghịch với sự cố gắng và kq học tập, tôi hiện đang cố gắng để tìm lại chính mình. Tôi đang cố gắng Bạn cũng vậy nha Dù ở trong không gian thời gian khác nhau nhưng khi bạn đọc những dòng này thì tôi đang bên bạn Fighting!! Hẹn gặp nhau trên đỉnh vinh quang!!",0,human_gold_round5,3,round5,normal
": Sao lại sinh ra cái bệnh này nhỉ, khổ thật, đang bị 2 năm rồi , đang cố gắng vượt qua",0,human_gold_round5,3,round5,normal
Mình có sử dụng rồi hơn 1 năm rồi giờ mới bị lại ngủ ko sâu được,0,human_gold_round5,3,round5,normal
"Tôi khá là thích. Nó giải tất cả sự nặng nhọc, mệt mỏi trong cuộc sống ❤❤",0,human_gold_round5,3,round5,normal
thất bại là mẹ đập con,0,human_gold_round5,3,round5,normal
😅😅😅😅😅😅😅❤❤❤❤❤❤ thương cháu quá cháu khổ cùng cực cô cũng quá khổ nhưng mà cũng không đến nỗi như vậy cháu cố gắng giữ sức khỏe và vươn lên đi nơi khác mà sống không cần sống ở cái làng quê nữa mọi người ác lắm chả thương con người bị khổ như vậy chả giúp thì thôi cháu cố gắng lên nhé mong cháu hạnh phúc may mắn trong cuộc sống làm lại cuộc đời thật tươi mới a di đà phật,0,human_gold_round5,3,round5,normal
"một bài hát ,một kỷ niệm ... ngu lắm ,tôi hồi ấy kô hỉu đc ý e .bởi vì có 1 bức tường vô hình ngăn cản tôi đến với e ,chớ trêu thay ... tôi làm e khổ thật nhìu ,thân tâm tôi thật ích kỷ và tham lam .gửi cho tôi bài hát này ..,có lẽ .... bẻ sim thay số tôi sẽ bớt làm phiền e hơn ,ngày tôi nhận ra là đã quá muộn ... thân tâm tôi vẫn kô qên được e ,tôi vẫn dùng số ấy mong 1 ngày có số lạ gọi cho tôi là e ,vì tôi vẫn chờ .....1 ngày lại đc nge tiếng e nói bên tai tôi ,là e ... e vẫn ổn .mong vậy thôi",0,human_gold_round5,3,round5,normal
"Chị nhận thấy Nhi có nhiều thay đổi đáng kể về hình tướng. Tâm thái bình an, trưởng thành, trầm tĩnh, an yên rất nhiều. Chúc mừng em!",0,human_gold_round5,3,round5,normal
thầy ơi xin hãy giúp cho con cũng như những tâm hồn tổn thương ngoài kia được chữa lành. Con luôn chờ 1 đôi tay nào đấy cứu vớt ra khỏi vực thẳm này. Thực sự chỉ có người bị tổn thương mới biết nổi đau kia lớn như nào,1,human_gold_round5,3,round5,depression
"Khi tâm chịu dừng lại, nỗi mỏi mệt sẽ bớt sắc cạnh; khi biết quay về, đau buồn cũng dần có chỗ lắng xuống. Mong bạn đủ hiền với chính mình, buông bớt những điều không thể gánh, để an yên từng chút quay trở lại từ tận đáy tâm can. Nam Mô A Di Đà Phật 🙏",0,human_gold_round5,3,round5,normal
"3/10😊😊😊😊 ổn ổn 1.ko hứng thú với sở thích 2.lúc ghét, lúc thương 3.thèm ăn bất thường",0,human_gold_round5,3,round5,normal
bọn mình sợ thất bại nhưng bố mẹ đã cho chúng ta cơ hội hết lần này đến lần khác,0,human_gold_round5,3,round5,normal
em bị và em đang cố thay đổi :<,0,human_gold_round5,3,round5,normal
Thật ra thì lúc mình học ở trường cũ mình không có ai ghét mình cả nhưng mình hay bị cô đơn vì ít người thân thiện với mình những vì đi lại quá vất vả bố mẹ đã chuyển trường và cho mình học ở một trường mới và trường đó có rất nhiều người bạn và từ đó mình không bao giờ quên lớp nữa mà mình chơi thôi😊😊,0,human_gold_round5,3,round5,normal
"Mấy ngày trước có một cuộc cãi nhau với gia đình, khi bình tĩnh lại thì cảm thấy thật sai trái, họ gây ra tổn thương cho mình, nhưng hỡi ơi, đến cuối cùng thì cũng tự nhận ra những tổn thương đó nếu mình ko tự chữa lành cho mình thì ai chữa đây. Họ cũng đã già rồi, chấp nhất họ làm chi nữa, đến cuối cùng cũng phải tự mình vực dậy chính mình. Này đứa nhóc của tôi ơi, cố lên, 2 đứa mình cùng cố gắng lên, tích cực hơn nào, cứ bình tĩnh thôi, tương lai tươi sáng đang ở phía trước. Hãy tự học cách lắng nghe, suy nghĩ, sống chậm lại nhé, cuộc đời còn nhiều điều tươi đẹp mà, cố lên",0,human_gold_round5,3,round5,normal
"Mình bị mất ngủ hơn năm rồi, đã dùng thuốc bác sĩ kê đơn nhưng vẫn không khắc phục.",0,human_gold_round5,3,round5,normal
Stress nhẹ nhs❤😂😂😂😅😅,0,human_gold_round5,3,round5,normal
"Nỗi đau luôn tìm ẩn từ bên trong, đi sâu vào nó, đó năng lực tỉnh thức.",0,human_gold_round5,3,round5,normal
Vạn vật tùy duyên mấy chục năm si nghĩ lo lắng đủ điều cuối cùng rồi cũng quay lại như cũ.cho nên hiện tại tui cứ để mọi việc tùy duyên số của bản thân mình.phước ai nấy hưởng nghiệp của ai nấy gánh,0,human_gold_round5,3,round5,normal
Cái lo khi đậu lấy tiền đâu mà học tiếp .học xong ko có việc làm .tôi từng bán 2 miếng đất cho con đi học. Bây giờ đất lên cao học xong con tôi thất nghiệp mất chì lần chài .,0,human_gold_round5,3,round5,normal
tôi từ một đứa con luôn thích khi quây quần bên gia đình cùng ăn bữa cơm những từ khi tôi bị điểm 8 thì bố mẹ không những an ủi thì tôi cũng cảm thấy vui nhưng khi biết bố mẹ nói j thì tôi đã coi bữa cơm là lúc bố mẹ anh chị không còn là của tôi mà là ác quỷ,1,human_gold_round5,3,round5,depression
Tự do lam gi minh thich la mong mỏi lớn nhat,0,human_gold_round5,3,round5,normal
Ba mẹ kiểu vậy á áp lực bik bao nhiu mà nói,0,human_gold_round5,3,round5,normal
"Con lạy Phật, tâm con cảm thấy nhẹ dần với những gì đã qua rồi 🥰🥰 con sẽ ko để con rơi vào vòng luân hồi của Tham Sân Si nữa",0,human_gold_round5,3,round5,normal
Lòng con đau như như cắt Mong là một ngày nào đó sẽ ổn,1,human_gold_round5,3,round5,depression
"vừa nghe nhạc vừa nằm khóc. Cơn sốt làm mình mệt mỏi, mặc dù có các bạn vẫn luôn sẵn sàng lắng nghe mình tâm sự nhưng càng tâm sự, càng được quan tâm mình lại càng buồn. Chả hiểu sao nữa..",1,human_gold_round5,3,round5,depression
"Cám ơn chia sẻ của em. Anh khá đồng cảm với những gì em nói. Tha thứ cho bản thân là một việc cần làm trong quá trình trưởng thành. Lúc trước anh cũng dễ rơi vào trạng thái khó chịu khi bản thân mình mắc lỗi, phán xét với chính bản thân mình. Điều đúng cần làm hơn có lẽ là kiên nhẫn và bao dung với chính mình, đôi thì là phải chấp nhận nữa. Không kháng cự và chấp nhận sai lầm như một lẽ tự nhiên, chấp nhận có một lý do nào đó làm điều này xảy ra cho phép anh nhẹ nhàng hơn, rõ ràng hơn. Dành thời gian tĩnh lặng để suy ngẫm cũng là cách hay để thấu hiểu nội tâm.",0,human_gold_round5,3,round5,normal
đang rất buồn,0,human_gold_round5,3,round5,normal
Thần kinh k ổn định hả anh zai,0,human_gold_round5,3,round5,normal
"Vô thường, cạn cả nước mắt, thương, lần cuối, khóc một mình, từng là tất cả ❤❤",0,human_gold_round5,3,round5,normal
"Chắc mình cũng bị bệnh này quá ! Bao vây mình toàn là một nhóm người ích kỷ ! Mình chỉ muốn cách li và cấm hẳn bọn này đến nhà mà chưa được ! Trong đám đông dòng họ luôn ẩn nấp bọn này ! Giờ cách li hoàn toàn thì ko được , nhìn là muốn đấm và cách li vĩnh viễn bọn này ! Đau đầu với những thứ vớ vẩn !",0,human_gold_round5,3,round5,normal
"đđúng vậy , sau khi tôi đạt được mục tiêu của mình tôi bắt đầu trở nên thả lỏng và ăn chơi , nhớ những ngày tháng bản thân học đến 2h sáng và dạy từ 4h sáng để tiếp tục học duy trì nó trong cả 1 năm trời thật đẹp bt bao còn bản thân tôi bây giờ lại là 1 kẻ loser trì hoãn và lười bbiếng đến mức chán nản và nhờ anh bạn mà tôi tìm lại đc chính mình đấy",0,human_gold_round5,3,round5,normal
"Ai cũng phải trải qua giai đoạn khủng hoảng trong cuộc đời, mong tất cả chúng ta đều có thể đi tiếp trên con đường này 🙆‍♀️",0,human_gold_round5,3,round5,normal
Đau là khi ta vấp ngã nhưng còn đau hơn khi ta trải qua nó một mik❤,0,human_gold_round5,3,round5,normal
Con ko có ai thương con con ngoan ai cũng ghét con 😭😭,1,human_gold_round5,3,round5,depression
Trời ơi Đây đúng là video dành cho mình !!! Cả ngày hôm qua cảm thấy chán chường và mất động lực không còn năng lượng để làm gì :(( cảm ơn Giang nhiều nhé !!! Mình sẽ tìm lại được động lực sớm thôiiiii,0,human_gold_round5,3,round5,normal
Hiện tại mk đang bị . Rất mong moin người giúp mình vượt qua,1,human_gold_round5,3,round5,depression
Con là học sinh mà cũng bị bệnh Trầm Cảm 😢😢😢,1,human_gold_round5,3,round5,depression
Rối loạn lo âu xã hội... Nghe ko chệch tý nào luôn :v,0,human_gold_round5,3,round5,normal
Cách để chữa lành nỗi đau chính là phải tập cách để đối mặt với những cảm xúc tiêu cực của mình chứ không phải là cứ đè nén nó xuống,0,human_gold_round5,3,round5,normal
"Những lúc ngồi vào bàn học, lật sách ra rồi, đọc 1-2 chữ rồi, tắt nguồn đt luôn, mà đầu óc cứ quay cuồng r lăn ra ngủ lúc nào ko hay dù đã ngủ đủ 7 tiếng, ví dụ trưa học để chuẩn bị cho ngày mai thì gật lên gật xuống và ngủ luôn dù đêm trc đã ngủ 7 tiếng hoặc hơn một tí rồi. Mình nghĩ rằng do cái cơ chế tiết kiệm năng lượng, mà mình cố chấp quá nên não cho sập nguồn luôn 😢",0,human_gold_round5,3,round5,normal
Áp lực quá sắp thi cuối kỳ rồi tôi sợ nếu không có điểm cao thì ba mẹ sẽ thất vọng lắm 😌😓😞😞😞😟😟😟☹️☹️☹️,0,human_gold_round5,3,round5,normal
"ôi anh ơi, tháng 9 vừa quá nó quá kinh khủng với em khi em quay trở lại đại học và em chưa bắt kịp nhịp học của năm 3. Em cứ liên tục mất động lực. Không biết bắt đầu từ đâu, như thế nào mới tốt :( rồi 1 ngày trôi qua không chút năng suất nào. Cảm ơn podcast của anh nhiều, lan tỏa chút năng lượng cho em. Hi vọng em cũng sẽ sớm vực dậy. Cảm ơn anh và chúc anh sức khỏe ạ!",0,human_gold_round5,3,round5,normal
Dù sắp kt nma mệt quá 0 học nổi môn cần học;-;,0,human_gold_round5,3,round5,normal
ngừng so sánh sẽ dẫn đến sự tự tin ❤,0,human_gold_round5,3,round5,normal
"Nhung nguoi bi trao nguoc da day la so bi stress la. Vi no lam anh huong sk, va dan den de bi dau bao tu do acid tiet ra lien tuc. Cac ban tre ngay nay hay bi lam. Can phai can bang giua cong viec va nghi ngoi. Cung nhu kiem soat cam xuc tot de tranh bi stress khi bi ap luc de nang.",0,human_gold_round5,3,round5,normal
Mệt mỏi quá ko bt có bố mẹ nào lướt thấy video ko,0,human_gold_round5,3,round5,normal
"Mình nghe cậu nói, lúc nào cũng như sắp khóc, cậu có ổn không vậy??",0,human_gold_round5,3,round5,normal
tâm trạng mình lúc này không khác gì bài hát này 😔😔😔,0,human_gold_round5,3,round5,normal
"Nhất thiết duy tâm tạo – tất cả do tâm mình tạo nên. Chỉ khi bạn tin vào khả năng thay đổi của chính mình, cuộc sống mới thật sự bắt đầu thay đổi.",0,human_gold_round5,3,round5,normal
"Cảm ơn chị nhiều nhé ❤ Bản thân em cũng khá tự ti vì em bị khuyết tật =)) và em cũng là một người rất quan tâm đến ánh mắt của người khác, kiểu mấy bạn đồng trang lứa hay mấy bé nhỏ chọc em ấy ạ. Vì vậy mà em hay kiểu tiêu cực lắm nhưng không ai biết được cả vì em chỉ show cho mọi người những gì tích cực nhất của em thôi, giờ em đang học 12 - quãng thời gian mệt nhất trong 12 năm đi học thật 😂 Chị là một trong những người em rất ngưỡng mộ đó vì chị rất giỏi 🫶 Chúc chị một ngày vui vẻ nhé 💪 Stay strong",0,human_gold_round5,3,round5,normal
"Em cực kì sợ bị người khác phán xét em. Nên nhiều lúc đâm ra em nghĩ rằng phải phán xét lại họ cho đỡ tức. Nhưng điều đấy chẳng giúp bản thân em đc gì cả, ngc lại còn học thêm cái tính xấu.",0,human_gold_round5,3,round5,normal
"ko biết có phải là trùng hợp ko nhưng bất cứ khi nào em rơi vào cảm xúc hỗn loạn thì em lại thấy video mới của anh, cảm ơn anh nhieu",0,human_gold_round5,3,round5,normal
còn tôi . quá tội lổi làm khổ tất cả những người xung quanh tôi. tôi không biết làm gì trong cuộc đời này nữa,1,human_gold_round5,3,round5,depression
"Video là liều thuốc chữa lành cho những tâm hồn đang mệt mỏi và khó ngủ. Qua lời Phật dạy về sự buông bỏ và an trú trong hiện tại, người nghe sẽ tìm thấy sự bình an, nhẹ lòng để đi vào giấc ngủ sâu. Từng lời dẫn dắt như tiếng chuông chùa giúp xua tan phiền não, mang lại sự tự tại giữa cuộc đời biến động.",0,human_gold_round5,3,round5,normal
Tôi là còn hơn bạn mình tự kỉ vừa bị overthinking,0,human_gold_round5,3,round5,normal
Em chịu đựng đủ rồi....Em không thể chịu thêm được nữa:(,1,human_gold_round5,3,round5,depression
"bức thư thứ 4 giống với mẹ của tớ,nhưng mẹ tớ mất vì ung thư não,mẹ tớ mất từ khi tớ mới được 3 tháng tuổi,đến nay là 10 năm rồi.Tớ chưa bh được nhìn thấy mặt mẹ.Tớ không hiểu tại sao mỗi lần tới ngày giỗ của mẹ nhà ngoại lên là tớ lại phải trốn đi nếu không tớ sẽ khóc không vì lý do gì cả ....",0,human_gold_round5,3,round5,normal
"chỉ còn vài ngày nữa thôi, mình sợ thật ấy, mình muốn vào nv1 lắm nhưng mình lại sợ mình không có khả năng đó",0,human_gold_round5,3,round5,normal
"Từ bé tới bây giờ, em chưa từng có thứ gọi là ""ước mơ"" cho tới bây giờ em vẫn mông lung và chẳng biết, ước mơ của mình là gì.",0,human_gold_round5,3,round5,normal
"Khi nói ct, e đã xóa hết mthu, cả biệt danh. Bạn ấy hsau mở fb nhưng block zl và sdt. Bọn e ko ai nói với ai, cũng ko bày tỏ là mình đau khổ trên mạng. Nyc cug k xóa ảnh fb. Nên e nghĩ chn ct là bt với bạn ấy. E thì luôn mong chờ và hy vọng",0,human_gold_round5,3,round5,normal
Tôi cố gắng làm j khi bản thân chẳng còn một thứ j để làm động lực (giả sử:]),0,human_gold_round5,3,round5,normal
Tôi làm mẹ đơn thân đả 15 năm rồi nhưng từ ấy đến giờ nói lến đi lấy chồng là tôi bỏ chạy mất dép,0,human_gold_round5,3,round5,normal
Tôi bị nghiện học rồi thích thật😆😆😆,0,human_gold_round5,3,round5,normal
Mệt mỏi chan nan ThaT VọNg,1,human_gold_round5,3,round5,depression
Tôi đã trở thành người quên mất cảm xúc của mình:(,1,human_gold_round5,3,round5,depression
"Con cảm ơn Thầy nhiều, con đã khóc rất nhiều. Con biết ơn Thầy đã cho con biết được con đang gặp phải vấn đề tâm lý và cần dành thời gian chữa trị. Cảm ơn Thầy đã giúp đỡ con.",0,human_gold_round5,3,round5,normal
Người không có mục đích rõ ràng của cuộc sống thì dù sinh sống siêng năng đến đâu chăng nữa cũng cảm thấy phủ định và bất lực trước cuộc sống.cảm tạ cha mẹ lời dạy dỗ thật đúng như loài người đang sống,0,human_gold_round5,3,round5,normal
"đúng thật :( dù lý do là gì thì mình cũng đã trải qua 4 giai đoạn rồi, đang ở giai đoạn chấp nhận :(( thực sự rất khó để chấp nhận :(( nhưng đúng là ko chấp nhận thì ko thể làm gì khác được. Phải cố gắng vượt qua thật",0,human_gold_round5,3,round5,normal
"Sắp đến kì thi rồi,em cảm thấy rất áp lực hầu như đêm nào cũng muốn khóc nhưng nhờ nghe video này mỗi tối trước khi đi ngủ đã giúp em có thể ngủ ngon hơn mà không có nước mắt cũng như có năng lượng hơn trong ngày mới.Cảm ơn 2 anh chị đã ra một video ý nghĩa như này :33333",0,human_gold_round5,3,round5,normal
Từ giờ tôi sẽ không nói gì,0,human_gold_round5,3,round5,normal
"8:42 t bị tự kỷ nè,miêu tả cái j cx giống t hết",0,human_gold_round5,3,round5,normal
"Em thấy bản thân mk rất hay tránh né những đề tài bản thân được người khác đánh giá là giỏi. Em được mọi người nhận định là giỏi Tiếng Anh từ khi bước vào cấp hai. Khi ấy e vẫn học tập và phát triển bth cho tới một cuộc thi tiếng anh, e đã hoàn thành bước đầu trong việc thi giấy, sau đó tới giai đoạn thi nói. Em bắt đầu hoảng, em sợ hãi vì bản thân e biết mk sẽ không nói được gì đâu, thế là e viện lí do bận học thêm để không phải đi thi, e sợ hãi những thành tích của bản thân sẽ sụp đổ. Và e của cấp ba cũng vậy, đôi lúc e cũng biết bản thân mk đang trốn tránh vấn đề nhưng vòng đi vòng lại thì đã là cuối cấp, tiếng Anh vẫn chập chững vẫn sợ bị cô gọi hỏi, luôn lảnh tránh những đề tài liên quan. Thế nhưng với những môn e học khá thì e lại phát triển một cách mạnh dạn hơn, e không gặp áp lực với các môn học ấy nên việc học lại suôn sẻ hơn cũng không ngại việc bản thân không biết. Tuy nhiên, nổi sợ ấy lại giúp e cố gắng làm tốt hơn qua mỗi lần thi. Mong rằng e sẽ bỏ sự tự ái để học lại những kiến thức cơ bản đã mai một, không tránh né, tập trung vào quá trình học tập để sao này tự tin bung skill:)))",0,human_gold_round5,3,round5,normal
Cuộc sống áp lực cho mik xin 10 like để lên tinh thần đc ko ạ,0,human_gold_round5,3,round5,normal
Cuộc sống con người muôn hình vạn trạng không thể nào nói trước một điều gì ❤,0,human_gold_round5,3,round5,normal
"Video này giúp mình nhìn lại, hồi nhỏ mình có tư duy phát triển, còn từ cấp 3 tới bây giờ càng ngày mình càng tư duy cố định. Mình làm gì cũng sợ, rồi sợ tới mức chẳng dám làm gì, mình overthinking và mọi thứ chẳng đi đến đâu.",0,human_gold_round5,3,round5,normal
"Đây là lần đầu tiền em comment vào 1 videos trên youtube. Từ trước tới giờ em cũng chưa từng nghe bất kỳ ai nói về cuộc sống hay trãi nghiệm, nhưng vô tình em nghe trên tiktok những đoạn uncut lại quá đúng với những giai đoạn mình đang trãi qua. Thế là em phải vào ngay youtube tìm kiếm thông tin của anh, vô tình em xem dc các videos từ 2-3 năm về trước. Bản thân em đang làm quản lý cho 1 công ty lớn nên sự va vấp sự trãi nghiệm của em nó cũng ở mức tương đối, thì khi mà thấy dc a chia sẽ thì em kiểu ""wow, sao nó đúng với những gì mình đã trãi qua quá"". Và bây giờ thỉnh thoảng vài ngày em lại xem 1 videos, ko phải em ko muốn xem, mà em sợ xem hết mất. Phải công nhận anh là 1 số ít người mà em thật sự respect, chia sẽ quá chân thật, việc anh lấy ví dụ nó cũng sát với thật tế nữa. Cảm ơn anh vì những chia sẽ rất chân thật và chính xác ạ.",0,human_gold_round5,3,round5,normal
"Cô đơn là một cơ hội chứ không phải một nỗi sợ. Chúng ta sợ cô đơn là vì chúng ta được dạy để sợ sự cô đơn. Chỉ khi ở một mình, ta mới hiểu được chính xác việc không bám chấp và đồng hóa bản thân vào bất cứ thứ gì, từ tiền bạc, địa vị, mối quan hệ, bằng cấp, nghề nghiệp. Bóng tối và ánh sáng, tuyệt vời như nhau.",0,human_gold_round5,3,round5,normal
Tâm bệnh trước thân bệnh theo muốn trị bệnh phải trị bệnh tâm trước.,0,human_gold_round5,3,round5,normal
Toi tu nho kg toi lon toi kg duoc doi xu cong bang nhung toi chua bao gio oan han bat cu mot ai vi toi nghi don gian vi toi thieu no ho nen toi cu the ma song tu te voi moi nguoi toi cang dau kho thi toi cang thay yeu thuong nhieu khac nhieu hon nhung du toi luon song tot nhung nhung dieu bat nhanh cu bam lay toi nguoi ta noi hien thi gap lanh toi cang song tot thi toi cang nhan lay dau kho toi nghi rang cuoc doi toi co song tot va lam tot toi chet cung chua tra het no nen toi mong moi nguoi dung bao gio lam viec ac de giong nhu toi phai tra no ca mot doi,0,human_gold_round5,3,round5,normal
Sao không tai đc,0,human_gold_round5,3,round5,normal
"Hà Nội 2/11/2019 Tôi năm nay 22 tuổi , SỰ Nghiệp ,Tình Cảm , GIa đình vẫn chưa đâu vào đâu , áp lực học tập , công việc , ... MỌi thứ gần như chống lại tôi , nghe xong bản nhạc , tôi cảm thấy thật thoải mái vì sau những áp lực, khó khăn thì... Tôi có bố mẹ những người luôn luôn ủng hộ tôi , động viên tôi , yêu thương tôi hết mực _ Họ là động lực để tôi phấn đấu , tôi sẽ cố gắng hết mình đế đáp lại những gì bố mẹ đã dành cho tôi , con yêu bố mẹ nhiều @",0,human_gold_round5,3,round5,normal
Hồi năm mình lớp 1 ông mình nói là sẽ mua bánh cho mình nhưng đã qua 2 tuần mình vẫn chưa thấy ông về khi mình lên lớp 3 mình vẫn chưa thấy ông về cha mình nói là ông ngoại con bị lên cơn đau tim và mất ngay tại chỗ nghe xong mình khóc lên lớp 5 mình đi đám ma xong đám ma mình khóc mình nhớ lại ông ngoại thường mua bánh và chở mình đi học giờ thì ông mình không còn chở mình đi học nữa vì ông đã mất 5 năm từ nay mình sẽ bị rời xa khỏi ông mãi mãi,0,human_gold_round5,3,round5,normal
"Vừng ơi em coi lại vid nhiều lần r,lần đầu là 2 năm trước,nhờ Vừng mà em tốt hơn nên ko còn cần xem vid nữa,nhưng giờ khi tìm lại vid vẫn cho em thật nhiều xúc cảm,chị gọi tên được những cảm xúc mà e chưa thể gọi tên chính xác,xem vid em nhận được cả tư duy khác biệt và tâm thái bình yên,em thích năng lượng nhẹ nhàng này,nó xoa dịu tâm hồn em và giúp em giảm bớt những ý nghĩ tiêu cực và nặng nề,cảm ơn chị.",0,human_gold_round5,3,round5,normal
"Các bạn sĩ tử đừng lo nhé. Là 1 sinh viên năm nhất mình cũng đã từng trải qua những cảm xúc như thế, từng chán ghét sự kém cỏi của bản thân, từng phải đi ngủ sớm do những đêm đau đầu học không vào, từng đắn đo nhiều vào những quyết định trong tương lai. Nhưng rồi các bạn cũng sẽ vượt qua thôi, chỉ cần giữ vững bản tâm của mình và cố gắng để chứng minh nó. Cũng đừng buồn nếu kết quả thi thử không như ý hay sắp đến kì thi mà kiến thức vẫn đầy lỗ hổng. Như mình đây, khi thi thử còn chưa được đến 20 điểm, lúc đó mình đã thất vọng về bản thân rất nhiều nhưng nó cũng là động lực để mình cố gắng. Kết quả của thì thi đại học đã trả lời cho điều đó, 1 số điểm mà đến chính bản thân mình cũng không thể tưởng tượng nổi. Vậy nên, chỉ cần các bạn bước tiếp thì mọi sự đều có thể. Ngoài ra, hãy trân quý những phút giây còn được ngồi trên ghế nhà trường những năm cấp 3 dù các bạn có thích lớp hay không. Bởi vì đại học sẽ là một thứ hoàn toàn mới mẻ, lạ lẫm khiến bạn chỉ ước mình có thể quay lại. Mình chúc các sĩ tử 2k6 năm nay sẽ có 1 năm thật vui vẻ, chúc các bạn sẽ luôn giữ được sự bình tĩnh khi đối mặt với kì thì. Chúc các bạn có những năm cuối cấp thật đáng nhớ và nhiều màu sắc.",0,human_gold_round5,3,round5,normal
A Di Đà phật.❤❤ đời là bể khổ tâm con tan nát...nam mô a Di Đà Phật ❤❤ đời là cát bụi sống ở thác về đời ngắn ngủi ta buôn bỏ..a Di Đà Phật ❤❤❤,0,human_gold_round5,3,round5,normal
Công việc thật là áp lực muốn buông bỏ nhưng cũng vì gđ nên cũng phải cố gắng thôi 😢,0,human_gold_round5,3,round5,normal
Em có quen 1 người qua game. Con bé này cũng biết mình bị trầm càm nhưng mà do người nhà ấy nên em cũng không biết khuyên sao. Dường như cũng được vài năm rồi . Anh cho em lời khuyên với ạ,0,human_gold_round5,3,round5,normal
Con gái mình 18t trầm cảm mong bs tư vấn. Cảm ơn,0,human_gold_round5,3,round5,normal
"Thật sự cảm ơn chị Giang, người cứu rỗi tâm hồn emmm. Từ những năm cấp 2 em đã biết đến chị, bây giờ em sắp thi đh rồi, em cảm thấy stress kinh khủng, thế nhưng khi nghe những podcast em cảm thấy thế giới bình an và đơn giản đến lạ…",0,human_gold_round5,3,round5,normal
"Nếu không chữa lành vết thương bên trong, sẽ không thể làm được cái gì lớn cả. Thay vì chạy ra ngoài gồng mình lên nhận thêm nhiều trách nhiệm, cố gắng tỏ ra tốt, thì hãy soi chiếu lại đứa trẻ bên trong, dành thời gian trò chuyện xem vì sao lại hay bất an, vì sao lại để ý lời mọi người nhiều vậy, vì sao lại hay tự ái, muốn người khác phải theo ý mình... Hãy hành động bằng sự thiền tập, nch với đứa trẻ, đi tập thể dục, tiếp xúc nhiều hơn với Thiên nhiên, tâm hồn sẽ tự chữa lành... Và khi đứa trẻ ấy xuất hiện, thì mình đã dự trữ đủ để không bị đồng nhất với đứa trẻ tổn thương ây. Đặt mục tiêu rằng mình sẽ chữa lành chính mình, và trở thành nhà trị liệu cho những người khác nữa❤",0,human_gold_round5,3,round5,normal
"đang đau bao tử, thở không nổi, nghe 10 phút hết thật ạ",0,human_gold_round5,3,round5,normal
Nhìn con bé cứ như bị nghiện ý=),0,human_gold_round5,3,round5,normal
cuộc sống quả thực nhạt nhẽo và còn khó chịu hơn khi ta biết rõ mình không đáng phải chịu cảnh sống này,0,human_gold_round5,3,round5,normal
"Mình thì nghĩ là do trọng tâm khi hiểu ra của mn khác nhau nên mới có suy nghĩ khác nhau. Khi mình nhận ra mọi thứ, nó khá là yên tĩnh cả bên trong lẫn bên ngoài. Nhưng khi duy trì như thế lâu hơn, mình còn để ý thấy một thứ khác ở đó. Đó là nhịp tim còn đang đập của mình. Nếu mn có cảm giác trống rỗng thì cứ làm thử như mình. Lắng nghe tiếng trái tim của chính mình cứ tiếp tục đập. Dù có lúc sẽ nhanh và chậm, nhưng nó vẫn luôn đập.",0,human_gold_round5,3,round5,normal
"Video thực sự là một bài pháp thoại sâu sắc, nhẹ nhàng và vô cùng hữu ích, đặc biệt với những người đang trằn trọc vì khó ngủ. Nội dung bám rất sát vào lời Phật dạy, đi thẳng vào gốc rễ của khổ đau là sự chấp trước và tâm không biết đủ. Tôi tâm đắc nhất với lời khuyên về việc ""đặt cốc nước nóng xuống"" (buông bỏ lo âu, giận hận) và việc thực hành ""thở chánh niệm"" để đưa tâm về với hiện tại, bởi lẽ hạnh phúc bắt đầu khi ta cho phép tâm được nghỉ ngơi. Các câu chuyện minh họa như bà Tư và chiếc chiếu cũ hay câu chuyện về chiếc ly vỡ của cô Hạnh đã giúp triết lý vô thường trở nên dễ hiểu, dễ thực hành hơn. Xin chân thành cảm ơn kênh đã chia sẻ bài pháp quý giá này, giúp người nghe tìm về sự an trú và lòng từ bi. Cầu chúc cho ai nghe được lời dạy này sẽ thực hành thành công, hóa giải mọi phiền não, tìm được sự bình yên thật sự trong tâm hồn, và có những giấc ngủ an lành, sâu lắng.",0,human_gold_round5,3,round5,normal
"Adidaphat,Ngài chia xẻ thật sâu sắc về suy nghĩ con thấy hay quá bởi xét từ con đúng là suy nghĩ mà ko biết dừng lại buông bỏ thì lan man rắc rối đúng sai hết biết phân biệt gây nên phiền não nặng nề,con xin cố gắng ghi nhận lời Ngài dậy để thực hành ạ. Tri ân tạ ơn Ngài.",0,human_gold_round5,3,round5,normal
Cảm giác a ấy im lặng 20 ngày nay rồi mình thật sự khó chịu. Nhưng lỗi là do mình gây ra mà,0,human_gold_round5,3,round5,normal
Áp lực quá 😢,0,human_gold_round5,3,round5,normal
"Video này thực sự là lời giải thích hoàn hảo cho việc vì sao mình luôn thất bại với các kế hoạch đầu năm. Mình nhớ năm ngoái, ngay sau Tết, mình tràn đầy năng lượng và quyết tâm tập gym. Mình mua thẻ tập, mua quần áo thể thao, và đặt báo thức 5h sáng mỗi ngày. Tuần đầu, mình dậy rất hào hứng. Nhưng sang tuần thứ hai, mình bắt đầu uể oải, ngủ quên. Đến tuần thứ ba, mình bỏ luôn. Hồi đó mình cứ nghĩ do mình lười biếng, thiếu ý chí, nhưng xem video này mình mới nhận ra mình đã sai ngay từ đầu. Mình đã bắt đầu ở 'thời điểm sai' - ngay sau một kỳ nghỉ dài, cơ thể và tinh thần chưa kịp hồi phục. Mình đã cố ép bản thân vào một khuôn khổ quá khắc nghiệt. Video này không chỉ là một lời khuyên, mà còn là một sự giải thoát. Nó giúp mình hiểu rằng, việc thất bại không phải do mình yếu kém, mà là do mình chưa đủ thấu hiểu bản thân. Năm nay, mình sẽ dành thời gian 'thanh lọc' cơ thể và tâm trí trước, và bắt đầu những mục tiêu mới một cách từ tốn và lắng nghe cơ thể hơn",0,human_gold_round5,3,round5,normal
"Vì cuộc sống,nên t phải làm công nhân. Muốn vươn lên mà cứ bị vùi dập. Đéo biết đời ngày mai ra sao. T khổ. Số t khổ. Suốt cuộc đời này t sẽ phải khổ.",1,human_gold_round5,3,round5,depression
"Giọng hát ma mị của Bùi Lan Hương cùng mỗi lời hát như tiếng rên rỉ, khóc than, oán thán, oan nghiệt của một oan hồn chưa từng được yêu thương đúng nghĩa. ""Mồ côi cha ăn cơm với cá, mồ côi mẹ liếm lá đầu đường"". ""Người cho em đống bạc vàng"" nhưng lại là mồ chôn, là cái hũ kín giam cầm em đời đời không được siêu thoát. ""Người có nhớ em không?"" là câu hỏi cay đắng cho cả người sinh ra em, cho cả người ""mua"" em bằng vàng. Có khi còn cho cả chính em. Qua bao năm tháng kiếp đời thay đổi, liệu em còn nhớ em là ai, em là người, hay quỷ? Em vẫn một mình nơi đây, có ai nhớ tới em hay không? Chúc mừng cho sản phẩm kết hợp của ca - nhạc sĩ Bùi Công Nam, ca sĩ Bùi Lan Hương đã ra mắt thành công🎉🎉🎉🎉🎉🎉",0,human_gold_round5,3,round5,normal
"Thật sư mệt moi. Đã buông xuống, đã bao dung, đã k chấp những lời nói k hay k đúng của người. Nhưng những con người thiếu nhận thức kia lúc nào cũng cho là mình đúng mà mặc sức Chà dap ng khác. Chán thật !liệu có được bình yên k?",1,human_gold_round5,3,round5,depression
"Trog đầu ba tui chỉ nghĩ tui! Ăn, ngủ, ko lm đc j, n.g.u nx Mặc dù tui k có mẹ,(•‿•) ba tui chẳng bao h đến vc học của tui, nhưng ba tui miệng lun ns mày ko học đc j ăn chs thì giỏi nuôi mày tao tốn tiền mày phải con tao v? Vậy ba tui có coi tui là con ba k:(😊",1,human_gold_round5,3,round5,depression
"4 năm trước, mình cũng ở trong ngưỡng cửa bất lực nên nghe bài này, 4 năm sau, vô tình tìm lại nhạc Karik để nghe, từng câu từng chữ như viết cho mình.",0,human_gold_round5,3,round5,normal
Bame cứ kêu học cho mày chứ cho ai chỉ muốn nói 'con mệt lắm rồi'☺☺,0,human_gold_round5,3,round5,normal
"chúng mình chia tay nhau được 6 tháng rồi, 2 năm quen nhau cuối cùng cũng chấm dứt, anh thấy em đã có người mới rồi , anh ấy cũng đã chữa lành cho em nhiều rồi , hong như anh, lúc nào cũng nào làm em khóc, em buồn, em đau rồi em bệnh, xin lỗi cũng đã quá muộn màng rồi. Thôi thì anh chúc em bên người mới thật hạnh phúc , luôn vui cười, hong đau buồn khi ở bên anh ngày đó. Nói thật thì khi em có người mới rồi anh cũng mừng , cũng buồn nhưng mà mừng hơn vì có người để em trải lòng , để chia sẻ , và để bảo vệ em . Chúc Nguyễn Mai Anh Thư luôn thật hạnh phúc nhéee !",0,human_gold_round5,3,round5,normal
Mọi người biết vì sao khi tập vai bị đau mạnh nhưng vai kia lại ko bị đau em có bị chấn thương ngay vai ko? Cần sinh ý kiến và cách hết,0,human_gold_round5,3,round5,normal
"Tôi đang có mệt moi, hy vọng sẽ tốt đẹp lên",0,human_gold_round5,3,round5,normal
Đang suy mà nge😢,0,human_gold_round5,3,round5,normal
Mình cũng đang buồn nè mn ơi,0,human_gold_round5,3,round5,normal
"Mình vừa thi xong cuộc thi công chức. Trước khi đăng ký thi, mình tự ti về bản thân, mình luôn có suy nghĩ rằng mình không có đủ năng lực, nghĩ rằng vị trí đấy đã có suất rồi đi thi chỉ để trải nghiệm, thi cho vui để lấy kinh nghiệm. Nhưng trong thời gian ôn thi, mình thấy được niềm vui, sự hào hứng, và mình thay đổi nhận thức, mình muốn thi, mình muốn nỗ lực, quyết tâm để đạt được vị trí ấy.. và trong khoảng thời gian ôn thi mình bị người ngoài tác động, mình bị phân tâm bởi những cơ hội công việc khác, nhưng lúc ấy mình chỉ nghĩ, nếu mình bỏ cuộc mình sẽ hối hận suốt đời, vì thế mình bỏ ngoài tai và tập trung ôn. Và.. mặc dù mình chỉ đứng thứ 3, dù k đỗ nhưng mình rất vui, vì bản thân đã không lùi bước, hơn hết, niềm tin vào bản thân của mình ngày càng lớn hơn. Dù có thất bại nhưng mình luôn trân trọng thất bại ấy đã tạo ra phiên bản tốt hơn của mình ngày hôm nay.",0,human_gold_round5,3,round5,normal
"Bn thân tui đã từng khóc rất nhiều khi thi cấp 3 vì nó chỉ thiếu đúng 0,1 điểm thôi để...😢",0,human_gold_round5,3,round5,normal
"Mong em giữa bầu trời náo nhiệt.. Vẫn êm đềm trôi mãi tựa làn mây.. Mong em giữa thói đời cay nghiệt.. Vẫn ung dung tim ❤️ ko xước ko trầy. .. Chúc cho tất cả chúng ta luôn mạnh mẽ vượt wa tất cả sóng gió của hiện tại hay tương lai.. Đời người ngắn ngủi, tuổi trẻ lại có hạn, cứ làm và ko hối hận, rồi khi way đầu lại là tự hào mỉm cười 😊 cuộc sống ko dễ dàng thì càng ko đc gục ngã.. thứ jj cần buông thì buông, mang vác wá nhiều sẽ ko thể đi đường dài..Cố Lên 💪",0,human_gold_round5,3,round5,normal
"Anh Tuấn à, anh trả thù vậy là đúng, nhưng sau khi ly hôn mà anh còn tiếp tục như vậy nữa thì rất tội, tội cho anh, tội cho con anh, tội cho kẻ đã bị trả giá là vợ anh. Ko nói là cô ấy trả giá đã đủ, nhưng anh càng trả thù, anh càng khổ. Tôi có một suy nghĩ, nếu lỡ sau này anh có bị sự cố gì mà không lo cho con anh được, ví dụ như anh bị đột quỵ, khi đó ai sẽ là người lo cho con anh? Anh có bao giờ nghĩ đến điều này hay không? Thôi làm gì thì làm, cũng phải chừa cho một người ta một cửa quay về. Có thể ko còn là mọt gia đình như xưa, nhưng anh nên tha thứ theo cách nào đó, để cô ấy tiếp tục dc làm mẹ. Đây cũng là giải pháp backup, nếu lỡ anh bị gì( vidu tai nạn) thì vợ anh còn lo cho con. Anh suy nghĩ nhé.",0,human_gold_round5,3,round5,normal
Có phải con người kỷ luật ấy sống cả đời trong sự khó chịu 😂,0,human_gold_round5,3,round5,normal
":) từng đưa ra lời khuyên cho mấy đứa thất tình kiêut vui vẻ lạc quan lên, xem nhẹ việc thất tình kh có gì phải buồn đến thế. mà giờ sau khi trải mới biết nó đau như nào",0,human_gold_round5,3,round5,normal
Sao tôi ko thấy cảm giác gì nhỉ 🤔,0,human_gold_round5,3,round5,normal
"Sinh ra trg một gia đình dù nhà nội có thể nói là thành tích tốt nhưng ở nhà ngoại thì lại khác. Nhà ngoại mik có 3 người con. Con cả thì đi theo chuyên văn, con thứ thì theo chuyên lý, con út - là mẹ mik thì từng theo chuyên toán từ cấp 1-2, lên cấp 3 thì theo chuyên lý. Mik hồi nhỏ đã từng đc cả nhà ngoại kì vọng rất nhiều bởi mik đã bộc lộ tài năng tư tuy toán học của mik nhưng càng lớn, mik càng cảm thấy mik đã ko còn yêu thích toán nữa nên đã quyết định chuyển sang văn - môn học đc các giáo viên của mik khen ngợi rằng mik có tài năng và triển vọng ở môn đó. Đúng là sau đó mik có đi theo con đường học văn mà mik đã từng nghĩ mik sẽ gắn bó lâu dài. Nhưng giờ sắp hết HKI lớp 7 sắp sang HKII để đăng kí học môn chuyên để định hướng thi cấp 3, mik lại bắt đầu cảm thấy mông lung. Liệu mik sẽ chọn đăng kí chuyên văn hay các chuyên xã hội khác như Sử Địa bởi giờ mik cảm thấy rằng mik đg bắt đầu ko còn niềm yêu thích đối với môn học này nữa. Thật sự thì sau khi biết đc kết quả vòng sơ loại thi olympic là mik có khả năng vào vòng trg, mik thật sự đg bị đứng giữa ranh giới tiếp tục hay ko bởi giừu mik bắt đầu đg ko còn mặn mà với môn văn này. Nhưng nếu mik bỏ cuộc như vậy, nhà ngoại sẽ nghĩ thế nào về mik? Mẹ sẽ nghĩa về mik như thế nào? Một người con thất bại so với những người anh em khác trong gia đình ư?",0,human_gold_round5,3,round5,normal
Chọc mù mắt t đc ko👁 👄 👁,0,human_gold_round5,3,round5,normal
Điều quan trọng nhất là tìm được việc mình thích làm thì mọi chuyện nhẹ hơn hẳn ra. Con trước làm công việc ghét nên chuyện nhỏ cũng muốn nghỉ luôn không chịu nổi một ngày nào. Chuyển sang làm nghề con yêu thích thì việc nhiều gấp đôi mà vẫn cảm thấy ổn không thấy nặng như trước. Có lẽ khi thích thì tự nhiên có năng lượng để xử lý chuyện khó còn ghét thì năng lượng âm toàn muốn trốn. Con may mắn tìm được việc phù hợp nên giờ sống dễ thở hơn rất nhiều so với hồi xưa. Mọi người nên thử tìm xem mình thích gì thật sự!,0,human_gold_round5,3,round5,normal
"đang bị mà nó cản trở mình quá nên kb làm sao, cũng đang điều trị bằng thuốc nhưng vẫn sợ ra ngoài xã hội, chỗ đông người",1,human_gold_round5,3,round5,depression
Năm đó e mới hc lớp 5 hồi nhỏ đi em trông cx gọi là khá xinh chắc v mà con KT ghét e vì nó trc h đc gọi là hoa khôi nó hay đánh e cô lập vu khống e lấy trộm tiền còn nói em giật bồ nó nít nôi mới tí tuổi đầu bầy đặc yêu đương mà lm như tự hào lắm e cx có nói với ba mẹ và giáo viên nhm nhà nó đếch cs j ngoài điều kiện e thì ko muốn gây sự vì bt nhà nó giàu ráng nhịn hết năm thì chuyển trường thì va vô cái lớp toàn bọn kỳ thị ng nghèo hay miệt thị ngoại hình ng khc má thêm 1 cái lớp hãm may là đc cái mặt cũng xinh nhà cửa thì cũng gọi là khá giả học hành thì cũng giỏi nên cx yên bình hết năm còn năm sau nhà trường xào lớp lại r mong là vô cái lớp nào nó bth dùm cái,0,human_gold_round5,3,round5,normal
"Tui hc ko giỏi TA mỗi lần suy nghĩ đến nó là cứ sợ , sợ thi dưới trung bình ở lại lớp đủ thứ",0,human_gold_round5,3,round5,normal
Mất tất cả có dc gọi là gục ngã chưa 😰😰,1,human_gold_round5,3,round5,depression
"Trong khi xung quanh mọi người đã có định hướng rõ ràng thì mình vẫn mông lung, chỉ mơ ước một đống thứ viển vông trong đầu nhưng lại quá lười bắt tay vào thực hiện. Không biết bao giờ mới thoát khỏi cái nỗ lực ảo ấy đây, cảm thấy bứt rứt quá...",0,human_gold_round5,3,round5,normal
Dạ rồi ạ Em bị rồi hồi đó em đang học môn Toán tự nhiên em muốn chơi slime nên em xuống học bàn chơi bạn thân em mét cô tịch thu,0,human_gold_round5,3,round5,normal
Tôi bị mất ngủ 12 năm và tỉnh giấc lúc 2/3 h đêm BS cho tôi lời khuyên,0,human_gold_round5,3,round5,normal
"Mình xem video này xong thì có khóc một chút...vì mình nhận ra là rằng những cái giá tri về điểm số, thành tích, tài năng, những cái thước đo về ""học giỏi, học ngu"" nó quật mình tơi tả ngay từ những ngày mình mới bước vào môi trường học tập. Hồi nhỏ được khen giỏi này giỏi kia, thích lắm chứ. Nhưng khi mình có dấu hiệu tụt hạng thì mình lại sợ mọi người sẽ không còn nhìn nhận mình như lúc mình giỏi. Rồi như thế nó cứ tiếp diễn cho đến khi mình lên đại học. Cái nào mình làm đc thì mình nở mặt nở mày, cái nào mình không làm được giống như người khác thì mình lại sợ, mình thấy chán chường và muốn bỏ cuộc (nó nghiêm trọng đến độ mình phải bỏ cuộc hoàn thành một môn học, khiến điểm mình không đủ điểm và phải học lại).",0,human_gold_round5,3,round5,normal
Bảo sao từ 1 đứa hoạt bát lại thu mình lại như vậy🙂haha tâm lí đổ lỗi như mẹ tôi cuối cùng vẫn ko hối hận với những gì mình đã làm,0,human_gold_round5,3,round5,normal
Marry là 1 người mang nhân cách ái kỷ an toàn .,0,human_gold_round5,3,round5,normal
"Em cứ mở miệng là lại nhếch mép cj ak,cả lúc khóc cơ😂",0,human_gold_round5,3,round5,normal
