comment_text,label,prediction,probability_depression
ngày buồn nhất trời đổ cơn mưa :(,1,0,0.0036843296
per kỷ niệm khó quên nhỉ kkk,0,0,0.0015986583
em ý cute vãi !,0,0,0.0014913
làm khách đi qua lại mắc mệt lun,1,0,0.0039485623
năm nay thì đở hơn rồi kkkk,0,0,0.008169209
số tao không được ăn uống mà :((,1,0,0.0047958707
đang buồn cần 1 người nhắn tin tâm sự hằng đêm,1,0,0.0028152168
lâu lâu được nghe truyện cổ tích thấy còn niềm tin vào cuộc sống 🤣🤣,0,0,0.00247309
anh này còn phim pk nữa rất hay và ý nghĩa,0,0,0.0014191536
lại thêm một con ngáo bất hạnh,1,0,0.0064714313
thiếu hình ăn gà rán rồi,1,0,0.0019795974
ăn ở cái gì huhu,1,0,0.0019063506
"điều đó không quan trọng , quan trọng là đéo xác nhận lời mời kết bạn",1,0,0.0023280992
"em sẽ mãi không biết có lúc tôi gọi chỉ để nghe câu "" ai vậy ?""",1,0,0.010504617
thế giới giờ đáng sợ quá rồi 😌😌 tâm phải tịnh không là tiêu nha mấy ông 😢,1,0,0.0063495394
t gặp ngỗng chạy bỏ dép,1,0,0.0037716208
"chưa muốn lấy , cơ hội vẫn chia đều cho tất cả các anh : ))",0,0,0.0038710826
"per đúng rồi , không muốn xa cách đâu 😞",1,0,0.0046458
"bọn 6 múi yêu nhau hết rồi , tao bụng mỡ đây , tao vẫn thích con gái đây !!!!!",0,0,0.0025944482
họ vui là được rồi :))),0,0,0.0022821105
per ồ ồ chân chính chạnh lòng rồi 😂,0,0,0.0015330301
còn các bạn đặt bánh của mình toàn gửi cho người yêu . chắc câu chuyện này còn buồn hơn :((,1,0,0.002473908
per rồi sẽ có 1 ngày vừa cười tao vừa kể chuyện khiến tao rơi nước mắt,1,0,0.0064332606
ngôn lù thế hahaaa :))) đáng yêuc vãi,0,0,0.0017329727
nhìn ông với bà chất hơn thanh niên bây giờ,0,0,0.0017178458
"phim hay dã man diễn viên chính đẹp trai , xem đi xem lại không chán",0,0,0.0014622081
"mình đang thất tình đéo hiểu sao đi cafe còn toàn tận cùng nỗi nhớ , chạm đáy nỗi đau , đừng như thói quen ... dume :)",1,0,0.0046199127
"per vãi xem phải cỡ này . , đoạn nó nhếch môi bố mày sợ suýt đái ra quần dume 😑",1,0,0.0024430114
cám ơn mấy chế nhiều nhiều nhé 😗,0,0,0.0014323272
hồi bé tôi cũng bị chửi cả ngày từ sáng chí tối ! nhưng không phải bố tôi mà là bà nội tôi !,1,0,0.07998337
cuộc sống tạo ta áp lực ..,1,1,0.92482924
cười vãi ???????? mặt con bé cũng hài ghê,0,0,0.0014953713
tuổi thơ tôi bị ám ảnh mấy con ngỗng này . mấy con màu xám cứ mỗi lần đi học ngang qua ngõ nhà hàng xóm là nó đuổi . tao lại chạy thục mạng . cứ phải đắn đo mỗi lần qua đó xem có chúng nó không rồi ù chạy như ma đuổi . haizz tuổi thơ tôi ....,1,0,0.03594157
ổng bị bắt rồi :( rồi lấy gì coi,1,0,0.0024536874
"ai thì tao không biết , chứ tao thấy tiền là đã có động lực phấn đấu rồi",0,0,0.0072837663
đã check in thành công và mãi vẫn chưa gặp được người ấy là ai :((,1,0,0.0025921664
":)) đang ăn mỳ , không có trứng nhạt lắm , có rụnng thì xin vài quả !",0,0,0.0022739526
đáng yêu quá ! tình yêu ông bà thật đẹp !,0,0,0.001573298
per sắm 1 cái cho công túa ngồi nhà kêu gu gu hí =))))))))))),0,0,0.0017164621
"ăn 1 miếng bò mà giết thêm đàn kiến . chưa biết ngon thế nào nhưng một đàn kiến về cõi vĩnh hằng , tội cho đàn kiến .",1,0,0.003933462
thứ ba mẹ cho con và con nhận thấy đó là sự đức hạnh tấm lòng cao cả cam on ba mẹ rất nhìu,0,0,0.0018244028
per my nè kkk,0,0,0.0017860638
tớ cũng muốn có mối tình như vậy ??,1,0,0.010513455
hết buồn cũng phải có tiền mới hết được :)),0,0,0.002610781
ng ta cuối cùng thì cũng được còn tôi thì never 😞,1,0,0.0053938488
phim nay và phim triệu phú ổ chuột là 2 phim của ấn mà mình thích nhất,0,0,0.0017461001
bình dị vậy thôi .. mà sao mãi tao chưa tìm được ? hix,1,0,0.003176007
biết nấu cơm bếp củi từ lớp 2_3 gì đó,0,0,0.0019458893
"ám ảnh hồi bé của c , con này trông nhà oke hơn cả chó luôn",1,0,0.0023900091
t mới tính tới bước thất bại chưa tính tới thành công :)),1,0,0.007452732
"em lấy đi niềm tin chả lại cho anh những gì , cũng vì anh vụng về đánh rơi hay càng xa vời càng dễ mất .. anh chân thành nên anh tổn thương",1,0,0.024338346
dễ thương . cứ yêu đi ngại gì .,0,0,0.0021378696
hí . dễ thương quá,0,0,0.0015006977
"1 đoạn phim được trích ra tuy ngắn nhưng , chứa 1 thông điệp rất có tầm quan trọng",0,0,0.0016169671
tối nay chồng tương lai sẽ đưa con khác đi chơi 😆😆😆,1,0,0.0029344885
"bất cứ lúc nào nghĩ về đời tao chỉ thấy vị cay , nồng nơi khóe mắt :))",1,0,0.008036369
tự nhiên coi tới khúc th bé kéo hết bạn bè tới chụp hình tao buồn cười vãi ! ông kia nghĩ ! thôi chết mẹ rồi ! kiểu này tối mới lau xong 😂,0,0,0.0030327966
"per cố gắng lên nha anh , mọi điều tốt đep đang chờ anh 💓💓",0,0,0.0019064886
gặp được em nhưng sẽ chỉ quan tâm và bảo vệ em từ xa,1,0,0.0025606102
thêm đường hay cho thêm bánh gato về tẩm bổ :),1,0,0.0018770368
thấy cái thèm ts quá,0,0,0.0018334044
"hiện tại mình cần tìm người yêu , bạn nữ nào chưa có chồng hay chưa người yêu thì bình luận bên dưới để mình lựa một bạn may mắn nhất nhé :)))",0,0,0.0036166506
a per ..... nhìn những hình ảnh này ... sao em nhớ về anh quá .... 15 năm ròng rã .. giờ anh lưu lạc nơi đâu . 😭😭😭😭,1,0,0.0044089686
chữ tao từ lớp 3 đã kiểu như thế nào và còn đẹp hơn nhé .,0,0,0.0018451201
per quẹo lựa mấy đứa ơi . để lễ nay đặt vé luôn cho rồi . nóng quá rồi :)))),0,0,0.002182296
xem đi xem lại bao nhiêu lần cũng không chán ... vẫn cảm giác hồi hộp :),1,0,0.0033005064
bé có năng khiếu làm cô giáo dạy văn ... nghe thì nghĩ tục nhưng đời thường là có thật ... bác nghe thấy đồng cảm với các cháu,1,0,0.0015991866
chết luôn .. tình yêu không phân biệt . giới tính .. tình yêu ơi là tình yêu .. tao đau khổ vì mày lắm rồi ...,1,0,0.0045989994
"mức thu cao nhất - đồng ý vì số liệu nó thể hiện như vậy , chứ còn hiệu quả thì mình không biết đúng không 😂 mỗi lần vô vcb là hiểu phải đợi mỏi mòn , không như những nh khác",1,0,0.0054283175
"thà biết rồi đau 1 lần cho tởn rồi thôi , chứ đừng để nỗi đau cứ day dẳn giằng xé mãi cả đời ☻",1,0,0.009256138
nghe anh ấy nới chuyện rất thuyết phục,0,0,0.0013648571
thông minh :v,0,0,0.0015611062
oimeoi tao thấy được tao ngày xưa đây rồi =))))),0,0,0.0032812248
con mong cụ cuộc sống sẽ tốt hơn 😔,0,0,0.0051955236
sau mưa ra đường sợ nhất gặp giun,1,0,0.0037371295
nên gan ngỗng ăn ngon đó,0,0,0.0018321186
"ngày nào cũng thấy tàu trật bánh , khá buồn",1,0,0.0026962482
nhìn đẹp quá đi mất,0,0,0.0016861912
tao đang cố un crush nhưng khi xem xong video trên thì ..........( khóc không ra nước mắt ),1,0,0.0058032535
đó là khi anh per cưới vợ đó 🤣,1,0,0.0022465172
ngoài những bài chia tay vì lí do vớ vẩn ra thì neu cũng có những bài đăng đọc rồi còn nhớ mãi .,1,0,0.0036440582
mặt nhỏ dễ thương vãi =)),0,0,0.0016903253
béo tí đáng yêu mà =)),0,0,0.0015026956
"hy vọng chừng đó con đã đi mẫu giáo lớn , 1 xe bảy chổ và nhà hai tấm 🤣",0,0,0.0046387897
1 năm không biết bao nhiêu lần x - quang :(,1,0,0.0031811858
cả người nhà người yêu cũng không đồng ý :((,1,0,0.003429607
"mình nói thật nhìn từ trên cao xuống đã thấy chóng mặt rồi , vãi",1,0,0.005316183
tao giận bạn trai tao và 5 ngày rồi nó đéo dỗ tao luôn hix,1,0,0.008485917
dăm ba cái kỉu đây hồi nhỏ tao đốt chấy vài á mà 😃,0,0,0.0022396562
per lên lịch hẹn hò nhanh,0,0,0.0015161971
chia buồn cùng nước pháp .,1,0,0.0038671035
nta vẩy tay mấy cái cũng ra tranh còn tao thì 😪,1,0,0.0025603254
mặt chúng bạn kiểu lại đéo được trả tiền rồi 😞,1,0,0.0022269823
"hắt xì mệt quá , muốn bắn , muốn làm việc :(",1,1,0.98511964
"t xin nhắc lại một lần nữa , đây là một câu chuyện buồn nhé",1,0,0.0067347717
"tội nghiệp , có rất nhiều em ở nông thôn bị như vậy 😢.",1,0,0.005773775
buồn thay cho lớp tao,1,0,0.0024028062
hi vọng trưa nay lúc ăn cơm vtv24 sẽ không đưa tin về bạn này ạ,1,0,0.0026626685
per sự thích thể hiện của các bạn mà bóng đá per tốn một món tiền không nhỏ ! 😩🙏🤕,1,0,0.0025403644
đáng iêu vãi =]],0,0,0.0015546002
quá ý nghĩa . mình trẻ mà chắc gì làm được vậy,1,0,0.0028554043
bộ phim hay nhất từng xem,0,0,0.001591032
bạn đã hiểu nổi khổ của mario khi mua vui cho bạn chưa :)),1,0,0.002912738
boss hổng có 6 múi hả :( buồn dị,1,0,0.0022366322
chân tao không đu ̉ da ̀ i đi ̉ đi con đươ ̀ người na ̀ y :((((,1,0,0.0027392155
nước ngoài có đầy mà :)),0,0,0.0023581726
cái gì mà rớt hột le tè vậy em gái 😁😁😁,0,0,0.0017488018
có người yêu coi bộ cũng vui 🙂,0,0,0.0014845076
14 / 2 năm ngoái tao mọc sừng . nên 14 / 2 năm nay tao quyết định cưa sừng 😊,0,0,0.005376387
"vui vẻ chút , lạc quan chút cho đời thêm vui cũng là một cách 😂😂",0,0,0.0031650448
"lại là lào cai , tự hào quê mình quá :))",0,0,0.0020166864
nói tiếng tuy hoà phú yên làm tao nhớ đến nyc . giọng nó sao ngọt không thể tả . buồn,1,0,0.0017756629
yêu quá hóa điên 🤣,0,0,0.0015240678
nhìn nữa sao . hỏng yêu đi . cho doi . vui vẻ,0,0,0.0018644698
cứ thấy trai đẹp là tao hạnh phúc :),0,0,0.0019365647
đậu . tao mê nhất là giọng tuy hòa phú yên . nó luôn mang một ấn tượng sâu sắc . nghe cứ thích thế nào ấy,0,0,0.001689565
cái con đồ chơi đó mua ở đâu nhỉ . cười đéo nhặt được mồm . 😂😂😂,0,0,0.0017372172
sao lại cưng đến thế này ^^,0,0,0.0018034376
per gặp thần tượng mỗi ngày kkk,0,0,0.002223532
xem mấy lần rồi vẫn thấy hay,0,0,0.0014742604
đcm ngôn tình vãiiii,0,0,0.0015040124
dân kinh doanh khoái đi chợ này lắm nè,0,0,0.001955761
đã trải qua và thấy chuẩn cơm má nấu,0,0,0.002190457
crush mới thích ảnh tao mà tao đã . nghĩ đến chuyện đặt tên con rồi,0,0,0.004264708
cái gì vui vậy mọi người :)),0,0,0.0019360053
má chủ dễ thương vậy tao cũng muốn xin,0,0,0.0026359917
câu chuyện dễ thương thật ^^,0,0,0.0015254872
điều tồi tệ là học nửa vời chã ra làm sao,1,0,0.0031375925
trước khi lấy vợ boss có một thân hình hoàn mĩ thế này đây,1,0,0.0026789822
cô quét đi cô cho cháu hốt về với =))),0,0,0.0020569947
này thì câu thích 😂😂😂,0,0,0.0021248502
bốc toàn trúng may mắn lần sau,1,0,0.0015844746
định mệnh tao lại quên mang áo mưa,1,0,0.005808609
xem xong video tự thấy mình còn không bằng con chó ...,1,0,0.0037417766
chúc mừng cp . cố lên cp .,0,0,0.0015928177
per huhuu không biết lúc đấy thực tập chưa :(((,1,0,0.0021061592
"con này còn hại hơn cả ốc bươu vàng . cấm nhanh còn kịp , để nó ra ngoài thì chỉ có người nông dân thiệt thôi",1,0,0.0042123925
liên quan à . cr mày đéo thương mày đâu . nó có crush mới rồi . 🙂,1,0,0.0020628409
thật là đáng sợ,1,0,0.0021849007
em chờ được mà 🙂,0,0,0.0025280672
"mình nhận thấy hình như ông ấy đang rất đau khổ , mà không thể or không muốn nói ra .",1,0,0.28890947
"giá trị lịch sử văn hoá gần nghìn năm đã mất đi rồi :((""",1,0,0.0019934648
em nuôi con lợn mấy năm rồi mà vẫn trống rỗng huhu 😭😭😭,1,0,0.0029938025
sợ thế,1,0,0.003122574
hay à ngheng,0,0,0.0015722676
"t cũng thế . đang ngồi chơi với con , vợ nó đắp mặt nạ lù lù bước vào . xém đái trog quần ??????",1,0,0.0048060976
"đúng rồi , vàng là phải vàng mới có giá trị , vàng trắng làm gì có giá trị 😥",1,0,0.0051639182
toàn tặng đồ gây sát thương thế kia khả năng bị phản damage là rất cao,1,0,0.0025675478
mệt mõi 😥,1,0,0.4145219
tao không biết tao đủ ổn để đi học thêm không nữa,1,0,0.24540856
ai đó hãy tát trà sữa vào mặt tao đi 😭😭,1,0,0.0030987677
trông tội quá,1,0,0.0020640898
"thanh diễm giờ tao hiểu tại sao cứ sáng vô là tao trông tới đi về , đầu tuần trông tới cuối tuần và đầu tháng trông tới cuối tháng rồi 🤣🤣🤣🤭",0,0,0.0064042094
làm đéo gì có ai nói chuyện thân thiết với tao đâu mà,1,0,0.00932879
ad cho hỏi nghệ an lúc nào mưa vậy ah 🌧🌧.. ốm cũng cam lòng chứ vã lắm rồi 🥵🥵,1,0,0.0033451365
"chửi vậy cũng bình thường mà mọi người cứ làm quá . mẹ tao cũng suốt ngày chửi tao , tao thấy vui mà .",0,0,0.008219079
"đừng ám tao nữa , sợ lắm",1,0,0.008669992
ý là giọng quê tao đó hã,0,0,0.0017741143
"đang định đi nhổ răng khôn , nghe được tin này thấy ghê răng 😁",1,0,0.0030650846
nhờ mất bạn nên mình mới biết 😂😂😂😂,0,0,0.004618321
vừa đây về đông kinh hồn càng về đêm càng đông,1,0,0.0017492588
"mày làm tao nhớ em gái ghê , mai sinh nhật con bé rồi mà tao đang đi làm xa nhà , không về được .......... 😑",1,0,0.0041358434
ui nghe ấm thế,0,0,0.0016165299
chắc từ giờ tao đéo giám ho nữa quá .,1,1,0.6070007
đau lòng quá,1,0,0.0022169468
không những hạnh phúc tao còn cứng nữa :)),0,0,0.002901607
chúc mừng các anh . các anh giỏi quá . chuc các anh mạnh khỏe .,0,0,0.0013699216
"thương quá . giờ con đi học ở lại cả ngày thì hên xui thôi chứ biết làm sao , không ăn thịt heo thì ăn gì . mong sao có lệnh tạm dừng ăn thịt heo trong thời gian này cho các trường mầm non thì hay biết mấy .",1,0,0.0068117566
tội em gái đó,1,0,0.0016572018
ăn cơm mốc có khả năng bị ung thư gan cao . hít,1,0,0.006129104
làm người khác thỏa mãn bằng mùi hương của chính bản thân,0,0,0.0020660078
anh đừng bỏ em đi mà 😢,1,0,0.002041076
muộn rồi :))),1,0,0.002452454
dễ thương hết sức ??,0,0,0.0040772604
cái khó ló cái khôn :))),0,0,0.003981001
a độc thân nè không có ai để nắm tay gọi là thử coi .. hihihi chúc em luon vui ve em nhé ...,0,0,0.0020612786
hồi nhỏ đọc tao đã nghi nghi rồi =)))))))),0,0,0.0024880806
per tìm được đối tượng nào để cầu hôn chưa :))),0,0,0.0024107334
cũng đúng :)),0,0,0.0029032545
"thích cái câu , có mỗi thằng con rể đểu mà cứ xoắn cả lên 😂😂😂",0,0,0.0017832458
"coi khúc đầu không hiểu , đến lúc ổng bước ra khỏi làn khói , thật không thể cầm được nước mắt",1,0,0.00566001
per thích quáaaaa,0,0,0.001965577
tao cũng ho trật mẹ khớp vai mà đéo phải 1 lần đầu nhé,1,0,0.0065692766
hú hồn chim én :) nào làm ra này chắc cũng ngáo dữ :) chắc add không sợ nhện :),1,0,0.002148613
biết trân trọng những gì mình đang có ☺️,0,0,0.005107421
có gì đâu bé vậy mới cool đó anh thích 😉😉😉,0,0,0.0015124199
"aaaaa con nhện 😨 "" aaaaaaa con ế !"" - nhện said 😂😂😂",0,0,0.0031955696
tiếc cho mối tình ấy ....,1,0,0.0022371984
phim nay xem rất nhiều lân nhưng quá hay vẫn muốn sẽ tiếp tục xem,0,0,0.0014231266
"đúng thế , ở đâu cũng được đâu nhất thiết phải ở đây",0,0,0.0025486022
gu của tôi trời ơi . tiếc mới có chồng với đứa con thôi . huhu,1,0,0.0026575301
rồi mấy đứa chân không được dài như tao phóng qua kiểu gì :),1,0,0.0029511985
trời ơi . dễ thương quá luôn ❤️❤️,0,0,0.0015580256
per sáng mai kiểu gì cũng về tới nhà :)),0,0,0.0028350707
để anh dẫn em đi ăn nha :)),0,0,0.001914297
vậy là thế giới mất đi không biết bao nhiêu món nướng rồi :(,1,0,0.0062192203
"tui đây vừa vô phòng thì con vợ mặt trắng bóc nhảy ra đây , tưởng là ma",1,0,0.0037622598
những điều đơn giản nhưng thật hạnh phúc 😘,0,0,0.0018339806
phải chi có người yêu nhắn tin ngọt ngào như này,0,0,0.0016328979
"hồi học lớp 5 bảo bố đi mua sgk cho , xong bố đi mua nguyên bộ lớp 4 đầy đủ từ sgk đến vở bài tập 😂",1,0,0.003899302
cả 2 loại người này đều đáng sợ !,1,0,0.0029619292
per mỗi ngày đi làm thấy per là như có thêm power cho 1 ngày siêng năng !!!!,0,0,0.0028748931
"bị ám ảnh hồi bé đi nhổ răng , không dám đi nha sĩ nữa :((( huhu 😭😭",1,0,0.0034357912
quá đau lòng nhưng chúng ta phải chấp nhận với điều đó,1,0,0.005576558
"per hồi nhỏ bị ngỗng dí riết ám ảnh , giờ mà bị dí chắc cầm cổ quay thấy moẹ nó luôn hehe",0,0,0.0062150513
per sợ nhện đúng không :)),1,0,0.0021390745
em chân thành nên em tổn thương !,1,0,0.0052508353
"per ăn tết xong , cần cây cầu này để giảm cân 😆😆",0,0,0.0032965576
"ngày cuối cùng còn ở lại , bản thân không có bất cứ một cảm xúc gì , trong lòng chỉ độc một mảnh phẳng lặng .",1,0,0.063626155
anh chờ ... đáng yêu ghê,0,0,0.0016147607
vẫn chọn tech là ngân hàng đồng hành,0,0,0.0020743823
đây là 1 câu chuyện buồn,1,0,0.0027453066
duyên quá nói chuyện hay,0,0,0.0014733368
móe . con nhện . cười đau cả ruột .,0,0,0.0027998458
thề cứ 1 lần trượt là tao cười to hơn 😆😆,0,0,0.004832207
chị đầu tiên buồn v :((,1,0,0.0020765164
tao đã rất muốn làm bạn tốt anh em tri kỉ với tụi hắn nhưng không ai muốn làm bạn với tao - _ -,1,0,0.00983565
con gái tao thì suốt ngày hêy siri bắt chước mẹ 😂,0,0,0.004680223
"đi hát văn nghệ cho trường nguyên cấp 1 , kiếm được kha khá . cấp 2 vỡ giọng , khỏi hát 🤣",0,0,0.002203167
tao rất thích nhạc trung từ giai điệu đến ý nghĩa rất hay 😁😁😁,0,0,0.0014277174
nhà tao cũng gần mà tao không bao giờ dám đi đêm,1,0,0.07138435
per có ai còn nhớ thời đầu băng xem đi xem lại xuốt ngày không kakak,0,0,0.0029619741
thế là hết những gì đẹp nhất của nước pháp sao không phun nước cứ để cháy rần rật nhỉ,1,0,0.0018250566
tại vì anh trót nói lời thương em mà em không đáp lại,1,0,0.0059630806
mới ngày nào bidv còn đứng nhất mà .. haizzz,1,0,0.0028332192
bị nó chặn đầu mấy lần khóc sướt mướt luôn . mấy con yêu nghiệt này còn dữ hơn chó,1,0,0.0025773533
per tuổi thơ của mềnh đi học là lúc nào bạn tao cũng ngồi trên và khi nào múa giờ ra chơi cũng múa chung với mềnh 😅😅😅,0,0,0.0032685164
nhìn là yêu roi muốn nuôi quá trời mà sợ không chăm được em 😢,1,0,0.0027017018
đôi khi hạnh phúc chỉ là những điều giản dị nhất mà chả ai nghĩ tới 😊,0,0,0.00604195
huhu xem mà muốn khóc vãi,1,0,0.002515454
tao thấy tai nạn giao thông là tao nói với mẹ .. con chạy ra đó để tối lên ti vi ... mẹ tao chửi sấp mặt luôn,1,0,0.0062691635
nó giống tao ghê . gặp tao tao cũng chọn mày,0,0,0.0018955356
"per hay đó bro , trừ điểm bro chưa bao ăn :)) - 10",1,0,0.0017062252
cũng sợ mấy con ngoe nguẩy như giòi 😰,1,0,0.0027058597
"ước gì mèo nhà mình cũng có thể về nhà như vậy , mất ẻm được 2 năm rồi :(((",1,0,0.003423298
tự dưng cay mẹ mắt,1,0,0.011359947
bác vẽ làm tao nhớ con cá này vãi =))),0,0,0.001958093
trường gửi điểm về và mẹ cũng điện chửi :(,1,0,0.004831432
nói chuyện như người yêu ??,0,0,0.002500412
đó là một câu chuyện buồn 😀,1,0,0.003904933
xem xong tôi cảm thấy còn u ám hơn :)),1,0,0.003648191
chúng mày cứ cười . dm mai gần đấy có biến lại thấy anh ấy trong bộ cảnh phục thì lại tung hô quả nằm vùng quá đẳng cấp 😂😂😂,0,0,0.0019849327
không phải không thích mà bản thân chưa đủ tốt để sánh vai . phải chi anh có thể đợi em khôn lớn !,1,0,0.0038450672
rất có tố chất . liên đoàn xe đạp việt nam có thể liên hệ để đào tạo được đấy,0,0,0.00165143
"đếu thể đỡ được "" tiền mừng , tiền mừng "" hahaha",0,0,0.002826552
còn buồn hơn là cố quan tâm thế nào họ vẫn không hề rep lại,1,0,0.0039202343
đáng yêu phết nhể,0,0,0.0015316185
tuổi trẻ tài cao =))),0,0,0.0018551792
ước gì được giận lại 😐,1,0,0.012145694
sợ vãi linh hồn 😞,1,0,0.0026351209
thôi chết haha ...,0,0,0.0124143865
cái này phải hơn 20 năm rồi . lần đầu không biết canh lửa nên cơm khét hoài 🤣🤣🤣🤣🤣,0,0,0.005298393
anh lỡ mất em rồi huhu,1,0,0.0020941007
per ly trà sen của anh đem qua có ngày nó thành như v đó 😭😭 hức hức ...,1,0,0.0032386868
ngầu lắm bạn ạ ^^,0,0,0.0016452293
đã gặp được em đúng lúc . nhưng lại không phải thời điểm em muốn ....,1,0,0.008678751
những người em thích đều đi nơi đâu rồi còn con ml bên cạnh song hành,1,0,0.0031573202
ơ thế hoá ra tao không bị ngu một mình ?,1,0,0.0056272144
ngày xưa mẹ tao dạy ở miền núi . năm tao học lớp 3 lần đầu tiên lên trường với mẹ . đaumoa mấy con ngỗng mất dạy rượt tao leo lên cây phượng cao chót vót cả tiếng không dám xuống .,1,0,0.020498473
món này ngon vãi,0,0,0.0015586616
cầu cho chú luôn mạnh khoẻ ạ 😢,1,0,0.0017711048
chỉ ước về sau mình được vay,0,0,0.0081282295
không muốn yêu ai cả,1,1,0.8267425
minh biết nữa ne,0,0,0.003660132
trên đời vẫn còn nhiều điều tốt đẹp ❤️,0,0,0.0020262056
mai tao cũng đi ship mới được . có bài này áp dụng luôn .,0,0,0.004190154
thằng ben thật tội nghiệp,1,0,0.0017426469
cả đời mình chỉ ước có 500tr trả nợ ngân hàng cái xe để chạy kiếm ăn ...😥😥😥,1,0,0.0067360317
t cười ỉa ...🤣🤣,0,0,0.0022140066
em buông tay anh nhé .... quá khứ ấy anh hãy xoá hết đi .......,1,0,0.0039196857
rụng tim 😭,1,0,0.0020209989
tao không tin đâu hiccc =(((,1,0,0.0022665274
ngày hôm ấy tuyệt đẹp nhưng lại đượm một nỗi buồn ngày mai thôi chg được gặp thầy cô bb lũ chúng tôi khép cánh cửa ấy lại nhìn lại toàn bộ khung cảnh ôi thân thương biết mấy cảnh vật quen thuộc sẽ không được trông thấy nữa,1,0,0.0028993327
chúc mày mau khoẻ nhá chủ thớt ạ =)),0,0,0.0015269483
được . đỡ tốn 5 nghìn,0,0,0.0024621978
muốn nhanh thì phải từ từ =))))),0,0,0.0039062686
ốm mà xinh thế :3,0,0,0.0019031026
dạ cho em hỏi cái đường này ở đâu z ạ . để em đéo tới đây ạ . đm bước cái chắc tét háng,1,0,0.0042953766
"dù chỉ để nhìn 1 cái , để biết người ấy vẫn ổn , người ấy còn tồn tại . ít nhất là nv 😔",1,0,0.00461265
má . đang định đi chụp :((,1,0,0.0021604828
bày đặt viết trên cát khắc luôn vào đá cho tạt thoải mái,0,0,0.0019596827
cho em canh với . hehe,0,0,0.0017782814
"anh sau đó , không còn là anh nữa ...",1,0,0.03887295
sao giống phim good doctor của hàn vậy ?? cũng bệnh tự kỉ và có khả năng nhìn được 3d !,0,0,0.00390291
đẹp trai thật .,0,0,0.0016126108
hay . đỡ mệt,0,0,0.0016254955
per bài tủ 1 thời =)),0,0,0.0020849383
tôi cắn bất chấp =)))))))) chắc là tôi yêu tụi nó cuồng si rồi,0,0,0.0035835018
mở ra mà thấy vậy chắc tao sợ quá mà chết luôn mất :),1,0,0.005201163
đồng đội chơi tốt quá hahaaa,0,0,0.0014382935
giọng cute phết,0,0,0.0015543827
tao sợ ăn xong nóng đêm gãi toét chân,1,0,0.008938956
"con gái không thích con trai đầu hói , vì cưới về dễ nhầm đầu :d",0,0,0.004867718
chuẩn bị prayforparis thôi 23 tuần kể từ khi phe áo vàng làm loạn rồi mà vẫn chưa dẹp được .,1,0,0.007007773
đau đớn quá sao phải tham mấy đồng tiền đó nhỉ,1,0,0.0018994143
"hăm hở đón nhận tất cả , thậm chí là nỗi buồn , nếu điều ấy khiến việc tồn tại của bạn mang một hương vị đáng nhớ ...",1,0,0.009650283
buồn nhất là crush cũng chả có để mà thả 😞,1,0,0.021075267
"tao sợ chó lắm .""",1,0,0.0038843711
"tuổi thơ tao gặp toàn trai bánh bều , mít ướt . toàn là tao galang , dỗ dành . ôi cái cuộc đời này per",1,0,0.003275057
"ngày đẹp trời là ngày được nghỉ làm , đi những nơi mình thích , với người mình thương , ăn những món ăn ngon . xong về ôm nhau ngủ :)))",0,0,0.0022959614
"nhớ hồi euro 2012 rực sáng trong màu áo tuyển ý , ghi mấy bàn mà bàn nào cũng thấy phê .",0,0,0.002048679
chồng tương lai lại nuôi vợ thằng khác,1,0,0.0031477576
"thương các con quá , lũ khốn nạn vì lợi trước mắt ma tội cho bọn trẻ , bọn này cho chết het",1,0,0.0030090818
t thấy tội nghiệp thằng cải,0,0,0.0038773725
hồi bé bị ngỗng dí hoài =)) sợ vãi,1,0,0.0025927396
má chắc gặp tao chạy mất giày,1,0,0.0025699243
"bữa tao coi cái video này nhưng nó ghép nhạc bựa vãi ... mỗi lần mỗi anh té là first blood , double kill ,... các kiểu =))))",0,0,0.0018030206
bạn gái nào xinh xinh mà bị lạc thì vào nhà mình cho ngủ nhờ này . ??,0,0,0.0023467625
đúng là càng ngày càng chán . cứ theo luật mà làm thì chán cực kỳ luôn,1,0,0.0034888526
cái cuối phê vãi,0,0,0.0016369686
ê tao đi nhật chưa được 1 năm mà xem video này làm tao loạn ngôn ngữ ghê . thỉnh thoảng phải dừng video ngẫm câu nó nói nghĩa gì,1,0,0.0031753834
per kinh dị thấy mệ luôn nè,1,0,0.0016224796
làm chó khổ lắm chứ bộ :((,1,0,0.0024203877
bức ảnh này lại làm mình bị ám ảnh . haz,1,0,0.0042766975
dân chơi nhìn cái biết ngay 🤣🤣,0,0,0.0017844593
đáng yêuc quá,0,0,0.0015751402
tiếng guitar thật tuyệt,0,0,0.0014766165
mỗi lần tao ăn đu đủ bằng thìa thì bố tao lại chửi tao . bố tao bảo loại mày ăn đu đủ không cần thìa đâu .,1,0,0.014578303
mệt như chó :3 nhưng mà hoan hỉ đầu năm đi xin lộc :v,0,0,0.0030384636
đáng yêu quá . phải thằng trai nhà tao thì nó sẽ nhẩy vào tính ôm luôn cái máy ấy về =)),0,0,0.0021262073
đau nếu còn nghĩ về nhau thì hãy quay về bên nhau :)),1,0,0.0027412158
một hành động đẹp đầy tính nhân văn ☺️☺️,0,0,0.0015624
"hôm bữa đi ngang qua , thấy hết con mẹ nó hồn",1,0,0.0031905568
nhìn một cái rồi quay đi là thấy mãn nguyện rồi .,0,0,0.0021443479
ôi hạnh phúc quá 😄😄😄,0,0,0.001490742
biết ngay anh per lại mượn đầm của vợ :)))),0,0,0.0019572005
sợ vãi,1,0,0.0024038411
tao ho rụng hết tóc rồi 😭,1,0,0.005096742
dù có sống được mấy đời thì cũng nợ mẹ cha trọn cả mấy đời .,1,0,0.008617332
đây là một câu chuyện buồn 🙁,1,0,0.003734081
má ơi đây chính là thứ ám ảnh nhất cuộc đời con . kẻ thù 😢😢😢,1,0,0.14005336
per bị chữi thì ráng nghe mà vui đi nghe . cứ như nghe hát miễn phí 🤣🤣 còn bị chữi là còn hạnh phúc . nguoi ngoài ngọt ngào nhưng chắc gì đã thật lòng đâu,0,0,0.001958435
tao tưởng tượng sau này sẽ có 1 thằng bồ vừa điên vừa ngáo giống tao .. chắc vui hết sảy 🤣,0,0,0.005188261
sợ quá đi,1,0,0.0020347792
cay và đắng nghe mấy ông lớn tuổi toàn kêu thế thôi,0,0,0.0019050952
thấy dòng này quen quen . thấy đọc bình luận của ai á . haha . buồn cười 🤣 🤣 🤣,0,0,0.0016635307
và đương nhiên sẽ có ngày cô ấy sốc vì giới tính thật của cô ấy !!!,1,0,0.0077642384
là nhân duyên trời ban cớ sao chẳng thành đôi :(,1,0,0.0044774655
tau đã được bà nội vá quần 🙂🙂🙂,0,0,0.0034233513
page bị hack rồi . video hay nhất mình từg xem,0,0,0.0018148681
""" tụi mình tuy không yêu nhau hai lần , nhưng nếu có cơ hội ... anh chắc chắn vẫn tặng em đoá hồng đẹp nhất """,0,0,0.003614059
chỉ khổ các con thôi !! sao người ta lại có thể mất nhân tính như vậy,1,0,0.003919598
crush của tao cười hơi bị xinh :3 xinh + cười = đỗ mãi • 3 •,0,0,0.0015880619
dễ thương quá à ????????,0,0,0.0016039022
chuẩn kkk 😁,0,0,0.0018950016
ukm . nguy hiểm thật :'<,1,0,0.0016677647
"đi chơi gặp 3 con mất dậy này vừa bị dí vừa bị cạp đít đau không chịu được sau phải nhảy lên cây để trốn , giờ gặp là sợ 😭😭",1,0,0.0037106185
per mày cứ kén chọn đi chúng nó yêuc nhaooo hết rồi kia kìa ahuhu .. không tin vào mấy thằng ông nội cơ bắpppp nữaaa,1,0,0.0074319667
câu chuyện lấy đi nước mắt của tao,1,0,0.002897095
"thằng bạn ngồi kế bên lớp 2 nhà bán vàng mà nó học dốt , thế là làm bình thường về nhà cho nó , 1 bài 2k , mồi ngày kiếm 8 - 10k 🤑",0,0,0.004413027
sự thật thì cố suy nghĩ vui vẻ hạnh phúc mà trong túi không có tiền chỉ sợ đất cũng không có mà ăn,1,0,0.004391785
nhưng tao đéo có crush,1,0,0.0031091843
tận cùng của nỗi đau :(,1,0,0.00420418
cần tìm gấp bạn trai đáng yêuc như anh này trời đất ơi =)),0,0,0.0021037273
đố ai định nghĩa được tình yêu . có khó gì đâu một buổi chiều . kề dao vào cổ yêu không hả . gật đầu lia lịa thế là yêu 🤣🤣🤣🤣🤣🤣,0,0,0.002413648
chẳng biết nói gì . xem video em cười suốt mà lòng tôi không thấy vui tẹo nào . thương em,1,0,0.0041828477
cẩn thận mày lại có cháu sớm 🤣,0,0,0.004073963
cái dây ở ảnh đầu xinh vãi vậy,0,0,0.0017111722
"lúc nhỏ mẹ nấu cơm bằng bếp củi , ttao thì không biết gì thấy lửa tắt thì chụm vô : )) mẹ ra quánh cho trận vì nồi cơm khét nghẹt 😑",1,0,0.0037914105
"ngày xưa đi học gần trường có bày ngỗng , hôm nào nó cũng cà khía rượt tụi học sinh chạy sấp mặt luôn",1,0,0.0032942083
tao thầy mày cười hí hửng vại mà ?,0,0,0.0020765006
nhìn đáng yêu vãi :))),0,0,0.0017210254
buồn thế nhỉ . t mới mua con per chưa nổi 1 năm . thế này thì biết sống sao 😨😨,1,0,0.009675206
đồng nghiệp của tôi thật tuyệt vời,0,0,0.0015858791
per luôn yêu đời và luôn yêu công việc em nhé,0,0,0.0016154466
"sợ nhất mấy đứa ảo tưởng sức mạnh , nhắn tin nhiều chút là auto mình thích nó",1,0,0.0027525888
mẹ đang buồn ỉa mà trên đường về gặp mớ gờ giảm tốc kia thì phọt bà ra quần 😨,1,0,0.0028990346
hay lắm . thằng anh giúp 2e thêm yêu lao động,0,0,0.0013271385
"cô ấy rất tốt , nhưng tôi biết thứ nào tốt đều không dành cho mình",1,0,0.0050948826
"nhổ tóc sâu cho bố , hình như được 500đ để mua kẹo dồi 😂",0,0,0.0025650228
rất vui mừng khi ông ấy rời việt nam an toàn tuyệt đối ....,0,0,0.0015016999
"vợ người ta chưa bao giờ làm tôi thất vọng , còn vợ tôi thì ..... đi hết 1 / 3 cuộc đời rồi vẫn chưa tìm thấy 😓",1,1,0.57153195
tao thì sợ nhất lúc nó mới cắt tóc,1,0,0.004730041
"sau 1 thời còm men dạo khắp muôn nơi , cháu đã lên được fan cứng rất rất cứng 😆😆",0,0,0.0025619003
thằng nào sửa xe này dễ đau tim mà chết lắm . :)). nhất là những thằng sợ rắn .,1,0,0.0029819258
ừ công nhận == không có tiền mua,1,0,0.0033925266
chỉ là không có ai để nhắn thì mới nhắn cho mình . công nhận nguy hiểm,1,0,0.004908167
có tâm mới có tầm haha,0,0,0.0034354385
"ngày xưa nuôi mấy con mèo . đêm hôm nó cứ lựa lúc cửa mở là chạy đi chơi mất . những lần nó không về buồn thối ruột , tối cứ mở cửa để đợi tiếng meo meo 😥",1,0,0.010582505
per ơ tao còn chưa kịp đến bắt tay mà :((,1,0,0.0023178668
"chống mắt mà xem này khi bồ nói anh muốn đi tập gym thì dẹp ngay và luôn , măc công nó yêu thằng khác mất quá per",1,0,0.0032171647
đúng chất dân miền tây hahaha,0,0,0.0017033459
sống với nhau đến cuối đời người ta cũng chỉ mong có vậy .,0,0,0.0150228385
đang trong lớp mà ứa nước mắt,1,0,0.002269442
nhìn quả mặt nó làm tao thoả mãn vãi,0,0,0.0014496441
"😔 tao không lấy chồng nữa , ở nhà nấu cơm cho mẹ , tao sợ lắm",1,0,0.119066894
"chuẩn thế còn gì , phải có uy tín trong nghề mới thành công được",0,0,0.0026743463
per ngôn tình luôn ở quanh ta nhưng nó đéo đến với chúng ta 😏,1,0,0.0029167454
vận may s cứ xua đuổi mình hoài chứ có bao giờ tự tìm đến đâu ? đen thôi chứ đỏ quên điii nha . đời thường giết chết kẻ mộng mer như mình .,1,0,0.016614037
"nguy hiểm lắm , ngồi nhà lướt facebook thôi mà không cẩn thận thì mất tim lúc nào không biết",1,0,0.006560121
per tập gym đi mày có người yêu đấyyyy =))))),0,0,0.0017979916
rõ ràng vẫn là một người mà cắt tóc xong nhìn đáng yêu vãi :v,0,0,0.0017419187
tuổi lồn hù được bố m,1,0,0.0025974433
dume sởn gai ốc 😭,1,0,0.0018604366
giờ thì chả dám nhìn nữa hic :((,1,0,0.009714071
"không phù hợp thổ nhưỡng , khí hậu . vậy mà vẫn tung hô , dải ngân để làm khổ dân . quả bóng trách nhiệm chẳng thuộc về ai cả . 😢😢",1,0,0.0052756555
khóc vãi 😭,1,0,0.0020880755
thề luôn con ngáo nó thích trêu mấy đứa sợ sợ như này =)),0,0,0.002577369
bố mày đã sợ nhện rồi xem cái video này ... vãi đái :(((,1,0,0.001977091
chỉ những người độc thân thôi,1,0,0.0023461261
giữ mãi lòng nhân ái các em nhé ! tấm lòng các em đẹp biết bao .,0,0,0.001626528
hay quá,0,0,0.0017150537
không cẩn thận phát là ngậm bả như chơi,1,0,0.002732582
"trải qua một cuộc bể dâu , rồi bể ong ???? lót dép hóng :v",0,0,0.0051694773
xem mà rơi nói chuyện mắt khi ăn luôn 😭😭😢,1,0,0.0019619928
má :))) đoạn đeo mặt nạ kinh dị vkl :)),1,0,0.0018298965
mỗi tao thấy hồi xưa còn đẹp hơn à :))) bây giờ nhìn như bóng long xuyên vậy,0,0,0.0021509707
hạnh phúc . mà hạnh phúc của đàn ông thì khó nói lắm . kaka,0,0,0.0020603254
hahah thú vị ghê hen,0,0,0.0014583888
yêu quá ! xinh quá ??????,0,0,0.0015520214
đọc chả hiểu gì :( mất gốc rồi :(,1,0,0.0025021122
bức ảnh xuất sắc ❤️,0,0,0.0015737461
"có tớ nhé , bạn không cô đơn đâu .",0,0,0.0036748897
dăm ba con nhện nghĩ tao sợ (((=,0,0,0.0024580238
có tiền sẽ thấy các vị gọi là thượng hạng còn không tiền sẽ chỉ thấy vị mặn của mồ hôi + nước mắt,1,0,0.0051094713
"ước gì boss không co chân lên , tao vẫn sẽ nghĩ là boss thật khí chất =)))",1,0,0.0025689611
per dạo này béo quá rùi :(,1,0,0.0015110868
"làm ca nào không quan trọng , quan trọng là có đồng bọn bảo yến nguyễn hạnh 🤣🤣🤣",0,0,0.0015568045
thật tình là rất xin lỗi anh ở trog video . hi vọng sẽ gặp đuợc anh để xin lỗi và tạ tội với anh . thật ra hộp quà trong video là của con lol per với người yêu nó tặng nhau dịp sinh nhật . híccc,1,0,0.0022540155
"sời , lừa làm sao được tao :))",0,0,0.0020573167
may quá tao không xài huawei kkk,0,0,0.004073278
thôi thì đi xem avenger lần 3 để tránh nóng nốt chiều nay không mai mưa rồi hehee,0,0,0.0034530216
bác này nói hay,0,0,0.0014861842
đối với thế giới này bà lão chỉ là một ai đó . nhưng đối với ông lão đó bà lão là cả thế giới 😊,0,0,0.006575011
pháp không còn khoảng thời gian bình yên nữa rồi,1,0,0.00808118
"trời mẹ phim gì vậy thớt ơi , cười ná thở",0,0,0.0020155243
"tui thi ́ ch va ̉ i lă ́ mày ma ̀ ăn nhỉ ̀ u no ́ người lă ́ mày mọi người anh ̣ , bi ̣ lơ ̉ miê ̣ người",1,0,0.0066970116
dễ thương vậy chời,0,0,0.001866466
bằng tuổi em các bạn đang ôn thi mà em phân vân không biết chọn trường nào :((,1,0,0.009827466
"ngày xưa , ngoài thú vui chọc chó dí , còn chọc cho ngỗg rượt . cách giảm cân hịu quả nhất cho mấy đứa lười 😂. nhớ lại vui thật , đúg là thời sửu nhi .",0,0,0.00365799
buồn hơn khi tôi còn là gái 🙄,1,0,0.016384488
sau vụ 200k thì vụ 5tr này có nội dung hài hước y hịt :)))),0,0,0.0022663418
per không lẽ sau này kím bạn trai không tập gym 😖,1,0,0.004823185
per làm gì quên được kkkkk,0,0,0.0067783394
tao của ngày này năm trước đang ước đừng lấy quỳ tím đem ra thử nghiệm . :(,1,0,0.0045030355
"giống hệt mình , nhưng bạn may mắn hơn vì bên này quyết trốn nợ tận cùng",1,0,0.006387205
cái mặt hoang mang thấy thương 😆❤️,0,0,0.0023036846
"tháng 10 đến rồi , em đừng buồn nữa nhé ❤",0,0,0.0026814076
có đứa nào hồi bé không biết nấu còn tranh làm rồi quên không đổ nước như tao không :))),1,0,0.0031856848
trời má cute vãi lozzzz,0,0,0.0015168448
"quá bản lĩnh luôn , người đáng nể , tiếc là anh ấy sắp bị tử hình rồi",1,0,0.0020928334
ngày tao chia tay tao khóc quá trời luôn,1,0,0.0026061162
thật may em đã gặp được người tài xế tốt 🌸🌸,0,0,0.0014802292
per giống cái bữa mình viết ghê,0,0,0.0017480802
chưa có cơ hội nói cảm ơn và xin lỗi . vì chúng ta xứng đáng được bình yên,1,0,0.0048154555
các bạn đã xuất sắc hoàn thành nhiệm vụ,0,0,0.0014329883
định share mà đọc bình luận tắt con mẹ nó cảm xúc :(((((,1,0,0.0015918398
per kinh nghiệm nha,0,0,0.0014683317
chàng trai vàng trong làng bấm biển =))),0,0,0.0023412046
chuyện buồn quá chúng mày à . tao không dám đọc sợ làm quyết tâm có người yêu của tao lung lay 🙄,1,0,0.006395584
giống chó này hình như không có lông ạ ?? chó nhà em lông rụng đầy nhà .. huhu,1,0,0.003477097
chời ơi mới chụp răng 2 bữa trước về không ngủ được tới nay luôn,1,0,0.0033047304
trời ơi cái đoạn này em khóc tu tu luôn 😪.. trong khoảnh khắc rời xa một ai đó mãi mãi cơn đau thấu ngực trái huhu,1,0,0.010107806
sao giốg với mình v . nhưg mình từ bỏ rồi người ta hình như cũng có người khác . từ đầu là do mình ảo tưởg thôi giờ thì tỉnh đi cô gái ạ,1,0,0.0101226065
tư duy của họ hơn hẳn 1 cái đầu 👍,0,0,0.0058511533
rất thuyết phục,0,0,0.0015565304
chỗ tao cũng có cây tình yêu < 3,0,0,0.0019150695
1 % kìa rồi ra cổng gọi thế nào :)),1,0,0.0018049491
hạnh phúc ghê,0,0,0.0016124095
ba ́ o giâ ̣ tao ti ́ tao la ̀ mày hoa ̉ người loa ̣ n ngươ ̀ i dân . haizzz,1,0,0.005179433
đm main mới hay quá đi,0,0,0.00145313
per kỉ niệm nhất là những ngày trốn học cùng nhau đi xem phim 😂😂😂,0,0,0.002035687
nhìn cái bà này tôi chỉ muốn xoạc bà 1 cái . sao bà không là con trai nhỉ . ông trời quá là trêu người rồi,1,0,0.00312831
sư tử chứ dễ thương q . q gì,1,0,0.0030340424
trai tài gái sắc .. danh ngôn rồi tài sản chứ tài gì !! 🤣🤣,0,0,0.001518647
"chịu hay không không quan trọng , quan trọng là không có ai lấy",1,0,0.003597812
điên khùng . nhưng hahahah . nhiều tiền quá mạ ơi,0,0,0.0024482312
"thiệt là cao minh , hahaaa",0,0,0.0015811177
"đôi khi cũng muốn dỗi lắm , nhưng nghĩ lại đéo có người yêu mà dỗi",1,0,0.01765903
trồi ôi mới đọc tưởng đâu người yêu,0,0,0.001570511
em mình là con trai viết đẹp y chang thế này nhé,0,0,0.0015317774
"haha ,,, sao không kêu tao ..",0,0,0.00349612
mặt tao như này ai mê cho nổiiiii,1,0,0.0041945623
"thứ yêu nghiệt , nhỏ g vẫn sợ nó nhất sau mấy con lắm chân t . t",1,0,0.004700915
anh tây này đáng yêu chết được cứ tiếng tuy hoà phú yên ma học đi nhá ☺️☺️,0,0,0.0014573497
per sao bố lại đủ bình tĩnh để xem hết cái trailer này nhỉ . _ . sợ vãi,1,0,0.0024018143
"xem đi xem lại không chán , best của best 😭",0,0,0.0015238805
"cả đống người trên đường , mà nó chỉ dí mình tao 😭. t đã làm nên tội gì 😭😭",1,0,0.0061757024
chàng trai mạnh mẽ !,0,0,0.0016946831
tìm đối tác 😔,0,0,0.0017825152
thấy cưng gì đâu,0,0,0.0021546544
ngôn tình từ anh mà ra,0,0,0.0016706382
tao được thấy nói chuyện mắt của bố tao khi tao bệnh và khi tao lấy chồng,1,0,0.012054706
không biết thật mà hix .,1,0,0.0024271738
per =)))))))))))) tao cười không biết chỗ nín lun,0,0,0.002416482
cứu tao :(( tao sợ rắn,1,0,0.0023151617
bộ cuối nhìn đau lòng thật :(,1,0,0.0016138678
còn mình nhìn như thằng ngu,1,0,0.0024465923
thương chỉ sợ em không cho anh cơ hội thôi,1,0,0.0042024157
per má có điểm cho sướng vãi,0,0,0.0017644118
ôi không đừng vậy mà :((,1,0,0.0017970316
phim hay vãi ấy xem lâu lắm rồi,0,0,0.0015582736
chỉ cần 1 cây hoa . nói lên tất cả .. hi,0,0,0.00320561
điều hối tiếc nhất cấp 3 là chưa kí lên áo của nhau 😢,1,0,0.0027640448
"ôi zồi ôi , nhìn cái mặt của ẻm kìa , yêu ghê :))",0,0,0.0015014082
chào tháng 10 !! tháng sanh thần của tôi .. hi vọng mọi chuyện tốt đẹp,0,0,0.0020472608
bây giờ tao lấy chồng rồi còn không có cơ hội ngủ với em gái 😫,1,0,0.0120913945
đáng yêuc quad 🤤🤤🤤,0,0,0.0018406477
có đứa nào đéo giật mình như tao không :))),0,0,0.003368861
môn này đéo dành cho những người chân ngắn như tao :) bay qua chắc lọt mẹ xuống sông ^^,1,0,0.0034845516
góp vui cho chủ thớt 😂😂,0,0,0.0015379018
trông mặt buồn chưa kìa per :(,1,0,0.0015774155
30s mặc niệm bắt đầu ...,1,0,0.0020690095
"mà sếp cũng duyệt , cũng in rồi haha",0,0,0.0025827582
đm ngồi chờ đã rồi các tổng đài viên đều bận 😭😭😭,1,0,0.0039014923
con gái chả thế :)))) con trai đi dume mày có nhận hàng không,0,0,0.0024550816
ánh mắt thằng con muốn nói : cứu cháu hình như ba sắp ném con ùi,1,0,0.005404688
"không được uống đã đành , ngồi dọn sấp mặt luôn , như con cáo và chùm nho xanh per",1,0,0.0033851133
"kỳ nghỉ hè muộn của anh mà , xõa hết đi anh .",0,0,0.0023085573
per chơi với con trai riết nên giờ đéo có người yêu nổi vì tính tình không khác gì con trai,1,0,0.0030763715
chán mấy ông thanh niên .,1,0,0.0022517233
má đáng yêuc quá dạyyyy ??,0,0,0.0015474964
phim này mới ra được có tập 1 thôi . hay phết,0,0,0.001705073
mẹ đi ngầu chết mẹ đi được chứ kì quặc gì =)))),0,0,0.0020159543
"per mày nhìn thành long hồi này có thấy giống mặt anh chung nhung hồi xưa không :))))). thề luôn , tao thấy giống vãi 🤣",0,0,0.0023672227
t đã thử rồi mà dume vẫn la :)))),1,0,0.003185833
thạ timmmmm đùa tao yêu mặt nó lúc ôm đầu vlllll xinh quá con ưiiiiiiii,0,0,0.0017309248
dự định tao là 28 nhưng giờ mà có bồ là bắt cưới luôn chớ sợ ế haha,0,0,0.0065529244
"chủ động nói chuyện , nhắn tin khi có time . nhưng đời không như mơ",1,0,0.003309109
tuổi thơ của tôi =)),0,0,0.0032216604
"cũng tùy , đôi khi không cần vật chất mà chỉ cần động viên , san sẽ những khi con mình vấp ngã hay khó khăn trong cuộc sống thì ...",1,0,0.010043034
khoảnh khắc tao nhận ra tao đã từng rơi vào hoàn cảnh bế tắc này 😌😌,1,0,0.019791635
"per chị mày đánh lộn từ đầu làng đến cuối xóm thì cần chi bọn con trai , nhưng nhìn bọn nó dễ thương hén",0,0,0.0022045528
"crush một ai đó là điều không bao giờ có rồi , vì mình vừa béo , vừa xấu gái , vừa vv and vv . auto nhục 😞😞😞",1,0,0.0065869377
"chúng mày nhìn , tao nuốt cũng không xuống nổi , ông địa",1,0,0.0076848874
và rồi cô ấy sẽ mãi mãi không có người yêu =((,1,0,0.0045307265
"đau lòng vãi . cứ tưởng là đùa . ai ngờ , bồ nhau thiệt . ơ . tớ có sừng không",1,0,0.0029975493
nhiều khi nghĩ mình không phải con gái mà là 1 thằng đàn ông chính hiệu kkkk ....,0,0,0.011175748
vẫn ế bền vững,1,0,0.0022780718
sao mình lại không xem được vậy admin 😭,1,0,0.0034374518
"khóc không chịu được luôn , và mình cũng sẽ làm được nếu phải đánh đổi tính mạng cho 2 cô con gái bé nhỏ của gia đình mình",1,0,0.009768759
ảnh đẹp quá 😍,0,0,0.0016550778
ui còn chưa kịp đi xem đã rút rồi :((,1,0,0.0021865428
per bếp lò xo huyền thoại của ngoại hay nấu nè,0,0,0.0014369588
cả 2 kẻ này đều đáng sợ !,1,0,0.0020342798
muốn tạo ra niềm tin đôi khi bạn cần sự dối trá 😉,0,0,0.011888974
xài vietcombank sinh nhật cũng không được chúc luôn :((,1,0,0.0020887365
buồn cho số phận 😢,1,0,0.003994217
"lâu rồi mới thấy trailer chất như lày , so excited",0,0,0.0018965371
quả mắt nhìn sợ vãi,1,0,0.0020769532
quê vải mà chưa được ăn quả nào . huhu,1,0,0.0022625078
chẳng bằng bố tao 13 năm tự nhiên hỏi bố biết tên con là gì không thì chần chừ một lúc rồi phun ra tên chị tao,1,0,0.011571803
vì chúng ta không nên nói chuyện với nhau nữa,1,0,0.0058225095
"sợ vãi , mém xỉu",1,0,0.0022656508
"tự nhiên thấy tụi con gái khóc tu tu , thế là mình lủi ra ghế đá trước lớp ngồi . tự nhiên cô dạy văn cũng ra theo xong ôm mình khóc ,",1,0,0.008570434
"bị ngỗng mổ sợ vãi_chưởng , hồi bé tao đã không sang nhà b tao cả tuần trời vì nhà nó mới nuôi ngỗng mà bình thường tao toàn ăn chùa cơm nhà nó thiếu điều làm con nuôi nhà nó nữa thôi :))) nhắc lại mới thấy sợ vãi",1,0,0.0046510953
mùa thu năm ấy cta đã gặp nhau ?,1,0,0.004321936
thích :)))) đi làm vui hay không là có đồng nghiệp tốt đừng chơi xấu mình là được :)),0,0,0.0018439079
chỉ sợ lúc nó dí,1,0,0.0039892816
tao là thằng chưa bao giờ giận người yêu vì người yêu tao không bao giờ làm gì có lỗi hết,0,0,0.012677459
ai sẽ cùng tôi mang nỗi đau này cơ chứ,1,0,0.3782934
tao rất sợ mất đứa tỏ ra như thế,1,0,0.0040138285
rơi mất tim . nguy hiểm thiệt ^^,1,0,0.0020727238
phim này xem rồi ý nghĩa vài,0,0,0.0017179791
chắc học từ bỏ quá,1,0,0.0038278098
t đu ́ theo thôi :v tao biê ́ tao thư ̀ anh no ́ la ̀ shipper,0,0,0.0038489557
bởi vì gặp nhau sai thời điểm nên tôi mất người mãi mãi ...,1,0,0.00987076
cưng ghê ❤️,0,0,0.0017908036
mới đi nhổ răng số 8 và chụp 😞,1,0,0.0024828517
chưa được đi pháp mà huhu,1,0,0.0024723671
"t không tiếc mấy ly trà sữa , chỉ thấy tội cho mấy cô lao công dọn dẹp mà thôi 😔",1,0,0.0032904996
qua chạy xe nẹt nẹt bốc đầu bố ai dám dô,1,0,0.0028586048
thế chân ngắn như tao thì phải làm sao với cái cầu,1,0,0.0058343466
đó là khi tao muốn cắn ai đó điên cuồng :),0,0,0.04969246
"ước gì mày được quay về tuổi thơ , trước mày cũng có 1 b trai như vậy đó",1,0,0.0068130367
chuẩn luôn :3 độc vô tình bắt gặp thôi cơ mà giờ tao bị ăn bơ rồi 😭,1,0,0.0022145663
hình như sau boss bị chết ạ,1,0,0.002832558
per thế mà cháu tôi không biết chơi 😭😭,1,0,0.002580045
mẹ nó chứ xem xong mình khóc hết cả nước mắt,1,0,0.0042120945
chả mong gì nhiều chỉ mong về già được như hai ông bà ! 😊😊😊,0,0,0.0028519144
dăm ba cái trò nấu cơm này sao làm khó tao .,0,0,0.002208146
"công ăn việc làm còn chưa ổn định , bố mẹ già còn chưa lo được thì kết hôn để làm gì 😪",1,0,0.009782273
sợ vãi nồi tao còn tg thằng kia bay ra cơ :)))),1,0,0.003573379
khổ nhất người có bầu,1,0,0.0024373736
thế thì nó lại tốt quá,0,0,0.0016298054
với mình đoạn mấy thằng đỡ đẻ là hay nhất,0,0,0.0015177239
mày xinh ghê vậy :d,0,0,0.0014769977
lâu lắm rồi mới nghe lại bài này 😀,0,0,0.002456904
bình thương tao hay cười lắm . nhưng khi tức tên ... tao lại khóc . quá yếu đuối,1,0,0.020139135
hmm hãy tưởng tượng nó là một chú gián xink xắm xoè cánh thiên thần bay đến ... 😞,0,0,0.0024425373
em chân thành nên em tổn thương,1,0,0.0060381996
ngày xưa hồi còn học mẫu giáo mỗi lần đi qua là nó rượt tao chạy té khói dume còn thiếu nước chạy lại quỳ xuống van xin nó nữa thôi . đến giờ nó vẫn là nỗi ám ảnh với tao :)),1,0,0.005096149
ko 1 từ nào để diễn tả bộ phim này ...,0,0,0.007124134
"per đó là lý do tại sao em luôn nói với anh , có gì cũng phải nói ra",1,0,0.0076541053
xem video nay sao mà sướng hết thằng người,0,0,0.0015175692
coi ảnh này nổi cả gai ốc,1,0,0.0019333344
cưng chết,0,0,0.0028875428
thề dume c còn hết hồn nói chi đến khách =)))) sáng sớm ra mở cửa với tối đóng cửa thôi độ gan dạ cũng phải tăng lên mấy chân kính =)))),1,0,0.003053121
"per trừ điểm , trừ điểm",1,0,0.002280732
"chị ấy cười với tao kìa chúng mày , hạnh phúc ghê 😊",0,0,0.001439324
lại đến giờ giải trí rồi mềnh ơiiii per =))))),0,0,0.002332738
nhìn thôi đã đau lòng,1,0,0.00246332
per có sub rồi nè . má coi đi coi lại vẫn mắc cười . với đưa anh stk đi,0,0,0.0018187906
câu được chục con heo vàng chả được cái gì,1,0,0.0059611364
thú vị vậy =)),0,0,0.0019476106
ngày xưa đi học đạp xe qua cứ tưởng được quay phim đưa lên truyền hình :)),0,0,0.0025574167
bằng tuổi người ta mình vẫn còn mải nghĩ chiều nay ăn gì 😢,1,0,0.004654938
các bạn nữ đập đầu vào tường chết hết rồi,1,0,0.012018126
cặp này lầy mà dễ thương,0,0,0.0015176322
nhìn hói mà thấy thương gê ??,1,0,0.0021159067
móng tay và tóc theo thời gian thì mọc càng dài tại sao chỉ có con chim là nó không mọc dài hơn nữa ta,1,0,0.004508481
cao quá cũng khổ chứ sung sướng đéo gì 😓,1,0,0.0024946076
per một thời nè 😃,0,0,0.002082088
tôi ở phú yên và anh này nói rất chuẩn < 3,0,0,0.0020458098
có đứa nào vừa coi vừa nuốt nước miếng như tao không ?,0,0,0.0044468786
đó là 1 câu chuyện buồn,1,0,0.002885993
nó mà cắn ai 1 phát thì ... nghĩ thôi đã rùng mình,1,0,0.005977992
không phải thích của cải mà là thích ý chí của họ . đàn ông có chí tiến thủ bao giờ cũng quyến rũ,0,0,0.0018479502
"có tài nhưng đôi lúc muốn làm diễn viên hài 🤣🤣🤣, khoái thanh niên này buồn cười vkl",0,0,0.0023694062
siêu phẩm để đời .,0,0,0.0018647575
đựng túi nilon là chất rồi 🤣,0,0,0.0023683875
😭😭😭😭😭😭,1,0,0.003181287
đúng . biết là sự thật tàn nhẫn nhưng vẫn muốn biết rõ cho nhẹ lòng hơn :(,1,0,0.0052277953
"nhỏ thấy qua 1 lần , nó bị cột ngay trước cửa nhà người ta ở trong hẻm , mỗi lần đi ngang qua là nó lại định lao tới cà khịa",1,0,0.0059626116
per thần thái còn phải thua haha,0,0,0.0020422128
per dã man,1,0,0.0020084404
"ở nói chuyện ngoài hộ không khì thị về giới tính , họ cho được kết hôn . chứ họ không kì thị như ở việt nam mình hai người kia họ thật dũng cảm khi sống thật với giới tính của mình",0,0,0.0038220535
tao đang chờ xem bà ấy được nghe nhạc ý mà hết video 🤣,0,0,0.0021161807
"1 bộ phim phải nói trên cả tuyệt vời , xem đi xem lại cả chục lần rồi mà không ngán",0,0,0.0016111004
tận cùng của tan vỡ,1,0,0.0024571028
làm kiểu không cần bẻ phê hơn =))),0,0,0.0022096555
còn gì đau đớn hơn cảnh này :(((,1,0,0.0019890766
tuổi thơ của tôi cũng từng có 1 người c . trai bỏ mặc tất cả để bảo vệ tôi 😘😘😘😘,0,0,0.01773189
per ông xã xem khúc nó kéo xe chở con chó nè :)) đọc bình luận hài hước ghê,0,0,0.0014557865
đáng yêu như em tao ý . cứ mỗi lần nó quyết định ngủ ở đâu là nó lại đấu tranh tư tưởng 🤣🤣,0,0,0.002835532
không có gì là tồn tại mãi nhỉ,1,0,0.007033269
nhưng tôi đéo có bạn trai thì phải làm sao ?,1,0,0.04562651
giờ mới biết =)),0,0,0.0039074193
cần gì những thứ xa hoa lộng lẫy đâu . dù chỉ 1 bông hoa nhưng đong đầy yêu thương nhắn tin đã cảm thấy đủ hạnh phúc rồi 😊😊😊,0,0,0.0022706406
hồi bé bị ghiền mùi này :)))),0,0,0.002903318
may mà còn gỡ lại được 1 miếng sắt lớn của tàu hỏa nó bung ra nên bán đi cũng đỡ được vài đồng . kaka,0,0,0.004476771
"đẹp quá mày , còn không cho tao xin ít",0,0,0.0016811899
:))) 1 phần của bài quyền là phải gẫy gậy và té sấp mặt luôn để đỡ bị đối phương đâm lòi phèo,1,0,0.003929386
chất lượng âm thanh bản này hình như nghe hay hơn bản gốc hồi mấy năm trước nhiều < 3,0,0,0.0014900445
hay lắm,0,0,0.0018474075
kết thúc 3 năm cấp 3 là khoảng tg đẹp nhất nhưng nó cho ta nhiều kỷ niệm đầy tiếc nuối 🤔,1,0,0.0023249127
cái này chỉ sướng mấy anh đèo mấy em ngực bự đi đường này nẩy tâng tâng,0,0,0.0017175882
ơ tao cũng học ông này hướng dẫn hay sao ấy :))))),0,0,0.0021303836
anh em để tao hưởng trước nào,0,0,0.0035786275
"giờ đây chúng ta , những con người của ngày ấy giờ không còn nữa ... những lời nói về mai sau nhưng ta đâu ngờ sau này chúng ta càng trở lên xa lạ",1,0,0.011121116
lâu lắc chưa xem lại !!! 😳. một bộ phim vừa ý nghĩa vừa hài hước ! 👍,0,0,0.001403255
e quê bg mà mùa vải còn không có vải mà ăn @@@,1,0,0.0027222277
"kéo bấc mòn cả tay , ma nghĩ lai thấy nhớ thời đó nhỉ 😂😂😂",0,0,0.0031233071
lấy vợ xong béo quá rồi . hình như ai cũng v à 🙃,1,0,0.0021392019
đi học về thấy bán hoa đây đường mà cảm thấy tội cho bọn có gấu ... lại tốn tiền,1,0,0.0024850436
"mọa , mình nhà thanh hóa mà đéo biết gì luôn @@ :((((",1,0,0.002768313
đám tụi tao đi chơi xưa nay đều dọn sạch đồ mình kêu hoặc xếp lại gọn một chút cho người ta đỡ dọn .. cái này là sự ý thức thôi …,0,0,0.003880073
xem không dưới 3 lần chia sẻ không dưới 2 lần nhưng mỗi lần nhìn thấy lại xem lại buồn,1,0,0.001880209
per năm nay 2 đứa quyết định ngồi hay đứng kkk,0,0,0.008577928
nắng cũng đã sắp tàn sao mà chả thấy em đâu ...,1,0,0.012124498
bình tĩnh vãi_chưởng =)),0,0,0.0017014918
bà tao mất rồi :<,1,0,0.001938026
"đuma tao đang ở đấy nè , vừa đi vừa ôm túi sợ cướp :((",1,0,0.003038
câu nói quá chuẩn và ý nghĩa 👍,0,0,0.0014628879
một bình luận của người trong cuộc . đọc xong thấy ấm lòng cho per !,0,0,0.0016602845
đã thử và rất thích thú 😆.,0,0,0.0020569926
tao tưởng nó té cái đùng chứ . làm ngồi chờ mãi mỏi cả mắt,1,0,0.004770116
"mà hiệu quả bất ngờ quá , quá đỉnh .",0,0,0.0015893227
cuộc sống mà =)),0,0,0.004503491
"nó gieo cho tao mầm hi vọng , hi vọng vừa chớm nở nó đạp xẹp lép sự hi vọng bằg sự lặng im",1,0,0.0054910504
đề nghị admin xóa bài đi ạ . chứ bố mẹ em sắp đi chợ về rồi ạ :(((,1,0,0.0020460666
mèo nhà tao cũng từng đi lạc vì bị chó rượt tưởng mất rồi . sau mấy tháng thấy nó trở về nhà mừng vãi 😁,0,0,0.0059351586
chắc phát khóc mất 😭,1,0,0.007876756
chủ quán này xinh gái lắm nha !,0,0,0.0014187963
nghe bài này nhớ nyc vãi,1,0,0.0015573041
lúc rài không gặp được mặt cờ rút nữa 😪,1,0,0.003341169
tao phải công nhận là nó giỏi vãi . từ đứa diễn đến đứa quay và edit video .. giỏi vãi 🤣,0,0,0.0016894323
cười đau bụng :))),0,0,0.0021386899
tê tê phê phê sung sướng vãi 😌,0,0,0.0021248923
tao có hiểu đéo gì đau,1,0,0.005230846
rồi nhận ra chỉ mình là cảm thấy như thế thôi hả :(,1,0,0.0035101906
thôi mình nói đùa đấy :(,1,0,0.002109184
thiệt là dễ thương quá đi mất . 💕,0,0,0.0016435769
ghê quá đi,1,0,0.0016805385
"thương tra ̀ o nươ ́ c mă ́ tao ... cuô ́ i cu ̀ người thi ̀ ban la ̃ nh đa ̣ o bă ́ c ninh đa ̃ lên tiê ́ người giu ́ p đơ ̃ ca ́ c be ́, du ̀ qua ́ muô ̣ n @",1,0,0.008352185
cha mẹ tao còn cãi lộn nhau vì không biết ngày sinh tháng sinh của tao là dương hay âm 😢😢,1,0,0.010404012
per đã nhẫn nhịn lắm ... đến khi con sen tao cứu tao thì tao đách có sợ đâu nhaaaaaaaa 😂😂😂,0,0,0.009724352
"có bao nhiêu đôi ngôn tình , cớ sao lìa xa mình ta :((",1,0,0.0024352057
dăm ba chuyện hẹn hò có gì hay ho 😌 nhưng mà thi thoảng có dăm ba cái chuyện này cũng hay 🙂 tóm lại xem để giải trí đỡ buồn cũng tốt 🙂,0,0,0.0017710329
lâu quá rồi mới nghe lại bài này . từ lúc ctay mối tình đầu :((,1,0,0.002040172
bị bắt nạt im re hà hiền khô luôn thấy tội nghiệp ai dè tới chừng ...... ha ha ha,0,0,0.0023746036
dể thương quá ah,0,0,0.0018055642
chị em mình giờ nói ít thôi haha,0,0,0.0032895023
không biết nói sao ... nghiện chuẩn mẹ rồi ... crush ợ . mà nó nhẫn tâm lắm hồi trước còn hay call video . từ hôm tao cạo trọc y như là mất tích luôn . chắc phải để tóc mọc lại tao mới dám gọi . 🤭,0,0,0.0026365123
con dang yêuc qua ha,0,0,0.004901018
pháp luật là bạn của nó rồi anh ah vì quen anh anh chị b trên quận ah nên em cũng sợ lắm ah :-(,1,0,0.0048582894
con lai xinh phết ??????,0,0,0.0015135234
muốn được đi một lần 😆😆😆,0,0,0.004185542
đm tao biết trước cả sự việc kiểu lìn gì cũng có nhện nhảy lên màn hình . vì mấy năm trước cũng có 1 thể loại giống như vậy . đm hú nhồn,1,0,0.0066395435
t thích nhìn mắt của crush hơn là nhìn nó cười,0,0,0.003118812
hihi : chúc mừng đại kỷ nguyên có lắm người yêu,0,0,0.0013980084
cần lắm những sẻ chia . cần lắm những thấu hiểu,1,0,0.003063542
làm ở đâu không quan trọng . quan trọng là có chị em tốt để tạo nghiệp :)))),0,0,0.0022042005
hơn cả bộ phim kinh dị !,1,0,0.002127849
ngồi nhìn nó ngủ cũng thấy dth vler đừng nói cười 😌,0,0,0.0024700805
"kết nhất cái điệu "" xời quá là điều bình thường luôn """,0,0,0.0015059615
hời ơi ... cưng xĩu,0,0,0.0016168548
"thích chị này nhất phim í , bé bé xinh xinh lại diễn rất đạt :3 . hy vọng mai sau sẽ có bước tiến lớn và thành công hơn nữa < 3",0,0,0.0014185498
nguy hiểm,1,0,0.0018689568
per giờ thằng gù nhà thờ chạy đi đâu đây :(,1,0,0.0039022705
haiz nuôi được nuôi không thì thôi chứ nuôi mà để v coi được haizz,1,0,0.002547125
lương cũng sắp về rồi 😉,0,0,0.0029795934
mình đã về đến nhà an toàn hihi,0,0,0.002544742
trồi ôi bài hát đỉnh caooooo,0,0,0.0014941259
per anh tặng vợ cái bát nha kaka,0,0,0.0014732764
boss mắc bệnh nghiện vợ 🤣🤣😭,0,0,0.0020007133
vì tao hay bị chúng nó chọc nên thấy buồn,1,0,0.0071494267
ko biết crush bây giờ có ở nhà không nữa 😭😭😭😭,1,0,0.0038539467
per đem rác về nhà vứt luôn haha,0,0,0.002154811
xem xong tao đã khóc rất nhiều,1,0,0.004834808
"nước mắt tự trào ra , thật sự rất cảm động 😢",1,0,0.002554109
không hiểu sao đoạn này rất kích thích trái tim hủ nữa của tao =)))),0,0,0.0019470695
nhìn cái muốn cong :d,0,0,0.0032924586
mới gọi điện thoại xong mới cười với tuii xong heheh anh đáng yêu vãi,0,0,0.0015898182
đi đường buổi đêm nhìn thấy hãi vãi ??,1,0,0.0125243645
"có ai lần đầu bắn kéo ngược ra phía trước đạn bay vào mặt giống tao không , đau điếng",1,0,0.0031436891
đôi khi có tiền cũng không đi được đâu vì đéo có ai đi cùng,1,0,0.07285045
cưng quá,0,0,0.0021291685
khi cô đơn lòng em nhớ ai :((,1,0,0.0029548653
"cha quay phim cũng không phải dạng vừa , mẹ diễn viên thần thái vãi",0,0,0.002459439
"1 câu mà người ta hay nói , đắng như vị đời 😌",1,0,0.0038482316
mẹ tao cũng thix em này 😅,0,0,0.002490817
rất ghét phim ấn nhưng phải nói phim này hay 👍,0,0,0.0017447592
tôi trưởng thành vclll,0,0,0.0042617265
hy vọng sẽ mau tìm được anh người yêu thật tốt để 5 năm sau có một gia đình như vậy ❤️❤️,0,0,0.0021934062
thực ra chủ nó cũng bẩn vãi :) vầy quá kinh dị rồi :),1,0,0.0016679442
cuộc sống là cho đi ❤ đôi khi chỉ cần được thấy họ cười là bản thân thấy vui rồi ..,0,0,0.005680815
cực kì bản lĩnh lẫn liều lĩnh,0,0,0.0014940079
tôi còn chẳng lấy ảnh lớp cho nữa,1,0,0.0145931775
nấu cơm như vậy xong đi lên nhà xem hoạt hình .. đến lúc hết phim xuống để xới cơm thì .... khét lẹt,1,0,0.0023886217
tớ có thấy con ngáo đấy nhưng không dám lại sờ huhu tt,1,0,0.00347405
muốn share về mà sợ bị bạn nè phẫn nộ quá,1,0,0.0030583884
kiểu lâu lâu cũng không được nhắn tin cho ai như thế nên cũng muốn tình cảm xíu =)))) biết đâu,0,0,0.003664038
tao tháy gái nguy hiểm vãi,1,0,0.0021449428
câu hỏi thú vị 😃😃😃,0,0,0.0017993151
đcm ác mộng,1,0,0.0018357761
xem phát khóc mẹ luôn 😭😭😭,1,0,0.0017809583
"per nhớ ngày xưa gần nhà mày có đàn ngỗng , tụi khốn nạn đó toàn đi dàn hàng ngang chắn hết đường hết lối , mỗi lần tao đạp xe qua là rượt tao gần chết :v ám ảnh vãi",1,0,0.0075909295
crush của tao đi làm rồi . hihee . sáng mai mới về cơ 🤣🤣,0,0,0.0028454456
dễ thương 😂,0,0,0.0017538279
khổ thân vãi :)) xong bà lườm luôn :)),1,0,0.002221752
có con gái thật tuyệt ! 😍,0,0,0.0014977014
"nhạc buồn quá . bài này là bài "" chia tay trong chiều hoàng hôn nắng úa màu "" - justin bieber cho bạn nào chưa biết nhé . :'(",1,0,0.0017807394
mày giận lại tao hả tốt quá bố mày được đi chơi game rồi . tối về dỗ nó sau . chờ mãi câu giận của mày :)),0,0,0.0024731266
đag bị cuồng mấy video của chế này . ai có ngoài video này tag cho mình xem với nhé 😂😂,0,0,0.0019245343
nhìn dáng đi mà nhớ ông nội 😞,1,0,0.0018162386
per hihi nhớ không,0,0,0.001898284
3 giờ sáng nằm xem xong khóc miên man 😢😢,1,0,0.0020360278
đm trí tuệ vãi,0,0,0.0015414065
"sau khi kết hôn , anh sẽ thuê người giết cô để hưởng trọn tiền bảo hiểm 😌",1,0,0.004466315
"đó là lý do tại sao tao chẳng bao giờ đi hùa mấy bài bóc phốt , xem cho vui rồi lướt thôi :))",0,0,0.004332074
t phải tìm bạn trai là nhiếp ảnh gia mới được 😆,0,0,0.0052264985
hình như anh nay đóng phim ngây ngô thì fải ... phim đó hay lắm các bạn nên xem,0,0,0.0014608831
cảm thấy bị tổn thương,1,0,0.15454414
động lực của phan con gái,0,0,0.002699408
anh ấy không thương tao,1,0,0.004040002
ha ha ❤️ chất lắm,0,0,0.001478043
yêu chết đi được .,0,0,0.0034001654
một cách bán hàng nta gọi là đẳng cấp,0,0,0.0032948737
cute vậyyyyy,0,0,0.0020145006
"bắt cóc như chơi đó mậy , be careful",1,0,0.0018028764
xem đi xem lại vẫn hay ;)))))),0,0,0.0015300196
không biết s chứ ngày lúc 17t tao đi phục vụ phòng karaoke ... mình tao 2 phòng chạy qua chạy lại mệt quá vì xỉn ... kkk . thế là tao nghỉ trong ngày đầu vào phục vụ karaoke .🤣🤣🤣,0,0,0.011870659
nghe quả tên nó đã khét vãi rồi . :))),0,0,0.0019183262
cho nó cắn phát xem có thành spider man không 😂,0,0,0.0021874844
nó ốm nhom thương ghê :(,1,0,0.0014854633
trẻ trâu việt nam thật đáng sợ,1,0,0.0015109674
per hóng phim này dụ dỗ mọi người xem tiếp nè anh :v,0,0,0.0015020845
cíu tao khỏi hai tên đồng nghiệp bị crazy huhu,1,0,0.0032125486
tuổi thơ mình lớp 4 đã cảm nắng 1 anh chàng từ 1 viên phấn vôi .,0,0,0.005723557
"per chưa bị rượt mà đọc bình luận thấy sợ quá , chắc tao sợ chó không là gì với con này :)",1,0,0.0028966968
người ta có bạn bè nhìn vui thật,1,0,0.001499942
"đã dùng , nhớ quá ngày xưa",0,0,0.0017420431
tiền mất tật mang . xe đã nát rồi giờ còn phải đền cách cửa cho tàu nửa,1,0,0.010310698
người gì đâu mà đẹp trai hết sức !,0,0,0.0015785649
"haa ... haa ... ! đúng là có thay đổi lớn ! ngồi nhâm nhi ly cafe , phì phèo điếu thuốc nhìn thiên hạ cũng vui kkk ... !",0,0,0.0023755447
"tao toàn thế giận tao tao dỗi lại , lại phải dỗ tao . hahahaha",0,0,0.0037700082
lại công cốc rồi . cả thế giới kì vọng,1,0,0.01771937
ước gì tôi cũng được kiên trì như anh ấy để dạy con gào mất nết nhà tôi 😪,1,0,0.005904843
lạy ông nào nghĩ ra kịch này !!!,0,0,0.0016864818
đứng trước mặt nó tụt quần ra auto hết giận,0,0,0.0025320482
công nhận 😌😌😌 đồng nghiệp hạp hạp tí có khi ngồi buôn cả ngày bám hơn cả bám người yêu . đi làm hôm nào cảm thấy hôm đó ý nghĩa vãi,0,0,0.0024765239
chủ thớt sấp mặt rồi,1,0,0.0020184107
ngày ấy cũng từng như vậy ☺️,0,0,0.00508973
quan trọng là đỉnh ^.,0,0,0.0027623826
"mình chưa từng thấy phim nào ý nghĩa như phim này cả , nó dạy cho ta về nhiều mặt trong cuộc sống , khi vui , khi buồn",0,0,0.0028799607
tính ra con bé đó chuyên nghiệp ấy chứ,0,0,0.0032076556
những người thả phẫn nộ xứng đáng là thiên thần . dăm ba cái yêu đương vớ vẩn . ahuhuhu,1,0,0.0020143115
"per anh nào nhắn vậy là tao yêuc luôn đéo suy nghĩ , ngọt vãi",0,0,0.0026752737
đm cười ĩa,0,0,0.0023214591
nhớ tới mối tình đơn phương !,1,0,0.0020393715
mỗi lần có video của con là cứ coi đi coi lại hoài . cưng con quá .,0,0,0.0017522591
là do bản thân tao ngu thôi,1,0,0.003280213
per đã hiểu tại sao thằng bạn mình đam mê gym .. thì ra đây là nơi nó được sống thật với giới tính của mình ..🤣🤣🤣,0,0,0.0042840214
"3 idiots , bộ phim rất đáng xem",0,0,0.0014256265
"cái quá phơi lúa xong mưa , tao đang cười vì bà béo thì phải ngậm mồm .",0,0,0.0028821786
nhà tôi còn nè,0,0,0.001933143
"mấy anh làm video đầu tư ghê , nội dung diễn xuất hay",0,0,0.0014509001
"kinh nghiệm được truyền lại là khi nào nấu xong bỏ tí "" tro "" vào lần sau không phải nấu 😊",0,0,0.005293427
"đó là 1 câu chuyện buồn , tao không có bạn trai hix hix",1,0,0.0063649733
haha . dễ thương gê 😊😘😘,0,0,0.0016087528
"đúng vại , với ai nó cũng tỏ ra như thế . hihi 😂",0,0,0.002475669
hạnh phúc phát khóc,0,0,0.0019673316
ông thần tài cũng không dám ăn luôn,1,0,0.0032144256
thương quá . géc nhất những người nuôi chó mà không chăm ... tội cho kiếp em nó gặp phải 1 người chủ như vầy . thân thương !,1,0,0.0026893856
"hồi nhỏ hay bị ngỗng rượt , vừa chạy vừa khóc la 🤣🤣",1,0,0.0032797516
1 câu chuyện buồn :)) khuôn mặt biểu cảm :((,1,0,0.0021577722
đúng là tốt quá lai thành lạm dụng 😶,1,0,0.0024998973
ngô ̀ i đo ̣ c bình luận chu ́ người no ́ tag người yêu va ̀ o ma ̀ sô ́ người mu ̃ i la ̣ i cay =)),1,0,0.0036191382
hôm qua tao cũng xem chục lần :))) bài đếch gì hay vãi :)))))),0,0,0.0017855172
cmt thế thôi chứ thật ra còn trả dám ấn vào video để xem . đời tao tởm nhất là lũ nhện mà hay gặp vãi :((((,1,0,0.003011894
tưởng mai đi họp phụ huynh mới bị u ám . ai ngờ hôm nay mới biết điểm anh 9 . 5 thôi đã u ám rồi :),1,0,0.004683021
cả tết được có 400k :(,1,0,0.003467692
xem xong thấy buồn quá,1,0,0.0017879453
mai đến phòng đi tập luôn,0,0,0.0019853257
per ông đó có đôi mắt đẹp ghê,0,0,0.0014945363
tao đéo ghê con rắn tao ghê mấy cái trồi lên kìa :))),1,0,0.0015722865
"mới đầu mày sẽ thấy vui , từ từ nó quậy cho mày ????",1,0,0.0040963506
tanh bành cuộc đời rồi,1,0,0.004140133
cảm giác vừa uống cà phê vừa hát mỗi ngày bình an lắm,0,0,0.0019281107
dm . đồ dạo này lắm tạp chất hay s í nó đéo phê nhg mà vẫn bị ngáo,1,0,0.0015990167
đến giờ tao vẫn chưa biết biển là cái gì ad ạ .,1,0,0.021900697
là đi phát tờ rơi ngay mấy ngã tư và cổng trường đại học ! được 200k về mua skin yasuo siêu phẩm 2016,0,0,0.0018248466
có ai xem xong không sợ với không giật mình như tao không @@,0,0,0.0028597482
nổii da gà hic,1,0,0.0016646761
bạn trai người khác không bao giờ làm tao thất vọng =))))),0,0,0.0033514537
cám ơn các anh,0,0,0.0015891055
tuyệt thật,0,0,0.0021726287
crush bị thịt hay không không quan trọng . t chỉ sợ vợ tao đang bị thg nào đó gạ địt thôi . nghĩ mà buồn,1,0,0.008163073
per có nên áp dụng với anh hàng xóm không nhể 😆😆😆,0,0,0.003419586
t chỉ sợ cảnh đấu kiếm :((,1,0,0.0037160357
bà của tôi đã không còn khi tôi còn chưa biết gg là gì,1,0,0.33402863
"mỗi ngày đi làm về , tôi không vội vào thang ngay mà thường ngồi sảnh tầm 20p chỉ để ngắm gái xinh cùng tòa 😆.",0,0,0.012984533
đau còn hơn tỏ tình bị từ chối per,1,0,0.0049030995
khổ thân em nó . ??,1,0,0.0027960676
nhìn đoạn ổng tránh nó cắn mà nhảy tưng tưng rất chi là điệu nghệ và mang trong đó cả sự tấu hài nữa 🤣🤣,0,0,0.0016033654
per cười tức bụng nà vợ 😄,0,0,0.0019111489
hôm nay thật tệ :((,1,0,0.0017483465
người ta đỗ giữa 2 cửa thế kia là rất ý thức rồi,0,0,0.0018475711
nhìn mặt con chó tội vãi,1,0,0.0021050123
đã khóc . cha mẹ là người luôn yêu thương minh nhất,1,0,0.0045976816
nó lại hợp lí vãi :v,0,0,0.0022691404
may nó không đâm cho lòi ruột,0,0,0.0038619565
và người đó đang ở nơi đâu về với em đi . đợi người rồi người sẽ đến chứ ?,1,0,0.0032182536
"tui ở tuy hòa , phú yên mà chả nhận ra luôn .",1,0,0.0030392623
con thương ông quá,1,0,0.0024057296
mặt ô kia khát nước nhìn buồn cườ thế 😂😂,0,0,0.0018933392
e vừa bị điện cao thế giật hôm 17 chạp . bh nhìn cái ông này mà sợ .,1,0,0.0055704345
hihi lâu lắm rùi mới thấy nó,0,0,0.0020920578
"phải chi có ai đối với tao như này ha . nghĩ lại , mình không bằng cả chó . aiyo ....",1,0,0.1492051
"như đi hiến máu chẳng hạn :3 , suýt thì được gặp :(",1,0,0.0057308525
"thương các bác quá , vất vả 10 năm trời mà bị như vậy 😭",1,0,0.008802223
cưng quá trời luôn,0,0,0.0019004624
mua con lợn 5 chục lì xì được có 40 nghìn mất thời gian tốn cả tiền bạc 😂,1,0,0.0062960684
đã từng xem em là tất cả . mỗi khi mỏi mệt về thấy em và con cười là anh hạnh phúc rồi,0,0,0.005788662
đầu óc đến giờ vẫn còn nặng và đang né tránh mọi người .,1,0,0.015750796
per bit cái nay không . hihi,0,0,0.0021159833
tội em vợ thế :(,1,0,0.001645723
tôi từng được sống . nhưng đấy là truyện của năm ngoái rồi,1,0,0.011485492
per không biết còn nhớ tên tao không nữa 😑,1,0,0.0054491484
"hồi lúc tao ăn lạp xưởng mắc xương , nói mà cũng đéo ai tin . tao hiểu cảm giác của mày lắm ?",0,0,0.01590392
"cái đáng nói là chủ không có thương , dòm em husky này ốm nhom , mắt lờ đờ thấy tội lắm",1,0,0.003349207
nhìn em mà thương roi nói chuyện mắt,1,0,0.0018675891
hu hu đã bị chụp,1,0,0.00218536
:)) bật nhạc lên và quẩy thôi,0,0,0.0017216336
"chuẩn . tao mà chơi hoặc làm việc cùng bọn con gái tính công chúa một thời gian thì tao ngày nào cũng sờ troét , sau đó bị trầm cảm .",1,1,0.9876516
aii may mắn thì có vị ngọt còn aii thiếu may mắn thì họ chỉ toàn gặp những vị cay vị đắng của đờii :)),1,0,0.00512266
lúc đấy là mình mình cũng lắng liền rồi chắc trào nước mắt mất,1,0,0.009645779
mới ho mà đã như thế nào thì lấy chồng chắc sống trong bệnh viện cả đời mất thôi,1,0,0.011836183
chạy ngay đi 😒 trước khi bọn chủ tịch vào đây và giả làm con cặc gì đó rồi bị coi thường và chúng mày phải nhận cái kết đấy !!,1,0,0.0047574914
tao dễ thương nhưng vẫn ế đây này mơ mộng ít thôi,1,0,0.0042798403
"ngày trước đi mua cái này cho chó của đứa bạn thân . mà 2 thằng thử xong phê quá quyết định mua mỗi đứa 1 cái , và chó 1 cái :))",0,0,0.0029026696
bản thân quá hạnh phúc khi trong cs này rất . rất nhiều người mơ ước được như mình hiện tại . 😊😊😊,0,0,0.0030104937
h chỉ pk nhìn họ bên người khác :((,1,0,0.0027788274
per =))))) hahaaaa,0,0,0.002025829
đau lòng lắm khi tối nay chồng tương lai của tao lại cống hiến sức lực để chăm sóc vợ thằng khác ..,1,0,0.0057739913
per về xem anh :v đái ra quần chuẩn mẹ rồi,1,0,0.0015376637
mày không được ăn đồ chua nhưng phòng toàn xoài chua :(,1,0,0.003485312
phim này rất hay . tình cảm nhẹ nhàng . toàn zai đẹp . hehe,0,0,0.0014413758
khi nhỏ còn bị nghiện mùi khói này nữa chớ . 😄,0,0,0.0031005975
"vietcombank 1 tháng trừ hết 22k phí inter với mobile banking , dù tháng đó kau chả xài tới cái nào :((",1,0,0.006207664
per =)))))) hít đi cho no chứ mắc công lại chửi tao không biết điều giở trò trước mặt cẩu fa như mày :),0,0,0.0022779168
dume cười muốn chết người ta ~~,0,0,0.0043580043
why ???? ai đã cướp boss 6 múi của tao vậy 😭😭😭😭,1,0,0.0025117456
"đã từng nhưng 10 năm về trước cơ , buồn ghê",1,0,0.0034893914
"giỏi mà 😁, đúng là thằng tây duy nhất ở vn học tiếng việt mà giọng tuy hoà ( giỏi )🤩",0,0,0.0015106803
"có hôm nó lo đọc cho mình nên không chép kịp bài , cô giáo bắt phạt đánh đòn cả hai đứa . năm sau bạn í chuyển trường mất , nhớ bạn quá !",1,0,0.0034134586
per đợi rụng răng rồi anh tặng quà cho em luôn háy . hhha,0,0,0.0018549073
tìm mọi lí do để có thể chạy xe ngang nhà nhìn nhà nó phát xong cười mãn nguyện đi về :)),0,0,0.003037942
phận làm trai nào sung sướng gì 😂,1,0,0.0057107573
buồn cho 1 đất nước .,1,0,0.0049200077
"per 2 con hay cap màn hình nhất thế giới , nói chuyện với nhau toàn cười ỉ 🙄🙄🙄",0,0,0.001485822
hy vọng mọi điều tốt đẹp sẽ tới,0,0,0.0017774471
có ai xem đi xem lại như tao mà vẫn cười đéo nhặt được mồm không ạ :)),0,0,0.0024811625
cứ thấy nó là ăn không còn xác thì lấy gì chúng kịp phá . nhìn thèm ứ chịu được 😔😔😔,1,0,0.0045957966
nản kèo vãi,1,0,0.0028719173
vì yêu người khác nên biết là ngu nhưng vẫn làm :(,1,0,0.0029356203
nhỏ nhặt nhưng ý nghĩa và hạnh phúc 😊,0,0,0.0016773846
chúc trump chuyến bay thật may mắn nhớ tới thăm hà nội nhé xin chào,0,0,0.0016611137
chắc kiếp trước gieo nghiệp kiếp này phải gánh thôi,1,0,0.006666717
"ôi mệt quá , một ngày buồn tẻ",1,0,0.13521542
"thôi không níu giữ kí ức xa vời , và chẳng bao giờ thuộc về nơi em",1,0,0.0071248487
có cả chiêu của per trong đấu trường thú nè :))),0,0,0.00206326
chẳng hiểu sao tao cười sặc sụa,0,0,0.003950648
địt mẹ đời tao,1,0,0.0035433585
đúng là nhân tài luôn ở khắp mọi nơi kkkk,0,0,0.0024663534
có tiền chưa chắc đã ngọt nhưng nếu không có tiền chắc chắn là đắng .,1,0,0.011084411
per có thằng bị tao bắn từ đó không thấy họa mi hót nữa luôn,0,0,0.00302177
khuôn mặt đáng thương,1,0,0.0016037
kinh khủng thật :((,1,0,0.0014901905
mày lấy sỏi xếp thành tên dume khôn như tao này .,0,0,0.0026764749
tao thì muốn là đéo bao giờ . nhưng mẹ tao thì muốn ngay bây giờ 😢,1,0,0.021722242
em vẫn nhớ cái bếp này kkk,0,0,0.002247318
có ai không sợ nhưng giật mình như tao không :) dumehuhonchimen,0,0,0.0050099897
diễm quỳnh haha em không biết,0,0,0.002264878
clm đêm rồi tha cho tao 🙂 tao đéo muốn chạy xuống dưới nhà hoặc là nhịn đến sáng mai đâu 🙂 con gì thì con kệ mẹ 🙂 đừng nhắc đến nhện 🙂,1,0,0.029787935
"hí hí . tiến sĩ cừu , thạc sĩ cừu ... chẹp chẹp 😃",0,0,0.0018005575
chưa khi mô biết cảm giác đi nhởi trung thu với người yêu như răng,1,0,0.007972883
khá quá nhể :))),0,0,0.0016383727
tình anh em thật đáng khâm phục 😍😍😍,0,0,0.001486478
ngày trước mình qua singapore cũng vậy . dư hành lý 2 chi em mă ̣ c 4 bộ lên người kkk,0,0,0.0069229184
cứ sợ rớt điện thoại :)))) sợ nhất là lỡ khúc nào khó là té không thể tả nổi,1,0,0.0034735133
"ôiii vãi , dume nhìn thôi tao đã sợ rồi . từ nhện nhỏ đến nhện to không con nào là tao không sợ :((",1,0,0.0043555573
chủ như này lại chăm làm vãi =)),0,0,0.0024710137
per nhìn nó gớm những vẫn khoái coi . thú vui biến thái dễ sợ,0,0,0.0015071264
âu cũng là kiếp người . tại sao ông trời lại đày đoạ con người ta đến như vậy,1,0,0.008883146
"per hồi học đại học , điện hỏi xin tiền bố , bố ra ngân hàng gửi tiền rồi điện em hỏi stk rồi hỏi "" tên mày là gì ??"" 😭😭",1,0,0.0045977468
"tao cưới rồi , cưới nữa cho vợ tao chém tao chết à",1,0,0.0023498882
gì mà ghê vậy 😑 sởn gai ốc,1,0,0.0017756907
moá . tao muốn chết quách cho rồi,1,1,0.9917447
nói thật :)) tao chỉ buồn cười khi chúng nó chia tay thôi :)),0,0,0.0029110154
"những hành động đẹp , đáng được trân trọng , và sẽ được lan tỏa ở mọi nơi , thật tuyệt vời 😍",0,0,0.0016305845
nhìn mà nổi hết da gà,1,0,0.002242947
:v tới đây đi anh chịu trách nhiệm cho :v,0,0,0.0038670725
chúc bạn thành công < 3,0,0,0.0014211918
"per lại nhớ chiều nay , buồn cười sấp mặt luôn . :v dù mệt nhưng ngày nào tan làm cũng muốn được đèo đưa đi ăn kem , ăn đồ chua , ăn miến trộn như hôm nay cerrrr :v",0,0,0.004846728
"thấy bảo sang năm được tủi , nhưng mà năm nay vẫn chưa có người êu",1,0,0.004557377
"khổ thân người dân , trước dự án cao su là dự án cà phê , làm thêm dự án nữa coi như một đời bỏ phí",1,0,0.004353384
trong mv mà có tao đứng dưới mưa nữa thì buồn phải biết,1,0,0.0039634826
đố ai định nghĩa được tình yêu . có khó gì đâu một buổi chiều . nó chiếm hồn ta bằng nắng hạ . bằng mây nhè nhẹ gío hiu hiu 👏,0,0,0.004971493
sợ nhất con quỷ này trên đời,1,0,0.0071142837
tự hào ngồi mâm dưới,0,0,0.0021236178
10 đứa bạn thì có 9 đứa là con trai rồi . sau nhiều năm kinh nghiệm thì chơi với nhiều trai thì sẽ bị ế muôn đời muôn kiếp . haizaaa ...,1,0,0.0057539805
"làm bác sĩ sướng thật , bảo cở là cởi , bảo cưới là cưới . lắc đầu cái là cả nhà khóc .",0,0,0.0020324802
đầu mùa chua chua ăn ngon vãi_chưởng . thích vải lắm luôn . trong khi nhà toàn nhãn .,0,0,0.0022585813
chị ấy được đào tạo qua lớp người nhện bắn tơ nên không biết sợ 😂😂😂,0,0,0.0043113464
xem mà cuối phim thấy tội chị ma nữ 😂,1,0,0.0016092738
😐😐 phê hơn lá chuối,0,0,0.0014661078
bên đây thấy yên bình hơn nhỉ,0,0,0.0014200987
cần lắm những nhà tuyển dụng như vầy :)))),0,0,0.0029990843
một giây rung động con tim :))))),0,0,0.0020900916
nhìn giống hai anh đang tỉnh tò với nhau ghê ( mình là hủ đừng ném đá nha 😅😅😅),0,0,0.0018324868
chúng ta thật hạnh phúc và luôn đi chung với nhau suốt chặn đường dài rồi đó nà ?,0,0,0.0019782272
mong bé sớm được mua lại,1,0,0.002485423
sao lại bất công thế,1,0,0.0019747065
"một lúc nào đó chúng ta sẽ không nói chuyện nữa , lúc đó có lẽ em thật sự đã buông bỏ được rồi ...",1,0,0.023106966
học xong 12 như hết thanh xuân có lẽ phải bỏ lỡ 1 người,1,0,0.0033204562
"cv không áp lực , môi trường xung quanh mới dễ tạo áp lực",1,0,0.015265558
"ngày xưa có đĩa phim này . bố đi công tác về thấy cái đĩa tên là "" cô dâu 15 tuổi "" . má ăn chửi sấp mặt ...",1,0,0.0021254688
per bị chì chiết từ 6h sang đến 23h phia . vẫn sống vui 😊😉,0,0,0.002445759
e thắc mắc là cố gắng 1 năm mà rủi ro khách hàng hay bên nhà sx dây không cảm động là ăn cám ạ 😌,1,0,0.009128808
cưng xỉu ~~??,0,0,0.0020634162
chắc là uncrush thôi . bố mẹ thì còng lưng ra làm cho con đi học .,1,0,0.014450209
và sếp tốt có thể giúp ta vui vẻ từ sáng thứ hai cho đến tối chủ nhật 😀,0,0,0.0036405865
hay lắm chàng trai trẻ,0,0,0.0016076425
"đang coi thấy nghi nghi , tắt vô xem bình luận , đoán ngay là sẽ giật mình , nên thôi không xem nữa haha , dễ gì bị dụ haha",0,0,0.004030918
chưa bao giờ b đến đích là gì cả,1,0,0.004803872
không cướp ở đâu đi cướp ngân hàng của nhà nước 🤣🤣🤣🤣,0,0,0.0022224097
nhiều lúc sợ bị pê đi,1,0,0.016413061
dù thời tiết nóng bức ... nhưng ăn vải vẫn là ngon nhất,0,0,0.005210933
bà tôi giờ mất mấy năm rồi giờ lớn lên rồi mà chả tặng được bà món quà nào cả 😭😭😭,1,0,0.0076286388
chỉ mong thương nhau đến đầu bạc răng long . vậy là đủ 👌,0,0,0.0036496469
éo biết sai hay đúng nhưng thanh niên này chất .. bản lĩnh bình tĩnh !!,0,0,0.0015064427
"fa lâu năm có biết 14 / 2 hay 15 / 2 là ngày gì đâu , chỉ biết là ngày đi làm về và rất mệt",1,0,0.0062825833
nụ cười của crush kích thích vãi :)))))),0,0,0.0015652747
tao cười tao ỉa =)))))) hâhhahhahahahaha,0,0,0.0019257098
cái cảm giác nhìn người thân mình khổ còn mình lại chẳng làm được gì giúp .,1,1,0.83641785
may mình đi làm rồi chứ 10 năm trước chắc sẽ phát khổ với bố mẹ vì mấy tin con nhà người ta như thế nào,0,0,0.01677594
"moá nó , cười đau hết cả ruột",0,0,0.0022418655
tuyệt vời quá cần nhiều tấm lòng tốt hơn nua thật là ý nghĩa,0,0,0.0014809917
"tên của tao nghe rất bình thương , không có gì đặc sắc nên nhiều khi nghĩ cùng buồn tẹo .",1,0,0.0058545214
nhanh lẹ hiệu quả cao 😂😂,0,0,0.0015122012
được đấy tao thích,0,0,0.0016027505
"chúng ta những tháng ngày sau đó vẫn gặp nhau , vẫn nói chuyện nhưng không phải những cô cậu của hồi c3 nữa . chúng ta đều khác",1,0,0.006594037
tao còn độc thân này :((,1,0,0.0019304631
"ám ảnh vãi :)) hồi bé tao với chị tao trên đường đi học về thấy có mấy con ngỗng , thấy hay ra nhìn thử dume xong nó dí tao với chị tao về gần nhà :)))",1,0,0.002742886
"nhiều kỷ niệm đẹp , giờ nhìn mấy đứa nhóc đi học mà muốn quay về quá khứ .",1,0,0.0027218666
"chắc ông chồng hạnh phúc lắm khi sống chung với người vợ như vậy , những đứa con chắc cũng yêu mẹ họ lắm ! mà thặc ra là giống với mẹ tớ lắm kkk",0,0,0.004111618
tao sẽ chỉ tự an ủi là đấy chỉ có trong phim truỵên ngôn tình :),1,0,0.004101575
e lên mang câu chuyện này đi thi thách thức danh hài . rất duyên,0,0,0.0013969522
per :)))) buồn cười vãi,0,0,0.0019997198
"quá đơn rản , bạn thân yêu ơi ,",0,0,0.0015588411
"tiêu đề bộ phim cứ ngỡ là thể loại hài , nhưng nếu xem hết thì các bạn sẽ rút ra rất nhiều điều và cái hay trong phim này",0,0,0.0023115056
đù . ?????? sợ tụt lol,1,0,0.0029593406
trích mà như vầy rồi . sao dám coi phim đây 😢,1,0,0.0029404126
dù có nói thích mày thì cũng đừng có tin .. xã hội giờ nguy hiểm lắm,1,0,0.0046351883
khi bạn bất cần vãi đời ... làm việc xấu mà cảm thấy thanh thản vãi 😁,0,0,0.0041612764
tuyển ngay về làm nghiên cứu viên cao cấp cho các hãng khóa :d,0,0,0.002366731
năm nay chạnh lòng quá . haizz,1,0,0.0036517428
bài mà từng nghe khi tổn thương lần đầu,1,0,0.0027948073
đang tập hát 😶😶 hay thật 😔😔,0,0,0.0014150391
"chồng biết không , hihi",0,0,0.002144788
sẽ hấp dẫn hơn khi dưới sông có cá sấu :)) lót dép hóng,0,0,0.0022182856
người lớn tuổi nhiều lúc rất dễ thương 😊❤,0,0,0.0023824787
tao thề . nhìn bạn ấy xong tao muốn rụng mấy quả trứng luôn 😓,1,0,0.005248124
tao cừi tao ỉa 🤣🤣🤣,0,0,0.002314069
dù ra sao vẫn giữ nụ cười và sự tự tin,0,0,0.006979757
cưng hết sức nà,0,0,0.0017968564
sợ đến lúc đó muốn lấy vợ phải sang nước khác nhập khẩu về quá,1,0,0.0061992556
"t nghe nói : đi tập gym sẽ có người yêu ...! awwww . điều đó không sai , điều đó là có thật 😂😂😂",0,0,0.0028997627
per trung thu chia tay gấu à ? bất hạnh nhỉ,1,0,0.0017750356
xem xong hết cái video mà cảm thấy buồn cho cái xã hội bây giờ,1,0,0.0025459442
em nó đây nha các bác . kkkkk :))))),0,0,0.0024086921
per mày phải thấy may mắn khi cuộc đời mày được gặp tao :))),0,0,0.004276972
anh đánh mất thật rồi,1,0,0.0024947287
điện cho đứa bạn . đem mũ ra . coi ai hơn ai . kakaa .,0,0,0.0030151804
người yêu tao bỏ tao rồi :(,1,0,0.0028116636
boss có bộ đồ ngủ đĩ thõa ghê gớm 😅,0,0,0.0015301825
"má , mặt đúng ngáo luôn 😂",0,0,0.00177956
móng của bố tao . hồi trước và bây giờ đã cắt vì lý do . sức khoẻ .,1,0,0.005874459
hồi xưa anh hay bị chửi trẻ trâu này nọ ... giờ anh là tổng giám đốc rồi 😁😎,0,0,0.0030559192
trước em cũng hắt xì 1 cái lưng khụ xuống như ông già đau vãi,1,0,0.003599623
hay ý nghĩa sâu sắc 🙂,0,0,0.0016088316
yêu quá nè nè,0,0,0.0016442647
vỉa hè to thế vẫn còn muốn ăn cả ồ hố nữa hả =)),0,0,0.0018882513
ngồi nhiều quá nhìn họ đau mắt,1,0,0.002373184
t chỉ thấy tình yêu của tao nó tan vỡ thôi,1,0,0.008175926
dễ thương quá !!!,0,0,0.0015929313
năm nào cũng phải ở nhà trông nhà :((,1,0,0.002579905
nguy hiểm đến với bao nhiêu bất cứ lúc nào,1,1,0.5510632
"có mà bữa chạy ngược chiều trên qlo 1a tại có hẻm nhỏ để quẹo tắt , chưa kịp quẹo bị 6 anh csgt + 1 xe bắt xe tấp vô chặn đầu xe , hoảng hồn cmnl .",1,0,0.0077802683
thương anh bạn kia quá .,0,0,0.0017748973
trông rợn vãi :)),1,0,0.0019600482
giọng lại còn ấm nữa chứ ♥️,0,0,0.001578183
"ngày xưa toàn bị mẹ đánh bằng dây điện , vụt phát nào ứa máu phát đấy . giờ nghĩ lại tự nhiên lại thấy hay , vì ngày xưa mẹ nghiêm khắc như thế giờ mình mới ngoan 🙂",0,0,0.004943591
chắc mình là thánh nguy hiểm,0,0,0.0045088017
nhớ lần nấu cơm thần thánh này không ? per chỉ là mải nghịch nước thôi mà …,0,0,0.0024162233
cảm ơn bố !,0,0,0.0022373057
nháy mắt cũng đáng yêu kkkk,0,0,0.0014946922
lãng mạn vãi_chưởng =)))))) 0,0,0,0.0014699391
vâng chú ah haha,0,0,0.001919771
tôi cũng muốn được cảm thấy như vậy ??,1,0,0.013705442
đáng yêu quá . chúc ông bà thật mạnh khỏe mãi hạnh phúc như vậy 😍,0,0,0.0014100517
nhờ đó mà tôi cảm thấy nhẹ nhõm và trở nên mạnh mẽ,0,0,0.0036320104
giun này mà xào thêm ít xả ớt thì tuyệt cú mèo 🤣,0,0,0.0018591629
tớ chỉ an ủi bạn í thôi mà :(,1,0,0.0139620975
"per giỏi phết đấy mỗi tội nghịch thôi , được cái làm từ thiện nhiều .",0,0,0.0016887425
nhưng mà từ giờ trở đi đéo được tiếp xúc rồiii,1,0,0.0038632827
"hồi nhỏ thì tao bị cả bầy dí , được fine :)))))) đến khi tao 12 và đi học đh năm nhất , sau 1 tháng xa nhà , về nhà và cái kết là tao không còn bước ra khỏi cửa nữa , n dí everywhere :)))))))",1,0,0.01315343
per gần nhà c ơi . hic hic,1,0,0.0017076455
nếu tao được gặp ba tôi 1 lần nửa thì tao sẻ nói con thw ba nhìu lắm . nhưng lời nói này chẳng pao giờ được nói nửa vì tao và ông ấy đã xa nhau mãi mãi,1,0,0.010322091
bố đi đường mà sợ quá,1,0,0.0022205696
lúc dỗi thì càng dễ thương hơn,0,0,0.0028470939
đm lừa đảo hằng năm cả trăm tỉ . giờ phạt có 5 triệu :))) chán vãi,1,0,0.0038468826
"ko nói nhiều chỉ ủng hộ anh per vì thấy thái độ trước tòa là hiểu anh per hoàn toàn chân chất , không có thủ đoạn gì hết",1,0,0.0015330879
mình toàn làm ba mẹ buồn,1,0,0.005531735
vui tính quá ?? vừa kết bạn xong ??,0,0,0.0016340908
chỉ biết xem và ngậm ngùi lướt qua,1,0,0.005788388
cách tạo nghiệp chướng nhanh và hiệu quả :)),0,0,0.0024796745
ký ức 1 thời . nhớ,0,0,0.002169635
chị lỡ mất 1 nhịp tim vì cưng đấy ❤️❤️❤️,0,0,0.0023887814
đẻ sao mà cu con đẹp quá vậy trời 😍,0,0,0.0014841175
mát lồng lộng mày ạ,0,0,0.0016178373
"bỏ qua mấy dòg chữ , nhìn khuôn mặt con bé không thể nhịn cười per :))",0,0,0.002996328
"có ai nhìn thấy giun đang bò trong ảnh không , sợ vãi",1,0,0.004217887
nấu có cháy mới ngon :)) còn nước cơm hoà với đường thì toẹt vời,0,0,0.0017521248
chắc thôi tao đéo ra đường luôn :))) sợ vãi,1,0,0.004043864
khi nào tao thấy thích . mà thích rồi chưa có người thích cùng .,1,0,0.0038449066
gắn bó thời sinh viên á !,0,0,0.0019908452
bà ngày xưa đẹp quá ❤️,0,0,0.001652479
buồn vì mình không giúp được gì cho ai . nhìn những người khác khổ hơn mình mà thấy thương họ,1,0,0.008716822
tao cũng vậy nè . lắm lúc đi với chồng mà cứ hỏi bên này bên phải nhỉ bên này bên trái nhỉ . mệt mỏi,1,0,0.013900831
haha con mấy cái video toàn đóng vào mỏ nhau không . cười tụt quần 🤣,0,0,0.0019109643
ui đáng yêu gheê,0,0,0.0015403295
rồi đất nước mình sẽ đi về đâu .:'(,1,0,0.0036753435
"chắc tại từ nhỏ tới lớn mình "" man "" quá nên không gặp được gã nào ga lăng dư này :(",1,0,0.0038530715
đang thất tình mà dume cứ bắt đi bán xoài @@,1,0,0.0029625362
"per may có con bạn đang giảm cân nhưng nó hiền , nó sẽ lao vào ăn cùng tao chứ không tát sấp mặt tao như vậy , phải không ?",0,0,0.0039906255
hồi xưa làm fanpage được gạ kèo 7 triệu nhưng nhất quyết không bán . cảm thấy quyết định đúng đắn nhất trong đời,0,0,0.004266162
ụa cho fa đọc chi rựa huhu,1,0,0.0017274767
tao coi tao sợ nó lọt quá bây,1,0,0.0028120808
các bác dẫn crush qua cây sữa nay mà hứng nước đái ve nha haha,0,0,0.0021066924
nếu để ý kĩ thì lái tàu có thể bước xuống và kéo đường ray qua một bên rồi cho tàu bẻ tay lái một chút là cứu được cái xe . tiếc cái xe quá,1,0,0.0038854638
buồn vương mi !!!,1,0,0.0023980367
chuyên cơ tt quá đẹp ! bao giờ má mua được chiêc như vâ ̀ y trơi ̀ !!,0,0,0.001841128
chắc chắn bố của bạn này là một người vui tính chứ không phải khó tính . khiếu khôi hài bạn ấy ảnh hưởng từ bố .,0,0,0.002821118
tuổi thơ bất hạnh .. học mẫu giáo mà cạnh trường học là 1 bầy ngỗng . sáng nào tao cũng được chạy bộ tập thể dục nhờ bọn nó,1,0,0.005780973
thấy anh đấy làm tùm lum mà con nhện vẫn đứng im là tao biết có chiêu rồi . định gạt anh ak,0,0,0.003293404
per đi bộ ở trường về thì dcm nổi ám ảnh đúng giờ tao về là dcm nó ra nó dí ngày nào cũng dí chạy cái luôn,1,0,0.0044665225
"per sợ chưa , ông bác hơi bị cứng nhé :))))",0,0,0.002134213
tiếc quá đẹp trai mờ không có chim,1,0,0.001883722
bài viết hay quá !,0,0,0.0015908972
cái nay nhận ra lâu roài . mà đi làm toàn gặp đồng nghiệp đáng yêu hi,0,0,0.0016290933
lại được làm thêm quả nhà nữa . ngon,0,0,0.0014901501
"coi 3 lần mà vẫn cười , phim hay nhân vật dễ thương",0,0,0.0014479243
bản thân cố gắng cũng chẳng dễ dàng gì :((,1,0,0.009885931
coi phim này xong thì nhỏ bạn tao bắt chước giống vầy với crush nó . sau đó thì ... à mà đéo có sau đó nữa :v,0,0,0.0021359317
nó cười với người khác chứ * beep * phải tao :((,1,0,0.002119117
"mong là bố mẹ mình không đọc được tin này , sợ vãi",1,0,0.0058553484
"còn tôi thì lại khác , thanh xuân của tôi chả có bây giờ gặp được aiii và hạnh phúc bền lâu cả :(",1,0,0.006586994
mỗi phút bên em thật tuyệt vời . chỉ em mới cho anh cái cảm giác đó,0,0,0.0022985637
"trước đây mình không thích xem phim việt , nhưng mấy năm nay phim việt chiếu phim nào cũng hay . tự dưng không thích xem phim hàn quốc nữa .",0,0,0.0069027995
khoảng gần chục năm về trước thì còn vàng trắng .... giờ thì bán còn không đủ không đủ để trả công nữa là,1,0,0.013707317
đứt quả chuối trong mồm . đéo dám nghĩ kết quả lun,1,0,0.0031070197
tao kìm nén lâu qá rồi mà 😌😌 tức nước vỡ bờ thôi,1,0,0.0065519195
đúng cát bà rồiii ~,0,0,0.0016885623
"đến lúc yêu nhạt cực :) tao thề ! kiểu chán chán , muốn quay về đơn phương hơn",1,0,0.0026458434
"những thứ tưởng chừng như rất đẹp nhưng kbh được trọn vẹn , cuối cùng để lại chỉ là những kỉ niệm đã từng :))",1,0,0.002527987
"chuẩn , thấy đa phần nam chính vẫn được lòng hơn .",0,0,0.0023419869
đi làm quán nước mà mỗi cái bịch nay long đựng ống hút nó cũng xé nhỏ ra rồi để bay tứ tung đi quét đã muốn lòi lồn,1,0,0.0050941994
sởn gai ốc với chị ấy,1,0,0.0016236386
chủ kiểu lol gì đáng yêu vãi ?? :)))),0,0,0.0015757851
"lúc trước ông với bà tao cũng thế , bây giờ thì ông bỏ bà đi trước rồi .",1,0,0.0043615703
hôm nay bạn đi làm . tiền đâu mà mua 😌,1,0,0.0051681227
dễ thương vãiiiiiiiii,0,0,0.0015939662
dume nó hết con mẹ nó hồn ....😭😭😭😭,1,0,0.0017956877
còn tôi tự nhủ dù lớp học tự ý bỏ về hết tôi cũng phải ở lại học đến tiết cuối cùng . hết giờ tôi cứ ngồi đó rồi từ từ bước chậm ra cửa ngoái đầu nhìn lại .,1,0,0.022769721
bạn trai thì chưa . nhưng mỗi lần thằng bạn nó cắt tóc cạo râu thì auto nhìn đẹp trai,0,0,0.0016747309
ngày đi học . có lúc đang ăn cơm . bố hỏi . per năm nay học lớp mấy rồi con ☺ t không hiểu bố tao hỏi cái gì 😭,1,0,0.005825762
lớp 5 mà viết kiểu này cô đánh gãy tay .,1,0,0.0024095974
đi chơi xong về cũng buồn như chó cắn tiếp thôi,1,0,0.0040364577
dume cười vãi luôn trời :)))),0,0,0.0018522202
còn người yêu tao : một hơi có một anh đẹp trai bay lơ lửng rồi ôm lấy em khi em tắm :(((,0,0,0.0018074545
hạnh phúc là đây chứ đâu =))),0,0,0.0024612213
và cứ thế tôi khóa lại 3 năm thanh xuân tươi đẹp của mình :),0,0,0.0052726534
sáng nay mình cũng gặp 1 anh công an dễ thương lắm,0,0,0.0017804363
tất cả đã đều quá hoàn hảo rồi . trừ pha nhảy cuối thôiiii :v,0,0,0.0016970492
per :)) chắc giống cảm nhận của ông lái oto hôm qua,0,0,0.0021639531
hãy nên trân trọng những người bạn như vậy .,0,0,0.006171252
ngoài mấy phim về vật lý ra thì phim nào của ấn cũng có những ý nghĩa sâu sắc .,0,0,0.0028309166
cuối cùng per cũng thành công rồi nha per nha,0,0,0.0015025052
cũng thơm mà . kì thị quá à .,0,0,0.0014867157
hình vui mà sao đọc lại muốn khóc nhĩ ...,1,0,0.0025509002
"per thể loại mới nè , có vẻ phê",0,0,0.0014465152
bạn này yêu bố nhiều lắm mới vui vì bị bố mắng . chứ ai đời bị la mắng mà kể lại cho người khác nghe mà vui đến thế,0,0,0.0028684062
"tình đến , rồi tình cũng điii 🙂🙂🙂",1,0,0.002181174
mấy má đang có kinh rồi mặc áo đầm nhảy qua thì nhuộm đỏ 1 dòng sông cmnl 😳,1,0,0.0023217571
ủa là đụme video hài hay deep vậy . chớ tao thấy buồn cười vãi vì nhây đéo tả được :))),0,0,0.0017352874
thanh xuân rồi cũng sẽ qua có những người trong ta mãi chẳng thể xoá nhoà !,1,0,0.008306661
cậu bạn mẫu giáo năm ấy chép bài cho tao để tao khỏi bị thẻ tay giờ đang nơi đâu ???,1,0,0.0037072774
nhà thì không xa lắm nhưng chưa bao giờ đi vì sợ bị đè bẹp luôn người =))))),1,0,0.0041899844
"từ nhỏ tới lớn đi học toàn ngồi chung bàn với nam , toàn phải đương đầu chiến đấu với vạch phấn chia đôi bàn ghế . 🤣🤣",0,0,0.003502981
buổi tối vui vẻ và ấm áp nhé đại kỷ nguyên ! tương tác cho hằng khỏi trôi bài nhé !,0,0,0.0014393505
họ hành động quá đẹp,0,0,0.0016125992
rất chuẩn hãy sống làm người cơn luôn luôn co hiểu thảo với cha mẹ của mình nhé moi người ơi,0,0,0.0016100485
nói chuyện yêuu thế đmaaaa ??,0,0,0.002735222
anh thích em rồi đấy 😂,0,0,0.001990693
tội quá ! nuôi mà không chăm sóc,1,0,0.0018419676
3 thằng ngốc . xem ý nghĩa lắm,0,0,0.0014636801
"có người cả đời ăn không hết lại có người thiếu ăn , thiếu mặc nhìn chán đời vãi",1,0,0.0044324268
người tài như vậy lại không được sử dụng đúng mục đích … quá buồn,1,0,0.003102617
t đã cố tình che mặt nhưng vẫn giật mình,1,0,0.010077788
khi nào đón bé về nhà nhớ chụp đăng lên cho bọn tao coi dung nhan thằng bé nha :vv,0,0,0.0018364604
haha cứ lên xuống thấp thỏm kìa ..,0,0,0.0019927053
tao chả nhớ ngày tháng năm sinh của mẹ tao và ngược lại :((,1,0,0.0078065386
có tiến bộ ! kkk,0,0,0.0019702571
ngày buồn hôm ấy tôi cũng là người rời khỏi lớp cuối cùng .!!!,1,0,0.011227778
vâng ah nên em cũng sợ quá mà :-),1,0,0.004317807
cái mặt xinh quá,0,0,0.001571868
tao toàn bạn gái mà sao vẫn tưng tửng nhể ???,1,0,0.0018034566
xong bỗng nhiên một ngày mất hút không để lại 1 hạt bụi,1,0,0.0022264451
một nỗi buồn thầm lặng,1,1,0.6045914
cưng nhỉ,0,0,0.0027665014
"năm nay mua cân na về nhà ăn dần , tối ra đường xem chúng nó dẫn vợ thằng khác đi chơi ... kaka",0,0,0.002726371
bà ma nữ nhập vào nv chính thấy dễ thương dã man 😍😍,0,0,0.0020829926
nhớ thời sinh viên 😃,0,0,0.0027029254
"cái ông này mới xem thì thấy bình thường , mà càng xem lại càng đẹp trai 😂",0,0,0.0015925545
dù cậu làm tôi tổn thương mỗi ngày nhưng chả hiểu sao vẫn thương cậu,1,0,0.027287867
làm phục vụ xong 4 tháng đi hà nội 1 lần chỉ để gặp người yêu xong giờ thì mới biết là nó cắm nguyên cây sừng lên đầu mình,1,0,0.004846224
buồn quá buồn,1,0,0.0017204899
còn gì đau xót hơn 🙂🙂,1,0,0.0035018155
đơn giản nha .. cơm này ngon hơn cơm điện nhiều . không tin thì cứ thử,0,0,0.001505543
tội nghiệp thằng bé :)))) chúng mày bốc đâu mấy cái thẻ hay thế ??? :v,1,0,0.0016800859
"và sau mùa vải , tàn dư còn lại là những nốt mụn 😌😌😌",1,0,0.004904452
haha thì ra trên đời này tao không cu đơn đâu đó vẫn có những đứa con ghẻ như tao cùng bắt tay chào hỏi nhau nà,0,0,0.0059759864
per haha cái t2 hợp với em nè ;)),0,0,0.0016772097
hết tiền rồi này,1,0,0.003096267
"tại giống nhau quá , nhưng đừng như người ta nha , nghĩ đến tự tử các thứ chẳng có gì là hay cả",1,0,0.0051368303
chợt nhận ra mình yếu đuối như một đứa con gái vậy 😢,1,0,0.014781568
buồn nhỉ 😴😴😴,1,0,0.0018376051
tuổi thơ cũng từng trải qua nhiều lời cay nghiệt hơn vậy .. nên c hiểu được cảm giác của em ..,1,0,0.11346026
muốn nhanh thì cứ phải từ từ =))))),0,0,0.0043972502
cái giọng anh quay phim nghe ngọt quá 😘😘,0,0,0.0014305714
khiếp ăn tạp chẳng chết,1,0,0.0029093912
lại là án oan sai 😔😔😔,1,0,0.0035522222
cũng muốn vứt giày cũ nhưng lại không có tiền mua giày mới . đành chấp nhận đau chân vậy,1,0,0.009747642
thế mới làm nên nghiệp lớn chứ,0,0,0.002344397
chưa bao giờ được nge câu này 😞,1,0,0.0061753364
chả có tiền mua 😩😩😩,1,0,0.009075655
"thời thanh xuân tôi từng yêu quý nét hiền thục của chị hiền mai . và đúng như cái tên hiền mai của chị , tên và tâm tính đều đẹp , hiếu thảo khó ai bằng . em xin chúc bác có thêm nhiều sức khoẻ để chị có được nhg tháng ngày hạnh phúc , ấm áp bên mẹ ạ .",0,0,0.002148437
nói gì thì tụi bây cũng không tin đâu ..😌😌,1,0,0.0057902965
"thật tốt vì chú chó ấy đã tìm được người yêu thương nó , kiên trì để nó tin tưởng thật sự :"">",0,0,0.0020205171
đkm lại diễn rồi pr cho game aumobile chứ gì tuổi lol qua mắt tao =)),0,0,0.002437991
"công nhận năm nay tiến triển hơn , đợi 2 bà chị đi hẹn hò về còn có scl mà ăn ké :v",1,0,0.0016153898
đoạn cuối hình như nó khóc,1,0,0.0020972064
em hết ngáo rồi nha =))),0,0,0.0020308932
chỉ là muốn cạnh mà chỉ có 2 người . nói đủ chuyện trên đời dưới biển rồi đi vào giấc ngủ ngon . vậy thoii,0,0,0.0032783712
ngồi cười như dại =))),0,0,0.0021202893
nhiều khi cũng muốn chọc cho người yêu giận nhưng mới nhớ ra mình đéo có người yêu 😌,1,0,0.00428367
tag vô cho xem mấy đứa xấu tánh thôi chứ ghệ anh tánh cực kỳ dt,0,0,0.0015228334
kiếp trước sống lỗi quá nên kiếp này nghiệp quật :((,1,0,0.0042458815
"một đời chẳng mong phải nhà lầu 4 tầng , xe hơi hàng tỉ , chỉ mong người đàn ông đi cùng mình đến cuối đời sẽ luôn nâng niu yêu thương mình 😊",0,0,0.004610785
t nhận ra mình đã sai,1,0,0.025260048
"tại như vầy nên bố tao không cho đi cùng . cụ bảo có năm còn lăn cả xuống ruộng , trèo lên mái nhà của người ta để đi ??",1,0,0.0056846347
per tạo hóa thật đáng sợ :))))),1,0,0.0017167478
"những việc này , mang lên đây chả giải quyết được gì cả .",1,0,0.008909982
đọc cái mà cười rớt cả hàm .... cuộc đọ sức giữa xe lửa và ô tô,0,0,0.0027166954
mấy con yêu nghiệt ngày xưa nội có nuôi 2 con cứ ra đằng sau là nó dí chạy muốn tuột mẹ quần 🙄🙄,1,0,0.0034987621
kaka cái mặt bà kìa,0,0,0.0016305876
con bé cưng gì đâu . vk ơi anh muốn có cục bảo bối như vậy per,0,0,0.003859611
"thật sự mình rất thích bạn này , xem phim mỗi tập cứ canh đúng cảnh có bạn ý , dễ thương quá 😗😚😚😚😚😚",0,0,0.0015026354
má tao xem mà lo thằng quay phim tét không à ? có ai như tao không ?,1,0,0.0027055072
"đúng mất vài giay để nói lời yêu thương , nhưng phải mất cả đời mới chứng minh được , cháu rất ngưỡng mộ ông bà !",0,0,0.002835117
"dù thế nào thì anh tôi luôn bất hạnh , ai khóc cho anh khấc tôi đây 😢",1,0,0.014651142
có đứa nào xem mà thèm đi biển như tao không ?,0,0,0.0031008981
nghe nói dạo này bạn dưỡng da để kiếm người yêu per,0,0,0.0033339001
per trai hay gái thì vẫn thấy tữn như thường kk,0,0,0.002597063
"ngày xưa nhà nuôi mấy con điên này cái giọng thì đã khó nghe thì chớ suốt ngày ngoạc ra , hễ về đến nhà là thấy giọng bọn n đầu tiên . xong cho ăn , rõ ràng là cho n ăn đàng hoàng mà đến n + 1 lần bị n mổ với đuổi bợt mạng . chốt là tao ghét cái bọn nì dã man . ám ảnh cả 1 tuổi thơ :(( cái thứ yêu nghiệt .",1,0,0.007865357
hổng gặp cái buồn luôn ><,1,0,0.0017967921
"đừng nên thích mấy ông anh cơ bắp , sợ lắm 😆",1,0,0.0028892816
"chấp nhận đau khổ , để đổi lấy hạnh phúc , mà tìm mãi hạnh phúc không đến thế mới đau em .",1,0,0.009528574
"đần mặt ra nhìn nó y như con ngu , còn cười theo nó nữa , xong bị nó phát hiện .",0,0,0.0031630187
"tập thể năm nay lại làm mình tiếc nuối từ thành viên đến gvcn :,((",1,0,0.003341725
mai đấu giá thử cai lap cua mình chứa toàn tài liệu tiếng nhật 😂😂,0,0,0.0016624318
làm công nhân đã bị vắt kiệt sức khỏe cho đến khi bị thải,1,0,0.022741355
hồi đó tao lấy cái đó kẻ tập luôn kiểu làm màu mè cho đẹp xong lên trả bài bị bà cô trừ điểm ????,1,0,0.002379169
"con nghiệt súc này mỗi lần tao đi đá bóng là 2 vợ chồng nó dí theo cắn bầm hết chân , thứ này thù dai kinh khủng , chiều nào nó cũng khởi động cho tao trước khi đá bóng ... con mẹ nó giờ tao lớn rồi , tay nghề nấu nướng cũng không tệ gặp mà dí theo là xác định tao quay nó vàng ương luôn =]]",0,0,0.0048401384
"hút điếu cần xong nhìn nó ăn mà muốn phá cái tủ lạnh vô dụng của nhà mình quá , đéo đủ sức đựng thịt bò toàn rau .",1,0,0.0042615742
cuộc sống mà đành chịu thôi =(((,1,0,0.029972443
"có rồi mà , nghén rồi nè hihi",0,0,0.0026552766
"và mày chỉ cần lùi về sau , như ít quan tâm và nhắn tin lại mày sẻ cua được crush 😎😎",0,0,0.004101746
cặp nay dth ghê luôn 😍,0,0,0.0016767076
thương thương con =)) yêu ghê cơ ý cái mẹt hờn dỗi,0,0,0.00156234
"ngày chia tay , chúng tôi đã ôm nhau khóc",1,0,0.008708577
đứng dưới cây này chỉ sợ ngột vì mùi hoa sữa 😂😂😂,1,0,0.0049105524
hãy cảm ơn vì chúa đã ban em cho chị 😂😂,0,0,0.0021835463
"ước mơ của tao , thích vẽ lắm luôn , nhưng mỗi tội vẽ xong cho lên màu thì lại tệ 🙄",1,0,0.003586398
23 năm rồi tao còn chưa được đi chơi với bồ trung thu lần nào cả :(,1,0,0.0065083597
ngọt hơn cả người yêu haaaaa,0,0,0.0016637191
em chưa có người yêu . có ai yêu em không . em cô đơn quá,1,0,0.059700754
có gặp cũng đéo dám ngẩng đầu lên nhìn,1,0,0.0065101767
rớt giá kinh khủng khiếp huhu,1,0,0.0028450615
huhu đéo muốn đi học đâu,1,0,0.0029254006
anh vui thì anh ngồi thôi ... chú cự để mặc anh . :v,0,0,0.002915384
tiếc là 23 cái xuân rồi chưa gặp được em . có ai giống tôi không,1,0,0.004776147
per mi phải học con nay bán hàng lai chim mới chạy hàng này,0,0,0.0031364858
công nhận sáng tạo thật đấy,0,0,0.0015506662
tự nhiên mình lại không muốn làm single mum nữa -.-,1,0,0.014303459
cắt tóc xong rùi gội đầu xong tóc còn ướt ý nhìn đẹp trai lắm luôn ý,0,0,0.0015400376
tao thấy đéo có cái gì để tao cầm được cơn cười cđcm nó ! :)),0,0,0.0045957374
tội quá . thương em,1,0,0.0019298679
tình yêu là sự mù quáng mà hix,1,0,0.0030411673
dòm sợ thiệt 🤐,1,0,0.001752838
hicc thương em,1,0,0.0015428778
"cảm ơn các em , tuổi học sinh lắm nghịch ngợm nhưng có lòng yêu thương con vật nhỏ bé đã giúp bé cún được sống 😘😘",0,0,0.0017989744
t cũng buồn lắm chớ bộ 😓😓,1,0,0.0052620475
per nhớ hội chị em vinmec quá :((,1,0,0.0013873164
"đi viện mà tưng tưng ăn uống được là tốt rồi , mừng mày sớm ra viện nhé cô",0,0,0.0019509232
ngày bé nấu hoài không chín . tức rủ mấy đứa ra đốt cả đống rơm nhà hàng xóm,0,0,0.00286311
nếu không gãy đó la 1 bài quyền đẹp rồi :((,1,0,0.0016426493
ý nghĩa và đáng suy ngẫm thật,0,0,0.0016402276
"bố bạn ý chửi nhẹ đấy , bố mình chửi là chỉ mong đầu thai vào nhà khác 😬",1,0,0.0046410467
nhớ gia đình nhỏ nhiều lắm … mà không được về thăm,1,0,0.0033758106
coi xong đoan này . tao thấy nhớ nhà vô cùng 😭,1,0,0.0018406583
chuột nhìn thấy mèo sợ là đúng rồi =)),0,0,0.00207307
nhìn rợn vãi,1,0,0.0022390245
per thịt nướng lò xô ne ăn z mà không chết 😎😎😎😎,0,0,0.002662951
nhọc lòng :(((,1,0,0.0019805261
a per doi dap rat tuyet voi . chuc anh thanh cong trong vu nay .,0,0,0.0034270168
chỉ mới hỏi về người khác giới cái là bị gán là thích bạn đó luôn mí sợ :(,1,0,0.0053075613
trò này cũng nguy hiểm chết người đừng đùa theo mà mang họa,1,0,0.0021955855
ai như tao nghe tự nhiên thấy ấm lòng vãi không,0,0,0.0031326807
ỏ đáng yêu =))),0,0,0.0016800049
"mình nghĩ sẽ không bao giờ là một thương hiệu quốc gia , là khát vọng về cà phê vn nữa ...",1,0,0.006629672
nhẹ nhàng bay lên và hạ cánh thất bại do lổi kỹ thuật,1,0,0.0015485489
"cưng vậy trời , anh cho em xin ảnh nha ạ",0,0,0.0019735603
chuẩn không can chinh,0,0,0.0020285002
nhưng kp cười với mày đâu :) ảo tưởng vãi,1,0,0.002310151
mua con lợn 50k được lì xì 40k . ok em ổn,1,0,0.0019306348
ra vậy . nguy hiểm thật :(((,1,0,0.0017312189
khổ tâm ghê =)),1,0,0.0023579262
"giả bộ vô tình gặp nhìn lén rồi đi , lại còn tìm hiểu cả gia phả người ta nữa chứ ... một thời ngu ngốc đáng yêu .",0,0,0.002828761
có ai chỉ tự yêu bản thân như tôi không :(,1,0,0.013830713
per hẹn xem phim này nữa nha mày 😛,0,0,0.0015828031
đau ghê,1,0,0.0019675929
dễ thương vầy :>,0,0,0.0014971194
rất nguy hiểm nhé nhảy không qua là xác định dập mặt,1,0,0.0028706125
ha ha ....,0,0,0.00233407
nhiều lúc ngáo ngáo thoải mái đến mức người yêu cũng đéo bằng nó và đến khi nó thổ lộ tình cảm thì tao đéo tin :v,0,0,0.0044754576
phải tao tao vứt luôn xe ??,1,0,0.0022899061
là con bé con điên khùng và phiền vãi nhưng bạn vẫn yêu nó vãi chưởng :)))))),0,0,0.0017991473
"mong ai đó sẽ không nghe được bài hát này . xin lỗi , ngàn lần xin lỗi 😢",1,0,0.004015024
chuẩn đét . t nghỉ công ty cũ cũng vì đồng nghiệp 😭😭😭,1,0,0.0017978863
ủa mắc gì gỡ fan cứng của em ? huhu,1,0,0.0026068129
chả bù cho con ml này . đợi mãi không thấy nó về . hy vọng em không bị bọn xấu bắt lên dĩa là tốt rồi :(,1,0,0.0050358796
má cười ỉa luônn,0,0,0.0019821934
từ lúc đấy tao không ăn được các loại thịt ngan - ngỗng - vịt lun 😞 ám ảnh vãi,1,0,0.02049043
nhớ nhé đồng nghiệp haha,0,0,0.0015671402
cứu em nó với,1,0,0.001951478
đã nguy hiểm vậy sao không hủy mà bán 0 . 0,1,0,0.0037860905
ông mặt trời dễ thương hha,0,0,0.0016674092
không hiểu sao xem đi xem lại bao nhiêu lần vẫn khóc được,1,0,0.0063991873
kiểu em sai rồi . a xin lỗi em đi 😂😂,0,0,0.0027428889
gáy sớm để làm gì cơ chứ haizz,1,0,0.0022438
đái mẹ ra quần ??,1,0,0.0020034688
đọc xong nước mắt ứa ra,1,0,0.002006357
tao cũng hay sử dụng chiêu này và bọn đàn ông vẫn cứ bị lừa ????,0,0,0.003688035
dễ thương mà,0,0,0.0020634907
per anh tải cái này về cho per học nè . thú vị ghê,0,0,0.00148755
"cố gắng lên mọi lỗ lực và công lao của em sẽ được đền đáp một cách thật là sứng đáng , cố gắng lên em nhé 👍",0,0,0.003552928
nhưng nói thì cứ bảo hay than thở 😢,1,0,0.0018234209
nhìn quả mặt của nó thì tao công nhận thất tình thật đáng thương ?,1,0,0.0023865292
đằng này họ nghĩ tao muốn giết người rồi chửi tao bị thần kinh rồi cho trôi qua mọi chuyện,1,0,0.016601054
"chân ta cũng là chân đi và giờ bị đứt dây chằng , nằm một chỗ đợi mổ rồi mày . đồng cảm vãi",1,0,0.0052303444
xấu mà đáng yêuc quá,0,0,0.0015737093
thế nên bán hàng có tâm là đừng bao giờ nài nỉ khách mua thêm vì biết đâu bạn vô tình làm cho nỗi đau của họ trở nên tồi tệ hơn .,1,0,0.005495852
dưới cái nóng 40 độ ngày hôm này xem video này xong thất mát lòng vãi_chưởng :)),0,0,0.002356142
"cái thứ ba , trời nhìn mà rơi nước mắt thay cho luôn công cả một mùa mà đi tong chỉ vì một trận mưa",1,0,0.004256927
"thấy bình sữa của em thấy ham quá , chị sinh em bé chả có sữa gì hết .",1,0,0.0020569242
nhiều lúc buồn đến nỗi coi những vid thế này . đéo thể cười nỗi .,1,0,0.04684021
sư phụ giả vờ ngã để thử lòng các đồ đệ và cái kết ngã sấp mặt luôn 😢,1,0,0.0032474883
đéo có người thương để mà làm ấy chứ :(,1,0,0.0028716908
"đồng nghiệp tốt , chị em tốt đi làm như đi chơi :)) chứ làm cùng với mấy con mlz đáng sợ lắm :))",1,0,0.0015843456
rồi khi mày có 1 ít tiền :)) mày mới phát hiện ra còn đéo cả có người đi cùng cơ,1,0,0.0030826754
các b học sinh đáng yêu quá,0,0,0.0013983751
cuộc đời bà đã nấu hơn 50 nồi bánh chưng rồi nhưng bà chưa bao giờ thấy ai cắt tóc ngắn đi mà xinh như thế này các cháu ạ .,0,0,0.008406723
đây là một câu chuyện buồn không chỉ riêng tao,1,0,0.008426326
"cảm ơn nói chuyện nhật ! 1 nền khoa học , giáo dục , trí tuệ văn minh !! 😘",0,0,0.0014847796
bạn có bố thật hạnh phúc,0,0,0.0016583455
"per trong vòng 4 tháng chắc anh chụp hơn trăm tấm , huhu , sợ quá 😱😱😱😢😢😢",1,0,0.003591203
chuỗi ngày tủi nhục cũng từ đó mà bắt đầu,1,0,0.030206297
hàng xóm cũ của tao cũng thế may mà bà ý chuyển nhà rồi 😃,0,0,0.0046700295
không biết vì sao họ vẫn cười nhưng mình thì khóc ...,1,0,0.0130435135
"đúng vậy , có họ ở bên cạnh nuôi nấng ta từng ngày đã là quý lắm rồi",0,0,0.0044617164
5 năm nữa tao phải đẻ được 3 đứa 😂😂😂,0,0,0.0051434236
ôi cưng cưng quá,0,0,0.0019444682
dù s đi nữa thì mày vẫn xinh . cố lên,0,0,0.0019219677
hay lắm :))),0,0,0.0018179978
buôn bỏ nhưng tình cảm ko thuoc về mình nua . bat đầu kiem tiên,1,0,0.01552372
nó cười mà muốn rụng tim 😂💔,0,0,0.005460075
"vì luật áp dụng đối với vụ án phân chia tài sản trên 4 tỷ thì mức án phí là 0 , 01 %. suy ra vụ này trên 8 nghìn tỷ thì mức án phí là 81 tỷ là đúng rồi .",0,0,0.01258559
"per đi làm với c mình vui hết xẩy , trừ những lúc khó tính :))",0,0,0.002833734
1 thời gắn bó với nó . nhớ lại ngày xưa cực khổ,1,0,0.006776818
per nên mày hãy yên tâm về mấy con nhện nhé :))),0,0,0.0022025337
:) cảm giác đó đau lắm các mày ạ,1,0,0.014702736
đề kháng của tao với mọi loại thính rồi cơ 😂,0,0,0.0051305736
cái này ghê vãi mày sẽ hiểu cảm giác khi nó lún xuống 😅😅,1,0,0.004637667
🤣 lau mặt bằng quần chíp của vợ à ?,0,0,0.002021602
mất rồi có lấy lại được đâu :)) cái gì nó cũng chỉ là quá khứ,1,0,0.004427236
quay vào ô mất lượt :)),1,0,0.0025426515
:))) có thật nhiều tiền là vui,0,0,0.0018812597
mình rất rất muốn đi nhưng trong túi kô còn xu mẹ nào vân kiều ơi,1,0,0.0061901384
các bạn trẻ ! người lớn có thể nghe thấy tiếng chó kêu mà không hành động gì để cứu vớt . các em thật đáng khen . cần những bạn trẻ nhân ái như các bạn .,0,0,0.0029495081
"em đỗ 6 trường đại học ở mỹ , còn hàng trăm thằng đổ em luôn rồi đó , em biết không . trong đó có anh 🤪",0,0,0.0036555002
thật đáng khâm phục các bạn ... chúc các bạn gặp nhiều may mắn trong cuộc sống ...,0,0,0.0021301848
phim cực hay và cực cảm động lòng người,0,0,0.001511346
chai này mới ghi được nhìu chữ kkk,0,0,0.0018205973
per cố đợi đi nha để em mua bảo hiểm cho anh 🙂,0,0,0.002226605
"có ai nhìn thấy hình như người đàn ông này đang rất đau khổ không nhỉ ? mình nhận thấy hình như ông ấy đang rất đau khổ , mà không thể or không muốn nói ra .",1,0,0.012921986
per đáng sợ quá,1,0,0.0017434028
tao chỉ lên ngắm cảnh tí xíu mà mày cũng dìm tao :)))),1,0,0.003150244
chúc mừng,0,0,0.003062383
thằng hack game nó gặp trùm cuối rồi 😭😭 truyện đến đây là kết thúc sao 😭,1,0,0.0025017157
"đang tính đi nhổ răng khôn ( à quên , nó ngu chứ khôn đéo gì ..) nghe được cảnh báo này chắc không dám đi nhổ luôn .",1,0,0.004865997
hú hồn con chồn chạy ngang 😑,1,0,0.0023749503
đây là bạn tao . =)),0,0,0.0027621344
là mỗi buổi sáng thức dậy ta có thêm 1 ngày mới để yêu thương ❤️.,0,0,0.003483727
đáng lẽ bệnh của tao đã không nặng đến thế,1,0,0.1019682
tự nhiên nhớ cái cảnh 2 con bánh bèo bị ngỗng dí quá 😅😅 per,0,0,0.0024999862
🤣🤣🤣🤣 bo tay chấm cơm . hahaha,0,0,0.001491339
và từ đó bà cụ sống trong hạnh phúc :)),0,0,0.0030439098
"cmt buồn cười vll , nhớ mình cừng có kinh nghiệm chạy ngỗng :)))",0,0,0.0029295622
chưa bao giờ nghe ngươ ̀ i ta chửi thề mà đáng êu đến vậy lun =))!,0,0,0.002926967
đọc xong tao muốn khóc luôn,1,0,0.0075516
t còn được nghỉ 1 tuần :)))),0,0,0.0027312238
xem phim cười gần chết . mà thích cái bạn ma nữ hơn là na bong,0,0,0.0018842125
"cải tạo được , có tái tạo được 100 % nguyên trạng rồi sao ? giá trị lịch sử văn hoá gần nghìn năm đã mất đi rồi :((",1,0,0.0029792334
sợ thì vkl,1,0,0.0033607301
per :)) hiểu được nỗi lòng anh chưa ! mốt đừng giận anh nhiều nữa nha,0,0,0.0018666204
thất vọng và áp lực tích tụ hằng ngày với tao,1,1,0.9964574
nếu địa phương không xây cầu thì người dân cũng có thể tự làm cầu cây mà . phóng lỡ hụt chân thì xác định nát người .,1,0,0.010055378
ngày chủ nhiệm cu nhà mình cô nhẹ nhàng nết na lắm mà ! giờ thì sao cô lại hành xử như vậy chứ ! thật buồn !,1,0,0.0023793732
t quá mệt mỏi với cuộc sống này rồi 😓,1,1,0.9945328
per - chan đáng yêu zl =)))))),0,0,0.0015021424
khuôn mặt đậm chất giải trí 🙂,0,0,0.0015400302
tao nhìn sợ vãi,1,0,0.0033238728
gia đình có nhưng tình yêu không thì sao,1,0,0.0048740273
sau mỗi cuộc chia ly người ở lại vẫn là người đau lòng nhất :((,1,0,0.0031015219
đúng là chân thật luôn luôn tổn thương !,1,0,0.004395336
"từ khi lấy vợ , làm vlog thiếu muối hẳn huhu",1,0,0.0021235803
sad cực mạnh,1,0,0.0015641525
nhất định sẽ có một ngày tao sẽ thành công và tự nói bản thân rằng mày làm tốt lắm,0,0,0.004802539
phim hay vãi ra . đến giờ vẫn thấy mình giống bạn ma nữ quá trời 😂😂😂,0,0,0.0015716285
tội nghiệp các bé đạp xe đi học,1,0,0.0021889806
thế nên tao với mày không thể làm người yêu nhau được,1,0,0.009834545
sinh viên năm 3 rồi nhưng vẫn chưa định hướng ra trường làm cái giống gì đây :(,1,0,0.0052480698
khóc hết nước mắt 😞😞,1,0,0.0052442895
"wtf , tao đã làm gì sai ☹️☹️☹️",1,0,0.0054541714
"bọn tàu copy kịch bản phương tây , chắc bữa sau lại có mấy video make in việt nam như vậy và kịch bản tàu haha",0,0,0.0020855933
mình không áo mưa rồi 😞,1,0,0.005349753
còn mềnh thì ra quán mua bim bim đều chỉ để nhì em mà cười,0,0,0.0031274818
"biết chỉ là phim thôi , xem con bé hôn bố lần cuối nước mắt tự rơi , híc híc",1,0,0.0020213118
tao lại bị mọc lông chân rồi :((,1,0,0.0034130155
mua thêm vài trăm con cá xấu thả chắc vui hơn,0,0,0.0023605744
per hôn nhẹ lên má nha 🤣,0,0,0.0017806743
góp phần xây dựng đất nước chứ gì kkk đóng nhiếu rứa,0,0,0.004306555
dume mặc dù tao rất yêu chó nhưng tao cũng sợ chó nữa :((,1,0,0.0030020243
cứ mỗi lần cắt tóc xong tao lại thấy biết ơn bố mẹ vì đã sinh ra tao đzai vãi :))),0,0,0.0037889013
đó cũng là giải pháp hay để lừa một thèn ngu :))),0,0,0.0023046406
thương các con quá đi,1,0,0.0017359145
khổ thân con mèo :((,1,0,0.0023647647
một người đàn ông bản lĩnh thực sự 👍,0,0,0.0015270051
"per bởi , đéo dám tán ai hay tỏ tình",1,0,0.0022484495
ấm áp ghê =)),0,0,0.0015730052
phim ấn độ duy nhất tao xem mà không cảm thấy vật lý logic quá khó hiểu dù thật ra trong phim này nhiều kiến thức hại não thật ; )),0,0,0.0025247268
giọng chú hơi bị dễ thương nhá :)),0,0,0.0021519905
pháp năm nay nhiều biến quá :((,1,0,0.0017688619
hèn dì mấy nay đi học thấy bạn của crush nhìn mình cười,0,0,0.0026472847
cũng muốn đi xem lắm 😭,1,0,0.0034636639
có lẽ vậy là tốt nhất,1,0,0.0022276202
per đến con nít chúng ta cũng không bằng là sao ......... tuổi thơ và tuổi thanh xuân nợ chúng ta quá nhiều thứ rồi 😭😭😭😭,1,0,0.0036745756
gv có tâm vãi 😂,0,0,0.0017016343
mình thi xong còn không khóc được 😢,1,0,0.0033163608
một bộ phim quá suất sắc,0,0,0.0015815467
tao mừng quá vì tao biết chắc chắn hôm nay crush của tao không bị thịt . ahihi .,0,0,0.007998734
"chị thích con gái mạnh mẽ , cá tính .",0,0,0.0019538288
cho dù em có dành được bao nhiêu học bổng đi chăng nữa nhưng mãi mãi em sẽ không thể có được tôi 😅,0,0,0.012175818
cười ỉa :)),0,0,0.0022112404
lợi ích của việc giữ vững quan điểm 😄,0,0,0.0021963438
"chời , dễ thương quá",0,0,0.00159773
t cười đấy . thế tao thả haha nhé . mà dume đấy là cháu tao . thế bây giờ không có icon vừa khóc vừa cười à :]],0,0,0.003530952
nếu là tao thì tao sẽ không ăn được miếng nào,1,0,0.030793963
nghe mát lòng mát gan thế ????,0,0,0.0014893614
lúc bé mình rất sợ,1,0,0.008486232
chưa bao giờ bắn trúng thứ gì 😆.,0,0,0.0037850835
thôi xong . chia buồn cùng quý quốc,1,0,0.002337559
thấy tội nó ghê ????,1,0,0.001770229
ngày bé tao bị nó dí thế là tao cho nó 1 gậy 🙂 hôm đó tao được ăn thịt ngỗng,0,0,0.0068639047
đã sáng suốt hơn năm ngoái nhiều . ka ka,0,0,0.0021747015
tưởng tao sợ ư từ cái lần mày dọa rắn tao và tao rơi điện thoại cuối cùng vỡ màn hình là tao đéo sợ nữa nhớ,0,0,0.0060481066
"công trình 850 năm tuổi , xây dựng 100 năm mới hoàn thành chỉ còn là đống cháy sắt vụn .",1,0,0.0032450862
đau bụng quá ự ự,1,0,0.0019659558
"đang ỉa xem cười như điên , kkk",0,0,0.0034344087
hành động đẹp,0,0,0.0016288358
đúng là vàng trắng .. nhưng mà trắng tay :(((,1,0,0.0019157132
thanh niên co ́ em hoan hy ̉ qua ́ :))),0,0,0.0021412596
buồn cô lắm,1,0,0.0023558103
"thích cái câu "" em không yêu anh nữa ""😊😊",0,0,0.0026698809
"anh luôn nghĩ thế giới này không có gì đáng sợ , cho đến khi anh không còn thấy em nữa",1,0,0.01568377
mình chụp mấy lần liền chả thấy bác sĩ cho mặc lớp áo gì cả 😭😭😭,1,0,0.003199515
"hồi bé đi mua xôi bị một đàn ngỗng đuổi 🙂 may mình đi xe đạp không thì ăn lol ** với chúng nó , cái thứ mất dậy 🙎🏻‍♀️🙎🏻‍♀️🙎🏻‍♀️",1,0,0.0030195413
a đến sớm hơn nhé 😆,0,0,0.0018263455
tao ấn tượng anh đầm hường ghê 😂,0,0,0.0016011695
đáng yêu thế bà đẹp gê,0,0,0.0015545618
cười ỉa phút 1 : 11,0,0,0.0020187239
sao không cắt móng chân cho em ... nhìn mặt cute mà thấy móng chân em sợ phết,1,0,0.0028098926
per cđ chỉ cần đơn giản như thế đã ấm lòng thế ... rơi cả nói chuyện mắt ...,0,0,0.004071058
huhu sợ vãi luôn á,1,0,0.0019149312
per mày cũng cắt tóc giống thế đi cho đẹp =)))),0,0,0.0019961551
ráng ăn cho nhìu vô ỉa cục cức dài hơn móng tay ổng luôn kk,0,0,0.0016887714
tiền nhiều để làm gì khi tình không còn,1,0,0.0073043094
cài lò xô huyền thoại,0,0,0.001745802
sở khanh như boss chịu liền .. đẹp trai quá trời ui,0,0,0.001573707
chỉ còn lại tro tàn,1,0,0.005474028
huhu lần trước đi chụp răng . thằng kĩ thuật viện cho bạn vào cái máy to đùng xong nó bảo ngồi im . nó bật máy xong chạy ra ngoài đóng cửa với tốc độ ánh sáng .,1,0,0.0030414306
mẹ tao vừa đọc xong còn tag tên tao vào . bọn mày có cách nào trưa nay không về nhà mà vẫn có tiền ăn cơm không chỉ tao với,1,0,0.0076966234
độc nhất vô nhị . kkkk,0,0,0.0018020099
thề nhìn họ hôn nhau thôi mà nổi hết gai ốc . chưa dám nghĩ tới xxx . chắc thốn lắm . lạnh sống lưng thật .,1,0,0.0048335413
là gặp đúng người nhưng lại chẳng đúng thời điểm . cuối cùng vẫn là chúng ta bỏ lỡ nhau 😥😥😥,1,0,0.0059832763
quả nhiên chồng con nhà người ta đéo bao giờ làm tao thất vọng 😄,0,0,0.012183139
họ đã cho ta có mặt ở trên cột đời này rồi còn gì bằng nữa chứ,0,0,0.0041946727
tôi đã giữ lại mấy cái giấy note đã ghi chú khi nào kiểm tra =))))),0,0,0.00375168
"suốt ngày trật ray , còn hay không sự phù hợp hệ thống ray - tàu với hệ thống đường sắt vn",1,0,0.0042757536
một mình tao ăn hết 1 nồi lẩu từ lúc tối 😭,1,0,0.006252733
"thời buổi bây chừ chuyện gì cũng có thể xảy ra , vậy nên thôi trất , đừng nên tin ai",1,0,0.011547238
mỗi lần quyết tâm bỏ mà lại thấy cười . đm đời,1,0,0.0073971474
có những ngày làm tới đâu là sai tới đó :)) muốn tát vào mặt hết sức,1,0,0.011568062
nhìn vừa tội vừa thương ????,1,0,0.0023670553
giao lưu tí không . tự bấm chứ không mua =))),0,0,0.0021803
nhà tao còn nè,0,0,0.0018168489
bữa cơm trưa nay tăm tối như cái ava của tao vầy :((((((,1,0,0.0022816872
t thấy nó cười hoài mà không bao giờ nó cười với tao cả :((,1,0,0.0030662098
2 năm rồi và đã kết thúc rồi,1,0,0.0022042426
cách tốt nhất là đứng lên và chọn 1 nơi khác để tìm 1 thứ tốt đẹp hơn và dễ viết hơn :)),0,0,0.0027105403
"xã hội thật phức tợp , huhu . không muốn sống chung loài người nữa , tao về núi đây",1,0,0.003999699
tội cả con quá 😭😭 một lũ vô nhân tính đã hủy hoại những mầm non tương lai .,1,0,0.0070070396
"tao nói té 1 cái không dập mề thua gì cũg thua , trĩ nội trĩ ngọai nguyên chùm =)))",1,0,0.0022614317
"per tải thử cái này cho cún đi chị , hay phết này",0,0,0.0015213628
cổ tích thôi nhé . tao mới bị hỏi vì rẽ không xi nhan . và anh chỉ nhẹ nhàng phán 1 câu : ‘’ 2 triệu đưa đây không thôi mai cầm 3 triệu lên đồn nhận xe nhé ’’ anh thật là dễ thương 🙂,0,0,0.0022345677
cưng quá :))),0,0,0.001821646
nơi ấy giữ lại những kí ức tuyệt vời,0,0,0.0015340422
cô gái này thật dễ thương “ anh cứ nhắm mắt làm đại một lần thôi mà “ 😂😂,0,0,0.0017022599
tao nhớ không nhầm hôm nay nó đến tháng vậy là sẽ không bị đâu nhỉ,0,0,0.005133836
má toàn truyện trong mơ không hà mắc cười quá 😂,0,0,0.0015813977
"động lực là tình yêu . vì sau khi chia tay , tôi đã thấy mình vô dụng trong một thời gian dài .",1,0,0.0440183
ngày xưa cũng như này trong lúc mối quan hệ bắt đầu nhạt :) haiz,1,0,0.0031779173
nay buồn :(((,1,0,0.00205024
tối mà tắt đèn gặp mặt nó với cặp mắt nó là tao còn sợ hơn thấy ma,1,0,0.005145188
per ối bạn ơi quà sinh nhật mình đây rồiiiii,0,0,0.0018919567
câu chuyện mọc sừng được bắt nguồn từ đó 😀,0,0,0.005620425
và vui mừng hơn khi biết tin chị vợ ở nhà vừa sinh hạ em bé được 1 tuần,0,0,0.0032685956
nghe ngọt thế :((,0,0,0.0015036896
thích thật,0,0,0.002229461
tao xem mà cứ sợ nó ngã vãi 🙂,1,0,0.0031813853
bỏ thế lồn nào được :(,1,0,0.0033783636
"thanh xuân của tớ gặp cậu rồi , 4 năm rồi , chỉ có điều vẫn là 2 đường thẳng song song",1,0,0.004887901
xem hết mới biết cái video nó không phải video hài thấy buồn buồn 😪,1,0,0.0018070121
nghe nguồn tao biết được độ chân thực của câu chuyện rồi 😂😂😂,0,0,0.0018203148
hạnh phúc thật :)),0,0,0.0016734544
kiểu định share vì thấy tinh thần khá hơn nhưng đọc bình luận xong kiểu nhiều đứa còn tiêu cực hơn mình :<,1,0,0.002144049
t nghe thấy nó nói gì tao chết liền,1,0,0.0082195215
mong ông bà được nhiu sức khỏe,0,0,0.0015533034
đó là những nơi khác . chứ chỗ làm của em . anh chị đáng yêu v đáng quý . em học tập được rất nhìu kinh nghiệm .,0,0,0.0015501016
hết hồn chim én,1,0,0.0017684494
con đường này chắc dành cho mấy người như tôi,0,0,0.0062569007
chắc là năm lớp 4 5 gì đó :)) tao mua bánh kẹo đem vô lớp bán lẻ lại ... mỗi lần đem bán như vậy chắc cũng kiếm được lãi 2 - 30k 😂,0,0,0.006152423
già còn thích phi công =)),0,0,0.001858741
chuyện tình huyền thoại của per với per :(,1,0,0.0020592983
để tao nấu thì quên luôn . xác định tối đó đói :((,1,0,0.0033322321
mình trả phòng là chăn ga gấp gọn gàng . đồ đạc hẳn hoi trả người ta . dù sao mình cũng như người ta bẩn dọn mãi không sạch ai chẳng điên,0,0,0.0029510693
chỉ cần thích cái là muốn rụng tim,0,0,0.0059834514
công an béo như lợn không đuổi nổi tội phạm 😂😂,0,0,0.0030985703
khổ người lao động thôi,1,0,0.0025285066
moá nhìn rùng hết cả mình,1,0,0.0027633614
"trước tao cũng tin vào tình yêu chân thành lắm , niềm tin chết rồi",1,0,0.0065538217
vcb thu phí dịch vụ cao có khác . lương nv cũng hơn chỗ khác :)),0,0,0.0030218589
bư ̃ anh trước mới nghi ̉ xong tao đi đa ̀ nă ̃ người chơi 3 nga ̀ y xong vê ̀ kho ̉ em re =))),0,0,0.004311991
có thì tốt nhất đừng có giận vì ngoài kia bất cứ thằng nào cũng sẵn sàng dỗ dành bạn gái của bạn 😋,1,0,0.0041782423
"đấy gọi là biết ngu mà vẫn đâm đầu vào , giống tao :)",0,0,0.002166969
tao cũng có 1 người bà như trong video nhưng bà ấy qua đời rồi 🙁🙁🙁,1,0,0.0050516967
bắt võng nằm cho sướng,0,0,0.0023609274
phim này ý nghĩa lắm,0,0,0.0015161334
thú vui đặc biệt vãi :v .,0,0,0.0018512515
ny tao đbh dỗi . chọc kiểu gì cũng không dỗi . đáng yêu vãi 😂,0,0,0.0017924902
ko sợ gì chỉ sợ con ml ý 😞,1,0,0.004786526
quá hay cho admin,0,0,0.0015883816
per gặp tao chắc tao đái trong vần 😅😅,1,0,0.0021390417
ngày nào cũng ngủ với mẹ rồi mà vẫn còn tiếc :))))),0,0,0.0022326997
tao thích vẽ . nhưng vẽ xấu từ đó chuyển hẳn sang mê chụp ảnh .,0,0,0.008465737
t thấy dễ mà . không biết thì học khác biết . ez vãi,0,0,0.0037497024
còn gì hơn lòng dạ đàn bà ... cũng may tao là một con đàn ông :)),0,0,0.0036103635
thôi xong tao rồi :((,1,0,0.0024663715
cảm ơn bạn vì đã chia sẻ cũng như đã luôn sáng suốt để không làm gì sai,0,0,0.0018746993
bộ phim hay ý nghĩa nhất từng xem,0,0,0.0015276131
bài viết đọc rất sướng .,0,0,0.0015008508
con này chăm sóc n là n bao đẹp ><,0,0,0.0017018418
ừ thì là chuyện cổ tích . cháu đang đi đường thẳng gặp mấy chú thì phải rẽ ngang . 😢😢,1,0,0.0030757382
cưng gì đâu,0,0,0.0021404794
lâu quá mới nghe lại bài này buồn thế,1,0,0.0016789121
per eo ôi làm nhớ hồi nhỏ đi học mẫu giáo quá :))),1,0,0.0019055586
ngày cuối cùng thực sự buồn,1,0,0.0036625096
hú hồn hà,1,0,0.0020546704
aw giống tao vậy =))) mấy thứ linh tinh tao còn để nguyên vào 1 cái hộp bự cơ,0,0,0.0021742864
khóc muốn rơi cả mắt,1,1,0.59989125
có những ngày mọi thứ nó bỗng ập đến,1,0,0.035902478
bộ phim đáng xem đó mấy man,0,0,0.0014701841
một đứa sợ sấm chớp không thích hình ảnh này huhu,1,0,0.0025410652
per đây . cô gái bán hàng thú vị đây . phải xem cho hết,0,0,0.0020033754
nuốt được cục tiền đó cũng hay đó ( y ),0,0,0.0015093368
rất nguy hiểm,1,0,0.0023040704
:((( tôi vẫn chưa sẵn sàng để đi học mà,1,0,0.013640928
khang khang 1 thời cùng nhau vui say ! bjo thì khác rồi thân ai nấy lo hở chị hố hố ;)),0,0,0.0020064418
"nhìn cảnh này mình nhớ lại cảnh ông ngoại mình đứng ngay quan tài bà ngoại khóc nức nở . bà đi rồi để ông ở lại một mình , đau lòng quá",1,0,0.0040780045
"tụi mày có hiểu được cảm giác , muốn bắt chuyện mà không dám bắt không ?? tụi mày có hiểu được cảm giác vờ ngủ gục để nhìn nó không ?? tụi mày đã từng nhìn nó thật kỉ , thật tỉ mỉ chưa ?",1,0,0.006379247
"sao vẫn còn người tốt trong xã hội này , đáng khâm phục",0,0,0.0018796702
rất tiếc cho 1 bài quyền,1,0,0.0021685907
nhện này trong nhà tao chắc tao bỏ nhà đi mất 😱🤯,1,0,0.0046042544
mình cũng có con mèo đực nuôi được 1 năm thì nó biệt tích 1 năm sau nó về rồi 1 năm sau thì nó mất .... buồn,1,0,0.0053773993
"mẹ kể hồi nhỏ nuôi con ngỗng thay chó canh nhà . ăn trộm mà vào thì chạy đằng trời với nó , cả bầy lao ra quạt với táp , khi gia đình vác gậy chạy ra thì thằng ăn trộm nó ôm cây trên tít cành cao , áo quần tóc tai lủng máu me tè le . gia đình phải cứu ăn trộm má mấy mẻ còn không tha , 2 3 con vẫn dí nhảy hàng rào dí theo ăn trộm . phải nói dí bao dai mà cục súc vê lờ .",0,0,0.008195508
cái kết có hậu quá :)),0,0,0.0017723283
thấy cờ rút trên tờ polime là tim rụng rời liền,0,0,0.0028345129
chuẩn bài =)))),0,0,0.002282306
"per huhu đúng quá nè :< sư phụ đi rồi , còn per thôi , đừng đi đâu nữa nhaaa 😢",1,0,0.0017789028
"chuẩn luôn , áp lực công việc cũng không bằng mối quan hệ với đồng nghiệp",0,0,0.010817683
ui sồi ôi đốn tim vãiiiiiiii,0,0,0.0017795754
per tao mãi mãi bị con này ám ảnh từ bé đến giờ . thứ gì mà đéo thể yêu thương nỗi . nghe tiếng nó kêu là tao bỏ chạy trăm mét 😒,1,0,0.07844012
per hết tiền thật sự :(,1,0,0.003137807
chuyển từ thất tình sang muốn chết vì quá chán :((,1,0,0.3639836
"mong là chuyện không có thật , chứ có thật thì đau lòng vãi ra 😪😪",1,0,0.0045053256
đơn giản 🙂,0,0,0.0022869732
tại trà sữa làm tao mập chứ tao có muốn đâu :(,1,0,0.005484552
"vui nhất là câu "" lấy ghế ra ngồi nhìn """,0,0,0.002058446
xem video cu ̃ người cho ́ người hê ́ tao ca ̉ mă ̣ tao,1,0,0.002440332
"tan rã hết rồi , giờ toàn đánh lẻ thôi 😭😭😭",1,0,0.0026733088
hên là đụng nhầm người chứ đụng trúng cái là rụng trứng cả bày cả lũ -)),0,0,0.0030348706
trông anh thần thái vãi :v,0,0,0.0015095422
cười muốn tắt thở 😂😂😂,0,0,0.44030312
khiếp quá đi tụi con ơi,1,0,0.0022518653
bây giờ nhìn vào cứ kiện tụng mà nãn :((,1,0,0.002304883
uiii xinh gái thế ...,0,0,0.0015881185
per ê xem đi phim này lâu rồi nhưng mà hay lắm,0,0,0.0014024603
"xem phim mà cứ nhìn cặp chân của ổng , chân gì mà dài thường thượt . chồi ôi 1m87",0,0,0.0017737689
thất tình đi nghe nhạc chúng nó còn ngồi trước mặt ôm nhau . hận,1,0,0.0018781181
ha ha chịu không nổi luôn !,0,0,0.012578463
cắt cả thắt lưng da của bố để làm ná 😂😂,0,0,0.0030007663
học giỏi lại xinh xắn hì,0,0,0.0014565394
đú quan trọng bởi người tao yêu củng không đi chơi valungtung thế là tao vui rồi :)),0,0,0.0025218297
"bị chó rượt cũng không đáng sợ bằng mẹ này . gặp chó mà có ý định rượt thì đứng im hoặc đi nhẹ nhàng nó nghỉ rượt . còn mẹ này chạy mẻ rượt , đi nhẹ mẻ rượt , đứng im mẻ mổ như mổ thức ăn . thiếu điều muốn quỳ lạy van xin mẻ luôn .",1,0,0.003768388
cái video đầu làm hết hồn per per,1,0,0.0014968229
người gì đâu mà dễ thương quá chờiiiii,0,0,0.0016280187
chủ tịch đi nặn mụn ở tai và cái kết khóc thét,1,0,0.005433428
"mất đi một di sản , chứng tích của lịch sử 😓",1,0,0.0033284463
em đi bộ chết mẹ đây này,1,0,0.0033249424
chuẩn con mẹ nó cơm oy 😂😂😂,0,0,0.0015971521
không biết đến 2021 tao có lấy được chồng không nữa :((,1,0,0.006469939
chia buồn cùng nước pháp,1,0,0.0028245556
thiếu cái que chấm dầu là ổn 😂,0,0,0.0023727787
🙂 thanh xuân của em đã từng có khoảng time tươi đẹp,0,0,0.0019894275
ai cho mình xin page của con này với thích xem nó live stream bán đồ gê,0,0,0.0017013754
vl bố tao đang ở đây mà chắc sáng mai mới về mất ??,1,0,0.00539983
"tao là trùm nấu cơm kiểu này rồi ,, còn bây giờ mất điện thi nấu bằng bếp ga :))",0,0,0.0028436112
per huhu nhất là mấy bài không cho chất thử á :(,1,0,0.0018257718
tán gái hay vãi,0,0,0.0015198549
cười vãi :))) tếu thật sự luôn ý,0,0,0.0014631818
khớp vãi =))))))) mặt con bé,0,0,0.0017153681
nhưng nó giỏi và bản lĩnh đó,0,0,0.0015951368
tuyệt vời,0,0,0.0016816494
t thề hồi nhỏ qua nhà ông hàng xóm vá xe tao bị con ngỗng dí chạy xúc quần quanh nhà ổng vừa chạy vừa la làng tới giờ nhớ lại vẫn còn hãi 😧😧😧,1,0,0.00457727
thông minh lắm,0,0,0.0016338715
bà ngoại của em đáng yêu hơn thế này nhiều,0,0,0.0015866328
bé gái đáng yêu quá ??,0,0,0.0015546372
buồn thật ấy,1,0,0.002145504
uớc gì sau này về già vẫn có thể như cụ này :)),0,0,0.0043937983
cư ́ như kiê ̉ u =))) ngươ ̀ i yêu,0,0,0.0045779543
tao sợ ma nên không dám coi lun,1,0,0.010012021
ai muốn đi thái hè này với tôiii nào cũng chim ưng phết đấyy :))),0,0,0.0031489013
"phim này quá hay . xem đi xem lại mãi không chán . đặt tay lên ngực "" mọi chuyện đều ổn "" câu nói kinh điển",0,0,0.0014260738
tại sao anh cứ mất công giận dỗi trong khi người xin lỗi vẫn là anh =)),0,0,0.0049971365
giống y bố tao 🤣 ngoa khủng khiếp nhưng mà nhà tao vui vãi_chưởng 🤣🤣. điểm danh nhà bố học giỏi văn nào 🤦🏻‍♀️,0,0,0.0019699407
à thì ra là như v =)))),0,0,0.002776652
"per anh không nặn đi , mai mốt nó sẽ chaii dầy nè hihii :)))",0,0,0.001843671
ngã nhìn cũng thấy yêu 🤣,0,0,0.0017733249
"cũng chuẩn , giờ khởi nghiệp vậy phá sản chỉ mấy tháng đầu",0,0,0.0031655428
"hôm trước tao đi chơi về đường vắng nên chạy nhanh , vừa qua cua anh cảnh sát chạy ra chặn làm tao sợ chetme vì giấy tờ không có bằng lái thì chưa thi lại còn thiếu abcxyz",1,0,0.0060224715
rớt vô đây chắc chắc khóc tiếng thái lan,1,0,0.0025077632
đỉnh của đỉnh 🙂,0,0,0.0018058359
bà nuốt quả chuối tao cười tao ẻ,0,0,0.001604482
"có những con người luôn phải chịu đắng cay , cta không được chọn gia đình , bạn bè và càng không có quyền lựa chọn cuộc sống này . hãy vui lên với tất cả những gì ta đang có dù là hai bàn tay trắng",1,0,0.05558426
đi bao xa mới thoát đựoc kiếp không có người yêu ? :<,1,0,0.0049215835
"gặp cái này "" sun "" mẹ nó vào ... :))",1,0,0.0020484733
tội bà vợ,1,0,0.0019617446
per 😢😢 miss you .. chính xác luôn ak hậu,1,0,0.0014817141
chắc ỉa ra quần chứ đéo đùa -.-,1,0,0.0020885307
tôi cùng hoàn cảnh với bạn má tôi củng bệnh và từng ngày từng ngày tôi bên má tôi sợ giây phút má bỏ tôi ra đi và ngày đó củng đến ai còn mẹ hảy quí từng giây từng khắc bên mẹ,1,1,0.99400526
thua cả người ta 😞,1,0,0.0019986662
tính ra tao lúc nào cũng hài hước vui vẻ luôn đó trời :)))),0,0,0.0018426207
thật đáng sợ,1,0,0.002046867
sợ xanh mắt mèo,1,0,0.0021378624
ấy thế mà đã 6 năm rồi . bây giờ còn không nhớ được những đứa nào đã học cùng mình nữa rồi 😪,1,0,0.010125646
"per lại nữa , tao dg suy nghĩ có nên đi bằng rap về không",1,0,0.005990296
per tao thấy tao trong đó ahahahaha,0,0,0.0022850852
"em ơi , hết rồi 😔 hết rồi , chẳng còn chi nữa đâu em ...",1,1,0.93837434
hello đồng nghiệp ;)))) không biết nghiệp gì thôi haha,0,0,0.0023169552
"cái này ở shop đồng giá 40k aeon có nè , tê tới dái luôn",0,0,0.0030152907
nhìn stt đồng cảm khủng khiếp .,1,0,0.0025212888
một câu chuyện bi đát :((,1,0,0.0015958908
haizzz ... thế là chưa có kq gì tốt đẹp cả ..,1,0,0.0018500173
để có được cái nắm tay tuổi già là bao giông bão của tuổi trẻ . mấy ai qua được bão giông ?,0,0,0.010064514
"đấy , nó đấy . con tim tao đau quá .",1,0,0.009739475
gặp em đúng lúc nhưng sao anh vẫn thấy mình cô đơn quá .,1,0,0.0022859734
nhớ lại thời đi học xa nhà . bếp dầu ... :(,1,0,0.0028210902
"con gấu trúc , cho nó ăn trúc đi =))) tướng ngồi nhìn cưng vãi",0,0,0.0015633301
nhưng nó sẽ to và rộng ra :(,1,0,0.002714335
haha còn tao thì thấy nó lúc nào cũng đáng yêuc 😄😄😄,0,0,0.001840971
"đừng tin vào lời ong bướm , đó là hố sâu , là cạm bẫy tình yêu =))",1,0,0.003494212
bây chửi kệ bây ! riêng tao thik phá trong trường hợp này 😂,0,0,0.0046829362
ở chỗ khác chắc gì có đứa béo như mình !,0,0,0.004368299
"yeahh ! tao giờ đã là khách quen quán trà sữa đó rồi , về nhà cũng phải ráng tạt qua",0,0,0.0048863543
cái miệng nói chuyện không có người phụ nữ nào có trời ơi thật là có duyên khiếp quá đi thôi,0,0,0.0018078802
cưng quá đi,0,0,0.0018599499
một phút huy hoàng rồi chợt tắt còn hơn le lói giữa ngàn thu,0,0,0.002898142
"bộ phim này xem rất sướng . và rút ra được khám phá là thứ tuyệt vời nhất chứ không phải bằng cấp . giá như mấy ông "" bộ "" và mấy ông "" ngành "" dành thời gian xem phim này một lần .",0,0,0.0016409616
aeon tâm lý thế :)) mày . n vào mua que kem tránh nóng,0,0,0.0027561304
per vui quá .. đi dạo được ven hồ rồi 🙂,0,0,0.0016071697
thế làm sao dỗ bạn gái đang giận :(,1,0,0.0030518642
vãi :)) độc đấy,1,0,0.0015551273
tao bị bỏ rơi rồi,1,0,0.0056283404
🙁 bị rớt tiền,1,0,0.0023452824
phần còn lại là nỗi nhớ và những lần thở dài :((,1,0,0.006416191
"tao rợn hết người luôn , ghi công mày 😑😑",1,0,0.003517149
"đây là tao khi bảo "" tao biết đường mà , tin tao ."" 🙂",0,0,0.004016099
đã sợ chó rồi thì chớ lại còn bị đùa zai như này . ai sợ chó đã từng trải sẽ hiểu :v,1,0,0.0044329404
hic hic mình còn chả bao giờ được giận lại ấy chứ :((,1,0,0.0041464134
gãy tay,1,0,0.003029145
cho em xin tên facebook của c trong video để khi buồn em có thứ mua vui ạ . cám ơn mọi người,0,0,0.0029756322
đợi đến ngày họp lớp đi 😪,1,0,0.0026152025
"võ nghệ cao siêu đến mấy cũng phụ thuộc vào hung khí , em biết được điều này lên không bao giờ em học võ mà tự xắm cho mình khẩu hoa cải !",0,0,0.0038872547
chia buồn cùng người dân và đất nước pháp,1,0,0.0028710917
và khi quay lại nói chuyện với nhau .... biết nói gì giờ huhu,1,0,0.002615894
"lớp 2 xí mót được cái chong chóng , bán lại cho thằng hàng xóm 500d .",0,0,0.0022660703
yêu sắp 2 năm rồi mà không biết người yêu kể chuyện cho nghe là gì 😢 đòi mấy lần toàn kêu không bình thường xịu xịu,1,0,0.0023830286
buồn cười nhất cái đoạn cã lũ bạn đồng thanh * chó nó lấy * 😂,0,0,0.0023039442
ờ công nhận đáng sợ vãi 😭,1,0,0.00233392
đọc nhiều chuyện cổ tích vầy thấy yêu cuộc sống hẳn :)),0,0,0.0016404539
giun xào đĩa luộc là ngon ngay 😂😂😂,0,0,0.0017682483
mỉa mai cực mạnh =)),0,0,0.001454002
chia buồn với gã lưng gù 😥😢,1,0,0.0023951628
con gái hay ảo tưởng như vậy lắm 😌,1,0,0.00243797
có ai thấy tội ông cụ như tao không 😭,1,0,0.0038492852
"ê tao cũng hay giữ mấy cái linh tinh lại như vậy để vài năm sau mở ra xem lại có cảm giác hoài niệm , mà mẹ tao bắt tao vứt hết rồi 😢",1,0,0.004394383
"đấy , chỉ có sale như tao mới tốt thôi , tao không bao giờ hỏi về nỗi đau của khách hàng : x",0,0,0.007077769
lâu rất lâu mới gặp được lần rồi liết mắt nhìn cái :)))) chưa thấy nó cười,1,0,0.0028030425
ra xong bảo anh ý ship em về nhà luôn được không . xe em bị hỏng mất tiêu rồi =)),0,0,0.0024534701
per cảm ơn tôi đi . thấy tầm quan trọng của máy chém gió chưa,0,0,0.0017647645
mỗi lần coi lại sởn gai ốc,1,0,0.0019887355
khổ nhân viên,1,0,0.0032936914
thật sự đọc xong thấy hơi rưng rưng,1,0,0.002103163
phim này hay dã man luôn - có ai biết phim nào kiểu dạng này nữa o 😍😍😍,0,0,0.0014986543
nói xong còn chả dám ăn nữa 😂😂,1,0,0.0063981777
người trái đất thật đáng sợ mà - _ -,1,0,0.0020431536
nhớ hồi mình làm đồng nghiệp ghê :))),0,0,0.0024385636
bếp dầu ngày xưa thật ý nghĩa,0,0,0.0016907469
có khi nào kết hôn xong nó giết lấy tiền bảo hiểm không,1,0,0.0032776105
"per như một cú tát vào mặt , đau lòng quá đi",1,0,0.0070678564
lâu lắm rồi chưa ăn được miếng cơm cháy .,1,0,0.0073575783
"ước gì con về với mẹ .... đợi mấy tháng rồi vẫn chưa thấy bóng dáng con , mong con vẫn sống ...",1,0,0.05432992
cả ngàn tin nhắn không đổi lại được 1 lần xem :((,1,0,0.0028361755
cảm thấy sợ mấy thứ suy nghĩ cổ hủ của người lớn :(,1,0,0.0077145975
để nó vậy không thấy tội sao,1,0,0.003787055
nhìn qua ảnh thôi cũng thích =)),0,0,0.0019651067
con bé xinh ghê,0,0,0.0015534578
"yep . chính tao . đi vệ sinh thôi cũng phải đảo qua , mà giờ thì người ta sắp đi lấy chồng rồi",1,0,0.00503571
cũng dể thương đấy chứ,0,0,0.0016698074
phải có bao nhiêu tình cảm mới có thể viết ra được những dòng này ...,1,0,0.006847694
buồn dễ sợ mà huhu,1,0,0.0023432248
đẹp trai quá,0,0,0.0017554867
"trời đụ , tội bé",1,0,0.0018004718
mang anh này về nhà luôn được không 😻,0,0,0.0020804945
gia đình thì không còn . tình yêu thì chưa có gì chắc chắn . 😏,1,0,0.008629153
"chơi game :v cấp 2 trộm tiền bố mẹ đốt gần 10tr vào game , cuối áy náy không chơi nữa nên ngồi bán nick được khoảng 2tr cũng gọi là thu nhập đầu tiên :v",0,0,0.0029906458
bà về nơi phương xa mất rồi . nhưng với tớ bà là người dễ thương nhất trên đời . chỉ muốn ngả vào lòng ngoại nghe kể về những câu chuyện cổ 😘,1,0,0.0048121247
"anh giờ thích ai rồi , không còn giữ câu nói trước kia nữa đâu nhỉ . ừ gần 1 năm rồi cơ mà :((",1,0,0.004110534
nhớ lại kỷ niệm này buồn quá,1,0,0.0021525312
còn tao thì 14 / 2 này trở đi tao không còn fa nữa mà chuyển sang những người già neo đơn .. kkk,0,0,0.02741454
chả vị nước mắt à 😔,1,0,0.002160801
ngưỡng mộ quá đi ạ . chúc 2 ac mãi mãi hạnh phúc như này nha :))),0,0,0.0013904844
phìm này rất rất hay đôi với ai sống hướng nội !,0,0,0.0014074806
:v crush có người yêu rồi,1,0,0.0015776985
"trên đường tao đi làm cũng có 2 con , mỗi lần chay tới là nó vương cổ ra như kiểu muốn hút tao trong khi tao không làm gì nó , cứ mỗi lần chạy tới là tao cách ly cả "" nghìn mét "" với nó , thấy nó sợ bỏ mẹ . đúng chất con ngang",1,0,0.010026863
cầu mong chú có cuộc sống tốt hơn ❤,0,0,0.006178407
thề lun anh ấy rất kĩ thuật lun á,0,0,0.0016112938
moẹ ! nghe cái tên đã hấp con mẹ nó dẫn lắm rồi đây này ! đjln ??????,0,0,0.0023271933
được bác ạ !! cứ lấy vợ giàu là được tuốt =))),0,0,0.0020832543
hên là chay ra kip,0,0,0.0016260496
per tìm ông bán xoài này ngay cho em 😂😂😂,0,0,0.0020163024
cười ỉa 😂😂 thây nó thét mà tao nghĩ dọn xong nó đi luôn cái cổ họng,0,0,0.002627992
hay lắm cậu bé,0,0,0.001667679
có biết bao người có mảnh đời như vậy !,1,0,0.005104686
per =)))) đáng sợ vãi,1,0,0.0017403226
hhaahhaah ! t đã may mắn như thế 😂,0,0,0.0032425467
maii ban thanh nhung nhớ cái này không hic 😭😭😭😭😭,1,0,0.0020824575
uề ... lại li hôn không thành công ... 😂😂. t buồn cười câu này quá per,0,0,0.0035500287
per thông minh là đây chớ đâu,0,0,0.0015245586
mai xem lại phim nay . phim rất hay .,0,0,0.0014256034
khi em nói 2 chữ muốn dừng là nước mắt không bao giờ ngưng . . . đau,1,0,0.005623694
đa ́ người yêuc quá ́,0,0,0.0015703614
per anh ơi đừng gym nữa . boxing là đụ rùi :((,1,0,0.001972409
nhà tao vẫn nấu . à mà lâu lâu tao về nấu một lần thì không cháy cũng nát,1,0,0.003103175
tội cho cô gái ;((,1,0,0.0019656867
có những người đi qua đời bao nhiêu như 1 cơn gió vậy . vô tình nhìn lại . nó lại là quá khứ ...!,1,0,0.009603782
"rất dũng cảm , đáng yêu quá",0,0,0.0016044865
"per ít bửa đi coi , trailer thấy hấp dẫn quá",0,0,0.001486715
per kỷ niệm nè !!!,0,0,0.0018043634
cảm ơn mày đã khai phá cho tao thêm một nét văn hoá đẹp :)),0,0,0.0014095623
ít nhất con nhện nó còn yêu mày 🙂🙂🙂,0,0,0.0018133328
người ghép có tâm 😁😁,0,0,0.002552171
tao cute mà các mày,0,0,0.0016892079
cưng ghê,0,0,0.0018814713
per chán quá,1,0,0.0046650716
yêu làm mẹ gì rồi phải chia tay người ơi,1,0,0.002412817
"ôi những con người dễ bị ám ảnh với quá khứ , ôm nhau cái nào",0,0,0.0040470916
định tag anh vào nhưng chợt nhớ ra làm gì có anh nào 😑,1,0,0.003493951
nhớ không em lời hứa ngày xưa mình bên nhau dưới ánh trăng đã nguyện thề :)),0,0,0.002609696
"sau 15 năm cắp sách đi học và 2 , 5 năm không động đến sách thì bây giờ đang tự hỏi đây là gì sao mà giải được . huhu",1,0,0.007001219
cay đắng và mặn :(,1,0,0.0022404874
đm thực tế như này còn hay . tiếc là đéo ở gần mình =)),1,0,0.0020840813
tuy chưa viết hết nhưng tao người khác sẽ hiểu là viết cái gì,0,0,0.0038388295
lúc tối mày cũng nằm mơ nèo nhà mày về . ước gì nó là sự thật 😢,1,0,0.005356806
per dume đái trong quần,1,0,0.0015838337
mắt 2 mí dễ thương quá,0,0,0.0014719996
tuổi thơ tôi toàn gặp những thằng mất dậy và toàn đánh nhau với chúng . tuổi thơ nợ tôi quá nhiều,1,0,0.005759569
"nhớ lúc trước có thằng bạn học rất giỏi và đẹp trai , lớp phó kỷ luật lạnh lùng và tàn ác không thương sót ai , ghi hết vào sổ . chỉ riêng mình là có thể giật tập nó để chép bài và đánh nó không thương tiếc mà nó vẫn im lặng , không bao giờ bị nó ghi tên vào sổ . kiểm tra quay phao nó giục bỏ và canh cô đưa bài cho chép",0,0,0.0027411908
"muốn hun , muốn ngắt , muốn nhéo , muốn tán vào cái mặt nó ghê , yêu vãi ??????",0,0,0.002272349
mình làm ở sài gòn gặp nhiều bạn ở miền ngoài nhưng thích nghe nhất giọng ở phú yên nghe hay hay sau ah có ai vậy không,0,0,0.0019615644
lớn lên sẽ rất đẹp chaiii ??,0,0,0.001723796
dễ thương ha,0,0,0.0017085043
nhưng đảm bảo coi cái nào là cười sặc cái đó :)) vì nó diễn tệ đến nỗi nó hay,0,0,0.0016609685
xem cả chục lần vẫn thấy hạnh phúc lây với cụ bà 😊 không biết mai sau mình có được vậy không,0,0,0.0027078525
cho thơm miếng nào yêu quá cơ,0,0,0.0014636375
để được maiz ngắm nhìn nụ cười đó nên quyết định chỉ crush mà thôi :3,0,0,0.0037708015
đối với tình yêu thì thời gian có tác dụng xây đắp chứ không còn là phá huỷ mọi thứ nữa . ngưỡng mộ hai ông bà ❤️❤️❤️,0,0,0.0033310542
kinh dị v,1,0,0.0017458485
hồi nhỏ cứ đi qua chỗ nào mà nhìn từ xa thấy bóng dáng mấy con đuỹ này là chuẩn bị tinh thần chạy chứ nó dí sấp mặt luôn dù mình đéo làm gì nó hết 😂 vừa dí vừa ngoác mỏ hét sợ vãi ra,1,0,0.0050429325
"em cũng đi lead này , nhưng đừng gọi em là ninja được không , xin luôn đấy",1,0,0.0034406846
sợ vãi linh hồn,1,0,0.0035077778
giống ml em tao hồi n nhỏ vãi . muốn ngủ với mẹ nhưng bị tao nịnh nọt bắt lên ngủ với tao :)),0,0,0.0037997463
ôi vãi mình lên fan cứng rồi cơ 🤗,0,0,0.0017553914
bé gái đáng yêuc quá :))). dth nữa,0,0,0.0015812538
hôm nay anh xin lỗi em về những việc anh đã làm hôm nay .. anh không thể kiểm soát não anh được nữa rồi 🤫,1,0,0.021316078
từ nay tôi quết định nuôi dưỡng con chim tôi tới già . và tôi mong được unesco công nhận kỳ quan thứ 8 của thế giới,0,0,0.0070465878
và đó đéo phải là tao =))),1,0,0.004094808
ngọt sớt :))),0,0,0.0019232039
một sinh vật xinh đẹp và hiền lành . tiếc cho nó quá,1,0,0.0016127888
sau khi bố xem video của con xong thì bố rút ra 1 điều . bố không chỉ chửi con lúc con cầm đũa mà bố sẽ chửi con cả ngày thân ái ... yêu con,0,0,0.006207096
đẹp quá v 😍😍,0,0,0.0015890155
xin đi chơi với bạn ngày tổng kết không cho cứ bắt học miết :)) khá mệt,1,0,0.0022620973
cảm động quá hjxhjx,1,0,0.0028476354
cuối ngày hình ảnh của ông bà là đẹp nhất ... chúc ông bà mãi hạnh phúc sống thật lâu lâu nhé 😘😘😘,0,0,0.0014813867
nhìn đôi bàn tay đã biết phải lao động rồi . chị có lấy trai việt không :)),0,0,0.0033556696
là crush ông nào thì chạy ra bế vào nhà dễ dàng có người yêu :),0,0,0.0024498284
ngáo cỏ này đáng yêu nhỉ,0,0,0.001607697
ai cũng nói tao đẹp troai . hiền lành nhưng chưa biết lúc tao lên cơn 😂😂😁,0,0,0.003523149
nó mới ghé nhà tao đây :)),0,0,0.0020746123
đái mẹ ra quần,1,0,0.0020824058
tao ngồi tao khóc 1 buổi ☹️,1,0,0.050382514
ra xã hội rồi mới biết mình còn may mắn hơn rất nhiều người vậy nên hãy trân trọng những gì mình có 😊,0,0,0.0045499527
cưng thiệt chớ ????,0,0,0.0018569009
ý tưởng hay 😂,0,0,0.0015826639
nó thả thính xong nó chạy mất ..,1,0,0.0019275554
đang chán đời cắt tóc xong là chán cái mặt hơn chán đời luôn :((,1,0,0.002239861
ai thấy pha cuối phê vãi không,0,0,0.0015057853
lo cho thang bé lỡ rớt điện thoại xuống nước thì ....,1,0,0.003039826
tim vỡ nát,1,0,0.0023417282
per em hiểu sao anh đưa em quyển sổ rồi nha kkk,0,0,0.002011815
bộ phim truyền cảm hứng hay nhất =),0,0,0.0015260952
"mai tao ăn gà , chụp hình bình luận lại cho mày thèm chơi ??",0,0,0.0018045385
"theo mình thì không nên vì định kiến xã hội quá khắc nghiệt , họ sẽ bị tổn thương và nghĩ quẩn",1,0,0.040992446
"hôm nay ai có vàng bán hết đi , tuần sau mua lại , lời vãi .",0,0,0.003990284
ai hát tao cho tao nge bài này chắc tao say quá,0,0,0.0016961076
thằng đoạn cuối mặc áo hồng đang định gải đít nhưng vì thấy rắn nên anh ấy đã hết ngứa,0,0,0.0035459741
khoảnh khắc mày nhận ra mày còn đéo bằng 1 thằg nhóc còn trong bụng mẹ :((,1,0,0.003220817
đem người đó ra biển cho biển cuốn đi lun .. hihii,0,0,0.0026083419
hên crush nay ăn chơi lành mạnh,0,0,0.0014149218
nhiê ̀ u biê ́ n đô ̣ người kha ́ thu ́ vi ̣ =)),0,0,0.0062939296
nhiều lúc em di từ từ chưa kịp đỗ đã có n ra bảo không được đỗ ở đây chán qúa,1,0,0.0054559438
phim này là người cha zombie yêu thương con nè . xúc động quá 😢😢,1,0,0.0015594839
nhìn giống mấy đặc vụ của cia . sợ thế :)),1,0,0.002770657
per vậy cug nghĩ ra được haha,0,0,0.003120927
có lúc ngồi một mình mà cảm thấy lạc lõng lắm các cậu ak,1,0,0.011710706
buồn cười vãi ý,0,0,0.0023333463
"gắng , nhanh khỏi bệnh rồi về bên anh",0,0,0.002218578
per giải trí =))),0,0,0.0019850773
nụ cười của tôi thiên thần vãi,0,0,0.0019608636
per người yêu công sở nè 😂😂,0,0,0.0014426442
gd năm nay chán,1,0,0.0022136928
chúng ta mất 3s để nói yêu nhau vài 30p để phịch nhau phải không nào,0,0,0.002470492
phim hay thật nhưng cái kết hơi khó hiểu :v chốt lại là đáng đồng tiền bát gạo :v,0,0,0.001742229
em không muốn chúng ta già đi chút nào . điều đó đồng nghĩa với việc cta sắp xa nhau 😔# n,1,0,0.013156903
"khi bạn làm con b sẽ khóc , nhưng khi bạn đã làm cha mẹ bạn sẽ thấy đau lòng .",1,0,0.014597982
ông trời cho mình lũ bạn cờ hó quá ấy mà :),0,0,0.0017818554
biết là đau lòng nhưng sao bản thân vẫn muốn biết nó,1,0,0.005441355
có duyên nhưng không có phận ... người ở lại vẫn luôn là người đau nhất !,1,0,0.0076130135
nào tao cũng phải thử =)))),0,0,0.0036569196
"đỡ mua 5k tiền sổ rồi , kaka",0,0,0.0024005864
đẹp người đẹp cả giấc mơ 😊,0,0,0.0017384976
per tao cứ thấy giống giống mày :))))),0,0,0.0020656914
phận làm con trai haizz,1,0,0.002899603
thà chia tay rồi ghét hận nhau còn hơn là đang lúc dang dở thì mất nhau 🙂,1,0,0.006657137
phim xem hay ... nhẹ nhàng tình cảm ... và cười vkl,0,0,0.0014545955
không thấy không biết lòng không đau,1,0,0.0021415737
"úi sời , gần chỗ mình này",0,0,0.0018553752
"từ nay sẽ không cap màn hình ib nưa , thật tội lỗi tội lỗi",1,0,0.0022052925
uất quá anh ấy cũng phản ứng cãi lại . hì hì đáng yêu quá,0,0,0.0015090824
hahah tao chưa nghe hoàn chỉnh bài này lần nào,0,0,0.0026311963
"những người trẻ với tấm lòng nhân hậu , các bạn thật đáng yêu .",0,0,0.0016173306
đến năm cuối đại học rồi lúc nhớ lại đéo có gì :)),1,0,0.0026570547
đm nhậu say gặp cái cầu lol này chắc tao nằm xuống mẹ cho rồi per,1,0,0.0043494534
là nhìn người ta đi cạnh 1 cô gái mà bất lực không thể làm gì ngoài việc ngồi nhìn và mỉm cười,1,0,0.012816315
đoạn phim này tốn khá nhiều nước mắt của người xem,1,0,0.0043395543
đọc bình luận cười ẻ,0,0,0.0015227956
t có 2 con bạn thân nó thì cao trọc trời còn tao thì ... . buồn,1,0,0.0039490047
dẫu hiên ngang giữa đất trời gặp con vợ đểu thì đời cũng xong,1,0,0.0027303111
"hahaa , đợi em ngủ chút tí ròii buôn :))",0,0,0.0019355033
t định thả sad nhưng đọc bình luận buồn cười vailon 😂 nên thả hahaa :v,0,0,0.0025051453
sao nỡ lòng nào khiển trách bác ấy . còn họp kiểm điểm nữa . tội quá .,1,0,0.0032394966
t gặp quả này thì bỏ xe mà chạy ??,1,0,0.0040080696
"phải nói là hài tàu hay thật đấy , luôn li kì và khó đoán kết quả , ý nghĩa thì thâm sau . hihi thích rồi đó",0,0,0.0015795829
"đúng rồi , kiên trì thêm một chút nữa đi ! :v",0,0,0.001914788
ngoài kia ! còn có rất nhiều điều tốt đẹp vẫn còn trên thế giớ này ! hy vọng những điều tốt đẹp luôn diễn ra từng giây phút ..,0,0,0.002301956
đã check rồi lại còn đoán :)) em vui tính giống anh đấy :)),0,0,0.0021518224
per cảm ơn mọi người . do em thích mấy cái văn hoá tưng vùng để tìm hiểu,0,0,0.0016358546
bé tí mà đã có múi rồi :))),0,0,0.0019534363
thấy hơi sợ sợ rồi đấy :(,1,0,0.0022041178
nhìn lũ trẻ yêu nhau mà lòng già xao xuyến,1,0,0.002095489
per hồi ở tam kì hay nghe ... giờ nghe lại buồn ds,1,0,0.0021045662
"crush đi nhậu rồi say , rồi bị thịt ... hic hic",1,0,0.0024214298
lùn lùn làm sao sống qua nổi những chuyến đi phiêu lưu như vậy,1,0,0.0031024918
cảm động người thầy đưa học sinh đi làm hồ sơ 🙄,0,0,0.0027289456
hôm nay đi qua vẫn thấy nói chuyện thải chảy thẳng ra sông thì bao giờ mới sạch được ... haiz,1,0,0.003246482
tao còn không dám ăn nói chi ruồi .,1,1,0.58713424
việc đớn đau nhất . là nhường người mình yêuu nhất cho 1 người khác 😔😔😔. chỉ vì đơn giản không muốn ai phải đau buồn,1,0,0.0066187275
cách xử lý thông minh,0,0,0.001667529
má nó thú dị thôi rồi 😂😂😂,0,0,0.001801173
thì đúng là sẽ không buồn vì thất tình nữa :((,1,0,0.0039593205
sợ vãi tè ăn độc 2 quả mọc luôn 2 cái nhọt ở mông đíu hỉu,1,0,0.0023255553
"tao thì chưa cắt thì đã đéo có sức hút rồi cắt , bùn vãi",1,0,0.0031387934
xui thôi chứ quyền đang hay mà 😢,1,0,0.0020217563
một năm đầy biến động và thăng trầm của nước pháp ☹️,1,0,0.017528335
per nhờ mất bạn nên mình mới biết 😂😂😂😂,0,0,0.006457803
chạm đáy nỗi đau 😞,1,0,0.006330842
"nhìn một cái rồi thôi , chuyện của những năm trước",1,0,0.0025522863
không ngờ tin nhắn riêng tư cũng phải kiêng nể nhắn tin để lỡ có bị chụp vẫn thấy chả sao,1,0,0.0054239384
mỗi mùa trung thu đến nhìn người ta mua bánh tặng nhau mình lại thấy chạnh lòng ! 😞,1,0,0.0041416474
t chắc bỏ nhà ra đi khi ở với bố mẹ kiểu này quá . vẫn may bố mẹ tao không hề giống này tí nào,0,0,0.008529688
per ơi nhột nhẹ kkkkk,0,0,0.0016967359
t thề với mày là tối thấy cái này chắc đái con mẹ nó ra quần,1,0,0.0041049193
dự là 30 mà 30 sợ già quá chả chó nào nó rước . năm nay đã 26 rồi mà vẫn chả ai thèm yêu 😔😔😔,1,0,0.004870056
nhớ con gái tao quá :((((,1,0,0.0014962081
per nhìn mặt cưng gê,0,0,0.0017968128
mỗi lần chạy xe ngang kv bình chánh là cảm thấy sợ,1,0,0.004012587
còn gì đau hơn,1,0,0.0036547345
"mới đây thôi mà đa 3 năm rồi , những ngày chia tay buồn đó :((",1,0,0.002679064
các anh chị hãy nói với em đó chỉ là diễn xuất mà thôi . và tình yêu như vậy chỉ có trong tiểu thuyết mà thôi .,0,0,0.0025861324
nhỏ ngầu lớn lên nhìn bê đi =))),0,0,0.0015324573
"chia sẻ cho anh em , haha",0,0,0.0016663824
per đứa nào nghĩ ra được cái qcao hay vãi ...,0,0,0.0033549613
trời ơi tao chóng mặt quá đi :((,1,0,0.00258909
"công ty nào nhận bạn không quan trọng , quan trọng là ai giới thiệu bạn vào công ty 🤣🤣🤣🤣",0,0,0.0027259095
tao học nhân sự đây còn đang lo thất nghiệp đây này,1,0,0.009904944
"mình sợ nhất đến bữa ăn mà bố mình vác cái thớt vào mâm cơm , bố mình biết mình sợ vậy nên mọi chiện giải quyết sau khi ăn cơm xong ,",1,0,0.017306356
tôi đã xem đi xem lại 3 lần và xem lại lần hai mới hiểu hết nội dung và thấy hay hơn khi xem lại lần 3 . ai chưa xem hãy vào xem thử 2 lần !,0,0,0.0026430804
"cả 2 bà đều mất khi mình nhỏ , không hưởng thụ cảm giác này rồi",1,0,0.014848833
per được đi thi chưa babe 😂,0,0,0.0018077838
"cảm ơn cha mẹ đã cho mình hình hài này , xin được khôn ngoan để đừng làm đau người khác",0,0,0.0018856004
cười lộn ruột,0,0,0.0021217181
hôm đấy bổn cung về quê báo hiếu cha mẹ .,0,0,0.0035712814
"a nói là anh làm ngay đấy , các chú đừng đùa với anh 😂",0,0,0.00215803
nếu 1 ngày per theo thằng khác và per cũng có bỏ bạn mà đi thôi huhu,1,0,0.006032496
nghe hay,0,0,0.0016886017
"khi xưa bị rượt 1 lần mà nhớ đời , còn mổ tao nữa chứ 😨😨😨",1,0,0.0026147407
nó sẽ thì thầm tai mày “ dượng đây “ 🤣🤣,0,0,0.0041846023
mất bà cái tuổi thơ -.-,1,0,0.002523447
"hồi nhỏ đi học phải ngang qua nhà nuôi ngỗng nó dí chạy thấy bà luôn , ngày nào cũng phải cầm cái cây theo . thề luôn tới giờ tao vẫn còn sợ con này khiếp luôn 😭",1,0,0.007488867
"má , dume cười ỉa :))))",0,0,0.0019195079
"per đây là thằng con trai vừa đẹp còn có não , mong per học hỏi ! xin cảm ơn",0,0,0.0015301083
thông minh vãi,0,0,0.0016162853
nhìn mặt là cười phọt rồi,0,0,0.0023316215
chắc là vì em .. đi lấy chồng 😥,1,0,0.004374683
nghe lại bài này thấy chột dạ vãi,1,0,0.0019900003
dễ thương kinh khủng . bởi vậy mới nói mấy đứa yêu nhau là lầy nhất,0,0,0.0016203452
khi đã đổ vỡ hàn gắn lại chắc gì đã được như lúc đầu :'<,1,0,0.00511888
ngày xưa mìh cũng thế . dume thấy mấy ông đứng đầu đường nhòm nhòm cũng phải lượn qua cái :)),0,0,0.0035117322
per ê tao với mày mà đi cái cầu này chắc rớt ngay bước đầu quá 😢😢 đã mặp rồi chân lùn nữa đi qua bằng niềm tin,1,0,0.0028060032
ae phục vụ ngày xưa của mình đâu rồi . sao thấy thương bạn này,1,0,0.0019593225
phim chuẩn chưa này =)))),0,0,0.0017405147
t chỉ muốn khoe là tao vẫn được nghỉ 1 tuần nữa =))))),0,0,0.004354567
hi vọng hòa bình ở triều tiên sẽ không còn xa nữa . goodbye ! # per,1,0,0.002402924
có móng tay dài cũng khổ,1,0,0.002790973
sau nay em cung uoc duoc nhu vay ❤,0,0,0.008449881
có đứa nào vừa xem vừa sờ tai mình không ? sợ vãi :<<<,1,0,0.0022392664
"tự nhiên nhớ đến hồi bé , đi kiểu nào cũng bị ngỗng rượt chạy té sấp mặt luôn , nhiều khi nghĩ sợ nó dí hơn sợ mẹ đánh",1,0,0.032725755
tao lại sợ mày quá cơ :))),1,0,0.0036318223
hay bị giật khô trên đó rồi :(,1,0,0.0019085883
"phim hay , nhưng mà lần đầu xem là cùng nyc nên .. 😐",1,0,0.0016563982
"em cũng như con chó thôi , nếu anh đủ kiên nhẫn thì mọi chuyện đã khác rồi 😪",1,0,0.01295949
làm công nhân đã khổ rồi mà tụi nó còn nỡ lòng nào hại người ta nhắn tin,1,0,0.0035025899
ngày trước nấu cơm . đun rơm . đốt được hơn 10p mới nhớ ra chưa cho nước . hỏng cả nổi cơm huhu,1,0,0.002716861
lúc ra hà nội ở ngay phố đào tấn mà không biết chổ này 😢,1,0,0.0034661745
má lỡ té xuống 1 cái tao nói lên tắm 8 năm cũng đéo sạch nữa,1,0,0.0032341706
tận cùng của nỗi đau 😑😑😑,1,0,0.008623289
chuột mà làm như người vậy .. ít hôm nó gặm cả rắn cả dây thì thấy mẹ ..,1,0,0.0030017549
em này xinh vãi các bác ạ .,0,0,0.001634612
ai bảo con trai yêu không nặng tình ? :'(,1,0,0.0024686817
tao thì ngược lại .. cắt xong nhìn như thằng trốn trại vậy,1,0,0.0022571492
tên thì tất nhiên nhớ nhưng ngày sinh của tao thì ông bà bô nhà tao không một ai nhớ cả ^^,1,0,0.012231777
"nhớ trung thu năm ngoái , đứng nhìn các cặp tình nhân ôm hôn , nắm tay nhau ... chạnh lòng lắm !😞",1,0,0.003033102
thôi mày cố lên . đỡ rồi cũng tốt,0,0,0.001999988
🙄🙄🙄🙄 tao cũng thích kiểu kể chuyện trước khi đi ngủ . cho đến khi tao ngủ luôn . mà đéo có ai hết . buồn đời,1,0,0.004049302
"nhìn 1 cái , cười 1 cái rồi về thôi",0,0,0.00303555
thật chứ thấy bạn nam kia cứu con chó không cần nhìn mặt cũng biết đẹp trai rồi 😆,0,0,0.0022365216
:))) mình sướng mà mình không biết hưởng nhìn lại những mảnh đời bất hạnh mình nguối mặt thẹn gấp 100 lần,1,0,0.006019986
oaaaaaaa ...... thực sự rất tạo động lực và niềm tin cho người khác đó < 3 rất thích nụ cười và sự thoải mái tự tin của anh chị < 3,0,0,0.0016854007
"per nhà giáo áp lực quá nhỉ , giống làm dâu trăm họ .",1,0,0.03244871
"thường thì người thuận tay trái sẽ bị bệnh này :v , riêng tao thuận vả 2 tay nên chả sao",0,0,0.007659649
trò cười . :v,0,0,0.0015604153
tội cho mấy thằng đang xoay tiền mua bánh trung thu cho vợ thằng khác ăn,1,0,0.0023722835
tội thằng per vãi,1,0,0.002095157
nhìn con bé thấy cưng ghê chị ơi,0,0,0.0014515904
tao cũng ước mình có 1 tình yêu như ông bà ❤,0,0,0.0042107147
đi chơi lụm được tờ 2k rách mua băng keo 5k dán lại tờ 2k 🤔,0,0,0.0024583698
"các cháu thật tốt , hãy thương yêu mọi người và cả loài vật nhé , may mắn và niềm vui sẽ đến với các cháu .",0,0,0.0018156896
per con nhện cản bước bé xuống cầu thang =))))),1,0,0.0021843738
"chẳng phải chuyện hài nhưng sao tao thấy buồn cười quá , chắc thần kinh có vấn đề",0,0,0.0026860496
đồng cảnh ngộ :(,1,0,0.0015941681
con ước mình cũng có 1 tình yêu đẹp như ông bà vậy < 3,0,0,0.0027545977
per phải nói là hiền quá hiền luônnn 🤣,0,0,0.0016965378
cô ấy hết thương tao rồi,1,0,0.006136318
phải tự cho mình đau lòng nhất thì mới bỏ được,1,0,0.009811559
"đang học sử buồn ngủ , xem cái này tỉnh rụi liền =))",0,0,0.0016922018
thớt là gu của tôi :))) yêu quá hiuhiu,0,0,0.0017559663
mới có 3 năm thôi mà ... vậy mà chúng ta còn không tụ họp được lần nào cả,1,0,0.0069704396
đấy mới là điều càn đó . huhu,1,0,0.0021387895
thanh niên leo lên cao để theo dõi thời tiết để thông báo cho người dân đi cấy thật cảm động,0,0,0.0017991798
quen với quên rồi thì hết đau thôi mà,1,0,0.003907556
"động lực là tình yêu , gia đình là nơi để về hihi",0,0,0.003748231
nếu chịu khó đặt vào hoàn cảnh của nhau mà sống thì cuộc sống đơn giản hơn rồi đó,1,0,0.01152647
vì bạn chỉ là con trai nắng hoặc em gái mưa thô :(,1,0,0.0057192757
"quỷ cái chứ ma đâu mà ma , haha",0,0,0.0027489732
cười ị :v,0,0,0.0019487484
"vãi cả phí , có ... 81 tỷ hoy 😓",1,0,0.0036987264
có lẽ vì vậy nên moi thứ trở nên thật khó khăn lúc này :(((,1,0,0.0058523463
ai giúp bé với hix,1,0,0.0019978895
ôi cháu taooo =)))),0,0,0.0021978398
chỉ có được cái chữ đẹp . hihihi ...,0,0,0.0029349755
nhớ đến lại buồn . chuyện tình chúng ta chẳng đi được đến đâu cả,1,0,0.004902236
tao lại thích chua lè chua loét chứ :))),0,0,0.0025804404
dume đêm ròii =))) tao cười vãi tí hàng xóm qua đánh bỏ mẹ,1,0,0.0029118918
gặp tao cũng thế :))),0,0,0.0029589832
năm xưa mày cũng ôm gối đứng cửa phòng c như này này per 🤣🤣🤣,0,0,0.0050065205
"nói chung thánh này không ai ghét được , trừ hlv kkk , dễ thương gắp trăm thằng pogba ,,, mong cho thằng đó nhanh biến khỏi mu",0,0,0.0038728777
per nhớ cái này không bây kk,0,0,0.002650584
"vợ mình cũng thế , mấy lần đắp mặt nạ dọa chồng :v được cái mình chơi game kinh dị nhiều nên đếch sợ =))",0,0,0.0034742728
vèo cái đã 7 năm 😕,1,0,0.003946554
các mày trốn đi bọn chủ tịch đang đến kìa 😨😨😨,1,0,0.0022067565
kích thích vãi,0,0,0.0016729269
tao hiểu rất rõ cảm giác của em ấy ....,1,0,0.0062824967
cay đắng cuộc đời 😞 một chút vị mặn của mồ hôi nước mắt,1,0,0.0071951
cãi tay đôi luôn hahhaa,0,0,0.0015274225
có hôm tao đang vương nỏ tính bắn vào con họa mi đang đậu trên cành thì ai ngờ nó phản đame đứt thun dội ngược vào mặt từ đó tao không còn chơi nữa,1,0,0.007240109
"per hồi nhỏ bị con đỉ này dí lòi lol 😂, bị cắn bầm đen muốn thúi thịt luôn cả tháng hơn mới hết . mà đươ ̣ c cái con này nuôi nó giữ nhà cửa hay , có nó không sợ ma quỷ gì hết",1,0,0.0069275317
nốt hôm nay thui . thui không ngĩ đến và bắt đầu từ bỏ 1 thói quen,1,0,0.0031416456
"không biết khuyên thế nào , nhưng chỉ cần bình tĩnh 1 xíu , dù gì thì cũng đừng tự sát , đời người chỉ sống 1 lần thôi ...",1,0,0.012168262
"tôi xin nhắc lại , đây là một câu chuyện buồn",1,0,0.010218411
chưa cho ba mẹ được gì . vậy có quyền gì mà đòi phàn nàn về những thứ ba mẹ đã rành rụng bao nhiêu năm để lại cho mình,1,0,0.009019487
vì tao xấu và chúng nó chỉ thích gái đẹp,1,0,0.0057116835
năm nào mà tao chã cô đơn,1,0,0.006895937
"cũng như đàn ông gục ngã trước cô gái nhiều sắc ! đặc biệt là 50 "" sắc "" thái 😂😂",0,0,0.0021364705
tui nhớ anh quá à :(((,1,0,0.0015949857
tập có lỗi với thằng quay phim mà tao xem ba lần tao vẫn cười đứt ruột,0,0,0.0023747778
per mới bắt đầu tuần thánh mà chúa ơii,1,0,0.0026484758
hiện tại mình chưa người yêu bạn nam nào chưa có người yêu thì lo cua mình đi nhá đến khi mình có người yêu rồi thì đừng hối hận đấy huhu,1,0,0.005615673
hahaa ngọt vãiii :)),0,0,0.0015101633
vl đánh đòn hic :))))),1,0,0.0019665633
tôi khóc lun ... huhu,1,0,0.0062095113
"hồi nhỏ đi ngang nhà hàng xóm con quỷ này dí tao từ ngoài đường vô tới trong nhà tao nó vẫn không tha , ba mẹ tao nghe tao la chạy ra chụp cổ nó quăng ra sân nó mới chịu đi . ám ảnh tuổi thơ 😅😅😅",1,0,0.007081017
moá hồi hợp chờ main thắng ai dè thua bởi cái mông huhu,1,0,0.0021580853
nói thật gia lai nói riêng tây nguyên nói chung xưa nhờ vàng đen '' hồ tiêu ' và vàng trắng ' cao su ' mà người dân có dư cái ăn cái mặt bây giờ thì thua rồi bỏ đi tứ xứ .. một thời,1,0,0.00762379
per tôi đợi ngày nhận thiệp cưới của ông,0,0,0.0036389884
ngoài mấy cảnh nhảy múa hát hò vớ vẩn ra thì phim hay,0,0,0.0015419452
đm chơi mất dạy vãi . tưởng khúc cuối là gì dume làm giật mình 😒😒😒,1,0,0.0029959378
quá nguy hiểm,1,0,0.0018262288
dume con ế đọc tổn thương sâu con mẹ nó sắc :((,1,0,0.0019644094
hoá nhện tỏ tình đấy :)))),0,0,0.0016782376
đây mới là công an của nhân dân việt nam cảm ơn bạn nhiều điều tốt đẹp hơn nhé vanew,0,0,0.0015135925
per nguy hiểm luôn rình rập xung quanh chúng ta :((,1,0,0.0050785337
per coi phim này chắc chết luôn trong rạp 😂,1,0,0.00210113
per :))) không bù cho nhũng người như cta,1,0,0.0027707166
ghét nhất mấy loại bép xép thế thôi . nhanh gọn lẹ 😂😂😂,0,0,0.0017594168
chúng mày có thể bỏ ra 30s thả tim vào avatar coi như lì xì muộn cho tao được không ? chưa bao giờ được 30 tim buồn v . lol 😭😭😭😭,1,0,0.0046649
:) đàn ông mà nặng tình vãi lol ra,1,0,0.0016649662
sợ ngỗng còn hơn sợ chó :))),1,0,0.00321001
per tao thấy mấy ảnh thật đẹp trai,0,0,0.001475787
per người đừng hành hạ tuôi như thế nào nữa,1,0,0.004235628
còn quá nhiều mảnh đời bất hạnh ☹️,1,0,0.009421575
per mệt quá mấy con ơi,1,1,0.7232076
cười vui vãi,0,0,0.0017352107
"ai nói kết có hậu , đầu khấc mất vợ tương lai kia kìa",1,0,0.0035944653
từ đầu năm giờ chắc chụp 10 lần rồi huhu sợ quá 😭😭😭,1,0,0.004050093
"kết mỗi câu ru con ngủ để vợ đắp mặt nạ làm đẹp , 10đ chồng tốt =))))",0,0,0.0015554671
bếp ga hj hj 🤣🤣🤣🤣🤣🤣,0,0,0.0017363491
ly hôn cũng phải hoành tráng chứ .. còn phải làm to hơn kết hôn mới được 🤣,0,0,0.0022387572
chuẩn rồi bác . :)))),0,0,0.0019206775
gia đình ổn tình yêu không có thì cần gì động lực ... kaka,0,0,0.008628527
giờ anh gù lấy đâu ra chỗ ở :'(,1,0,0.0033979442
hồi đó khoái cái này lắm,0,0,0.0015848136
"chưa nói chuyện thân thiết quan tâm , mới xã giao thôi đã lầm tưởng rồi ấy chứ , haizz khổ lắm",1,0,0.0067794183
buồn cười 😂😂,0,0,0.002352342
"muốn em vui vẻ đơn giản lắm , chỉ cần bao ăn bao xem phim tuần 1 lần thôi hỡi các đồng nghiệp ơiii 🤣",0,0,0.0022173484
"còn tao nhé , hơi bị ngon",0,0,0.0014521332
muốn bảo vệ và chăm sóc người đấy,0,0,0.0018779427
địt mẹ vừa đi ép lại kính xong giờ tan con mẹ nó cái kính rồi 200k của bà mày đấyyyyy !!!!!,1,0,0.002816703
đây là video hay và ý nghĩa 😊,0,0,0.0014925074
"t thề mỗi lần dọn phòng sn này thì banh kem , pháo kim tuyến . đủ các thứ . khóc mà bụt nó đéo lên",1,0,0.004861411
dịch vụ tận tâm . đáng yêu quá ! : x,0,0,0.0014141082
khoảnh khắc nhận ra đồng nghiệp mình is the best :)) nguyễn ngọc thái hiền,0,0,0.0017319088
mai đi học mà mình quên cách cầm bút rồi huhu :<,1,0,0.0022299637
thật đúng đắn khi đã follow page này !,0,0,0.0016977198
tình yêu lớn lên sẽ mang người con gái ta yêu thành gia đình . family is all,0,0,0.0032564264
đồng nai mùa chim nướng yên xe kaka,0,0,0.002110891
phần này dù xem lại 100 lần vẫn bật khóc tình cha thật phi thường,1,0,0.0018366643
cũng có nơi gia đình khá giả mới có nó !,0,0,0.0031470533
cứ mỗi lần có phim hay là xách nhau đi 🤣,0,0,0.0020660136
tao thề tao rất sợ ma quỷ nên tao rất không dám xem phim,1,0,0.05844921
- mấy bạn đừng có đổ mình nữa nha 😞😞. mình ngại lắm 😞🤣,0,0,0.005489511
sợ vãi =))),1,0,0.0028999173
per nguy hiểm quá mày ơi 😩😩,1,0,0.0020077236
t thì thik cầu này vãi ... kiểu mấy người năng động thì sáng nào đi qua cầu này cũng vui,0,0,0.0019201613
khung cảnh ấy cuộc sống đấy mỗi lần được xem yên bình nhẹ nhàng cực ! yêu bạn ấy,0,0,0.0015051487
"đẹp , dẽ thương mà",0,0,0.001585236
"bỏ ghê người ta ngồi ngại đều phải mua nước thoii , ý tưởng hay :)))",0,0,0.0018744067
mười mấy năm nữa tao cũng sẽ đạt kỉ lục thôi 😂😂😂,0,0,0.004119866
thanh xuân là để bỏ lỡ 😔,1,0,0.0049221953
mấy chị làm chung rất ư là dễ thương luôn,0,0,0.0014784969
"trượt rồi , còn đâu mà rủ 😞",1,0,0.0024445867
tự nhiên thấy cảm động hic,0,0,0.0018509
ngầu vãi lìn luôn á :))),0,0,0.0015567467
cay đắng vãi 😌,1,0,0.0020909891
giờ tao mới nhớ tao đã từng :)),0,0,0.0053542466
nhìn cái ngành giáo dục việt nam bây giờ ai cũng mệt mỏi,1,1,0.72486544
:( cầu chúa ơn nhiều ban bình an cho những người kém may mắn như vậy,1,0,0.0016438601
moá . vẫn nhớ hồi nhỏ bị ngỗng đuổi . đù má tao mới là đứa bé ngây thơ hồn nhiên thôi mà dume tao sợ tao ám ảnh đến bao giờ huhu 😭😭😭,1,0,0.012465006
vk em nó bảo bếp gas các bác ạ 🤣🤣🤣🤣,0,0,0.0021038875
xem tới đây dume ứa nước mắt 😞,1,0,0.0020547516
an ủi cũng ghen à :(,1,0,0.0017446596
không may thụt chân xuống thì sẽ như thế nào nhỉ chắc là thốn đến tận rốn,1,0,0.0045734
"per một thời mình ở bên nhau 😘😘😘😘, nhớ ghê",0,0,0.0023792924
thề chứ .. phim nay xem đi xem lại không thấy chán ... vẫn như mớinxem vậy,0,0,0.0015941787
họ đáp vì phép lịch sự còn mình vì yêu mà chủ động vì quan tâm mà hỏi đủ điều ..🙁,1,0,0.0043021794
hạnh phúc to nè,0,0,0.0015404044
"thôi xong , biết thế tém tém lại .",1,0,0.0023973398
"ba cái đồ yêu , 1 ngày 2 lần nấu đây , ngon bá cháy bọ chét nhé , thơm mùi khói nữa …",0,0,0.0015482974
thân là người yêu mình mong cậu có thể giống được như đôi mặc áo nâu ❤️,0,0,0.0048980936
"ngàn cân treo sợi tóc nhỉ , csong mong manh quá",1,0,0.0019659917
"năm nào cũng đi cho có không khí xuân vậy , không đi thì thấy thiếu thiếu . nhà tao cách chợ 10km",0,0,0.004124878
":))) ở đoạn đó hồi năm nhất tao "" được "" họ lấy 100k , vì sáng sớm đem duy nhất 100k trong túi , thế là nộp luôn :))))",1,0,0.0036996063
dã man quá ..,1,0,0.0018259152
"èo , ngọt quá đi",0,0,0.0015500203
per hay xàm xàm mà zui hè,0,0,0.0015355665
giờ tao mới hiểu được hết những gì mà trước đây đọc bình luận tao đéo ’ hiểu 😂😂😂,0,0,0.0061346227
không nổi thì mình chìm haha,0,0,0.006220479
thật ra cách quét hạt xốp rất dễ mà có thể các bạn chưa biết . đó là . tẩm xăng những chỗ có xốp và đốt 😂,0,0,0.0047263927
đỡ mua cuốn sổ 5 ngàn =)),0,0,0.0020304236
chính xác ! nơi làm việc anh em mà đoàn kết với nhau cỡ nào cũng thấy mau hết giờ làm . 😊😊😊,0,0,0.0025864856
chuẩn luôn khi ở công tình yêu toàn là các anh chị em đồng nghiệp tốt he he,0,0,0.0014065605
"cười đấy , sau lưng nó đâm con mẹ nó dao vô hình cho chết mà vẫn sống nhăn răng luôn .",1,0,0.0028087345
nín đi . sang ngủ với mẹ đi đêm nay anh chông chị cho =))),0,0,0.0018809565
"1 chút đắng , chút chua cay , với 1 chút ngọt ngào ở đâu đó 😞",1,0,0.004790966
hàng nông sản việt nam là thứ bị cạnh tranh và phá hoại nhìu nhất 😣,1,0,0.003290062
kẻ ô điểm lời phê :((,1,0,0.0017128877
"hòi nhỏ nhà ngoại bị rượt muốn chết , sợ tới giờ 😭😭",1,0,0.1328739
người ta chỉ muốn dụ mày rồi xin một trái thận . 😪,1,0,0.0041373936
nó cưng quá mày,0,0,0.0016541635
đứng tim luôn,1,0,0.002206341
cười xĩu,0,0,0.0015574584
tao thề từ giờ đến cuối năm mà tao không lấy được vợ thì tao quyết định sag năm lấy 😊,0,0,0.009737015
nhìn bà cười thấy hạnh phúc quá ❤️❤️,0,0,0.0014972828
"per làm ở đâu không quan trọng , quan trọng là vẫn buôn chuyện đều 😂😂😂",0,0,0.0021325643
năm nay được nhận hoa và được ngồi nhìn người ta hạnh phúc,1,0,0.0023067335
tao muốn mèo nhà tao cũng tìm về được như này 😭,1,0,0.004911993
đã đẹp trai còn khôn 🙂,0,0,0.0018110876
hi vọng câu chuyện admin vừa bịa ra giúp các bạn có thêm niềm tin trong cuộc sống 😂.,0,0,0.0029048754
lớp chúng mình rất rất vui anh em ta chan hòa tình thân =))),0,0,0.0015511528
đấy thấy chưa con người ta khổ như thế,1,0,0.0033578835
tầm tuổi này . họ không còn những áp lực cuộc sống nữa . mà chỉ còn thứ tình cảm gắn bó với họ từ những ngày khó khăn nhất . ngưỡng mộ và ước được chút phúc đức của ông bà,0,0,0.017600505
tạm biệt ông cám ơn tất cả những gì ông đã làm cho vn,0,0,0.0016458594
per huhu trời ơiii,1,0,0.0018103835
lấy ghế ra ngồi thật tuyệt,0,0,0.0015590623
per không lấy được vợ thì có thể đi tâp gym đêt lấy chồng 😁😁,0,0,0.005363975
ám ảnh đến bây giờ 24 tuổi vẫn sợ ngỗng :))),1,0,0.0033559853
cưng v trờiiiiii .,0,0,0.0027726237
nguy hiểm lắm,1,0,0.004592504
chỉ tại tôi không nói nên không còn cơ hội,1,0,0.04684815
anh đã mơ về một ngôi nhà và những đứa trẻ 🤦🏻‍♂️,0,0,0.004500189
em ấy còn cười được chứng tỏ em rất mạnh mẽ,0,0,0.0015277738
tao cũng phải về mở cho mẹ tao coi 😂😂,0,0,0.003447863
móng này mày ra uống chữa yếu sinh lý với ung thư ... khá tuyệt !,0,0,0.0019927942
chuẩn lun,0,0,0.0017183862
chỉ khổ thân bọn trẻ thôi đau sót lắm,1,0,0.0035626125
per ngóng cuộc đấu tranh công nghệ này . tq đồng lòng ghê nhỉ,1,0,0.0015442786
"hành động đẹp chứ sao , đằng nào cũng tiệt kiệm hơn :)) 0",0,0,0.0015372386
tao đa khóc khi xem phim này 😭😭😭😭😭,1,0,0.0030050273
per tao đã làm cho mày đau lòng nhiều lắm ư 🤔,1,0,0.0068325503
có ai luyện mới được như mình không dạ,0,0,0.0045205303
cực phẩm luôn kìa,0,0,0.0015818141
t ngắm người yêu tao cười mà càng ngắm tao càng yêu lúc giận cơ nhìn muốn cắn cho mấy phát tao bị cuồng người yêu rồi cái,0,0,0.0061624967
"thề , coi rồi mà xem lại vẫn buồn",1,0,0.0019245206
thằng nhỏ mạnh vãi,0,0,0.0015201597
tao sợ thật sự :(((,1,0,0.004153673
lại tạo điều kiện cho mấy chị fa vào thả thính . :)),0,0,0.0033825198
per haha sao tôi nghĩ tới em liền luôn á,0,0,0.0023457513
vn là vậy . bn công chăm sóc của tao đổ sông đổ biển .,1,0,0.0062759425
thật cảm động,0,0,0.0017703411
có chuyện gì thê bố . bố đừng làm con sợ :((,1,0,0.0022631644
per =))) nó kể chuyện buồn mà cười vãi cười =))),0,0,0.0016387657
m nói chuyện cũng cute ngoan ngoãn cơ chứ tao toàn okay anh =))),0,0,0.0017352699
"bồ tao cũng đang đi cái này , từ nhà nó lên đây cỡ 2 tiếng mấy và dume nó bảo tao ngủ đi vì nó đi đến sáng :)))))",0,0,0.0037483736
nhìn vậy nhớ ông ngoại quá 😞,1,0,0.0017727477
xem lâu rồi giờ xem lại vẫn buồn cười,0,0,0.0018644355
t không phàn nàn . t sẽ cố gắng giúp bố mẹ có được nhiều hơn 💪💪💪,0,0,0.007473592
không biết crush có thích uống nước mắm không để còn tặng nàng chai nam ngư 900ml :)),0,0,0.0023857076
đáng yêu quá,0,0,0.001956084
chính những người như thế họ rất cẩn trọng khi bật xi nhan đấy,1,0,0.0025197722
lấy chồng như 1 canh bạc . ko hoa . ko lời chúc không gì hết . pải chăng số ta chỉ được vậy . cô đơn quen rồi,1,0,0.0056369994
mai người ta đi học mai tao đi du lịch ố la la =))))))))))))),0,0,0.0018704981
bài học rút ra là học cách buông bỏ những thứ không thuộc về mình,0,0,0.006694557
có đồng nghiệp đáng yêuc thì sếp có khó tánh mình vẫn cảm thấy vui rất nhiều . nhớ những ngày tháng đéo thèm tăng ca đi ăn bất chấp,0,0,0.0031308224
"anw , vote cho anh vũ",0,0,0.0015251901
tự nhiên muốn có con 😐 dume,0,0,0.0036095162
nhìn con mắt thấy đau đớn . tội em quá ????,1,0,0.005623833
chỉ cần sống thật với cảm xúc .. với chính con người bạn là hạnh phúc nhất,0,0,0.0025407863
xem nà ra chiêu nà gẫy cây nà sấp mặt luôn nà 😂😆,0,0,0.002245073
tội cho chàng trai ấy,1,0,0.0022568337
mỗi lần về quê mà sắp sửa đi qua chuồng ngỗng tao phải cầm cây chổi lông gà mới đi được đấy dume . quơ quơ vòng vòng cho mấy đĩ ngỗng né xa ra rồi chạy thụt lol luôn :=]]]],1,0,0.0037160586
azz :3 mặt cưng xĩu,0,0,0.0016599771
"chờ mãi mà không thấy , cứ thấy trống vắng vãi :((",1,0,0.003863826
cưng vãi ấy,0,0,0.0018936503
"nhớ lại ngày đó , làm pg bán giấy , cười suốt ngày , khách chửi cũng cười , mà nhớ thời đó ghê , mới 1 , 2 năm chứ mấy",0,0,0.0051535815
tôi làm trades . lương tôi không có .. chỉ có thu nhập thôi có tính là cao nhất việt nam không ??? tháng tôi kiếm từ 3000 - 5000,0,0,0.010675401
tao ở thanh hà và nhà tao không quả vải nào hết 😂,1,0,0.11068754
ước gì có ai để tao tag vào .,1,0,0.006900484
mong ông bà nhiều sức khoẻ . đáng yêu thực sự 😍😍😍,0,0,0.0015178258
phim này rất hay .,0,0,0.0015243479
ôi trời nguy hiểm thế,1,0,0.0030815382
"haha dần dần phải kiềm chế , khắc phục sẽ không đáng sợ không bằng vũ lực hành động mà nói đâu chết đó :)) kaka",0,0,0.014728869
sao mình gặp toàn thằng mất dạy hay bắt nạt mình nhỉ ? tuổi thơ bất hạnh :),1,0,0.0031393676
ước gì ba còn sống để làm điều đó với má . nhớ ba ❤️,1,0,0.003693899
tiền cắt tóc như kia đủ mua giày rồi :v,1,0,0.002973118
"per đang định đi chụp , thấy cái này sợ quá đéo đi nữa",1,0,0.0031908008
bt mà tao vẫn lạng lách ở đây suốt,0,0,0.003808494
nhiệt tình + ngu dốt là phải trả giá bằng tiền mặt 😂😂,0,0,0.002431218
"má gần nhà có nuôi 1 cặp ngày nào đi ngang nó nhìn thấy nó quay đầu bỏ chạy , con gì mà dữ thấy mẹ hà",1,0,0.0043659876
bạn trai tao đéo biết giận dai nên không phải dỗ,0,0,0.0025445446
hú hồn,1,0,0.0021011182
bò ra mà cười :)),0,0,0.002791537
"ai cho mình xin tên phim với , mình không xem được 😢",1,0,0.0039972146
per đi tong một năm học ... nhưng vẫn tốt nghiệp ... :(,1,0,0.0024514103
ngoài ra còn một số cái buồn nữa . không giải quyết kịp thời thì ??,1,0,0.008948822
cay đắng đến cùng cực và hạnh phúc đến tột đỉnh . chỉ là mình có quyền lựa chọn nó hay không thôi,1,0,0.0047827386
ở đâu cho tao làm vớiiiiii,0,0,0.0026131934
như con đười ươi :)))))),0,0,0.0030815336
coi mà cái tay nó rung trái tim nó đập sợ cái thằng đó té sấp mặt luôn thì không bình thường họa mi còn hót được không :)))),1,0,0.0021253766
"ngày em đến anh mất ngủ suốt mấy đêm vì vui sướng , ngày em nói dừng lại nước mắt anh rơi trên đường chạy về nhà",1,0,0.003942058
per nhớ ghê á nha 😂,0,0,0.0016427094
cái tháng học sấp mặt luôn,1,0,0.0027390644
trên đời sợ nhất mấy con trùn trùn như ri ! nhất là giun đất với rắn !!! đã từng bỏ tiết học sinh học mổ giun đất 😞😞,1,0,0.0033609373
hồi xưa còn bị vén tà áo dài nằm lên bàn rồi đánh . chứ quỳ thế này có là gì đâu . giờ mới thấy cảm ơn thầy cô vì hồi đó đã như vậy .,0,0,0.0061197383
dume nghe kể mà đau cổ họng vãi :),1,0,0.0021130373
"công nhận lãng mạn thật , nhưng tao đang tưởng tượng cái cảnh động phòng , eo ơi ......",1,0,0.0018301177
"per bất hạnh vãi , mà tao với mày đéo tạo được niềm vui :v",1,0,0.0035558394
nghĩ mà buồn vãi =)),1,0,0.002361697
không biết có ai ở trong ngôi nhà không,1,0,0.017130237
dcm . ngày bé tao sợ nhện vãi . xem phim thấy yêu tinh nhện,1,0,0.0020526103
quá nguy hiểm .,1,0,0.002118128
tuổi trẻ tài cao mà :)))))))),0,0,0.001760991
"t chẳng muốn phải nói "" suýt nữa thì .."" một lần nào nữa trong đời của nhau nữa đâu ... vì vậy sẽ trân trọng khi người tới .",1,0,0.01551494
nam nhân nhà người ta kbh làm tôi thất vọng,0,0,0.0067184884
per mày này . nhưng mà lúc già sắp chết 😕,1,0,0.005955011
cụ bà đẹp lão quá cậu,0,0,0.0014478989
per không bao giờ quên được hihi,0,0,0.005608574
per đúng rồi mình đây =)),0,0,0.0022212574
năm nay tao không còn cảm thấy cô đơn và mỏi chân nữa ... vì tao được ngồi mát và ăn ké socola of bọn có người yêu 😁😂...# mun 😘,0,0,0.005984228
đm quả gật đầu quả quyết vãi 😂,0,0,0.0017171075
"chuẩn rồi . nhiều khi mệt muốn xỉu , xong đồng nghiệp đùa nhau đôi ba câu hay kể cho nhau vài câu chuyện thế là lại vui trở lại 😂😂😂 đồng nghiệp quan trọng thật sự",0,0,0.0016844494
tụi nhỏ dễ thương quá,0,0,0.0015116596
con bé bị quơ trúng nhìn đẹp như búp bê ấy < 3,0,0,0.0014884624
thương em :(,1,0,0.0018642694
nó bỏ mình đi rồi mỗi lần nghĩ tới nó ôi sao mà xót tim gan hơn mất người yêu,1,0,0.005956002
tao bắt đầu sợ nó ròi đấy :)) ám ảnh vãi,1,0,0.0025177035
nó vẫn luôn hiện hữu xung quanh chúng ta . hãy dùng tình yêu thương đó và cho đi ❤,0,0,0.0034031284
thấy tội em thỏ bị ăn đòn tới tấp,1,0,0.004259361
có đủ mọi gia vị :< em thấy vị đắng của sự chua sót quá nhiều :),1,0,0.0026831962
"năm nào cả sinh nhật âm hay dương mẹ cũng gọi điện cho mình , bà ngoại trên 80 , bác ruột mình đều nhớ hết 😂😂😂",0,0,0.0057858643
"chán thật , dạo này hồi xuân hay sao đọc mấy cái kiểu này ấm lòng vãi :(",1,0,0.0016431707
tks admin ... tôi muốn tìm phim này lâu rồi mà không nhớ tên phim ... tks admin nhiều,0,0,0.0028662428
crush tao mất rồi .,1,0,0.0031457895
per xem xong hình như tao mới bị thêm bệnh tiểu đường,1,0,0.003301526
câu chyện cổ tích thật ý nghĩa 😂😂,0,0,0.001667018
"ôi trời ơi , buồn cười quá đi mất 😂😂😂😂😂😂",0,0,0.002478578
vui quá ta ơi ......,0,0,0.0017543222
"bởi vì anh đã gặp em đúng lúc , đúng lúc đó em đã có người thương ...",1,0,0.005417211
"tàn nhẫn thế nào , là khi mình trao họ hết hy vọng rồi họ lại dập tắt đi nó",1,0,0.0044425256
cỡ nào anh cũng có thể chịu đựng được vì anh yêu em,0,0,0.029233791
"thôi em sợ lắm , tha em bác",1,0,0.0065762694
"sướng nhờ , bên trung chúng nó yêu nhau toàn sống chung . 😂😂😂 toàn richkid :>",0,0,0.0021403672
ngưỡng mộ mấy cậu vẽ đẹp quá,0,0,0.0014456897
cảm ơn bạn đã yêu đất nước việt nam tôi,0,0,0.0017669348
mình sống ảo quen rồi nên đắp mặt nạ cũng đắp bằng app luôn :)))),0,0,0.002656255
cuteeeeeee 😊😊😊😊😊,0,0,0.0018380091
nhưng nó cười với đứa khác không phải mày .... 💔,1,0,0.00448974
per c . bị tinh thần đi xem đi 👻,0,0,0.0019159914
vậy mình xin chúc đk n năm tới không còn cô đơn nữa nha kkkkklk,0,0,0.0052672545
ấn tượng vãi :v bàn tay vàng trong làng vẩy khế :v,0,0,0.0019151798
"học xong cấp 3 , ngoài mừng vì được thoát khỏi đó thì không hề có lưu luyến 1 chút nào :))))))",0,0,0.003996803
tao đang đi phân khối lớn đây . ai cũng kêu nhìn cá tính vãi 😁,0,0,0.004220477
"mới đây mẹ tao giúp tao làm lại giấy khai sinh . mẹ có hỏi "" mày sinh ngày mấy để mẹ làm ""😑",1,0,0.006567089
"công nhận , thời xưa bệnh mà cũng vui vãi . :)))",0,0,0.0021310921
chỉ mong ông trời sẽ bù đắp cho con cháu của họ sau này 😔😔,1,0,0.00497355
không biết phải mình lúa không . chứ mỗi lần đi du lịch trước khi trả phòng là mình phải dọn sạch sẽ . cứ nghĩ nhận phòng sao thì trả phòng vậy . bị anh chồng la hoài là vậy,1,0,0.008748713
và tôi đã mất đi 1 người như thế .,1,0,0.077783905
nguyễn thị hồng phấn cũng may tao không thấy cặp nao hêtd,1,0,0.0026039185
per hãy cứ vững tâm tập điều độ rồi sẽ có thôi,0,0,0.00573457
úi giời khiếp quá !!!!,1,0,0.0024071692
sao tao thấy đa phần mấy đứa con trai cắt tóc xong nhìn ngáo đéo chịu được vậy =))).. cười tét cả hàm chứ đùa,0,0,0.0026531112
t mà bị như này thì chắc tao chết luôn c ạ 😂😂 per,1,0,0.01572613
per thể loại tao thích nè nhưng mày đi coi với tao nha không tao khóc thét rạp,1,0,0.003015057
giờ cắt bộ móng đi cái tay vẫn cứ bị phế khó mà phục hồi được,1,0,0.0063183457
:(( tội bé,1,0,0.0019559127
thật là một câu chuyện buồn 😌,1,0,0.003546047
xỉu lên xỉu xuống :(,1,0,0.0017737546
vãi linh hồn .,1,0,0.0024310055
các cháu giờ lợi hại quá :<,0,0,0.0017849394
nỗi đau ấy ai thấy giúp tôi,1,0,0.037030775
per sau này con bư lớn cũng vậy đó mẹ hahaa,0,0,0.0057425825
per hồi nhỏ chuyên gia đi ngang nhà hàng xóm là bị nguyên bầy ngỗng nó dí nó rượt chạy khóc la um xùm .. giờ còn ám ảnh 😭,1,0,0.0075332355
boss dễ thương vãi lúa,0,0,0.0016994366
cảm thấy mình thất bại :((,1,0,0.00959757
bộ phim đầu tiên làm tao khóc thành tiếng,1,0,0.0024252674
bá đạo vậy chơi sao lại 🤣,1,0,0.0016352136
per huhu em không biết phải đi xem phim với ai nữa 😭,1,0,0.0059244884
gần 1h đêm là con trai mà xem xong nói chuyện mắt vẫn rỡi 😔😔,1,0,0.002592694
mấy đứa chân ngắn qua sao,1,0,0.0017400301
hahahaha,0,0,0.001969916
đúng vậy dù có mệt mà đồng nghiệp nhiệt tình vui vẻ là cùng muốn đi hoài,0,0,0.0025971355
tiếc là chưa thấy cậu cười ngoài đời bao giờ,1,0,0.0044672308
per tao không gửi cho mọi người . tao chỉ đăng lên facebook cho thiên hạ biết thôi :))),0,0,0.003947518
đúng là yêu tới đầu bạc răng long .,0,0,0.0018699674
vậy là hên rồi,0,0,0.0017432625
per bị phạt 10tr à c 🤣🤣,0,0,0.0036541983
mình còn chưa kịp đến :((,1,0,0.0045075673
mình không quan tâm giá trị học bổng bao nhiêu . mà tớ q . tâm em đó sẽ dành những gì cho đất nước sau khi học xong thôi . hee . chúc mừng em .,0,0,0.0060567725
per trailer không có tiếng thôi mà đã thấy ghê rồi đó !,1,0,0.001941002
"per chồng xem đi , hài lắm",0,0,0.0015378668
"cả thế giới biết toau crush mày , còn mày thì íu nhận ra 😐",1,0,0.0049281404
dễ thở hơn so với đề văn sáng nay 😂😂😂,0,0,0.0018872415
mèo người ta đi lạc về nó còn nhớ chủ chủ còn được đụng nó còn mèo nhà tao đi tán trai có mấy tháng về nhà thấy chủ như thấy ma 😌😌,1,0,0.0048097186
"ôi vãi , mày thật bất hạnh vì có lũ bạn như thế",1,0,0.004977105
:))) đồng nghiệp đáng yêu,0,0,0.0014655042
gần nhà tao lại chẳng còn sót lại anh nào huhu,1,0,0.0028096205
cảm ơn các anh tình nguyện viên .,0,0,0.0015872977
hồi xưa tao bị tiêu chảy kèm ho đã sợ vãi . giờ ho không thôi cũng sợ nhỉ . ??,1,0,0.012493071
hoá ra chúng ta không biết nhiều về tình yêu như ta vẫn nghĩ 😢,1,0,0.006656342
nghe bài này đau lòng quá mà,1,0,0.0015760658
đáng yêu mà sợ gì,0,0,0.001761931
còn tệ hơn năm ngoái,1,0,0.0022549133
gần thôi :))) giờ nhìn lại đề thi và không hiểu sao mình ra trường được :))),0,0,0.0031073287
có một sự tổn thương không hề nhẹ ở đây,1,0,0.42854485
"học chán phèo , chả có gì đáng nhớ",1,0,0.0043577803
tao thấy dễ thương màaaa,0,0,0.0023075754
"mình theo dõi mấy nick quân nhân , tập trận , pccc ... hay vãi luôn á .",0,0,0.0021596546
sau khi có vợ anh per đã có đồ giả gái xinh và tinh tế hơn 😆,0,0,0.0018443889
giận ngược lại rồi giận luôn chứ có huề đéo đâu :(((,1,0,0.0022162453
ấm lòng vãi huhu,0,0,0.0015839597
per cười đau bụng luôn 🤣🤣,0,0,0.0017699838
"mình thấy sợ mấy con rắn quá trời , mà cái gì mình sợ là mình hay muốn tiêu diệt -))",1,0,0.0067674527
đợi chúng nó đang ăn lấy xe cứu hỏa phun nước ôi tao hình dung ra cảnh đó thật tuyệt,0,0,0.0015941026
ba mẹ tao chửi tao tao chỉ biết câm họng và bưng tô cơm ra chỗ khác vừa ngồi ăn vừa khóc một mình cho dù biết răng mình k có lỗi 😭😭 !?,1,1,0.9887749
dạ đây là chị gái em nha không phải chồng đâu ạ người trong hình là em huhu ?,1,0,0.0021299862
đoạn cuối yêu mún chết,0,0,0.0016522778
"tao buồn quá , tao đang khóc !!!",1,0,0.02933025
per đây là chúng mềnh 🤪🤪,0,0,0.00195746
per đóng vai chính đúng xuất sắc lun,0,0,0.0014236618
ngày xưa mừn cũng hay thế lắm .,0,0,0.0014869495
má hồi xưa về ngoại chơi đi đường bị nguyên đàn yêu nghiệt này dí chạy té đái giờ vẫn sợ bọn nó 😨😨😨,1,0,0.0035078477
😑 sao cái kết gì mà buồn vậy,1,0,0.0025070168
tuổi trẻ tài cao là đây,0,0,0.0019189973
đùa ... cảnh sát việt nam tài thật . vụ gì cũng bắt trong 48 giờ,0,0,0.0015809422
"ôi đời vẫn là chịu không nỗi đời mà , chán",1,0,0.0071650418
sợ con này lắm :((,1,0,0.0024207653
rồi lại im thôi . 200k hay 5tr thì cũng vậy,1,0,0.003735067
nghe mãi mà vẫn thấy hay,0,0,0.0015095092
"gập đúng người mà mình muốn thương , muốn yêu , muốn chăm sóc . nhưng thật tiếc khi trong tay vẫn chưa có gì",1,0,0.004146098
tới lúc chia tay rồi khóc :(,1,0,0.002204423
"có lần tao thổi cơm không đổ nước lúc khét mở vung ra mới biết , làm đánh đít xong cả tiếng trời không hết",1,0,0.0046982183
bố mẹ cho ta đx tồn tại trên cuộc đời này biết nhận thức thì tự đi lên từ đôi tay của mình nhé 😘,0,0,0.00863663
per nhớ bột mì chiên huhuhu,1,0,0.0016467464
chắc hẳn trước kia em bị đối xử tồi tệ lắm nên mới vậy :(,1,0,0.007733247
chuẩn luôn :)),0,0,0.0018939314
"giờ bà già lắm rồi , nhổ sợ hết tóc , nghĩ tao lại thấy buồn quá 😞😞",1,0,0.0046148896
như kiểu người yêu luôn ấy =))) nhẹ nhàng,0,0,0.0014905462
chạy xe hơn 40 ' chỉ để chạy ngang chỗ crush làm nhìn 1 cái rồi về :) đến giờ vẫn vậy cứ rảnh là chạy vô nhìn cái rồi về :),0,0,0.0032686936
đừng ai lấy cả hộp kẹp của anh ý nhé :(((,1,0,0.0019215571
cuối cùng là hai mình ăn được ngủ được :))) đứa nào cũng lên vài kí,0,0,0.0021958316
haha mắc cười quá ... nhưng thật chúng mày là tao rất sợ rắn ...,1,0,0.0036413614
yêu nghề chuẩn mẹ rồi,0,0,0.0015919785
"tao khuyên mày , bật lên mr . siro lên mà nghe , đời sẽ vui vẻ hơn =))",0,0,0.0027141748
per chị ơi còn học được cả tiếng anh nữa luôn này :v hịn quá,0,0,0.0014855767
"mới xem 1 đoạn xíu này mà cũng khóc hết hơi , nhìn em bé mất bố mà quay ra nhìn lại con mình đỏ hỏn nằm bên cạnh , thấy thương quá 😭",1,0,0.003798376
xem đi xem lại mà khóc sướt mướt 😭😭😭,1,0,0.0022697798
t nhớ tao đang xem xxx thì chưa cắm tai nghe 😭😭😭,1,0,0.0030891134
< 3 chuyện lạ có thật :))),0,0,0.002110224
ông thần nhây vãi đái 😂😂,0,0,0.001569883
nói chung là ai nào buông tay thì người chết vẫn là mấy đứa con gái như tao 😭,1,0,0.005859036
mày định lướt qua rồi nhưng khi đọc bình luận của các bạn và xem kĩ lại thì mày đã rớt nước mắt 😭😭😭.... người cha thật vĩ đại,1,0,0.0020969333
câu chuyện vui ha =]],0,0,0.0015526148
tao cũng muốn học vẽ lắm :( cơ mà không có điều kiện để đi học,1,0,0.01113758
21 năm chưa crush ai thì có gọi là ế thâm niêm không hả các bác,1,0,0.0042072213
em đừng đi tập gym em nhé . bth em đã mê trai lắm rồi . em mà đi tập nữa chị không biết em như thế nào luôn 😢 per,1,0,0.0038842
giòi béo lắm :)),0,0,0.0017209895
lũ kiến ở nhà mày thích vậy .,0,0,0.0020601589
thích bài này lắm lun . thuộc lun,0,0,0.0015002878
dù chỉ là 1 cây bông nhưng nó là tất cả tình yêu của ông dành cho bà ❤❤❤,0,0,0.0038058935
"per đấu nhau to rồi , phen này hay",0,0,0.0014726103
chạy ios cho máu 😂,0,0,0.0015424209
nấu mì 2 tôm là vô địch,0,0,0.0023094083
nghe thấm câu vàng trắng nhưng thực tế là trắng tay thôi nghe mà buồn,1,0,0.0020600352
ngồi suy nghĩ 1 hồi xem trái hay phải rồi mới nói được . khổ vãi mà !,1,0,0.008843476
nghe kể mà thèm ạ :'(,1,0,0.0016249988
cầu trời phật cho đại gia đình con sức khỏe !,0,0,0.0019676269
xem lại quá nhiều lần đến nỗi không nhớ nổi . vì phim quá hay và ý nghĩa .,0,0,0.0018885678
t tin crush của tao không bị thịt vì tao đéo crush ai cả =)),0,0,0.004673107
hôm qua xem cười lộn ruột,0,0,0.0018087926
và ông đã có nỗi buồn mới thay vì buồn thất tình,1,0,0.006691066
giá mà có ai để giận :v,1,0,0.0051181177
ngộ nghĩnh nhỉ ! lạ lờ nhỉ !,0,0,0.0016869161
lúc thì cuốc đất è cổ ra không có giun mà câu cá 😒,1,0,0.002126284
"còn giữ 2 cái đĩa cổ này luôn á , ghê hông",0,0,0.0016984951
có 1 đứa hợp tác vậy là cũg quý hoá quá rồi,0,0,0.0015714879
tao đã đóng dấu cấm đứa nào rớ vào =)))),0,0,0.0045698676
nguy hiểm vãi chưởng luôn ý,1,0,0.0017368715
em tìm link phim mà sao nó ra phim khác chứ không phải phim này zay mọi người 😞,1,0,0.0018333173
24 tuổi thấy đời đắng và khá mặn,1,0,0.0028692728
per coi phim này chắc chết luôn trong rạp,1,0,0.0018881507
bán hàng online hồi năm cấp 3 :))) tháng hè ấy đi quanh hạnh phúc để giao hàng với bố . được lãi 4 tr :)))),0,0,0.0025841088
cười sái mẹ quai hàm,0,0,0.0025612547
"cần gì xa hoa đâu , thế này là hạnh phúc , thấy thương và ngưỡng mộ ông bà quá",0,0,0.0018185786
bài nhạc hay khi nó đúng tâm trạng ... nhạc hay !!!!!,0,0,0.0014774696
thế là dấu ấn lịch sử và hình tượng thằng gù nhà thờ đức bà của nước pháp đã thành tàn tro :(,1,0,0.0037316922
"cậu ấy tán tôi , tôi từ chối . thế là từ đó chúng tôi đéo làm bạn được nữa !!!",1,0,0.016039861
"bánh tráng trộn năm đó ở roai ờ ti , ruột đau như cắt nói chuyện mắt đầm đìa đền thg dưa gang cốc dưa hấu kem chi per",1,0,0.0040830453
như chết đi sống lại 🙂,1,1,0.7560684
ai chưa xem thì nên xem 1 lần đi . đảm bảo không phí 3h đồng hồ của các bạn 😃,0,0,0.0021618959
đáng yêu vậy =))),0,0,0.0017511286
độc mà lần nào đi viện cũng bắt chụp 😭😭,1,0,0.0021003857
từ bé đến giờ mình chưa bao giờ xếp được 1 cái rubic nào thế mà cu nhóc kia xếp xong trong vài giây ! xấu hổ quá,1,0,0.0027170763
nếu ai cũng có ý thức tốt đẹp thì đất nước này còn gì để nói . đâu có ai hoàn toàn hoàn hảo đâu bạn . dù là moi tần lớp,0,0,0.0021711367
mày xinh thế ? tao ốm tí đã xấu hoắc,1,0,0.002039021
một cái tết nhiều tiền,0,0,0.0022200088
per cách này coi bộ hay nha 😂,0,0,0.001494609
đừng có thấy 6 múi mà ham nha nha 😂😂,0,0,0.0020210731
cái ông aamir khan đóng phim nao cũng hay và ý nghia het,0,0,0.0014724488
ở đâu cũng có người tốt nè anh kkkk,0,0,0.0015918375
lại mưa 😞,1,0,0.0032675348
xong là phê lắm mày,0,0,0.0014752572
bên aeon hay thật đấy =))))),0,0,0.0015528811
không có bạn trai ... thì giận ai 😑😑,1,0,0.0058879084
chia buồn cùng khổ chủ,1,0,0.0024261374
"quan trọng là lòng tin , bạn bè mình một số người mình đã mất lòng tin thì đừng bao giờ nói chuyện tiền nong . khâm phục anh",0,0,0.006413
thật khó để có cả 2 khi chúng ta còn trẻ :),1,0,0.00500974
phim ấn thì của lão amir khan là hay vol,0,0,0.0014809571
ừ mỗi lần thế lần buồn kinh lắm mày ạ,1,0,0.002372666
cảm ơn . anh .,0,0,0.0020096775
per kết truyện chất ghê :)))))),0,0,0.0014647187
chúng mày đã bao giờ bị hất cả cốc nước vào mặt vì mặt không bao giờ tươi cười niềm nở chưa ?,1,0,0.03324946
t đã soi gương suốt ngày chỉ để gặp crush và ngắm nụ cười tỏa nắng của nó,0,0,0.005108329
chẳng đủ dịu dàng để níu bước chân anh,1,0,0.014092377
rủ được crush đi thì không cần qua đây nữa rồi admin ưiiii :(((,1,0,0.0021731106
per nghe lại buồn vãi,1,0,0.0016297302
"bọn nó nhỏ mà đã có người yêu , còn tao thì ế :((",1,0,0.0038868447
"người đàn ông ốm đau nói với vợ mình :” ở lại với anh ” rồi cầm tay bà . đó là tình yêu , vỏn vẹn 20 năm ngắn ngủi . tình yêu bố dành cho mẹ",0,0,0.0034480072
tao ám ảnh việc lau sàn,1,0,0.0048128124
ra chỗ khác sóng không tới viết đi cậu :((( nhìn buồn vãi,1,0,0.001886182
nhói lòng lớp tôi,1,0,0.0040654093
nhìn ma tiếc từng hạt trân châu,1,0,0.002127625
năm nay vào quán net ngồi cho đỡ phải nhìn .....☺️,1,0,0.0028713988
per sợ ghê bây .,1,0,0.002064123
tao coi xong tao khóc .,1,0,0.004103774
tao nhiều tài lắm .. nhưng tài sản còn cái mạng què và đôi tay trắng 😭😭,1,0,0.0023008483
"per 😥 cảm thấy tội lỗi quá , từ nay không chụp nữa thiệt luôn",1,0,0.0035153516
đã biết là thế nhưng không còn cách nào khác :(,1,0,0.1393968
chưa bao giờ bắn trúng 😬,1,0,0.0021366137
đăng khoa lê lò dầu của mẹ nè anh 😘😘😘,0,0,0.001750375
per phim này thấy trailer hấp dẫn ghê 😁,0,0,0.0015311884
bó tay luôn á,1,0,0.0016286499
"hai đứa chia tay , tao nhảy vào .",0,0,0.0027842475
thương nhau còn chả hết dỗi nhau làm chi 😂,0,0,0.0035349068
"ôi thôi , cưng quá :v",0,0,0.001580839
đó là một câu chuyện buồn,1,0,0.0032011473
"động lực là lo được cho gdinh , tự chủ bản thân",0,0,0.010026996
"buồn cho những ai thờ ơ , vô cảm trước một sự việc như thế .",1,0,0.011657746
cuối cùng tao cũng được xem hết mấy cái video mà trước đọc comt đéo hiểu gì 🤣🤣,0,0,0.0024994845
đọc tin nhắn đầu thấy cay cay ngay mũi,1,0,0.00173444
chỉ dân đen là khổ thôi . chả trách được họ khi cố gắng đi tìm may mắn ở nơi chùa chiền,1,0,0.0065203155
tinh trùng của người ngoài hành tinh thật đáng sợ 👏🏻👏🏻👏🏻,1,0,0.002673633
haha :))) nãy giờ mấy tiếng rồi mà các bác vẫn còn căng :))),0,0,0.0019365445
chút mua ... hehe,0,0,0.0017503332
ra sông mò đồng xu cùng ông anh hàng xóm được khoản kếch xù :))),0,0,0.0023986779
cái chứng minh hình kia dễ vãi . cứ vẽ hình lên bài xong người chấm điểm người ta thấy là biết chứ sao :)),0,0,0.002292509
thế này lại thành xây nhà cho nhà hàng xóm rồi 😰,1,0,0.0029601706
tôi từng trách bố mẹ sao sinh tôi ra trong hoàn cảnh này,1,0,0.019494958
em xin lỗi anh,1,0,0.0060832286
"đến cả khi nó nói thích mình , 1 phút sau nó lại nói chỉ trêu . mệt mỏi",1,0,0.01718315
mày nói thôi mà tao nghĩ cũng thấy buồn rồi :(((,1,0,0.002557583
tao ghét và tao sợ nó,1,0,0.0055884463
buồn hơn thế là đối với 1 đứa con gái năm lần bảy lượt chủ động ib họ nhưng vẫn bị xem thường ... xem mà đéo rep ... hết thương là vậy ... 😞😞😞,1,0,0.004015561
đúng là nói thì dễ hành động không bao giờ làm được ))),1,0,0.0044065677
add cứ khoe đi . mai lại chặt hết như nguyễn trãi mà 😂😂😂,0,0,0.0018388552
cả một bầu trời đáng yêu :))))),0,0,0.0015692493
đến câu nào có đáp số quen thì khoanh :)),0,0,0.0025020444
hoan hô . công nhân đâu phải trẻ mầm non,0,0,0.0018976723
hỏi sao bác sĩ hay bị người nhà bệnh nhân chém :)),0,0,0.0024598846
per nguy hiểm vãi,1,0,0.0018917794
nhìn thôi cũng đau lòng :)),1,0,0.0028686558
tao bị quỳ cột cờ mới ác . cả trường biết mặt luôn . nhục vãi,1,0,0.0034281395
per sau hôm sinh nhật là có cái này . ngon vãi,0,0,0.001969655
per đúng chất em lun hâha,0,0,0.0016966598
thích mấy đứa này,0,0,0.0018228646
viết tên anh trên cát cho sóng đập nát cái matlon anh :)),0,0,0.0020516983
"má .., ruồi bay qua táp chết tươi :)))",0,0,0.0019057783
"tao có một nỗi sợ khác cũng khá giống con yêu tinh này đó là con yêu nghiệt ngan đực :3 con này thành tinh hung ác vãi_chưởng , đi ra vườn đéo làm gì nó , nó cũng rượt mình . đậu ! đó là tao kể ngày bé thôi =) chứ lớn lên tao biết vơ cây củi theo để đi ra vườn rồi =))",1,0,0.0063786698
"ai mang đồ ăn cho anh ấy đi , kẻo đói tội nghiệp",1,0,0.0017959321
vì mình chỉ là giờ giải lao trong một hiệp chơi chính của họ,1,0,0.0039778072
sắp có thực đơn món mới 😍,0,0,0.0017923609
tình yêu cha mẹ dành cho con cái là vô điều kiện . mình đã khóc,1,0,0.0067697894
cơ mà tao bị thần kinh thật,1,0,0.0025080878
hay cực,0,0,0.0016868205
má tao coi mà cứ sợ nó bay ra 😌😌,1,0,0.002876969
hãy cười thật tươi để cho cuộc sống của bạn trở nên thật tuyệt vời 😁,0,0,0.0022621257
hơi bị nhanh trí :)),0,0,0.0018736699
thô nhưg thật :)),0,0,0.0025729672
nhớ lúc trước tao cũng có học quyền và múa tứ linh đao bay thẳng vào trán . :),1,0,0.0032841598
còn chả có ai nói chuyện thân thiết quan tâm đến tôi :<,1,1,0.7243312
tao cũng có 1 con đi lạc 1 tuần xong nó về bắt cho tao 2 con chuột làm tao mất ngủ xong hôm sau nó đi tiếp 😞 tao mong nó về lắm 😞,1,0,0.0067002187
"hôm nào đi học về cũng phải đi qa , nhà nuôi lũ này ở đỉnh dốc , đi học về tới chân dốc thôi là nghe lũ quỷ đó đứng đầu dốc đón đường bọn tao rồi . méo đạp xe lên dốc nổi , dắt xe lên dốc mà muốn vứt mẹ cái xe đạp để chạy lấy thân cho rồi :((",1,0,0.0067849755
dễ thương quá,0,0,0.0016725359
dm ông cầm cam cho cẩn thận vào tôi cũng muốn ngã mẹ nó rồi này,1,0,0.004224762
con nào cũng là con nhé . con trai tao tập từ nhỏ đã biết tự lo và phụ mẹ rồi :)),0,0,0.0032014134
người ta thật thà phết,0,0,0.0016697445
bị từ chối rồi,1,0,0.003617015
ngày xưa cũng vui lắm mà giờ mỗi đứa 1 nơi rồi,1,0,0.004647567
nghe tình vãi =)))),0,0,0.002016168
"3s để tôi nói tôi yêu em và cả quãng đời còn lại để tôi chứng minh lời tôi nói :"" tôi yêu em """,0,0,0.008494006
mình bình luận chủ yếu muốn khoe mình là fan cứng thôi :)) các bạn không cần để ý,0,0,0.0029115912
"gặp một nhà nuôi 1 con chó với 2 con ngỗng , trời ơi chưa kịp vào nhà , con chó còn chưa sủa mà con ngỗng đã đuổi chạy vắt chân lên cổ rồi :'( nhục",1,0,0.0029901224
câu chuyện của mày làm tao buồn quá,1,0,0.0019640278
"per này , thích thì xem cho đã con mắt đi 🙁 đáng sợ quá mà",1,0,0.001740084
mau khoẻ nhé :d,0,0,0.0015537464
công nhận chữ đẹp . 🤧,0,0,0.0015711221
nhìn mày thế kia đến tao còn thích ngủ cùng huống gì em mày,0,0,0.0044508306
"thiện tai , thế giới này khi nào mới được yên bình",1,0,0.006466746
làm tao liên tưởng đển phượng hoàng cổ trấn :))),0,0,0.0020697706
tiền nhiều để làm gì ? để rồi lại chia ly,1,0,0.004909076
điềm báo gì đây,1,0,0.00346041
per huhu mất đi đồng nghiệp 😭,1,0,0.0029183105
chẳng những hư xe mà còn bị phạt nặng nữa,1,0,0.003518692
nhất là lúc 16h chuẩn bị đến giờ đá bóng . chất rơm đầy bếp cho nó mau chín 🥰🥰 yêu quá thời đó,0,0,0.0019158783
bắt ve cho nó điiii . trông khổ quá,1,0,0.0018243272
khi nào mình già rồi cũng như v nha per kkkkkkkkkk,0,0,0.0140362205
những người có tài như này công nhận giỏi,0,0,0.001510422
😞 đó sẽ là những kỉ niệm thật đẹp,1,0,0.0021367997
tao bị biến dạng luôn một tay,1,0,0.0065737157
chời má . ngọt chết tao rồi :)))))),0,0,0.0016641065
chạy ngay đi 😱😱😱 sợ quá .,1,0,0.0032178161
"nhìn cảnh 2 bố con hôn từ biệt , em bé cũng rướn mặt theo hôn bố mà chảy nước mắt , em bé như thế chắc không biết diễn , đúng là cảnh đẹp quá",1,0,0.002405654
rất tiếc em vẫn chưa gặp được anh :((((,1,0,0.0020919451
"e ấy đang khóc , nhưng vì hàm răng không thể thụt vào nên mọi người nghĩ là em đang cười :))))",0,0,0.0044194064
per thì tốt nhỉ quá đỉnh luôn ... nhưng không biết được trọng dụng không nữa buồn quá,1,0,0.0017366622
"cấp 3 , đáng tiếc nhất trong thời học sinh ^^",1,0,0.0027665882
đm nhìn ngầu vãi,0,0,0.0015639502
em đang ở đâu mà mấy năm rồi chưa thấy xuất hiện :),1,0,0.003754272
phải chi có người để giận mình nhỉ :(((,1,0,0.0023995112
dễ thương vậy,0,0,0.002226978
vào sg 50k / không cũng mua . 100k / không cũng mua ! ha ha,0,0,0.0026835317
"tao cũng là người cuối cùng ra khỏi căn phòng ấy , ngắm nghía lần cuối rồi rời đi , khép lại 3 năm đẹp nhất của đời người . tao không khóc nhưng trong lòng rối bời , muốn ôm hết all vào mình .",1,1,0.94511986
14 / 2 năm sau tau sẽ là ông già cô đơn ....,1,0,0.0041953716
"ra đi là lựa chọn đúng , ở lại incheon để gánh team làm gì cho mệt ra lại bị tiếng xấu .",0,0,0.006735888
"ôi dume giật nảy mình , tí thì rơi điện thoại",1,0,0.0020284334
hiện tại cảm thấy hạnh phúc khi môi trường làm việc toàn người lầy ....,0,0,0.0015666136
k cần biết nội dung ... nhìn mặt con bé thoy muốn cưới về cho con trai mình ngay rồi 😂😂,0,0,0.0035766538
vụ này chắc xử nhanh hơn vụ trong thang máy .... 😂😂😂,0,0,0.0030294214
"đặt mình vào vị trí của nhau , biết lo lắng suy nghĩ san sẻ cho nhau vậy là đủ rồi . có quá khó không ?",1,0,0.009584393
per mã mẹ biết hôm qua quay video sớm hơn ự,1,0,0.0016054178
"cả phim trừ anh dv chính ra thì thấy anh này là đáng yêu nhất , dù nhìn hơi hâm hâm tý",0,0,0.0019278427
may mà không mua laptop này không thì ăn lìn lâu rồi :(,0,0,0.0055815317
câu chuyện của em làm anh cảm động quá …,1,0,0.0022526595
ý tưởng hay,0,0,0.0016382874
"xem mà đau lòng , đau lòng nhưng vẫn xem :((((",1,0,0.0015163366
con dựt gái đây sao hahaha,0,0,0.0015712274
thế hóa ra nguy cơ trầm cảm của tao cao lắm,1,1,0.9926267
có ai thừa biết nó sẽ nhảy vào điện thoại nhưng cuối cùng là vẫn giật mình không 🤣,0,0,0.004458438
per nghe chưa nhân viên mới ... kk,0,0,0.0019354785
đáng yêu vãi =))))),0,0,0.0016191856
nó bể 1 phát lúng tới cổ dume tởn tới già,1,0,0.0024768445
cảm ơn những người thả 😡 nên mình biết là đéo hay nên mình đéo xem . may vãi,0,0,0.0019406879
đồng nghiệp nhắng nhít nhất hệ mặt trời =))),0,0,0.0014530773
giống thằng này vãi :))),0,0,0.0021495721
lò xo chắc giờ không còn nữa rồi,1,0,0.008011335
đơn giản là thấy họ cười 😂😂,0,0,0.0018185776
hú hồn lon vẫn còn,1,0,0.001925577
"diễn còn cứng quá à , kiểu biết rồi mà còn giả bộ bất ngờ :))",0,0,0.0016387261
công nhận nó phê như vậy thật 😂,0,0,0.0015712214
per đã hiểu sao hè năm ngoái có quả lịch học vãi chưa =)),0,0,0.0027832112
chúng ta nói với nhau nhiều quá nên bao giờ không còn gì để nói với nhau 🙂,1,0,0.0061336807
hôm ấy tao chân ướt chân ráo từ quận 6 lên quận 3 cũng rẽ trái đoạn ntmk và cmt8 . mất 3 lít :( khôn hẳn ra,1,0,0.0061153607
rồi mấy đứa chân ngắn đi chắc dập người hết . bay qua sao nổi =)))),1,0,0.002171279
vui tính tí cũng khó cơ,1,0,0.0035612634
"dân vũng tàu có khác , toàn người nhân cách cao",0,0,0.0017155836
"dăm ba cái thể hiện tình cảm này ngày xưa tao đầy , nhưng từ ngày cưới xong đi qua đường chắc chồng tao rơi mất não nên chưa thấy lặp lại bao giờ . 😌",1,0,0.003978438
chưa kịp đặt chân đến chiêm ngưỡng nó ...,1,0,0.0087824585
per thế đéo nào mình chơi với toàn gái mà tính vẫn giống con trai . _ .,1,0,0.0037792264
đã sợ rồi .. cố gắng hí mắt để xa ra để coi như thế nào .. khúc cuối hết hồn dục luôn cái điện thoại :))),1,0,0.002211055
per xem đi haha,0,0,0.0017534455
chỉ mong có người đến cuối đời vẫn yêu mình như ngày đầu tiên ❤,0,0,0.004861194
per viêm màn túi cấp nghiêm trọng,1,0,0.0014951763
chiều mưa hứa tự sẽ tự đi mua đôi giầy mới 😂,0,0,0.0032406147
vâng em gặp anh rồi mà giờ đây em vẫn cô đơn đi lang thang tìm những thứ vô nghĩa lấp vào nỗi cô đơn ấy,1,0,0.035899118
mình cũng một thời gắn bó với nó,0,0,0.013252495
nhện thông minh quá per,0,0,0.001444888
mình thiì chưa năm nào được trọn vẹn,1,0,0.009164569
số hưởng rồi tránh sao nổi :d,0,0,0.0026596829
ước mơ nhỏ nhoi của tao là được làm chị mà không thể nào làm được huhu,1,0,0.009330614
cô ấy không yêu tôi,1,0,0.0051200357
tạm biệt ông 😢,1,0,0.0028350628
nguy hiểm thật ... suýt nữa tao ảo tưởng con mẹ nó luôn rồi ..,1,0,0.0045802253
"nhà tao bên cạnh phòng tập gym , lúc trước bán dụng cụ thể thao ế vãi ra , nợ nần chồng chất ! từ ngày chuyển sang làm đại lý dầu ăn , gia đình tao phất lên trông thấy !😂😂",0,0,0.007936335
per hồi đó mua điểm đại học nè 😂😂😂,0,0,0.0018780679
nó lại hợp lí vãi,0,0,0.002228609
"per hihi học ở đâu không quan trọng , quan trọng là bọn mình luôn có nhau hihi",0,0,0.0028743523
"may công an đến bắt chứ không thì dân chỗ đó cho vào nồi cả rồi , đã có người cắt cử nhau đi mua giềng mẻ rồi đó chứ 😆",0,0,0.0056757205
"eo ôi thằng nhóc áo xanh cuối cùng , sao này lớn lên chắc là sói ca haha",0,0,0.002037218
"thôi bảo em gái xuống ngủ với mẹ đi , còn em percó sợ ma không ? thì ngủ với anh . hehe",0,0,0.0029149654
càng thân thiết khi quay lưng càng đau lòng .,1,1,0.7381795
per nhìn đẹp thiệt mày,0,0,0.0015008106
😭😭😭 sinh lão bệnh tử hẹn gặp kiếp sau,1,0,0.0040311916
nghiệp hơi nặng nha !. làm hết hồn,1,0,0.0020635938
đúng là khổ trước sướng sau thế mới giàu =))),0,0,0.0031331363
nt thêm cái dạ vâng thấy quý vãi,0,0,0.0014627305
"200 năm xây dựng , tồn tại 800 năm , thật là tiếc cho nước pháp .",1,0,0.0044142855
hú hồn chim én :)),1,0,0.0016614256
đừng bỏ tao ra đi mà,1,0,0.004080275
"gặp tao , tao ré cái hoảng mất :(( đáng sợ qué",1,0,0.0033153868
tự nhiên mình xem và mỉm cười theo .,0,0,0.0025044235
cái máy này có thật thì bọn chính trị gia sẽ ăn cứt hết 😂😂,0,0,0.0051764385
per hãy cảm ơn tao đi hâhah,0,0,0.0018573755
chú nghĩ cháu rất giỏi văn và là người có suy nghĩ trưởng thành rồi 💐 rất đáng yêu và tếu giống mấy con giặc nhà chú ❤️,0,0,0.0014596983
cần lắm nhiều vụ ly hôn như thế 😂😀😀😁🤣🤣,0,0,0.0023539506
cái đoạn nướng cháy pizza để phốt công nhận là chuyên nghiệp thật :),0,0,0.002004407
và mày chợt nhận ra người yêu củ của mày có người yêu mới huhu,1,0,0.0027243076
"con bé xinh nhờ , khốn nạn là cái thằng edit video ý :)))",0,0,0.0016014279
đây chính là lý do tao giảm cân toàn thất bại,1,0,0.008520442
chưa bao giờ còn yêu nhiều hơn thế 😍😍 bởi cha mẹ cho tôi tất cả,0,0,0.007124781
"giờ nghĩ lại mới thấy vui thế , đến nay bạn bè lập gia đình cả rồi :(((",1,0,0.002288205
per đồng nghiệp tốt giúp ta dễ vào nhà thương điên kkkk,0,0,0.0019141657
thằng nào chưa bước vào quán bar hay karaoke giống tao không 😂 trai ngoan điểm danh 😄,0,0,0.0027484416
per đưa anh nè không cần năn nỉ . chỉ cần em cởi hết đồ ra thôi . đúng không,0,0,0.0027047175
tuyệt vời . aeon mall có khác,0,0,0.001456502
trải qua một cuộc bể dâu . những điều trông thấy mà đau đớn lòng,1,0,0.007080266
hè về chỉ thích ăn cái này .,0,0,0.00451148
tư ̀ hô ̀ i ba ̣ n â ́ y chuyê ̉ n trươ ̀ người thi ̀ chă ̉ người co ̀ n ai đô ́ i xư ̉ tô ́ tao vơ ́ i tao như vâ ̣ y nư ̃ anh . :(,1,0,0.009423449
"mặt đúng kiểu , em hiểu cảm giác phê của anh không kkk",0,0,0.0030603677
thỉnh thoảng lại xem lại phim này quá hay và ý nghĩa,0,0,0.0014584243
tận cùng của tan vỡ ah có biết là gì không ?,1,0,0.01354514
không muốn huhu,1,0,0.0046956954
đầu năm chúc đại kỷ nguyên vạn sự như ý nhé,0,0,0.0015659716
loài này bé như ngón tay phàm ăn lắm sợ luôn,1,0,0.002107622
rút kinh nghiệm năm ngoái 😂😂😂😂😂👍👍👍,0,0,0.0018005762
trông tội vãi,1,0,0.0019763338
yêu dã man kkk,0,0,0.0016355353
nước mình chả í thức gì cả xả rác bừa bãi để trôi rác đầy đường thể này thật buồn,1,0,0.006111211
nghiệt ngã hơn là phi hành gia đéo tuyển mấy đứa lùn :((,1,0,0.0026511499
kiểu gì chả chết ? đá to như kia thoát sao nổi ?,1,0,0.0041697295
per 2 ly trà sữa bạn làm rơi mà chưa thấy bồi thường lại mình 😞,1,0,0.002331251
cái này thì ai chả đau lòng trời,1,0,0.0052008447
mày làm tao buồn đó per ??,1,0,0.0025656938
tao không sợ đi làm mệt mỏi tao chỉ sợ không có niềm vui với nó,1,0,0.034396507
tao đã khóc khi xem phim nay,1,0,0.0034693964
mong manh dể vở 😂😂,1,0,0.0016287939
"chúng ta hầu như ai cũng dùng đôi mắt bao dung để nhìn một người xa lạ , mà đối với người thân bên cạnh lại chỉ nhìn thấy khuyết điểm mà thôi ..",1,0,0.008314663
ewww mình chẳng giữ được gì huhu,1,0,0.40206742
nhìn nó cưng quá,0,0,0.0015748687
mẹ thằng này nói tiếng việt tốt thật lại còn nói được cả giọng phú yên nữa chứ,0,0,0.0014797301
tiếc quá ! nguyên nhân,1,0,0.0017581275
con mèo đág yêuc quá 🤣,0,0,0.0014276938
khổ thân em ý .,1,0,0.0031550413
cưng quá mà,0,0,0.0018043427
per sao tội vạy em,1,0,0.0018151962
"per :))) tuy anh hay bắt nạt , giấu đồ và ăn bòn đồ ăn của em nhưng nếu thiếu anh thì công việc sẽ trở nên căng thẳng phết đó 😭",1,0,0.0029526325
má như người yêu ??,0,0,0.00262624
chỉ để nhìn cái thôi :)),0,0,0.0025665076
có người đến gần cuối đời rồi vẫn còn khổ ! :(,1,0,0.0049081715
ôi gu mình !! mà phim lâu quá rùi giờ mà đóng lại bản khác thì không biết sao haaa,0,0,0.0019635465
kinh khủng,1,0,0.0017823997
c trai như thế nào tuyệt chủng rồi :),1,0,0.0016360228
tao cũng đang là con ghẻ của tạo hoá,1,0,0.008566488
lấy ống hút mỗi đứa cắm xuống mà hút thôi :)),0,0,0.0023983426
sau khi đọc bài của mày tao cười nhiều quá và gãy mẹ hàm cái à,0,0,0.0018067119
mệt vãi .. mà cừời cũng vãi ??????,0,0,0.004784309
đã từng nên tao hiểu cảm giác ấy . vừa tiếc ly trà sữa vừa phải lết xác đi giặt cái balo,1,0,0.06149361
tạm biệt ánh sáng của đời tao,1,0,0.0036089832
đau bụng vãi hix,1,0,0.0018556047
"ai cũng chỉ muốn cho con tất cả nhưng vì được không có mà thôi , có con thì mới biết lòng cha mẹ",1,0,0.0072478037
"nhớ quá , độ chục năm không đi soi ve rồi :((((",1,0,0.002466862
"k có con gì ác bằng con người , các con bé như thế mà nó không tha",1,0,0.0034037866
đáng tiếc đời không như là mơ . thực tế sẽ vả vào mặt cho mày tỉnh ra :(,1,0,0.004523265
nhờ cái bếp như này . mà hồi nhỏ tao suýt đốt cả nhà và bị chửi đó :((,1,0,0.0058202194
còn tao thì còn không có nổi 1 người tỏ ra thân thiết quan tâm cơ . _ .,1,0,0.1243286
và hơn hết là tụi nó không còn coi mình là con gái nữa,1,0,0.0144158
nhà có người già vui thật nhỉ 🤣👍,0,0,0.0015334412
hiếu nghĩa . nhìn cái này nhớ mắc cười má đào chúc quá 😀😀😀,0,0,0.0014654653
cách người ta phản ứng cũng văn minh ghê ❤️,0,0,0.001541
rồi lỡ ai có bầu mà đi qua không biết nhảy kiểu gì nữa 😂😂,0,0,0.003916708
"cứ thấy nó là đi đường vòng , dù đường hơi xa vẫn đỡ hơn bị nó dí =)))",1,0,0.0038307924
cũng muốn kết hôn lắm mà đến giờ vẫn chưa có người yêu 😭,1,0,0.00578406
2 đg thẳng mãi mãi song song không bao giờ cắt nhau hix hix,1,0,0.0021630137
mẹ thấy đơn giản không ? đấy giờ chỉ việc lên số cái .... lên ...☝️☝️,0,0,0.0025175188
thực ra chỉ cần nhập đúng input là được thôi mà :d,0,0,0.0033348901
coi phim này không .. dễ thương lắm ..,0,0,0.0015424135
thương mấy anh quá mà tao không kiềm được vẫn phải thả haha,0,0,0.0042814617
này gọi là theo kịp thời đại :)))),0,0,0.0030590175
có người sinh ra đã giàu có người làm cực khổ cũng không thể giàu . thương ông,1,0,0.003692753
"hồi lớp 1 đú theo lũ bạn về học nấu . thế là cơm sống , sợ quá vùi gạo trong đống tro",1,0,0.004109182
"tao cũng hay nằm mơ con mèo của mình nó về , tao tưởng thật nên khóc cả trong mơ lẫn ngoài đời . nhưng nó đâu có thể về được nữa ...",1,0,0.031871203
mình nghĩ đợt này bà per thua rồi . đuối lý lẫn truyền thông yếu,1,0,0.0053831153
đến gần đoạn cuối tao tắt âm xong vào xem bình luận rồi mới tua xem lại để minvolum . iq + vô cực chuẩn mẹ rồi,0,0,0.0016783734
vừa sếp vừa đồng nghiệp tốt thì đi làm như là đi chơi 💃 bonus 6h chưa hẳn đã muốn về,0,0,0.0025539573
coi phim này mà ứa nước mắt 😢,1,0,0.0016915333
đm hú hồn,1,0,0.0026394501
lâu rồi không được nhìn nụ cười ấy,1,0,0.0052599465
"đỉnh rồi , hiệu ứng tốt :))) ấn tượng vãi_chưởng luôn",0,0,0.001472796
nó mà nhập viện thì xong đời tao . n 😂😂,0,0,0.0063170735
"hồi nhỏ bà mày có cho một con ngỗng mình tự tay nuôi nó . từ ngày đó nó đeo mày như chó mèo vậy . nhưng khi lớn nó lại mắc bệnh mà mất . giờ cũng hơn 4 , 5 năm rồi những nhớ nó lắm 😓",1,0,0.0065680253
"cùng cười cùng khóc cùng vượt qua khó khăn , đau khổ nhưng cuối cùng lại là con số 0 :)",1,0,0.006670141
"sống trong một gia đình nhiều áp lực và lúc nào cũng chửi bới như vậy , tạo hóa đã ban tặng cho em bộ nhá khá là tươi để cân bằng cuộc sống",0,1,0.9839459
trời . cưng chết được,0,0,0.060940407
ám ảnh thật sự,1,0,0.00277428
sống 17 năm chưa crush ai bao giờ,1,0,0.0049094483
lụm điều cho ba má . 2 ngàn 1 ngày bỏ heo đất . thằng hàng xóm vô trộm mất . khóc lóc mấy ngày .,1,0,0.0039853067
"miễn sao có tiền ăn bánh trung thu , mua lồng đèn , đi du lịch =))))",0,0,0.0021797642
"hôm bữa 2 bình siro dâu thấy tiếc , nay bình mật ong còn tiếc hơn",1,0,0.0030719133
tao còn phải đợi 3 tháng nữa là đủ 1 gia đình nhỏ rồi,0,0,0.011131672
chú này tội lắm á :(,1,0,0.0017540734
"yeahh , được mở lại fan cứng rồi =)))",0,0,0.0019896105
dỗ lại dễ thôi mà . nhỉ nhỉ 🤣🤣🤣,0,0,0.0015431468
"tao nghĩ chắc do kiếp trước mình tu chưa thành tâm nên kiếp này cuộc đời tao như 1 trò đùa , tạo hóa ghẻ lạnh . chán đời :)))))",1,0,0.0069860397
ph :)) phê hơn cả cần nhé . nên mua cái này về dùng tốt cho chó và người :))),0,0,0.0015368338
ưới gì honey của mình sau này cũng thế,0,0,0.0053110165
"per nhớ ngày tháng cta bên nhau ghê , giờ thì chả còn gì",1,0,0.0053218543
tao . đôi lúc nghĩ lại thì tao vẫn thấy sợ tao lúc tức giận .,1,0,0.08136295
mùa mưa đến sớm rồi huhu,1,0,0.0021979015
xem video không buồn cười lắm vì chửi thề quá xá .. cơ mà đọc bình luận của các bạn cười đã luôn . kkkkk,0,0,0.0019894836
"tuổi thơ của tao sợ nhất là con này , không làm gì mà nó cũng rược , suốt ngày thì kêu um sùm",1,0,0.006115343
giỏi thật chứ đùa . biểu cảm gần như 90 % chuẩn mẹ rồi . thằng quay và edit cũng ghê luôn . nhảy cũng tốt ra phét chứ -.- ác thật,0,0,0.0014975615
"cay mắt lắm , mà nhìn nó lại nhớ nhiều kỉ niệm",1,0,0.002409099
"tau sẽ phun thuốc kích thích , 2 nam nữa sẽ dài hơn ong nay ... sẽ được vào viện bảo tàng .. 😂😂😂",0,0,0.003915709
"vị nước mắt , dù cảm xúc như nào thì khi có nó cũng thật đáng nhớ !",1,0,0.0023643472
thế này mà mày vẫn còn buồn thì ...,1,0,0.0051483517
anh thíck kiểu tra tấn hằng ngày :))),0,0,0.0019880666
per em đã tìm ra giải pháp thiết kế rồi nhé :))),0,0,0.001866228
chủ tịch giả vờ luyện vỏ và cái kết sấp mặt luôn haha,0,0,0.0036512897
per ru con để vợ đắp mặt nạ kìa ?? đúng là chồng người ta chưa bao giờ làm mình thất vọng ??,0,0,0.0022500397
"ở trên mái sảnh nhà tao cũng có một con nhện mẹ tao bảo tao giết nó ( hờ hờ ) , còn bố tao bảo "" mày cứ đi qua là nó rơi giữa đầu """,1,0,0.007990564
per hàng hiếm nhà mình,0,0,0.001591455
cung quá ak,0,0,0.0017299495
sao bao nhiêu năm kể từ ngày đó em đã không còn nghe lại nữa :((,1,0,0.0033464453
đôi khi đi tù chỉ để thoả mãi thú vui,0,0,0.0043025045
nhà tao có nhưng nó rỉ sét hết rồi :((,1,0,0.006158243
per không cho anh đi tập đâu nha mất bồ như chơi,1,0,0.0016740614
trong nhà không biết có ai không nữa ? sập quả này sợ thật đấy,1,0,0.0067736157
ăn vào lại thức dậy ở một nơi xa thì bỏ mẹ :)),1,0,0.0030292717
per tiếc cái gì đấy bố nó,1,0,0.0017029372
chuẩn bị kiểm tra hình huhu :((,1,0,0.0020660905
mèo nhà tao gửi 10 ngày về ăn tết lên nó thành mèo hàng xóm này ( nhà hàng xóm bán cá ) :((,1,0,0.0020851607
giờ mới hiểu tại sao lúc đầu nhà hàng không cho đặt chỗ ..... má nó li hôn 3 lần rồi lần nào cũng phải giảm giá 30 % nó ly hôn thêm vài lần nữa chắc sập bà nó tiệm,0,0,0.007280054
"đêm hôm coi lại , cười mún rụg rún",0,0,0.0021147793
tao cũng hao mòn nhan sắc như này,1,0,0.008096774
người ta kê bàn ghế ra chả nhẽ lại vẫn nằm đất để nhìn mông người khác ngồi :))) pha xử lý rất cao tayyy,0,0,0.0021504906
chỉ cần nhìn họ thì đã thấy tim đập mạnh rồi =))),0,0,0.0025797274
"khuôn mặt ngây thơ vô số tội , trái tim nhỏ bé của tao sao chịu được ❤❤❤",0,0,0.0028378414
"có lần ba tao mua bánh kem sinh nhật cho tao , lúc đấy tao 13t nhưng khi ba tao mua về thì lại là 15t 😶",1,0,0.0077067907
nghe nói 2020 hơn 4tr đàn ông sẽ ế vợ . mình chỉ việc chờ thêm 1 năm nữa thôi là đăng tin tuyển chồng 😂😂,0,0,0.0071714204
"vừa về xong , phải nói là đông vãi đông chứ không phải đông bình thường =))))",0,0,0.002651261
disss giật hết cả mình .:)),1,0,0.0023888224
ăn vải nóng lở hết miệng ra đây này,1,0,0.003134316
idol có skill mới chất quá 😂 1 cú đánh mông thôi mà đối thủ bay sấp mặt luôn luôn 🤣,0,0,0.0015535281
tan tành rồi .,1,0,0.0021707646
rồi tôi sẽ hết được uống nước ở đây nữa :((,1,0,0.004204545
per coi chừng bị vậy nha chưa haha,0,0,0.0026535972
tao không theo dõi phim . xem bập bõm mấy tập mới biết em nó là con gái 😅.,0,0,0.0035528957
chỉ thấy dễ thương và xinh khi crush thôi khi hết crush thì có cười nấy cười nữa cũng không có cảm giác,1,0,0.0024482615
chị khổ mấy cô giáo viên giám đứng ra tố cáo . sau này bị làm khó hoặc trả thù,1,0,0.005107857
đi đâu cũng ngó ngang ngó dọc để được nhìn thấy crush 😂 ngóng nó đến mức cổ dài ra hẳn mấy cái 😂,0,0,0.003367731
tác phẩm nghệ thuật chất lượng cao hiếm hoi của điện ảnh việt nam nhưng không được công chúng quê nhà đón nhận,1,0,0.0017981944
thương .. hy vọng sớm có người cưu mang bé,1,0,0.0033844765
tao thấy cảm động vãi .,0,0,0.0041003497
bây giờ mình 56 tuổi vẫn dùng để bắn bọn chuột neo dình sơi chim cảnh rất hiệu quả các bạn ơi,0,0,0.0017891482
êu ơi sao con mụ này không gặp mình nhờ :))) ước gì có con mụ thế này tông vào mình ý :)))) klq mà giọng bé quay video đáng yêu thế ❤️,0,0,0.0016546755
per xem đi mày sẽ sướng thi nhìn con nhện bị giết 😂,0,0,0.0024722295
tôi đã đúng khi đọc bình luận thay vì đọc bài :),0,0,0.0037068762
mạnh vỗ tay 👏,0,0,0.0021859114
couple cuối . yêu chết đi được,0,0,0.0020720265
"t đã hối hận vì nói ra , để rồi bao giờ tao với cô ấy chẳng còn thể nói chuyện như trước nữa",1,0,0.021648757
k nuôi thì cho người muốn nuôi đi chứ để em nó bọ ve tùm lum sót quá ????,1,0,0.0028171933
đây là lần cuối cùng các bạn nhìn thấy anh ấy :d,1,0,0.0028625736
tao ngự ở trong uống nước cho nhàn thân rồi,0,0,0.0025554441
không phải crush :v nhưng mà nhìn ổng cười mỉm nhìn cute vãi -.-😑😆❤,0,0,0.0015363371
có ai như tao không đọc đề thì quen nhưng lại quên phương pháp giải . chắc mất gốc rồi :((,1,0,0.0031346527
hahahaha tao mắc cười ghê . nhớ cái hôm sinh nhật tao ghê . chắc mấy mẹ ở guru cũng rủa dữ lắm hahaha per,0,0,0.0072440784
chờ có người giận mà không được,1,0,0.005611511
per khi ế nhưng vẫn phải giương mắt nhìn bọn nó ân ái,1,0,0.002057687
có ai ngu như tao không đơn phương con nhỏ cạnh nhà 4 năm mặc dù nó ngồi chung bàn với tao suốt mấy năm cấp 3 :(((,1,0,0.0058461213
1 lần thôi cũng đủ xao xuyến anh rồi,0,0,0.0027294348
nhớ lắm .. cay mắt lắm ....,1,0,0.005000553
bà xinh thật sự ❤️,0,0,0.0015826375
nếu là tao thì nhảy cẩng lên chuẩn mẹ rồi :)) má nhìn trong hình tưởng ma thật ở ngoài đéo biết như lào luôn ớ,1,0,0.0026817205
yêu thế nhè 😍😍😍 có em gái chắc cũng vui lắm,0,0,0.0016810704
tuổi gì so với anh ! :) haha,0,0,0.0024122559
"làm pv quán karaoke đi rồi khổ hơn nữa , toilet danh cho nam chỉ đứng tè , vậy mà nỡ lòng nào mấy anh ngồi ỉa 😢 thiệt chứ gặp cái mún khóc lun …",1,0,0.004291479
"đến giờ , em vẫn đang đợi anh , người sẽ đúng và thời điểm sẽ đúng",0,0,0.003799167
mấy lần đi ngang hết hồn,1,0,0.0018774905
đúng là tấm gương xáng để con cháu noi theo =)))))),0,0,0.0020173718
hôm qua tao xem xong ngất xỉu tới giờ mới tĩnh chúng mày ạ 😌😌😌,1,0,0.0056365556
"giọng nói , ngữ khí đi vào lòng người vãi . mắt chị gái đẹp thế 😻",0,0,0.0015647077
không khoe thì không sao . khoe ra mai lại còn cái gốc ... haha 😁,0,0,0.0027321463
hoan hô anh 😂😄,0,0,0.0015383039
căng thẳg quá mà,1,0,0.0015854156
"phàm việc quan trọng trong thiên hạ , cứ về hỏi vợ , vợ nói sao cứ làm ngược lại chắc chắc sẽ đúng !",0,0,0.0038321577
cũng xinh mà ?? lai cỏ có lẽ sẽ khỏe mạnh và đỡ ngáo hơn ??,0,0,0.0022803694
thế giới này thật đáng sợ ai chả đĩa bay cho tao về hành tinh tao đi,1,0,0.003405872
mình bị say xe bạn à :(((,1,0,0.0017362251
tí nữa vợ nó vắt chân lên cổ bò thì hú hồn,1,0,0.0022026037
tao cay mẹ khoé mắt,1,0,0.0039291396
mấy anh thiệt là nóng bỏng !!,0,0,0.0020271337
per chị rep khách hàng thế ấy hả 😞 bị bóc phốt rồi,1,0,0.0017072179
tao buồn mấy năm nay rồi,1,1,0.76172465
"lúc nhỏ nấu bằng này không , nấu hơi bị ngon , tạo cơm cháy ăn bao riềng",0,0,0.0019060206
yêu em mọa mọa 😘😘,0,0,0.0015873263
tình yêu là một thứ cao đẹp hãy trân trọng nó .,0,0,0.002985756
yêu quá đi mất . tuổi thơ của mình toàn nện mấy thằng con trai . trong lớp mình toàn làm xếp nên chẳng được giúp đỡ,1,0,0.0038749934
per đồng nghiệp không tốt ta có thể bị chửi và ăn đòn từ sáng đến tối 🙄,1,0,0.0062650503
những cử chỉ đẹp làm từ thiện cho người nghèo hay thiếu đến lấy thừa đi đến cho,0,0,0.0020278688
"nói gì , em trai tao cắt tóc xong là tao đè nó ra chụp hình . cảm thấy nó cắt tóc xong là đứa nào chứ không phải em tao =)))))",0,0,0.003673481
nghe cũng đúng đúng :)),0,0,0.002043453
ngưỡn mộ chi lâu lắm oy . mà giờ biết thêm nhiều về chj nữa nên càng yêuc chj nhiều hơn 😍😍😍,0,0,0.002457466
còn nhiều người có cuộc sống khốn khổ hơn ta :),1,0,0.005363421
""" vậy là đủ tuổi ngồi tù rồi nhỉ ?"" , mặt anh rất tỉnh và đẹp zai =))",0,0,0.0015340635
nghe lại mà nhớ những ngày tháng say đắm trong nỗi cô đơn,1,0,0.006429017
công nhận ngầu thật,0,0,0.0015274015
đến ngày sinh nhật mà còn không nhớ thì còn nói gì nũa,1,0,0.005402735
"là thằng đàn ông phải có bản lĩnh từ khi còn bé , thay vì hay bắt nạt , quát tháo đàn bà thì hãy là người che chở , yêu thương !!!! mong con zai của mẹ sau này cũng như mấy anh này .!!!",0,0,0.0024536957
tao thì nói xong lại thấy người ta không hứng thú thì lại lượn,1,0,0.003118542
khi bạn muốn lầy và cũng có người lầy cùng bạn =)),0,0,0.0034753906
"ba mẹ mình nhớ tất cả ngày tháng năm sinh âm lịch , giờ sinh , tên tuổi ...... của 4 chị em .....",0,0,0.0026474523
"per nếu có khi nào thấy bản thân vô dụng hay là thất bại , thì hãy nhớ có những người chế tạo ra mấy cái của nợ này . =))",0,0,0.0049197553
bể mẹ cái kính cường lực mới dán :#,1,0,0.001983896
per cái gì mình không làm được chứ đánh cái lũ đéo phải người thì mình làm tốt kkk,0,0,0.0032979504
"lúc trước chạy xe đạp đi ngang qua đàn vịt có mấy con ngỗng lẫn trong đó . thế là dume tụi nó rượt tao vừa chạy vừa la cái thứ âm thanh nghe "" ứ ứ "" "" hiếp em đi "" làm tao sợ tụt lol :))",1,0,0.003838129
cưng hết phần thiên hạ,0,0,0.0017275292
được cái công tác truyền thông tốt,0,0,0.0014658971
crush ở nhà chơi gane rồi haha,0,0,0.0019245106
dễ thươnggg,0,0,0.0018614003
nhìn sợ vãi ra,1,0,0.0023639165
đồng đội tốt ... nhưnh rất tiết chúng ta không có duyên 😀 kaka,0,0,0.0023047614
ơ tao đang mơ 🤩,0,0,0.0025972296
rất cá tính :v,0,0,0.0014598819
nhắn mà ấm lòng nhờ :))) ra gặp anh shipper đẹp trai nữa thì chủ thớt rụng hết buồng trứng :))),0,0,0.0016520654
tưởng tượng mà dưới sông có cá sấu nữa chắc hết dám đi,1,0,0.002879931
"xời tưởng gì , cái này tao làm được =)))",0,0,0.0028332623
xây 1 được 2 nhà :)) chủ nhà ấm vãi :)),0,0,0.0018463404
giống tao . nhưng cô ấy có hiểu đâu,1,0,0.0029069104
đau đớn hơn còn là khi làm bạn cũng khó và gặp nhau coi như người dưng nước lã,1,0,0.006684082
"hồi đó đã undercut , bảnh vãi .",0,0,0.0016056647
đau lòng qá huhu,1,0,0.0022291956
mong anh có thể đạt được ước mơ của mình .... cố lên,0,0,0.0035652928
còn gì hạnh phúc hơn trong cuộc sống này ♥️,0,0,0.009988463
thèm được bố chửi 1 lần 🤤🤤,0,0,0.0041927192
tao lại sợ ngôn tình quá cơ 😒,1,0,0.0035061282
đỉnh cao :)),0,0,0.0020518077
waooooo . hợp lí ghe,0,0,0.0014472434
tao mới mọc răng khôn huhu,1,0,0.0024053291
thực ra em mới đang phải là sự lựa chọn chứ không phải là người được lựa chọn đâu 😌.,1,0,0.022115286
đã từng . hix,1,0,0.0022414771
"nói chứ uống đi , 1 ly thì giảm ăn một bữa sẽ không khiến mày phì đâu .",0,0,0.0040855366
quan trọng là có per luôn tạo độ khó game cho tôi :))) và không thể thiếu sự trợ giúp của các anh em trong team 😂,0,0,0.0038758842
tao thấy buồn cười vãi :)),0,0,0.0022931457
tao biết là có ý tốt gởi thông điệp ý nghĩa nhưng nhìn cứ sợ sợ lại còn sấm chớp :<,1,0,0.0020147527
vừa thấy thương vừa buồn cười vãi :))))))),0,0,0.0021868881
ước mơ tao 🙂 chỉ có thể sao chép lại và tao lên màu cực xấu !,1,0,0.002510101
per đau hơn chia tay người yêu nữa,1,0,0.0020211674
mở máy lên .. rồii lại đặt xuống ... cả ngày nay tôi đều như vậy để chờ anh nhắn chúc tôi .. giờ này chắc anh quên ngày này thật rồi .. cô đơn quá mức rồi đấy 😭😭,1,0,0.005691995
mink chỉ lo là nhà nước không đủ gạo nuôi mấy anh,1,0,0.012621747
dell hiểu sao ngày sưa tao có thể cầm nó trưen tay đi câu cá 😳😳😳 nhớ lại vẫn thấy ớn 😂,1,0,0.0038481515
khi tắt đi mới thấy ngạt thở .,1,0,0.009521217
trung thu là tết thiếu nhi cớ sao người lớn lại vi vu thế nhỉ,0,0,0.002563846
mình sống không đủ tốt hay sao mà vẫn chưa gặp được anh người yêu tốt như này,1,0,0.0028147402
chỉ cần yên bình như thế này thôi . ❤️❤️❤️,0,0,0.0029717786
"tỉ năm mới thấy cười một lần người gì đâu mà khó cười đến thế 🤨 chả bù cho mình , lúc đéo nào cũng cười , cuộc sống tràn ngập niềm vui < 3",0,0,0.0038293502
đau ruột với thằng số 9 🤣🤣🤣,0,0,0.0020595782
"dễ thương , đáng yêu , cưng ...",0,0,0.0015668516
"nhiều nước quá , lấy bát về múc nước ra thêm tí đường vào là có 1 bát nước gạo ngon lành",0,0,0.0016633642
tao nhìn tao thấy ghê vcd ấy 😂😂,1,0,0.0017635797
chính xác ! chỉ cần đồng nghiệp tốt thì mọi ngày đi làm đều vui 😊😊😊,0,0,0.0022803543
tin vui cho bà con nông dân chuân bi vào ngày gặt lúa sắp tới,0,0,0.0022696867
một cái ỉn mông xong hết 😂😂😂 dăm ba cái võ thuật 😂😂😂🤣🤣🤣,0,0,0.0016534857
"chiến tranh có gì vui đâu nhỉ , chỉ gây đâu thương",1,0,0.001761208
đâu phải ai muốn thích tao cũng được đâu,0,0,0.010400656
3 idiots ! phim hay nhất mọi thời đại .,0,0,0.0015948087
cuộc sống mà mấy ai được trọn vẹn 😢😢,1,1,0.56337774
""" học từ bỏ những thứ trời không cho "" nói thì dễ nhưng nhiều lúc quyết tâm lắm vẫn không làm được .. 😢😢😢",1,0,0.00997608
ngày xưa mỗi lần tao làm ồn là ngoại tao liền la hoặc lấy roi đánh 😅 nhưng lúc đó vui lắm 😊,0,0,0.005356232
nàng ấy chả yêu ta gì cả,1,0,0.004002812
mặt dày lại ôm cứng ngắt cho chị . 😆,0,0,0.002521861
tâm sự không đúng người ngoài việc họ cười vào mặt bạn,1,0,0.0045694937
xem chỉ đợi đến đọan nó ngã để cười :)))),0,0,0.0030294303
nấu kiểu này ngon lắm luôn 😋😋,0,0,0.001495693
kím cớ nói chuyện chỉ để biết người đó làm gì đang như nào . có vui hay buồn . rồi lại thôi,1,0,0.0032973283
per may cho bạn 😄😄😄,0,0,0.0016816565
"đù . tròn ung ủng , chân tay ngẵn cũn như tao nhảy sao",1,0,0.0022553816
xinh mà còn ngáo nữa thì người yêu mới cưng =)),0,0,0.0016881893
ông nào viết vui tính thế =)) cưng thật,0,0,0.0017994883
tuổi trẻ tài cao :)),0,0,0.0017675153
đó là những câu chuyện buồn mà :((,1,0,0.002523925
per cái dume mày thấy tác hại của tập gym chưa,1,0,0.0031659734
thứ mà dễ dàng qa cũng nguy hiểm,1,0,0.0043190946
ngày ấy chỉ vì quá ngu ngơ mà để lạc mất .,1,0,0.0069487393
anh lấy đi niềm tin trả lại cho em những gì,1,0,0.003248575
"hồi xưa vào trông nhà cho ông bà , thuê đĩa võ thuật này xem cho mạnh mé đỡ sợ mà thuê ngay đĩa này . ám ảnh quả nhạc tao tao téo vãi",1,0,0.0019522404
tủi hổ với bản thân ghê khi tao vẽ người mà mẹ tao hỏi : hóa ra đây là hình dạng thực của quỷ sao ?😑,1,0,0.0024224012
án mà cứ xử như vậy thì sao có được lòng dân,1,0,0.004829811
đã thất tình xem pim này khóc cả đêm mất thôi mới đề mô mà đã khóc thút thít rồi chắc xem hết thì không biết pai làm sao ..,1,0,0.004389914
áo phông dễ thương quá anh ơiiii,0,0,0.0015085135
đi chơi mẹ tao cũng không tha cho tao :) chửi tao làm mất buổi vui luôn á,1,0,0.0043327464
còn 1 tháng nữa thôi khép lại những ngày tháng vui buồn nhưng luôn có người bên cạnh sẻ chia không lo lắng của tuổi thanh xuân cái tuổi đẹp nhất của cng,0,0,0.0055809654
"vừa lắm ... cho chừa nè , ahihi đồ ngốc 😊😊😊",0,0,0.0015374479
"hồi xưa đi học mình ngồi gần lớp trưởng , tên này được cái rất ga lăng với bạn gái trừ mình .. huhu ..",1,0,0.0034413992
nếu chịu khó đặt vào hoàn cảnh của nhau mà sống thì mọi chuyện đã đơn giản hơn rồi .,1,0,0.05771922
chỉ mong cảnh này sẽ không còn xãy ra ở xã hội này nữa . bất hạnh vậy đủ rồi 😞🙁,1,0,0.0052424194
đẹp trai v :((((,0,0,0.0015566371
gắp đúng lúc nhưng hình như đúng lúc người ta không muốn y ai ???? đó là 1 câu chuyện buồn,1,0,0.0054369955
boss dễ thương hết sức,0,0,0.0016557329
đến ông cũng chẳng dám xơi,1,0,0.007988478
bộ phim việt lần đầu xem thấy hay cảnh quay đẹp !!,0,0,0.0014813556
vỡ tan là như thế ấy,1,0,0.0025011746
đúng . a có tầm nhìn . tâm nữa . mình biết,0,0,0.0026191243
nhìn mặt ông thầy cay lắm :)),0,0,0.0016634412
anh thứ 2 cute thế =))),0,0,0.001879672
cả tuổi trẻ bỏ công cày . có cơ ngơi ổn định . r về già con cháu đuổi ra đường bắt đầu 2 bàn tay trắng . đời 😅😅,1,0,0.0043675276
năm nay không được ăn dồi :((,1,0,0.002512754
cưng xỉu ??,0,0,0.0021289508
tốt quá,0,0,0.0019338782
cứ thấy cute cưng cưng sao á .... có ai thấy giống per như tao không ??,0,0,0.0023356904
cảm ơn đoi tình nguyện viên nhớ có các bạn mà người dân bớt vất vả hơn,0,0,0.0030343812
per cho vợ đi cầu này để giảm cân nhá 🤣🤣,0,0,0.002727447
hahaa nhìn mắc cười vãi per,0,0,0.0017427414
cái mặt cưng xĩu,0,0,0.0016329959
tao mà ở đây là sợ rụng trứng luôn chứ đừng nói ăn,1,0,0.0070297397
mình thì # mình chỉ mong chồng tốt thương yêu vợ con gia đình ! gia đình lúc nào cũng vui vẻ hạnh phúc thì ngày nào cũng là ngày ( tình yêu ),0,0,0.0027796754
rồi chưng ngắn như tao sao nhảy qua 😿,1,0,0.001880925
đó là 1 câu chuyện buồn 😤,1,0,0.003541918
kkk tao chọn anh đầu tiên,0,0,0.0023631274
kha ́ thông minh :)))),0,0,0.0024740563
per cố lên gần đến nơi rồi . vào trong này mời nói chuyện nhé . ngay cửa đền chính . có bãi gửi xe . hehe,0,0,0.002650434
thật dume nge yêu thương gì đâu :)) bắn tim bụp bụp,0,0,0.00153358
diễn viên có cá tính hay nhât từng xem,0,0,0.001465034
per nhớ cái bếp huyền thoại của 2 đứa mình he,0,0,0.0014968772
haizzzz đó là 1 câu chuyện khá bùn,1,0,0.0017958143
per nghe đi rồi khóc 1 trận cho thoải mái . đừng cố gồng mình lên nữa,1,0,0.0050495495
gap kiểu này chắc đái ra quần quá,1,0,0.0024828992
"per đọc vài dòng là lướt xuống cuối để xem có phải "" hi vọng câu chuyện mình vừa bịa ra ...."" nhưng không phải . kkk",0,0,0.0043673324
hú hồn cái lồn còn nguyên :),1,0,0.0016312663
chờ tý tao đi thay bỉm xíu tao quay lại .,1,0,0.003022991
đại học vui lắm cậu :)) weeee,0,0,0.0014111995
"những chuyện trọng đại trong đời ... ta cứ nghe lời vợ khuyên , và làm ngược lại ắt thành công ????",0,0,0.0038148765
liệu có còn tồn tại cô gái nào chấp nhận một thằng vừa nghèo vừa xấu đặc biệt lại còn yếu sinh lý như tôi không,1,0,0.010453478
"thật là romantic , mà mà mà ... sao nghĩ tới cảnh động phòng hoa chúc tao thấy nhột nhột lỗ đít 😧😧",1,0,0.0019722101
nhiều lúc tủi thân vãi_chưởng huhu,1,0,0.0034716222
dễ thương vãi ♥♥♥,0,0,0.0018823311
tình chỉ đẹp khi còn dang dở lấy nhau rồi nham nhỉ lắm ai ơi ...,1,0,0.0023301756
thật buồn khi mình thịt vợ thang khác mà thằng khác thịt vợ tưong lai mình,1,0,0.0045703202
tiên sư cái thằng ghép nhạc cười rớt mồm quả ghép,0,0,0.0015615701
đáng yêuc vãi anh ơi,0,0,0.001564867
một cái vẫy tay đầy luyến tiếc từ cuộc họp tới đất nước việt nam,1,0,0.0033245885
"chỉ cần cho em nó 1 điểm tựa , em nó sẽ không ngán cả thế giới :))",0,0,0.003793834
đứa con gái nào mà đề nghị là biết bị ma nhập mà né nha mấy cha,1,0,0.0028751777
1967 mà cụ ông đẹp trai phong độ ăn mặc thời trang quá :)),0,0,0.0015240686
"tội mày quá , lần sau mày bình tĩnh hơn nhé",1,0,0.0019043022
per b trà ơi . năm nay là pải mạnh dạn và bất chấp nhé 🤣🤣🤣,0,0,0.0016956021
chính xác là con gái xinh auto đáng yêu =)))),0,0,0.0014949414
thích quá mấy má ơi ! @@@,0,0,0.001496161
xinh quá !,0,0,0.001733962
ước là 1 ngày mai thức dậy dụi mắt mãi chưa hết tuổi thanh xuân =)))),0,0,0.0032470992
cay mắt,1,0,0.0024425932
đụ mẹ cười ỉa ????????,0,0,0.0026938117
t không phải con sến súa . ko cần quá cầu kì lãng mạn . cầu hôn tao thế này là tao đổ rồi per,0,0,0.0023764453
đã từng . và bị phũ như 1 con chó 🐶😂😂😂😂,1,0,0.010031768
tao đau lòng quá,1,0,0.0039906427
"ngày xưa toàn ăn cơm với nước mắt , ngày trước giận bố lắm , nhưng giờ mới cảm ơn bố vì như thế mới có mình ngày nay",0,0,0.015091116
và cuối cùng là được đối xử như một thằng con trai luôn ..,1,0,0.0037019502
đứa nào bị táo bón thâm niên cứ ra cầu này mà nhảy đảm bảo hiệu quả ngay lần đầu trải nghiệm 🤣🤣🤣,0,0,0.002284283
ê có khi nào đọc bài này xong buồn cười quá cười toác hàm có khi nào đi bệnh viện không các cụ :v,0,0,0.0036038312
cũng đỡ tắc hơn 1 tí,0,0,0.003151307
áo xinh thế .. cho tớ mượn đi tiệc nhé !,0,0,0.0016719461
còn tao mỗi lần cắt tóc là y như rằng … nó tệ vãi :(,1,0,0.005775245
per nhện kìa haha,0,0,0.0017318685
cả tuần không được nói chuyện,1,0,0.011837063
ông này đẹp vãi,0,0,0.0015979025
nó cười với tất cả mng trừ tao 🙂,1,0,0.0075335065
"cấp 1 hiền lành ít nói , ngồi gần 1 cô bé cái gì cũng nhường cô ấy , nhường đến mức nhường luôn tập sách , để bà già phải dẫn ra nhà nó lấy lại ! 😂😂😂",0,0,0.001647744
ng dân biết phải làm sao bệnh chồng bệnh,1,0,0.003947525
2 thế kỷ mới xây được vậy mà chỉ trong 63 phút tiêu tan hết :(,1,0,0.00397014
per trung thu đéo liên quan đến việc có gấu cho lắm bạn nhể .... nhưng mà lễ gì cũng thế thì đúng là bất hạnh mà huhu,1,0,0.0030479394
mình còn để ảnh bạn ấy trong thẻ học sinh xong bị thấy cơ,0,0,0.0032603247
per nhất định chị em mê tín mình p đi xem phim này rồi,0,0,0.0021171717
"gần 2 năm đến sớm nhất để mở cửa lớp , lúc về cũng là người là sau cùng để khóa cửa . đến giờ ra trường được 3 năm vẫn không muốn vứt chìa khóa của lớp ...",1,0,0.011630527
khổ thân các cháu,1,0,0.0023913193
t mong nó té quá chời :v,0,0,0.0017132864
điều tồi tệ nhất là kiểm tra code trên giấy .,1,0,0.0066840574
đã xem 2 lần bộ phim này 😁,0,0,0.0017112389
cũng tên quỳnh nhưng 2 số phận thật khác nhau 😢( chỉ mong được 1 góc nhỏ xiu xíu của b ),1,0,0.0044885636
cho con được thay ông bán vé đi 😔,1,0,0.0037300293
thế giới này thật đáng sợ :3 trả đĩa bay cho tôi về đi :3,1,0,0.003582569
gì cũng được ?????? dễ vãi,0,0,0.002026254
t nói té 1 cái không dập mề thua gì cũg thua ..,1,0,0.0028067306
"tao cũng như mày đây . không sao cả , hãy tự hào vì tên mày vẫn rất đẹp",0,0,0.0019822596
trách ai bây giờ đây huhu,1,0,0.003202625
không lau sạch về bà chủ mắng thì sao . nhiều người họ kinh lắm . trước mẹ minh đi làm cho nhà 5 tầng . họ chỉ ở 3 tầng còn 2 tầng bỏ không . mà ngày nào cũng phải lau hết,1,0,0.0052549415
phim kinh dị vào cái trời âm u 😒,1,0,0.0018396886
mẹ mắng lúc sáng sớm là xui cả ngày :(,1,0,0.0038695931
phụ nữ ngày xưa toàn cực phẩm :v,0,0,0.0016357142
cứ tưởng là người yêu =)),0,0,0.0025880854
đàn bà ở nhà thế kia không sợ ngoại tình à ? tao đang lo vợ tao đây này,1,0,0.0039160135
thời xưa yêu nhau đến chết vẫn yêu ... thời nay yêu không biết chết lúc nào 🤣 cuộc sống nay đáng sợ lắm 🤪,1,0,0.0037703395
lại mất tiền ngu,1,0,0.004105885
làm bộ mặt ngầu cho thằng thỏ để ý mà thằng này láo ăn thiệt đéo cho mình ăn ké quê thiệt là quê luôn,1,0,0.0016196466
moá cưng quá ??,0,0,0.001709342
"ai ở gần đó xin hãy giúp chú , thương chú",1,0,0.0024004495
bố là số 1 vĩ đại hơn những gì con cần,0,0,0.003949918
"lâu lắm đéo được gặp nhện trong wc , quên mất cảm giác nhịn ỉa như nào rồi 😂",1,0,0.0272992
sau cùng cả 2 đều bị ảnh hưởng trầm trọng :((,1,1,0.736403
lời được cánh của sắt tàu hỏa ngon rồi,0,0,0.0014795004
:v trời giờ mới biết thế giới có dạng hợp thể vầy đấy :v,0,0,0.0032380943
có ai đéo hiểu gì như mình không mình trong sáng vãi heee,0,0,0.011811942
bà già đau khổ,1,0,0.0019651796
đag đi học mà gặp cảnh này :)) chắc chạy về cúp học luôn,1,0,0.0029569215
"bây giờ con đã sai vì đã chưa làm gì được cho cha , con thật sự xin lỗi cha và mẹ ,",1,0,0.055293016
uầy . ngọt thế ??????,0,0,0.0015863887
nhìn muốn tè ra quần rồi,1,0,0.011046022
quá giỏi . đạp đến ngất đi mà không quay đầu . sau này em sẽ thành công . chắc chắn vậy,0,0,0.0021029697
"dễ thương ghê =)) nói y như mấy ông ngồi nhậu trong bàn v "" đúng không "" "" đúng chưa "" "" vui rầu "" =)))",0,0,0.0017229124
per chuyện cổ tích nè ! haha !,0,0,0.0015140142
bây giờ thế mới biết tác dụng của con cái 😢,1,0,0.0032359895
bà mẹ nó @@ xem rùng con mẹ nó mình hơn cả phim ma .,1,0,0.0025362691
yêu thế,0,0,0.0020060067
"thôi xong 1 chiếc ôto . chắc tối nay ăn không ngon , nhậu không yên rồi .",1,0,0.0032753623
ấm áp vãi .,0,0,0.0017658401
per móc lên tới não :)),1,0,0.0022992045
bình yên thật,0,0,0.001750861
"nói mưa là mưa v chời , tôi còn đi chơi đi học nữa mừ .",1,0,0.0048160655
lần đầu gặp anh cũng là phòng gym =)))),0,0,0.002750634
có sáng tạo :)),0,0,0.0026567138
nhây qua ́ nhaaaa 😂😆,0,0,0.0020081957
per trời đựu cầu hôn nó phải thế . đã đẹp trai còn có não,0,0,0.0014940804
ăn ngon nhưng nóng không chịu được,1,0,0.0025138
thế mà cũng 5 năm rồi . ❤️,0,0,0.004091828
cám ơn đã cho tôi cuộc sống này,0,0,0.047757592
cuộc sống thật chua cay với tao,1,0,0.0036345257
ôi đáng yêu quá . đến bao giờ người đàn ông như thế nào mới xuất hiện trong cuộc đời tôi đây,0,0,0.0022020717
t thua cả đứa con nít nữa ám ảnh vãi,1,0,0.002665093
nóng như này ăn vải là thích nhất còn gì ... auto mát,0,0,0.0018690688
mê trai hơn bạn có thật :(,0,0,0.0025165589
nghe bạn này nói dễ thương zị,0,0,0.0014593997
nhanh ghê mới đó đã 9 năm rồi 😢,1,0,0.0018966069
bố mẹ tao đọc được tin này + xem cặp lá yêu thương nữa thì bữa trưa nay tao không dám ăn cơm mất .,1,0,0.004968677
lựa chọn cách thức tuyển như thế nào thì tốt quá rồi,0,0,0.0032897198
"per cần thêm những trái dâu xinh xắn để ngăn chặn sự u ám này , huhu",1,0,0.0034980471
mày khá là may mắn khi không học tiếng huế đấy =)),0,0,0.0030761887
mình còn chưa được nắm tay,1,0,0.018856619
con đáng yêu quá,0,0,0.0015766436
"per huyền thoại , kkkk",0,0,0.0018555131
có vợ nên lắm . váy mới ngày trước toàn áo chấm bi của mẹ 🤣🤣,0,0,0.0019881849
nhìn cái ngành gd việt nam bây giờ ai cũng mệt mỏi,1,1,0.8665481
từ lúc có vợ nhiều váy mặc để quay video hẳn :)))))),0,0,0.0017914565
per mỏi chân quái :v,1,0,0.0057005426
"phim này nên xem và thuộc mấy đoạn thoại , rất hay",0,0,0.0014259462
cầu mong những công ơn sinh thành luôn mạnh khỏe .,0,0,0.0017890179
năm nào chả vậy :))),0,0,0.0036672798
anh chân thành nên anh tổn thương :((,1,0,0.0027568254
cả 1 đời người chẳng mong gì chỉ mong từ đây đến phút cuối vẫn có người không quên mình đã từng tồn tại,1,0,0.008871913
xin lỗi mày nhưng tao đọc buồn cười,0,0,0.003297347
vì tiền mà làm đau làm khổ người khác như thế này sao 😔,1,0,0.002974519
"con mong bác dù nghèo nhưng sống luôn luôn vv , chúc bác 1 đời bình an",0,0,0.0023181483
tình cờ gặp nó và đột nhiên cắm mặt bỏ chạy như điên,1,0,0.0046098195
bà mẹ nó giật mình,1,0,0.0021051555
mấy nay tao cũng bị ám ảnh,1,0,0.055993255
cái ngành tài chính của mình có chỗ dụng võ tốt rồi đây :)))),0,0,0.0024581957
":)))) cuộc sống mà . ngày càng thấy bản thân quá nhạt và "" duyên "" :v",1,0,0.003384832
"per tặng quà cáp gì tặng hộp nhỏ thôi nha . đi hát hò gì đừng đem thùng quà to như vậy nha , nó biết nó nhổ trụi lông nó ngắt mép chết đó :((",1,0,0.0018338776
xin lỗi đây mình vẫn nấu nhé,0,0,0.0018176414
"ông sống trên vũ trụ , vợ ông sống ở trái đất , ông cao thêm 5cm là chuyện bthg 😂",0,0,0.0055692247
tao đã bị nó làm cho lầm tưởng rồi . tao thật ngu ngốc - _ -,1,0,0.0057991524
bấy bề ơi . thật là đáng yêu,0,0,0.0015881911
"con quỷ này hồi nhỏ tao khóc vì nó hoài , thấy nó không dám đi , bỏ đường phải vòng đường khác ,",1,0,0.005864493
gắn bó thời sinh viên nè,0,0,0.0018510048
"per thấy chế thủ sẵn hộp mặt nạ rồi thì phải . tim em mong manh lắm , đừng để em hoạng sợ nhá chị ??",1,0,0.0032593731
"quần áo với xe thế kia là biết gia đình điều kiện tnao rồi 😂 anw , mong ông bà luôn khỏe mạnh , vui vẻ < 3",0,0,0.002375426
sau khi xem ảnh này xong tôi quyết định ... mua honda :v,0,0,0.00445477
"hiện tại mình cũng muốn kết hôn lắm . ngặt nỗi hai gia đình ngăn cản giữ dội , phản đối kịch liệt chuyện hai bọn mình đến với nhau :( nhất là chồng cô ý",1,0,0.013979392
"khoảnh khắc anh quay mặt đi , con tim em tan nát vãi ra",1,0,0.0057758447
cảm giác tóc sau gáy bắt đầu dựng lên :))),1,0,0.0030430488
tao đã từng viết như thế này . bây giờ không muốn ai đọc chỉ có đốt mà lười đốt,1,0,0.00835013
bộ phim ấn độ duy nhất xem được lol,0,0,0.0017315651
tuần sau nữa mới học =))),0,0,0.0024274972
mối nguy hại đó,1,0,0.0030554296
nhiều khi cũng muốn người yêu chọc để dỗi phát cho bằng người ta . mà nhận ra mình làm gì có người yêu 😌,1,0,0.006139148
nguy hiểm thật,1,0,0.0018321135
per nhà mày mà nuôi thêm con này nữa là ám ảnh cuộc đời tao,1,0,0.009339944
