comment_text,label,prediction,probability_depression
ngày buồn nhất trời đổ cơn mưa :(,1,0,0.0063308715
per kỷ niệm khó quên nhỉ kkk,0,0,0.0013777982
em ý cute vãi !,0,0,0.0013384178
làm khách đi qua lại mắc mệt lun,1,0,0.0025956146
năm nay thì đở hơn rồi kkkk,0,0,0.0039965957
số tao không được ăn uống mà :((,1,0,0.0077768383
đang buồn cần 1 người nhắn tin tâm sự hằng đêm,1,0,0.0018903716
lâu lâu được nghe truyện cổ tích thấy còn niềm tin vào cuộc sống 🤣🤣,0,0,0.0015516417
anh này còn phim pk nữa rất hay và ý nghĩa,0,0,0.0011503132
lại thêm một con ngáo bất hạnh,1,0,0.02095475
thiếu hình ăn gà rán rồi,1,0,0.001608056
ăn ở cái gì huhu,1,0,0.0021016134
"điều đó không quan trọng , quan trọng là đéo xác nhận lời mời kết bạn",1,0,0.0017575452
"em sẽ mãi không biết có lúc tôi gọi chỉ để nghe câu "" ai vậy ?""",1,0,0.07461874
thế giới giờ đáng sợ quá rồi 😌😌 tâm phải tịnh không là tiêu nha mấy ông 😢,1,0,0.0050080796
t gặp ngỗng chạy bỏ dép,1,0,0.002283865
"chưa muốn lấy , cơ hội vẫn chia đều cho tất cả các anh : ))",0,0,0.0031039182
"per đúng rồi , không muốn xa cách đâu 😞",1,0,0.008569364
"bọn 6 múi yêu nhau hết rồi , tao bụng mỡ đây , tao vẫn thích con gái đây !!!!!",0,0,0.003957614
họ vui là được rồi :))),0,0,0.0020711322
per ồ ồ chân chính chạnh lòng rồi 😂,0,0,0.0017899718
còn các bạn đặt bánh của mình toàn gửi cho người yêu . chắc câu chuyện này còn buồn hơn :((,1,0,0.0024806585
per rồi sẽ có 1 ngày vừa cười tao vừa kể chuyện khiến tao rơi nước mắt,1,0,0.0056496337
ngôn lù thế hahaaa :))) đáng yêuc vãi,0,0,0.0017741598
nhìn ông với bà chất hơn thanh niên bây giờ,0,0,0.0014718769
"phim hay dã man diễn viên chính đẹp trai , xem đi xem lại không chán",0,0,0.0011464288
"mình đang thất tình đéo hiểu sao đi cafe còn toàn tận cùng nỗi nhớ , chạm đáy nỗi đau , đừng như thói quen ... dume :)",1,0,0.0071226936
"per vãi xem phải cỡ này . , đoạn nó nhếch môi bố mày sợ suýt đái ra quần dume 😑",1,0,0.004609152
cám ơn mấy chế nhiều nhiều nhé 😗,0,0,0.0011637001
hồi bé tôi cũng bị chửi cả ngày từ sáng chí tối ! nhưng không phải bố tôi mà là bà nội tôi !,1,1,0.55550236
cuộc sống tạo ta áp lực ..,1,0,0.021892738
cười vãi ???????? mặt con bé cũng hài ghê,0,0,0.0012897274
tuổi thơ tôi bị ám ảnh mấy con ngỗng này . mấy con màu xám cứ mỗi lần đi học ngang qua ngõ nhà hàng xóm là nó đuổi . tao lại chạy thục mạng . cứ phải đắn đo mỗi lần qua đó xem có chúng nó không rồi ù chạy như ma đuổi . haizz tuổi thơ tôi ....,1,0,0.055639923
ổng bị bắt rồi :( rồi lấy gì coi,1,0,0.010016369
"ai thì tao không biết , chứ tao thấy tiền là đã có động lực phấn đấu rồi",0,0,0.0216618
đã check in thành công và mãi vẫn chưa gặp được người ấy là ai :((,1,0,0.004266936
":)) đang ăn mỳ , không có trứng nhạt lắm , có rụnng thì xin vài quả !",0,0,0.0040886994
đáng yêu quá ! tình yêu ông bà thật đẹp !,0,0,0.0012141337
per sắm 1 cái cho công túa ngồi nhà kêu gu gu hí =))))))))))),0,0,0.0013243121
"ăn 1 miếng bò mà giết thêm đàn kiến . chưa biết ngon thế nào nhưng một đàn kiến về cõi vĩnh hằng , tội cho đàn kiến .",1,0,0.0027813362
thứ ba mẹ cho con và con nhận thấy đó là sự đức hạnh tấm lòng cao cả cam on ba mẹ rất nhìu,0,0,0.001461242
per my nè kkk,0,0,0.0016465836
tớ cũng muốn có mối tình như vậy ??,1,0,0.01992018
hết buồn cũng phải có tiền mới hết được :)),0,0,0.0024785744
ng ta cuối cùng thì cũng được còn tôi thì never 😞,1,0,0.0049715233
phim nay và phim triệu phú ổ chuột là 2 phim của ấn mà mình thích nhất,0,0,0.0012048631
bình dị vậy thôi .. mà sao mãi tao chưa tìm được ? hix,1,0,0.0034516829
biết nấu cơm bếp củi từ lớp 2_3 gì đó,0,0,0.0015891924
"ám ảnh hồi bé của c , con này trông nhà oke hơn cả chó luôn",1,0,0.0023998374
t mới tính tới bước thất bại chưa tính tới thành công :)),1,0,0.0027352155
"em lấy đi niềm tin chả lại cho anh những gì , cũng vì anh vụng về đánh rơi hay càng xa vời càng dễ mất .. anh chân thành nên anh tổn thương",1,0,0.012777755
dễ thương . cứ yêu đi ngại gì .,0,0,0.0021861463
hí . dễ thương quá,0,0,0.0013414749
"1 đoạn phim được trích ra tuy ngắn nhưng , chứa 1 thông điệp rất có tầm quan trọng",0,0,0.0014097395
tối nay chồng tương lai sẽ đưa con khác đi chơi 😆😆😆,1,0,0.002036418
"bất cứ lúc nào nghĩ về đời tao chỉ thấy vị cay , nồng nơi khóe mắt :))",1,0,0.09353758
tự nhiên coi tới khúc th bé kéo hết bạn bè tới chụp hình tao buồn cười vãi ! ông kia nghĩ ! thôi chết mẹ rồi ! kiểu này tối mới lau xong 😂,0,0,0.0069307247
"per cố gắng lên nha anh , mọi điều tốt đep đang chờ anh 💓💓",0,0,0.002021223
gặp được em nhưng sẽ chỉ quan tâm và bảo vệ em từ xa,1,0,0.0034035363
thêm đường hay cho thêm bánh gato về tẩm bổ :),1,0,0.0015867959
thấy cái thèm ts quá,0,0,0.0018152888
"hiện tại mình cần tìm người yêu , bạn nữ nào chưa có chồng hay chưa người yêu thì bình luận bên dưới để mình lựa một bạn may mắn nhất nhé :)))",0,0,0.003126664
a per ..... nhìn những hình ảnh này ... sao em nhớ về anh quá .... 15 năm ròng rã .. giờ anh lưu lạc nơi đâu . 😭😭😭😭,1,0,0.015088996
chữ tao từ lớp 3 đã kiểu như thế nào và còn đẹp hơn nhé .,0,0,0.0017385375
per quẹo lựa mấy đứa ơi . để lễ nay đặt vé luôn cho rồi . nóng quá rồi :)))),0,0,0.0018006414
xem đi xem lại bao nhiêu lần cũng không chán ... vẫn cảm giác hồi hộp :),1,0,0.0038099326
bé có năng khiếu làm cô giáo dạy văn ... nghe thì nghĩ tục nhưng đời thường là có thật ... bác nghe thấy đồng cảm với các cháu,1,0,0.0014338703
chết luôn .. tình yêu không phân biệt . giới tính .. tình yêu ơi là tình yêu .. tao đau khổ vì mày lắm rồi ...,1,0,0.045482285
"mức thu cao nhất - đồng ý vì số liệu nó thể hiện như vậy , chứ còn hiệu quả thì mình không biết đúng không 😂 mỗi lần vô vcb là hiểu phải đợi mỏi mòn , không như những nh khác",1,0,0.0048744017
"thà biết rồi đau 1 lần cho tởn rồi thôi , chứ đừng để nỗi đau cứ day dẳn giằng xé mãi cả đời ☻",1,0,0.0051762327
nghe anh ấy nới chuyện rất thuyết phục,0,0,0.0012259878
thông minh :v,0,0,0.0016294757
oimeoi tao thấy được tao ngày xưa đây rồi =))))),0,0,0.005671481
con mong cụ cuộc sống sẽ tốt hơn 😔,0,0,0.0046855533
sau mưa ra đường sợ nhất gặp giun,1,0,0.0023620462
nên gan ngỗng ăn ngon đó,0,0,0.0015002056
"ngày nào cũng thấy tàu trật bánh , khá buồn",1,0,0.0033494907
nhìn đẹp quá đi mất,0,0,0.0014765406
tao đang cố un crush nhưng khi xem xong video trên thì ..........( khóc không ra nước mắt ),1,0,0.016305927
đó là khi anh per cưới vợ đó 🤣,1,0,0.0020940537
ngoài những bài chia tay vì lí do vớ vẩn ra thì neu cũng có những bài đăng đọc rồi còn nhớ mãi .,1,0,0.001880864
mặt nhỏ dễ thương vãi =)),0,0,0.0013645939
béo tí đáng yêu mà =)),0,0,0.0013908016
"hy vọng chừng đó con đã đi mẫu giáo lớn , 1 xe bảy chổ và nhà hai tấm 🤣",0,0,0.0037792015
1 năm không biết bao nhiêu lần x - quang :(,1,0,0.002695583
cả người nhà người yêu cũng không đồng ý :((,1,0,0.0049487725
"mình nói thật nhìn từ trên cao xuống đã thấy chóng mặt rồi , vãi",1,0,0.006423354
tao giận bạn trai tao và 5 ngày rồi nó đéo dỗ tao luôn hix,1,0,0.15816805
dăm ba cái kỉu đây hồi nhỏ tao đốt chấy vài á mà 😃,0,0,0.0029444753
per lên lịch hẹn hò nhanh,0,0,0.0012631887
chia buồn cùng nước pháp .,1,0,0.0072962483
nta vẩy tay mấy cái cũng ra tranh còn tao thì 😪,1,0,0.0034148162
mặt chúng bạn kiểu lại đéo được trả tiền rồi 😞,1,0,0.0014285647
"hắt xì mệt quá , muốn bắn , muốn làm việc :(",1,1,0.9683935
"t xin nhắc lại một lần nữa , đây là một câu chuyện buồn nhé",1,0,0.004683752
"tội nghiệp , có rất nhiều em ở nông thôn bị như vậy 😢.",1,0,0.0057985606
buồn thay cho lớp tao,1,0,0.0021777342
hi vọng trưa nay lúc ăn cơm vtv24 sẽ không đưa tin về bạn này ạ,1,0,0.0020460298
per sự thích thể hiện của các bạn mà bóng đá per tốn một món tiền không nhỏ ! 😩🙏🤕,1,0,0.001771415
đáng iêu vãi =]],0,0,0.0016975639
quá ý nghĩa . mình trẻ mà chắc gì làm được vậy,1,0,0.0036332654
bộ phim hay nhất từng xem,0,0,0.0013295886
bạn đã hiểu nổi khổ của mario khi mua vui cho bạn chưa :)),1,0,0.0022160904
boss hổng có 6 múi hả :( buồn dị,1,0,0.0030899565
chân tao không đu ̉ da ̀ i đi ̉ đi con đươ ̀ người na ̀ y :((((,1,0,0.007759398
nước ngoài có đầy mà :)),0,0,0.002210483
cái gì mà rớt hột le tè vậy em gái 😁😁😁,0,0,0.0019279013
có người yêu coi bộ cũng vui 🙂,0,0,0.0013049081
14 / 2 năm ngoái tao mọc sừng . nên 14 / 2 năm nay tao quyết định cưa sừng 😊,0,0,0.008935083
"vui vẻ chút , lạc quan chút cho đời thêm vui cũng là một cách 😂😂",0,0,0.0021941506
"lại là lào cai , tự hào quê mình quá :))",0,0,0.0022821082
nói tiếng tuy hoà phú yên làm tao nhớ đến nyc . giọng nó sao ngọt không thể tả . buồn,1,0,0.0061675273
yêu quá hóa điên 🤣,0,0,0.0013042657
nhìn nữa sao . hỏng yêu đi . cho doi . vui vẻ,0,0,0.0019875113
cứ thấy trai đẹp là tao hạnh phúc :),0,0,0.0017179431
đậu . tao mê nhất là giọng tuy hòa phú yên . nó luôn mang một ấn tượng sâu sắc . nghe cứ thích thế nào ấy,0,0,0.0030006047
cái con đồ chơi đó mua ở đâu nhỉ . cười đéo nhặt được mồm . 😂😂😂,0,0,0.0030616496
sao lại cưng đến thế này ^^,0,0,0.0017393079
per gặp thần tượng mỗi ngày kkk,0,0,0.0019017715
xem mấy lần rồi vẫn thấy hay,0,0,0.0013437343
đcm ngôn tình vãiiii,0,0,0.0014674292
dân kinh doanh khoái đi chợ này lắm nè,0,0,0.0016547573
đã trải qua và thấy chuẩn cơm má nấu,0,0,0.0016097925
crush mới thích ảnh tao mà tao đã . nghĩ đến chuyện đặt tên con rồi,0,0,0.003848126
cái gì vui vậy mọi người :)),0,0,0.002742542
má chủ dễ thương vậy tao cũng muốn xin,0,0,0.0027067042
câu chuyện dễ thương thật ^^,0,0,0.0012087248
điều tồi tệ là học nửa vời chã ra làm sao,1,0,0.0020333272
trước khi lấy vợ boss có một thân hình hoàn mĩ thế này đây,1,0,0.001638215
cô quét đi cô cho cháu hốt về với =))),0,0,0.0016767523
này thì câu thích 😂😂😂,0,0,0.0017172177
bốc toàn trúng may mắn lần sau,1,0,0.0012134077
định mệnh tao lại quên mang áo mưa,1,0,0.0027010809
xem xong video tự thấy mình còn không bằng con chó ...,1,0,0.0030147445
chúc mừng cp . cố lên cp .,0,0,0.0016582349
per huhuu không biết lúc đấy thực tập chưa :(((,1,0,0.005600357
"con này còn hại hơn cả ốc bươu vàng . cấm nhanh còn kịp , để nó ra ngoài thì chỉ có người nông dân thiệt thôi",1,0,0.0039856285
liên quan à . cr mày đéo thương mày đâu . nó có crush mới rồi . 🙂,1,0,0.0076255505
thật là đáng sợ,1,0,0.0023668222
em chờ được mà 🙂,0,0,0.0030273728
"mình nhận thấy hình như ông ấy đang rất đau khổ , mà không thể or không muốn nói ra .",1,0,0.15946926
"giá trị lịch sử văn hoá gần nghìn năm đã mất đi rồi :((""",1,0,0.002173975
em nuôi con lợn mấy năm rồi mà vẫn trống rỗng huhu 😭😭😭,1,0,0.009901508
sợ thế,1,0,0.00254006
hay à ngheng,0,0,0.0013041862
"t cũng thế . đang ngồi chơi với con , vợ nó đắp mặt nạ lù lù bước vào . xém đái trog quần ??????",1,0,0.018448224
"đúng rồi , vàng là phải vàng mới có giá trị , vàng trắng làm gì có giá trị 😥",1,0,0.0031804075
toàn tặng đồ gây sát thương thế kia khả năng bị phản damage là rất cao,1,0,0.0031674225
mệt mõi 😥,1,1,0.7409709
tao không biết tao đủ ổn để đi học thêm không nữa,1,0,0.3857893
ai đó hãy tát trà sữa vào mặt tao đi 😭😭,1,0,0.003737625
trông tội quá,1,0,0.0013543854
"thanh diễm giờ tao hiểu tại sao cứ sáng vô là tao trông tới đi về , đầu tuần trông tới cuối tuần và đầu tháng trông tới cuối tháng rồi 🤣🤣🤣🤭",0,0,0.0050993226
làm đéo gì có ai nói chuyện thân thiết với tao đâu mà,1,0,0.09692141
ad cho hỏi nghệ an lúc nào mưa vậy ah 🌧🌧.. ốm cũng cam lòng chứ vã lắm rồi 🥵🥵,1,0,0.0039495057
"chửi vậy cũng bình thường mà mọi người cứ làm quá . mẹ tao cũng suốt ngày chửi tao , tao thấy vui mà .",0,0,0.12433165
"đừng ám tao nữa , sợ lắm",1,0,0.008966689
ý là giọng quê tao đó hã,0,0,0.0018468599
"đang định đi nhổ răng khôn , nghe được tin này thấy ghê răng 😁",1,0,0.002997985
nhờ mất bạn nên mình mới biết 😂😂😂😂,0,0,0.0028590912
vừa đây về đông kinh hồn càng về đêm càng đông,1,0,0.0017072415
"mày làm tao nhớ em gái ghê , mai sinh nhật con bé rồi mà tao đang đi làm xa nhà , không về được .......... 😑",1,0,0.008095841
ui nghe ấm thế,0,0,0.0014918048
chắc từ giờ tao đéo giám ho nữa quá .,1,1,0.89542735
đau lòng quá,1,0,0.0026668531
không những hạnh phúc tao còn cứng nữa :)),0,0,0.0024475208
chúc mừng các anh . các anh giỏi quá . chuc các anh mạnh khỏe .,0,0,0.0011231756
"thương quá . giờ con đi học ở lại cả ngày thì hên xui thôi chứ biết làm sao , không ăn thịt heo thì ăn gì . mong sao có lệnh tạm dừng ăn thịt heo trong thời gian này cho các trường mầm non thì hay biết mấy .",1,0,0.006951484
tội em gái đó,1,0,0.0017301793
ăn cơm mốc có khả năng bị ung thư gan cao . hít,1,0,0.0029214143
làm người khác thỏa mãn bằng mùi hương của chính bản thân,0,0,0.0015711511
anh đừng bỏ em đi mà 😢,1,0,0.0036254316
muộn rồi :))),1,0,0.0025790245
dễ thương hết sức ??,0,0,0.0027527357
cái khó ló cái khôn :))),0,0,0.0020511183
a độc thân nè không có ai để nắm tay gọi là thử coi .. hihihi chúc em luon vui ve em nhé ...,0,0,0.0039520757
hồi nhỏ đọc tao đã nghi nghi rồi =)))))))),0,0,0.002559356
per tìm được đối tượng nào để cầu hôn chưa :))),0,0,0.0017184224
cũng đúng :)),0,0,0.0025633718
"thích cái câu , có mỗi thằng con rể đểu mà cứ xoắn cả lên 😂😂😂",0,0,0.0019021818
"coi khúc đầu không hiểu , đến lúc ổng bước ra khỏi làn khói , thật không thể cầm được nước mắt",1,0,0.017920183
per thích quáaaaa,0,0,0.002661442
tao cũng ho trật mẹ khớp vai mà đéo phải 1 lần đầu nhé,1,0,0.0028177234
hú hồn chim én :) nào làm ra này chắc cũng ngáo dữ :) chắc add không sợ nhện :),1,0,0.0021221938
biết trân trọng những gì mình đang có ☺️,0,0,0.0030455044
có gì đâu bé vậy mới cool đó anh thích 😉😉😉,0,0,0.0015782622
"aaaaa con nhện 😨 "" aaaaaaa con ế !"" - nhện said 😂😂😂",0,0,0.0023852852
tiếc cho mối tình ấy ....,1,0,0.0023305279
phim nay xem rất nhiều lân nhưng quá hay vẫn muốn sẽ tiếp tục xem,0,0,0.0011974616
"đúng thế , ở đâu cũng được đâu nhất thiết phải ở đây",0,0,0.0024357883
gu của tôi trời ơi . tiếc mới có chồng với đứa con thôi . huhu,1,0,0.0032512967
rồi mấy đứa chân không được dài như tao phóng qua kiểu gì :),1,0,0.0031662742
trời ơi . dễ thương quá luôn ❤️❤️,0,0,0.0012152368
per sáng mai kiểu gì cũng về tới nhà :)),0,0,0.0015311474
để anh dẫn em đi ăn nha :)),0,0,0.0015533625
vậy là thế giới mất đi không biết bao nhiêu món nướng rồi :(,1,0,0.0024689282
"tui đây vừa vô phòng thì con vợ mặt trắng bóc nhảy ra đây , tưởng là ma",1,0,0.005811534
những điều đơn giản nhưng thật hạnh phúc 😘,0,0,0.0012684744
phải chi có người yêu nhắn tin ngọt ngào như này,0,0,0.0012612916
"hồi học lớp 5 bảo bố đi mua sgk cho , xong bố đi mua nguyên bộ lớp 4 đầy đủ từ sgk đến vở bài tập 😂",1,0,0.0042294506
cả 2 loại người này đều đáng sợ !,1,0,0.0029988948
per mỗi ngày đi làm thấy per là như có thêm power cho 1 ngày siêng năng !!!!,0,0,0.0015975587
"bị ám ảnh hồi bé đi nhổ răng , không dám đi nha sĩ nữa :((( huhu 😭😭",1,0,0.00780624
quá đau lòng nhưng chúng ta phải chấp nhận với điều đó,1,0,0.0031257519
"per hồi nhỏ bị ngỗng dí riết ám ảnh , giờ mà bị dí chắc cầm cổ quay thấy moẹ nó luôn hehe",0,0,0.005537008
per sợ nhện đúng không :)),1,0,0.0018176853
em chân thành nên em tổn thương !,1,0,0.008503485
"per ăn tết xong , cần cây cầu này để giảm cân 😆😆",0,0,0.002258148
"ngày cuối cùng còn ở lại , bản thân không có bất cứ một cảm xúc gì , trong lòng chỉ độc một mảnh phẳng lặng .",1,0,0.39665663
anh chờ ... đáng yêu ghê,0,0,0.001432746
vẫn chọn tech là ngân hàng đồng hành,0,0,0.0013162342
đây là 1 câu chuyện buồn,1,0,0.0026680187
duyên quá nói chuyện hay,0,0,0.0011792802
móe . con nhện . cười đau cả ruột .,0,0,0.002478591
thề cứ 1 lần trượt là tao cười to hơn 😆😆,0,0,0.003244816
chị đầu tiên buồn v :((,1,0,0.004893954
tao đã rất muốn làm bạn tốt anh em tri kỉ với tụi hắn nhưng không ai muốn làm bạn với tao - _ -,1,0,0.01257024
con gái tao thì suốt ngày hêy siri bắt chước mẹ 😂,0,0,0.008468378
"đi hát văn nghệ cho trường nguyên cấp 1 , kiếm được kha khá . cấp 2 vỡ giọng , khỏi hát 🤣",0,0,0.0020007563
tao rất thích nhạc trung từ giai điệu đến ý nghĩa rất hay 😁😁😁,0,0,0.0011915909
nhà tao cũng gần mà tao không bao giờ dám đi đêm,1,0,0.023984848
per có ai còn nhớ thời đầu băng xem đi xem lại xuốt ngày không kakak,0,0,0.0019409705
thế là hết những gì đẹp nhất của nước pháp sao không phun nước cứ để cháy rần rật nhỉ,1,0,0.0033178264
tại vì anh trót nói lời thương em mà em không đáp lại,1,0,0.00950952
mới ngày nào bidv còn đứng nhất mà .. haizzz,1,0,0.0028083501
bị nó chặn đầu mấy lần khóc sướt mướt luôn . mấy con yêu nghiệt này còn dữ hơn chó,1,0,0.003433214
per tuổi thơ của mềnh đi học là lúc nào bạn tao cũng ngồi trên và khi nào múa giờ ra chơi cũng múa chung với mềnh 😅😅😅,0,0,0.0062444895
nhìn là yêu roi muốn nuôi quá trời mà sợ không chăm được em 😢,1,0,0.0031226242
đôi khi hạnh phúc chỉ là những điều giản dị nhất mà chả ai nghĩ tới 😊,0,0,0.0041022585
huhu xem mà muốn khóc vãi,1,0,0.0026048748
tao thấy tai nạn giao thông là tao nói với mẹ .. con chạy ra đó để tối lên ti vi ... mẹ tao chửi sấp mặt luôn,1,0,0.011471858
nó giống tao ghê . gặp tao tao cũng chọn mày,0,0,0.001998459
"per hay đó bro , trừ điểm bro chưa bao ăn :)) - 10",1,0,0.0016029472
cũng sợ mấy con ngoe nguẩy như giòi 😰,1,0,0.003425503
"ước gì mèo nhà mình cũng có thể về nhà như vậy , mất ẻm được 2 năm rồi :(((",1,0,0.004587721
tự dưng cay mẹ mắt,1,0,0.034144185
bác vẽ làm tao nhớ con cá này vãi =))),0,0,0.0017171026
trường gửi điểm về và mẹ cũng điện chửi :(,1,0,0.29851276
nói chuyện như người yêu ??,0,0,0.0019302068
đó là một câu chuyện buồn 😀,1,0,0.0040535256
xem xong tôi cảm thấy còn u ám hơn :)),1,0,0.0039178557
chúng mày cứ cười . dm mai gần đấy có biến lại thấy anh ấy trong bộ cảnh phục thì lại tung hô quả nằm vùng quá đẳng cấp 😂😂😂,0,0,0.0030126558
không phải không thích mà bản thân chưa đủ tốt để sánh vai . phải chi anh có thể đợi em khôn lớn !,1,0,0.005003096
rất có tố chất . liên đoàn xe đạp việt nam có thể liên hệ để đào tạo được đấy,0,0,0.0013923211
"đếu thể đỡ được "" tiền mừng , tiền mừng "" hahaha",0,0,0.0020689073
còn buồn hơn là cố quan tâm thế nào họ vẫn không hề rep lại,1,0,0.005100085
đáng yêu phết nhể,0,0,0.0013327835
tuổi trẻ tài cao =))),0,0,0.0012742159
ước gì được giận lại 😐,1,0,0.0076133274
sợ vãi linh hồn 😞,1,0,0.0024886134
thôi chết haha ...,0,0,0.012258467
cái này phải hơn 20 năm rồi . lần đầu không biết canh lửa nên cơm khét hoài 🤣🤣🤣🤣🤣,0,0,0.006463753
anh lỡ mất em rồi huhu,1,0,0.002677449
per ly trà sen của anh đem qua có ngày nó thành như v đó 😭😭 hức hức ...,1,0,0.0037368205
ngầu lắm bạn ạ ^^,0,0,0.0014192457
đã gặp được em đúng lúc . nhưng lại không phải thời điểm em muốn ....,1,0,0.011004994
những người em thích đều đi nơi đâu rồi còn con ml bên cạnh song hành,1,0,0.0099172145
ơ thế hoá ra tao không bị ngu một mình ?,1,0,0.0031258115
ngày xưa mẹ tao dạy ở miền núi . năm tao học lớp 3 lần đầu tiên lên trường với mẹ . đaumoa mấy con ngỗng mất dạy rượt tao leo lên cây phượng cao chót vót cả tiếng không dám xuống .,1,0,0.130683
món này ngon vãi,0,0,0.0013115903
cầu cho chú luôn mạnh khoẻ ạ 😢,1,0,0.0013682214
chỉ ước về sau mình được vay,0,0,0.0076977084
không muốn yêu ai cả,1,1,0.8871059
minh biết nữa ne,0,0,0.004478459
trên đời vẫn còn nhiều điều tốt đẹp ❤️,0,0,0.0014800697
mai tao cũng đi ship mới được . có bài này áp dụng luôn .,0,0,0.0020309207
thằng ben thật tội nghiệp,1,0,0.0015672409
cả đời mình chỉ ước có 500tr trả nợ ngân hàng cái xe để chạy kiếm ăn ...😥😥😥,1,0,0.016402757
t cười ỉa ...🤣🤣,0,0,0.003173588
em buông tay anh nhé .... quá khứ ấy anh hãy xoá hết đi .......,1,0,0.0060951924
rụng tim 😭,1,0,0.0024581442
tao không tin đâu hiccc =(((,1,0,0.007948365
ngày hôm ấy tuyệt đẹp nhưng lại đượm một nỗi buồn ngày mai thôi chg được gặp thầy cô bb lũ chúng tôi khép cánh cửa ấy lại nhìn lại toàn bộ khung cảnh ôi thân thương biết mấy cảnh vật quen thuộc sẽ không được trông thấy nữa,1,0,0.004493352
chúc mày mau khoẻ nhá chủ thớt ạ =)),0,0,0.0013529983
được . đỡ tốn 5 nghìn,0,0,0.0017455617
muốn nhanh thì phải từ từ =))))),0,0,0.0034727314
ốm mà xinh thế :3,0,0,0.0017858377
dạ cho em hỏi cái đường này ở đâu z ạ . để em đéo tới đây ạ . đm bước cái chắc tét háng,1,0,0.004657294
"dù chỉ để nhìn 1 cái , để biết người ấy vẫn ổn , người ấy còn tồn tại . ít nhất là nv 😔",1,0,0.005135183
má . đang định đi chụp :((,1,0,0.006208102
bày đặt viết trên cát khắc luôn vào đá cho tạt thoải mái,0,0,0.0013625933
cho em canh với . hehe,0,0,0.0014581451
"anh sau đó , không còn là anh nữa ...",1,0,0.19089697
sao giống phim good doctor của hàn vậy ?? cũng bệnh tự kỉ và có khả năng nhìn được 3d !,0,0,0.0073613366
đẹp trai thật .,0,0,0.0013349303
hay . đỡ mệt,0,0,0.0013362278
per bài tủ 1 thời =)),0,0,0.0014894827
tôi cắn bất chấp =)))))))) chắc là tôi yêu tụi nó cuồng si rồi,0,0,0.006896784
mở ra mà thấy vậy chắc tao sợ quá mà chết luôn mất :),1,0,0.0060733706
đồng đội chơi tốt quá hahaaa,0,0,0.0012606377
giọng cute phết,0,0,0.0014405163
tao sợ ăn xong nóng đêm gãi toét chân,1,0,0.0035304152
"con gái không thích con trai đầu hói , vì cưới về dễ nhầm đầu :d",0,0,0.0026080802
chuẩn bị prayforparis thôi 23 tuần kể từ khi phe áo vàng làm loạn rồi mà vẫn chưa dẹp được .,1,0,0.017782124
đau đớn quá sao phải tham mấy đồng tiền đó nhỉ,1,0,0.002185202
"hăm hở đón nhận tất cả , thậm chí là nỗi buồn , nếu điều ấy khiến việc tồn tại của bạn mang một hương vị đáng nhớ ...",1,0,0.0058424445
buồn nhất là crush cũng chả có để mà thả 😞,1,0,0.0067348126
"tao sợ chó lắm .""",1,0,0.007616398
"tuổi thơ tao gặp toàn trai bánh bều , mít ướt . toàn là tao galang , dỗ dành . ôi cái cuộc đời này per",1,0,0.005582466
"ngày đẹp trời là ngày được nghỉ làm , đi những nơi mình thích , với người mình thương , ăn những món ăn ngon . xong về ôm nhau ngủ :)))",0,0,0.0026514654
"nhớ hồi euro 2012 rực sáng trong màu áo tuyển ý , ghi mấy bàn mà bàn nào cũng thấy phê .",0,0,0.0020476913
chồng tương lai lại nuôi vợ thằng khác,1,0,0.0019540587
"thương các con quá , lũ khốn nạn vì lợi trước mắt ma tội cho bọn trẻ , bọn này cho chết het",1,0,0.002390109
t thấy tội nghiệp thằng cải,0,0,0.0022250991
hồi bé bị ngỗng dí hoài =)) sợ vãi,1,0,0.0028009831
má chắc gặp tao chạy mất giày,1,0,0.001725116
"bữa tao coi cái video này nhưng nó ghép nhạc bựa vãi ... mỗi lần mỗi anh té là first blood , double kill ,... các kiểu =))))",0,0,0.002118034
bạn gái nào xinh xinh mà bị lạc thì vào nhà mình cho ngủ nhờ này . ??,0,0,0.0018649918
đúng là càng ngày càng chán . cứ theo luật mà làm thì chán cực kỳ luôn,1,0,0.001892434
cái cuối phê vãi,0,0,0.002055129
ê tao đi nhật chưa được 1 năm mà xem video này làm tao loạn ngôn ngữ ghê . thỉnh thoảng phải dừng video ngẫm câu nó nói nghĩa gì,1,0,0.0035422407
per kinh dị thấy mệ luôn nè,1,0,0.0015901235
làm chó khổ lắm chứ bộ :((,1,0,0.0023956846
bức ảnh này lại làm mình bị ám ảnh . haz,1,0,0.0060975594
dân chơi nhìn cái biết ngay 🤣🤣,0,0,0.0012824287
đáng yêuc quá,0,0,0.0015458013
tiếng guitar thật tuyệt,0,0,0.0013567597
mỗi lần tao ăn đu đủ bằng thìa thì bố tao lại chửi tao . bố tao bảo loại mày ăn đu đủ không cần thìa đâu .,1,0,0.06977812
mệt như chó :3 nhưng mà hoan hỉ đầu năm đi xin lộc :v,0,0,0.0016279754
đáng yêu quá . phải thằng trai nhà tao thì nó sẽ nhẩy vào tính ôm luôn cái máy ấy về =)),0,0,0.0019920168
đau nếu còn nghĩ về nhau thì hãy quay về bên nhau :)),1,0,0.0028767432
một hành động đẹp đầy tính nhân văn ☺️☺️,0,0,0.0011552239
"hôm bữa đi ngang qua , thấy hết con mẹ nó hồn",1,0,0.0025831268
nhìn một cái rồi quay đi là thấy mãn nguyện rồi .,0,0,0.001708679
ôi hạnh phúc quá 😄😄😄,0,0,0.0011510979
biết ngay anh per lại mượn đầm của vợ :)))),0,0,0.0015932302
sợ vãi,1,0,0.002629426
tao ho rụng hết tóc rồi 😭,1,0,0.062058263
dù có sống được mấy đời thì cũng nợ mẹ cha trọn cả mấy đời .,1,0,0.00499791
đây là một câu chuyện buồn 🙁,1,0,0.0034688655
má ơi đây chính là thứ ám ảnh nhất cuộc đời con . kẻ thù 😢😢😢,1,0,0.19835863
per bị chữi thì ráng nghe mà vui đi nghe . cứ như nghe hát miễn phí 🤣🤣 còn bị chữi là còn hạnh phúc . nguoi ngoài ngọt ngào nhưng chắc gì đã thật lòng đâu,0,0,0.0019298054
tao tưởng tượng sau này sẽ có 1 thằng bồ vừa điên vừa ngáo giống tao .. chắc vui hết sảy 🤣,0,0,0.003970305
sợ quá đi,1,0,0.0022209615
cay và đắng nghe mấy ông lớn tuổi toàn kêu thế thôi,0,0,0.0015754267
thấy dòng này quen quen . thấy đọc bình luận của ai á . haha . buồn cười 🤣 🤣 🤣,0,0,0.0021652717
và đương nhiên sẽ có ngày cô ấy sốc vì giới tính thật của cô ấy !!!,1,0,0.010339544
là nhân duyên trời ban cớ sao chẳng thành đôi :(,1,0,0.0023696993
tau đã được bà nội vá quần 🙂🙂🙂,0,0,0.0026246633
page bị hack rồi . video hay nhất mình từg xem,0,0,0.0015834498
""" tụi mình tuy không yêu nhau hai lần , nhưng nếu có cơ hội ... anh chắc chắn vẫn tặng em đoá hồng đẹp nhất """,0,0,0.0034011153
chỉ khổ các con thôi !! sao người ta lại có thể mất nhân tính như vậy,1,0,0.0022913727
crush của tao cười hơi bị xinh :3 xinh + cười = đỗ mãi • 3 •,0,0,0.001889089
dễ thương quá à ????????,0,0,0.0016600278
chuẩn kkk 😁,0,0,0.0019576459
ukm . nguy hiểm thật :'<,1,0,0.002648952
"đi chơi gặp 3 con mất dậy này vừa bị dí vừa bị cạp đít đau không chịu được sau phải nhảy lên cây để trốn , giờ gặp là sợ 😭😭",1,0,0.006851408
per mày cứ kén chọn đi chúng nó yêuc nhaooo hết rồi kia kìa ahuhu .. không tin vào mấy thằng ông nội cơ bắpppp nữaaa,1,0,0.0047831787
câu chuyện lấy đi nước mắt của tao,1,0,0.002373795
"thằng bạn ngồi kế bên lớp 2 nhà bán vàng mà nó học dốt , thế là làm bình thường về nhà cho nó , 1 bài 2k , mồi ngày kiếm 8 - 10k 🤑",0,0,0.0025831813
sự thật thì cố suy nghĩ vui vẻ hạnh phúc mà trong túi không có tiền chỉ sợ đất cũng không có mà ăn,1,0,0.0034664893
nhưng tao đéo có crush,1,0,0.004715741
tận cùng của nỗi đau :(,1,0,0.0074543688
cần tìm gấp bạn trai đáng yêuc như anh này trời đất ơi =)),0,0,0.0016367472
đố ai định nghĩa được tình yêu . có khó gì đâu một buổi chiều . kề dao vào cổ yêu không hả . gật đầu lia lịa thế là yêu 🤣🤣🤣🤣🤣🤣,0,0,0.0029009876
chẳng biết nói gì . xem video em cười suốt mà lòng tôi không thấy vui tẹo nào . thương em,1,0,0.021447303
cẩn thận mày lại có cháu sớm 🤣,0,0,0.002198621
cái dây ở ảnh đầu xinh vãi vậy,0,0,0.001830827
"lúc nhỏ mẹ nấu cơm bằng bếp củi , ttao thì không biết gì thấy lửa tắt thì chụm vô : )) mẹ ra quánh cho trận vì nồi cơm khét nghẹt 😑",1,0,0.010891057
"ngày xưa đi học gần trường có bày ngỗng , hôm nào nó cũng cà khía rượt tụi học sinh chạy sấp mặt luôn",1,0,0.0037614235
tao thầy mày cười hí hửng vại mà ?,0,0,0.002544674
nhìn đáng yêu vãi :))),0,0,0.0015591186
buồn thế nhỉ . t mới mua con per chưa nổi 1 năm . thế này thì biết sống sao 😨😨,1,0,0.055854175
đồng nghiệp của tôi thật tuyệt vời,0,0,0.0012882334
per luôn yêu đời và luôn yêu công việc em nhé,0,0,0.0012314463
"sợ nhất mấy đứa ảo tưởng sức mạnh , nhắn tin nhiều chút là auto mình thích nó",1,0,0.002630563
mẹ đang buồn ỉa mà trên đường về gặp mớ gờ giảm tốc kia thì phọt bà ra quần 😨,1,0,0.008079292
hay lắm . thằng anh giúp 2e thêm yêu lao động,0,0,0.001171167
"cô ấy rất tốt , nhưng tôi biết thứ nào tốt đều không dành cho mình",1,0,0.00643121
"nhổ tóc sâu cho bố , hình như được 500đ để mua kẹo dồi 😂",0,0,0.0014689043
rất vui mừng khi ông ấy rời việt nam an toàn tuyệt đối ....,0,0,0.0014168663
"vợ người ta chưa bao giờ làm tôi thất vọng , còn vợ tôi thì ..... đi hết 1 / 3 cuộc đời rồi vẫn chưa tìm thấy 😓",1,1,0.75884885
tao thì sợ nhất lúc nó mới cắt tóc,1,0,0.0031039687
"sau 1 thời còm men dạo khắp muôn nơi , cháu đã lên được fan cứng rất rất cứng 😆😆",0,0,0.0028725376
thằng nào sửa xe này dễ đau tim mà chết lắm . :)). nhất là những thằng sợ rắn .,1,0,0.0022175636
ừ công nhận == không có tiền mua,1,0,0.0021848404
chỉ là không có ai để nhắn thì mới nhắn cho mình . công nhận nguy hiểm,1,0,0.0032175041
có tâm mới có tầm haha,0,0,0.0015933244
"ngày xưa nuôi mấy con mèo . đêm hôm nó cứ lựa lúc cửa mở là chạy đi chơi mất . những lần nó không về buồn thối ruột , tối cứ mở cửa để đợi tiếng meo meo 😥",1,0,0.034902792
per ơ tao còn chưa kịp đến bắt tay mà :((,1,0,0.0032850134
"chống mắt mà xem này khi bồ nói anh muốn đi tập gym thì dẹp ngay và luôn , măc công nó yêu thằng khác mất quá per",1,0,0.0029965162
đúng chất dân miền tây hahaha,0,0,0.0015879937
sống với nhau đến cuối đời người ta cũng chỉ mong có vậy .,0,0,0.016482262
đang trong lớp mà ứa nước mắt,1,0,0.0025025727
nhìn quả mặt nó làm tao thoả mãn vãi,0,0,0.0013890906
"😔 tao không lấy chồng nữa , ở nhà nấu cơm cho mẹ , tao sợ lắm",1,1,0.90035623
"chuẩn thế còn gì , phải có uy tín trong nghề mới thành công được",0,0,0.0019333235
per ngôn tình luôn ở quanh ta nhưng nó đéo đến với chúng ta 😏,1,0,0.0026347663
vận may s cứ xua đuổi mình hoài chứ có bao giờ tự tìm đến đâu ? đen thôi chứ đỏ quên điii nha . đời thường giết chết kẻ mộng mer như mình .,1,0,0.015485688
"nguy hiểm lắm , ngồi nhà lướt facebook thôi mà không cẩn thận thì mất tim lúc nào không biết",1,0,0.006352584
per tập gym đi mày có người yêu đấyyyy =))))),0,0,0.0015397269
rõ ràng vẫn là một người mà cắt tóc xong nhìn đáng yêu vãi :v,0,0,0.0015894573
tuổi lồn hù được bố m,1,0,0.0014934628
dume sởn gai ốc 😭,1,0,0.0017328251
giờ thì chả dám nhìn nữa hic :((,1,0,0.023395326
"không phù hợp thổ nhưỡng , khí hậu . vậy mà vẫn tung hô , dải ngân để làm khổ dân . quả bóng trách nhiệm chẳng thuộc về ai cả . 😢😢",1,0,0.0116346
khóc vãi 😭,1,0,0.0026204118
thề luôn con ngáo nó thích trêu mấy đứa sợ sợ như này =)),0,0,0.002841037
bố mày đã sợ nhện rồi xem cái video này ... vãi đái :(((,1,0,0.0026630815
chỉ những người độc thân thôi,1,0,0.0026143668
giữ mãi lòng nhân ái các em nhé ! tấm lòng các em đẹp biết bao .,0,0,0.0011741342
hay quá,0,0,0.0016428925
không cẩn thận phát là ngậm bả như chơi,1,0,0.0026984161
"trải qua một cuộc bể dâu , rồi bể ong ???? lót dép hóng :v",0,0,0.0048306617
xem mà rơi nói chuyện mắt khi ăn luôn 😭😭😢,1,0,0.0016536972
má :))) đoạn đeo mặt nạ kinh dị vkl :)),1,0,0.0016641247
mỗi tao thấy hồi xưa còn đẹp hơn à :))) bây giờ nhìn như bóng long xuyên vậy,0,0,0.0037573073
hạnh phúc . mà hạnh phúc của đàn ông thì khó nói lắm . kaka,0,0,0.0017981363
hahah thú vị ghê hen,0,0,0.0014533028
yêu quá ! xinh quá ??????,0,0,0.0012457222
đọc chả hiểu gì :( mất gốc rồi :(,1,0,0.0039417697
bức ảnh xuất sắc ❤️,0,0,0.001399098
"có tớ nhé , bạn không cô đơn đâu .",0,0,0.0023170908
dăm ba con nhện nghĩ tao sợ (((=,0,0,0.003457629
có tiền sẽ thấy các vị gọi là thượng hạng còn không tiền sẽ chỉ thấy vị mặn của mồ hôi + nước mắt,1,0,0.0031001344
"ước gì boss không co chân lên , tao vẫn sẽ nghĩ là boss thật khí chất =)))",1,0,0.002640927
per dạo này béo quá rùi :(,1,0,0.002150355
"làm ca nào không quan trọng , quan trọng là có đồng bọn bảo yến nguyễn hạnh 🤣🤣🤣",0,0,0.0012075504
thật tình là rất xin lỗi anh ở trog video . hi vọng sẽ gặp đuợc anh để xin lỗi và tạ tội với anh . thật ra hộp quà trong video là của con lol per với người yêu nó tặng nhau dịp sinh nhật . híccc,1,0,0.003007368
"sời , lừa làm sao được tao :))",0,0,0.002207582
may quá tao không xài huawei kkk,0,0,0.0021810804
thôi thì đi xem avenger lần 3 để tránh nóng nốt chiều nay không mai mưa rồi hehee,0,0,0.0026365556
bác này nói hay,0,0,0.0013907467
đối với thế giới này bà lão chỉ là một ai đó . nhưng đối với ông lão đó bà lão là cả thế giới 😊,0,0,0.0027042956
pháp không còn khoảng thời gian bình yên nữa rồi,1,0,0.01236859
"trời mẹ phim gì vậy thớt ơi , cười ná thở",0,0,0.0022634605
"tui thi ́ ch va ̉ i lă ́ mày ma ̀ ăn nhỉ ̀ u no ́ người lă ́ mày mọi người anh ̣ , bi ̣ lơ ̉ miê ̣ người",1,0,0.08192334
dễ thương vậy chời,0,0,0.001933349
bằng tuổi em các bạn đang ôn thi mà em phân vân không biết chọn trường nào :((,1,0,0.012292604
"ngày xưa , ngoài thú vui chọc chó dí , còn chọc cho ngỗg rượt . cách giảm cân hịu quả nhất cho mấy đứa lười 😂. nhớ lại vui thật , đúg là thời sửu nhi .",0,0,0.0025636395
buồn hơn khi tôi còn là gái 🙄,1,0,0.028091034
sau vụ 200k thì vụ 5tr này có nội dung hài hước y hịt :)))),0,0,0.0014616319
per không lẽ sau này kím bạn trai không tập gym 😖,1,0,0.0031757336
per làm gì quên được kkkkk,0,0,0.0039236844
tao của ngày này năm trước đang ước đừng lấy quỳ tím đem ra thử nghiệm . :(,1,0,0.0033241557
"giống hệt mình , nhưng bạn may mắn hơn vì bên này quyết trốn nợ tận cùng",1,0,0.0035931761
cái mặt hoang mang thấy thương 😆❤️,0,0,0.002064475
"tháng 10 đến rồi , em đừng buồn nữa nhé ❤",0,0,0.0034207625
có đứa nào hồi bé không biết nấu còn tranh làm rồi quên không đổ nước như tao không :))),1,0,0.0028071748
trời má cute vãi lozzzz,0,0,0.0014507455
"quá bản lĩnh luôn , người đáng nể , tiếc là anh ấy sắp bị tử hình rồi",1,0,0.0031192657
ngày tao chia tay tao khóc quá trời luôn,1,0,0.0048173065
thật may em đã gặp được người tài xế tốt 🌸🌸,0,0,0.0012024313
per giống cái bữa mình viết ghê,0,0,0.0016988574
chưa có cơ hội nói cảm ơn và xin lỗi . vì chúng ta xứng đáng được bình yên,1,0,0.0032335757
các bạn đã xuất sắc hoàn thành nhiệm vụ,0,0,0.0011541921
định share mà đọc bình luận tắt con mẹ nó cảm xúc :(((((,1,0,0.0016580818
per kinh nghiệm nha,0,0,0.001414111
chàng trai vàng trong làng bấm biển =))),0,0,0.0015625682
chuyện buồn quá chúng mày à . tao không dám đọc sợ làm quyết tâm có người yêu của tao lung lay 🙄,1,0,0.0059087407
giống chó này hình như không có lông ạ ?? chó nhà em lông rụng đầy nhà .. huhu,1,0,0.0033140164
chời ơi mới chụp răng 2 bữa trước về không ngủ được tới nay luôn,1,0,0.0037450898
trời ơi cái đoạn này em khóc tu tu luôn 😪.. trong khoảnh khắc rời xa một ai đó mãi mãi cơn đau thấu ngực trái huhu,1,1,0.7678349
sao giốg với mình v . nhưg mình từ bỏ rồi người ta hình như cũng có người khác . từ đầu là do mình ảo tưởg thôi giờ thì tỉnh đi cô gái ạ,1,0,0.12852252
tư duy của họ hơn hẳn 1 cái đầu 👍,0,0,0.0026206707
rất thuyết phục,0,0,0.0013673982
chỗ tao cũng có cây tình yêu < 3,0,0,0.0015346032
1 % kìa rồi ra cổng gọi thế nào :)),1,0,0.002320248
hạnh phúc ghê,0,0,0.0013480483
ba ́ o giâ ̣ tao ti ́ tao la ̀ mày hoa ̉ người loa ̣ n ngươ ̀ i dân . haizzz,1,0,0.026861986
đm main mới hay quá đi,0,0,0.0011760147
per kỉ niệm nhất là những ngày trốn học cùng nhau đi xem phim 😂😂😂,0,0,0.0014828285
nhìn cái bà này tôi chỉ muốn xoạc bà 1 cái . sao bà không là con trai nhỉ . ông trời quá là trêu người rồi,1,0,0.004952715
sư tử chứ dễ thương q . q gì,1,0,0.002263563
trai tài gái sắc .. danh ngôn rồi tài sản chứ tài gì !! 🤣🤣,0,0,0.0015719715
"chịu hay không không quan trọng , quan trọng là không có ai lấy",1,0,0.001972085
điên khùng . nhưng hahahah . nhiều tiền quá mạ ơi,0,0,0.003704436
"thiệt là cao minh , hahaaa",0,0,0.001406576
"đôi khi cũng muốn dỗi lắm , nhưng nghĩ lại đéo có người yêu mà dỗi",1,0,0.0463347
trồi ôi mới đọc tưởng đâu người yêu,0,0,0.0013208067
em mình là con trai viết đẹp y chang thế này nhé,0,0,0.0012695574
"haha ,,, sao không kêu tao ..",0,0,0.0028307433
mặt tao như này ai mê cho nổiiiii,1,0,0.0033447058
"thứ yêu nghiệt , nhỏ g vẫn sợ nó nhất sau mấy con lắm chân t . t",1,0,0.0035058681
anh tây này đáng yêu chết được cứ tiếng tuy hoà phú yên ma học đi nhá ☺️☺️,0,0,0.0013301877
per sao bố lại đủ bình tĩnh để xem hết cái trailer này nhỉ . _ . sợ vãi,1,0,0.0026636524
"xem đi xem lại không chán , best của best 😭",0,0,0.0012146918
"cả đống người trên đường , mà nó chỉ dí mình tao 😭. t đã làm nên tội gì 😭😭",1,0,0.01674179
chàng trai mạnh mẽ !,0,0,0.0013582427
tìm đối tác 😔,0,0,0.0014775561
thấy cưng gì đâu,0,0,0.0070985584
ngôn tình từ anh mà ra,0,0,0.0013312851
tao được thấy nói chuyện mắt của bố tao khi tao bệnh và khi tao lấy chồng,1,0,0.008107612
không biết thật mà hix .,1,0,0.002675962
per =)))))))))))) tao cười không biết chỗ nín lun,0,0,0.008041122
cứu tao :(( tao sợ rắn,1,0,0.0025716312
bộ cuối nhìn đau lòng thật :(,1,0,0.0013858137
còn mình nhìn như thằng ngu,1,0,0.007693769
thương chỉ sợ em không cho anh cơ hội thôi,1,0,0.0040902104
per má có điểm cho sướng vãi,0,0,0.0012980074
ôi không đừng vậy mà :((,1,0,0.0029473156
phim hay vãi ấy xem lâu lắm rồi,0,0,0.0012704972
chỉ cần 1 cây hoa . nói lên tất cả .. hi,0,0,0.0019099087
điều hối tiếc nhất cấp 3 là chưa kí lên áo của nhau 😢,1,0,0.002327294
"ôi zồi ôi , nhìn cái mặt của ẻm kìa , yêu ghê :))",0,0,0.0019793531
chào tháng 10 !! tháng sanh thần của tôi .. hi vọng mọi chuyện tốt đẹp,0,0,0.00256957
bây giờ tao lấy chồng rồi còn không có cơ hội ngủ với em gái 😫,1,0,0.0068572145
đáng yêuc quad 🤤🤤🤤,0,0,0.0014389341
có đứa nào đéo giật mình như tao không :))),0,0,0.004513455
môn này đéo dành cho những người chân ngắn như tao :) bay qua chắc lọt mẹ xuống sông ^^,1,0,0.0025329394
góp vui cho chủ thớt 😂😂,0,0,0.0012429194
trông mặt buồn chưa kìa per :(,1,0,0.0021326977
30s mặc niệm bắt đầu ...,1,0,0.0019772698
"mà sếp cũng duyệt , cũng in rồi haha",0,0,0.0022251497
đm ngồi chờ đã rồi các tổng đài viên đều bận 😭😭😭,1,0,0.0047895755
con gái chả thế :)))) con trai đi dume mày có nhận hàng không,0,0,0.0016004081
ánh mắt thằng con muốn nói : cứu cháu hình như ba sắp ném con ùi,1,0,0.037196543
"không được uống đã đành , ngồi dọn sấp mặt luôn , như con cáo và chùm nho xanh per",1,0,0.0038002748
"kỳ nghỉ hè muộn của anh mà , xõa hết đi anh .",0,0,0.0025237137
per chơi với con trai riết nên giờ đéo có người yêu nổi vì tính tình không khác gì con trai,1,0,0.0026727314
chán mấy ông thanh niên .,1,0,0.0020343864
má đáng yêuc quá dạyyyy ??,0,0,0.0020766985
phim này mới ra được có tập 1 thôi . hay phết,0,0,0.0014024818
mẹ đi ngầu chết mẹ đi được chứ kì quặc gì =)))),0,0,0.0020803013
"per mày nhìn thành long hồi này có thấy giống mặt anh chung nhung hồi xưa không :))))). thề luôn , tao thấy giống vãi 🤣",0,0,0.0026297697
t đã thử rồi mà dume vẫn la :)))),1,0,0.002531597
thạ timmmmm đùa tao yêu mặt nó lúc ôm đầu vlllll xinh quá con ưiiiiiiii,0,0,0.0021523917
dự định tao là 28 nhưng giờ mà có bồ là bắt cưới luôn chớ sợ ế haha,0,0,0.0038800975
"chủ động nói chuyện , nhắn tin khi có time . nhưng đời không như mơ",1,0,0.003998073
tuổi thơ của tôi =)),0,0,0.009252413
"cũng tùy , đôi khi không cần vật chất mà chỉ cần động viên , san sẽ những khi con mình vấp ngã hay khó khăn trong cuộc sống thì ...",1,0,0.007889939
khoảnh khắc tao nhận ra tao đã từng rơi vào hoàn cảnh bế tắc này 😌😌,1,1,0.5058009
"per chị mày đánh lộn từ đầu làng đến cuối xóm thì cần chi bọn con trai , nhưng nhìn bọn nó dễ thương hén",0,0,0.00190197
"crush một ai đó là điều không bao giờ có rồi , vì mình vừa béo , vừa xấu gái , vừa vv and vv . auto nhục 😞😞😞",1,0,0.015404044
"chúng mày nhìn , tao nuốt cũng không xuống nổi , ông địa",1,0,0.003944358
và rồi cô ấy sẽ mãi mãi không có người yêu =((,1,0,0.006302307
"đau lòng vãi . cứ tưởng là đùa . ai ngờ , bồ nhau thiệt . ơ . tớ có sừng không",1,0,0.003409347
nhiều khi nghĩ mình không phải con gái mà là 1 thằng đàn ông chính hiệu kkkk ....,0,0,0.020743117
vẫn ế bền vững,1,0,0.0019240197
sao mình lại không xem được vậy admin 😭,1,0,0.0038679212
"khóc không chịu được luôn , và mình cũng sẽ làm được nếu phải đánh đổi tính mạng cho 2 cô con gái bé nhỏ của gia đình mình",1,0,0.0064545637
ảnh đẹp quá 😍,0,0,0.0011943751
ui còn chưa kịp đi xem đã rút rồi :((,1,0,0.0026255671
per bếp lò xo huyền thoại của ngoại hay nấu nè,0,0,0.0011551819
cả 2 kẻ này đều đáng sợ !,1,0,0.0022408096
muốn tạo ra niềm tin đôi khi bạn cần sự dối trá 😉,0,0,0.004483397
xài vietcombank sinh nhật cũng không được chúc luôn :((,1,0,0.0017806955
buồn cho số phận 😢,1,0,0.0028821677
"lâu rồi mới thấy trailer chất như lày , so excited",0,0,0.0018241501
quả mắt nhìn sợ vãi,1,0,0.0016885205
quê vải mà chưa được ăn quả nào . huhu,1,0,0.0023142102
chẳng bằng bố tao 13 năm tự nhiên hỏi bố biết tên con là gì không thì chần chừ một lúc rồi phun ra tên chị tao,1,0,0.012786854
vì chúng ta không nên nói chuyện với nhau nữa,1,0,0.0039564865
"sợ vãi , mém xỉu",1,0,0.0018775422
"tự nhiên thấy tụi con gái khóc tu tu , thế là mình lủi ra ghế đá trước lớp ngồi . tự nhiên cô dạy văn cũng ra theo xong ôm mình khóc ,",1,0,0.05166734
"bị ngỗng mổ sợ vãi_chưởng , hồi bé tao đã không sang nhà b tao cả tuần trời vì nhà nó mới nuôi ngỗng mà bình thường tao toàn ăn chùa cơm nhà nó thiếu điều làm con nuôi nhà nó nữa thôi :))) nhắc lại mới thấy sợ vãi",1,0,0.0062859273
mùa thu năm ấy cta đã gặp nhau ?,1,0,0.0032910595
thích :)))) đi làm vui hay không là có đồng nghiệp tốt đừng chơi xấu mình là được :)),0,0,0.0016026923
chỉ sợ lúc nó dí,1,0,0.006553487
tao là thằng chưa bao giờ giận người yêu vì người yêu tao không bao giờ làm gì có lỗi hết,0,0,0.009048096
ai sẽ cùng tôi mang nỗi đau này cơ chứ,1,1,0.82822907
tao rất sợ mất đứa tỏ ra như thế,1,0,0.00373599
rơi mất tim . nguy hiểm thiệt ^^,1,0,0.0033027334
phim này xem rồi ý nghĩa vài,0,0,0.001306681
chắc học từ bỏ quá,1,0,0.0024816536
t đu ́ theo thôi :v tao biê ́ tao thư ̀ anh no ́ la ̀ shipper,0,0,0.003158611
bởi vì gặp nhau sai thời điểm nên tôi mất người mãi mãi ...,1,0,0.00385802
cưng ghê ❤️,0,0,0.0014156428
mới đi nhổ răng số 8 và chụp 😞,1,0,0.002377909
chưa được đi pháp mà huhu,1,0,0.001786596
"t không tiếc mấy ly trà sữa , chỉ thấy tội cho mấy cô lao công dọn dẹp mà thôi 😔",1,0,0.003397521
qua chạy xe nẹt nẹt bốc đầu bố ai dám dô,1,0,0.002092724
thế chân ngắn như tao thì phải làm sao với cái cầu,1,0,0.004919023
đó là khi tao muốn cắn ai đó điên cuồng :),0,0,0.24101324
"ước gì mày được quay về tuổi thơ , trước mày cũng có 1 b trai như vậy đó",1,0,0.007535881
chuẩn luôn :3 độc vô tình bắt gặp thôi cơ mà giờ tao bị ăn bơ rồi 😭,1,0,0.0047259238
hình như sau boss bị chết ạ,1,0,0.0029301275
per thế mà cháu tôi không biết chơi 😭😭,1,0,0.0022213664
mẹ nó chứ xem xong mình khóc hết cả nước mắt,1,0,0.0036798096
chả mong gì nhiều chỉ mong về già được như hai ông bà ! 😊😊😊,0,0,0.0034492475
dăm ba cái trò nấu cơm này sao làm khó tao .,0,0,0.0018568418
"công ăn việc làm còn chưa ổn định , bố mẹ già còn chưa lo được thì kết hôn để làm gì 😪",1,0,0.017794218
sợ vãi nồi tao còn tg thằng kia bay ra cơ :)))),1,0,0.0025584677
khổ nhất người có bầu,1,0,0.0022450204
thế thì nó lại tốt quá,0,0,0.0014835495
với mình đoạn mấy thằng đỡ đẻ là hay nhất,0,0,0.0012997264
mày xinh ghê vậy :d,0,0,0.0015038557
lâu lắm rồi mới nghe lại bài này 😀,0,0,0.002128013
bình thương tao hay cười lắm . nhưng khi tức tên ... tao lại khóc . quá yếu đuối,1,1,0.96882105
hmm hãy tưởng tượng nó là một chú gián xink xắm xoè cánh thiên thần bay đến ... 😞,0,0,0.002736138
em chân thành nên em tổn thương,1,0,0.006907402
ngày xưa hồi còn học mẫu giáo mỗi lần đi qua là nó rượt tao chạy té khói dume còn thiếu nước chạy lại quỳ xuống van xin nó nữa thôi . đến giờ nó vẫn là nỗi ám ảnh với tao :)),1,0,0.017931178
ko 1 từ nào để diễn tả bộ phim này ...,0,0,0.007664127
"per đó là lý do tại sao em luôn nói với anh , có gì cũng phải nói ra",1,0,0.004499975
xem video nay sao mà sướng hết thằng người,0,0,0.0012979258
coi ảnh này nổi cả gai ốc,1,0,0.0016384857
cưng chết,0,0,0.0028360658
thề dume c còn hết hồn nói chi đến khách =)))) sáng sớm ra mở cửa với tối đóng cửa thôi độ gan dạ cũng phải tăng lên mấy chân kính =)))),1,0,0.0034408674
"per trừ điểm , trừ điểm",1,0,0.002272425
"chị ấy cười với tao kìa chúng mày , hạnh phúc ghê 😊",0,0,0.0016110522
lại đến giờ giải trí rồi mềnh ơiiii per =))))),0,0,0.0018984213
nhìn thôi đã đau lòng,1,0,0.0031482577
per có sub rồi nè . má coi đi coi lại vẫn mắc cười . với đưa anh stk đi,0,0,0.0018794681
câu được chục con heo vàng chả được cái gì,1,0,0.0024193148
thú vị vậy =)),0,0,0.0018192702
ngày xưa đi học đạp xe qua cứ tưởng được quay phim đưa lên truyền hình :)),0,0,0.002862718
bằng tuổi người ta mình vẫn còn mải nghĩ chiều nay ăn gì 😢,1,0,0.0034842554
các bạn nữ đập đầu vào tường chết hết rồi,1,0,0.013711837
cặp này lầy mà dễ thương,0,0,0.001266009
nhìn hói mà thấy thương gê ??,1,0,0.0019945323
móng tay và tóc theo thời gian thì mọc càng dài tại sao chỉ có con chim là nó không mọc dài hơn nữa ta,1,0,0.0029132434
cao quá cũng khổ chứ sung sướng đéo gì 😓,1,0,0.0034556903
per một thời nè 😃,0,0,0.00213706
tôi ở phú yên và anh này nói rất chuẩn < 3,0,0,0.0023472928
có đứa nào vừa coi vừa nuốt nước miếng như tao không ?,0,0,0.0044750925
đó là 1 câu chuyện buồn,1,0,0.0027870873
nó mà cắn ai 1 phát thì ... nghĩ thôi đã rùng mình,1,0,0.0051557426
không phải thích của cải mà là thích ý chí của họ . đàn ông có chí tiến thủ bao giờ cũng quyến rũ,0,0,0.0017702518
"có tài nhưng đôi lúc muốn làm diễn viên hài 🤣🤣🤣, khoái thanh niên này buồn cười vkl",0,0,0.0026413163
siêu phẩm để đời .,0,0,0.001499325
đựng túi nilon là chất rồi 🤣,0,0,0.0031235449
😭😭😭😭😭😭,1,0,0.0024537118
đúng . biết là sự thật tàn nhẫn nhưng vẫn muốn biết rõ cho nhẹ lòng hơn :(,1,0,0.0046835784
"nhỏ thấy qua 1 lần , nó bị cột ngay trước cửa nhà người ta ở trong hẻm , mỗi lần đi ngang qua là nó lại định lao tới cà khịa",1,0,0.015363812
per thần thái còn phải thua haha,0,0,0.0016958087
per dã man,1,0,0.0022556002
"ở nói chuyện ngoài hộ không khì thị về giới tính , họ cho được kết hôn . chứ họ không kì thị như ở việt nam mình hai người kia họ thật dũng cảm khi sống thật với giới tính của mình",0,0,0.004963256
tao đang chờ xem bà ấy được nghe nhạc ý mà hết video 🤣,0,0,0.0019011011
"1 bộ phim phải nói trên cả tuyệt vời , xem đi xem lại cả chục lần rồi mà không ngán",0,0,0.001268585
tận cùng của tan vỡ,1,0,0.009246051
làm kiểu không cần bẻ phê hơn =))),0,0,0.0015351534
còn gì đau đớn hơn cảnh này :(((,1,0,0.0035512093
tuổi thơ của tôi cũng từng có 1 người c . trai bỏ mặc tất cả để bảo vệ tôi 😘😘😘😘,0,0,0.10153086
per ông xã xem khúc nó kéo xe chở con chó nè :)) đọc bình luận hài hước ghê,0,0,0.0012298661
đáng yêu như em tao ý . cứ mỗi lần nó quyết định ngủ ở đâu là nó lại đấu tranh tư tưởng 🤣🤣,0,0,0.003894941
không có gì là tồn tại mãi nhỉ,1,0,0.002612506
nhưng tôi đéo có bạn trai thì phải làm sao ?,1,0,0.054069083
giờ mới biết =)),0,0,0.005619536
cần gì những thứ xa hoa lộng lẫy đâu . dù chỉ 1 bông hoa nhưng đong đầy yêu thương nhắn tin đã cảm thấy đủ hạnh phúc rồi 😊😊😊,0,0,0.0027033829
hồi bé bị ghiền mùi này :)))),0,0,0.0020194657
may mà còn gỡ lại được 1 miếng sắt lớn của tàu hỏa nó bung ra nên bán đi cũng đỡ được vài đồng . kaka,0,0,0.003814706
"đẹp quá mày , còn không cho tao xin ít",0,0,0.0024968134
:))) 1 phần của bài quyền là phải gẫy gậy và té sấp mặt luôn để đỡ bị đối phương đâm lòi phèo,1,0,0.0030343856
chất lượng âm thanh bản này hình như nghe hay hơn bản gốc hồi mấy năm trước nhiều < 3,0,0,0.0013465772
hay lắm,0,0,0.0014417623
kết thúc 3 năm cấp 3 là khoảng tg đẹp nhất nhưng nó cho ta nhiều kỷ niệm đầy tiếc nuối 🤔,1,0,0.002317705
cái này chỉ sướng mấy anh đèo mấy em ngực bự đi đường này nẩy tâng tâng,0,0,0.0017877546
ơ tao cũng học ông này hướng dẫn hay sao ấy :))))),0,0,0.0016250816
anh em để tao hưởng trước nào,0,0,0.0019597516
"giờ đây chúng ta , những con người của ngày ấy giờ không còn nữa ... những lời nói về mai sau nhưng ta đâu ngờ sau này chúng ta càng trở lên xa lạ",1,0,0.014066603
lâu lắc chưa xem lại !!! 😳. một bộ phim vừa ý nghĩa vừa hài hước ! 👍,0,0,0.0011525056
e quê bg mà mùa vải còn không có vải mà ăn @@@,1,0,0.0020786638
"kéo bấc mòn cả tay , ma nghĩ lai thấy nhớ thời đó nhỉ 😂😂😂",0,0,0.0024726915
lấy vợ xong béo quá rồi . hình như ai cũng v à 🙃,1,0,0.0030048117
đi học về thấy bán hoa đây đường mà cảm thấy tội cho bọn có gấu ... lại tốn tiền,1,0,0.0023356695
"mọa , mình nhà thanh hóa mà đéo biết gì luôn @@ :((((",1,0,0.018862432
đám tụi tao đi chơi xưa nay đều dọn sạch đồ mình kêu hoặc xếp lại gọn một chút cho người ta đỡ dọn .. cái này là sự ý thức thôi …,0,0,0.0028707546
xem không dưới 3 lần chia sẻ không dưới 2 lần nhưng mỗi lần nhìn thấy lại xem lại buồn,1,0,0.0015698039
per năm nay 2 đứa quyết định ngồi hay đứng kkk,0,0,0.006182294
nắng cũng đã sắp tàn sao mà chả thấy em đâu ...,1,0,0.034732483
bình tĩnh vãi_chưởng =)),0,0,0.0019254643
bà tao mất rồi :<,1,0,0.0027604538
"đuma tao đang ở đấy nè , vừa đi vừa ôm túi sợ cướp :((",1,0,0.014438704
câu nói quá chuẩn và ý nghĩa 👍,0,0,0.0012855382
một bình luận của người trong cuộc . đọc xong thấy ấm lòng cho per !,0,0,0.0014186051
đã thử và rất thích thú 😆.,0,0,0.0020660965
tao tưởng nó té cái đùng chứ . làm ngồi chờ mãi mỏi cả mắt,1,0,0.0027852103
"mà hiệu quả bất ngờ quá , quá đỉnh .",0,0,0.001292266
cuộc sống mà =)),0,0,0.004895963
"nó gieo cho tao mầm hi vọng , hi vọng vừa chớm nở nó đạp xẹp lép sự hi vọng bằg sự lặng im",1,0,0.19598073
đề nghị admin xóa bài đi ạ . chứ bố mẹ em sắp đi chợ về rồi ạ :(((,1,0,0.004502012
mèo nhà tao cũng từng đi lạc vì bị chó rượt tưởng mất rồi . sau mấy tháng thấy nó trở về nhà mừng vãi 😁,0,0,0.006815419
chắc phát khóc mất 😭,1,0,0.00678807
chủ quán này xinh gái lắm nha !,0,0,0.0012270305
nghe bài này nhớ nyc vãi,1,0,0.0012426944
lúc rài không gặp được mặt cờ rút nữa 😪,1,0,0.001995583
tao phải công nhận là nó giỏi vãi . từ đứa diễn đến đứa quay và edit video .. giỏi vãi 🤣,0,0,0.0017992064
cười đau bụng :))),0,0,0.002367992
tê tê phê phê sung sướng vãi 😌,0,0,0.0021481002
tao có hiểu đéo gì đau,1,0,0.01609021
rồi nhận ra chỉ mình là cảm thấy như thế thôi hả :(,1,0,0.0063525005
thôi mình nói đùa đấy :(,1,0,0.0028548397
thiệt là dễ thương quá đi mất . 💕,0,0,0.0020087138
ghê quá đi,1,0,0.0016976456
"thương tra ̀ o nươ ́ c mă ́ tao ... cuô ́ i cu ̀ người thi ̀ ban la ̃ nh đa ̣ o bă ́ c ninh đa ̃ lên tiê ́ người giu ́ p đơ ̃ ca ́ c be ́, du ̀ qua ́ muô ̣ n @",1,0,0.036198758
cha mẹ tao còn cãi lộn nhau vì không biết ngày sinh tháng sinh của tao là dương hay âm 😢😢,1,0,0.045970187
per đã nhẫn nhịn lắm ... đến khi con sen tao cứu tao thì tao đách có sợ đâu nhaaaaaaaa 😂😂😂,0,0,0.017946577
"có bao nhiêu đôi ngôn tình , cớ sao lìa xa mình ta :((",1,0,0.0029123002
dăm ba chuyện hẹn hò có gì hay ho 😌 nhưng mà thi thoảng có dăm ba cái chuyện này cũng hay 🙂 tóm lại xem để giải trí đỡ buồn cũng tốt 🙂,0,0,0.0013552605
lâu quá rồi mới nghe lại bài này . từ lúc ctay mối tình đầu :((,1,0,0.0021936002
bị bắt nạt im re hà hiền khô luôn thấy tội nghiệp ai dè tới chừng ...... ha ha ha,0,0,0.0027880457
dể thương quá ah,0,0,0.00456841
chị em mình giờ nói ít thôi haha,0,0,0.0024679867
không biết nói sao ... nghiện chuẩn mẹ rồi ... crush ợ . mà nó nhẫn tâm lắm hồi trước còn hay call video . từ hôm tao cạo trọc y như là mất tích luôn . chắc phải để tóc mọc lại tao mới dám gọi . 🤭,0,0,0.0076071187
con dang yêuc qua ha,0,0,0.021918612
pháp luật là bạn của nó rồi anh ah vì quen anh anh chị b trên quận ah nên em cũng sợ lắm ah :-(,1,0,0.0038104374
con lai xinh phết ??????,0,0,0.0015107947
muốn được đi một lần 😆😆😆,0,0,0.0026069544
đm tao biết trước cả sự việc kiểu lìn gì cũng có nhện nhảy lên màn hình . vì mấy năm trước cũng có 1 thể loại giống như vậy . đm hú nhồn,1,0,0.007671296
t thích nhìn mắt của crush hơn là nhìn nó cười,0,0,0.0026301586
hihi : chúc mừng đại kỷ nguyên có lắm người yêu,0,0,0.0011578785
cần lắm những sẻ chia . cần lắm những thấu hiểu,1,0,0.0032673334
làm ở đâu không quan trọng . quan trọng là có chị em tốt để tạo nghiệp :)))),0,0,0.0015261417
hơn cả bộ phim kinh dị !,1,0,0.0018006946
ngồi nhìn nó ngủ cũng thấy dth vler đừng nói cười 😌,0,0,0.003983649
"kết nhất cái điệu "" xời quá là điều bình thường luôn """,0,0,0.0013125069
hời ơi ... cưng xĩu,0,0,0.0013529042
"thích chị này nhất phim í , bé bé xinh xinh lại diễn rất đạt :3 . hy vọng mai sau sẽ có bước tiến lớn và thành công hơn nữa < 3",0,0,0.0014421806
nguy hiểm,1,0,0.002425548
per giờ thằng gù nhà thờ chạy đi đâu đây :(,1,0,0.013453396
haiz nuôi được nuôi không thì thôi chứ nuôi mà để v coi được haizz,1,0,0.00235236
lương cũng sắp về rồi 😉,0,0,0.0036724985
mình đã về đến nhà an toàn hihi,0,0,0.0021730007
trồi ôi bài hát đỉnh caooooo,0,0,0.0013506943
per anh tặng vợ cái bát nha kaka,0,0,0.0012635228
boss mắc bệnh nghiện vợ 🤣🤣😭,0,0,0.0017330113
vì tao hay bị chúng nó chọc nên thấy buồn,1,0,0.010553009
ko biết crush bây giờ có ở nhà không nữa 😭😭😭😭,1,0,0.004629138
per đem rác về nhà vứt luôn haha,0,0,0.0021719425
xem xong tao đã khóc rất nhiều,1,0,0.008603274
"nước mắt tự trào ra , thật sự rất cảm động 😢",1,0,0.00718194
không hiểu sao đoạn này rất kích thích trái tim hủ nữa của tao =)))),0,0,0.002491507
nhìn cái muốn cong :d,0,0,0.003668293
mới gọi điện thoại xong mới cười với tuii xong heheh anh đáng yêu vãi,0,0,0.0012904101
đi đường buổi đêm nhìn thấy hãi vãi ??,1,0,0.006207923
"có ai lần đầu bắn kéo ngược ra phía trước đạn bay vào mặt giống tao không , đau điếng",1,0,0.004012078
đôi khi có tiền cũng không đi được đâu vì đéo có ai đi cùng,1,0,0.03441476
cưng quá,0,0,0.0016024841
khi cô đơn lòng em nhớ ai :((,1,0,0.009288913
"cha quay phim cũng không phải dạng vừa , mẹ diễn viên thần thái vãi",0,0,0.0018846045
"1 câu mà người ta hay nói , đắng như vị đời 😌",1,0,0.0030462781
mẹ tao cũng thix em này 😅,0,0,0.0031884448
rất ghét phim ấn nhưng phải nói phim này hay 👍,0,0,0.0015610512
tôi trưởng thành vclll,0,0,0.0026535466
hy vọng sẽ mau tìm được anh người yêu thật tốt để 5 năm sau có một gia đình như vậy ❤️❤️,0,0,0.0014724876
thực ra chủ nó cũng bẩn vãi :) vầy quá kinh dị rồi :),1,0,0.0017671585
cuộc sống là cho đi ❤ đôi khi chỉ cần được thấy họ cười là bản thân thấy vui rồi ..,0,0,0.005436825
cực kì bản lĩnh lẫn liều lĩnh,0,0,0.0012610609
tôi còn chẳng lấy ảnh lớp cho nữa,1,0,0.015270518
nấu cơm như vậy xong đi lên nhà xem hoạt hình .. đến lúc hết phim xuống để xới cơm thì .... khét lẹt,1,0,0.0026706415
tớ có thấy con ngáo đấy nhưng không dám lại sờ huhu tt,1,0,0.007658725
muốn share về mà sợ bị bạn nè phẫn nộ quá,1,0,0.016159361
kiểu lâu lâu cũng không được nhắn tin cho ai như thế nên cũng muốn tình cảm xíu =)))) biết đâu,0,0,0.010021884
tao tháy gái nguy hiểm vãi,1,0,0.0019433245
câu hỏi thú vị 😃😃😃,0,0,0.0013849713
đcm ác mộng,1,0,0.001869866
xem phát khóc mẹ luôn 😭😭😭,1,0,0.0015169445
"per nhớ ngày xưa gần nhà mày có đàn ngỗng , tụi khốn nạn đó toàn đi dàn hàng ngang chắn hết đường hết lối , mỗi lần tao đạp xe qua là rượt tao gần chết :v ám ảnh vãi",1,0,0.02155995
crush của tao đi làm rồi . hihee . sáng mai mới về cơ 🤣🤣,0,0,0.0034085764
dễ thương 😂,0,0,0.0018248039
khổ thân vãi :)) xong bà lườm luôn :)),1,0,0.004053087
có con gái thật tuyệt ! 😍,0,0,0.0012490829
"nhạc buồn quá . bài này là bài "" chia tay trong chiều hoàng hôn nắng úa màu "" - justin bieber cho bạn nào chưa biết nhé . :'(",1,0,0.0020393725
mày giận lại tao hả tốt quá bố mày được đi chơi game rồi . tối về dỗ nó sau . chờ mãi câu giận của mày :)),0,0,0.0037513878
đag bị cuồng mấy video của chế này . ai có ngoài video này tag cho mình xem với nhé 😂😂,0,0,0.0019763394
nhìn dáng đi mà nhớ ông nội 😞,1,0,0.0013987889
per hihi nhớ không,0,0,0.0022483394
3 giờ sáng nằm xem xong khóc miên man 😢😢,1,0,0.009136774
đm trí tuệ vãi,0,0,0.0014059145
"sau khi kết hôn , anh sẽ thuê người giết cô để hưởng trọn tiền bảo hiểm 😌",1,0,0.004653454
"đó là lý do tại sao tao chẳng bao giờ đi hùa mấy bài bóc phốt , xem cho vui rồi lướt thôi :))",0,0,0.0047308384
t phải tìm bạn trai là nhiếp ảnh gia mới được 😆,0,0,0.0026876277
hình như anh nay đóng phim ngây ngô thì fải ... phim đó hay lắm các bạn nên xem,0,0,0.0013275666
cảm thấy bị tổn thương,1,1,0.99170375
động lực của phan con gái,0,0,0.0028895547
anh ấy không thương tao,1,0,0.0051535275
ha ha ❤️ chất lắm,0,0,0.0013188638
yêu chết đi được .,0,0,0.0023631228
một cách bán hàng nta gọi là đẳng cấp,0,0,0.0022388636
cute vậyyyyy,0,0,0.0029608605
"bắt cóc như chơi đó mậy , be careful",1,0,0.0016234546
xem đi xem lại vẫn hay ;)))))),0,0,0.0012610237
không biết s chứ ngày lúc 17t tao đi phục vụ phòng karaoke ... mình tao 2 phòng chạy qua chạy lại mệt quá vì xỉn ... kkk . thế là tao nghỉ trong ngày đầu vào phục vụ karaoke .🤣🤣🤣,0,0,0.009072755
nghe quả tên nó đã khét vãi rồi . :))),0,0,0.0021771924
cho nó cắn phát xem có thành spider man không 😂,0,0,0.0017011783
nó ốm nhom thương ghê :(,1,0,0.0025508325
trẻ trâu việt nam thật đáng sợ,1,0,0.0017311497
per hóng phim này dụ dỗ mọi người xem tiếp nè anh :v,0,0,0.0011566674
cíu tao khỏi hai tên đồng nghiệp bị crazy huhu,1,0,0.0022758292
tuổi thơ mình lớp 4 đã cảm nắng 1 anh chàng từ 1 viên phấn vôi .,0,0,0.0059519913
"per chưa bị rượt mà đọc bình luận thấy sợ quá , chắc tao sợ chó không là gì với con này :)",1,0,0.004241666
người ta có bạn bè nhìn vui thật,1,0,0.0013301768
"đã dùng , nhớ quá ngày xưa",0,0,0.0015891184
tiền mất tật mang . xe đã nát rồi giờ còn phải đền cách cửa cho tàu nửa,1,0,0.0057774223
người gì đâu mà đẹp trai hết sức !,0,0,0.0020076958
"haa ... haa ... ! đúng là có thay đổi lớn ! ngồi nhâm nhi ly cafe , phì phèo điếu thuốc nhìn thiên hạ cũng vui kkk ... !",0,0,0.0066541424
"tao toàn thế giận tao tao dỗi lại , lại phải dỗ tao . hahahaha",0,0,0.004141301
lại công cốc rồi . cả thế giới kì vọng,1,0,0.055899043
ước gì tôi cũng được kiên trì như anh ấy để dạy con gào mất nết nhà tôi 😪,1,0,0.0042033033
lạy ông nào nghĩ ra kịch này !!!,0,0,0.0015237841
đứng trước mặt nó tụt quần ra auto hết giận,0,0,0.004854097
công nhận 😌😌😌 đồng nghiệp hạp hạp tí có khi ngồi buôn cả ngày bám hơn cả bám người yêu . đi làm hôm nào cảm thấy hôm đó ý nghĩa vãi,0,0,0.001738328
chủ thớt sấp mặt rồi,1,0,0.0022783556
ngày ấy cũng từng như vậy ☺️,0,0,0.0030394457
quan trọng là đỉnh ^.,0,0,0.002147828
"mình chưa từng thấy phim nào ý nghĩa như phim này cả , nó dạy cho ta về nhiều mặt trong cuộc sống , khi vui , khi buồn",0,0,0.0023759212
tính ra con bé đó chuyên nghiệp ấy chứ,0,0,0.0018060904
những người thả phẫn nộ xứng đáng là thiên thần . dăm ba cái yêu đương vớ vẩn . ahuhuhu,1,0,0.001910848
"per anh nào nhắn vậy là tao yêuc luôn đéo suy nghĩ , ngọt vãi",0,0,0.0031909419
đm cười ĩa,0,0,0.0033923974
nhớ tới mối tình đơn phương !,1,0,0.0022479233
mỗi lần có video của con là cứ coi đi coi lại hoài . cưng con quá .,0,0,0.002008601
là do bản thân tao ngu thôi,1,0,0.004507918
per đã hiểu tại sao thằng bạn mình đam mê gym .. thì ra đây là nơi nó được sống thật với giới tính của mình ..🤣🤣🤣,0,0,0.0073210765
"3 idiots , bộ phim rất đáng xem",0,0,0.0013078974
"cái quá phơi lúa xong mưa , tao đang cười vì bà béo thì phải ngậm mồm .",0,0,0.0035097352
nhà tôi còn nè,0,0,0.0027639952
"mấy anh làm video đầu tư ghê , nội dung diễn xuất hay",0,0,0.0011372324
"kinh nghiệm được truyền lại là khi nào nấu xong bỏ tí "" tro "" vào lần sau không phải nấu 😊",0,0,0.002202565
"đó là 1 câu chuyện buồn , tao không có bạn trai hix hix",1,0,0.015320226
haha . dễ thương gê 😊😘😘,0,0,0.0013841873
"đúng vại , với ai nó cũng tỏ ra như thế . hihi 😂",0,0,0.0028548285
hạnh phúc phát khóc,0,0,0.0014441437
ông thần tài cũng không dám ăn luôn,1,0,0.0024434172
thương quá . géc nhất những người nuôi chó mà không chăm ... tội cho kiếp em nó gặp phải 1 người chủ như vầy . thân thương !,1,0,0.0021196383
"hồi nhỏ hay bị ngỗng rượt , vừa chạy vừa khóc la 🤣🤣",1,0,0.13025248
1 câu chuyện buồn :)) khuôn mặt biểu cảm :((,1,0,0.011466418
đúng là tốt quá lai thành lạm dụng 😶,1,0,0.0017362434
ngô ̀ i đo ̣ c bình luận chu ́ người no ́ tag người yêu va ̀ o ma ̀ sô ́ người mu ̃ i la ̣ i cay =)),1,0,0.004529683
hôm qua tao cũng xem chục lần :))) bài đếch gì hay vãi :)))))),0,0,0.0014855907
cmt thế thôi chứ thật ra còn trả dám ấn vào video để xem . đời tao tởm nhất là lũ nhện mà hay gặp vãi :((((,1,0,0.0049166316
tưởng mai đi họp phụ huynh mới bị u ám . ai ngờ hôm nay mới biết điểm anh 9 . 5 thôi đã u ám rồi :),1,0,0.002702951
cả tết được có 400k :(,1,0,0.0022813464
xem xong thấy buồn quá,1,0,0.0016935155
mai đến phòng đi tập luôn,0,0,0.0016183293
per ông đó có đôi mắt đẹp ghê,0,0,0.0013532612
tao đéo ghê con rắn tao ghê mấy cái trồi lên kìa :))),1,0,0.0017510069
"mới đầu mày sẽ thấy vui , từ từ nó quậy cho mày ????",1,0,0.0027781706
tanh bành cuộc đời rồi,1,0,0.0069648745
cảm giác vừa uống cà phê vừa hát mỗi ngày bình an lắm,0,0,0.0015002305
dm . đồ dạo này lắm tạp chất hay s í nó đéo phê nhg mà vẫn bị ngáo,1,0,0.0017735139
đến giờ tao vẫn chưa biết biển là cái gì ad ạ .,1,0,0.014655115
là đi phát tờ rơi ngay mấy ngã tư và cổng trường đại học ! được 200k về mua skin yasuo siêu phẩm 2016,0,0,0.0012385785
có ai xem xong không sợ với không giật mình như tao không @@,0,0,0.0025816849
nổii da gà hic,1,0,0.0015132381
bạn trai người khác không bao giờ làm tao thất vọng =))))),0,0,0.002706475
cám ơn các anh,0,0,0.001328049
tuyệt thật,0,0,0.00161216
crush bị thịt hay không không quan trọng . t chỉ sợ vợ tao đang bị thg nào đó gạ địt thôi . nghĩ mà buồn,1,0,0.009162768
per có nên áp dụng với anh hàng xóm không nhể 😆😆😆,0,0,0.0017296661
t chỉ sợ cảnh đấu kiếm :((,1,0,0.0055150012
bà của tôi đã không còn khi tôi còn chưa biết gg là gì,1,1,0.6463194
"mỗi ngày đi làm về , tôi không vội vào thang ngay mà thường ngồi sảnh tầm 20p chỉ để ngắm gái xinh cùng tòa 😆.",0,0,0.0073577487
đau còn hơn tỏ tình bị từ chối per,1,0,0.0051254425
khổ thân em nó . ??,1,0,0.0044472185
nhìn đoạn ổng tránh nó cắn mà nhảy tưng tưng rất chi là điệu nghệ và mang trong đó cả sự tấu hài nữa 🤣🤣,0,0,0.0016699391
per cười tức bụng nà vợ 😄,0,0,0.0020347629
hôm nay thật tệ :((,1,0,0.00475869
người ta đỗ giữa 2 cửa thế kia là rất ý thức rồi,0,0,0.0021178892
nhìn mặt con chó tội vãi,1,0,0.001668972
đã khóc . cha mẹ là người luôn yêu thương minh nhất,1,0,0.014472941
nó lại hợp lí vãi :v,0,0,0.0015095063
may nó không đâm cho lòi ruột,0,0,0.002077335
và người đó đang ở nơi đâu về với em đi . đợi người rồi người sẽ đến chứ ?,1,0,0.0063320533
"tui ở tuy hòa , phú yên mà chả nhận ra luôn .",1,0,0.005919969
con thương ông quá,1,0,0.0025314833
mặt ô kia khát nước nhìn buồn cườ thế 😂😂,0,0,0.004072806
e vừa bị điện cao thế giật hôm 17 chạp . bh nhìn cái ông này mà sợ .,1,0,0.009839748
hihi lâu lắm rùi mới thấy nó,0,0,0.004058618
"phải chi có ai đối với tao như này ha . nghĩ lại , mình không bằng cả chó . aiyo ....",1,0,0.0452345
"như đi hiến máu chẳng hạn :3 , suýt thì được gặp :(",1,0,0.0031103494
"thương các bác quá , vất vả 10 năm trời mà bị như vậy 😭",1,0,0.006354568
cưng quá trời luôn,0,0,0.0013640098
mua con lợn 5 chục lì xì được có 40 nghìn mất thời gian tốn cả tiền bạc 😂,1,0,0.0027688066
đã từng xem em là tất cả . mỗi khi mỏi mệt về thấy em và con cười là anh hạnh phúc rồi,0,0,0.0040863035
đầu óc đến giờ vẫn còn nặng và đang né tránh mọi người .,1,0,0.008644751
per bit cái nay không . hihi,0,0,0.0020452705
tội em vợ thế :(,1,0,0.0017712986
tôi từng được sống . nhưng đấy là truyện của năm ngoái rồi,1,0,0.035638534
per không biết còn nhớ tên tao không nữa 😑,1,0,0.011204388
"hồi lúc tao ăn lạp xưởng mắc xương , nói mà cũng đéo ai tin . tao hiểu cảm giác của mày lắm ?",0,0,0.030218488
"cái đáng nói là chủ không có thương , dòm em husky này ốm nhom , mắt lờ đờ thấy tội lắm",1,0,0.0077533387
nhìn em mà thương roi nói chuyện mắt,1,0,0.0022461826
hu hu đã bị chụp,1,0,0.005153562
:)) bật nhạc lên và quẩy thôi,0,0,0.0016782208
"chuẩn . tao mà chơi hoặc làm việc cùng bọn con gái tính công chúa một thời gian thì tao ngày nào cũng sờ troét , sau đó bị trầm cảm .",1,1,0.9821409
aii may mắn thì có vị ngọt còn aii thiếu may mắn thì họ chỉ toàn gặp những vị cay vị đắng của đờii :)),1,0,0.0037100688
lúc đấy là mình mình cũng lắng liền rồi chắc trào nước mắt mất,1,0,0.019127848
mới ho mà đã như thế nào thì lấy chồng chắc sống trong bệnh viện cả đời mất thôi,1,0,0.009527849
chạy ngay đi 😒 trước khi bọn chủ tịch vào đây và giả làm con cặc gì đó rồi bị coi thường và chúng mày phải nhận cái kết đấy !!,1,0,0.0034989484
tao dễ thương nhưng vẫn ế đây này mơ mộng ít thôi,1,0,0.0029710187
"ngày trước đi mua cái này cho chó của đứa bạn thân . mà 2 thằng thử xong phê quá quyết định mua mỗi đứa 1 cái , và chó 1 cái :))",0,0,0.002940091
bản thân quá hạnh phúc khi trong cs này rất . rất nhiều người mơ ước được như mình hiện tại . 😊😊😊,0,0,0.003745234
h chỉ pk nhìn họ bên người khác :((,1,0,0.004218884
per =))))) hahaaaa,0,0,0.002828909
đau lòng lắm khi tối nay chồng tương lai của tao lại cống hiến sức lực để chăm sóc vợ thằng khác ..,1,0,0.005856642
per về xem anh :v đái ra quần chuẩn mẹ rồi,1,0,0.001483794
mày không được ăn đồ chua nhưng phòng toàn xoài chua :(,1,0,0.0042729834
phim này rất hay . tình cảm nhẹ nhàng . toàn zai đẹp . hehe,0,0,0.001121223
khi nhỏ còn bị nghiện mùi khói này nữa chớ . 😄,0,0,0.0037812844
"vietcombank 1 tháng trừ hết 22k phí inter với mobile banking , dù tháng đó kau chả xài tới cái nào :((",1,0,0.0045639733
per =)))))) hít đi cho no chứ mắc công lại chửi tao không biết điều giở trò trước mặt cẩu fa như mày :),0,0,0.0036673693
dume cười muốn chết người ta ~~,0,0,0.0036736191
why ???? ai đã cướp boss 6 múi của tao vậy 😭😭😭😭,1,0,0.003186766
"đã từng nhưng 10 năm về trước cơ , buồn ghê",1,0,0.0063630524
"giỏi mà 😁, đúng là thằng tây duy nhất ở vn học tiếng việt mà giọng tuy hoà ( giỏi )🤩",0,0,0.001432047
"có hôm nó lo đọc cho mình nên không chép kịp bài , cô giáo bắt phạt đánh đòn cả hai đứa . năm sau bạn í chuyển trường mất , nhớ bạn quá !",1,0,0.004820478
per đợi rụng răng rồi anh tặng quà cho em luôn háy . hhha,0,0,0.0020547553
tìm mọi lí do để có thể chạy xe ngang nhà nhìn nhà nó phát xong cười mãn nguyện đi về :)),0,0,0.003961574
phận làm trai nào sung sướng gì 😂,1,0,0.0033433295
buồn cho 1 đất nước .,1,0,0.0033180285
"per 2 con hay cap màn hình nhất thế giới , nói chuyện với nhau toàn cười ỉ 🙄🙄🙄",0,0,0.0013812858
hy vọng mọi điều tốt đẹp sẽ tới,0,0,0.0013148648
có ai xem đi xem lại như tao mà vẫn cười đéo nhặt được mồm không ạ :)),0,0,0.0027836594
cứ thấy nó là ăn không còn xác thì lấy gì chúng kịp phá . nhìn thèm ứ chịu được 😔😔😔,1,0,0.008159721
nản kèo vãi,1,0,0.0020423739
vì yêu người khác nên biết là ngu nhưng vẫn làm :(,1,0,0.001678153
nhỏ nhặt nhưng ý nghĩa và hạnh phúc 😊,0,0,0.0012695906
chúc trump chuyến bay thật may mắn nhớ tới thăm hà nội nhé xin chào,0,0,0.0013793914
chắc kiếp trước gieo nghiệp kiếp này phải gánh thôi,1,0,0.0037861085
"ôi mệt quá , một ngày buồn tẻ",1,1,0.93849015
"thôi không níu giữ kí ức xa vời , và chẳng bao giờ thuộc về nơi em",1,0,0.015760016
có cả chiêu của per trong đấu trường thú nè :))),0,0,0.0018345997
chẳng hiểu sao tao cười sặc sụa,0,0,0.011889619
địt mẹ đời tao,1,0,0.0036459004
đúng là nhân tài luôn ở khắp mọi nơi kkkk,0,0,0.0015216585
có tiền chưa chắc đã ngọt nhưng nếu không có tiền chắc chắn là đắng .,1,0,0.002308336
per có thằng bị tao bắn từ đó không thấy họa mi hót nữa luôn,0,0,0.004375842
khuôn mặt đáng thương,1,0,0.0020081508
kinh khủng thật :((,1,0,0.0015221997
mày lấy sỏi xếp thành tên dume khôn như tao này .,0,0,0.001858274
tao thì muốn là đéo bao giờ . nhưng mẹ tao thì muốn ngay bây giờ 😢,1,0,0.018042482
em vẫn nhớ cái bếp này kkk,0,0,0.0028958006
có ai không sợ nhưng giật mình như tao không :) dumehuhonchimen,0,0,0.007749745
diễm quỳnh haha em không biết,0,0,0.0019746048
clm đêm rồi tha cho tao 🙂 tao đéo muốn chạy xuống dưới nhà hoặc là nhịn đến sáng mai đâu 🙂 con gì thì con kệ mẹ 🙂 đừng nhắc đến nhện 🙂,1,0,0.16189241
"hí hí . tiến sĩ cừu , thạc sĩ cừu ... chẹp chẹp 😃",0,0,0.0018234523
chưa khi mô biết cảm giác đi nhởi trung thu với người yêu như răng,1,0,0.0031397108
khá quá nhể :))),0,0,0.0016090148
tình anh em thật đáng khâm phục 😍😍😍,0,0,0.0011972513
ngày trước mình qua singapore cũng vậy . dư hành lý 2 chi em mă ̣ c 4 bộ lên người kkk,0,0,0.0056924457
cứ sợ rớt điện thoại :)))) sợ nhất là lỡ khúc nào khó là té không thể tả nổi,1,0,0.0021683304
"ôiii vãi , dume nhìn thôi tao đã sợ rồi . từ nhện nhỏ đến nhện to không con nào là tao không sợ :((",1,0,0.005807232
chủ như này lại chăm làm vãi =)),0,0,0.0015235281
per nhìn nó gớm những vẫn khoái coi . thú vui biến thái dễ sợ,0,0,0.0017514036
âu cũng là kiếp người . tại sao ông trời lại đày đoạ con người ta đến như vậy,1,0,0.005022989
"per hồi học đại học , điện hỏi xin tiền bố , bố ra ngân hàng gửi tiền rồi điện em hỏi stk rồi hỏi "" tên mày là gì ??"" 😭😭",1,0,0.005459559
"tao cưới rồi , cưới nữa cho vợ tao chém tao chết à",1,0,0.005119399
gì mà ghê vậy 😑 sởn gai ốc,1,0,0.0019627933
moá . tao muốn chết quách cho rồi,1,1,0.9855025
nói thật :)) tao chỉ buồn cười khi chúng nó chia tay thôi :)),0,0,0.006532023
"những hành động đẹp , đáng được trân trọng , và sẽ được lan tỏa ở mọi nơi , thật tuyệt vời 😍",0,0,0.00126356
nhìn mà nổi hết da gà,1,0,0.0021412168
:v tới đây đi anh chịu trách nhiệm cho :v,0,0,0.0020320243
chúc bạn thành công < 3,0,0,0.0011458008
"per lại nhớ chiều nay , buồn cười sấp mặt luôn . :v dù mệt nhưng ngày nào tan làm cũng muốn được đèo đưa đi ăn kem , ăn đồ chua , ăn miến trộn như hôm nay cerrrr :v",0,0,0.008271234
"thấy bảo sang năm được tủi , nhưng mà năm nay vẫn chưa có người êu",1,0,0.0035306013
"khổ thân người dân , trước dự án cao su là dự án cà phê , làm thêm dự án nữa coi như một đời bỏ phí",1,0,0.002995048
trong mv mà có tao đứng dưới mưa nữa thì buồn phải biết,1,0,0.0033542775
đố ai định nghĩa được tình yêu . có khó gì đâu một buổi chiều . nó chiếm hồn ta bằng nắng hạ . bằng mây nhè nhẹ gío hiu hiu 👏,0,0,0.008596907
sợ nhất con quỷ này trên đời,1,0,0.0069276076
tự hào ngồi mâm dưới,0,0,0.002510372
10 đứa bạn thì có 9 đứa là con trai rồi . sau nhiều năm kinh nghiệm thì chơi với nhiều trai thì sẽ bị ế muôn đời muôn kiếp . haizaaa ...,1,0,0.0033972757
"làm bác sĩ sướng thật , bảo cở là cởi , bảo cưới là cưới . lắc đầu cái là cả nhà khóc .",0,0,0.002088817
đầu mùa chua chua ăn ngon vãi_chưởng . thích vải lắm luôn . trong khi nhà toàn nhãn .,0,0,0.0028758668
chị ấy được đào tạo qua lớp người nhện bắn tơ nên không biết sợ 😂😂😂,0,0,0.0050389287
xem mà cuối phim thấy tội chị ma nữ 😂,1,0,0.0014190605
😐😐 phê hơn lá chuối,0,0,0.0012947669
bên đây thấy yên bình hơn nhỉ,0,0,0.0013332266
cần lắm những nhà tuyển dụng như vầy :)))),0,0,0.0022272035
một giây rung động con tim :))))),0,0,0.0024103965
nhìn giống hai anh đang tỉnh tò với nhau ghê ( mình là hủ đừng ném đá nha 😅😅😅),0,0,0.0038622885
chúng ta thật hạnh phúc và luôn đi chung với nhau suốt chặn đường dài rồi đó nà ?,0,0,0.0020230187
mong bé sớm được mua lại,1,0,0.0021571848
sao lại bất công thế,1,0,0.0018539929
"một lúc nào đó chúng ta sẽ không nói chuyện nữa , lúc đó có lẽ em thật sự đã buông bỏ được rồi ...",1,0,0.036291264
học xong 12 như hết thanh xuân có lẽ phải bỏ lỡ 1 người,1,0,0.0018643732
"cv không áp lực , môi trường xung quanh mới dễ tạo áp lực",1,0,0.0056991805
"ngày xưa có đĩa phim này . bố đi công tác về thấy cái đĩa tên là "" cô dâu 15 tuổi "" . má ăn chửi sấp mặt ...",1,0,0.0026975935
per bị chì chiết từ 6h sang đến 23h phia . vẫn sống vui 😊😉,0,0,0.0030270752
e thắc mắc là cố gắng 1 năm mà rủi ro khách hàng hay bên nhà sx dây không cảm động là ăn cám ạ 😌,1,0,0.0051167845
cưng xỉu ~~??,0,0,0.001884486
chắc là uncrush thôi . bố mẹ thì còng lưng ra làm cho con đi học .,1,0,0.0075171813
và sếp tốt có thể giúp ta vui vẻ từ sáng thứ hai cho đến tối chủ nhật 😀,0,0,0.001798334
hay lắm chàng trai trẻ,0,0,0.0011955269
"đang coi thấy nghi nghi , tắt vô xem bình luận , đoán ngay là sẽ giật mình , nên thôi không xem nữa haha , dễ gì bị dụ haha",0,0,0.0032334528
chưa bao giờ b đến đích là gì cả,1,0,0.0036002162
không cướp ở đâu đi cướp ngân hàng của nhà nước 🤣🤣🤣🤣,0,0,0.0016631174
nhiều lúc sợ bị pê đi,1,0,0.2777234
dù thời tiết nóng bức ... nhưng ăn vải vẫn là ngon nhất,0,0,0.003570623
bà tôi giờ mất mấy năm rồi giờ lớn lên rồi mà chả tặng được bà món quà nào cả 😭😭😭,1,0,0.019536285
chỉ mong thương nhau đến đầu bạc răng long . vậy là đủ 👌,0,0,0.0023233239
éo biết sai hay đúng nhưng thanh niên này chất .. bản lĩnh bình tĩnh !!,0,0,0.0013792253
"fa lâu năm có biết 14 / 2 hay 15 / 2 là ngày gì đâu , chỉ biết là ngày đi làm về và rất mệt",1,0,0.0038421901
nụ cười của crush kích thích vãi :)))))),0,0,0.0013647374
tao cười tao ỉa =)))))) hâhhahhahahahaha,0,0,0.002720688
cái cảm giác nhìn người thân mình khổ còn mình lại chẳng làm được gì giúp .,1,0,0.19135232
may mình đi làm rồi chứ 10 năm trước chắc sẽ phát khổ với bố mẹ vì mấy tin con nhà người ta như thế nào,0,0,0.0074523226
"moá nó , cười đau hết cả ruột",0,0,0.0024147413
tuyệt vời quá cần nhiều tấm lòng tốt hơn nua thật là ý nghĩa,0,0,0.0011591193
"tên của tao nghe rất bình thương , không có gì đặc sắc nên nhiều khi nghĩ cùng buồn tẹo .",1,0,0.0148813035
nhanh lẹ hiệu quả cao 😂😂,0,0,0.0012073147
được đấy tao thích,0,0,0.0015988682
"chúng ta những tháng ngày sau đó vẫn gặp nhau , vẫn nói chuyện nhưng không phải những cô cậu của hồi c3 nữa . chúng ta đều khác",1,0,0.008460855
tao còn độc thân này :((,1,0,0.007969702
"ám ảnh vãi :)) hồi bé tao với chị tao trên đường đi học về thấy có mấy con ngỗng , thấy hay ra nhìn thử dume xong nó dí tao với chị tao về gần nhà :)))",1,0,0.0036630058
"nhiều kỷ niệm đẹp , giờ nhìn mấy đứa nhóc đi học mà muốn quay về quá khứ .",1,0,0.003849095
"chắc ông chồng hạnh phúc lắm khi sống chung với người vợ như vậy , những đứa con chắc cũng yêu mẹ họ lắm ! mà thặc ra là giống với mẹ tớ lắm kkk",0,0,0.0025077085
tao sẽ chỉ tự an ủi là đấy chỉ có trong phim truỵên ngôn tình :),1,0,0.008534442
e lên mang câu chuyện này đi thi thách thức danh hài . rất duyên,0,0,0.0012024422
per :)))) buồn cười vãi,0,0,0.0018994968
"quá đơn rản , bạn thân yêu ơi ,",0,0,0.0015182508
"tiêu đề bộ phim cứ ngỡ là thể loại hài , nhưng nếu xem hết thì các bạn sẽ rút ra rất nhiều điều và cái hay trong phim này",0,0,0.0016544783
đù . ?????? sợ tụt lol,1,0,0.0029491826
trích mà như vầy rồi . sao dám coi phim đây 😢,1,0,0.0037647667
dù có nói thích mày thì cũng đừng có tin .. xã hội giờ nguy hiểm lắm,1,0,0.007234778
khi bạn bất cần vãi đời ... làm việc xấu mà cảm thấy thanh thản vãi 😁,0,0,0.002613544
tuyển ngay về làm nghiên cứu viên cao cấp cho các hãng khóa :d,0,0,0.0014123573
năm nay chạnh lòng quá . haizz,1,0,0.002777682
bài mà từng nghe khi tổn thương lần đầu,1,0,0.0014720871
đang tập hát 😶😶 hay thật 😔😔,0,0,0.0011975322
"chồng biết không , hihi",0,0,0.0029418422
sẽ hấp dẫn hơn khi dưới sông có cá sấu :)) lót dép hóng,0,0,0.001736945
người lớn tuổi nhiều lúc rất dễ thương 😊❤,0,0,0.0017848392
tao thề . nhìn bạn ấy xong tao muốn rụng mấy quả trứng luôn 😓,1,0,0.00813964
tao cừi tao ỉa 🤣🤣🤣,0,0,0.0030461883
dù ra sao vẫn giữ nụ cười và sự tự tin,0,0,0.008718314
cưng hết sức nà,0,0,0.00201227
sợ đến lúc đó muốn lấy vợ phải sang nước khác nhập khẩu về quá,1,0,0.004142576
"t nghe nói : đi tập gym sẽ có người yêu ...! awwww . điều đó không sai , điều đó là có thật 😂😂😂",0,0,0.00229263
per trung thu chia tay gấu à ? bất hạnh nhỉ,1,0,0.0022826632
xem xong hết cái video mà cảm thấy buồn cho cái xã hội bây giờ,1,0,0.002021884
em nó đây nha các bác . kkkkk :))))),0,0,0.0023481606
per mày phải thấy may mắn khi cuộc đời mày được gặp tao :))),0,0,0.004557316
anh đánh mất thật rồi,1,0,0.0063420553
điện cho đứa bạn . đem mũ ra . coi ai hơn ai . kakaa .,0,0,0.0032338016
người yêu tao bỏ tao rồi :(,1,0,0.0033980056
boss có bộ đồ ngủ đĩ thõa ghê gớm 😅,0,0,0.0014340928
"má , mặt đúng ngáo luôn 😂",0,0,0.0020441327
móng của bố tao . hồi trước và bây giờ đã cắt vì lý do . sức khoẻ .,1,0,0.0049678613
hồi xưa anh hay bị chửi trẻ trâu này nọ ... giờ anh là tổng giám đốc rồi 😁😎,0,0,0.0040053786
trước em cũng hắt xì 1 cái lưng khụ xuống như ông già đau vãi,1,0,0.006892412
hay ý nghĩa sâu sắc 🙂,0,0,0.0014813415
yêu quá nè nè,0,0,0.0013379381
vỉa hè to thế vẫn còn muốn ăn cả ồ hố nữa hả =)),0,0,0.002245061
ngồi nhiều quá nhìn họ đau mắt,1,0,0.0019448563
t chỉ thấy tình yêu của tao nó tan vỡ thôi,1,0,0.014701582
dễ thương quá !!!,0,0,0.0015260596
năm nào cũng phải ở nhà trông nhà :((,1,0,0.0059411707
nguy hiểm đến với bao nhiêu bất cứ lúc nào,1,0,0.37612265
"có mà bữa chạy ngược chiều trên qlo 1a tại có hẻm nhỏ để quẹo tắt , chưa kịp quẹo bị 6 anh csgt + 1 xe bắt xe tấp vô chặn đầu xe , hoảng hồn cmnl .",1,0,0.007206141
thương anh bạn kia quá .,0,0,0.0019274086
trông rợn vãi :)),1,0,0.002655496
giọng lại còn ấm nữa chứ ♥️,0,0,0.001589502
"ngày xưa toàn bị mẹ đánh bằng dây điện , vụt phát nào ứa máu phát đấy . giờ nghĩ lại tự nhiên lại thấy hay , vì ngày xưa mẹ nghiêm khắc như thế giờ mình mới ngoan 🙂",0,0,0.019323803
chắc mình là thánh nguy hiểm,0,0,0.001730433
nhớ lần nấu cơm thần thánh này không ? per chỉ là mải nghịch nước thôi mà …,0,0,0.0026165112
cảm ơn bố !,0,0,0.0021725502
nháy mắt cũng đáng yêu kkkk,0,0,0.0014664975
lãng mạn vãi_chưởng =)))))) 0,0,0,0.00150596
vâng chú ah haha,0,0,0.0016550126
tôi cũng muốn được cảm thấy như vậy ??,1,0,0.0798869
đáng yêu quá . chúc ông bà thật mạnh khỏe mãi hạnh phúc như vậy 😍,0,0,0.0011915126
nhờ đó mà tôi cảm thấy nhẹ nhõm và trở nên mạnh mẽ,0,0,0.0036405106
giun này mà xào thêm ít xả ớt thì tuyệt cú mèo 🤣,0,0,0.0014826532
tớ chỉ an ủi bạn í thôi mà :(,1,0,0.40080786
"per giỏi phết đấy mỗi tội nghịch thôi , được cái làm từ thiện nhiều .",0,0,0.0014769159
nhưng mà từ giờ trở đi đéo được tiếp xúc rồiii,1,0,0.0037088492
"hồi nhỏ thì tao bị cả bầy dí , được fine :)))))) đến khi tao 12 và đi học đh năm nhất , sau 1 tháng xa nhà , về nhà và cái kết là tao không còn bước ra khỏi cửa nữa , n dí everywhere :)))))))",1,1,0.9306888
per gần nhà c ơi . hic hic,1,0,0.0014701398
nếu tao được gặp ba tôi 1 lần nửa thì tao sẻ nói con thw ba nhìu lắm . nhưng lời nói này chẳng pao giờ được nói nửa vì tao và ông ấy đã xa nhau mãi mãi,1,0,0.02960094
bố đi đường mà sợ quá,1,0,0.0022353982
lúc dỗi thì càng dễ thương hơn,0,0,0.0020338083
đm lừa đảo hằng năm cả trăm tỉ . giờ phạt có 5 triệu :))) chán vãi,1,0,0.0028149032
"ko nói nhiều chỉ ủng hộ anh per vì thấy thái độ trước tòa là hiểu anh per hoàn toàn chân chất , không có thủ đoạn gì hết",1,0,0.002333387
mình toàn làm ba mẹ buồn,1,0,0.0019578685
vui tính quá ?? vừa kết bạn xong ??,0,0,0.0013513752
chỉ biết xem và ngậm ngùi lướt qua,1,0,0.003812509
cách tạo nghiệp chướng nhanh và hiệu quả :)),0,0,0.0014540422
ký ức 1 thời . nhớ,0,0,0.0018159162
chị lỡ mất 1 nhịp tim vì cưng đấy ❤️❤️❤️,0,0,0.0018433086
đẻ sao mà cu con đẹp quá vậy trời 😍,0,0,0.0013824129
mát lồng lộng mày ạ,0,0,0.0015577475
"bỏ qua mấy dòg chữ , nhìn khuôn mặt con bé không thể nhịn cười per :))",0,0,0.002263258
"có ai nhìn thấy giun đang bò trong ảnh không , sợ vãi",1,0,0.0058367257
nấu có cháy mới ngon :)) còn nước cơm hoà với đường thì toẹt vời,0,0,0.002398396
chắc thôi tao đéo ra đường luôn :))) sợ vãi,1,0,0.005048803
khi nào tao thấy thích . mà thích rồi chưa có người thích cùng .,1,0,0.004812367
gắn bó thời sinh viên á !,0,0,0.0020099527
bà ngày xưa đẹp quá ❤️,0,0,0.0014659968
buồn vì mình không giúp được gì cho ai . nhìn những người khác khổ hơn mình mà thấy thương họ,1,0,0.009082772
tao cũng vậy nè . lắm lúc đi với chồng mà cứ hỏi bên này bên phải nhỉ bên này bên trái nhỉ . mệt mỏi,1,0,0.0067803627
haha con mấy cái video toàn đóng vào mỏ nhau không . cười tụt quần 🤣,0,0,0.0020091133
ui đáng yêu gheê,0,0,0.0014296419
rồi đất nước mình sẽ đi về đâu .:'(,1,0,0.006407822
"chắc tại từ nhỏ tới lớn mình "" man "" quá nên không gặp được gã nào ga lăng dư này :(",1,0,0.005117445
đang thất tình mà dume cứ bắt đi bán xoài @@,1,0,0.0029059418
"per may có con bạn đang giảm cân nhưng nó hiền , nó sẽ lao vào ăn cùng tao chứ không tát sấp mặt tao như vậy , phải không ?",0,0,0.0051001166
hồi xưa làm fanpage được gạ kèo 7 triệu nhưng nhất quyết không bán . cảm thấy quyết định đúng đắn nhất trong đời,0,0,0.0048174895
ụa cho fa đọc chi rựa huhu,1,0,0.0017420929
tao coi tao sợ nó lọt quá bây,1,0,0.0025090398
các bác dẫn crush qua cây sữa nay mà hứng nước đái ve nha haha,0,0,0.0014394254
nếu để ý kĩ thì lái tàu có thể bước xuống và kéo đường ray qua một bên rồi cho tàu bẻ tay lái một chút là cứu được cái xe . tiếc cái xe quá,1,0,0.005208031
buồn vương mi !!!,1,0,0.002921838
chuyên cơ tt quá đẹp ! bao giờ má mua được chiêc như vâ ̀ y trơi ̀ !!,0,0,0.0018874652
chắc chắn bố của bạn này là một người vui tính chứ không phải khó tính . khiếu khôi hài bạn ấy ảnh hưởng từ bố .,0,0,0.0026282358
tuổi thơ bất hạnh .. học mẫu giáo mà cạnh trường học là 1 bầy ngỗng . sáng nào tao cũng được chạy bộ tập thể dục nhờ bọn nó,1,0,0.011640414
thấy anh đấy làm tùm lum mà con nhện vẫn đứng im là tao biết có chiêu rồi . định gạt anh ak,0,0,0.0037656105
per đi bộ ở trường về thì dcm nổi ám ảnh đúng giờ tao về là dcm nó ra nó dí ngày nào cũng dí chạy cái luôn,1,0,0.0068089245
"per sợ chưa , ông bác hơi bị cứng nhé :))))",0,0,0.0020302702
tiếc quá đẹp trai mờ không có chim,1,0,0.00162534
bài viết hay quá !,0,0,0.0012575035
cái nay nhận ra lâu roài . mà đi làm toàn gặp đồng nghiệp đáng yêu hi,0,0,0.0011907478
lại được làm thêm quả nhà nữa . ngon,0,0,0.0012075175
"coi 3 lần mà vẫn cười , phim hay nhân vật dễ thương",0,0,0.0011626238
bản thân cố gắng cũng chẳng dễ dàng gì :((,1,0,0.009336028
coi phim này xong thì nhỏ bạn tao bắt chước giống vầy với crush nó . sau đó thì ... à mà đéo có sau đó nữa :v,0,0,0.0023206891
nó cười với người khác chứ * beep * phải tao :((,1,0,0.003256202
"mong là bố mẹ mình không đọc được tin này , sợ vãi",1,0,0.0047066277
"còn tôi thì lại khác , thanh xuân của tôi chả có bây giờ gặp được aiii và hạnh phúc bền lâu cả :(",1,0,0.008812251
mỗi phút bên em thật tuyệt vời . chỉ em mới cho anh cái cảm giác đó,0,0,0.0023902887
"trước đây mình không thích xem phim việt , nhưng mấy năm nay phim việt chiếu phim nào cũng hay . tự dưng không thích xem phim hàn quốc nữa .",0,0,0.0061371643
khoảng gần chục năm về trước thì còn vàng trắng .... giờ thì bán còn không đủ không đủ để trả công nữa là,1,0,0.009376034
đứt quả chuối trong mồm . đéo dám nghĩ kết quả lun,1,0,0.00345639
tao kìm nén lâu qá rồi mà 😌😌 tức nước vỡ bờ thôi,1,0,0.015383287
đúng cát bà rồiii ~,0,0,0.0014119389
"đến lúc yêu nhạt cực :) tao thề ! kiểu chán chán , muốn quay về đơn phương hơn",1,0,0.0037171927
"những thứ tưởng chừng như rất đẹp nhưng kbh được trọn vẹn , cuối cùng để lại chỉ là những kỉ niệm đã từng :))",1,0,0.00228447
"chuẩn , thấy đa phần nam chính vẫn được lòng hơn .",0,0,0.0016584322
đi làm quán nước mà mỗi cái bịch nay long đựng ống hút nó cũng xé nhỏ ra rồi để bay tứ tung đi quét đã muốn lòi lồn,1,0,0.005116413
sởn gai ốc với chị ấy,1,0,0.0015148919
chủ kiểu lol gì đáng yêu vãi ?? :)))),0,0,0.0012458338
"lúc trước ông với bà tao cũng thế , bây giờ thì ông bỏ bà đi trước rồi .",1,0,0.005542314
hôm nay bạn đi làm . tiền đâu mà mua 😌,1,0,0.0050712344
dễ thương vãiiiiiiiii,0,0,0.0018353742
dume nó hết con mẹ nó hồn ....😭😭😭😭,1,0,0.0032871424
còn tôi tự nhủ dù lớp học tự ý bỏ về hết tôi cũng phải ở lại học đến tiết cuối cùng . hết giờ tôi cứ ngồi đó rồi từ từ bước chậm ra cửa ngoái đầu nhìn lại .,1,0,0.030731207
bạn trai thì chưa . nhưng mỗi lần thằng bạn nó cắt tóc cạo râu thì auto nhìn đẹp trai,0,0,0.0018500721
ngày đi học . có lúc đang ăn cơm . bố hỏi . per năm nay học lớp mấy rồi con ☺ t không hiểu bố tao hỏi cái gì 😭,1,0,0.042918373
lớp 5 mà viết kiểu này cô đánh gãy tay .,1,0,0.0021600402
đi chơi xong về cũng buồn như chó cắn tiếp thôi,1,0,0.0067732623
dume cười vãi luôn trời :)))),0,0,0.0021316714
còn người yêu tao : một hơi có một anh đẹp trai bay lơ lửng rồi ôm lấy em khi em tắm :(((,0,0,0.003462262
hạnh phúc là đây chứ đâu =))),0,0,0.0031196217
và cứ thế tôi khóa lại 3 năm thanh xuân tươi đẹp của mình :),0,0,0.014248235
sáng nay mình cũng gặp 1 anh công an dễ thương lắm,0,0,0.0014588146
tất cả đã đều quá hoàn hảo rồi . trừ pha nhảy cuối thôiiii :v,0,0,0.0016485072
per :)) chắc giống cảm nhận của ông lái oto hôm qua,0,0,0.0021776045
hãy nên trân trọng những người bạn như vậy .,0,0,0.0028383946
ngoài mấy phim về vật lý ra thì phim nào của ấn cũng có những ý nghĩa sâu sắc .,0,0,0.0015816084
cuối cùng per cũng thành công rồi nha per nha,0,0,0.0012111173
cũng thơm mà . kì thị quá à .,0,0,0.0013669945
hình vui mà sao đọc lại muốn khóc nhĩ ...,1,0,0.0029775128
"per thể loại mới nè , có vẻ phê",0,0,0.0012590477
bạn này yêu bố nhiều lắm mới vui vì bị bố mắng . chứ ai đời bị la mắng mà kể lại cho người khác nghe mà vui đến thế,0,0,0.0029658882
"tình đến , rồi tình cũng điii 🙂🙂🙂",1,0,0.0023574012
mấy má đang có kinh rồi mặc áo đầm nhảy qua thì nhuộm đỏ 1 dòng sông cmnl 😳,1,0,0.0029499582
ủa là đụme video hài hay deep vậy . chớ tao thấy buồn cười vãi vì nhây đéo tả được :))),0,0,0.0022524698
thanh xuân rồi cũng sẽ qua có những người trong ta mãi chẳng thể xoá nhoà !,1,0,0.007493283
cậu bạn mẫu giáo năm ấy chép bài cho tao để tao khỏi bị thẻ tay giờ đang nơi đâu ???,1,0,0.0038075135
nhà thì không xa lắm nhưng chưa bao giờ đi vì sợ bị đè bẹp luôn người =))))),1,0,0.0035653927
"từ nhỏ tới lớn đi học toàn ngồi chung bàn với nam , toàn phải đương đầu chiến đấu với vạch phấn chia đôi bàn ghế . 🤣🤣",0,0,0.0035409485
buổi tối vui vẻ và ấm áp nhé đại kỷ nguyên ! tương tác cho hằng khỏi trôi bài nhé !,0,0,0.0011704114
họ hành động quá đẹp,0,0,0.0011851761
rất chuẩn hãy sống làm người cơn luôn luôn co hiểu thảo với cha mẹ của mình nhé moi người ơi,0,0,0.0012456571
nói chuyện yêuu thế đmaaaa ??,0,0,0.006402423
anh thích em rồi đấy 😂,0,0,0.0035010471
tội quá ! nuôi mà không chăm sóc,1,0,0.0013791753
3 thằng ngốc . xem ý nghĩa lắm,0,0,0.0013628458
"có người cả đời ăn không hết lại có người thiếu ăn , thiếu mặc nhìn chán đời vãi",1,0,0.0037282915
người tài như vậy lại không được sử dụng đúng mục đích … quá buồn,1,0,0.0023393056
t đã cố tình che mặt nhưng vẫn giật mình,1,0,0.013074052
khi nào đón bé về nhà nhớ chụp đăng lên cho bọn tao coi dung nhan thằng bé nha :vv,0,0,0.001784174
haha cứ lên xuống thấp thỏm kìa ..,0,0,0.003910178
tao chả nhớ ngày tháng năm sinh của mẹ tao và ngược lại :((,1,0,0.0069701266
có tiến bộ ! kkk,0,0,0.0017731857
ngày buồn hôm ấy tôi cũng là người rời khỏi lớp cuối cùng .!!!,1,0,0.040469673
vâng ah nên em cũng sợ quá mà :-),1,0,0.006626608
cái mặt xinh quá,0,0,0.0015726965
tao toàn bạn gái mà sao vẫn tưng tửng nhể ???,1,0,0.0029463843
xong bỗng nhiên một ngày mất hút không để lại 1 hạt bụi,1,0,0.0032346656
một nỗi buồn thầm lặng,1,0,0.26207092
cưng nhỉ,0,0,0.0016307787
"năm nay mua cân na về nhà ăn dần , tối ra đường xem chúng nó dẫn vợ thằng khác đi chơi ... kaka",0,0,0.0022028964
bà ma nữ nhập vào nv chính thấy dễ thương dã man 😍😍,0,0,0.002127924
nhớ thời sinh viên 😃,0,0,0.0016785988
"cái ông này mới xem thì thấy bình thường , mà càng xem lại càng đẹp trai 😂",0,0,0.0015124559
dù cậu làm tôi tổn thương mỗi ngày nhưng chả hiểu sao vẫn thương cậu,1,0,0.044877723
làm phục vụ xong 4 tháng đi hà nội 1 lần chỉ để gặp người yêu xong giờ thì mới biết là nó cắm nguyên cây sừng lên đầu mình,1,0,0.005130739
buồn quá buồn,1,0,0.0035549642
còn gì đau xót hơn 🙂🙂,1,0,0.003546675
đơn giản nha .. cơm này ngon hơn cơm điện nhiều . không tin thì cứ thử,0,0,0.0013743463
tội nghiệp thằng bé :)))) chúng mày bốc đâu mấy cái thẻ hay thế ??? :v,1,0,0.0016987263
"và sau mùa vải , tàn dư còn lại là những nốt mụn 😌😌😌",1,0,0.005866735
haha thì ra trên đời này tao không cu đơn đâu đó vẫn có những đứa con ghẻ như tao cùng bắt tay chào hỏi nhau nà,0,0,0.004158104
per haha cái t2 hợp với em nè ;)),0,0,0.0015226072
hết tiền rồi này,1,0,0.0033515322
"tại giống nhau quá , nhưng đừng như người ta nha , nghĩ đến tự tử các thứ chẳng có gì là hay cả",1,0,0.005710183
chợt nhận ra mình yếu đuối như một đứa con gái vậy 😢,1,0,0.014900511
buồn nhỉ 😴😴😴,1,0,0.0020147527
tuổi thơ cũng từng trải qua nhiều lời cay nghiệt hơn vậy .. nên c hiểu được cảm giác của em ..,1,1,0.5093449
muốn nhanh thì cứ phải từ từ =))))),0,0,0.0037095433
cái giọng anh quay phim nghe ngọt quá 😘😘,0,0,0.0012334891
khiếp ăn tạp chẳng chết,1,0,0.001696676
lại là án oan sai 😔😔😔,1,0,0.0026217902
cũng muốn vứt giày cũ nhưng lại không có tiền mua giày mới . đành chấp nhận đau chân vậy,1,0,0.009843237
thế mới làm nên nghiệp lớn chứ,0,0,0.0016589786
chưa bao giờ được nge câu này 😞,1,0,0.0038965528
chả có tiền mua 😩😩😩,1,0,0.0038014033
"thời thanh xuân tôi từng yêu quý nét hiền thục của chị hiền mai . và đúng như cái tên hiền mai của chị , tên và tâm tính đều đẹp , hiếu thảo khó ai bằng . em xin chúc bác có thêm nhiều sức khoẻ để chị có được nhg tháng ngày hạnh phúc , ấm áp bên mẹ ạ .",0,0,0.002334493
nói gì thì tụi bây cũng không tin đâu ..😌😌,1,0,0.0061605433
"thật tốt vì chú chó ấy đã tìm được người yêu thương nó , kiên trì để nó tin tưởng thật sự :"">",0,0,0.0025328023
đkm lại diễn rồi pr cho game aumobile chứ gì tuổi lol qua mắt tao =)),0,0,0.0025533366
"công nhận năm nay tiến triển hơn , đợi 2 bà chị đi hẹn hò về còn có scl mà ăn ké :v",1,0,0.0013663241
đoạn cuối hình như nó khóc,1,0,0.0040454715
em hết ngáo rồi nha =))),0,0,0.0024343417
chỉ là muốn cạnh mà chỉ có 2 người . nói đủ chuyện trên đời dưới biển rồi đi vào giấc ngủ ngon . vậy thoii,0,0,0.007337209
ngồi cười như dại =))),0,0,0.0036253093
nhiều khi cũng muốn chọc cho người yêu giận nhưng mới nhớ ra mình đéo có người yêu 😌,1,0,0.0040683057
tag vô cho xem mấy đứa xấu tánh thôi chứ ghệ anh tánh cực kỳ dt,0,0,0.0018516367
kiếp trước sống lỗi quá nên kiếp này nghiệp quật :((,1,0,0.0051505747
"một đời chẳng mong phải nhà lầu 4 tầng , xe hơi hàng tỉ , chỉ mong người đàn ông đi cùng mình đến cuối đời sẽ luôn nâng niu yêu thương mình 😊",0,0,0.006740302
t nhận ra mình đã sai,1,0,0.019316232
"tại như vầy nên bố tao không cho đi cùng . cụ bảo có năm còn lăn cả xuống ruộng , trèo lên mái nhà của người ta để đi ??",1,0,0.012782467
per tạo hóa thật đáng sợ :))))),1,0,0.0019892012
"những việc này , mang lên đây chả giải quyết được gì cả .",1,0,0.004088033
đọc cái mà cười rớt cả hàm .... cuộc đọ sức giữa xe lửa và ô tô,0,0,0.0020743338
mấy con yêu nghiệt ngày xưa nội có nuôi 2 con cứ ra đằng sau là nó dí chạy muốn tuột mẹ quần 🙄🙄,1,0,0.003808939
kaka cái mặt bà kìa,0,0,0.0015387755
con bé cưng gì đâu . vk ơi anh muốn có cục bảo bối như vậy per,0,0,0.004031193
"thật sự mình rất thích bạn này , xem phim mỗi tập cứ canh đúng cảnh có bạn ý , dễ thương quá 😗😚😚😚😚😚",0,0,0.0015735707
má tao xem mà lo thằng quay phim tét không à ? có ai như tao không ?,1,0,0.0031050148
"đúng mất vài giay để nói lời yêu thương , nhưng phải mất cả đời mới chứng minh được , cháu rất ngưỡng mộ ông bà !",0,0,0.0030572338
"dù thế nào thì anh tôi luôn bất hạnh , ai khóc cho anh khấc tôi đây 😢",1,1,0.72770077
có đứa nào xem mà thèm đi biển như tao không ?,0,0,0.0033844623
nghe nói dạo này bạn dưỡng da để kiếm người yêu per,0,0,0.002487921
per trai hay gái thì vẫn thấy tữn như thường kk,0,0,0.003247164
"ngày xưa nhà nuôi mấy con điên này cái giọng thì đã khó nghe thì chớ suốt ngày ngoạc ra , hễ về đến nhà là thấy giọng bọn n đầu tiên . xong cho ăn , rõ ràng là cho n ăn đàng hoàng mà đến n + 1 lần bị n mổ với đuổi bợt mạng . chốt là tao ghét cái bọn nì dã man . ám ảnh cả 1 tuổi thơ :(( cái thứ yêu nghiệt .",1,0,0.03744627
hổng gặp cái buồn luôn ><,1,0,0.002250592
"đừng nên thích mấy ông anh cơ bắp , sợ lắm 😆",1,0,0.0028475814
"chấp nhận đau khổ , để đổi lấy hạnh phúc , mà tìm mãi hạnh phúc không đến thế mới đau em .",1,0,0.005752343
"đần mặt ra nhìn nó y như con ngu , còn cười theo nó nữa , xong bị nó phát hiện .",0,0,0.020095406
"tập thể năm nay lại làm mình tiếc nuối từ thành viên đến gvcn :,((",1,0,0.010795398
mai đấu giá thử cai lap cua mình chứa toàn tài liệu tiếng nhật 😂😂,0,0,0.0012734055
làm công nhân đã bị vắt kiệt sức khỏe cho đến khi bị thải,1,0,0.0072041755
hồi đó tao lấy cái đó kẻ tập luôn kiểu làm màu mè cho đẹp xong lên trả bài bị bà cô trừ điểm ????,1,0,0.0022669542
"con nghiệt súc này mỗi lần tao đi đá bóng là 2 vợ chồng nó dí theo cắn bầm hết chân , thứ này thù dai kinh khủng , chiều nào nó cũng khởi động cho tao trước khi đá bóng ... con mẹ nó giờ tao lớn rồi , tay nghề nấu nướng cũng không tệ gặp mà dí theo là xác định tao quay nó vàng ương luôn =]]",0,0,0.005264404
"hút điếu cần xong nhìn nó ăn mà muốn phá cái tủ lạnh vô dụng của nhà mình quá , đéo đủ sức đựng thịt bò toàn rau .",1,0,0.0063499967
cuộc sống mà đành chịu thôi =(((,1,0,0.043281056
"có rồi mà , nghén rồi nè hihi",0,0,0.0032314078
"và mày chỉ cần lùi về sau , như ít quan tâm và nhắn tin lại mày sẻ cua được crush 😎😎",0,0,0.0033452113
cặp nay dth ghê luôn 😍,0,0,0.0017367468
thương thương con =)) yêu ghê cơ ý cái mẹt hờn dỗi,0,0,0.002140127
"ngày chia tay , chúng tôi đã ôm nhau khóc",1,0,0.02965566
đứng dưới cây này chỉ sợ ngột vì mùi hoa sữa 😂😂😂,1,0,0.0050237835
hãy cảm ơn vì chúa đã ban em cho chị 😂😂,0,0,0.0019048586
"ước mơ của tao , thích vẽ lắm luôn , nhưng mỗi tội vẽ xong cho lên màu thì lại tệ 🙄",1,0,0.00558793
23 năm rồi tao còn chưa được đi chơi với bồ trung thu lần nào cả :(,1,0,0.0082561495
ngọt hơn cả người yêu haaaaa,0,0,0.001227798
em chưa có người yêu . có ai yêu em không . em cô đơn quá,1,1,0.9594326
có gặp cũng đéo dám ngẩng đầu lên nhìn,1,0,0.011373821
rớt giá kinh khủng khiếp huhu,1,0,0.002823389
huhu đéo muốn đi học đâu,1,0,0.032433223
anh vui thì anh ngồi thôi ... chú cự để mặc anh . :v,0,0,0.0039995885
tiếc là 23 cái xuân rồi chưa gặp được em . có ai giống tôi không,1,0,0.008283674
per mi phải học con nay bán hàng lai chim mới chạy hàng này,0,0,0.0014608025
công nhận sáng tạo thật đấy,0,0,0.0012709615
tự nhiên mình lại không muốn làm single mum nữa -.-,1,0,0.12931035
cắt tóc xong rùi gội đầu xong tóc còn ướt ý nhìn đẹp trai lắm luôn ý,0,0,0.0018277863
tao thấy đéo có cái gì để tao cầm được cơn cười cđcm nó ! :)),0,0,0.037412245
tội quá . thương em,1,0,0.0019520286
tình yêu là sự mù quáng mà hix,1,0,0.0021452552
dòm sợ thiệt 🤐,1,0,0.002296544
hicc thương em,1,0,0.0019780698
"cảm ơn các em , tuổi học sinh lắm nghịch ngợm nhưng có lòng yêu thương con vật nhỏ bé đã giúp bé cún được sống 😘😘",0,0,0.0019902932
t cũng buồn lắm chớ bộ 😓😓,1,0,0.010552724
per nhớ hội chị em vinmec quá :((,1,0,0.001758958
"đi viện mà tưng tưng ăn uống được là tốt rồi , mừng mày sớm ra viện nhé cô",0,0,0.0019404626
ngày bé nấu hoài không chín . tức rủ mấy đứa ra đốt cả đống rơm nhà hàng xóm,0,0,0.002059743
nếu không gãy đó la 1 bài quyền đẹp rồi :((,1,0,0.0014257934
ý nghĩa và đáng suy ngẫm thật,0,0,0.0015630102
"bố bạn ý chửi nhẹ đấy , bố mình chửi là chỉ mong đầu thai vào nhà khác 😬",1,0,0.012480464
nhớ gia đình nhỏ nhiều lắm … mà không được về thăm,1,0,0.0102077285
coi xong đoan này . tao thấy nhớ nhà vô cùng 😭,1,0,0.0018589365
chuột nhìn thấy mèo sợ là đúng rồi =)),0,0,0.0018156006
nhìn rợn vãi,1,0,0.0032512718
per thịt nướng lò xô ne ăn z mà không chết 😎😎😎😎,0,0,0.0014470677
nhọc lòng :(((,1,0,0.00369057
a per doi dap rat tuyet voi . chuc anh thanh cong trong vu nay .,0,0,0.0022887331
chỉ mới hỏi về người khác giới cái là bị gán là thích bạn đó luôn mí sợ :(,1,0,0.0039015734
trò này cũng nguy hiểm chết người đừng đùa theo mà mang họa,1,0,0.0018229418
ai như tao nghe tự nhiên thấy ấm lòng vãi không,0,0,0.002764381
ỏ đáng yêu =))),0,0,0.0014873276
"mình nghĩ sẽ không bao giờ là một thương hiệu quốc gia , là khát vọng về cà phê vn nữa ...",1,0,0.00788379
nhẹ nhàng bay lên và hạ cánh thất bại do lổi kỹ thuật,1,0,0.0014886942
"cưng vậy trời , anh cho em xin ảnh nha ạ",0,0,0.0020898706
chuẩn không can chinh,0,0,0.0014878262
nhưng kp cười với mày đâu :) ảo tưởng vãi,1,0,0.0026704664
mua con lợn 50k được lì xì 40k . ok em ổn,1,0,0.001549658
ra vậy . nguy hiểm thật :(((,1,0,0.004224338
khổ tâm ghê =)),1,0,0.005725326
"giả bộ vô tình gặp nhìn lén rồi đi , lại còn tìm hiểu cả gia phả người ta nữa chứ ... một thời ngu ngốc đáng yêu .",0,0,0.0036810508
có ai chỉ tự yêu bản thân như tôi không :(,1,0,0.02762334
per hẹn xem phim này nữa nha mày 😛,0,0,0.0012602764
đau ghê,1,0,0.0019661945
dễ thương vầy :>,0,0,0.0015699861
rất nguy hiểm nhé nhảy không qua là xác định dập mặt,1,0,0.0021196534
ha ha ....,0,0,0.0023039894
nhiều lúc ngáo ngáo thoải mái đến mức người yêu cũng đéo bằng nó và đến khi nó thổ lộ tình cảm thì tao đéo tin :v,0,0,0.014482502
phải tao tao vứt luôn xe ??,1,0,0.0032773458
là con bé con điên khùng và phiền vãi nhưng bạn vẫn yêu nó vãi chưởng :)))))),0,0,0.0019081868
"mong ai đó sẽ không nghe được bài hát này . xin lỗi , ngàn lần xin lỗi 😢",1,0,0.002655424
chuẩn đét . t nghỉ công ty cũ cũng vì đồng nghiệp 😭😭😭,1,0,0.001772968
ủa mắc gì gỡ fan cứng của em ? huhu,1,0,0.0030764097
chả bù cho con ml này . đợi mãi không thấy nó về . hy vọng em không bị bọn xấu bắt lên dĩa là tốt rồi :(,1,0,0.009459969
má cười ỉa luônn,0,0,0.003451863
từ lúc đấy tao không ăn được các loại thịt ngan - ngỗng - vịt lun 😞 ám ảnh vãi,1,0,0.008827383
nhớ nhé đồng nghiệp haha,0,0,0.0012237536
cứu em nó với,1,0,0.0024630283
đã nguy hiểm vậy sao không hủy mà bán 0 . 0,1,0,0.0062090256
ông mặt trời dễ thương hha,0,0,0.0012829022
không hiểu sao xem đi xem lại bao nhiêu lần vẫn khóc được,1,0,0.03905413
kiểu em sai rồi . a xin lỗi em đi 😂😂,0,0,0.0021875424
gáy sớm để làm gì cơ chứ haizz,1,0,0.0021042197
đái mẹ ra quần ??,1,0,0.0020338024
đọc xong nước mắt ứa ra,1,0,0.0023533269
tao cũng hay sử dụng chiêu này và bọn đàn ông vẫn cứ bị lừa ????,0,0,0.0021990612
dễ thương mà,0,0,0.0016396749
per anh tải cái này về cho per học nè . thú vị ghê,0,0,0.0012637274
"cố gắng lên mọi lỗ lực và công lao của em sẽ được đền đáp một cách thật là sứng đáng , cố gắng lên em nhé 👍",0,0,0.0040540765
nhưng nói thì cứ bảo hay than thở 😢,1,0,0.0020226731
nhìn quả mặt của nó thì tao công nhận thất tình thật đáng thương ?,1,0,0.0030422288
đằng này họ nghĩ tao muốn giết người rồi chửi tao bị thần kinh rồi cho trôi qua mọi chuyện,1,0,0.22087772
"chân ta cũng là chân đi và giờ bị đứt dây chằng , nằm một chỗ đợi mổ rồi mày . đồng cảm vãi",1,0,0.03593036
xấu mà đáng yêuc quá,0,0,0.0014114454
thế nên bán hàng có tâm là đừng bao giờ nài nỉ khách mua thêm vì biết đâu bạn vô tình làm cho nỗi đau của họ trở nên tồi tệ hơn .,1,0,0.003685338
dưới cái nóng 40 độ ngày hôm này xem video này xong thất mát lòng vãi_chưởng :)),0,0,0.001868852
"cái thứ ba , trời nhìn mà rơi nước mắt thay cho luôn công cả một mùa mà đi tong chỉ vì một trận mưa",1,0,0.0031478626
"thấy bình sữa của em thấy ham quá , chị sinh em bé chả có sữa gì hết .",1,0,0.0024919729
nhiều lúc buồn đến nỗi coi những vid thế này . đéo thể cười nỗi .,1,0,0.096781
sư phụ giả vờ ngã để thử lòng các đồ đệ và cái kết ngã sấp mặt luôn 😢,1,0,0.0016102616
đéo có người thương để mà làm ấy chứ :(,1,0,0.0024728903
"đồng nghiệp tốt , chị em tốt đi làm như đi chơi :)) chứ làm cùng với mấy con mlz đáng sợ lắm :))",1,0,0.0014266955
rồi khi mày có 1 ít tiền :)) mày mới phát hiện ra còn đéo cả có người đi cùng cơ,1,0,0.006378229
các b học sinh đáng yêu quá,0,0,0.0011711469
cuộc đời bà đã nấu hơn 50 nồi bánh chưng rồi nhưng bà chưa bao giờ thấy ai cắt tóc ngắn đi mà xinh như thế này các cháu ạ .,0,0,0.0047765556
đây là một câu chuyện buồn không chỉ riêng tao,1,0,0.010203492
"cảm ơn nói chuyện nhật ! 1 nền khoa học , giáo dục , trí tuệ văn minh !! 😘",0,0,0.0011545054
bạn có bố thật hạnh phúc,0,0,0.0012852926
"per trong vòng 4 tháng chắc anh chụp hơn trăm tấm , huhu , sợ quá 😱😱😱😢😢😢",1,0,0.003976976
chuỗi ngày tủi nhục cũng từ đó mà bắt đầu,1,0,0.005177266
hàng xóm cũ của tao cũng thế may mà bà ý chuyển nhà rồi 😃,0,0,0.0036872854
không biết vì sao họ vẫn cười nhưng mình thì khóc ...,1,1,0.855759
"đúng vậy , có họ ở bên cạnh nuôi nấng ta từng ngày đã là quý lắm rồi",0,0,0.003378542
5 năm nữa tao phải đẻ được 3 đứa 😂😂😂,0,0,0.0039785122
ôi cưng cưng quá,0,0,0.001670619
dù s đi nữa thì mày vẫn xinh . cố lên,0,0,0.0023268182
hay lắm :))),0,0,0.0013481429
buôn bỏ nhưng tình cảm ko thuoc về mình nua . bat đầu kiem tiên,1,0,0.032078456
nó cười mà muốn rụng tim 😂💔,0,0,0.0035460081
"vì luật áp dụng đối với vụ án phân chia tài sản trên 4 tỷ thì mức án phí là 0 , 01 %. suy ra vụ này trên 8 nghìn tỷ thì mức án phí là 81 tỷ là đúng rồi .",0,0,0.0037880156
"per đi làm với c mình vui hết xẩy , trừ những lúc khó tính :))",0,0,0.002032479
1 thời gắn bó với nó . nhớ lại ngày xưa cực khổ,1,0,0.01705967
per nên mày hãy yên tâm về mấy con nhện nhé :))),0,0,0.0018830596
:) cảm giác đó đau lắm các mày ạ,1,0,0.0047135977
đề kháng của tao với mọi loại thính rồi cơ 😂,0,0,0.0029180464
cái này ghê vãi mày sẽ hiểu cảm giác khi nó lún xuống 😅😅,1,0,0.0036002232
🤣 lau mặt bằng quần chíp của vợ à ?,0,0,0.0025088466
mất rồi có lấy lại được đâu :)) cái gì nó cũng chỉ là quá khứ,1,0,0.004837116
quay vào ô mất lượt :)),1,0,0.0019548808
:))) có thật nhiều tiền là vui,0,0,0.0014895357
mình rất rất muốn đi nhưng trong túi kô còn xu mẹ nào vân kiều ơi,1,0,0.011061853
các bạn trẻ ! người lớn có thể nghe thấy tiếng chó kêu mà không hành động gì để cứu vớt . các em thật đáng khen . cần những bạn trẻ nhân ái như các bạn .,0,0,0.002898051
"em đỗ 6 trường đại học ở mỹ , còn hàng trăm thằng đổ em luôn rồi đó , em biết không . trong đó có anh 🤪",0,0,0.0029873063
thật đáng khâm phục các bạn ... chúc các bạn gặp nhiều may mắn trong cuộc sống ...,0,0,0.0017759012
phim cực hay và cực cảm động lòng người,0,0,0.0012351378
chai này mới ghi được nhìu chữ kkk,0,0,0.0027337477
per cố đợi đi nha để em mua bảo hiểm cho anh 🙂,0,0,0.001661424
"có ai nhìn thấy hình như người đàn ông này đang rất đau khổ không nhỉ ? mình nhận thấy hình như ông ấy đang rất đau khổ , mà không thể or không muốn nói ra .",1,0,0.014516972
per đáng sợ quá,1,0,0.0019277894
tao chỉ lên ngắm cảnh tí xíu mà mày cũng dìm tao :)))),1,0,0.006789087
chúc mừng,0,0,0.0021125027
thằng hack game nó gặp trùm cuối rồi 😭😭 truyện đến đây là kết thúc sao 😭,1,0,0.0016652106
"đang tính đi nhổ răng khôn ( à quên , nó ngu chứ khôn đéo gì ..) nghe được cảnh báo này chắc không dám đi nhổ luôn .",1,0,0.004085714
hú hồn con chồn chạy ngang 😑,1,0,0.0028358933
đây là bạn tao . =)),0,0,0.003770053
là mỗi buổi sáng thức dậy ta có thêm 1 ngày mới để yêu thương ❤️.,0,0,0.0022207776
đáng lẽ bệnh của tao đã không nặng đến thế,1,0,0.04304034
tự nhiên nhớ cái cảnh 2 con bánh bèo bị ngỗng dí quá 😅😅 per,0,0,0.0030031695
🤣🤣🤣🤣 bo tay chấm cơm . hahaha,0,0,0.0015435979
và từ đó bà cụ sống trong hạnh phúc :)),0,0,0.0025314246
"cmt buồn cười vll , nhớ mình cừng có kinh nghiệm chạy ngỗng :)))",0,0,0.004049356
chưa bao giờ nghe ngươ ̀ i ta chửi thề mà đáng êu đến vậy lun =))!,0,0,0.003709166
đọc xong tao muốn khóc luôn,1,0,0.0034381512
t còn được nghỉ 1 tuần :)))),0,0,0.0032696382
xem phim cười gần chết . mà thích cái bạn ma nữ hơn là na bong,0,0,0.0014806746
"cải tạo được , có tái tạo được 100 % nguyên trạng rồi sao ? giá trị lịch sử văn hoá gần nghìn năm đã mất đi rồi :((",1,0,0.0038630406
sợ thì vkl,1,0,0.0027594378
per :)) hiểu được nỗi lòng anh chưa ! mốt đừng giận anh nhiều nữa nha,0,0,0.0027557928
thất vọng và áp lực tích tụ hằng ngày với tao,1,1,0.98959774
nếu địa phương không xây cầu thì người dân cũng có thể tự làm cầu cây mà . phóng lỡ hụt chân thì xác định nát người .,1,0,0.0035306094
ngày chủ nhiệm cu nhà mình cô nhẹ nhàng nết na lắm mà ! giờ thì sao cô lại hành xử như vậy chứ ! thật buồn !,1,0,0.0027614264
t quá mệt mỏi với cuộc sống này rồi 😓,1,1,0.9874582
per - chan đáng yêu zl =)))))),0,0,0.001325824
khuôn mặt đậm chất giải trí 🙂,0,0,0.0015997638
tao nhìn sợ vãi,1,0,0.0020797877
gia đình có nhưng tình yêu không thì sao,1,0,0.0030687107
sau mỗi cuộc chia ly người ở lại vẫn là người đau lòng nhất :((,1,0,0.0032862893
đúng là chân thật luôn luôn tổn thương !,1,0,0.0035002918
"từ khi lấy vợ , làm vlog thiếu muối hẳn huhu",1,0,0.0015789376
sad cực mạnh,1,0,0.0022172113
nhất định sẽ có một ngày tao sẽ thành công và tự nói bản thân rằng mày làm tốt lắm,0,0,0.004868069
phim hay vãi ra . đến giờ vẫn thấy mình giống bạn ma nữ quá trời 😂😂😂,0,0,0.0017229756
tội nghiệp các bé đạp xe đi học,1,0,0.0015087419
thế nên tao với mày không thể làm người yêu nhau được,1,0,0.008327284
sinh viên năm 3 rồi nhưng vẫn chưa định hướng ra trường làm cái giống gì đây :(,1,0,0.0071445075
khóc hết nước mắt 😞😞,1,0,0.0041523376
"wtf , tao đã làm gì sai ☹️☹️☹️",1,0,0.0062500252
"bọn tàu copy kịch bản phương tây , chắc bữa sau lại có mấy video make in việt nam như vậy và kịch bản tàu haha",0,0,0.0014787173
mình không áo mưa rồi 😞,1,0,0.007858265
còn mềnh thì ra quán mua bim bim đều chỉ để nhì em mà cười,0,0,0.0025317313
"biết chỉ là phim thôi , xem con bé hôn bố lần cuối nước mắt tự rơi , híc híc",1,0,0.0030590452
tao lại bị mọc lông chân rồi :((,1,0,0.006609235
mua thêm vài trăm con cá xấu thả chắc vui hơn,0,0,0.0013417469
per hôn nhẹ lên má nha 🤣,0,0,0.0017666168
góp phần xây dựng đất nước chứ gì kkk đóng nhiếu rứa,0,0,0.0032422598
dume mặc dù tao rất yêu chó nhưng tao cũng sợ chó nữa :((,1,0,0.007235326
cứ mỗi lần cắt tóc xong tao lại thấy biết ơn bố mẹ vì đã sinh ra tao đzai vãi :))),0,0,0.003253521
đó cũng là giải pháp hay để lừa một thèn ngu :))),0,0,0.0013723491
thương các con quá đi,1,0,0.0020569575
khổ thân con mèo :((,1,0,0.004418091
một người đàn ông bản lĩnh thực sự 👍,0,0,0.0011918475
"per bởi , đéo dám tán ai hay tỏ tình",1,0,0.0035632674
ấm áp ghê =)),0,0,0.001372306
phim ấn độ duy nhất tao xem mà không cảm thấy vật lý logic quá khó hiểu dù thật ra trong phim này nhiều kiến thức hại não thật ; )),0,0,0.002247474
giọng chú hơi bị dễ thương nhá :)),0,0,0.0026855273
pháp năm nay nhiều biến quá :((,1,0,0.0017318502
hèn dì mấy nay đi học thấy bạn của crush nhìn mình cười,0,0,0.0027708642
cũng muốn đi xem lắm 😭,1,0,0.0053217225
có lẽ vậy là tốt nhất,1,0,0.0014288988
per đến con nít chúng ta cũng không bằng là sao ......... tuổi thơ và tuổi thanh xuân nợ chúng ta quá nhiều thứ rồi 😭😭😭😭,1,0,0.0037514733
gv có tâm vãi 😂,0,0,0.0014171118
mình thi xong còn không khóc được 😢,1,0,0.0064521483
một bộ phim quá suất sắc,0,0,0.0012304531
tao mừng quá vì tao biết chắc chắn hôm nay crush của tao không bị thịt . ahihi .,0,0,0.0044300077
"chị thích con gái mạnh mẽ , cá tính .",0,0,0.0016930205
cho dù em có dành được bao nhiêu học bổng đi chăng nữa nhưng mãi mãi em sẽ không thể có được tôi 😅,0,0,0.016394867
cười ỉa :)),0,0,0.0025711188
lợi ích của việc giữ vững quan điểm 😄,0,0,0.0013061902
"chời , dễ thương quá",0,0,0.0013298348
t cười đấy . thế tao thả haha nhé . mà dume đấy là cháu tao . thế bây giờ không có icon vừa khóc vừa cười à :]],0,0,0.006942543
nếu là tao thì tao sẽ không ăn được miếng nào,1,0,0.006627166
nghe mát lòng mát gan thế ????,0,0,0.0013823643
lúc bé mình rất sợ,1,0,0.009520275
chưa bao giờ bắn trúng thứ gì 😆.,0,0,0.00248454
thôi xong . chia buồn cùng quý quốc,1,0,0.0022494872
thấy tội nó ghê ????,1,0,0.0018527358
ngày bé tao bị nó dí thế là tao cho nó 1 gậy 🙂 hôm đó tao được ăn thịt ngỗng,0,0,0.0055803536
đã sáng suốt hơn năm ngoái nhiều . ka ka,0,0,0.0018329482
tưởng tao sợ ư từ cái lần mày dọa rắn tao và tao rơi điện thoại cuối cùng vỡ màn hình là tao đéo sợ nữa nhớ,0,0,0.0070806583
"công trình 850 năm tuổi , xây dựng 100 năm mới hoàn thành chỉ còn là đống cháy sắt vụn .",1,0,0.0044741216
đau bụng quá ự ự,1,0,0.0017168901
"đang ỉa xem cười như điên , kkk",0,0,0.0051158792
hành động đẹp,0,0,0.0012964278
đúng là vàng trắng .. nhưng mà trắng tay :(((,1,0,0.0028411893
thanh niên co ́ em hoan hy ̉ qua ́ :))),0,0,0.0017486778
buồn cô lắm,1,0,0.002243583
"thích cái câu "" em không yêu anh nữa ""😊😊",0,0,0.0027906054
"anh luôn nghĩ thế giới này không có gì đáng sợ , cho đến khi anh không còn thấy em nữa",1,0,0.019853022
mình chụp mấy lần liền chả thấy bác sĩ cho mặc lớp áo gì cả 😭😭😭,1,0,0.005480541
"hồi bé đi mua xôi bị một đàn ngỗng đuổi 🙂 may mình đi xe đạp không thì ăn lol ** với chúng nó , cái thứ mất dậy 🙎🏻‍♀️🙎🏻‍♀️🙎🏻‍♀️",1,0,0.007589205
a đến sớm hơn nhé 😆,0,0,0.0015132236
tao ấn tượng anh đầm hường ghê 😂,0,0,0.0014022493
đáng yêu thế bà đẹp gê,0,0,0.0012283372
cười ỉa phút 1 : 11,0,0,0.0019135226
sao không cắt móng chân cho em ... nhìn mặt cute mà thấy móng chân em sợ phết,1,0,0.002929853
per cđ chỉ cần đơn giản như thế đã ấm lòng thế ... rơi cả nói chuyện mắt ...,0,0,0.0033696198
huhu sợ vãi luôn á,1,0,0.0018771966
per mày cũng cắt tóc giống thế đi cho đẹp =)))),0,0,0.001895274
ráng ăn cho nhìu vô ỉa cục cức dài hơn móng tay ổng luôn kk,0,0,0.0021885494
tiền nhiều để làm gì khi tình không còn,1,0,0.002809953
cài lò xô huyền thoại,0,0,0.0016919128
sở khanh như boss chịu liền .. đẹp trai quá trời ui,0,0,0.0014413423
chỉ còn lại tro tàn,1,0,0.06617063
huhu lần trước đi chụp răng . thằng kĩ thuật viện cho bạn vào cái máy to đùng xong nó bảo ngồi im . nó bật máy xong chạy ra ngoài đóng cửa với tốc độ ánh sáng .,1,0,0.0051509514
mẹ tao vừa đọc xong còn tag tên tao vào . bọn mày có cách nào trưa nay không về nhà mà vẫn có tiền ăn cơm không chỉ tao với,1,0,0.0062299306
độc nhất vô nhị . kkkk,0,0,0.0016489807
thề nhìn họ hôn nhau thôi mà nổi hết gai ốc . chưa dám nghĩ tới xxx . chắc thốn lắm . lạnh sống lưng thật .,1,0,0.006645581
là gặp đúng người nhưng lại chẳng đúng thời điểm . cuối cùng vẫn là chúng ta bỏ lỡ nhau 😥😥😥,1,0,0.0029857105
quả nhiên chồng con nhà người ta đéo bao giờ làm tao thất vọng 😄,0,0,0.0069887294
họ đã cho ta có mặt ở trên cột đời này rồi còn gì bằng nữa chứ,0,0,0.0036926565
tôi đã giữ lại mấy cái giấy note đã ghi chú khi nào kiểm tra =))))),0,0,0.0030765908
"suốt ngày trật ray , còn hay không sự phù hợp hệ thống ray - tàu với hệ thống đường sắt vn",1,0,0.003977346
một mình tao ăn hết 1 nồi lẩu từ lúc tối 😭,1,0,0.006737452
"thời buổi bây chừ chuyện gì cũng có thể xảy ra , vậy nên thôi trất , đừng nên tin ai",1,0,0.0064449506
mỗi lần quyết tâm bỏ mà lại thấy cười . đm đời,1,0,0.003403937
có những ngày làm tới đâu là sai tới đó :)) muốn tát vào mặt hết sức,1,0,0.008014341
nhìn vừa tội vừa thương ????,1,0,0.0021352507
giao lưu tí không . tự bấm chứ không mua =))),0,0,0.0018675856
nhà tao còn nè,0,0,0.0023850345
bữa cơm trưa nay tăm tối như cái ava của tao vầy :((((((,1,0,0.004514582
t thấy nó cười hoài mà không bao giờ nó cười với tao cả :((,1,0,0.008542384
2 năm rồi và đã kết thúc rồi,1,0,0.0037090078
cách tốt nhất là đứng lên và chọn 1 nơi khác để tìm 1 thứ tốt đẹp hơn và dễ viết hơn :)),0,0,0.0020218114
"xã hội thật phức tợp , huhu . không muốn sống chung loài người nữa , tao về núi đây",1,0,0.16737564
tội cả con quá 😭😭 một lũ vô nhân tính đã hủy hoại những mầm non tương lai .,1,0,0.007500883
"tao nói té 1 cái không dập mề thua gì cũg thua , trĩ nội trĩ ngọai nguyên chùm =)))",1,0,0.00200106
"per tải thử cái này cho cún đi chị , hay phết này",0,0,0.0012337874
cổ tích thôi nhé . tao mới bị hỏi vì rẽ không xi nhan . và anh chỉ nhẹ nhàng phán 1 câu : ‘’ 2 triệu đưa đây không thôi mai cầm 3 triệu lên đồn nhận xe nhé ’’ anh thật là dễ thương 🙂,0,0,0.0033314498
cưng quá :))),0,0,0.0017589846
nơi ấy giữ lại những kí ức tuyệt vời,0,0,0.0011948723
cô gái này thật dễ thương “ anh cứ nhắm mắt làm đại một lần thôi mà “ 😂😂,0,0,0.0017732101
tao nhớ không nhầm hôm nay nó đến tháng vậy là sẽ không bị đâu nhỉ,0,0,0.0024012276
má toàn truyện trong mơ không hà mắc cười quá 😂,0,0,0.0012057279
"động lực là tình yêu . vì sau khi chia tay , tôi đã thấy mình vô dụng trong một thời gian dài .",1,0,0.07485902
ngày xưa cũng như này trong lúc mối quan hệ bắt đầu nhạt :) haiz,1,0,0.0031527742
nay buồn :(((,1,0,0.00495435
tối mà tắt đèn gặp mặt nó với cặp mắt nó là tao còn sợ hơn thấy ma,1,0,0.0043295366
per ối bạn ơi quà sinh nhật mình đây rồiiiii,0,0,0.0015020845
câu chuyện mọc sừng được bắt nguồn từ đó 😀,0,0,0.0026260428
và vui mừng hơn khi biết tin chị vợ ở nhà vừa sinh hạ em bé được 1 tuần,0,0,0.0032481027
nghe ngọt thế :((,0,0,0.001424764
thích thật,0,0,0.0017036274
tao xem mà cứ sợ nó ngã vãi 🙂,1,0,0.0035968993
bỏ thế lồn nào được :(,1,0,0.0050983774
"thanh xuân của tớ gặp cậu rồi , 4 năm rồi , chỉ có điều vẫn là 2 đường thẳng song song",1,0,0.0055305054
xem hết mới biết cái video nó không phải video hài thấy buồn buồn 😪,1,0,0.0016125607
nghe nguồn tao biết được độ chân thực của câu chuyện rồi 😂😂😂,0,0,0.002209975
hạnh phúc thật :)),0,0,0.0013230616
kiểu định share vì thấy tinh thần khá hơn nhưng đọc bình luận xong kiểu nhiều đứa còn tiêu cực hơn mình :<,1,0,0.0015908928
t nghe thấy nó nói gì tao chết liền,1,0,0.20522994
mong ông bà được nhiu sức khỏe,0,0,0.0015872115
đó là những nơi khác . chứ chỗ làm của em . anh chị đáng yêu v đáng quý . em học tập được rất nhìu kinh nghiệm .,0,0,0.0016590804
hết hồn chim én,1,0,0.0023143333
con đường này chắc dành cho mấy người như tôi,0,0,0.004918705
chắc là năm lớp 4 5 gì đó :)) tao mua bánh kẹo đem vô lớp bán lẻ lại ... mỗi lần đem bán như vậy chắc cũng kiếm được lãi 2 - 30k 😂,0,0,0.0064320364
già còn thích phi công =)),0,0,0.001807597
chuyện tình huyền thoại của per với per :(,1,0,0.00170344
để tao nấu thì quên luôn . xác định tối đó đói :((,1,0,0.007688732
mình trả phòng là chăn ga gấp gọn gàng . đồ đạc hẳn hoi trả người ta . dù sao mình cũng như người ta bẩn dọn mãi không sạch ai chẳng điên,0,0,0.0030708443
chỉ cần thích cái là muốn rụng tim,0,0,0.003535189
công an béo như lợn không đuổi nổi tội phạm 😂😂,0,0,0.0014878063
khổ người lao động thôi,1,0,0.0061679776
moá nhìn rùng hết cả mình,1,0,0.0038362923
"trước tao cũng tin vào tình yêu chân thành lắm , niềm tin chết rồi",1,0,0.017554881
vcb thu phí dịch vụ cao có khác . lương nv cũng hơn chỗ khác :)),0,0,0.0020100868
bư ̃ anh trước mới nghi ̉ xong tao đi đa ̀ nă ̃ người chơi 3 nga ̀ y xong vê ̀ kho ̉ em re =))),0,0,0.0033926424
có thì tốt nhất đừng có giận vì ngoài kia bất cứ thằng nào cũng sẵn sàng dỗ dành bạn gái của bạn 😋,1,0,0.0031910175
"đấy gọi là biết ngu mà vẫn đâm đầu vào , giống tao :)",0,0,0.0019655894
tao cũng có 1 người bà như trong video nhưng bà ấy qua đời rồi 🙁🙁🙁,1,0,0.0059916847
bắt võng nằm cho sướng,0,0,0.002330559
phim này ý nghĩa lắm,0,0,0.0012883095
thú vui đặc biệt vãi :v .,0,0,0.0018398534
ny tao đbh dỗi . chọc kiểu gì cũng không dỗi . đáng yêu vãi 😂,0,0,0.0017357284
ko sợ gì chỉ sợ con ml ý 😞,1,0,0.0069203256
quá hay cho admin,0,0,0.0011854775
per gặp tao chắc tao đái trong vần 😅😅,1,0,0.0018153188
ngày nào cũng ngủ với mẹ rồi mà vẫn còn tiếc :))))),0,0,0.0031505316
tao thích vẽ . nhưng vẽ xấu từ đó chuyển hẳn sang mê chụp ảnh .,0,0,0.0103218965
t thấy dễ mà . không biết thì học khác biết . ez vãi,0,0,0.0021495202
còn gì hơn lòng dạ đàn bà ... cũng may tao là một con đàn ông :)),0,0,0.0026504742
thôi xong tao rồi :((,1,0,0.0028032148
cảm ơn bạn vì đã chia sẻ cũng như đã luôn sáng suốt để không làm gì sai,0,0,0.0014367419
bộ phim hay ý nghĩa nhất từng xem,0,0,0.0012525468
bài viết đọc rất sướng .,0,0,0.001278562
con này chăm sóc n là n bao đẹp ><,0,0,0.0012232215
ừ thì là chuyện cổ tích . cháu đang đi đường thẳng gặp mấy chú thì phải rẽ ngang . 😢😢,1,0,0.002706084
cưng gì đâu,0,0,0.002956264
lâu quá mới nghe lại bài này buồn thế,1,0,0.0018065718
per eo ôi làm nhớ hồi nhỏ đi học mẫu giáo quá :))),1,0,0.0016631759
ngày cuối cùng thực sự buồn,1,0,0.0028790543
hú hồn hà,1,0,0.0020477136
aw giống tao vậy =))) mấy thứ linh tinh tao còn để nguyên vào 1 cái hộp bự cơ,0,0,0.0042722654
khóc muốn rơi cả mắt,1,1,0.9296487
có những ngày mọi thứ nó bỗng ập đến,1,0,0.06411769
bộ phim đáng xem đó mấy man,0,0,0.0012491607
một đứa sợ sấm chớp không thích hình ảnh này huhu,1,0,0.0027289547
per đây . cô gái bán hàng thú vị đây . phải xem cho hết,0,0,0.0017230996
nuốt được cục tiền đó cũng hay đó ( y ),0,0,0.0013880274
rất nguy hiểm,1,0,0.0038853036
:((( tôi vẫn chưa sẵn sàng để đi học mà,1,0,0.19130687
khang khang 1 thời cùng nhau vui say ! bjo thì khác rồi thân ai nấy lo hở chị hố hố ;)),0,0,0.004323631
"nhìn cảnh này mình nhớ lại cảnh ông ngoại mình đứng ngay quan tài bà ngoại khóc nức nở . bà đi rồi để ông ở lại một mình , đau lòng quá",1,0,0.012094231
"tụi mày có hiểu được cảm giác , muốn bắt chuyện mà không dám bắt không ?? tụi mày có hiểu được cảm giác vờ ngủ gục để nhìn nó không ?? tụi mày đã từng nhìn nó thật kỉ , thật tỉ mỉ chưa ?",1,0,0.010087726
"sao vẫn còn người tốt trong xã hội này , đáng khâm phục",0,0,0.0012998043
rất tiếc cho 1 bài quyền,1,0,0.0017020873
nhện này trong nhà tao chắc tao bỏ nhà đi mất 😱🤯,1,0,0.0042849053
mình cũng có con mèo đực nuôi được 1 năm thì nó biệt tích 1 năm sau nó về rồi 1 năm sau thì nó mất .... buồn,1,0,0.0048761126
"mẹ kể hồi nhỏ nuôi con ngỗng thay chó canh nhà . ăn trộm mà vào thì chạy đằng trời với nó , cả bầy lao ra quạt với táp , khi gia đình vác gậy chạy ra thì thằng ăn trộm nó ôm cây trên tít cành cao , áo quần tóc tai lủng máu me tè le . gia đình phải cứu ăn trộm má mấy mẻ còn không tha , 2 3 con vẫn dí nhảy hàng rào dí theo ăn trộm . phải nói dí bao dai mà cục súc vê lờ .",0,0,0.020718463
cái kết có hậu quá :)),0,0,0.0017576205
thấy cờ rút trên tờ polime là tim rụng rời liền,0,0,0.0022656478
chuẩn bài =)))),0,0,0.0017033184
"per huhu đúng quá nè :< sư phụ đi rồi , còn per thôi , đừng đi đâu nữa nhaaa 😢",1,0,0.0022375304
"chuẩn luôn , áp lực công việc cũng không bằng mối quan hệ với đồng nghiệp",0,0,0.0022212702
ui sồi ôi đốn tim vãiiiiiiii,0,0,0.0021755965
per tao mãi mãi bị con này ám ảnh từ bé đến giờ . thứ gì mà đéo thể yêu thương nỗi . nghe tiếng nó kêu là tao bỏ chạy trăm mét 😒,1,0,0.22090998
per hết tiền thật sự :(,1,0,0.0023326515
chuyển từ thất tình sang muốn chết vì quá chán :((,1,1,0.92297906
"mong là chuyện không có thật , chứ có thật thì đau lòng vãi ra 😪😪",1,0,0.0036031269
đơn giản 🙂,0,0,0.0017238116
tại trà sữa làm tao mập chứ tao có muốn đâu :(,1,0,0.0076765143
"vui nhất là câu "" lấy ghế ra ngồi nhìn """,0,0,0.001845931
xem video cu ̃ người cho ́ người hê ́ tao ca ̉ mă ̣ tao,1,0,0.0023555781
"tan rã hết rồi , giờ toàn đánh lẻ thôi 😭😭😭",1,0,0.011080674
hên là đụng nhầm người chứ đụng trúng cái là rụng trứng cả bày cả lũ -)),0,0,0.002117082
trông anh thần thái vãi :v,0,0,0.0014753474
cười muốn tắt thở 😂😂😂,0,0,0.013261091
khiếp quá đi tụi con ơi,1,0,0.0038034376
bây giờ nhìn vào cứ kiện tụng mà nãn :((,1,0,0.0035116735
uiii xinh gái thế ...,0,0,0.0015700685
per ê xem đi phim này lâu rồi nhưng mà hay lắm,0,0,0.0011585437
"xem phim mà cứ nhìn cặp chân của ổng , chân gì mà dài thường thượt . chồi ôi 1m87",0,0,0.0030152032
thất tình đi nghe nhạc chúng nó còn ngồi trước mặt ôm nhau . hận,1,0,0.002453669
ha ha chịu không nổi luôn !,0,0,0.0072093992
cắt cả thắt lưng da của bố để làm ná 😂😂,0,0,0.002155452
học giỏi lại xinh xắn hì,0,0,0.0013875357
đú quan trọng bởi người tao yêu củng không đi chơi valungtung thế là tao vui rồi :)),0,0,0.0035354693
"bị chó rượt cũng không đáng sợ bằng mẹ này . gặp chó mà có ý định rượt thì đứng im hoặc đi nhẹ nhàng nó nghỉ rượt . còn mẹ này chạy mẻ rượt , đi nhẹ mẻ rượt , đứng im mẻ mổ như mổ thức ăn . thiếu điều muốn quỳ lạy van xin mẻ luôn .",1,0,0.0054637142
cái video đầu làm hết hồn per per,1,0,0.0012412582
người gì đâu mà dễ thương quá chờiiiii,0,0,0.0020030073
chủ tịch đi nặn mụn ở tai và cái kết khóc thét,1,0,0.003914692
"mất đi một di sản , chứng tích của lịch sử 😓",1,0,0.0023495988
em đi bộ chết mẹ đây này,1,0,0.0028491686
chuẩn con mẹ nó cơm oy 😂😂😂,0,0,0.0012470561
không biết đến 2021 tao có lấy được chồng không nữa :((,1,0,0.008760784
chia buồn cùng nước pháp,1,0,0.004188393
thiếu cái que chấm dầu là ổn 😂,0,0,0.0019110162
🙂 thanh xuân của em đã từng có khoảng time tươi đẹp,0,0,0.0022766513
ai cho mình xin page của con này với thích xem nó live stream bán đồ gê,0,0,0.0018483256
vl bố tao đang ở đây mà chắc sáng mai mới về mất ??,1,0,0.008484891
"tao là trùm nấu cơm kiểu này rồi ,, còn bây giờ mất điện thi nấu bằng bếp ga :))",0,0,0.0020438617
per huhu nhất là mấy bài không cho chất thử á :(,1,0,0.0020569027
tán gái hay vãi,0,0,0.0013654421
cười vãi :))) tếu thật sự luôn ý,0,0,0.0017776577
khớp vãi =))))))) mặt con bé,0,0,0.0015770693
nhưng nó giỏi và bản lĩnh đó,0,0,0.0014538566
tuyệt vời,0,0,0.0014628468
t thề hồi nhỏ qua nhà ông hàng xóm vá xe tao bị con ngỗng dí chạy xúc quần quanh nhà ổng vừa chạy vừa la làng tới giờ nhớ lại vẫn còn hãi 😧😧😧,1,0,0.0072781453
thông minh lắm,0,0,0.0015985424
bà ngoại của em đáng yêu hơn thế này nhiều,0,0,0.0013232966
bé gái đáng yêu quá ??,0,0,0.0012301703
buồn thật ấy,1,0,0.002190042
uớc gì sau này về già vẫn có thể như cụ này :)),0,0,0.0026267977
cư ́ như kiê ̉ u =))) ngươ ̀ i yêu,0,0,0.0040864726
tao sợ ma nên không dám coi lun,1,0,0.01013486
ai muốn đi thái hè này với tôiii nào cũng chim ưng phết đấyy :))),0,0,0.0031376209
"phim này quá hay . xem đi xem lại mãi không chán . đặt tay lên ngực "" mọi chuyện đều ổn "" câu nói kinh điển",0,0,0.0012916784
tại sao anh cứ mất công giận dỗi trong khi người xin lỗi vẫn là anh =)),0,0,0.0051794965
giống y bố tao 🤣 ngoa khủng khiếp nhưng mà nhà tao vui vãi_chưởng 🤣🤣. điểm danh nhà bố học giỏi văn nào 🤦🏻‍♀️,0,0,0.0018219324
à thì ra là như v =)))),0,0,0.0036023192
"per anh không nặn đi , mai mốt nó sẽ chaii dầy nè hihii :)))",0,0,0.0019693186
ngã nhìn cũng thấy yêu 🤣,0,0,0.001407368
"cũng chuẩn , giờ khởi nghiệp vậy phá sản chỉ mấy tháng đầu",0,0,0.0019980418
"hôm trước tao đi chơi về đường vắng nên chạy nhanh , vừa qua cua anh cảnh sát chạy ra chặn làm tao sợ chetme vì giấy tờ không có bằng lái thì chưa thi lại còn thiếu abcxyz",1,0,0.007330363
rớt vô đây chắc chắc khóc tiếng thái lan,1,0,0.002257421
đỉnh của đỉnh 🙂,0,0,0.00210536
bà nuốt quả chuối tao cười tao ẻ,0,0,0.0016250189
"có những con người luôn phải chịu đắng cay , cta không được chọn gia đình , bạn bè và càng không có quyền lựa chọn cuộc sống này . hãy vui lên với tất cả những gì ta đang có dù là hai bàn tay trắng",1,0,0.011574101
đi bao xa mới thoát đựoc kiếp không có người yêu ? :<,1,0,0.005661369
"gặp cái này "" sun "" mẹ nó vào ... :))",1,0,0.002183692
tội bà vợ,1,0,0.0017228206
per 😢😢 miss you .. chính xác luôn ak hậu,1,0,0.0012075906
chắc ỉa ra quần chứ đéo đùa -.-,1,0,0.0024691152
tôi cùng hoàn cảnh với bạn má tôi củng bệnh và từng ngày từng ngày tôi bên má tôi sợ giây phút má bỏ tôi ra đi và ngày đó củng đến ai còn mẹ hảy quí từng giây từng khắc bên mẹ,1,1,0.99292785
thua cả người ta 😞,1,0,0.0021123397
tính ra tao lúc nào cũng hài hước vui vẻ luôn đó trời :)))),0,0,0.0014998128
thật đáng sợ,1,0,0.0026025327
sợ xanh mắt mèo,1,0,0.002340757
ấy thế mà đã 6 năm rồi . bây giờ còn không nhớ được những đứa nào đã học cùng mình nữa rồi 😪,1,0,0.02452448
"per lại nữa , tao dg suy nghĩ có nên đi bằng rap về không",1,0,0.009874908
per tao thấy tao trong đó ahahahaha,0,0,0.0035747988
"em ơi , hết rồi 😔 hết rồi , chẳng còn chi nữa đâu em ...",1,0,0.34065834
hello đồng nghiệp ;)))) không biết nghiệp gì thôi haha,0,0,0.003304052
"cái này ở shop đồng giá 40k aeon có nè , tê tới dái luôn",0,0,0.0021590402
nhìn stt đồng cảm khủng khiếp .,1,0,0.0048662466
một câu chuyện bi đát :((,1,0,0.0021188124
haizzz ... thế là chưa có kq gì tốt đẹp cả ..,1,0,0.0022605655
để có được cái nắm tay tuổi già là bao giông bão của tuổi trẻ . mấy ai qua được bão giông ?,0,0,0.0054500164
"đấy , nó đấy . con tim tao đau quá .",1,0,0.022150574
gặp em đúng lúc nhưng sao anh vẫn thấy mình cô đơn quá .,1,0,0.0027452921
nhớ lại thời đi học xa nhà . bếp dầu ... :(,1,0,0.0033008843
"con gấu trúc , cho nó ăn trúc đi =))) tướng ngồi nhìn cưng vãi",0,0,0.0014810693
nhưng nó sẽ to và rộng ra :(,1,0,0.0037246803
haha còn tao thì thấy nó lúc nào cũng đáng yêuc 😄😄😄,0,0,0.0025455786
"đừng tin vào lời ong bướm , đó là hố sâu , là cạm bẫy tình yêu =))",1,0,0.0030605232
bây chửi kệ bây ! riêng tao thik phá trong trường hợp này 😂,0,0,0.011074616
ở chỗ khác chắc gì có đứa béo như mình !,0,0,0.0026412231
"yeahh ! tao giờ đã là khách quen quán trà sữa đó rồi , về nhà cũng phải ráng tạt qua",0,0,0.0037617038
cái miệng nói chuyện không có người phụ nữ nào có trời ơi thật là có duyên khiếp quá đi thôi,0,0,0.0017422405
cưng quá đi,0,0,0.0016931616
một phút huy hoàng rồi chợt tắt còn hơn le lói giữa ngàn thu,0,0,0.0039565875
"bộ phim này xem rất sướng . và rút ra được khám phá là thứ tuyệt vời nhất chứ không phải bằng cấp . giá như mấy ông "" bộ "" và mấy ông "" ngành "" dành thời gian xem phim này một lần .",0,0,0.0015022928
aeon tâm lý thế :)) mày . n vào mua que kem tránh nóng,0,0,0.0022009893
per vui quá .. đi dạo được ven hồ rồi 🙂,0,0,0.0019334413
thế làm sao dỗ bạn gái đang giận :(,1,0,0.0018479476
vãi :)) độc đấy,1,0,0.0014397516
tao bị bỏ rơi rồi,1,0,0.08465763
🙁 bị rớt tiền,1,0,0.0018036438
phần còn lại là nỗi nhớ và những lần thở dài :((,1,0,0.013973333
"tao rợn hết người luôn , ghi công mày 😑😑",1,0,0.003775254
"đây là tao khi bảo "" tao biết đường mà , tin tao ."" 🙂",0,0,0.0032223754
đã sợ chó rồi thì chớ lại còn bị đùa zai như này . ai sợ chó đã từng trải sẽ hiểu :v,1,0,0.0035840455
hic hic mình còn chả bao giờ được giận lại ấy chứ :((,1,0,0.015485617
gãy tay,1,0,0.0043141353
cho em xin tên facebook của c trong video để khi buồn em có thứ mua vui ạ . cám ơn mọi người,0,0,0.0020311011
đợi đến ngày họp lớp đi 😪,1,0,0.0015893121
"võ nghệ cao siêu đến mấy cũng phụ thuộc vào hung khí , em biết được điều này lên không bao giờ em học võ mà tự xắm cho mình khẩu hoa cải !",0,0,0.005279135
chia buồn cùng người dân và đất nước pháp,1,0,0.0025989537
và khi quay lại nói chuyện với nhau .... biết nói gì giờ huhu,1,0,0.004243908
"lớp 2 xí mót được cái chong chóng , bán lại cho thằng hàng xóm 500d .",0,0,0.0021036232
yêu sắp 2 năm rồi mà không biết người yêu kể chuyện cho nghe là gì 😢 đòi mấy lần toàn kêu không bình thường xịu xịu,1,0,0.003638629
buồn cười nhất cái đoạn cã lũ bạn đồng thanh * chó nó lấy * 😂,0,0,0.0024862387
ờ công nhận đáng sợ vãi 😭,1,0,0.0016882425
đọc nhiều chuyện cổ tích vầy thấy yêu cuộc sống hẳn :)),0,0,0.0012568814
giun xào đĩa luộc là ngon ngay 😂😂😂,0,0,0.0014042979
mỉa mai cực mạnh =)),0,0,0.0014446105
chia buồn với gã lưng gù 😥😢,1,0,0.0023941179
con gái hay ảo tưởng như vậy lắm 😌,1,0,0.0018888995
có ai thấy tội ông cụ như tao không 😭,1,0,0.0033545976
"ê tao cũng hay giữ mấy cái linh tinh lại như vậy để vài năm sau mở ra xem lại có cảm giác hoài niệm , mà mẹ tao bắt tao vứt hết rồi 😢",1,0,0.0069021285
"đấy , chỉ có sale như tao mới tốt thôi , tao không bao giờ hỏi về nỗi đau của khách hàng : x",0,0,0.004028783
lâu rất lâu mới gặp được lần rồi liết mắt nhìn cái :)))) chưa thấy nó cười,1,0,0.0066178315
ra xong bảo anh ý ship em về nhà luôn được không . xe em bị hỏng mất tiêu rồi =)),0,0,0.0042562196
per cảm ơn tôi đi . thấy tầm quan trọng của máy chém gió chưa,0,0,0.0016970848
mỗi lần coi lại sởn gai ốc,1,0,0.0013401813
khổ nhân viên,1,0,0.0025099781
thật sự đọc xong thấy hơi rưng rưng,1,0,0.0019157626
phim này hay dã man luôn - có ai biết phim nào kiểu dạng này nữa o 😍😍😍,0,0,0.0015362325
nói xong còn chả dám ăn nữa 😂😂,1,0,0.008978799
người trái đất thật đáng sợ mà - _ -,1,0,0.0019221718
nhớ hồi mình làm đồng nghiệp ghê :))),0,0,0.0017642825
bếp dầu ngày xưa thật ý nghĩa,0,0,0.0012431466
có khi nào kết hôn xong nó giết lấy tiền bảo hiểm không,1,0,0.0031352786
"per như một cú tát vào mặt , đau lòng quá đi",1,0,0.00552024
lâu lắm rồi chưa ăn được miếng cơm cháy .,1,0,0.004802202
"ước gì con về với mẹ .... đợi mấy tháng rồi vẫn chưa thấy bóng dáng con , mong con vẫn sống ...",1,0,0.3166674
cả ngàn tin nhắn không đổi lại được 1 lần xem :((,1,0,0.0021082438
cảm thấy sợ mấy thứ suy nghĩ cổ hủ của người lớn :(,1,0,0.009909023
để nó vậy không thấy tội sao,1,0,0.002783637
nhìn qua ảnh thôi cũng thích =)),0,0,0.0017606942
con bé xinh ghê,0,0,0.0012797377
"yep . chính tao . đi vệ sinh thôi cũng phải đảo qua , mà giờ thì người ta sắp đi lấy chồng rồi",1,0,0.0057867416
cũng dể thương đấy chứ,0,0,0.0018459493
phải có bao nhiêu tình cảm mới có thể viết ra được những dòng này ...,1,0,0.0057720374
buồn dễ sợ mà huhu,1,0,0.0020047124
đẹp trai quá,0,0,0.0014070831
"trời đụ , tội bé",1,0,0.001954158
mang anh này về nhà luôn được không 😻,0,0,0.0013738568
gia đình thì không còn . tình yêu thì chưa có gì chắc chắn . 😏,1,0,0.0074342145
"chơi game :v cấp 2 trộm tiền bố mẹ đốt gần 10tr vào game , cuối áy náy không chơi nữa nên ngồi bán nick được khoảng 2tr cũng gọi là thu nhập đầu tiên :v",0,0,0.002521543
bà về nơi phương xa mất rồi . nhưng với tớ bà là người dễ thương nhất trên đời . chỉ muốn ngả vào lòng ngoại nghe kể về những câu chuyện cổ 😘,1,0,0.020146113
"anh giờ thích ai rồi , không còn giữ câu nói trước kia nữa đâu nhỉ . ừ gần 1 năm rồi cơ mà :((",1,0,0.013054569
nhớ lại kỷ niệm này buồn quá,1,0,0.0034085212
còn tao thì 14 / 2 này trở đi tao không còn fa nữa mà chuyển sang những người già neo đơn .. kkk,0,0,0.03439444
chả vị nước mắt à 😔,1,0,0.0019569786
ngưỡng mộ quá đi ạ . chúc 2 ac mãi mãi hạnh phúc như này nha :))),0,0,0.001226469
phìm này rất rất hay đôi với ai sống hướng nội !,0,0,0.0012468927
:v crush có người yêu rồi,1,0,0.0013820346
"trên đường tao đi làm cũng có 2 con , mỗi lần chay tới là nó vương cổ ra như kiểu muốn hút tao trong khi tao không làm gì nó , cứ mỗi lần chạy tới là tao cách ly cả "" nghìn mét "" với nó , thấy nó sợ bỏ mẹ . đúng chất con ngang",1,0,0.023946427
cầu mong chú có cuộc sống tốt hơn ❤,0,0,0.0037715903
thề lun anh ấy rất kĩ thuật lun á,0,0,0.001715537
moẹ ! nghe cái tên đã hấp con mẹ nó dẫn lắm rồi đây này ! đjln ??????,0,0,0.001965955
được bác ạ !! cứ lấy vợ giàu là được tuốt =))),0,0,0.0015551265
hên là chay ra kip,0,0,0.0013870867
per tìm ông bán xoài này ngay cho em 😂😂😂,0,0,0.0014344745
cười ỉa 😂😂 thây nó thét mà tao nghĩ dọn xong nó đi luôn cái cổ họng,0,0,0.0043081255
hay lắm cậu bé,0,0,0.0012461151
có biết bao người có mảnh đời như vậy !,1,0,0.0043383394
per =)))) đáng sợ vãi,1,0,0.001800873
hhaahhaah ! t đã may mắn như thế 😂,0,0,0.002223677
maii ban thanh nhung nhớ cái này không hic 😭😭😭😭😭,1,0,0.0019966187
uề ... lại li hôn không thành công ... 😂😂. t buồn cười câu này quá per,0,0,0.005987733
per thông minh là đây chớ đâu,0,0,0.0013974567
mai xem lại phim nay . phim rất hay .,0,0,0.0012151097
khi em nói 2 chữ muốn dừng là nước mắt không bao giờ ngưng . . . đau,1,0,0.009079664
đa ́ người yêuc quá ́,0,0,0.0012473387
per anh ơi đừng gym nữa . boxing là đụ rùi :((,1,0,0.0021970107
nhà tao vẫn nấu . à mà lâu lâu tao về nấu một lần thì không cháy cũng nát,1,0,0.0027977338
tội cho cô gái ;((,1,0,0.0022904815
có những người đi qua đời bao nhiêu như 1 cơn gió vậy . vô tình nhìn lại . nó lại là quá khứ ...!,1,0,0.010093574
"rất dũng cảm , đáng yêu quá",0,0,0.0013551539
"per ít bửa đi coi , trailer thấy hấp dẫn quá",0,0,0.0014191543
per kỷ niệm nè !!!,0,0,0.0023126618
cảm ơn mày đã khai phá cho tao thêm một nét văn hoá đẹp :)),0,0,0.0011867622
ít nhất con nhện nó còn yêu mày 🙂🙂🙂,0,0,0.0015925781
người ghép có tâm 😁😁,0,0,0.0015294332
tao cute mà các mày,0,0,0.001359814
cưng ghê,0,0,0.0016114878
per chán quá,1,0,0.002070822
yêu làm mẹ gì rồi phải chia tay người ơi,1,0,0.0018376486
"ôi những con người dễ bị ám ảnh với quá khứ , ôm nhau cái nào",0,0,0.005296898
định tag anh vào nhưng chợt nhớ ra làm gì có anh nào 😑,1,0,0.004777444
nhớ không em lời hứa ngày xưa mình bên nhau dưới ánh trăng đã nguyện thề :)),0,0,0.002779077
"sau 15 năm cắp sách đi học và 2 , 5 năm không động đến sách thì bây giờ đang tự hỏi đây là gì sao mà giải được . huhu",1,0,0.0056763883
cay đắng và mặn :(,1,0,0.002092751
đm thực tế như này còn hay . tiếc là đéo ở gần mình =)),1,0,0.0045957393
tuy chưa viết hết nhưng tao người khác sẽ hiểu là viết cái gì,0,0,0.0020312257
lúc tối mày cũng nằm mơ nèo nhà mày về . ước gì nó là sự thật 😢,1,0,0.010608468
per dume đái trong quần,1,0,0.001853571
mắt 2 mí dễ thương quá,0,0,0.0012587109
tuổi thơ tôi toàn gặp những thằng mất dậy và toàn đánh nhau với chúng . tuổi thơ nợ tôi quá nhiều,1,0,0.03244618
"nhớ lúc trước có thằng bạn học rất giỏi và đẹp trai , lớp phó kỷ luật lạnh lùng và tàn ác không thương sót ai , ghi hết vào sổ . chỉ riêng mình là có thể giật tập nó để chép bài và đánh nó không thương tiếc mà nó vẫn im lặng , không bao giờ bị nó ghi tên vào sổ . kiểm tra quay phao nó giục bỏ và canh cô đưa bài cho chép",0,0,0.005761563
"muốn hun , muốn ngắt , muốn nhéo , muốn tán vào cái mặt nó ghê , yêu vãi ??????",0,0,0.0055816933
mình làm ở sài gòn gặp nhiều bạn ở miền ngoài nhưng thích nghe nhất giọng ở phú yên nghe hay hay sau ah có ai vậy không,0,0,0.0025021706
lớn lên sẽ rất đẹp chaiii ??,0,0,0.0015916625
dễ thương ha,0,0,0.0016089513
nhưng đảm bảo coi cái nào là cười sặc cái đó :)) vì nó diễn tệ đến nỗi nó hay,0,0,0.0015073525
xem cả chục lần vẫn thấy hạnh phúc lây với cụ bà 😊 không biết mai sau mình có được vậy không,0,0,0.0019497948
cho thơm miếng nào yêu quá cơ,0,0,0.0012700049
để được maiz ngắm nhìn nụ cười đó nên quyết định chỉ crush mà thôi :3,0,0,0.004930319
đối với tình yêu thì thời gian có tác dụng xây đắp chứ không còn là phá huỷ mọi thứ nữa . ngưỡng mộ hai ông bà ❤️❤️❤️,0,0,0.0024158603
kinh dị v,1,0,0.002000325
hồi nhỏ cứ đi qua chỗ nào mà nhìn từ xa thấy bóng dáng mấy con đuỹ này là chuẩn bị tinh thần chạy chứ nó dí sấp mặt luôn dù mình đéo làm gì nó hết 😂 vừa dí vừa ngoác mỏ hét sợ vãi ra,1,0,0.0083075445
"em cũng đi lead này , nhưng đừng gọi em là ninja được không , xin luôn đấy",1,0,0.003927649
sợ vãi linh hồn,1,0,0.0023162765
giống ml em tao hồi n nhỏ vãi . muốn ngủ với mẹ nhưng bị tao nịnh nọt bắt lên ngủ với tao :)),0,0,0.007311955
ôi vãi mình lên fan cứng rồi cơ 🤗,0,0,0.0031669633
bé gái đáng yêuc quá :))). dth nữa,0,0,0.001339503
hôm nay anh xin lỗi em về những việc anh đã làm hôm nay .. anh không thể kiểm soát não anh được nữa rồi 🤫,1,0,0.008984962
từ nay tôi quết định nuôi dưỡng con chim tôi tới già . và tôi mong được unesco công nhận kỳ quan thứ 8 của thế giới,0,0,0.008199132
và đó đéo phải là tao =))),1,0,0.0055470862
ngọt sớt :))),0,0,0.001554271
một sinh vật xinh đẹp và hiền lành . tiếc cho nó quá,1,0,0.0012610591
sau khi bố xem video của con xong thì bố rút ra 1 điều . bố không chỉ chửi con lúc con cầm đũa mà bố sẽ chửi con cả ngày thân ái ... yêu con,0,0,0.00893131
đẹp quá v 😍😍,0,0,0.0014754682
xin đi chơi với bạn ngày tổng kết không cho cứ bắt học miết :)) khá mệt,1,0,0.0024198925
cảm động quá hjxhjx,1,1,0.98340845
cuối ngày hình ảnh của ông bà là đẹp nhất ... chúc ông bà mãi hạnh phúc sống thật lâu lâu nhé 😘😘😘,0,0,0.001118409
nhìn đôi bàn tay đã biết phải lao động rồi . chị có lấy trai việt không :)),0,0,0.0024610653
là crush ông nào thì chạy ra bế vào nhà dễ dàng có người yêu :),0,0,0.001596211
ngáo cỏ này đáng yêu nhỉ,0,0,0.0014612171
ai cũng nói tao đẹp troai . hiền lành nhưng chưa biết lúc tao lên cơn 😂😂😁,0,0,0.02173033
nó mới ghé nhà tao đây :)),0,0,0.0032285952
đái mẹ ra quần,1,0,0.001802517
tao ngồi tao khóc 1 buổi ☹️,1,0,0.010956394
ra xã hội rồi mới biết mình còn may mắn hơn rất nhiều người vậy nên hãy trân trọng những gì mình có 😊,0,0,0.002737499
cưng thiệt chớ ????,0,0,0.0014206623
ý tưởng hay 😂,0,0,0.0012381905
nó thả thính xong nó chạy mất ..,1,0,0.0035404759
đang chán đời cắt tóc xong là chán cái mặt hơn chán đời luôn :((,1,0,0.0030193573
ai thấy pha cuối phê vãi không,0,0,0.0016960315
lo cho thang bé lỡ rớt điện thoại xuống nước thì ....,1,0,0.0021130627
tim vỡ nát,1,0,0.003873192
per em hiểu sao anh đưa em quyển sổ rồi nha kkk,0,0,0.0022404173
bộ phim truyền cảm hứng hay nhất =),0,0,0.0011932302
"mai tao ăn gà , chụp hình bình luận lại cho mày thèm chơi ??",0,0,0.001664215
"theo mình thì không nên vì định kiến xã hội quá khắc nghiệt , họ sẽ bị tổn thương và nghĩ quẩn",1,0,0.034138862
"hôm nay ai có vàng bán hết đi , tuần sau mua lại , lời vãi .",0,0,0.0021764361
ai hát tao cho tao nge bài này chắc tao say quá,0,0,0.0016640384
thằng đoạn cuối mặc áo hồng đang định gải đít nhưng vì thấy rắn nên anh ấy đã hết ngứa,0,0,0.0031414933
khoảnh khắc mày nhận ra mày còn đéo bằng 1 thằg nhóc còn trong bụng mẹ :((,1,0,0.0057110116
đem người đó ra biển cho biển cuốn đi lun .. hihii,0,0,0.004498111
hên crush nay ăn chơi lành mạnh,0,0,0.0011239316
nhiê ̀ u biê ́ n đô ̣ người kha ́ thu ́ vi ̣ =)),0,0,0.011955881
nhiều lúc em di từ từ chưa kịp đỗ đã có n ra bảo không được đỗ ở đây chán qúa,1,0,0.009429509
phim này là người cha zombie yêu thương con nè . xúc động quá 😢😢,1,0,0.0014016817
nhìn giống mấy đặc vụ của cia . sợ thế :)),1,0,0.0025694552
per vậy cug nghĩ ra được haha,0,0,0.0029120569
có lúc ngồi một mình mà cảm thấy lạc lõng lắm các cậu ak,1,0,0.014077935
buồn cười vãi ý,0,0,0.005294176
"gắng , nhanh khỏi bệnh rồi về bên anh",0,0,0.0025036465
per giải trí =))),0,0,0.0018682462
nụ cười của tôi thiên thần vãi,0,0,0.0015980981
per người yêu công sở nè 😂😂,0,0,0.0011555821
gd năm nay chán,1,0,0.001827936
chúng ta mất 3s để nói yêu nhau vài 30p để phịch nhau phải không nào,0,0,0.0021219926
phim hay thật nhưng cái kết hơi khó hiểu :v chốt lại là đáng đồng tiền bát gạo :v,0,0,0.0017078015
em không muốn chúng ta già đi chút nào . điều đó đồng nghĩa với việc cta sắp xa nhau 😔# n,1,0,0.0129826255
"khi bạn làm con b sẽ khóc , nhưng khi bạn đã làm cha mẹ bạn sẽ thấy đau lòng .",1,0,0.003952339
ông trời cho mình lũ bạn cờ hó quá ấy mà :),0,0,0.002325571
biết là đau lòng nhưng sao bản thân vẫn muốn biết nó,1,0,0.00773735
có duyên nhưng không có phận ... người ở lại vẫn luôn là người đau nhất !,1,0,0.0046161646
nào tao cũng phải thử =)))),0,0,0.0040180217
"đỡ mua 5k tiền sổ rồi , kaka",0,0,0.0014858256
đẹp người đẹp cả giấc mơ 😊,0,0,0.001331696
per tao cứ thấy giống giống mày :))))),0,0,0.004219167
phận làm con trai haizz,1,0,0.0017633783
thà chia tay rồi ghét hận nhau còn hơn là đang lúc dang dở thì mất nhau 🙂,1,0,0.006519645
phim xem hay ... nhẹ nhàng tình cảm ... và cười vkl,0,0,0.0012035634
không thấy không biết lòng không đau,1,0,0.0017316953
"úi sời , gần chỗ mình này",0,0,0.0025999807
"từ nay sẽ không cap màn hình ib nưa , thật tội lỗi tội lỗi",1,0,0.0020980155
uất quá anh ấy cũng phản ứng cãi lại . hì hì đáng yêu quá,0,0,0.0020654753
hahah tao chưa nghe hoàn chỉnh bài này lần nào,0,0,0.0029749335
"những người trẻ với tấm lòng nhân hậu , các bạn thật đáng yêu .",0,0,0.0013413982
đến năm cuối đại học rồi lúc nhớ lại đéo có gì :)),1,0,0.002751852
đm nhậu say gặp cái cầu lol này chắc tao nằm xuống mẹ cho rồi per,1,0,0.005229509
là nhìn người ta đi cạnh 1 cô gái mà bất lực không thể làm gì ngoài việc ngồi nhìn và mỉm cười,1,0,0.009789506
đoạn phim này tốn khá nhiều nước mắt của người xem,1,0,0.0029400715
đọc bình luận cười ẻ,0,0,0.0013099745
t có 2 con bạn thân nó thì cao trọc trời còn tao thì ... . buồn,1,0,0.0046051545
dẫu hiên ngang giữa đất trời gặp con vợ đểu thì đời cũng xong,1,0,0.0015856135
"hahaa , đợi em ngủ chút tí ròii buôn :))",0,0,0.0027702714
t định thả sad nhưng đọc bình luận buồn cười vailon 😂 nên thả hahaa :v,0,0,0.0028738189
sao nỡ lòng nào khiển trách bác ấy . còn họp kiểm điểm nữa . tội quá .,1,0,0.005713639
t gặp quả này thì bỏ xe mà chạy ??,1,0,0.0025336684
"phải nói là hài tàu hay thật đấy , luôn li kì và khó đoán kết quả , ý nghĩa thì thâm sau . hihi thích rồi đó",0,0,0.0015846353
"đúng rồi , kiên trì thêm một chút nữa đi ! :v",0,0,0.0024880595
ngoài kia ! còn có rất nhiều điều tốt đẹp vẫn còn trên thế giớ này ! hy vọng những điều tốt đẹp luôn diễn ra từng giây phút ..,0,0,0.0020114244
đã check rồi lại còn đoán :)) em vui tính giống anh đấy :)),0,0,0.002377885
per cảm ơn mọi người . do em thích mấy cái văn hoá tưng vùng để tìm hiểu,0,0,0.0013289961
bé tí mà đã có múi rồi :))),0,0,0.0020031712
thấy hơi sợ sợ rồi đấy :(,1,0,0.009555165
nhìn lũ trẻ yêu nhau mà lòng già xao xuyến,1,0,0.0027381645
per hồi ở tam kì hay nghe ... giờ nghe lại buồn ds,1,0,0.0024696118
"crush đi nhậu rồi say , rồi bị thịt ... hic hic",1,0,0.0026887795
lùn lùn làm sao sống qua nổi những chuyến đi phiêu lưu như vậy,1,0,0.003808619
cảm động người thầy đưa học sinh đi làm hồ sơ 🙄,0,0,0.0035431113
hôm nay đi qua vẫn thấy nói chuyện thải chảy thẳng ra sông thì bao giờ mới sạch được ... haiz,1,0,0.0025799973
tao còn không dám ăn nói chi ruồi .,1,0,0.15289696
việc đớn đau nhất . là nhường người mình yêuu nhất cho 1 người khác 😔😔😔. chỉ vì đơn giản không muốn ai phải đau buồn,1,0,0.0055567953
cách xử lý thông minh,0,0,0.001526747
má nó thú dị thôi rồi 😂😂😂,0,0,0.0019064114
thì đúng là sẽ không buồn vì thất tình nữa :((,1,0,0.0025256085
sợ vãi tè ăn độc 2 quả mọc luôn 2 cái nhọt ở mông đíu hỉu,1,0,0.0021718193
"tao thì chưa cắt thì đã đéo có sức hút rồi cắt , bùn vãi",1,0,0.0023338723
xui thôi chứ quyền đang hay mà 😢,1,0,0.0025480425
một năm đầy biến động và thăng trầm của nước pháp ☹️,1,1,0.75555164
per nhờ mất bạn nên mình mới biết 😂😂😂😂,0,0,0.0036221226
chạm đáy nỗi đau 😞,1,0,0.008543256
"nhìn một cái rồi thôi , chuyện của những năm trước",1,0,0.0026183308
không ngờ tin nhắn riêng tư cũng phải kiêng nể nhắn tin để lỡ có bị chụp vẫn thấy chả sao,1,0,0.0025250858
mỗi mùa trung thu đến nhìn người ta mua bánh tặng nhau mình lại thấy chạnh lòng ! 😞,1,0,0.0033941616
t chắc bỏ nhà ra đi khi ở với bố mẹ kiểu này quá . vẫn may bố mẹ tao không hề giống này tí nào,0,0,0.0049262657
per ơi nhột nhẹ kkkkk,0,0,0.0014458954
t thề với mày là tối thấy cái này chắc đái con mẹ nó ra quần,1,0,0.0022512067
dự là 30 mà 30 sợ già quá chả chó nào nó rước . năm nay đã 26 rồi mà vẫn chả ai thèm yêu 😔😔😔,1,0,0.0069777677
nhớ con gái tao quá :((((,1,0,0.0027447464
per nhìn mặt cưng gê,0,0,0.0017124817
mỗi lần chạy xe ngang kv bình chánh là cảm thấy sợ,1,0,0.0032375231
còn gì đau hơn,1,0,0.004006473
"mới đây thôi mà đa 3 năm rồi , những ngày chia tay buồn đó :((",1,0,0.006182475
các anh chị hãy nói với em đó chỉ là diễn xuất mà thôi . và tình yêu như vậy chỉ có trong tiểu thuyết mà thôi .,0,0,0.00221332
nhỏ ngầu lớn lên nhìn bê đi =))),0,0,0.0014206561
"chia sẻ cho anh em , haha",0,0,0.001290372
per đứa nào nghĩ ra được cái qcao hay vãi ...,0,0,0.0026364394
trời ơi tao chóng mặt quá đi :((,1,0,0.006444066
"công ty nào nhận bạn không quan trọng , quan trọng là ai giới thiệu bạn vào công ty 🤣🤣🤣🤣",0,0,0.0033119472
tao học nhân sự đây còn đang lo thất nghiệp đây này,1,0,0.008677049
"mình sợ nhất đến bữa ăn mà bố mình vác cái thớt vào mâm cơm , bố mình biết mình sợ vậy nên mọi chiện giải quyết sau khi ăn cơm xong ,",1,0,0.02284342
tôi đã xem đi xem lại 3 lần và xem lại lần hai mới hiểu hết nội dung và thấy hay hơn khi xem lại lần 3 . ai chưa xem hãy vào xem thử 2 lần !,0,0,0.0021653262
"cả 2 bà đều mất khi mình nhỏ , không hưởng thụ cảm giác này rồi",1,0,0.032895662
per được đi thi chưa babe 😂,0,0,0.0017897843
"cảm ơn cha mẹ đã cho mình hình hài này , xin được khôn ngoan để đừng làm đau người khác",0,0,0.0017022889
cười lộn ruột,0,0,0.0017505183
hôm đấy bổn cung về quê báo hiếu cha mẹ .,0,0,0.0026817154
"a nói là anh làm ngay đấy , các chú đừng đùa với anh 😂",0,0,0.0017612802
nếu 1 ngày per theo thằng khác và per cũng có bỏ bạn mà đi thôi huhu,1,0,0.004757688
nghe hay,0,0,0.0014434315
"khi xưa bị rượt 1 lần mà nhớ đời , còn mổ tao nữa chứ 😨😨😨",1,0,0.0060833674
nó sẽ thì thầm tai mày “ dượng đây “ 🤣🤣,0,0,0.0051279557
mất bà cái tuổi thơ -.-,1,0,0.007101766
"hồi nhỏ đi học phải ngang qua nhà nuôi ngỗng nó dí chạy thấy bà luôn , ngày nào cũng phải cầm cái cây theo . thề luôn tới giờ tao vẫn còn sợ con này khiếp luôn 😭",1,0,0.009530306
"má , dume cười ỉa :))))",0,0,0.0024255423
"per đây là thằng con trai vừa đẹp còn có não , mong per học hỏi ! xin cảm ơn",0,0,0.0013595751
thông minh vãi,0,0,0.0017396384
nhìn mặt là cười phọt rồi,0,0,0.005102984
chắc là vì em .. đi lấy chồng 😥,1,0,0.006413091
nghe lại bài này thấy chột dạ vãi,1,0,0.0014751732
dễ thương kinh khủng . bởi vậy mới nói mấy đứa yêu nhau là lầy nhất,0,0,0.001415163
khi đã đổ vỡ hàn gắn lại chắc gì đã được như lúc đầu :'<,1,0,0.0031995256
ngày xưa mìh cũng thế . dume thấy mấy ông đứng đầu đường nhòm nhòm cũng phải lượn qua cái :)),0,0,0.0043862187
per ê tao với mày mà đi cái cầu này chắc rớt ngay bước đầu quá 😢😢 đã mặp rồi chân lùn nữa đi qua bằng niềm tin,1,0,0.0022742029
ae phục vụ ngày xưa của mình đâu rồi . sao thấy thương bạn này,1,0,0.004010817
phim chuẩn chưa này =)))),0,0,0.0016193338
t chỉ muốn khoe là tao vẫn được nghỉ 1 tuần nữa =))))),0,0,0.0069354684
hi vọng hòa bình ở triều tiên sẽ không còn xa nữa . goodbye ! # per,1,0,0.0026391065
có móng tay dài cũng khổ,1,0,0.0022149791
sau nay em cung uoc duoc nhu vay ❤,0,0,0.0031333626
có đứa nào vừa xem vừa sờ tai mình không ? sợ vãi :<<<,1,0,0.00268808
"tự nhiên nhớ đến hồi bé , đi kiểu nào cũng bị ngỗng rượt chạy té sấp mặt luôn , nhiều khi nghĩ sợ nó dí hơn sợ mẹ đánh",1,0,0.05530835
tao lại sợ mày quá cơ :))),1,0,0.0036513887
hay bị giật khô trên đó rồi :(,1,0,0.0033226681
"phim hay , nhưng mà lần đầu xem là cùng nyc nên .. 😐",1,0,0.0014015556
"em cũng như con chó thôi , nếu anh đủ kiên nhẫn thì mọi chuyện đã khác rồi 😪",1,0,0.0048589855
làm công nhân đã khổ rồi mà tụi nó còn nỡ lòng nào hại người ta nhắn tin,1,0,0.002566264
ngày trước nấu cơm . đun rơm . đốt được hơn 10p mới nhớ ra chưa cho nước . hỏng cả nổi cơm huhu,1,0,0.0031187318
lúc ra hà nội ở ngay phố đào tấn mà không biết chổ này 😢,1,0,0.004561132
má lỡ té xuống 1 cái tao nói lên tắm 8 năm cũng đéo sạch nữa,1,0,0.0020283782
tận cùng của nỗi đau 😑😑😑,1,0,0.012536252
chuột mà làm như người vậy .. ít hôm nó gặm cả rắn cả dây thì thấy mẹ ..,1,0,0.0023970825
em này xinh vãi các bác ạ .,0,0,0.0015577668
ai bảo con trai yêu không nặng tình ? :'(,1,0,0.0018322497
tao thì ngược lại .. cắt xong nhìn như thằng trốn trại vậy,1,0,0.004086325
tên thì tất nhiên nhớ nhưng ngày sinh của tao thì ông bà bô nhà tao không một ai nhớ cả ^^,1,0,0.014558076
"nhớ trung thu năm ngoái , đứng nhìn các cặp tình nhân ôm hôn , nắm tay nhau ... chạnh lòng lắm !😞",1,0,0.0033178567
thôi mày cố lên . đỡ rồi cũng tốt,0,0,0.001948688
🙄🙄🙄🙄 tao cũng thích kiểu kể chuyện trước khi đi ngủ . cho đến khi tao ngủ luôn . mà đéo có ai hết . buồn đời,1,0,0.007437777
"nhìn 1 cái , cười 1 cái rồi về thôi",0,0,0.003209815
thật chứ thấy bạn nam kia cứu con chó không cần nhìn mặt cũng biết đẹp trai rồi 😆,0,0,0.0024431648
:))) mình sướng mà mình không biết hưởng nhìn lại những mảnh đời bất hạnh mình nguối mặt thẹn gấp 100 lần,1,0,0.011275425
oaaaaaaa ...... thực sự rất tạo động lực và niềm tin cho người khác đó < 3 rất thích nụ cười và sự thoải mái tự tin của anh chị < 3,0,0,0.0017588992
"per nhà giáo áp lực quá nhỉ , giống làm dâu trăm họ .",1,0,0.002125552
"thường thì người thuận tay trái sẽ bị bệnh này :v , riêng tao thuận vả 2 tay nên chả sao",0,0,0.00506709
trò cười . :v,0,0,0.0016439517
tội cho mấy thằng đang xoay tiền mua bánh trung thu cho vợ thằng khác ăn,1,0,0.0016653341
tội thằng per vãi,1,0,0.001624541
nhìn con bé thấy cưng ghê chị ơi,0,0,0.0013873966
tao cũng ước mình có 1 tình yêu như ông bà ❤,0,0,0.0028687788
đi chơi lụm được tờ 2k rách mua băng keo 5k dán lại tờ 2k 🤔,0,0,0.0018418044
"các cháu thật tốt , hãy thương yêu mọi người và cả loài vật nhé , may mắn và niềm vui sẽ đến với các cháu .",0,0,0.0016277396
per con nhện cản bước bé xuống cầu thang =))))),1,0,0.0021207978
"chẳng phải chuyện hài nhưng sao tao thấy buồn cười quá , chắc thần kinh có vấn đề",0,0,0.003531375
đồng cảnh ngộ :(,1,0,0.0018989254
con ước mình cũng có 1 tình yêu đẹp như ông bà vậy < 3,0,0,0.0023352015
per phải nói là hiền quá hiền luônnn 🤣,0,0,0.0013801713
cô ấy hết thương tao rồi,1,0,0.010105006
phải tự cho mình đau lòng nhất thì mới bỏ được,1,0,0.007224565
"đang học sử buồn ngủ , xem cái này tỉnh rụi liền =))",0,0,0.0018027115
thớt là gu của tôi :))) yêu quá hiuhiu,0,0,0.0020482927
mới có 3 năm thôi mà ... vậy mà chúng ta còn không tụ họp được lần nào cả,1,0,0.006261379
đấy mới là điều càn đó . huhu,1,0,0.001940409
thanh niên leo lên cao để theo dõi thời tiết để thông báo cho người dân đi cấy thật cảm động,0,0,0.0014456504
quen với quên rồi thì hết đau thôi mà,1,0,0.0020136568
"động lực là tình yêu , gia đình là nơi để về hihi",0,0,0.0030363107
nếu chịu khó đặt vào hoàn cảnh của nhau mà sống thì cuộc sống đơn giản hơn rồi đó,1,0,0.010675332
vì bạn chỉ là con trai nắng hoặc em gái mưa thô :(,1,0,0.004838361
"quỷ cái chứ ma đâu mà ma , haha",0,0,0.0030677915
cười ị :v,0,0,0.002680212
"vãi cả phí , có ... 81 tỷ hoy 😓",1,0,0.003134277
có lẽ vì vậy nên moi thứ trở nên thật khó khăn lúc này :(((,1,0,0.006655221
ai giúp bé với hix,1,0,0.001909039
ôi cháu taooo =)))),0,0,0.0029565531
chỉ có được cái chữ đẹp . hihihi ...,0,0,0.0028201498
nhớ đến lại buồn . chuyện tình chúng ta chẳng đi được đến đâu cả,1,0,0.0050792997
tao lại thích chua lè chua loét chứ :))),0,0,0.002815013
dume đêm ròii =))) tao cười vãi tí hàng xóm qua đánh bỏ mẹ,1,0,0.019797485
gặp tao cũng thế :))),0,0,0.002035166
năm xưa mày cũng ôm gối đứng cửa phòng c như này này per 🤣🤣🤣,0,0,0.0072031324
"nói chung thánh này không ai ghét được , trừ hlv kkk , dễ thương gắp trăm thằng pogba ,,, mong cho thằng đó nhanh biến khỏi mu",0,0,0.0033889492
per nhớ cái này không bây kk,0,0,0.0026808556
"vợ mình cũng thế , mấy lần đắp mặt nạ dọa chồng :v được cái mình chơi game kinh dị nhiều nên đếch sợ =))",0,0,0.002997709
vèo cái đã 7 năm 😕,1,0,0.0034936452
các mày trốn đi bọn chủ tịch đang đến kìa 😨😨😨,1,0,0.002010628
kích thích vãi,0,0,0.0014628648
tao hiểu rất rõ cảm giác của em ấy ....,1,0,0.0071028424
cay đắng cuộc đời 😞 một chút vị mặn của mồ hôi nước mắt,1,0,0.0036718762
cãi tay đôi luôn hahhaa,0,0,0.0013782091
có hôm tao đang vương nỏ tính bắn vào con họa mi đang đậu trên cành thì ai ngờ nó phản đame đứt thun dội ngược vào mặt từ đó tao không còn chơi nữa,1,0,0.015415969
"per hồi nhỏ bị con đỉ này dí lòi lol 😂, bị cắn bầm đen muốn thúi thịt luôn cả tháng hơn mới hết . mà đươ ̣ c cái con này nuôi nó giữ nhà cửa hay , có nó không sợ ma quỷ gì hết",1,0,0.00861598
nốt hôm nay thui . thui không ngĩ đến và bắt đầu từ bỏ 1 thói quen,1,0,0.0013558193
"không biết khuyên thế nào , nhưng chỉ cần bình tĩnh 1 xíu , dù gì thì cũng đừng tự sát , đời người chỉ sống 1 lần thôi ...",1,0,0.008116268
"tôi xin nhắc lại , đây là một câu chuyện buồn",1,0,0.009121388
chưa cho ba mẹ được gì . vậy có quyền gì mà đòi phàn nàn về những thứ ba mẹ đã rành rụng bao nhiêu năm để lại cho mình,1,0,0.021448107
vì tao xấu và chúng nó chỉ thích gái đẹp,1,0,0.0043231198
năm nào mà tao chã cô đơn,1,0,0.0051394864
"cũng như đàn ông gục ngã trước cô gái nhiều sắc ! đặc biệt là 50 "" sắc "" thái 😂😂",0,0,0.0016990548
tui nhớ anh quá à :(((,1,0,0.0029538134
tập có lỗi với thằng quay phim mà tao xem ba lần tao vẫn cười đứt ruột,0,0,0.0016726251
per mới bắt đầu tuần thánh mà chúa ơii,1,0,0.0012114773
hiện tại mình chưa người yêu bạn nam nào chưa có người yêu thì lo cua mình đi nhá đến khi mình có người yêu rồi thì đừng hối hận đấy huhu,1,0,0.0043689935
hahaa ngọt vãiii :)),0,0,0.0013712139
vl đánh đòn hic :))))),1,0,0.0022381884
tôi khóc lun ... huhu,1,0,0.42275196
"hồi nhỏ đi ngang nhà hàng xóm con quỷ này dí tao từ ngoài đường vô tới trong nhà tao nó vẫn không tha , ba mẹ tao nghe tao la chạy ra chụp cổ nó quăng ra sân nó mới chịu đi . ám ảnh tuổi thơ 😅😅😅",1,0,0.09380924
moá hồi hợp chờ main thắng ai dè thua bởi cái mông huhu,1,0,0.0033023534
nói thật gia lai nói riêng tây nguyên nói chung xưa nhờ vàng đen '' hồ tiêu ' và vàng trắng ' cao su ' mà người dân có dư cái ăn cái mặt bây giờ thì thua rồi bỏ đi tứ xứ .. một thời,1,0,0.0048294812
per tôi đợi ngày nhận thiệp cưới của ông,0,0,0.0023131724
ngoài mấy cảnh nhảy múa hát hò vớ vẩn ra thì phim hay,0,0,0.001393469
đm chơi mất dạy vãi . tưởng khúc cuối là gì dume làm giật mình 😒😒😒,1,0,0.006822772
quá nguy hiểm,1,0,0.0018138023
dume con ế đọc tổn thương sâu con mẹ nó sắc :((,1,0,0.002390944
hoá nhện tỏ tình đấy :)))),0,0,0.0013620647
đây mới là công an của nhân dân việt nam cảm ơn bạn nhiều điều tốt đẹp hơn nhé vanew,0,0,0.0011634701
per nguy hiểm luôn rình rập xung quanh chúng ta :((,1,0,0.0063846656
per coi phim này chắc chết luôn trong rạp 😂,1,0,0.0014977776
per :))) không bù cho nhũng người như cta,1,0,0.0018962232
ghét nhất mấy loại bép xép thế thôi . nhanh gọn lẹ 😂😂😂,0,0,0.0016182886
chúng mày có thể bỏ ra 30s thả tim vào avatar coi như lì xì muộn cho tao được không ? chưa bao giờ được 30 tim buồn v . lol 😭😭😭😭,1,0,0.0038749087
:) đàn ông mà nặng tình vãi lol ra,1,0,0.0018532058
sợ ngỗng còn hơn sợ chó :))),1,0,0.0021000647
per tao thấy mấy ảnh thật đẹp trai,0,0,0.0014765026
per người đừng hành hạ tuôi như thế nào nữa,1,0,0.0034804363
còn quá nhiều mảnh đời bất hạnh ☹️,1,0,0.010401435
per mệt quá mấy con ơi,1,0,0.054735206
cười vui vãi,0,0,0.0018331559
"ai nói kết có hậu , đầu khấc mất vợ tương lai kia kìa",1,0,0.0022377516
từ đầu năm giờ chắc chụp 10 lần rồi huhu sợ quá 😭😭😭,1,0,0.0049395207
"kết mỗi câu ru con ngủ để vợ đắp mặt nạ làm đẹp , 10đ chồng tốt =))))",0,0,0.0011695343
bếp ga hj hj 🤣🤣🤣🤣🤣🤣,0,0,0.0014462011
ly hôn cũng phải hoành tráng chứ .. còn phải làm to hơn kết hôn mới được 🤣,0,0,0.0022826665
chuẩn rồi bác . :)))),0,0,0.0018682266
gia đình ổn tình yêu không có thì cần gì động lực ... kaka,0,0,0.008687682
giờ anh gù lấy đâu ra chỗ ở :'(,1,0,0.12154876
hồi đó khoái cái này lắm,0,0,0.0019007229
"chưa nói chuyện thân thiết quan tâm , mới xã giao thôi đã lầm tưởng rồi ấy chứ , haizz khổ lắm",1,0,0.005880885
buồn cười 😂😂,0,0,0.0103323255
"muốn em vui vẻ đơn giản lắm , chỉ cần bao ăn bao xem phim tuần 1 lần thôi hỡi các đồng nghiệp ơiii 🤣",0,0,0.0020107222
"còn tao nhé , hơi bị ngon",0,0,0.0016090653
muốn bảo vệ và chăm sóc người đấy,0,0,0.001564447
địt mẹ vừa đi ép lại kính xong giờ tan con mẹ nó cái kính rồi 200k của bà mày đấyyyyy !!!!!,1,0,0.0046622967
đây là video hay và ý nghĩa 😊,0,0,0.0011793892
"t thề mỗi lần dọn phòng sn này thì banh kem , pháo kim tuyến . đủ các thứ . khóc mà bụt nó đéo lên",1,0,0.007511047
dịch vụ tận tâm . đáng yêu quá ! : x,0,0,0.0011608885
khoảnh khắc nhận ra đồng nghiệp mình is the best :)) nguyễn ngọc thái hiền,0,0,0.0012449435
mai đi học mà mình quên cách cầm bút rồi huhu :<,1,0,0.0025260744
thật đúng đắn khi đã follow page này !,0,0,0.0017464352
tình yêu lớn lên sẽ mang người con gái ta yêu thành gia đình . family is all,0,0,0.002451657
đồng nai mùa chim nướng yên xe kaka,0,0,0.0021235866
phần này dù xem lại 100 lần vẫn bật khóc tình cha thật phi thường,1,0,0.0014282608
cũng có nơi gia đình khá giả mới có nó !,0,0,0.0016126528
cứ mỗi lần có phim hay là xách nhau đi 🤣,0,0,0.0016012265
tao thề tao rất sợ ma quỷ nên tao rất không dám xem phim,1,0,0.022479508
- mấy bạn đừng có đổ mình nữa nha 😞😞. mình ngại lắm 😞🤣,0,0,0.0078077246
sợ vãi =))),1,0,0.0035384982
per nguy hiểm quá mày ơi 😩😩,1,0,0.0030033893
t thì thik cầu này vãi ... kiểu mấy người năng động thì sáng nào đi qua cầu này cũng vui,0,0,0.0017751254
khung cảnh ấy cuộc sống đấy mỗi lần được xem yên bình nhẹ nhàng cực ! yêu bạn ấy,0,0,0.0012029348
"đẹp , dẽ thương mà",0,0,0.0012721265
"bỏ ghê người ta ngồi ngại đều phải mua nước thoii , ý tưởng hay :)))",0,0,0.001751252
mười mấy năm nữa tao cũng sẽ đạt kỉ lục thôi 😂😂😂,0,0,0.003972925
thanh xuân là để bỏ lỡ 😔,1,0,0.0022894791
mấy chị làm chung rất ư là dễ thương luôn,0,0,0.00125419
"trượt rồi , còn đâu mà rủ 😞",1,0,0.0045222994
tự nhiên thấy cảm động hic,0,0,0.12389208
ngầu vãi lìn luôn á :))),0,0,0.0014984758
cay đắng vãi 😌,1,0,0.0020002108
giờ tao mới nhớ tao đã từng :)),0,0,0.009928364
nhìn cái ngành giáo dục việt nam bây giờ ai cũng mệt mỏi,1,0,0.031047624
:( cầu chúa ơn nhiều ban bình an cho những người kém may mắn như vậy,1,0,0.0012549392
moá . vẫn nhớ hồi nhỏ bị ngỗng đuổi . đù má tao mới là đứa bé ngây thơ hồn nhiên thôi mà dume tao sợ tao ám ảnh đến bao giờ huhu 😭😭😭,1,1,0.88702875
vk em nó bảo bếp gas các bác ạ 🤣🤣🤣🤣,0,0,0.0021885557
xem tới đây dume ứa nước mắt 😞,1,0,0.0018088607
an ủi cũng ghen à :(,1,0,0.0036104769
không may thụt chân xuống thì sẽ như thế nào nhỉ chắc là thốn đến tận rốn,1,0,0.0032118084
"per một thời mình ở bên nhau 😘😘😘😘, nhớ ghê",0,0,0.0030689717
thề chứ .. phim nay xem đi xem lại không thấy chán ... vẫn như mớinxem vậy,0,0,0.001438086
họ đáp vì phép lịch sự còn mình vì yêu mà chủ động vì quan tâm mà hỏi đủ điều ..🙁,1,0,0.0043356805
hạnh phúc to nè,0,0,0.0012265589
"thôi xong , biết thế tém tém lại .",1,0,0.0043143844
"ba cái đồ yêu , 1 ngày 2 lần nấu đây , ngon bá cháy bọ chét nhé , thơm mùi khói nữa …",0,0,0.0014454651
thân là người yêu mình mong cậu có thể giống được như đôi mặc áo nâu ❤️,0,0,0.0032178499
"ngàn cân treo sợi tóc nhỉ , csong mong manh quá",1,0,0.0020699361
"năm nào cũng đi cho có không khí xuân vậy , không đi thì thấy thiếu thiếu . nhà tao cách chợ 10km",0,0,0.004476537
":))) ở đoạn đó hồi năm nhất tao "" được "" họ lấy 100k , vì sáng sớm đem duy nhất 100k trong túi , thế là nộp luôn :))))",1,0,0.004513369
dã man quá ..,1,0,0.0020199644
"èo , ngọt quá đi",0,0,0.0013134262
per hay xàm xàm mà zui hè,0,0,0.0017976675
giờ tao mới hiểu được hết những gì mà trước đây đọc bình luận tao đéo ’ hiểu 😂😂😂,0,0,0.012226352
không nổi thì mình chìm haha,0,0,0.004636724
thật ra cách quét hạt xốp rất dễ mà có thể các bạn chưa biết . đó là . tẩm xăng những chỗ có xốp và đốt 😂,0,0,0.0029288044
đỡ mua cuốn sổ 5 ngàn =)),0,0,0.001426537
chính xác ! nơi làm việc anh em mà đoàn kết với nhau cỡ nào cũng thấy mau hết giờ làm . 😊😊😊,0,0,0.0017160894
chuẩn luôn khi ở công tình yêu toàn là các anh chị em đồng nghiệp tốt he he,0,0,0.0011031559
"cười đấy , sau lưng nó đâm con mẹ nó dao vô hình cho chết mà vẫn sống nhăn răng luôn .",1,0,0.0035194948
nín đi . sang ngủ với mẹ đi đêm nay anh chông chị cho =))),0,0,0.0019054064
"1 chút đắng , chút chua cay , với 1 chút ngọt ngào ở đâu đó 😞",1,0,0.0047492734
hàng nông sản việt nam là thứ bị cạnh tranh và phá hoại nhìu nhất 😣,1,0,0.0040520094
kẻ ô điểm lời phê :((,1,0,0.0016609889
"hòi nhỏ nhà ngoại bị rượt muốn chết , sợ tới giờ 😭😭",1,0,0.1443406
người ta chỉ muốn dụ mày rồi xin một trái thận . 😪,1,0,0.008537652
nó cưng quá mày,0,0,0.0018511502
đứng tim luôn,1,0,0.0016698001
cười xĩu,0,0,0.0019990688
tao thề từ giờ đến cuối năm mà tao không lấy được vợ thì tao quyết định sag năm lấy 😊,0,0,0.0069469423
nhìn bà cười thấy hạnh phúc quá ❤️❤️,0,0,0.0012523703
"per làm ở đâu không quan trọng , quan trọng là vẫn buôn chuyện đều 😂😂😂",0,0,0.0021013382
năm nay được nhận hoa và được ngồi nhìn người ta hạnh phúc,1,0,0.0017189835
tao muốn mèo nhà tao cũng tìm về được như này 😭,1,0,0.0024128077
đã đẹp trai còn khôn 🙂,0,0,0.00141388
hi vọng câu chuyện admin vừa bịa ra giúp các bạn có thêm niềm tin trong cuộc sống 😂.,0,0,0.0021847093
lớp chúng mình rất rất vui anh em ta chan hòa tình thân =))),0,0,0.0015046657
đấy thấy chưa con người ta khổ như thế,1,0,0.0028195144
tầm tuổi này . họ không còn những áp lực cuộc sống nữa . mà chỉ còn thứ tình cảm gắn bó với họ từ những ngày khó khăn nhất . ngưỡng mộ và ước được chút phúc đức của ông bà,0,0,0.044036046
tạm biệt ông cám ơn tất cả những gì ông đã làm cho vn,0,0,0.0012483067
per huhu trời ơiii,1,0,0.0019299928
lấy ghế ra ngồi thật tuyệt,0,0,0.0016117134
per không lấy được vợ thì có thể đi tâp gym đêt lấy chồng 😁😁,0,0,0.0023101622
ám ảnh đến bây giờ 24 tuổi vẫn sợ ngỗng :))),1,0,0.0024647934
cưng v trờiiiiii .,0,0,0.0053519863
nguy hiểm lắm,1,0,0.0059567476
chỉ tại tôi không nói nên không còn cơ hội,1,0,0.078466795
anh đã mơ về một ngôi nhà và những đứa trẻ 🤦🏻‍♂️,0,0,0.006359622
em ấy còn cười được chứng tỏ em rất mạnh mẽ,0,0,0.0037817913
tao cũng phải về mở cho mẹ tao coi 😂😂,0,0,0.0027276003
móng này mày ra uống chữa yếu sinh lý với ung thư ... khá tuyệt !,0,0,0.0014907077
chuẩn lun,0,0,0.0017517954
chỉ khổ thân bọn trẻ thôi đau sót lắm,1,0,0.005079146
per ngóng cuộc đấu tranh công nghệ này . tq đồng lòng ghê nhỉ,1,0,0.0014244424
"hành động đẹp chứ sao , đằng nào cũng tiệt kiệm hơn :)) 0",0,0,0.0016377167
tao đa khóc khi xem phim này 😭😭😭😭😭,1,0,0.0016552695
per tao đã làm cho mày đau lòng nhiều lắm ư 🤔,1,0,0.00787737
có ai luyện mới được như mình không dạ,0,0,0.0032244115
cực phẩm luôn kìa,0,0,0.0012475983
t ngắm người yêu tao cười mà càng ngắm tao càng yêu lúc giận cơ nhìn muốn cắn cho mấy phát tao bị cuồng người yêu rồi cái,0,0,0.006091246
"thề , coi rồi mà xem lại vẫn buồn",1,0,0.001945579
thằng nhỏ mạnh vãi,0,0,0.0014335259
tao sợ thật sự :(((,1,0,0.04578292
lại tạo điều kiện cho mấy chị fa vào thả thính . :)),0,0,0.0027473543
per haha sao tôi nghĩ tới em liền luôn á,0,0,0.0034199792
vn là vậy . bn công chăm sóc của tao đổ sông đổ biển .,1,0,0.008885546
thật cảm động,0,0,0.009248936
có chuyện gì thê bố . bố đừng làm con sợ :((,1,0,0.0039030218
per =))) nó kể chuyện buồn mà cười vãi cười =))),0,0,0.001480958
m nói chuyện cũng cute ngoan ngoãn cơ chứ tao toàn okay anh =))),0,0,0.0020112763
"bồ tao cũng đang đi cái này , từ nhà nó lên đây cỡ 2 tiếng mấy và dume nó bảo tao ngủ đi vì nó đi đến sáng :)))))",0,0,0.0055789836
nhìn vậy nhớ ông ngoại quá 😞,1,0,0.001501321
xem lâu rồi giờ xem lại vẫn buồn cười,0,0,0.0022252558
t không phàn nàn . t sẽ cố gắng giúp bố mẹ có được nhiều hơn 💪💪💪,0,0,0.003596872
không biết crush có thích uống nước mắm không để còn tặng nàng chai nam ngư 900ml :)),0,0,0.0019387725
đáng yêu quá,0,0,0.0014538415
chính những người như thế họ rất cẩn trọng khi bật xi nhan đấy,1,0,0.001948523
lấy chồng như 1 canh bạc . ko hoa . ko lời chúc không gì hết . pải chăng số ta chỉ được vậy . cô đơn quen rồi,1,0,0.0049969237
mai người ta đi học mai tao đi du lịch ố la la =))))))))))))),0,0,0.0014614905
bài học rút ra là học cách buông bỏ những thứ không thuộc về mình,0,0,0.0031947193
có đồng nghiệp đáng yêuc thì sếp có khó tánh mình vẫn cảm thấy vui rất nhiều . nhớ những ngày tháng đéo thèm tăng ca đi ăn bất chấp,0,0,0.0031286222
"anw , vote cho anh vũ",0,0,0.0012668401
tự nhiên muốn có con 😐 dume,0,0,0.004542057
nhìn con mắt thấy đau đớn . tội em quá ????,1,0,0.033306874
chỉ cần sống thật với cảm xúc .. với chính con người bạn là hạnh phúc nhất,0,0,0.0015086031
xem nà ra chiêu nà gẫy cây nà sấp mặt luôn nà 😂😆,0,0,0.0013845921
tội cho chàng trai ấy,1,0,0.0019392163
mỗi lần về quê mà sắp sửa đi qua chuồng ngỗng tao phải cầm cây chổi lông gà mới đi được đấy dume . quơ quơ vòng vòng cho mấy đĩ ngỗng né xa ra rồi chạy thụt lol luôn :=]]]],1,0,0.003882949
azz :3 mặt cưng xĩu,0,0,0.0012904414
"chờ mãi mà không thấy , cứ thấy trống vắng vãi :((",1,0,0.005849939
cưng vãi ấy,0,0,0.0016411297
"nhớ lại ngày đó , làm pg bán giấy , cười suốt ngày , khách chửi cũng cười , mà nhớ thời đó ghê , mới 1 , 2 năm chứ mấy",0,0,0.0069500813
tôi làm trades . lương tôi không có .. chỉ có thu nhập thôi có tính là cao nhất việt nam không ??? tháng tôi kiếm từ 3000 - 5000,0,0,0.015472536
tao ở thanh hà và nhà tao không quả vải nào hết 😂,1,0,0.01955233
ước gì có ai để tao tag vào .,1,0,0.017380632
mong ông bà nhiều sức khoẻ . đáng yêu thực sự 😍😍😍,0,0,0.0011403848
phim này rất hay .,0,0,0.0013795131
ôi trời nguy hiểm thế,1,0,0.04155812
"haha dần dần phải kiềm chế , khắc phục sẽ không đáng sợ không bằng vũ lực hành động mà nói đâu chết đó :)) kaka",0,0,0.01770034
sao mình gặp toàn thằng mất dạy hay bắt nạt mình nhỉ ? tuổi thơ bất hạnh :),1,0,0.009173471
ước gì ba còn sống để làm điều đó với má . nhớ ba ❤️,1,0,0.004568113
tiền cắt tóc như kia đủ mua giày rồi :v,1,0,0.0017126333
"per đang định đi chụp , thấy cái này sợ quá đéo đi nữa",1,0,0.009838954
bt mà tao vẫn lạng lách ở đây suốt,0,0,0.004334242
nhiệt tình + ngu dốt là phải trả giá bằng tiền mặt 😂😂,0,0,0.0018148836
"má gần nhà có nuôi 1 cặp ngày nào đi ngang nó nhìn thấy nó quay đầu bỏ chạy , con gì mà dữ thấy mẹ hà",1,0,0.008159343
bạn trai tao đéo biết giận dai nên không phải dỗ,0,0,0.0017373733
hú hồn,1,0,0.0027315435
bò ra mà cười :)),0,0,0.002519082
"ai cho mình xin tên phim với , mình không xem được 😢",1,0,0.004391352
per đi tong một năm học ... nhưng vẫn tốt nghiệp ... :(,1,0,0.0014809397
ngoài ra còn một số cái buồn nữa . không giải quyết kịp thời thì ??,1,0,0.003858295
cay đắng đến cùng cực và hạnh phúc đến tột đỉnh . chỉ là mình có quyền lựa chọn nó hay không thôi,1,0,0.0025383234
ở đâu cho tao làm vớiiiiii,0,0,0.0022343711
như con đười ươi :)))))),0,0,0.002788656
coi mà cái tay nó rung trái tim nó đập sợ cái thằng đó té sấp mặt luôn thì không bình thường họa mi còn hót được không :)))),1,0,0.0023900408
"ngày em đến anh mất ngủ suốt mấy đêm vì vui sướng , ngày em nói dừng lại nước mắt anh rơi trên đường chạy về nhà",1,0,0.009410775
per nhớ ghê á nha 😂,0,0,0.0016410914
cái tháng học sấp mặt luôn,1,0,0.0020238739
trên đời sợ nhất mấy con trùn trùn như ri ! nhất là giun đất với rắn !!! đã từng bỏ tiết học sinh học mổ giun đất 😞😞,1,0,0.0025541964
hồi xưa còn bị vén tà áo dài nằm lên bàn rồi đánh . chứ quỳ thế này có là gì đâu . giờ mới thấy cảm ơn thầy cô vì hồi đó đã như vậy .,0,0,0.00964692
dume nghe kể mà đau cổ họng vãi :),1,0,0.0020505085
"công nhận lãng mạn thật , nhưng tao đang tưởng tượng cái cảnh động phòng , eo ơi ......",1,0,0.0038382753
"per bất hạnh vãi , mà tao với mày đéo tạo được niềm vui :v",1,0,0.002324684
nghĩ mà buồn vãi =)),1,0,0.0031538522
không biết có ai ở trong ngôi nhà không,1,0,0.27482674
dcm . ngày bé tao sợ nhện vãi . xem phim thấy yêu tinh nhện,1,0,0.0019340881
quá nguy hiểm .,1,0,0.005189302
tuổi trẻ tài cao mà :)))))))),0,0,0.0013032878
"t chẳng muốn phải nói "" suýt nữa thì .."" một lần nào nữa trong đời của nhau nữa đâu ... vì vậy sẽ trân trọng khi người tới .",1,0,0.005910853
nam nhân nhà người ta kbh làm tôi thất vọng,0,0,0.12211215
per mày này . nhưng mà lúc già sắp chết 😕,1,0,0.00622466
cụ bà đẹp lão quá cậu,0,0,0.0011757269
per không bao giờ quên được hihi,0,0,0.0025395607
per đúng rồi mình đây =)),0,0,0.003228092
năm nay tao không còn cảm thấy cô đơn và mỏi chân nữa ... vì tao được ngồi mát và ăn ké socola of bọn có người yêu 😁😂...# mun 😘,0,0,0.0063117323
đm quả gật đầu quả quyết vãi 😂,0,0,0.0013653486
"chuẩn rồi . nhiều khi mệt muốn xỉu , xong đồng nghiệp đùa nhau đôi ba câu hay kể cho nhau vài câu chuyện thế là lại vui trở lại 😂😂😂 đồng nghiệp quan trọng thật sự",0,0,0.0017354526
tụi nhỏ dễ thương quá,0,0,0.0012700763
con bé bị quơ trúng nhìn đẹp như búp bê ấy < 3,0,0,0.0016082304
thương em :(,1,0,0.0028573764
nó bỏ mình đi rồi mỗi lần nghĩ tới nó ôi sao mà xót tim gan hơn mất người yêu,1,0,0.0084321005
tao bắt đầu sợ nó ròi đấy :)) ám ảnh vãi,1,0,0.0029516038
nó vẫn luôn hiện hữu xung quanh chúng ta . hãy dùng tình yêu thương đó và cho đi ❤,0,0,0.0036539533
thấy tội em thỏ bị ăn đòn tới tấp,1,0,0.0023983438
có đủ mọi gia vị :< em thấy vị đắng của sự chua sót quá nhiều :),1,0,0.004597367
"năm nào cả sinh nhật âm hay dương mẹ cũng gọi điện cho mình , bà ngoại trên 80 , bác ruột mình đều nhớ hết 😂😂😂",0,0,0.011059203
"chán thật , dạo này hồi xuân hay sao đọc mấy cái kiểu này ấm lòng vãi :(",1,0,0.0015301526
tks admin ... tôi muốn tìm phim này lâu rồi mà không nhớ tên phim ... tks admin nhiều,0,0,0.0033870332
crush tao mất rồi .,1,0,0.0039753104
per xem xong hình như tao mới bị thêm bệnh tiểu đường,1,0,0.0031491306
câu chyện cổ tích thật ý nghĩa 😂😂,0,0,0.0013490263
"ôi trời ơi , buồn cười quá đi mất 😂😂😂😂😂😂",0,0,0.00396877
vui quá ta ơi ......,0,0,0.0015804433
"bởi vì anh đã gặp em đúng lúc , đúng lúc đó em đã có người thương ...",1,0,0.006224471
"tàn nhẫn thế nào , là khi mình trao họ hết hy vọng rồi họ lại dập tắt đi nó",1,0,0.0044708624
cỡ nào anh cũng có thể chịu đựng được vì anh yêu em,0,0,0.008874945
"thôi em sợ lắm , tha em bác",1,0,0.007546638
"sướng nhờ , bên trung chúng nó yêu nhau toàn sống chung . 😂😂😂 toàn richkid :>",0,0,0.0034491937
ngưỡng mộ mấy cậu vẽ đẹp quá,0,0,0.0012013626
cảm ơn bạn đã yêu đất nước việt nam tôi,0,0,0.0015863699
mình sống ảo quen rồi nên đắp mặt nạ cũng đắp bằng app luôn :)))),0,0,0.0027613412
cuteeeeeee 😊😊😊😊😊,0,0,0.0019093035
nhưng nó cười với đứa khác không phải mày .... 💔,1,0,0.0047736815
per c . bị tinh thần đi xem đi 👻,0,0,0.002411323
vậy mình xin chúc đk n năm tới không còn cô đơn nữa nha kkkkklk,0,0,0.0031830722
ấn tượng vãi :v bàn tay vàng trong làng vẩy khế :v,0,0,0.0013549546
"học xong cấp 3 , ngoài mừng vì được thoát khỏi đó thì không hề có lưu luyến 1 chút nào :))))))",0,0,0.009935579
tao đang đi phân khối lớn đây . ai cũng kêu nhìn cá tính vãi 😁,0,0,0.006331688
"mới đây mẹ tao giúp tao làm lại giấy khai sinh . mẹ có hỏi "" mày sinh ngày mấy để mẹ làm ""😑",1,0,0.0072140964
"công nhận , thời xưa bệnh mà cũng vui vãi . :)))",0,0,0.0013502454
chỉ mong ông trời sẽ bù đắp cho con cháu của họ sau này 😔😔,1,0,0.002970359
không biết phải mình lúa không . chứ mỗi lần đi du lịch trước khi trả phòng là mình phải dọn sạch sẽ . cứ nghĩ nhận phòng sao thì trả phòng vậy . bị anh chồng la hoài là vậy,1,0,0.011570932
và tôi đã mất đi 1 người như thế .,1,0,0.033175275
nguyễn thị hồng phấn cũng may tao không thấy cặp nao hêtd,1,0,0.0027051407
per hãy cứ vững tâm tập điều độ rồi sẽ có thôi,0,0,0.0022712238
úi giời khiếp quá !!!!,1,0,0.0026611926
sao tao thấy đa phần mấy đứa con trai cắt tóc xong nhìn ngáo đéo chịu được vậy =))).. cười tét cả hàm chứ đùa,0,0,0.0040359995
t mà bị như này thì chắc tao chết luôn c ạ 😂😂 per,1,0,0.021579694
per thể loại tao thích nè nhưng mày đi coi với tao nha không tao khóc thét rạp,1,0,0.0023980823
giờ cắt bộ móng đi cái tay vẫn cứ bị phế khó mà phục hồi được,1,0,0.0039070053
:(( tội bé,1,0,0.0031911966
thật là một câu chuyện buồn 😌,1,0,0.00429778
xỉu lên xỉu xuống :(,1,0,0.0020490482
vãi linh hồn .,1,0,0.0025843997
các cháu giờ lợi hại quá :<,0,0,0.0012201908
nỗi đau ấy ai thấy giúp tôi,1,1,0.9738055
per sau này con bư lớn cũng vậy đó mẹ hahaa,0,0,0.0037823662
per hồi nhỏ chuyên gia đi ngang nhà hàng xóm là bị nguyên bầy ngỗng nó dí nó rượt chạy khóc la um xùm .. giờ còn ám ảnh 😭,1,0,0.018290296
boss dễ thương vãi lúa,0,0,0.0013752184
cảm thấy mình thất bại :((,1,1,0.9927187
bộ phim đầu tiên làm tao khóc thành tiếng,1,0,0.0019038582
bá đạo vậy chơi sao lại 🤣,1,0,0.0018947023
per huhu em không biết phải đi xem phim với ai nữa 😭,1,0,0.0069475016
gần 1h đêm là con trai mà xem xong nói chuyện mắt vẫn rỡi 😔😔,1,0,0.001951712
mấy đứa chân ngắn qua sao,1,0,0.0019252426
hahahaha,0,0,0.0023756963
đúng vậy dù có mệt mà đồng nghiệp nhiệt tình vui vẻ là cùng muốn đi hoài,0,0,0.0026899844
tiếc là chưa thấy cậu cười ngoài đời bao giờ,1,0,0.016013728
per tao không gửi cho mọi người . tao chỉ đăng lên facebook cho thiên hạ biết thôi :))),0,0,0.0069715194
đúng là yêu tới đầu bạc răng long .,0,0,0.001396431
vậy là hên rồi,0,0,0.0017708113
per bị phạt 10tr à c 🤣🤣,0,0,0.0032162657
mình còn chưa kịp đến :((,1,0,0.013892479
mình không quan tâm giá trị học bổng bao nhiêu . mà tớ q . tâm em đó sẽ dành những gì cho đất nước sau khi học xong thôi . hee . chúc mừng em .,0,0,0.008383898
per trailer không có tiếng thôi mà đã thấy ghê rồi đó !,1,0,0.00196925
"per chồng xem đi , hài lắm",0,0,0.0014256048
"cả thế giới biết toau crush mày , còn mày thì íu nhận ra 😐",1,0,0.0063011968
dễ thở hơn so với đề văn sáng nay 😂😂😂,0,0,0.0013723569
mèo người ta đi lạc về nó còn nhớ chủ chủ còn được đụng nó còn mèo nhà tao đi tán trai có mấy tháng về nhà thấy chủ như thấy ma 😌😌,1,0,0.004285086
"ôi vãi , mày thật bất hạnh vì có lũ bạn như thế",1,0,0.0072264015
:))) đồng nghiệp đáng yêu,0,0,0.0012234686
gần nhà tao lại chẳng còn sót lại anh nào huhu,1,0,0.0030553816
cảm ơn các anh tình nguyện viên .,0,0,0.0014262083
hồi xưa tao bị tiêu chảy kèm ho đã sợ vãi . giờ ho không thôi cũng sợ nhỉ . ??,1,0,0.010268704
hoá ra chúng ta không biết nhiều về tình yêu như ta vẫn nghĩ 😢,1,0,0.0050474806
nghe bài này đau lòng quá mà,1,0,0.0012295359
đáng yêu mà sợ gì,0,0,0.0014884964
còn tệ hơn năm ngoái,1,0,0.001878167
gần thôi :))) giờ nhìn lại đề thi và không hiểu sao mình ra trường được :))),0,0,0.0045718024
có một sự tổn thương không hề nhẹ ở đây,1,0,0.029703049
"học chán phèo , chả có gì đáng nhớ",1,0,0.0037421377
tao thấy dễ thương màaaa,0,0,0.0018751306
"mình theo dõi mấy nick quân nhân , tập trận , pccc ... hay vãi luôn á .",0,0,0.0020128915
sau khi có vợ anh per đã có đồ giả gái xinh và tinh tế hơn 😆,0,0,0.0014651165
giận ngược lại rồi giận luôn chứ có huề đéo đâu :(((,1,0,0.003466967
ấm lòng vãi huhu,0,0,0.0014167341
per cười đau bụng luôn 🤣🤣,0,0,0.001627773
"mình thấy sợ mấy con rắn quá trời , mà cái gì mình sợ là mình hay muốn tiêu diệt -))",1,0,0.027645962
đợi chúng nó đang ăn lấy xe cứu hỏa phun nước ôi tao hình dung ra cảnh đó thật tuyệt,0,0,0.002210448
ba mẹ tao chửi tao tao chỉ biết câm họng và bưng tô cơm ra chỗ khác vừa ngồi ăn vừa khóc một mình cho dù biết răng mình k có lỗi 😭😭 !?,1,1,0.98361903
dạ đây là chị gái em nha không phải chồng đâu ạ người trong hình là em huhu ?,1,0,0.00172096
đoạn cuối yêu mún chết,0,0,0.002378778
"tao buồn quá , tao đang khóc !!!",1,1,0.96644896
per đây là chúng mềnh 🤪🤪,0,0,0.0018343761
per đóng vai chính đúng xuất sắc lun,0,0,0.0012271614
ngày xưa mừn cũng hay thế lắm .,0,0,0.0013372654
má hồi xưa về ngoại chơi đi đường bị nguyên đàn yêu nghiệt này dí chạy té đái giờ vẫn sợ bọn nó 😨😨😨,1,0,0.0045674583
😑 sao cái kết gì mà buồn vậy,1,0,0.0029159551
tuổi trẻ tài cao là đây,0,0,0.0013205973
đùa ... cảnh sát việt nam tài thật . vụ gì cũng bắt trong 48 giờ,0,0,0.0014342867
"ôi đời vẫn là chịu không nỗi đời mà , chán",1,0,0.0036615701
sợ con này lắm :((,1,0,0.004415177
rồi lại im thôi . 200k hay 5tr thì cũng vậy,1,0,0.00371378
nghe mãi mà vẫn thấy hay,0,0,0.0012444807
"gập đúng người mà mình muốn thương , muốn yêu , muốn chăm sóc . nhưng thật tiếc khi trong tay vẫn chưa có gì",1,0,0.004139909
tới lúc chia tay rồi khóc :(,1,0,0.0071183005
"có lần tao thổi cơm không đổ nước lúc khét mở vung ra mới biết , làm đánh đít xong cả tiếng trời không hết",1,0,0.0029044487
bố mẹ cho ta đx tồn tại trên cuộc đời này biết nhận thức thì tự đi lên từ đôi tay của mình nhé 😘,0,0,0.005195082
per nhớ bột mì chiên huhuhu,1,0,0.0014573802
chắc hẳn trước kia em bị đối xử tồi tệ lắm nên mới vậy :(,1,0,0.031351373
chuẩn luôn :)),0,0,0.0022050438
"giờ bà già lắm rồi , nhổ sợ hết tóc , nghĩ tao lại thấy buồn quá 😞😞",1,0,0.0068022404
như kiểu người yêu luôn ấy =))) nhẹ nhàng,0,0,0.0011829598
chạy xe hơn 40 ' chỉ để chạy ngang chỗ crush làm nhìn 1 cái rồi về :) đến giờ vẫn vậy cứ rảnh là chạy vô nhìn cái rồi về :),0,0,0.0034315374
đừng ai lấy cả hộp kẹp của anh ý nhé :(((,1,0,0.0026952059
cuối cùng là hai mình ăn được ngủ được :))) đứa nào cũng lên vài kí,0,0,0.0021540474
haha mắc cười quá ... nhưng thật chúng mày là tao rất sợ rắn ...,1,0,0.004597613
yêu nghề chuẩn mẹ rồi,0,0,0.001271086
"tao khuyên mày , bật lên mr . siro lên mà nghe , đời sẽ vui vẻ hơn =))",0,0,0.002546943
per chị ơi còn học được cả tiếng anh nữa luôn này :v hịn quá,0,0,0.0013090544
"mới xem 1 đoạn xíu này mà cũng khóc hết hơi , nhìn em bé mất bố mà quay ra nhìn lại con mình đỏ hỏn nằm bên cạnh , thấy thương quá 😭",1,0,0.005406649
xem đi xem lại mà khóc sướt mướt 😭😭😭,1,0,0.0051838076
t nhớ tao đang xem xxx thì chưa cắm tai nghe 😭😭😭,1,0,0.0033882114
< 3 chuyện lạ có thật :))),0,0,0.0018044631
ông thần nhây vãi đái 😂😂,0,0,0.0013351733
nói chung là ai nào buông tay thì người chết vẫn là mấy đứa con gái như tao 😭,1,0,0.0046297843
mày định lướt qua rồi nhưng khi đọc bình luận của các bạn và xem kĩ lại thì mày đã rớt nước mắt 😭😭😭.... người cha thật vĩ đại,1,0,0.0027272478
câu chuyện vui ha =]],0,0,0.0013200898
tao cũng muốn học vẽ lắm :( cơ mà không có điều kiện để đi học,1,0,0.034996007
21 năm chưa crush ai thì có gọi là ế thâm niêm không hả các bác,1,0,0.003081516
em đừng đi tập gym em nhé . bth em đã mê trai lắm rồi . em mà đi tập nữa chị không biết em như thế nào luôn 😢 per,1,0,0.005029117
giòi béo lắm :)),0,0,0.0019586298
lũ kiến ở nhà mày thích vậy .,0,0,0.0020784778
thích bài này lắm lun . thuộc lun,0,0,0.0013842442
dù chỉ là 1 cây bông nhưng nó là tất cả tình yêu của ông dành cho bà ❤❤❤,0,0,0.003034739
"per đấu nhau to rồi , phen này hay",0,0,0.0012729082
chạy ios cho máu 😂,0,0,0.0013171148
nấu mì 2 tôm là vô địch,0,0,0.001873935
nghe thấm câu vàng trắng nhưng thực tế là trắng tay thôi nghe mà buồn,1,0,0.00178536
ngồi suy nghĩ 1 hồi xem trái hay phải rồi mới nói được . khổ vãi mà !,1,0,0.0050649033
nghe kể mà thèm ạ :'(,1,0,0.0018060182
cầu trời phật cho đại gia đình con sức khỏe !,0,0,0.0041549494
xem lại quá nhiều lần đến nỗi không nhớ nổi . vì phim quá hay và ý nghĩa .,0,0,0.0016957637
t tin crush của tao không bị thịt vì tao đéo crush ai cả =)),0,0,0.0031783099
hôm qua xem cười lộn ruột,0,0,0.0014387477
và ông đã có nỗi buồn mới thay vì buồn thất tình,1,0,0.010389364
giá mà có ai để giận :v,1,0,0.0032958856
ngộ nghĩnh nhỉ ! lạ lờ nhỉ !,0,0,0.0014171017
lúc thì cuốc đất è cổ ra không có giun mà câu cá 😒,1,0,0.0015459978
"còn giữ 2 cái đĩa cổ này luôn á , ghê hông",0,0,0.0017423542
có 1 đứa hợp tác vậy là cũg quý hoá quá rồi,0,0,0.0014532199
tao đã đóng dấu cấm đứa nào rớ vào =)))),0,0,0.0048505696
nguy hiểm vãi chưởng luôn ý,1,0,0.0016634468
em tìm link phim mà sao nó ra phim khác chứ không phải phim này zay mọi người 😞,1,0,0.0016851239
24 tuổi thấy đời đắng và khá mặn,1,0,0.0029209948
per coi phim này chắc chết luôn trong rạp,1,0,0.0013321502
bán hàng online hồi năm cấp 3 :))) tháng hè ấy đi quanh hạnh phúc để giao hàng với bố . được lãi 4 tr :)))),0,0,0.0018895136
cười sái mẹ quai hàm,0,0,0.002269947
"cần gì xa hoa đâu , thế này là hạnh phúc , thấy thương và ngưỡng mộ ông bà quá",0,0,0.001959459
bài nhạc hay khi nó đúng tâm trạng ... nhạc hay !!!!!,0,0,0.0011660664
thế là dấu ấn lịch sử và hình tượng thằng gù nhà thờ đức bà của nước pháp đã thành tàn tro :(,1,0,0.004076467
"cậu ấy tán tôi , tôi từ chối . thế là từ đó chúng tôi đéo làm bạn được nữa !!!",1,0,0.019607041
"bánh tráng trộn năm đó ở roai ờ ti , ruột đau như cắt nói chuyện mắt đầm đìa đền thg dưa gang cốc dưa hấu kem chi per",1,0,0.005990805
như chết đi sống lại 🙂,1,0,0.014788499
ai chưa xem thì nên xem 1 lần đi . đảm bảo không phí 3h đồng hồ của các bạn 😃,0,0,0.0016097901
đáng yêu vậy =))),0,0,0.0015947631
độc mà lần nào đi viện cũng bắt chụp 😭😭,1,0,0.0015176828
từ bé đến giờ mình chưa bao giờ xếp được 1 cái rubic nào thế mà cu nhóc kia xếp xong trong vài giây ! xấu hổ quá,1,0,0.0030749314
nếu ai cũng có ý thức tốt đẹp thì đất nước này còn gì để nói . đâu có ai hoàn toàn hoàn hảo đâu bạn . dù là moi tần lớp,0,0,0.0019805906
mày xinh thế ? tao ốm tí đã xấu hoắc,1,0,0.0023712532
một cái tết nhiều tiền,0,0,0.0014501881
per cách này coi bộ hay nha 😂,0,0,0.0012025865
đừng có thấy 6 múi mà ham nha nha 😂😂,0,0,0.0019955265
cái ông aamir khan đóng phim nao cũng hay và ý nghia het,0,0,0.0012242391
ở đâu cũng có người tốt nè anh kkkk,0,0,0.0013391828
lại mưa 😞,1,0,0.005234339
xong là phê lắm mày,0,0,0.0013780331
bên aeon hay thật đấy =))))),0,0,0.0018617457
không có bạn trai ... thì giận ai 😑😑,1,0,0.004722967
chia buồn cùng khổ chủ,1,0,0.0021837312
"quan trọng là lòng tin , bạn bè mình một số người mình đã mất lòng tin thì đừng bao giờ nói chuyện tiền nong . khâm phục anh",0,0,0.003264123
thật khó để có cả 2 khi chúng ta còn trẻ :),1,0,0.003620801
phim ấn thì của lão amir khan là hay vol,0,0,0.0012405415
ừ mỗi lần thế lần buồn kinh lắm mày ạ,1,0,0.0023545567
cảm ơn . anh .,0,0,0.0019637998
per kết truyện chất ghê :)))))),0,0,0.0012666881
chúng mày đã bao giờ bị hất cả cốc nước vào mặt vì mặt không bao giờ tươi cười niềm nở chưa ?,1,0,0.06519279
t đã soi gương suốt ngày chỉ để gặp crush và ngắm nụ cười tỏa nắng của nó,0,0,0.007483453
chẳng đủ dịu dàng để níu bước chân anh,1,0,0.009871934
rủ được crush đi thì không cần qua đây nữa rồi admin ưiiii :(((,1,0,0.0026600738
per nghe lại buồn vãi,1,0,0.0017265329
"bọn nó nhỏ mà đã có người yêu , còn tao thì ế :((",1,0,0.0045122104
"người đàn ông ốm đau nói với vợ mình :” ở lại với anh ” rồi cầm tay bà . đó là tình yêu , vỏn vẹn 20 năm ngắn ngủi . tình yêu bố dành cho mẹ",0,0,0.004240025
tao ám ảnh việc lau sàn,1,0,0.0026821576
ra chỗ khác sóng không tới viết đi cậu :((( nhìn buồn vãi,1,0,0.0032447756
nhói lòng lớp tôi,1,0,0.0027658541
nhìn ma tiếc từng hạt trân châu,1,0,0.002174992
năm nay vào quán net ngồi cho đỡ phải nhìn .....☺️,1,0,0.0020270892
per sợ ghê bây .,1,0,0.0021458124
tao coi xong tao khóc .,1,0,0.006877798
tao nhiều tài lắm .. nhưng tài sản còn cái mạng què và đôi tay trắng 😭😭,1,0,0.0020020069
"per 😥 cảm thấy tội lỗi quá , từ nay không chụp nữa thiệt luôn",1,0,0.005462434
đã biết là thế nhưng không còn cách nào khác :(,1,0,0.02314793
chưa bao giờ bắn trúng 😬,1,0,0.0016916493
đăng khoa lê lò dầu của mẹ nè anh 😘😘😘,0,0,0.0012818952
per phim này thấy trailer hấp dẫn ghê 😁,0,0,0.0014499942
bó tay luôn á,1,0,0.0015958622
"hai đứa chia tay , tao nhảy vào .",0,0,0.005005874
thương nhau còn chả hết dỗi nhau làm chi 😂,0,0,0.00445329
"ôi thôi , cưng quá :v",0,0,0.0016435105
đó là một câu chuyện buồn,1,0,0.0035254164
"động lực là lo được cho gdinh , tự chủ bản thân",0,0,0.0035759676
"buồn cho những ai thờ ơ , vô cảm trước một sự việc như thế .",1,0,0.0074130767
cuối cùng tao cũng được xem hết mấy cái video mà trước đọc comt đéo hiểu gì 🤣🤣,0,0,0.0028951615
đọc tin nhắn đầu thấy cay cay ngay mũi,1,0,0.0017686986
chỉ dân đen là khổ thôi . chả trách được họ khi cố gắng đi tìm may mắn ở nơi chùa chiền,1,0,0.002932741
tinh trùng của người ngoài hành tinh thật đáng sợ 👏🏻👏🏻👏🏻,1,0,0.0026923069
haha :))) nãy giờ mấy tiếng rồi mà các bác vẫn còn căng :))),0,0,0.0021512113
chút mua ... hehe,0,0,0.0014978169
ra sông mò đồng xu cùng ông anh hàng xóm được khoản kếch xù :))),0,0,0.0014221815
cái chứng minh hình kia dễ vãi . cứ vẽ hình lên bài xong người chấm điểm người ta thấy là biết chứ sao :)),0,0,0.0020946956
thế này lại thành xây nhà cho nhà hàng xóm rồi 😰,1,0,0.0017872807
tôi từng trách bố mẹ sao sinh tôi ra trong hoàn cảnh này,1,0,0.040679045
em xin lỗi anh,1,0,0.0035210857
"đến cả khi nó nói thích mình , 1 phút sau nó lại nói chỉ trêu . mệt mỏi",1,0,0.027624192
mày nói thôi mà tao nghĩ cũng thấy buồn rồi :(((,1,0,0.0052595055
tao ghét và tao sợ nó,1,0,0.020841446
buồn hơn thế là đối với 1 đứa con gái năm lần bảy lượt chủ động ib họ nhưng vẫn bị xem thường ... xem mà đéo rep ... hết thương là vậy ... 😞😞😞,1,0,0.004709097
đúng là nói thì dễ hành động không bao giờ làm được ))),1,0,0.002111602
add cứ khoe đi . mai lại chặt hết như nguyễn trãi mà 😂😂😂,0,0,0.0027179397
cả một bầu trời đáng yêu :))))),0,0,0.0013341842
đến câu nào có đáp số quen thì khoanh :)),0,0,0.0019101005
hoan hô . công nhân đâu phải trẻ mầm non,0,0,0.0017411113
hỏi sao bác sĩ hay bị người nhà bệnh nhân chém :)),0,0,0.0018939162
per nguy hiểm vãi,1,0,0.0019237807
nhìn thôi cũng đau lòng :)),1,0,0.0023579348
tao bị quỳ cột cờ mới ác . cả trường biết mặt luôn . nhục vãi,1,0,0.0076649496
per sau hôm sinh nhật là có cái này . ngon vãi,0,0,0.0013130247
per đúng chất em lun hâha,0,0,0.0022444536
thích mấy đứa này,0,0,0.001863886
viết tên anh trên cát cho sóng đập nát cái matlon anh :)),0,0,0.0021388892
"má .., ruồi bay qua táp chết tươi :)))",0,0,0.0019058607
"tao có một nỗi sợ khác cũng khá giống con yêu tinh này đó là con yêu nghiệt ngan đực :3 con này thành tinh hung ác vãi_chưởng , đi ra vườn đéo làm gì nó , nó cũng rượt mình . đậu ! đó là tao kể ngày bé thôi =) chứ lớn lên tao biết vơ cây củi theo để đi ra vườn rồi =))",1,0,0.012982039
"ai mang đồ ăn cho anh ấy đi , kẻo đói tội nghiệp",1,0,0.002325918
vì mình chỉ là giờ giải lao trong một hiệp chơi chính của họ,1,0,0.0034542736
sắp có thực đơn món mới 😍,0,0,0.0013012084
tình yêu cha mẹ dành cho con cái là vô điều kiện . mình đã khóc,1,0,0.010350305
cơ mà tao bị thần kinh thật,1,0,0.016438259
hay cực,0,0,0.0014807064
má tao coi mà cứ sợ nó bay ra 😌😌,1,0,0.0033636668
hãy cười thật tươi để cho cuộc sống của bạn trở nên thật tuyệt vời 😁,0,0,0.0024228254
hơi bị nhanh trí :)),0,0,0.0022981425
thô nhưg thật :)),0,0,0.003123812
nhớ lúc trước tao cũng có học quyền và múa tứ linh đao bay thẳng vào trán . :),1,0,0.0042926483
còn chả có ai nói chuyện thân thiết quan tâm đến tôi :<,1,1,0.98081183
tao cũng có 1 con đi lạc 1 tuần xong nó về bắt cho tao 2 con chuột làm tao mất ngủ xong hôm sau nó đi tiếp 😞 tao mong nó về lắm 😞,1,0,0.0066084466
"hôm nào đi học về cũng phải đi qa , nhà nuôi lũ này ở đỉnh dốc , đi học về tới chân dốc thôi là nghe lũ quỷ đó đứng đầu dốc đón đường bọn tao rồi . méo đạp xe lên dốc nổi , dắt xe lên dốc mà muốn vứt mẹ cái xe đạp để chạy lấy thân cho rồi :((",1,0,0.05253594
dễ thương quá,0,0,0.0015004227
dm ông cầm cam cho cẩn thận vào tôi cũng muốn ngã mẹ nó rồi này,1,0,0.0058541275
con nào cũng là con nhé . con trai tao tập từ nhỏ đã biết tự lo và phụ mẹ rồi :)),0,0,0.002621481
người ta thật thà phết,0,0,0.0015278626
bị từ chối rồi,1,0,0.14412428
ngày xưa cũng vui lắm mà giờ mỗi đứa 1 nơi rồi,1,0,0.014446882
nghe tình vãi =)))),0,0,0.001511674
"3s để tôi nói tôi yêu em và cả quãng đời còn lại để tôi chứng minh lời tôi nói :"" tôi yêu em """,0,0,0.013947111
mình bình luận chủ yếu muốn khoe mình là fan cứng thôi :)) các bạn không cần để ý,0,0,0.0034065277
"gặp một nhà nuôi 1 con chó với 2 con ngỗng , trời ơi chưa kịp vào nhà , con chó còn chưa sủa mà con ngỗng đã đuổi chạy vắt chân lên cổ rồi :'( nhục",1,0,0.0051528015
câu chuyện của mày làm tao buồn quá,1,0,0.0033570314
"per này , thích thì xem cho đã con mắt đi 🙁 đáng sợ quá mà",1,0,0.0015864801
mau khoẻ nhé :d,0,0,0.0013864011
công nhận chữ đẹp . 🤧,0,0,0.0012520136
nhìn mày thế kia đến tao còn thích ngủ cùng huống gì em mày,0,0,0.0046039266
"thiện tai , thế giới này khi nào mới được yên bình",1,0,0.0029948386
làm tao liên tưởng đển phượng hoàng cổ trấn :))),0,0,0.0015639561
tiền nhiều để làm gì ? để rồi lại chia ly,1,0,0.0028125595
điềm báo gì đây,1,0,0.0032340414
per huhu mất đi đồng nghiệp 😭,1,0,0.0024603845
chẳng những hư xe mà còn bị phạt nặng nữa,1,0,0.0026796053
nhất là lúc 16h chuẩn bị đến giờ đá bóng . chất rơm đầy bếp cho nó mau chín 🥰🥰 yêu quá thời đó,0,0,0.0016322901
bắt ve cho nó điiii . trông khổ quá,1,0,0.0020263747
khi nào mình già rồi cũng như v nha per kkkkkkkkkk,0,0,0.016113205
những người có tài như này công nhận giỏi,0,0,0.0011377394
😞 đó sẽ là những kỉ niệm thật đẹp,1,0,0.0015151624
tao bị biến dạng luôn một tay,1,0,0.4078456
chời má . ngọt chết tao rồi :)))))),0,0,0.0019505623
chạy ngay đi 😱😱😱 sợ quá .,1,0,0.0035225395
"nhìn cảnh 2 bố con hôn từ biệt , em bé cũng rướn mặt theo hôn bố mà chảy nước mắt , em bé như thế chắc không biết diễn , đúng là cảnh đẹp quá",1,0,0.0032399648
rất tiếc em vẫn chưa gặp được anh :((((,1,0,0.0049383393
"e ấy đang khóc , nhưng vì hàm răng không thể thụt vào nên mọi người nghĩ là em đang cười :))))",0,0,0.015151789
per thì tốt nhỉ quá đỉnh luôn ... nhưng không biết được trọng dụng không nữa buồn quá,1,0,0.002089276
"cấp 3 , đáng tiếc nhất trong thời học sinh ^^",1,0,0.0036952768
đm nhìn ngầu vãi,0,0,0.0016993677
em đang ở đâu mà mấy năm rồi chưa thấy xuất hiện :),1,0,0.07818177
phải chi có người để giận mình nhỉ :(((,1,0,0.0045826375
dễ thương vậy,0,0,0.0018725913
vào sg 50k / không cũng mua . 100k / không cũng mua ! ha ha,0,0,0.0020072479
"tao cũng là người cuối cùng ra khỏi căn phòng ấy , ngắm nghía lần cuối rồi rời đi , khép lại 3 năm đẹp nhất của đời người . tao không khóc nhưng trong lòng rối bời , muốn ôm hết all vào mình .",1,1,0.9694899
14 / 2 năm sau tau sẽ là ông già cô đơn ....,1,0,0.0029873773
"ra đi là lựa chọn đúng , ở lại incheon để gánh team làm gì cho mệt ra lại bị tiếng xấu .",0,0,0.005400706
"ôi dume giật nảy mình , tí thì rơi điện thoại",1,0,0.0033419556
hiện tại cảm thấy hạnh phúc khi môi trường làm việc toàn người lầy ....,0,0,0.0013468278
k cần biết nội dung ... nhìn mặt con bé thoy muốn cưới về cho con trai mình ngay rồi 😂😂,0,0,0.0032751474
vụ này chắc xử nhanh hơn vụ trong thang máy .... 😂😂😂,0,0,0.0016299591
"đặt mình vào vị trí của nhau , biết lo lắng suy nghĩ san sẻ cho nhau vậy là đủ rồi . có quá khó không ?",1,0,0.006673775
per mã mẹ biết hôm qua quay video sớm hơn ự,1,0,0.0013596676
"cả phim trừ anh dv chính ra thì thấy anh này là đáng yêu nhất , dù nhìn hơi hâm hâm tý",0,0,0.002652237
may mà không mua laptop này không thì ăn lìn lâu rồi :(,0,0,0.003308524
câu chuyện của em làm anh cảm động quá …,1,0,0.006202597
ý tưởng hay,0,0,0.0013384293
"xem mà đau lòng , đau lòng nhưng vẫn xem :((((",1,0,0.0014847395
con dựt gái đây sao hahaha,0,0,0.0015539327
thế hóa ra nguy cơ trầm cảm của tao cao lắm,1,1,0.98262435
có ai thừa biết nó sẽ nhảy vào điện thoại nhưng cuối cùng là vẫn giật mình không 🤣,0,0,0.005858369
per nghe chưa nhân viên mới ... kk,0,0,0.0016556304
đáng yêu vãi =))))),0,0,0.0015620386
nó bể 1 phát lúng tới cổ dume tởn tới già,1,0,0.0023316895
cảm ơn những người thả 😡 nên mình biết là đéo hay nên mình đéo xem . may vãi,0,0,0.0019997864
đồng nghiệp nhắng nhít nhất hệ mặt trời =))),0,0,0.0013077249
giống thằng này vãi :))),0,0,0.0018095175
lò xo chắc giờ không còn nữa rồi,1,0,0.005951182
đơn giản là thấy họ cười 😂😂,0,0,0.0021394186
hú hồn lon vẫn còn,1,0,0.0021273142
"diễn còn cứng quá à , kiểu biết rồi mà còn giả bộ bất ngờ :))",0,0,0.001832082
công nhận nó phê như vậy thật 😂,0,0,0.001370261
per đã hiểu sao hè năm ngoái có quả lịch học vãi chưa =)),0,0,0.0018120878
chúng ta nói với nhau nhiều quá nên bao giờ không còn gì để nói với nhau 🙂,1,0,0.015479062
hôm ấy tao chân ướt chân ráo từ quận 6 lên quận 3 cũng rẽ trái đoạn ntmk và cmt8 . mất 3 lít :( khôn hẳn ra,1,0,0.00676093
rồi mấy đứa chân ngắn đi chắc dập người hết . bay qua sao nổi =)))),1,0,0.0024366667
vui tính tí cũng khó cơ,1,0,0.0021887787
"dân vũng tàu có khác , toàn người nhân cách cao",0,0,0.0012856214
"dăm ba cái thể hiện tình cảm này ngày xưa tao đầy , nhưng từ ngày cưới xong đi qua đường chắc chồng tao rơi mất não nên chưa thấy lặp lại bao giờ . 😌",1,0,0.0058754007
chưa kịp đặt chân đến chiêm ngưỡng nó ...,1,0,0.009879917
per thế đéo nào mình chơi với toàn gái mà tính vẫn giống con trai . _ .,1,0,0.004368291
đã sợ rồi .. cố gắng hí mắt để xa ra để coi như thế nào .. khúc cuối hết hồn dục luôn cái điện thoại :))),1,0,0.009070013
per xem đi haha,0,0,0.0013886555
chỉ mong có người đến cuối đời vẫn yêu mình như ngày đầu tiên ❤,0,0,0.0031225858
per viêm màn túi cấp nghiêm trọng,1,0,0.0011975362
chiều mưa hứa tự sẽ tự đi mua đôi giầy mới 😂,0,0,0.002166802
vâng em gặp anh rồi mà giờ đây em vẫn cô đơn đi lang thang tìm những thứ vô nghĩa lấp vào nỗi cô đơn ấy,1,0,0.016909476
mình cũng một thời gắn bó với nó,0,0,0.011163462
nhện thông minh quá per,0,0,0.0012346674
mình thiì chưa năm nào được trọn vẹn,1,0,0.01798809
số hưởng rồi tránh sao nổi :d,0,0,0.0018067954
ước mơ nhỏ nhoi của tao là được làm chị mà không thể nào làm được huhu,1,0,0.013041647
cô ấy không yêu tôi,1,0,0.006497953
tạm biệt ông 😢,1,0,0.0020422945
nguy hiểm thật ... suýt nữa tao ảo tưởng con mẹ nó luôn rồi ..,1,0,0.0080814855
"nhà tao bên cạnh phòng tập gym , lúc trước bán dụng cụ thể thao ế vãi ra , nợ nần chồng chất ! từ ngày chuyển sang làm đại lý dầu ăn , gia đình tao phất lên trông thấy !😂😂",0,0,0.014141614
per hồi đó mua điểm đại học nè 😂😂😂,0,0,0.0016202235
nó lại hợp lí vãi,0,0,0.0013496124
"per hihi học ở đâu không quan trọng , quan trọng là bọn mình luôn có nhau hihi",0,0,0.0022589702
"may công an đến bắt chứ không thì dân chỗ đó cho vào nồi cả rồi , đã có người cắt cử nhau đi mua giềng mẻ rồi đó chứ 😆",0,0,0.0066077695
"eo ôi thằng nhóc áo xanh cuối cùng , sao này lớn lên chắc là sói ca haha",0,0,0.0017097146
"thôi bảo em gái xuống ngủ với mẹ đi , còn em percó sợ ma không ? thì ngủ với anh . hehe",0,0,0.0027332432
càng thân thiết khi quay lưng càng đau lòng .,1,0,0.0071532666
per nhìn đẹp thiệt mày,0,0,0.0012082068
😭😭😭 sinh lão bệnh tử hẹn gặp kiếp sau,1,0,0.0026458637
nghiệp hơi nặng nha !. làm hết hồn,1,0,0.0015100137
đúng là khổ trước sướng sau thế mới giàu =))),0,0,0.0018418088
nt thêm cái dạ vâng thấy quý vãi,0,0,0.0013063991
"200 năm xây dựng , tồn tại 800 năm , thật là tiếc cho nước pháp .",1,0,0.006614892
hú hồn chim én :)),1,0,0.0017786658
đừng bỏ tao ra đi mà,1,0,0.0067150393
"gặp tao , tao ré cái hoảng mất :(( đáng sợ qué",1,0,0.008001711
tự nhiên mình xem và mỉm cười theo .,0,0,0.0036047965
cái máy này có thật thì bọn chính trị gia sẽ ăn cứt hết 😂😂,0,0,0.0016998871
per hãy cảm ơn tao đi hâhah,0,0,0.0018122413
chú nghĩ cháu rất giỏi văn và là người có suy nghĩ trưởng thành rồi 💐 rất đáng yêu và tếu giống mấy con giặc nhà chú ❤️,0,0,0.0014029031
cần lắm nhiều vụ ly hôn như thế 😂😀😀😁🤣🤣,0,0,0.002702668
cái đoạn nướng cháy pizza để phốt công nhận là chuyên nghiệp thật :),0,0,0.0015827044
và mày chợt nhận ra người yêu củ của mày có người yêu mới huhu,1,0,0.0022884347
"con bé xinh nhờ , khốn nạn là cái thằng edit video ý :)))",0,0,0.0016883904
đây chính là lý do tao giảm cân toàn thất bại,1,0,0.00479183
chưa bao giờ còn yêu nhiều hơn thế 😍😍 bởi cha mẹ cho tôi tất cả,0,0,0.011458341
"giờ nghĩ lại mới thấy vui thế , đến nay bạn bè lập gia đình cả rồi :(((",1,0,0.0023618483
per đồng nghiệp tốt giúp ta dễ vào nhà thương điên kkkk,0,0,0.0013086769
thằng nào chưa bước vào quán bar hay karaoke giống tao không 😂 trai ngoan điểm danh 😄,0,0,0.001827529
per đưa anh nè không cần năn nỉ . chỉ cần em cởi hết đồ ra thôi . đúng không,0,0,0.0034849106
tuyệt vời . aeon mall có khác,0,0,0.0013152933
trải qua một cuộc bể dâu . những điều trông thấy mà đau đớn lòng,1,0,0.0037678008
hè về chỉ thích ăn cái này .,0,0,0.0037852416
tư ̀ hô ̀ i ba ̣ n â ́ y chuyê ̉ n trươ ̀ người thi ̀ chă ̉ người co ̀ n ai đô ́ i xư ̉ tô ́ tao vơ ́ i tao như vâ ̣ y nư ̃ anh . :(,1,0,0.10095156
"mặt đúng kiểu , em hiểu cảm giác phê của anh không kkk",0,0,0.0043773614
thỉnh thoảng lại xem lại phim này quá hay và ý nghĩa,0,0,0.0011573872
tận cùng của tan vỡ ah có biết là gì không ?,1,0,0.020629402
không muốn huhu,1,0,0.039208405
đầu năm chúc đại kỷ nguyên vạn sự như ý nhé,0,0,0.0011767177
loài này bé như ngón tay phàm ăn lắm sợ luôn,1,0,0.0019507667
rút kinh nghiệm năm ngoái 😂😂😂😂😂👍👍👍,0,0,0.0012177201
trông tội vãi,1,0,0.0014371785
yêu dã man kkk,0,0,0.001644505
nước mình chả í thức gì cả xả rác bừa bãi để trôi rác đầy đường thể này thật buồn,1,0,0.008862573
nghiệt ngã hơn là phi hành gia đéo tuyển mấy đứa lùn :((,1,0,0.0025613534
kiểu gì chả chết ? đá to như kia thoát sao nổi ?,1,0,0.0037475512
per 2 ly trà sữa bạn làm rơi mà chưa thấy bồi thường lại mình 😞,1,0,0.0017345399
cái này thì ai chả đau lòng trời,1,0,0.002688153
mày làm tao buồn đó per ??,1,0,0.002636141
tao không sợ đi làm mệt mỏi tao chỉ sợ không có niềm vui với nó,1,0,0.0053440216
tao đã khóc khi xem phim nay,1,0,0.002770759
mong manh dể vở 😂😂,1,0,0.00195983
"chúng ta hầu như ai cũng dùng đôi mắt bao dung để nhìn một người xa lạ , mà đối với người thân bên cạnh lại chỉ nhìn thấy khuyết điểm mà thôi ..",1,0,0.005220364
ewww mình chẳng giữ được gì huhu,1,0,0.122578464
nhìn nó cưng quá,0,0,0.0017643941
mẹ thằng này nói tiếng việt tốt thật lại còn nói được cả giọng phú yên nữa chứ,0,0,0.0016406463
tiếc quá ! nguyên nhân,1,0,0.0017286218
con mèo đág yêuc quá 🤣,0,0,0.0014102369
khổ thân em ý .,1,0,0.005113991
cưng quá mà,0,0,0.0015192429
per sao tội vạy em,1,0,0.0016243916
"per :))) tuy anh hay bắt nạt , giấu đồ và ăn bòn đồ ăn của em nhưng nếu thiếu anh thì công việc sẽ trở nên căng thẳng phết đó 😭",1,0,0.0023214468
má như người yêu ??,0,0,0.001911853
chỉ để nhìn cái thôi :)),0,0,0.0037285096
có người đến gần cuối đời rồi vẫn còn khổ ! :(,1,0,0.0059428383
ôi gu mình !! mà phim lâu quá rùi giờ mà đóng lại bản khác thì không biết sao haaa,0,0,0.0026908747
kinh khủng,1,0,0.002074705
c trai như thế nào tuyệt chủng rồi :),1,0,0.0016990029
tao cũng đang là con ghẻ của tạo hoá,1,0,0.0035770824
lấy ống hút mỗi đứa cắm xuống mà hút thôi :)),0,0,0.0028646418
sau khi đọc bài của mày tao cười nhiều quá và gãy mẹ hàm cái à,0,0,0.0019630066
mệt vãi .. mà cừời cũng vãi ??????,0,0,0.0034470474
đã từng nên tao hiểu cảm giác ấy . vừa tiếc ly trà sữa vừa phải lết xác đi giặt cái balo,1,0,0.07350182
tạm biệt ánh sáng của đời tao,1,0,0.008116641
đau bụng vãi hix,1,0,0.0018795452
"ai cũng chỉ muốn cho con tất cả nhưng vì được không có mà thôi , có con thì mới biết lòng cha mẹ",1,0,0.00375913
"nhớ quá , độ chục năm không đi soi ve rồi :((((",1,0,0.0029915133
"k có con gì ác bằng con người , các con bé như thế mà nó không tha",1,0,0.002291654
đáng tiếc đời không như là mơ . thực tế sẽ vả vào mặt cho mày tỉnh ra :(,1,0,0.006883155
nhờ cái bếp như này . mà hồi nhỏ tao suýt đốt cả nhà và bị chửi đó :((,1,0,0.029148327
còn tao thì còn không có nổi 1 người tỏ ra thân thiết quan tâm cơ . _ .,1,0,0.27354282
và hơn hết là tụi nó không còn coi mình là con gái nữa,1,0,0.017312033
nhà có người già vui thật nhỉ 🤣👍,0,0,0.0013008299
hiếu nghĩa . nhìn cái này nhớ mắc cười má đào chúc quá 😀😀😀,0,0,0.0011738038
cách người ta phản ứng cũng văn minh ghê ❤️,0,0,0.0013407802
rồi lỡ ai có bầu mà đi qua không biết nhảy kiểu gì nữa 😂😂,0,0,0.0035154733
"cứ thấy nó là đi đường vòng , dù đường hơi xa vẫn đỡ hơn bị nó dí =)))",1,0,0.003566079
cũng muốn kết hôn lắm mà đến giờ vẫn chưa có người yêu 😭,1,0,0.0070278663
2 đg thẳng mãi mãi song song không bao giờ cắt nhau hix hix,1,0,0.0020130074
mẹ thấy đơn giản không ? đấy giờ chỉ việc lên số cái .... lên ...☝️☝️,0,0,0.002029404
thực ra chỉ cần nhập đúng input là được thôi mà :d,0,0,0.0018826562
coi phim này không .. dễ thương lắm ..,0,0,0.001426753
thương mấy anh quá mà tao không kiềm được vẫn phải thả haha,0,0,0.0038551912
này gọi là theo kịp thời đại :)))),0,0,0.002212641
có người sinh ra đã giàu có người làm cực khổ cũng không thể giàu . thương ông,1,0,0.0027635675
"hồi lớp 1 đú theo lũ bạn về học nấu . thế là cơm sống , sợ quá vùi gạo trong đống tro",1,0,0.0039872536
"tao cũng hay nằm mơ con mèo của mình nó về , tao tưởng thật nên khóc cả trong mơ lẫn ngoài đời . nhưng nó đâu có thể về được nữa ...",1,0,0.057244107
mình nghĩ đợt này bà per thua rồi . đuối lý lẫn truyền thông yếu,1,0,0.0048699914
đến gần đoạn cuối tao tắt âm xong vào xem bình luận rồi mới tua xem lại để minvolum . iq + vô cực chuẩn mẹ rồi,0,0,0.0019178679
vừa sếp vừa đồng nghiệp tốt thì đi làm như là đi chơi 💃 bonus 6h chưa hẳn đã muốn về,0,0,0.002024812
coi phim này mà ứa nước mắt 😢,1,0,0.0014097784
đm hú hồn,1,0,0.0030480304
lâu rồi không được nhìn nụ cười ấy,1,0,0.007237874
"đỉnh rồi , hiệu ứng tốt :))) ấn tượng vãi_chưởng luôn",0,0,0.0014386504
nó mà nhập viện thì xong đời tao . n 😂😂,0,0,0.00513483
"hồi nhỏ bà mày có cho một con ngỗng mình tự tay nuôi nó . từ ngày đó nó đeo mày như chó mèo vậy . nhưng khi lớn nó lại mắc bệnh mà mất . giờ cũng hơn 4 , 5 năm rồi những nhớ nó lắm 😓",1,0,0.02053178
"cùng cười cùng khóc cùng vượt qua khó khăn , đau khổ nhưng cuối cùng lại là con số 0 :)",1,0,0.011603699
"sống trong một gia đình nhiều áp lực và lúc nào cũng chửi bới như vậy , tạo hóa đã ban tặng cho em bộ nhá khá là tươi để cân bằng cuộc sống",0,1,0.93032813
trời . cưng chết được,0,0,0.0063527916
ám ảnh thật sự,1,0,0.0062506865
sống 17 năm chưa crush ai bao giờ,1,0,0.017056316
lụm điều cho ba má . 2 ngàn 1 ngày bỏ heo đất . thằng hàng xóm vô trộm mất . khóc lóc mấy ngày .,1,0,0.003357925
"miễn sao có tiền ăn bánh trung thu , mua lồng đèn , đi du lịch =))))",0,0,0.0015383756
"hôm bữa 2 bình siro dâu thấy tiếc , nay bình mật ong còn tiếc hơn",1,0,0.0023589043
tao còn phải đợi 3 tháng nữa là đủ 1 gia đình nhỏ rồi,0,0,0.006133454
chú này tội lắm á :(,1,0,0.0020575526
"yeahh , được mở lại fan cứng rồi =)))",0,0,0.0024032432
dỗ lại dễ thôi mà . nhỉ nhỉ 🤣🤣🤣,0,0,0.0013738218
"tao nghĩ chắc do kiếp trước mình tu chưa thành tâm nên kiếp này cuộc đời tao như 1 trò đùa , tạo hóa ghẻ lạnh . chán đời :)))))",1,0,0.027972117
ph :)) phê hơn cả cần nhé . nên mua cái này về dùng tốt cho chó và người :))),0,0,0.0014563855
ưới gì honey của mình sau này cũng thế,0,0,0.0031026055
"per nhớ ngày tháng cta bên nhau ghê , giờ thì chả còn gì",1,0,0.008183523
tao . đôi lúc nghĩ lại thì tao vẫn thấy sợ tao lúc tức giận .,1,0,0.34458542
mùa mưa đến sớm rồi huhu,1,0,0.0017624568
xem video không buồn cười lắm vì chửi thề quá xá .. cơ mà đọc bình luận của các bạn cười đã luôn . kkkkk,0,0,0.00218046
"tuổi thơ của tao sợ nhất là con này , không làm gì mà nó cũng rược , suốt ngày thì kêu um sùm",1,0,0.022144752
giỏi thật chứ đùa . biểu cảm gần như 90 % chuẩn mẹ rồi . thằng quay và edit cũng ghê luôn . nhảy cũng tốt ra phét chứ -.- ác thật,0,0,0.0016533565
"cay mắt lắm , mà nhìn nó lại nhớ nhiều kỉ niệm",1,0,0.0020263465
"tau sẽ phun thuốc kích thích , 2 nam nữa sẽ dài hơn ong nay ... sẽ được vào viện bảo tàng .. 😂😂😂",0,0,0.003247513
"vị nước mắt , dù cảm xúc như nào thì khi có nó cũng thật đáng nhớ !",1,0,0.0017932917
thế này mà mày vẫn còn buồn thì ...,1,0,0.008432452
anh thíck kiểu tra tấn hằng ngày :))),0,0,0.0014370299
per em đã tìm ra giải pháp thiết kế rồi nhé :))),0,0,0.001377099
chủ tịch giả vờ luyện vỏ và cái kết sấp mặt luôn haha,0,0,0.001773205
per ru con để vợ đắp mặt nạ kìa ?? đúng là chồng người ta chưa bao giờ làm mình thất vọng ??,0,0,0.001647635
"ở trên mái sảnh nhà tao cũng có một con nhện mẹ tao bảo tao giết nó ( hờ hờ ) , còn bố tao bảo "" mày cứ đi qua là nó rơi giữa đầu """,1,0,0.013612453
per hàng hiếm nhà mình,0,0,0.0012204336
cung quá ak,0,0,0.0016195648
sao bao nhiêu năm kể từ ngày đó em đã không còn nghe lại nữa :((,1,0,0.014357679
đôi khi đi tù chỉ để thoả mãi thú vui,0,0,0.003326493
nhà tao có nhưng nó rỉ sét hết rồi :((,1,0,0.012555771
per không cho anh đi tập đâu nha mất bồ như chơi,1,0,0.0016499057
trong nhà không biết có ai không nữa ? sập quả này sợ thật đấy,1,0,0.008663502
ăn vào lại thức dậy ở một nơi xa thì bỏ mẹ :)),1,0,0.0072562625
per tiếc cái gì đấy bố nó,1,0,0.001916771
chuẩn bị kiểm tra hình huhu :((,1,0,0.003075497
mèo nhà tao gửi 10 ngày về ăn tết lên nó thành mèo hàng xóm này ( nhà hàng xóm bán cá ) :((,1,0,0.001945808
giờ mới hiểu tại sao lúc đầu nhà hàng không cho đặt chỗ ..... má nó li hôn 3 lần rồi lần nào cũng phải giảm giá 30 % nó ly hôn thêm vài lần nữa chắc sập bà nó tiệm,0,0,0.00692181
"đêm hôm coi lại , cười mún rụg rún",0,0,0.002261423
tao cũng hao mòn nhan sắc như này,1,0,0.0021309087
người ta kê bàn ghế ra chả nhẽ lại vẫn nằm đất để nhìn mông người khác ngồi :))) pha xử lý rất cao tayyy,0,0,0.0029344216
chỉ cần nhìn họ thì đã thấy tim đập mạnh rồi =))),0,0,0.00254314
"khuôn mặt ngây thơ vô số tội , trái tim nhỏ bé của tao sao chịu được ❤❤❤",0,0,0.0057949726
"có lần ba tao mua bánh kem sinh nhật cho tao , lúc đấy tao 13t nhưng khi ba tao mua về thì lại là 15t 😶",1,0,0.008631749
nghe nói 2020 hơn 4tr đàn ông sẽ ế vợ . mình chỉ việc chờ thêm 1 năm nữa thôi là đăng tin tuyển chồng 😂😂,0,0,0.003344302
"vừa về xong , phải nói là đông vãi đông chứ không phải đông bình thường =))))",0,0,0.0024615056
disss giật hết cả mình .:)),1,0,0.00451623
ăn vải nóng lở hết miệng ra đây này,1,0,0.0021257543
idol có skill mới chất quá 😂 1 cú đánh mông thôi mà đối thủ bay sấp mặt luôn luôn 🤣,0,0,0.0013039514
tan tành rồi .,1,0,0.005772472
rồi tôi sẽ hết được uống nước ở đây nữa :((,1,0,0.010346222
per coi chừng bị vậy nha chưa haha,0,0,0.0026897718
tao không theo dõi phim . xem bập bõm mấy tập mới biết em nó là con gái 😅.,0,0,0.0037725705
chỉ thấy dễ thương và xinh khi crush thôi khi hết crush thì có cười nấy cười nữa cũng không có cảm giác,1,0,0.00396468
chị khổ mấy cô giáo viên giám đứng ra tố cáo . sau này bị làm khó hoặc trả thù,1,0,0.0025254018
đi đâu cũng ngó ngang ngó dọc để được nhìn thấy crush 😂 ngóng nó đến mức cổ dài ra hẳn mấy cái 😂,0,0,0.0040839836
tác phẩm nghệ thuật chất lượng cao hiếm hoi của điện ảnh việt nam nhưng không được công chúng quê nhà đón nhận,1,0,0.0012048997
thương .. hy vọng sớm có người cưu mang bé,1,0,0.005380542
tao thấy cảm động vãi .,0,0,0.063455746
bây giờ mình 56 tuổi vẫn dùng để bắn bọn chuột neo dình sơi chim cảnh rất hiệu quả các bạn ơi,0,0,0.0015256209
êu ơi sao con mụ này không gặp mình nhờ :))) ước gì có con mụ thế này tông vào mình ý :)))) klq mà giọng bé quay video đáng yêu thế ❤️,0,0,0.0016861334
per xem đi mày sẽ sướng thi nhìn con nhện bị giết 😂,0,0,0.001777904
tôi đã đúng khi đọc bình luận thay vì đọc bài :),0,0,0.0019213594
mạnh vỗ tay 👏,0,0,0.002448958
couple cuối . yêu chết đi được,0,0,0.0017821336
"t đã hối hận vì nói ra , để rồi bao giờ tao với cô ấy chẳng còn thể nói chuyện như trước nữa",1,0,0.017076392
k nuôi thì cho người muốn nuôi đi chứ để em nó bọ ve tùm lum sót quá ????,1,0,0.003612588
đây là lần cuối cùng các bạn nhìn thấy anh ấy :d,1,0,0.0040586786
tao ngự ở trong uống nước cho nhàn thân rồi,0,0,0.0029123405
không phải crush :v nhưng mà nhìn ổng cười mỉm nhìn cute vãi -.-😑😆❤,0,0,0.0027116903
có ai như tao không đọc đề thì quen nhưng lại quên phương pháp giải . chắc mất gốc rồi :((,1,0,0.0023293754
hahahaha tao mắc cười ghê . nhớ cái hôm sinh nhật tao ghê . chắc mấy mẹ ở guru cũng rủa dữ lắm hahaha per,0,0,0.040586706
chờ có người giận mà không được,1,0,0.0019208468
per khi ế nhưng vẫn phải giương mắt nhìn bọn nó ân ái,1,0,0.0020196058
có ai ngu như tao không đơn phương con nhỏ cạnh nhà 4 năm mặc dù nó ngồi chung bàn với tao suốt mấy năm cấp 3 :(((,1,0,0.0070148967
1 lần thôi cũng đủ xao xuyến anh rồi,0,0,0.003040225
nhớ lắm .. cay mắt lắm ....,1,0,0.0065452955
bà xinh thật sự ❤️,0,0,0.0012735571
nếu là tao thì nhảy cẩng lên chuẩn mẹ rồi :)) má nhìn trong hình tưởng ma thật ở ngoài đéo biết như lào luôn ớ,1,0,0.0037817515
yêu thế nhè 😍😍😍 có em gái chắc cũng vui lắm,0,0,0.0013522925
tuổi gì so với anh ! :) haha,0,0,0.0026630356
"làm pv quán karaoke đi rồi khổ hơn nữa , toilet danh cho nam chỉ đứng tè , vậy mà nỡ lòng nào mấy anh ngồi ỉa 😢 thiệt chứ gặp cái mún khóc lun …",1,0,0.0048834546
"đến giờ , em vẫn đang đợi anh , người sẽ đúng và thời điểm sẽ đúng",0,0,0.0026393963
mấy lần đi ngang hết hồn,1,0,0.0018417956
đúng là tấm gương xáng để con cháu noi theo =)))))),0,0,0.0014725217
hôm qua tao xem xong ngất xỉu tới giờ mới tĩnh chúng mày ạ 😌😌😌,1,0,0.004863331
"giọng nói , ngữ khí đi vào lòng người vãi . mắt chị gái đẹp thế 😻",0,0,0.0014204924
không khoe thì không sao . khoe ra mai lại còn cái gốc ... haha 😁,0,0,0.001978238
hoan hô anh 😂😄,0,0,0.0013609364
căng thẳg quá mà,1,0,0.0027225944
"phàm việc quan trọng trong thiên hạ , cứ về hỏi vợ , vợ nói sao cứ làm ngược lại chắc chắc sẽ đúng !",0,0,0.0021310803
cũng xinh mà ?? lai cỏ có lẽ sẽ khỏe mạnh và đỡ ngáo hơn ??,0,0,0.0016975283
thế giới này thật đáng sợ ai chả đĩa bay cho tao về hành tinh tao đi,1,0,0.053911086
mình bị say xe bạn à :(((,1,0,0.0120009035
tí nữa vợ nó vắt chân lên cổ bò thì hú hồn,1,0,0.00211314
tao cay mẹ khoé mắt,1,0,0.0034304028
mấy anh thiệt là nóng bỏng !!,0,0,0.0019296656
per chị rep khách hàng thế ấy hả 😞 bị bóc phốt rồi,1,0,0.0024058989
tao buồn mấy năm nay rồi,1,1,0.97350377
"lúc nhỏ nấu bằng này không , nấu hơi bị ngon , tạo cơm cháy ăn bao riềng",0,0,0.0021341906
yêu em mọa mọa 😘😘,0,0,0.00148005
tình yêu là một thứ cao đẹp hãy trân trọng nó .,0,0,0.0021755977
yêu quá đi mất . tuổi thơ của mình toàn nện mấy thằng con trai . trong lớp mình toàn làm xếp nên chẳng được giúp đỡ,1,0,0.0064691976
per đồng nghiệp không tốt ta có thể bị chửi và ăn đòn từ sáng đến tối 🙄,1,0,0.0033048906
những cử chỉ đẹp làm từ thiện cho người nghèo hay thiếu đến lấy thừa đi đến cho,0,0,0.0013714549
"nói gì , em trai tao cắt tóc xong là tao đè nó ra chụp hình . cảm thấy nó cắt tóc xong là đứa nào chứ không phải em tao =)))))",0,0,0.0056600696
nghe cũng đúng đúng :)),0,0,0.0018750757
ngưỡn mộ chi lâu lắm oy . mà giờ biết thêm nhiều về chj nữa nên càng yêuc chj nhiều hơn 😍😍😍,0,0,0.0053896415
còn nhiều người có cuộc sống khốn khổ hơn ta :),1,0,0.012355845
""" vậy là đủ tuổi ngồi tù rồi nhỉ ?"" , mặt anh rất tỉnh và đẹp zai =))",0,0,0.0021378493
nghe lại mà nhớ những ngày tháng say đắm trong nỗi cô đơn,1,0,0.008020101
công nhận ngầu thật,0,0,0.0012649292
đến ngày sinh nhật mà còn không nhớ thì còn nói gì nũa,1,0,0.0030937262
"là thằng đàn ông phải có bản lĩnh từ khi còn bé , thay vì hay bắt nạt , quát tháo đàn bà thì hãy là người che chở , yêu thương !!!! mong con zai của mẹ sau này cũng như mấy anh này .!!!",0,0,0.0022214793
tao thì nói xong lại thấy người ta không hứng thú thì lại lượn,1,0,0.002697442
khi bạn muốn lầy và cũng có người lầy cùng bạn =)),0,0,0.002696311
"ba mẹ mình nhớ tất cả ngày tháng năm sinh âm lịch , giờ sinh , tên tuổi ...... của 4 chị em .....",0,0,0.002322566
"per nếu có khi nào thấy bản thân vô dụng hay là thất bại , thì hãy nhớ có những người chế tạo ra mấy cái của nợ này . =))",0,0,0.0035419129
bể mẹ cái kính cường lực mới dán :#,1,0,0.002076188
per cái gì mình không làm được chứ đánh cái lũ đéo phải người thì mình làm tốt kkk,0,0,0.002191618
"lúc trước chạy xe đạp đi ngang qua đàn vịt có mấy con ngỗng lẫn trong đó . thế là dume tụi nó rượt tao vừa chạy vừa la cái thứ âm thanh nghe "" ứ ứ "" "" hiếp em đi "" làm tao sợ tụt lol :))",1,0,0.010147324
cưng hết phần thiên hạ,0,0,0.001516351
được cái công tác truyền thông tốt,0,0,0.0011730493
crush ở nhà chơi gane rồi haha,0,0,0.0015379209
dễ thươnggg,0,0,0.0021036402
nhìn sợ vãi ra,1,0,0.0029336598
đồng đội tốt ... nhưnh rất tiết chúng ta không có duyên 😀 kaka,0,0,0.0017303119
ơ tao đang mơ 🤩,0,0,0.0034699538
rất cá tính :v,0,0,0.0014875486
nhắn mà ấm lòng nhờ :))) ra gặp anh shipper đẹp trai nữa thì chủ thớt rụng hết buồng trứng :))),0,0,0.0013061565
tưởng tượng mà dưới sông có cá sấu nữa chắc hết dám đi,1,0,0.0023228356
"xời tưởng gì , cái này tao làm được =)))",0,0,0.002546844
xây 1 được 2 nhà :)) chủ nhà ấm vãi :)),0,0,0.0012481011
giống tao . nhưng cô ấy có hiểu đâu,1,0,0.009550321
đau đớn hơn còn là khi làm bạn cũng khó và gặp nhau coi như người dưng nước lã,1,0,0.0034467296
"hồi đó đã undercut , bảnh vãi .",0,0,0.0023731526
đau lòng qá huhu,1,0,0.0027879106
mong anh có thể đạt được ước mơ của mình .... cố lên,0,0,0.00438565
còn gì hạnh phúc hơn trong cuộc sống này ♥️,0,0,0.002642598
thèm được bố chửi 1 lần 🤤🤤,0,0,0.0044213184
tao lại sợ ngôn tình quá cơ 😒,1,0,0.003250546
đỉnh cao :)),0,0,0.0029602693
waooooo . hợp lí ghe,0,0,0.0013331262
tao mới mọc răng khôn huhu,1,0,0.0027144458
thực ra em mới đang phải là sự lựa chọn chứ không phải là người được lựa chọn đâu 😌.,1,0,0.018096972
đã từng . hix,1,0,0.003372571
"nói chứ uống đi , 1 ly thì giảm ăn một bữa sẽ không khiến mày phì đâu .",0,0,0.0031526678
quan trọng là có per luôn tạo độ khó game cho tôi :))) và không thể thiếu sự trợ giúp của các anh em trong team 😂,0,0,0.0035178694
tao thấy buồn cười vãi :)),0,0,0.0045052012
tao biết là có ý tốt gởi thông điệp ý nghĩa nhưng nhìn cứ sợ sợ lại còn sấm chớp :<,1,0,0.0029802027
vừa thấy thương vừa buồn cười vãi :))))))),0,0,0.002622869
ước mơ tao 🙂 chỉ có thể sao chép lại và tao lên màu cực xấu !,1,0,0.004243013
per đau hơn chia tay người yêu nữa,1,0,0.0017063015
mở máy lên .. rồii lại đặt xuống ... cả ngày nay tôi đều như vậy để chờ anh nhắn chúc tôi .. giờ này chắc anh quên ngày này thật rồi .. cô đơn quá mức rồi đấy 😭😭,1,0,0.010538554
mink chỉ lo là nhà nước không đủ gạo nuôi mấy anh,1,0,0.0048219655
dell hiểu sao ngày sưa tao có thể cầm nó trưen tay đi câu cá 😳😳😳 nhớ lại vẫn thấy ớn 😂,1,0,0.004518894
khi tắt đi mới thấy ngạt thở .,1,0,0.004438662
trung thu là tết thiếu nhi cớ sao người lớn lại vi vu thế nhỉ,0,0,0.002493417
mình sống không đủ tốt hay sao mà vẫn chưa gặp được anh người yêu tốt như này,1,0,0.0025391588
chỉ cần yên bình như thế này thôi . ❤️❤️❤️,0,0,0.002856594
"tỉ năm mới thấy cười một lần người gì đâu mà khó cười đến thế 🤨 chả bù cho mình , lúc đéo nào cũng cười , cuộc sống tràn ngập niềm vui < 3",0,0,0.0041453643
đau ruột với thằng số 9 🤣🤣🤣,0,0,0.0015238394
"dễ thương , đáng yêu , cưng ...",0,0,0.0013973356
"nhiều nước quá , lấy bát về múc nước ra thêm tí đường vào là có 1 bát nước gạo ngon lành",0,0,0.0015057169
tao nhìn tao thấy ghê vcd ấy 😂😂,1,0,0.0033952936
chính xác ! chỉ cần đồng nghiệp tốt thì mọi ngày đi làm đều vui 😊😊😊,0,0,0.0012637099
tin vui cho bà con nông dân chuân bi vào ngày gặt lúa sắp tới,0,0,0.0012148815
một cái ỉn mông xong hết 😂😂😂 dăm ba cái võ thuật 😂😂😂🤣🤣🤣,0,0,0.001469727
"chiến tranh có gì vui đâu nhỉ , chỉ gây đâu thương",1,0,0.0019107606
đâu phải ai muốn thích tao cũng được đâu,0,0,0.009178296
3 idiots ! phim hay nhất mọi thời đại .,0,0,0.0012504
cuộc sống mà mấy ai được trọn vẹn 😢😢,1,1,0.9060686
""" học từ bỏ những thứ trời không cho "" nói thì dễ nhưng nhiều lúc quyết tâm lắm vẫn không làm được .. 😢😢😢",1,0,0.0035444465
ngày xưa mỗi lần tao làm ồn là ngoại tao liền la hoặc lấy roi đánh 😅 nhưng lúc đó vui lắm 😊,0,0,0.015327068
nàng ấy chả yêu ta gì cả,1,0,0.0049573225
mặt dày lại ôm cứng ngắt cho chị . 😆,0,0,0.003143296
tâm sự không đúng người ngoài việc họ cười vào mặt bạn,1,0,0.004457753
xem chỉ đợi đến đọan nó ngã để cười :)))),0,0,0.002916945
nấu kiểu này ngon lắm luôn 😋😋,0,0,0.0012349724
kím cớ nói chuyện chỉ để biết người đó làm gì đang như nào . có vui hay buồn . rồi lại thôi,1,0,0.0064108125
per may cho bạn 😄😄😄,0,0,0.0012374794
"đù . tròn ung ủng , chân tay ngẵn cũn như tao nhảy sao",1,0,0.005742823
xinh mà còn ngáo nữa thì người yêu mới cưng =)),0,0,0.0019260673
ông nào viết vui tính thế =)) cưng thật,0,0,0.0014397564
tuổi trẻ tài cao :)),0,0,0.001262639
đó là những câu chuyện buồn mà :((,1,0,0.0032933268
per cái dume mày thấy tác hại của tập gym chưa,1,0,0.00209396
thứ mà dễ dàng qa cũng nguy hiểm,1,0,0.002348192
ngày ấy chỉ vì quá ngu ngơ mà để lạc mất .,1,0,0.0045806454
anh lấy đi niềm tin trả lại cho em những gì,1,0,0.0025812627
"hồi xưa vào trông nhà cho ông bà , thuê đĩa võ thuật này xem cho mạnh mé đỡ sợ mà thuê ngay đĩa này . ám ảnh quả nhạc tao tao téo vãi",1,0,0.0016764443
tủi hổ với bản thân ghê khi tao vẽ người mà mẹ tao hỏi : hóa ra đây là hình dạng thực của quỷ sao ?😑,1,0,0.0031720344
án mà cứ xử như vậy thì sao có được lòng dân,1,0,0.0031179017
đã thất tình xem pim này khóc cả đêm mất thôi mới đề mô mà đã khóc thút thít rồi chắc xem hết thì không biết pai làm sao ..,1,0,0.14091133
áo phông dễ thương quá anh ơiiii,0,0,0.0013659286
đi chơi mẹ tao cũng không tha cho tao :) chửi tao làm mất buổi vui luôn á,1,0,0.31629357
còn 1 tháng nữa thôi khép lại những ngày tháng vui buồn nhưng luôn có người bên cạnh sẻ chia không lo lắng của tuổi thanh xuân cái tuổi đẹp nhất của cng,0,0,0.005685166
"vừa lắm ... cho chừa nè , ahihi đồ ngốc 😊😊😊",0,0,0.0015552546
"hồi xưa đi học mình ngồi gần lớp trưởng , tên này được cái rất ga lăng với bạn gái trừ mình .. huhu ..",1,0,0.005000448
nếu chịu khó đặt vào hoàn cảnh của nhau mà sống thì mọi chuyện đã đơn giản hơn rồi .,1,0,0.018814893
chỉ mong cảnh này sẽ không còn xãy ra ở xã hội này nữa . bất hạnh vậy đủ rồi 😞🙁,1,0,0.0067937304
đẹp trai v :((((,0,0,0.0016570858
gắp đúng lúc nhưng hình như đúng lúc người ta không muốn y ai ???? đó là 1 câu chuyện buồn,1,0,0.006715244
boss dễ thương hết sức,0,0,0.0015000948
đến ông cũng chẳng dám xơi,1,0,0.003826788
bộ phim việt lần đầu xem thấy hay cảnh quay đẹp !!,0,0,0.0011883785
vỡ tan là như thế ấy,1,0,0.0036621531
đúng . a có tầm nhìn . tâm nữa . mình biết,0,0,0.0034504053
nhìn mặt ông thầy cay lắm :)),0,0,0.0016717121
anh thứ 2 cute thế =))),0,0,0.00156313
cả tuổi trẻ bỏ công cày . có cơ ngơi ổn định . r về già con cháu đuổi ra đường bắt đầu 2 bàn tay trắng . đời 😅😅,1,0,0.0029904281
năm nay không được ăn dồi :((,1,0,0.0026537736
cưng xỉu ??,0,0,0.0023556824
tốt quá,0,0,0.0014806491
cứ thấy cute cưng cưng sao á .... có ai thấy giống per như tao không ??,0,0,0.006152255
cảm ơn đoi tình nguyện viên nhớ có các bạn mà người dân bớt vất vả hơn,0,0,0.0013063742
per cho vợ đi cầu này để giảm cân nhá 🤣🤣,0,0,0.0018651879
hahaa nhìn mắc cười vãi per,0,0,0.001904364
cái mặt cưng xĩu,0,0,0.0016397544
tao mà ở đây là sợ rụng trứng luôn chứ đừng nói ăn,1,0,0.0038239877
mình thì # mình chỉ mong chồng tốt thương yêu vợ con gia đình ! gia đình lúc nào cũng vui vẻ hạnh phúc thì ngày nào cũng là ngày ( tình yêu ),0,0,0.002610129
rồi chưng ngắn như tao sao nhảy qua 😿,1,0,0.0018717555
đó là 1 câu chuyện buồn 😤,1,0,0.0032912004
kkk tao chọn anh đầu tiên,0,0,0.0015594163
kha ́ thông minh :)))),0,0,0.0020609107
per cố lên gần đến nơi rồi . vào trong này mời nói chuyện nhé . ngay cửa đền chính . có bãi gửi xe . hehe,0,0,0.0048409286
thật dume nge yêu thương gì đâu :)) bắn tim bụp bụp,0,0,0.0015543791
diễn viên có cá tính hay nhât từng xem,0,0,0.0012432502
per nhớ cái bếp huyền thoại của 2 đứa mình he,0,0,0.0015033567
haizzzz đó là 1 câu chuyện khá bùn,1,0,0.002033489
per nghe đi rồi khóc 1 trận cho thoải mái . đừng cố gồng mình lên nữa,1,0,0.00877098
gap kiểu này chắc đái ra quần quá,1,0,0.0021512022
"per đọc vài dòng là lướt xuống cuối để xem có phải "" hi vọng câu chuyện mình vừa bịa ra ...."" nhưng không phải . kkk",0,0,0.006791865
hú hồn cái lồn còn nguyên :),1,0,0.0022523808
chờ tý tao đi thay bỉm xíu tao quay lại .,1,0,0.002639581
đại học vui lắm cậu :)) weeee,0,0,0.001237205
"những chuyện trọng đại trong đời ... ta cứ nghe lời vợ khuyên , và làm ngược lại ắt thành công ????",0,0,0.0021604798
liệu có còn tồn tại cô gái nào chấp nhận một thằng vừa nghèo vừa xấu đặc biệt lại còn yếu sinh lý như tôi không,1,0,0.011937239
"thật là romantic , mà mà mà ... sao nghĩ tới cảnh động phòng hoa chúc tao thấy nhột nhột lỗ đít 😧😧",1,0,0.0037330452
nhiều lúc tủi thân vãi_chưởng huhu,1,0,0.09895633
dễ thương vãi ♥♥♥,0,0,0.0015212927
tình chỉ đẹp khi còn dang dở lấy nhau rồi nham nhỉ lắm ai ơi ...,1,0,0.0023964292
thật buồn khi mình thịt vợ thang khác mà thằng khác thịt vợ tưong lai mình,1,0,0.003461505
tiên sư cái thằng ghép nhạc cười rớt mồm quả ghép,0,0,0.0014386544
đáng yêuc vãi anh ơi,0,0,0.0014059559
một cái vẫy tay đầy luyến tiếc từ cuộc họp tới đất nước việt nam,1,0,0.0057963845
"chỉ cần cho em nó 1 điểm tựa , em nó sẽ không ngán cả thế giới :))",0,0,0.0028493796
đứa con gái nào mà đề nghị là biết bị ma nhập mà né nha mấy cha,1,0,0.0016856776
1967 mà cụ ông đẹp trai phong độ ăn mặc thời trang quá :)),0,0,0.0012986821
"tội mày quá , lần sau mày bình tĩnh hơn nhé",1,0,0.0018170722
per b trà ơi . năm nay là pải mạnh dạn và bất chấp nhé 🤣🤣🤣,0,0,0.0015377034
chính xác là con gái xinh auto đáng yêu =)))),0,0,0.0012510266
thích quá mấy má ơi ! @@@,0,0,0.0012316527
xinh quá !,0,0,0.001726339
ước là 1 ngày mai thức dậy dụi mắt mãi chưa hết tuổi thanh xuân =)))),0,0,0.0027254866
cay mắt,1,0,0.0024951682
đụ mẹ cười ỉa ????????,0,0,0.004975556
t không phải con sến súa . ko cần quá cầu kì lãng mạn . cầu hôn tao thế này là tao đổ rồi per,0,0,0.0042077447
đã từng . và bị phũ như 1 con chó 🐶😂😂😂😂,1,1,0.59613186
tao đau lòng quá,1,0,0.0064460016
"ngày xưa toàn ăn cơm với nước mắt , ngày trước giận bố lắm , nhưng giờ mới cảm ơn bố vì như thế mới có mình ngày nay",0,0,0.018186618
và cuối cùng là được đối xử như một thằng con trai luôn ..,1,0,0.0026494837
đứa nào bị táo bón thâm niên cứ ra cầu này mà nhảy đảm bảo hiệu quả ngay lần đầu trải nghiệm 🤣🤣🤣,0,0,0.0015992024
ê có khi nào đọc bài này xong buồn cười quá cười toác hàm có khi nào đi bệnh viện không các cụ :v,0,0,0.0029826034
cũng đỡ tắc hơn 1 tí,0,0,0.0022148422
áo xinh thế .. cho tớ mượn đi tiệc nhé !,0,0,0.0016808896
còn tao mỗi lần cắt tóc là y như rằng … nó tệ vãi :(,1,0,0.0077697188
per nhện kìa haha,0,0,0.0016128725
cả tuần không được nói chuyện,1,0,0.0029628286
ông này đẹp vãi,0,0,0.0012948095
nó cười với tất cả mng trừ tao 🙂,1,0,0.007260317
"cấp 1 hiền lành ít nói , ngồi gần 1 cô bé cái gì cũng nhường cô ấy , nhường đến mức nhường luôn tập sách , để bà già phải dẫn ra nhà nó lấy lại ! 😂😂😂",0,0,0.0020027193
ng dân biết phải làm sao bệnh chồng bệnh,1,0,0.0015201177
2 thế kỷ mới xây được vậy mà chỉ trong 63 phút tiêu tan hết :(,1,0,0.002465648
per trung thu đéo liên quan đến việc có gấu cho lắm bạn nhể .... nhưng mà lễ gì cũng thế thì đúng là bất hạnh mà huhu,1,0,0.0028163332
mình còn để ảnh bạn ấy trong thẻ học sinh xong bị thấy cơ,0,0,0.0038968879
per nhất định chị em mê tín mình p đi xem phim này rồi,0,0,0.0015923703
"gần 2 năm đến sớm nhất để mở cửa lớp , lúc về cũng là người là sau cùng để khóa cửa . đến giờ ra trường được 3 năm vẫn không muốn vứt chìa khóa của lớp ...",1,0,0.01828024
khổ thân các cháu,1,0,0.0030231029
t mong nó té quá chời :v,0,0,0.0025183368
điều tồi tệ nhất là kiểm tra code trên giấy .,1,0,0.0026784383
đã xem 2 lần bộ phim này 😁,0,0,0.0015770446
cũng tên quỳnh nhưng 2 số phận thật khác nhau 😢( chỉ mong được 1 góc nhỏ xiu xíu của b ),1,0,0.0066174176
cho con được thay ông bán vé đi 😔,1,0,0.0025706165
thế giới này thật đáng sợ :3 trả đĩa bay cho tôi về đi :3,1,0,0.01888453
gì cũng được ?????? dễ vãi,0,0,0.0015621108
t nói té 1 cái không dập mề thua gì cũg thua ..,1,0,0.0024938013
"tao cũng như mày đây . không sao cả , hãy tự hào vì tên mày vẫn rất đẹp",0,0,0.0024609435
trách ai bây giờ đây huhu,1,0,0.0033984608
không lau sạch về bà chủ mắng thì sao . nhiều người họ kinh lắm . trước mẹ minh đi làm cho nhà 5 tầng . họ chỉ ở 3 tầng còn 2 tầng bỏ không . mà ngày nào cũng phải lau hết,1,0,0.0070859697
phim kinh dị vào cái trời âm u 😒,1,0,0.0014213109
mẹ mắng lúc sáng sớm là xui cả ngày :(,1,0,0.0020832852
phụ nữ ngày xưa toàn cực phẩm :v,0,0,0.001197409
cứ tưởng là người yêu =)),0,0,0.0027489176
đàn bà ở nhà thế kia không sợ ngoại tình à ? tao đang lo vợ tao đây này,1,0,0.004151922
thời xưa yêu nhau đến chết vẫn yêu ... thời nay yêu không biết chết lúc nào 🤣 cuộc sống nay đáng sợ lắm 🤪,1,0,0.0038394292
lại mất tiền ngu,1,0,0.0018660289
làm bộ mặt ngầu cho thằng thỏ để ý mà thằng này láo ăn thiệt đéo cho mình ăn ké quê thiệt là quê luôn,1,0,0.0016106014
moá cưng quá ??,0,0,0.0014877347
"ai ở gần đó xin hãy giúp chú , thương chú",1,0,0.003827057
bố là số 1 vĩ đại hơn những gì con cần,0,0,0.0024576683
"lâu lắm đéo được gặp nhện trong wc , quên mất cảm giác nhịn ỉa như nào rồi 😂",1,0,0.028598454
sau cùng cả 2 đều bị ảnh hưởng trầm trọng :((,1,1,0.98190534
lời được cánh của sắt tàu hỏa ngon rồi,0,0,0.0011411781
:v trời giờ mới biết thế giới có dạng hợp thể vầy đấy :v,0,0,0.00213296
có ai đéo hiểu gì như mình không mình trong sáng vãi heee,0,1,0.9906961
bà già đau khổ,1,0,0.0034008618
đag đi học mà gặp cảnh này :)) chắc chạy về cúp học luôn,1,0,0.0026633195
"bây giờ con đã sai vì đã chưa làm gì được cho cha , con thật sự xin lỗi cha và mẹ ,",1,0,0.035179127
uầy . ngọt thế ??????,0,0,0.0013824491
nhìn muốn tè ra quần rồi,1,0,0.0196522
quá giỏi . đạp đến ngất đi mà không quay đầu . sau này em sẽ thành công . chắc chắn vậy,0,0,0.0016019173
"dễ thương ghê =)) nói y như mấy ông ngồi nhậu trong bàn v "" đúng không "" "" đúng chưa "" "" vui rầu "" =)))",0,0,0.0018738679
per chuyện cổ tích nè ! haha !,0,0,0.0012991255
bây giờ thế mới biết tác dụng của con cái 😢,1,0,0.0017035
bà mẹ nó @@ xem rùng con mẹ nó mình hơn cả phim ma .,1,0,0.0021230371
yêu thế,0,0,0.0019735752
"thôi xong 1 chiếc ôto . chắc tối nay ăn không ngon , nhậu không yên rồi .",1,0,0.002951785
ấm áp vãi .,0,0,0.0014681087
per móc lên tới não :)),1,0,0.0023496377
bình yên thật,0,0,0.0015356053
"nói mưa là mưa v chời , tôi còn đi chơi đi học nữa mừ .",1,0,0.012588043
lần đầu gặp anh cũng là phòng gym =)))),0,0,0.0027788894
có sáng tạo :)),0,0,0.003224242
nhây qua ́ nhaaaa 😂😆,0,0,0.001721263
per trời đựu cầu hôn nó phải thế . đã đẹp trai còn có não,0,0,0.0015761319
ăn ngon nhưng nóng không chịu được,1,0,0.0022051919
thế mà cũng 5 năm rồi . ❤️,0,0,0.004306739
cám ơn đã cho tôi cuộc sống này,0,0,0.1432188
cuộc sống thật chua cay với tao,1,0,0.0035156172
ôi đáng yêu quá . đến bao giờ người đàn ông như thế nào mới xuất hiện trong cuộc đời tôi đây,0,0,0.0025428715
t thua cả đứa con nít nữa ám ảnh vãi,1,0,0.0021917622
nóng như này ăn vải là thích nhất còn gì ... auto mát,0,0,0.002111367
mê trai hơn bạn có thật :(,0,0,0.0021159311
nghe bạn này nói dễ thương zị,0,0,0.0013700215
nhanh ghê mới đó đã 9 năm rồi 😢,1,0,0.0020677962
bố mẹ tao đọc được tin này + xem cặp lá yêu thương nữa thì bữa trưa nay tao không dám ăn cơm mất .,1,0,0.0054588458
lựa chọn cách thức tuyển như thế nào thì tốt quá rồi,0,0,0.002232434
"per cần thêm những trái dâu xinh xắn để ngăn chặn sự u ám này , huhu",1,0,0.0025923376
mày khá là may mắn khi không học tiếng huế đấy =)),0,0,0.0023718795
mình còn chưa được nắm tay,1,0,0.04001562
con đáng yêu quá,0,0,0.0014048985
"per huyền thoại , kkkk",0,0,0.0019884452
có vợ nên lắm . váy mới ngày trước toàn áo chấm bi của mẹ 🤣🤣,0,0,0.0019754497
nhìn cái ngành gd việt nam bây giờ ai cũng mệt mỏi,1,0,0.041918892
từ lúc có vợ nhiều váy mặc để quay video hẳn :)))))),0,0,0.0015068989
per mỏi chân quái :v,1,0,0.0021757695
"phim này nên xem và thuộc mấy đoạn thoại , rất hay",0,0,0.0012396519
cầu mong những công ơn sinh thành luôn mạnh khỏe .,0,0,0.0013659019
năm nào chả vậy :))),0,0,0.002986754
anh chân thành nên anh tổn thương :((,1,0,0.0025682722
cả 1 đời người chẳng mong gì chỉ mong từ đây đến phút cuối vẫn có người không quên mình đã từng tồn tại,1,0,0.007505145
xin lỗi mày nhưng tao đọc buồn cười,0,0,0.004045758
vì tiền mà làm đau làm khổ người khác như thế này sao 😔,1,0,0.002801339
"con mong bác dù nghèo nhưng sống luôn luôn vv , chúc bác 1 đời bình an",0,0,0.002538066
tình cờ gặp nó và đột nhiên cắm mặt bỏ chạy như điên,1,0,0.013271778
bà mẹ nó giật mình,1,0,0.002422323
mấy nay tao cũng bị ám ảnh,1,1,0.8237988
cái ngành tài chính của mình có chỗ dụng võ tốt rồi đây :)))),0,0,0.0014902181
":)))) cuộc sống mà . ngày càng thấy bản thân quá nhạt và "" duyên "" :v",1,0,0.0056099677
"per tặng quà cáp gì tặng hộp nhỏ thôi nha . đi hát hò gì đừng đem thùng quà to như vậy nha , nó biết nó nhổ trụi lông nó ngắt mép chết đó :((",1,0,0.0023069957
xin lỗi đây mình vẫn nấu nhé,0,0,0.0018569469
"ông sống trên vũ trụ , vợ ông sống ở trái đất , ông cao thêm 5cm là chuyện bthg 😂",0,0,0.005353616
tao đã bị nó làm cho lầm tưởng rồi . tao thật ngu ngốc - _ -,1,0,0.011962479
bấy bề ơi . thật là đáng yêu,0,0,0.0011978574
"con quỷ này hồi nhỏ tao khóc vì nó hoài , thấy nó không dám đi , bỏ đường phải vòng đường khác ,",1,0,0.013052148
gắn bó thời sinh viên nè,0,0,0.0014697439
"per thấy chế thủ sẵn hộp mặt nạ rồi thì phải . tim em mong manh lắm , đừng để em hoạng sợ nhá chị ??",1,0,0.0038484512
"quần áo với xe thế kia là biết gia đình điều kiện tnao rồi 😂 anw , mong ông bà luôn khỏe mạnh , vui vẻ < 3",0,0,0.002583853
sau khi xem ảnh này xong tôi quyết định ... mua honda :v,0,0,0.0034222503
"hiện tại mình cũng muốn kết hôn lắm . ngặt nỗi hai gia đình ngăn cản giữ dội , phản đối kịch liệt chuyện hai bọn mình đến với nhau :( nhất là chồng cô ý",1,0,0.02649954
"khoảnh khắc anh quay mặt đi , con tim em tan nát vãi ra",1,0,0.021629313
cảm giác tóc sau gáy bắt đầu dựng lên :))),1,0,0.0026221068
tao đã từng viết như thế này . bây giờ không muốn ai đọc chỉ có đốt mà lười đốt,1,0,0.010138773
bộ phim ấn độ duy nhất xem được lol,0,0,0.0012216487
tuần sau nữa mới học =))),0,0,0.0024725234
mối nguy hại đó,1,0,0.0037927073
nhiều khi cũng muốn người yêu chọc để dỗi phát cho bằng người ta . mà nhận ra mình làm gì có người yêu 😌,1,0,0.013979673
nguy hiểm thật,1,0,0.0023951854
per nhà mày mà nuôi thêm con này nữa là ám ảnh cuộc đời tao,1,0,0.0074462933
