comment_text,label,prediction,probability_depression
ngày buồn nhất trời đổ cơn mưa :(,1,0,0.0004320831212680787
per kỷ niệm khó quên nhỉ kkk,0,0,0.00024572439724579453
em ý cute vãi !,0,0,0.00023386854445561767
làm khách đi qua lại mắc mệt lun,1,0,0.00041841441998258233
năm nay thì đở hơn rồi kkkk,0,0,0.0008723903447389603
số tao không được ăn uống mà :((,1,0,0.0012441239086911082
đang buồn cần 1 người nhắn tin tâm sự hằng đêm,1,0,0.00047986413119360805
lâu lâu được nghe truyện cổ tích thấy còn niềm tin vào cuộc sống 🤣🤣,0,0,0.0003502128238324076
anh này còn phim pk nữa rất hay và ý nghĩa,0,0,0.0001987407449632883
lại thêm một con ngáo bất hạnh,1,0,0.0034566051326692104
thiếu hình ăn gà rán rồi,1,0,0.00028491669218055904
ăn ở cái gì huhu,1,0,0.00048794527538120747
"điều đó không quan trọng , quan trọng là đéo xác nhận lời mời kết bạn",1,0,0.0005226540379226208
"em sẽ mãi không biết có lúc tôi gọi chỉ để nghe câu "" ai vậy ?""",1,0,0.0017733459826558828
thế giới giờ đáng sợ quá rồi 😌😌 tâm phải tịnh không là tiêu nha mấy ông 😢,1,0,0.000793492014054209
t gặp ngỗng chạy bỏ dép,1,0,0.00033756595803424716
"chưa muốn lấy , cơ hội vẫn chia đều cho tất cả các anh : ))",0,0,0.0002884914574678987
"per đúng rồi , không muốn xa cách đâu 😞",1,0,0.0008671972900629044
"bọn 6 múi yêu nhau hết rồi , tao bụng mỡ đây , tao vẫn thích con gái đây !!!!!",0,0,0.00029478786746039987
họ vui là được rồi :))),0,0,0.0003149152616970241
per ồ ồ chân chính chạnh lòng rồi 😂,0,0,0.00022647541482001543
còn các bạn đặt bánh của mình toàn gửi cho người yêu . chắc câu chuyện này còn buồn hơn :((,1,0,0.0002669481036718935
per rồi sẽ có 1 ngày vừa cười tao vừa kể chuyện khiến tao rơi nước mắt,1,0,0.000465780874947086
ngôn lù thế hahaaa :))) đáng yêuc vãi,0,0,0.00021909919450990856
nhìn ông với bà chất hơn thanh niên bây giờ,0,0,0.00033321205410175025
"phim hay dã man diễn viên chính đẹp trai , xem đi xem lại không chán",0,0,0.00020828585547860712
"mình đang thất tình đéo hiểu sao đi cafe còn toàn tận cùng nỗi nhớ , chạm đáy nỗi đau , đừng như thói quen ... dume :)",1,0,0.00024845905136317015
"per vãi xem phải cỡ này . , đoạn nó nhếch môi bố mày sợ suýt đái ra quần dume 😑",1,0,0.00026588173932395875
cám ơn mấy chế nhiều nhiều nhé 😗,0,0,0.00020538510580081493
hồi bé tôi cũng bị chửi cả ngày từ sáng chí tối ! nhưng không phải bố tôi mà là bà nội tôi !,1,0,0.0006561689078807831
cuộc sống tạo ta áp lực ..,1,0,0.002389725064858794
cười vãi ???????? mặt con bé cũng hài ghê,0,0,0.0002300765918334946
tuổi thơ tôi bị ám ảnh mấy con ngỗng này . mấy con màu xám cứ mỗi lần đi học ngang qua ngõ nhà hàng xóm là nó đuổi . tao lại chạy thục mạng . cứ phải đắn đo mỗi lần qua đó xem có chúng nó không rồi ù chạy như ma đuổi . haizz tuổi thơ tôi ....,1,0,0.00031451263930648565
ổng bị bắt rồi :( rồi lấy gì coi,1,0,0.0006009518401697278
"ai thì tao không biết , chứ tao thấy tiền là đã có động lực phấn đấu rồi",0,0,0.0033163102343678474
đã check in thành công và mãi vẫn chưa gặp được người ấy là ai :((,1,0,0.00032575460500083864
":)) đang ăn mỳ , không có trứng nhạt lắm , có rụnng thì xin vài quả !",0,0,0.000249468837864697
đáng yêu quá ! tình yêu ông bà thật đẹp !,0,0,0.00023073585180100054
per sắm 1 cái cho công túa ngồi nhà kêu gu gu hí =))))))))))),0,0,0.00023591663921251893
"ăn 1 miếng bò mà giết thêm đàn kiến . chưa biết ngon thế nào nhưng một đàn kiến về cõi vĩnh hằng , tội cho đàn kiến .",1,0,0.00033927755430340767
thứ ba mẹ cho con và con nhận thấy đó là sự đức hạnh tấm lòng cao cả cam on ba mẹ rất nhìu,0,0,0.00027138920268043876
per my nè kkk,0,0,0.00026353541761636734
tớ cũng muốn có mối tình như vậy ??,1,0,0.0005958754336461425
hết buồn cũng phải có tiền mới hết được :)),0,0,0.0002450704632792622
ng ta cuối cùng thì cũng được còn tôi thì never 😞,1,0,0.00037272117333486676
phim nay và phim triệu phú ổ chuột là 2 phim của ấn mà mình thích nhất,0,0,0.00023351539857685566
bình dị vậy thôi .. mà sao mãi tao chưa tìm được ? hix,1,0,0.0002604209876153618
biết nấu cơm bếp củi từ lớp 2_3 gì đó,0,0,0.0005061334813944995
"ám ảnh hồi bé của c , con này trông nhà oke hơn cả chó luôn",1,0,0.00028462731279432774
t mới tính tới bước thất bại chưa tính tới thành công :)),1,0,0.00040556603926233947
"em lấy đi niềm tin chả lại cho anh những gì , cũng vì anh vụng về đánh rơi hay càng xa vời càng dễ mất .. anh chân thành nên anh tổn thương",1,0,0.009402385912835598
dễ thương . cứ yêu đi ngại gì .,0,0,0.0003847086918540299
hí . dễ thương quá,0,0,0.0002135985705535859
"1 đoạn phim được trích ra tuy ngắn nhưng , chứa 1 thông điệp rất có tầm quan trọng",0,0,0.0002714448201004416
tối nay chồng tương lai sẽ đưa con khác đi chơi 😆😆😆,1,0,0.0003468432987574488
"bất cứ lúc nào nghĩ về đời tao chỉ thấy vị cay , nồng nơi khóe mắt :))",1,0,0.0012695923214778304
tự nhiên coi tới khúc th bé kéo hết bạn bè tới chụp hình tao buồn cười vãi ! ông kia nghĩ ! thôi chết mẹ rồi ! kiểu này tối mới lau xong 😂,0,0,0.0002459751849528402
"per cố gắng lên nha anh , mọi điều tốt đep đang chờ anh 💓💓",0,0,0.000283737521385774
gặp được em nhưng sẽ chỉ quan tâm và bảo vệ em từ xa,1,0,0.00041637205868028104
thêm đường hay cho thêm bánh gato về tẩm bổ :),1,0,0.00036865693982690573
thấy cái thèm ts quá,0,0,0.00030909330234862864
"hiện tại mình cần tìm người yêu , bạn nữ nào chưa có chồng hay chưa người yêu thì bình luận bên dưới để mình lựa một bạn may mắn nhất nhé :)))",0,0,0.0002613991091493517
a per ..... nhìn những hình ảnh này ... sao em nhớ về anh quá .... 15 năm ròng rã .. giờ anh lưu lạc nơi đâu . 😭😭😭😭,1,0,0.0002538897388149053
chữ tao từ lớp 3 đã kiểu như thế nào và còn đẹp hơn nhé .,0,0,0.00031967743416316807
per quẹo lựa mấy đứa ơi . để lễ nay đặt vé luôn cho rồi . nóng quá rồi :)))),0,0,0.00023435450566466898
xem đi xem lại bao nhiêu lần cũng không chán ... vẫn cảm giác hồi hộp :),1,0,0.0003155849117320031
bé có năng khiếu làm cô giáo dạy văn ... nghe thì nghĩ tục nhưng đời thường là có thật ... bác nghe thấy đồng cảm với các cháu,1,0,0.00022924166114535183
chết luôn .. tình yêu không phân biệt . giới tính .. tình yêu ơi là tình yêu .. tao đau khổ vì mày lắm rồi ...,1,0,0.00033529705251567066
"mức thu cao nhất - đồng ý vì số liệu nó thể hiện như vậy , chứ còn hiệu quả thì mình không biết đúng không 😂 mỗi lần vô vcb là hiểu phải đợi mỏi mòn , không như những nh khác",1,0,0.0005028388113714755
"thà biết rồi đau 1 lần cho tởn rồi thôi , chứ đừng để nỗi đau cứ day dẳn giằng xé mãi cả đời ☻",1,0,0.00032617634860798717
nghe anh ấy nới chuyện rất thuyết phục,0,0,0.00021996721625328064
thông minh :v,0,0,0.00032537011429667473
oimeoi tao thấy được tao ngày xưa đây rồi =))))),0,0,0.0002603894390631467
con mong cụ cuộc sống sẽ tốt hơn 😔,0,0,0.000639673788100481
sau mưa ra đường sợ nhất gặp giun,1,0,0.0005081678973510861
nên gan ngỗng ăn ngon đó,0,0,0.0003539005119819194
"ngày nào cũng thấy tàu trật bánh , khá buồn",1,0,0.0003433995007071644
nhìn đẹp quá đi mất,0,0,0.00022736571554560214
tao đang cố un crush nhưng khi xem xong video trên thì ..........( khóc không ra nước mắt ),1,0,0.00030157947912812233
đó là khi anh per cưới vợ đó 🤣,1,0,0.0006663097883574665
ngoài những bài chia tay vì lí do vớ vẩn ra thì neu cũng có những bài đăng đọc rồi còn nhớ mãi .,1,0,0.0002748369879554957
mặt nhỏ dễ thương vãi =)),0,0,0.0002464578428771347
béo tí đáng yêu mà =)),0,0,0.0002323044609511271
"hy vọng chừng đó con đã đi mẫu giáo lớn , 1 xe bảy chổ và nhà hai tấm 🤣",0,0,0.0006608854164369404
1 năm không biết bao nhiêu lần x - quang :(,1,0,0.0003432247613091022
cả người nhà người yêu cũng không đồng ý :((,1,0,0.0003171191783621907
"mình nói thật nhìn từ trên cao xuống đã thấy chóng mặt rồi , vãi",1,0,0.00037450273521244526
tao giận bạn trai tao và 5 ngày rồi nó đéo dỗ tao luôn hix,1,0,0.00039179407758638263
dăm ba cái kỉu đây hồi nhỏ tao đốt chấy vài á mà 😃,0,0,0.0002541575813665986
per lên lịch hẹn hò nhanh,0,0,0.0002298154722666368
chia buồn cùng nước pháp .,1,0,0.0003782362036872655
nta vẩy tay mấy cái cũng ra tranh còn tao thì 😪,1,0,0.00031569175189360976
mặt chúng bạn kiểu lại đéo được trả tiền rồi 😞,1,0,0.0002621738240122795
"hắt xì mệt quá , muốn bắn , muốn làm việc :(",1,1,0.9478209614753723
"t xin nhắc lại một lần nữa , đây là một câu chuyện buồn nhé",1,0,0.00039541799924336374
"tội nghiệp , có rất nhiều em ở nông thôn bị như vậy 😢.",1,0,0.00041308862273581326
buồn thay cho lớp tao,1,0,0.0003286647843196988
hi vọng trưa nay lúc ăn cơm vtv24 sẽ không đưa tin về bạn này ạ,1,0,0.00028740812558680773
per sự thích thể hiện của các bạn mà bóng đá per tốn một món tiền không nhỏ ! 😩🙏🤕,1,0,0.00029730552341789007
đáng iêu vãi =]],0,0,0.0002508022589609027
quá ý nghĩa . mình trẻ mà chắc gì làm được vậy,1,0,0.0002573838282842189
bộ phim hay nhất từng xem,0,0,0.0002504678850527853
bạn đã hiểu nổi khổ của mario khi mua vui cho bạn chưa :)),1,0,0.00027271307772025466
boss hổng có 6 múi hả :( buồn dị,1,0,0.00024184100038837641
chân tao không đu ̉ da ̀ i đi ̉ đi con đươ ̀ người na ̀ y :((((,1,0,0.00031757602118887007
nước ngoài có đầy mà :)),0,0,0.0004234663210809231
cái gì mà rớt hột le tè vậy em gái 😁😁😁,0,0,0.0002193414547946304
có người yêu coi bộ cũng vui 🙂,0,0,0.00022342446027323604
14 / 2 năm ngoái tao mọc sừng . nên 14 / 2 năm nay tao quyết định cưa sừng 😊,0,0,0.000411786837503314
"vui vẻ chút , lạc quan chút cho đời thêm vui cũng là một cách 😂😂",0,0,0.0003794205258600414
"lại là lào cai , tự hào quê mình quá :))",0,0,0.00026850972790271044
nói tiếng tuy hoà phú yên làm tao nhớ đến nyc . giọng nó sao ngọt không thể tả . buồn,1,0,0.0002128731575794518
yêu quá hóa điên 🤣,0,0,0.00020740872423630208
nhìn nữa sao . hỏng yêu đi . cho doi . vui vẻ,0,0,0.0002571304212324321
cứ thấy trai đẹp là tao hạnh phúc :),0,0,0.0003007958584930748
đậu . tao mê nhất là giọng tuy hòa phú yên . nó luôn mang một ấn tượng sâu sắc . nghe cứ thích thế nào ấy,0,0,0.0002252081612823531
cái con đồ chơi đó mua ở đâu nhỉ . cười đéo nhặt được mồm . 😂😂😂,0,0,0.00024378704256378114
sao lại cưng đến thế này ^^,0,0,0.00024299249344039708
per gặp thần tượng mỗi ngày kkk,0,0,0.00037293584318831563
xem mấy lần rồi vẫn thấy hay,0,0,0.00022026566148269922
đcm ngôn tình vãiiii,0,0,0.00023392362345475703
dân kinh doanh khoái đi chợ này lắm nè,0,0,0.0003032349923159927
đã trải qua và thấy chuẩn cơm má nấu,0,0,0.00041097350185737014
crush mới thích ảnh tao mà tao đã . nghĩ đến chuyện đặt tên con rồi,0,0,0.00036645992076955736
cái gì vui vậy mọi người :)),0,0,0.00026132160564884543
má chủ dễ thương vậy tao cũng muốn xin,0,0,0.00029014868778176606
câu chuyện dễ thương thật ^^,0,0,0.00022080226335674524
điều tồi tệ là học nửa vời chã ra làm sao,1,0,0.0004262389265932143
trước khi lấy vợ boss có một thân hình hoàn mĩ thế này đây,1,0,0.00039909404586069286
cô quét đi cô cho cháu hốt về với =))),0,0,0.0002547505428083241
này thì câu thích 😂😂😂,0,0,0.0003329973842483014
bốc toàn trúng may mắn lần sau,1,0,0.0003754844074137509
định mệnh tao lại quên mang áo mưa,1,0,0.0002905168221332133
xem xong video tự thấy mình còn không bằng con chó ...,1,0,0.00022421554604079574
chúc mừng cp . cố lên cp .,0,0,0.0002449926396366209
per huhuu không biết lúc đấy thực tập chưa :(((,1,0,0.000324465858284384
"con này còn hại hơn cả ốc bươu vàng . cấm nhanh còn kịp , để nó ra ngoài thì chỉ có người nông dân thiệt thôi",1,0,0.0003699419612530619
liên quan à . cr mày đéo thương mày đâu . nó có crush mới rồi . 🙂,1,0,0.0002568475028965622
thật là đáng sợ,1,0,0.0004991292953491211
em chờ được mà 🙂,0,0,0.0009221740183420479
"mình nhận thấy hình như ông ấy đang rất đau khổ , mà không thể or không muốn nói ra .",1,0,0.005758240353316069
"giá trị lịch sử văn hoá gần nghìn năm đã mất đi rồi :((""",1,0,0.00034775055246427655
em nuôi con lợn mấy năm rồi mà vẫn trống rỗng huhu 😭😭😭,1,0,0.0003314953646622598
sợ thế,1,0,0.0005945105222053826
hay à ngheng,0,0,0.00019591086311265826
"t cũng thế . đang ngồi chơi với con , vợ nó đắp mặt nạ lù lù bước vào . xém đái trog quần ??????",1,0,0.00032024059328250587
"đúng rồi , vàng là phải vàng mới có giá trị , vàng trắng làm gì có giá trị 😥",1,0,0.0004252902290318161
toàn tặng đồ gây sát thương thế kia khả năng bị phản damage là rất cao,1,0,0.00031599466456100345
mệt mõi 😥,1,1,0.9852307438850403
tao không biết tao đủ ổn để đi học thêm không nữa,1,0,0.003708669450134039
ai đó hãy tát trà sữa vào mặt tao đi 😭😭,1,0,0.00044201911077834666
trông tội quá,1,0,0.00027708811103366315
"thanh diễm giờ tao hiểu tại sao cứ sáng vô là tao trông tới đi về , đầu tuần trông tới cuối tuần và đầu tháng trông tới cuối tháng rồi 🤣🤣🤣🤭",0,0,0.0004781082971021533
làm đéo gì có ai nói chuyện thân thiết với tao đâu mà,1,1,0.952272355556488
ad cho hỏi nghệ an lúc nào mưa vậy ah 🌧🌧.. ốm cũng cam lòng chứ vã lắm rồi 🥵🥵,1,0,0.00074945850064978
"chửi vậy cũng bình thường mà mọi người cứ làm quá . mẹ tao cũng suốt ngày chửi tao , tao thấy vui mà .",0,0,0.0003683067043311894
"đừng ám tao nữa , sợ lắm",1,0,0.004136395175009966
ý là giọng quê tao đó hã,0,0,0.00030886472086422145
"đang định đi nhổ răng khôn , nghe được tin này thấy ghê răng 😁",1,0,0.00026409709244035184
nhờ mất bạn nên mình mới biết 😂😂😂😂,0,0,0.00026858141063712537
vừa đây về đông kinh hồn càng về đêm càng đông,1,0,0.0004302534507587552
"mày làm tao nhớ em gái ghê , mai sinh nhật con bé rồi mà tao đang đi làm xa nhà , không về được .......... 😑",1,0,0.00025560936774127185
ui nghe ấm thế,0,0,0.00024538353318348527
chắc từ giờ tao đéo giám ho nữa quá .,1,0,0.011173947714269161
đau lòng quá,1,0,0.0003109079843852669
không những hạnh phúc tao còn cứng nữa :)),0,0,0.0002498344692867249
chúc mừng các anh . các anh giỏi quá . chuc các anh mạnh khỏe .,0,0,0.0001900710485642776
"thương quá . giờ con đi học ở lại cả ngày thì hên xui thôi chứ biết làm sao , không ăn thịt heo thì ăn gì . mong sao có lệnh tạm dừng ăn thịt heo trong thời gian này cho các trường mầm non thì hay biết mấy .",1,0,0.00032366259256377816
tội em gái đó,1,0,0.0003154116275254637
ăn cơm mốc có khả năng bị ung thư gan cao . hít,1,0,0.0006024620379321277
làm người khác thỏa mãn bằng mùi hương của chính bản thân,0,0,0.0003266150888521224
anh đừng bỏ em đi mà 😢,1,0,0.0003595410380512476
muộn rồi :))),1,0,0.00024715226027183235
dễ thương hết sức ??,0,0,0.0006760522373951972
cái khó ló cái khôn :))),0,0,0.0003205331740900874
a độc thân nè không có ai để nắm tay gọi là thử coi .. hihihi chúc em luon vui ve em nhé ...,0,0,0.00022750493371859193
hồi nhỏ đọc tao đã nghi nghi rồi =)))))))),0,0,0.0002582407323643565
per tìm được đối tượng nào để cầu hôn chưa :))),0,0,0.0002877314400393516
cũng đúng :)),0,0,0.0003343962016515434
"thích cái câu , có mỗi thằng con rể đểu mà cứ xoắn cả lên 😂😂😂",0,0,0.00021784580894745886
"coi khúc đầu không hiểu , đến lúc ổng bước ra khỏi làn khói , thật không thể cầm được nước mắt",1,0,0.00031136954203248024
per thích quáaaaa,0,0,0.0002651531540323049
tao cũng ho trật mẹ khớp vai mà đéo phải 1 lần đầu nhé,1,0,0.0004231447237543762
hú hồn chim én :) nào làm ra này chắc cũng ngáo dữ :) chắc add không sợ nhện :),1,0,0.0002682006452232599
biết trân trọng những gì mình đang có ☺️,0,0,0.0008632569224573672
có gì đâu bé vậy mới cool đó anh thích 😉😉😉,0,0,0.00021191425912547857
"aaaaa con nhện 😨 "" aaaaaaa con ế !"" - nhện said 😂😂😂",0,0,0.0004360354505479336
tiếc cho mối tình ấy ....,1,0,0.0002693240239750594
phim nay xem rất nhiều lân nhưng quá hay vẫn muốn sẽ tiếp tục xem,0,0,0.00022791788796894252
"đúng thế , ở đâu cũng được đâu nhất thiết phải ở đây",0,0,0.00061847735196352
gu của tôi trời ơi . tiếc mới có chồng với đứa con thôi . huhu,1,0,0.00026070864987559617
rồi mấy đứa chân không được dài như tao phóng qua kiểu gì :),1,0,0.00031824762118048966
trời ơi . dễ thương quá luôn ❤️❤️,0,0,0.0002011880569625646
per sáng mai kiểu gì cũng về tới nhà :)),0,0,0.0002886719594243914
để anh dẫn em đi ăn nha :)),0,0,0.0002491213381290436
vậy là thế giới mất đi không biết bao nhiêu món nướng rồi :(,1,0,0.0012005572207272053
"tui đây vừa vô phòng thì con vợ mặt trắng bóc nhảy ra đây , tưởng là ma",1,0,0.0004088672867510468
những điều đơn giản nhưng thật hạnh phúc 😘,0,0,0.0003804901789408177
phải chi có người yêu nhắn tin ngọt ngào như này,0,0,0.0002382057864451781
"hồi học lớp 5 bảo bố đi mua sgk cho , xong bố đi mua nguyên bộ lớp 4 đầy đủ từ sgk đến vở bài tập 😂",1,0,0.00029340334003791213
cả 2 loại người này đều đáng sợ !,1,0,0.0005253374692983925
per mỗi ngày đi làm thấy per là như có thêm power cho 1 ngày siêng năng !!!!,0,0,0.00025169216678477824
"bị ám ảnh hồi bé đi nhổ răng , không dám đi nha sĩ nữa :((( huhu 😭😭",1,0,0.00029392747092060745
quá đau lòng nhưng chúng ta phải chấp nhận với điều đó,1,0,0.0005469858879223466
"per hồi nhỏ bị ngỗng dí riết ám ảnh , giờ mà bị dí chắc cầm cổ quay thấy moẹ nó luôn hehe",0,0,0.00037890978273935616
per sợ nhện đúng không :)),1,0,0.00024385076540056616
em chân thành nên em tổn thương !,1,0,0.0007241788553074002
"per ăn tết xong , cần cây cầu này để giảm cân 😆😆",0,0,0.00036125225597061217
"ngày cuối cùng còn ở lại , bản thân không có bất cứ một cảm xúc gì , trong lòng chỉ độc một mảnh phẳng lặng .",1,0,0.0008453944465145469
anh chờ ... đáng yêu ghê,0,0,0.00024408243189100176
vẫn chọn tech là ngân hàng đồng hành,0,0,0.00031312531791627407
đây là 1 câu chuyện buồn,1,0,0.00027409722679294646
duyên quá nói chuyện hay,0,0,0.00024373522319365293
móe . con nhện . cười đau cả ruột .,0,0,0.00027843870338983834
thề cứ 1 lần trượt là tao cười to hơn 😆😆,0,0,0.0003283544210717082
chị đầu tiên buồn v :((,1,0,0.0002557483094278723
tao đã rất muốn làm bạn tốt anh em tri kỉ với tụi hắn nhưng không ai muốn làm bạn với tao - _ -,1,0,0.0006779597606509924
con gái tao thì suốt ngày hêy siri bắt chước mẹ 😂,0,0,0.0002974160888697952
"đi hát văn nghệ cho trường nguyên cấp 1 , kiếm được kha khá . cấp 2 vỡ giọng , khỏi hát 🤣",0,0,0.00023330128169618547
tao rất thích nhạc trung từ giai điệu đến ý nghĩa rất hay 😁😁😁,0,0,0.00020668184151872993
nhà tao cũng gần mà tao không bao giờ dám đi đêm,1,0,0.0005710200639441609
per có ai còn nhớ thời đầu băng xem đi xem lại xuốt ngày không kakak,0,0,0.00027523559401743114
thế là hết những gì đẹp nhất của nước pháp sao không phun nước cứ để cháy rần rật nhỉ,1,0,0.0002765602257568389
tại vì anh trót nói lời thương em mà em không đáp lại,1,0,0.00040623548557050526
mới ngày nào bidv còn đứng nhất mà .. haizzz,1,0,0.00023823963419999927
bị nó chặn đầu mấy lần khóc sướt mướt luôn . mấy con yêu nghiệt này còn dữ hơn chó,1,0,0.0003333194472361356
per tuổi thơ của mềnh đi học là lúc nào bạn tao cũng ngồi trên và khi nào múa giờ ra chơi cũng múa chung với mềnh 😅😅😅,0,0,0.00028244953136891127
nhìn là yêu roi muốn nuôi quá trời mà sợ không chăm được em 😢,1,0,0.0003250206937082112
đôi khi hạnh phúc chỉ là những điều giản dị nhất mà chả ai nghĩ tới 😊,0,0,0.001097779138945043
huhu xem mà muốn khóc vãi,1,0,0.00027856481028720737
tao thấy tai nạn giao thông là tao nói với mẹ .. con chạy ra đó để tối lên ti vi ... mẹ tao chửi sấp mặt luôn,1,0,0.0003380669513717294
nó giống tao ghê . gặp tao tao cũng chọn mày,0,0,0.0003223504754714668
"per hay đó bro , trừ điểm bro chưa bao ăn :)) - 10",1,0,0.00020917586516588926
cũng sợ mấy con ngoe nguẩy như giòi 😰,1,0,0.0004324482288211584
"ước gì mèo nhà mình cũng có thể về nhà như vậy , mất ẻm được 2 năm rồi :(((",1,0,0.0002642388571985066
tự dưng cay mẹ mắt,1,0,0.0004524316464085132
bác vẽ làm tao nhớ con cá này vãi =))),0,0,0.00024794653290882707
trường gửi điểm về và mẹ cũng điện chửi :(,1,0,0.0007009646506048739
nói chuyện như người yêu ??,0,0,0.0003419855493120849
đó là một câu chuyện buồn 😀,1,0,0.00040359795093536377
xem xong tôi cảm thấy còn u ám hơn :)),1,0,0.00043990163248963654
chúng mày cứ cười . dm mai gần đấy có biến lại thấy anh ấy trong bộ cảnh phục thì lại tung hô quả nằm vùng quá đẳng cấp 😂😂😂,0,0,0.0003030560619663447
không phải không thích mà bản thân chưa đủ tốt để sánh vai . phải chi anh có thể đợi em khôn lớn !,1,0,0.00031613116152584553
rất có tố chất . liên đoàn xe đạp việt nam có thể liên hệ để đào tạo được đấy,0,0,0.00024255385505966842
"đếu thể đỡ được "" tiền mừng , tiền mừng "" hahaha",0,0,0.00035363726783543825
còn buồn hơn là cố quan tâm thế nào họ vẫn không hề rep lại,1,0,0.0003404822782613337
đáng yêu phết nhể,0,0,0.0002227607910754159
tuổi trẻ tài cao =))),0,0,0.0002805930271279067
ước gì được giận lại 😐,1,0,0.0004016242455691099
sợ vãi linh hồn 😞,1,0,0.001311030937358737
thôi chết haha ...,0,1,0.7929480075836182
cái này phải hơn 20 năm rồi . lần đầu không biết canh lửa nên cơm khét hoài 🤣🤣🤣🤣🤣,0,0,0.0002787093399092555
anh lỡ mất em rồi huhu,1,0,0.00026905606500804424
per ly trà sen của anh đem qua có ngày nó thành như v đó 😭😭 hức hức ...,1,0,0.0004290440119802952
ngầu lắm bạn ạ ^^,0,0,0.00023063358094077557
đã gặp được em đúng lúc . nhưng lại không phải thời điểm em muốn ....,1,0,0.0010120021179318428
những người em thích đều đi nơi đâu rồi còn con ml bên cạnh song hành,1,0,0.0005530458292923868
ơ thế hoá ra tao không bị ngu một mình ?,1,0,0.0003762644773814827
ngày xưa mẹ tao dạy ở miền núi . năm tao học lớp 3 lần đầu tiên lên trường với mẹ . đaumoa mấy con ngỗng mất dạy rượt tao leo lên cây phượng cao chót vót cả tiếng không dám xuống .,1,0,0.0006776923546567559
món này ngon vãi,0,0,0.00022266950691118836
cầu cho chú luôn mạnh khoẻ ạ 😢,1,0,0.00039558406569994986
chỉ ước về sau mình được vay,0,0,0.0011068854946643114
không muốn yêu ai cả,1,1,0.5750433802604675
minh biết nữa ne,0,0,0.003811494680121541
trên đời vẫn còn nhiều điều tốt đẹp ❤️,0,0,0.00041742759640328586
mai tao cũng đi ship mới được . có bài này áp dụng luôn .,0,0,0.00035497063072398305
thằng ben thật tội nghiệp,1,0,0.00025655742501839995
cả đời mình chỉ ước có 500tr trả nợ ngân hàng cái xe để chạy kiếm ăn ...😥😥😥,1,0,0.0003397128311917186
t cười ỉa ...🤣🤣,0,0,0.00024447045871056616
em buông tay anh nhé .... quá khứ ấy anh hãy xoá hết đi .......,1,0,0.0003187744878232479
rụng tim 😭,1,0,0.00040461416938342154
tao không tin đâu hiccc =(((,1,0,0.0002797529159579426
ngày hôm ấy tuyệt đẹp nhưng lại đượm một nỗi buồn ngày mai thôi chg được gặp thầy cô bb lũ chúng tôi khép cánh cửa ấy lại nhìn lại toàn bộ khung cảnh ôi thân thương biết mấy cảnh vật quen thuộc sẽ không được trông thấy nữa,1,0,0.00027446646708995104
chúc mày mau khoẻ nhá chủ thớt ạ =)),0,0,0.0002514244697522372
được . đỡ tốn 5 nghìn,0,0,0.000339581718435511
muốn nhanh thì phải từ từ =))))),0,0,0.00048731008428148925
ốm mà xinh thế :3,0,0,0.0002479871327523142
dạ cho em hỏi cái đường này ở đâu z ạ . để em đéo tới đây ạ . đm bước cái chắc tét háng,1,0,0.0003340425610076636
"dù chỉ để nhìn 1 cái , để biết người ấy vẫn ổn , người ấy còn tồn tại . ít nhất là nv 😔",1,0,0.0006365059525705874
má . đang định đi chụp :((,1,0,0.0003396047104615718
bày đặt viết trên cát khắc luôn vào đá cho tạt thoải mái,0,0,0.0003521556791383773
cho em canh với . hehe,0,0,0.0002567955234553665
"anh sau đó , không còn là anh nữa ...",1,0,0.0013554022880271077
sao giống phim good doctor của hàn vậy ?? cũng bệnh tự kỉ và có khả năng nhìn được 3d !,0,0,0.000260377797530964
đẹp trai thật .,0,0,0.00023138996039051563
hay . đỡ mệt,0,0,0.00024283150560222566
per bài tủ 1 thời =)),0,0,0.00026540254475548863
tôi cắn bất chấp =)))))))) chắc là tôi yêu tụi nó cuồng si rồi,0,0,0.0002862497349269688
mở ra mà thấy vậy chắc tao sợ quá mà chết luôn mất :),1,0,0.0003594519221223891
đồng đội chơi tốt quá hahaaa,0,0,0.0002041213883785531
giọng cute phết,0,0,0.00022432567493524402
tao sợ ăn xong nóng đêm gãi toét chân,1,0,0.0003746382426470518
"con gái không thích con trai đầu hói , vì cưới về dễ nhầm đầu :d",0,0,0.0003283049736637622
chuẩn bị prayforparis thôi 23 tuần kể từ khi phe áo vàng làm loạn rồi mà vẫn chưa dẹp được .,1,0,0.0015752121107652783
đau đớn quá sao phải tham mấy đồng tiền đó nhỉ,1,0,0.0002905184810515493
"hăm hở đón nhận tất cả , thậm chí là nỗi buồn , nếu điều ấy khiến việc tồn tại của bạn mang một hương vị đáng nhớ ...",1,1,0.9990099668502808
buồn nhất là crush cũng chả có để mà thả 😞,1,0,0.00027791247703135014
"tao sợ chó lắm .""",1,0,0.0004747631319332868
"tuổi thơ tao gặp toàn trai bánh bều , mít ướt . toàn là tao galang , dỗ dành . ôi cái cuộc đời này per",1,0,0.0002482568670529872
"ngày đẹp trời là ngày được nghỉ làm , đi những nơi mình thích , với người mình thương , ăn những món ăn ngon . xong về ôm nhau ngủ :)))",0,0,0.00029126839945092797
"nhớ hồi euro 2012 rực sáng trong màu áo tuyển ý , ghi mấy bàn mà bàn nào cũng thấy phê .",0,0,0.00030961650190874934
chồng tương lai lại nuôi vợ thằng khác,1,0,0.0004583542176987976
"thương các con quá , lũ khốn nạn vì lợi trước mắt ma tội cho bọn trẻ , bọn này cho chết het",1,0,0.0002448441518936306
t thấy tội nghiệp thằng cải,0,0,0.0003183062362950295
hồi bé bị ngỗng dí hoài =)) sợ vãi,1,0,0.00027946129557676613
má chắc gặp tao chạy mất giày,1,0,0.00031897303415462375
"bữa tao coi cái video này nhưng nó ghép nhạc bựa vãi ... mỗi lần mỗi anh té là first blood , double kill ,... các kiểu =))))",0,0,0.0002354081516386941
bạn gái nào xinh xinh mà bị lạc thì vào nhà mình cho ngủ nhờ này . ??,0,0,0.00024566304637119174
đúng là càng ngày càng chán . cứ theo luật mà làm thì chán cực kỳ luôn,1,0,0.0003156751918140799
cái cuối phê vãi,0,0,0.0002504457370378077
ê tao đi nhật chưa được 1 năm mà xem video này làm tao loạn ngôn ngữ ghê . thỉnh thoảng phải dừng video ngẫm câu nó nói nghĩa gì,1,0,0.00024815392680466175
per kinh dị thấy mệ luôn nè,1,0,0.0002814366889651865
làm chó khổ lắm chứ bộ :((,1,0,0.00030786870047450066
bức ảnh này lại làm mình bị ám ảnh . haz,1,0,0.00029137366800569
dân chơi nhìn cái biết ngay 🤣🤣,0,0,0.0002747261605691165
đáng yêuc quá,0,0,0.00020792431314475834
tiếng guitar thật tuyệt,0,0,0.00022639009694103152
mỗi lần tao ăn đu đủ bằng thìa thì bố tao lại chửi tao . bố tao bảo loại mày ăn đu đủ không cần thìa đâu .,1,0,0.0007108108839020133
mệt như chó :3 nhưng mà hoan hỉ đầu năm đi xin lộc :v,0,0,0.0002964806917589158
đáng yêu quá . phải thằng trai nhà tao thì nó sẽ nhẩy vào tính ôm luôn cái máy ấy về =)),0,0,0.00025468060630373657
đau nếu còn nghĩ về nhau thì hãy quay về bên nhau :)),1,0,0.0002790951693896204
một hành động đẹp đầy tính nhân văn ☺️☺️,0,0,0.00024207746901083738
"hôm bữa đi ngang qua , thấy hết con mẹ nó hồn",1,0,0.00047118429210968316
nhìn một cái rồi quay đi là thấy mãn nguyện rồi .,0,0,0.0003487418871372938
ôi hạnh phúc quá 😄😄😄,0,0,0.0002493161882739514
biết ngay anh per lại mượn đầm của vợ :)))),0,0,0.00026412581792101264
sợ vãi,1,0,0.0004886994720436633
tao ho rụng hết tóc rồi 😭,1,0,0.0005680673057213426
dù có sống được mấy đời thì cũng nợ mẹ cha trọn cả mấy đời .,1,0,0.0006031517987139523
đây là một câu chuyện buồn 🙁,1,0,0.0002933328796643764
má ơi đây chính là thứ ám ảnh nhất cuộc đời con . kẻ thù 😢😢😢,1,0,0.0006493552355095744
per bị chữi thì ráng nghe mà vui đi nghe . cứ như nghe hát miễn phí 🤣🤣 còn bị chữi là còn hạnh phúc . nguoi ngoài ngọt ngào nhưng chắc gì đã thật lòng đâu,0,0,0.000221825044718571
tao tưởng tượng sau này sẽ có 1 thằng bồ vừa điên vừa ngáo giống tao .. chắc vui hết sảy 🤣,0,0,0.0003156845341436565
sợ quá đi,1,0,0.0005323658115230501
cay và đắng nghe mấy ông lớn tuổi toàn kêu thế thôi,0,0,0.0002730299311224371
thấy dòng này quen quen . thấy đọc bình luận của ai á . haha . buồn cười 🤣 🤣 🤣,0,0,0.0002447876613587141
và đương nhiên sẽ có ngày cô ấy sốc vì giới tính thật của cô ấy !!!,1,0,0.004372261930257082
là nhân duyên trời ban cớ sao chẳng thành đôi :(,1,0,0.0004367971559986472
tau đã được bà nội vá quần 🙂🙂🙂,0,0,0.00031358777778223157
page bị hack rồi . video hay nhất mình từg xem,0,0,0.00022440268367063254
""" tụi mình tuy không yêu nhau hai lần , nhưng nếu có cơ hội ... anh chắc chắn vẫn tặng em đoá hồng đẹp nhất """,0,0,0.0003619004273787141
chỉ khổ các con thôi !! sao người ta lại có thể mất nhân tính như vậy,1,0,0.0002684408682398498
crush của tao cười hơi bị xinh :3 xinh + cười = đỗ mãi • 3 •,0,0,0.000219013963942416
dễ thương quá à ????????,0,0,0.00024545463384129107
chuẩn kkk 😁,0,0,0.0004144654667470604
ukm . nguy hiểm thật :'<,1,0,0.0002875723585020751
"đi chơi gặp 3 con mất dậy này vừa bị dí vừa bị cạp đít đau không chịu được sau phải nhảy lên cây để trốn , giờ gặp là sợ 😭😭",1,0,0.0003424618917051703
per mày cứ kén chọn đi chúng nó yêuc nhaooo hết rồi kia kìa ahuhu .. không tin vào mấy thằng ông nội cơ bắpppp nữaaa,1,0,0.00026569270994514227
câu chuyện lấy đi nước mắt của tao,1,0,0.0006260692025534809
"thằng bạn ngồi kế bên lớp 2 nhà bán vàng mà nó học dốt , thế là làm bình thường về nhà cho nó , 1 bài 2k , mồi ngày kiếm 8 - 10k 🤑",0,0,0.0002591839584056288
sự thật thì cố suy nghĩ vui vẻ hạnh phúc mà trong túi không có tiền chỉ sợ đất cũng không có mà ăn,1,0,0.0004719952412415296
nhưng tao đéo có crush,1,0,0.0004772977845277637
tận cùng của nỗi đau :(,1,1,0.7268636226654053
cần tìm gấp bạn trai đáng yêuc như anh này trời đất ơi =)),0,0,0.00024237189791165292
đố ai định nghĩa được tình yêu . có khó gì đâu một buổi chiều . kề dao vào cổ yêu không hả . gật đầu lia lịa thế là yêu 🤣🤣🤣🤣🤣🤣,0,0,0.00033458819962106645
chẳng biết nói gì . xem video em cười suốt mà lòng tôi không thấy vui tẹo nào . thương em,1,0,0.00024249166017398238
cẩn thận mày lại có cháu sớm 🤣,0,0,0.00031020271126180887
cái dây ở ảnh đầu xinh vãi vậy,0,0,0.000348539964761585
"lúc nhỏ mẹ nấu cơm bằng bếp củi , ttao thì không biết gì thấy lửa tắt thì chụm vô : )) mẹ ra quánh cho trận vì nồi cơm khét nghẹt 😑",1,0,0.0002855530474334955
"ngày xưa đi học gần trường có bày ngỗng , hôm nào nó cũng cà khía rượt tụi học sinh chạy sấp mặt luôn",1,0,0.00032354812719859183
tao thầy mày cười hí hửng vại mà ?,0,0,0.000285022659227252
nhìn đáng yêu vãi :))),0,0,0.0002371809969190508
buồn thế nhỉ . t mới mua con per chưa nổi 1 năm . thế này thì biết sống sao 😨😨,1,0,0.0004613461496774107
đồng nghiệp của tôi thật tuyệt vời,0,0,0.00021792681945953518
per luôn yêu đời và luôn yêu công việc em nhé,0,0,0.0002714766887947917
"sợ nhất mấy đứa ảo tưởng sức mạnh , nhắn tin nhiều chút là auto mình thích nó",1,0,0.0003498369187582284
mẹ đang buồn ỉa mà trên đường về gặp mớ gờ giảm tốc kia thì phọt bà ra quần 😨,1,0,0.000270875811111182
hay lắm . thằng anh giúp 2e thêm yêu lao động,0,0,0.00019734358647838235
"cô ấy rất tốt , nhưng tôi biết thứ nào tốt đều không dành cho mình",1,0,0.0012889193603768945
"nhổ tóc sâu cho bố , hình như được 500đ để mua kẹo dồi 😂",0,0,0.00024398797540925443
rất vui mừng khi ông ấy rời việt nam an toàn tuyệt đối ....,0,0,0.000283498753560707
"vợ người ta chưa bao giờ làm tôi thất vọng , còn vợ tôi thì ..... đi hết 1 / 3 cuộc đời rồi vẫn chưa tìm thấy 😓",1,0,0.0005464915302582085
tao thì sợ nhất lúc nó mới cắt tóc,1,0,0.0004232338396832347
"sau 1 thời còm men dạo khắp muôn nơi , cháu đã lên được fan cứng rất rất cứng 😆😆",0,0,0.00026617723051458597
thằng nào sửa xe này dễ đau tim mà chết lắm . :)). nhất là những thằng sợ rắn .,1,0,0.0002718994510360062
ừ công nhận == không có tiền mua,1,0,0.00034510166733525693
chỉ là không có ai để nhắn thì mới nhắn cho mình . công nhận nguy hiểm,1,0,0.0005532625364139676
có tâm mới có tầm haha,0,0,0.0002869148156605661
"ngày xưa nuôi mấy con mèo . đêm hôm nó cứ lựa lúc cửa mở là chạy đi chơi mất . những lần nó không về buồn thối ruột , tối cứ mở cửa để đợi tiếng meo meo 😥",1,0,0.0003584530495572835
per ơ tao còn chưa kịp đến bắt tay mà :((,1,0,0.0002483600692357868
"chống mắt mà xem này khi bồ nói anh muốn đi tập gym thì dẹp ngay và luôn , măc công nó yêu thằng khác mất quá per",1,0,0.0002931899798568338
đúng chất dân miền tây hahaha,0,0,0.0002676555304788053
sống với nhau đến cuối đời người ta cũng chỉ mong có vậy .,0,0,0.0013048596447333694
đang trong lớp mà ứa nước mắt,1,0,0.0002790669386740774
nhìn quả mặt nó làm tao thoả mãn vãi,0,0,0.00026228080969303846
"😔 tao không lấy chồng nữa , ở nhà nấu cơm cho mẹ , tao sợ lắm",1,0,0.0005006350111216307
"chuẩn thế còn gì , phải có uy tín trong nghề mới thành công được",0,0,0.00032862593070603907
per ngôn tình luôn ở quanh ta nhưng nó đéo đến với chúng ta 😏,1,0,0.00033402375993318856
vận may s cứ xua đuổi mình hoài chứ có bao giờ tự tìm đến đâu ? đen thôi chứ đỏ quên điii nha . đời thường giết chết kẻ mộng mer như mình .,1,0,0.00031529890839010477
"nguy hiểm lắm , ngồi nhà lướt facebook thôi mà không cẩn thận thì mất tim lúc nào không biết",1,0,0.00035367876989766955
per tập gym đi mày có người yêu đấyyyy =))))),0,0,0.00023828190751373768
rõ ràng vẫn là một người mà cắt tóc xong nhìn đáng yêu vãi :v,0,0,0.00022753661323804408
tuổi lồn hù được bố m,1,0,0.00037155894096940756
dume sởn gai ốc 😭,1,0,0.0002623378823045641
giờ thì chả dám nhìn nữa hic :((,1,0,0.0004515651671681553
"không phù hợp thổ nhưỡng , khí hậu . vậy mà vẫn tung hô , dải ngân để làm khổ dân . quả bóng trách nhiệm chẳng thuộc về ai cả . 😢😢",1,0,0.000338259240379557
khóc vãi 😭,1,0,0.00032002513762563467
thề luôn con ngáo nó thích trêu mấy đứa sợ sợ như này =)),0,0,0.00031079832115210593
bố mày đã sợ nhện rồi xem cái video này ... vãi đái :(((,1,0,0.00023014965699985623
chỉ những người độc thân thôi,1,0,0.0009355988004244864
giữ mãi lòng nhân ái các em nhé ! tấm lòng các em đẹp biết bao .,0,0,0.00022794221877120435
hay quá,0,0,0.00021340149396564811
không cẩn thận phát là ngậm bả như chơi,1,0,0.000284605601336807
"trải qua một cuộc bể dâu , rồi bể ong ???? lót dép hóng :v",0,0,0.0002993905218318105
xem mà rơi nói chuyện mắt khi ăn luôn 😭😭😢,1,0,0.0002720887423492968
má :))) đoạn đeo mặt nạ kinh dị vkl :)),1,0,0.0002516935928724706
mỗi tao thấy hồi xưa còn đẹp hơn à :))) bây giờ nhìn như bóng long xuyên vậy,0,0,0.0002754219458438456
hạnh phúc . mà hạnh phúc của đàn ông thì khó nói lắm . kaka,0,0,0.00023322856577578932
hahah thú vị ghê hen,0,0,0.0002395813207840547
yêu quá ! xinh quá ??????,0,0,0.00021361179824452847
đọc chả hiểu gì :( mất gốc rồi :(,1,0,0.00042315400787629187
bức ảnh xuất sắc ❤️,0,0,0.00024796160869300365
"có tớ nhé , bạn không cô đơn đâu .",0,0,0.00047233753139153123
dăm ba con nhện nghĩ tao sợ (((=,0,0,0.0003209215064998716
có tiền sẽ thấy các vị gọi là thượng hạng còn không tiền sẽ chỉ thấy vị mặn của mồ hôi + nước mắt,1,0,0.0006213049055077136
"ước gì boss không co chân lên , tao vẫn sẽ nghĩ là boss thật khí chất =)))",1,0,0.0002498773392289877
per dạo này béo quá rùi :(,1,0,0.00034441918251104653
"làm ca nào không quan trọng , quan trọng là có đồng bọn bảo yến nguyễn hạnh 🤣🤣🤣",0,0,0.0002802005619741976
thật tình là rất xin lỗi anh ở trog video . hi vọng sẽ gặp đuợc anh để xin lỗi và tạ tội với anh . thật ra hộp quà trong video là của con lol per với người yêu nó tặng nhau dịp sinh nhật . híccc,1,0,0.00023618309933226556
"sời , lừa làm sao được tao :))",0,0,0.0002867990988306701
may quá tao không xài huawei kkk,0,0,0.0002635165292304009
thôi thì đi xem avenger lần 3 để tránh nóng nốt chiều nay không mai mưa rồi hehee,0,0,0.0002812762977555394
bác này nói hay,0,0,0.00023958017118275166
đối với thế giới này bà lão chỉ là một ai đó . nhưng đối với ông lão đó bà lão là cả thế giới 😊,0,0,0.0007601210963912308
pháp không còn khoảng thời gian bình yên nữa rồi,1,0,0.000906049448531121
"trời mẹ phim gì vậy thớt ơi , cười ná thở",0,0,0.00024316817871294916
"tui thi ́ ch va ̉ i lă ́ mày ma ̀ ăn nhỉ ̀ u no ́ người lă ́ mày mọi người anh ̣ , bi ̣ lơ ̉ miê ̣ người",1,1,0.8660798668861389
dễ thương vậy chời,0,0,0.00026748052914626896
bằng tuổi em các bạn đang ôn thi mà em phân vân không biết chọn trường nào :((,1,0,0.0002695852890610695
"ngày xưa , ngoài thú vui chọc chó dí , còn chọc cho ngỗg rượt . cách giảm cân hịu quả nhất cho mấy đứa lười 😂. nhớ lại vui thật , đúg là thời sửu nhi .",0,0,0.0002429971209494397
buồn hơn khi tôi còn là gái 🙄,1,0,0.0006635933532379568
sau vụ 200k thì vụ 5tr này có nội dung hài hước y hịt :)))),0,0,0.00024181956541724503
per không lẽ sau này kím bạn trai không tập gym 😖,1,0,0.0004101334197912365
per làm gì quên được kkkkk,0,0,0.0010319538414478302
tao của ngày này năm trước đang ước đừng lấy quỳ tím đem ra thử nghiệm . :(,1,0,0.0003501922474242747
"giống hệt mình , nhưng bạn may mắn hơn vì bên này quyết trốn nợ tận cùng",1,0,0.00035526228020899
cái mặt hoang mang thấy thương 😆❤️,0,0,0.0002930005139205605
"tháng 10 đến rồi , em đừng buồn nữa nhé ❤",0,0,0.0002780651848297566
có đứa nào hồi bé không biết nấu còn tranh làm rồi quên không đổ nước như tao không :))),1,0,0.0002860805834643543
trời má cute vãi lozzzz,0,0,0.0002264142967760563
"quá bản lĩnh luôn , người đáng nể , tiếc là anh ấy sắp bị tử hình rồi",1,0,0.00022388847719412297
ngày tao chia tay tao khóc quá trời luôn,1,0,0.00027351899188943207
thật may em đã gặp được người tài xế tốt 🌸🌸,0,0,0.00024087540805339813
per giống cái bữa mình viết ghê,0,0,0.0002825389674399048
chưa có cơ hội nói cảm ơn và xin lỗi . vì chúng ta xứng đáng được bình yên,1,0,0.0002852858160622418
các bạn đã xuất sắc hoàn thành nhiệm vụ,0,0,0.00022785834153182805
định share mà đọc bình luận tắt con mẹ nó cảm xúc :(((((,1,0,0.00023178276023827493
per kinh nghiệm nha,0,0,0.0002611363015603274
chàng trai vàng trong làng bấm biển =))),0,0,0.0002699742035474628
chuyện buồn quá chúng mày à . tao không dám đọc sợ làm quyết tâm có người yêu của tao lung lay 🙄,1,0,0.00041203893488273025
giống chó này hình như không có lông ạ ?? chó nhà em lông rụng đầy nhà .. huhu,1,0,0.0003023700264748186
chời ơi mới chụp răng 2 bữa trước về không ngủ được tới nay luôn,1,0,0.0003334071661811322
trời ơi cái đoạn này em khóc tu tu luôn 😪.. trong khoảnh khắc rời xa một ai đó mãi mãi cơn đau thấu ngực trái huhu,1,0,0.00034425107878632843
sao giốg với mình v . nhưg mình từ bỏ rồi người ta hình như cũng có người khác . từ đầu là do mình ảo tưởg thôi giờ thì tỉnh đi cô gái ạ,1,0,0.00038147991290315986
tư duy của họ hơn hẳn 1 cái đầu 👍,0,0,0.0007150787860155106
rất thuyết phục,0,0,0.00022793159587308764
chỗ tao cũng có cây tình yêu < 3,0,0,0.00027032167417928576
1 % kìa rồi ra cổng gọi thế nào :)),1,0,0.00025606597773730755
hạnh phúc ghê,0,0,0.0003793956129811704
ba ́ o giâ ̣ tao ti ́ tao la ̀ mày hoa ̉ người loa ̣ n ngươ ̀ i dân . haizzz,1,0,0.000424039491917938
đm main mới hay quá đi,0,0,0.0002009373129112646
per kỉ niệm nhất là những ngày trốn học cùng nhau đi xem phim 😂😂😂,0,0,0.00025521611678414047
nhìn cái bà này tôi chỉ muốn xoạc bà 1 cái . sao bà không là con trai nhỉ . ông trời quá là trêu người rồi,1,0,0.00027060581487603486
sư tử chứ dễ thương q . q gì,1,0,0.00029739990714006126
trai tài gái sắc .. danh ngôn rồi tài sản chứ tài gì !! 🤣🤣,0,0,0.00025119062047451735
"chịu hay không không quan trọng , quan trọng là không có ai lấy",1,0,0.0019284392474219203
điên khùng . nhưng hahahah . nhiều tiền quá mạ ơi,0,0,0.00037799921119585633
"thiệt là cao minh , hahaaa",0,0,0.00024534983094781637
"đôi khi cũng muốn dỗi lắm , nhưng nghĩ lại đéo có người yêu mà dỗi",1,0,0.00046871777158230543
trồi ôi mới đọc tưởng đâu người yêu,0,0,0.00023253359540831298
em mình là con trai viết đẹp y chang thế này nhé,0,0,0.00022980189532972872
"haha ,,, sao không kêu tao ..",0,0,0.0002472501073498279
mặt tao như này ai mê cho nổiiiii,1,0,0.0003049052902497351
"thứ yêu nghiệt , nhỏ g vẫn sợ nó nhất sau mấy con lắm chân t . t",1,0,0.0007736149127595127
anh tây này đáng yêu chết được cứ tiếng tuy hoà phú yên ma học đi nhá ☺️☺️,0,0,0.00021787115838378668
per sao bố lại đủ bình tĩnh để xem hết cái trailer này nhỉ . _ . sợ vãi,1,0,0.0002577521954663098
"xem đi xem lại không chán , best của best 😭",0,0,0.00021313106117304415
"cả đống người trên đường , mà nó chỉ dí mình tao 😭. t đã làm nên tội gì 😭😭",1,0,0.00048590468941256404
chàng trai mạnh mẽ !,0,0,0.00027338939253240824
tìm đối tác 😔,0,0,0.0002516415261197835
thấy cưng gì đâu,0,0,0.00034749964834190905
ngôn tình từ anh mà ra,0,0,0.00028050041873939335
tao được thấy nói chuyện mắt của bố tao khi tao bệnh và khi tao lấy chồng,1,0,0.0017957936506718397
không biết thật mà hix .,1,0,0.00025062126223929226
per =)))))))))))) tao cười không biết chỗ nín lun,0,0,0.0002521376882214099
cứu tao :(( tao sợ rắn,1,0,0.0006117821321822703
bộ cuối nhìn đau lòng thật :(,1,0,0.00023381681239698082
còn mình nhìn như thằng ngu,1,0,0.00039832148468121886
thương chỉ sợ em không cho anh cơ hội thôi,1,0,0.0002842644462361932
per má có điểm cho sướng vãi,0,0,0.000264813395915553
ôi không đừng vậy mà :((,1,0,0.00032025767723098397
phim hay vãi ấy xem lâu lắm rồi,0,0,0.0002273967256769538
chỉ cần 1 cây hoa . nói lên tất cả .. hi,0,0,0.0002940222038887441
điều hối tiếc nhất cấp 3 là chưa kí lên áo của nhau 😢,1,0,0.00025670937611721456
"ôi zồi ôi , nhìn cái mặt của ẻm kìa , yêu ghê :))",0,0,0.00020678079454228282
chào tháng 10 !! tháng sanh thần của tôi .. hi vọng mọi chuyện tốt đẹp,0,0,0.00041447553667239845
bây giờ tao lấy chồng rồi còn không có cơ hội ngủ với em gái 😫,1,0,0.0003963558410760015
đáng yêuc quad 🤤🤤🤤,0,0,0.00022313579393085092
có đứa nào đéo giật mình như tao không :))),0,0,0.0002908516034949571
môn này đéo dành cho những người chân ngắn như tao :) bay qua chắc lọt mẹ xuống sông ^^,1,0,0.0002602524182293564
góp vui cho chủ thớt 😂😂,0,0,0.0002340925275348127
trông mặt buồn chưa kìa per :(,1,0,0.00025299808476120234
30s mặc niệm bắt đầu ...,1,0,0.0003297076327726245
"mà sếp cũng duyệt , cũng in rồi haha",0,0,0.00028701440896838903
đm ngồi chờ đã rồi các tổng đài viên đều bận 😭😭😭,1,0,0.00044776356662623584
con gái chả thế :)))) con trai đi dume mày có nhận hàng không,0,0,0.0002685870276764035
ánh mắt thằng con muốn nói : cứu cháu hình như ba sắp ném con ùi,1,0,0.0004086118715349585
"không được uống đã đành , ngồi dọn sấp mặt luôn , như con cáo và chùm nho xanh per",1,0,0.0003496557183098048
"kỳ nghỉ hè muộn của anh mà , xõa hết đi anh .",0,0,0.0002505763550288975
per chơi với con trai riết nên giờ đéo có người yêu nổi vì tính tình không khác gì con trai,1,0,0.00032593481591902673
chán mấy ông thanh niên .,1,0,0.0002766891848295927
má đáng yêuc quá dạyyyy ??,0,0,0.00021371713955886662
phim này mới ra được có tập 1 thôi . hay phết,0,0,0.00022339039423968643
mẹ đi ngầu chết mẹ đi được chứ kì quặc gì =)))),0,0,0.00023380968195851892
"per mày nhìn thành long hồi này có thấy giống mặt anh chung nhung hồi xưa không :))))). thề luôn , tao thấy giống vãi 🤣",0,0,0.00024319597287103534
t đã thử rồi mà dume vẫn la :)))),1,0,0.00026645453181117773
thạ timmmmm đùa tao yêu mặt nó lúc ôm đầu vlllll xinh quá con ưiiiiiiii,0,0,0.00022121972870081663
dự định tao là 28 nhưng giờ mà có bồ là bắt cưới luôn chớ sợ ế haha,0,0,0.0003283594560343772
"chủ động nói chuyện , nhắn tin khi có time . nhưng đời không như mơ",1,0,0.00038634843076579273
tuổi thơ của tôi =)),0,0,0.0003381581336725503
"cũng tùy , đôi khi không cần vật chất mà chỉ cần động viên , san sẽ những khi con mình vấp ngã hay khó khăn trong cuộc sống thì ...",1,0,0.0003839195123873651
khoảnh khắc tao nhận ra tao đã từng rơi vào hoàn cảnh bế tắc này 😌😌,1,1,0.7545900940895081
"per chị mày đánh lộn từ đầu làng đến cuối xóm thì cần chi bọn con trai , nhưng nhìn bọn nó dễ thương hén",0,0,0.0002722846111282706
"crush một ai đó là điều không bao giờ có rồi , vì mình vừa béo , vừa xấu gái , vừa vv and vv . auto nhục 😞😞😞",1,0,0.013396214693784714
"chúng mày nhìn , tao nuốt cũng không xuống nổi , ông địa",1,0,0.0009440616704523563
và rồi cô ấy sẽ mãi mãi không có người yêu =((,1,0,0.0004089904541615397
"đau lòng vãi . cứ tưởng là đùa . ai ngờ , bồ nhau thiệt . ơ . tớ có sừng không",1,0,0.00026538484962657094
nhiều khi nghĩ mình không phải con gái mà là 1 thằng đàn ông chính hiệu kkkk ....,0,0,0.0003337274247314781
vẫn ế bền vững,1,0,0.0004637323145288974
sao mình lại không xem được vậy admin 😭,1,0,0.00028723530704155564
"khóc không chịu được luôn , và mình cũng sẽ làm được nếu phải đánh đổi tính mạng cho 2 cô con gái bé nhỏ của gia đình mình",1,0,0.0004960449296049774
ảnh đẹp quá 😍,0,0,0.0002059492835542187
ui còn chưa kịp đi xem đã rút rồi :((,1,0,0.00025207881117239594
per bếp lò xo huyền thoại của ngoại hay nấu nè,0,0,0.0002003131085075438
cả 2 kẻ này đều đáng sợ !,1,0,0.00044525699922814965
muốn tạo ra niềm tin đôi khi bạn cần sự dối trá 😉,0,0,0.0011797965271398425
xài vietcombank sinh nhật cũng không được chúc luôn :((,1,0,0.00023095594951882958
buồn cho số phận 😢,1,0,0.0003108078381046653
"lâu rồi mới thấy trailer chất như lày , so excited",0,0,0.00025510709383524954
quả mắt nhìn sợ vãi,1,0,0.0004386765358503908
quê vải mà chưa được ăn quả nào . huhu,1,0,0.00025358927086926997
chẳng bằng bố tao 13 năm tự nhiên hỏi bố biết tên con là gì không thì chần chừ một lúc rồi phun ra tên chị tao,1,0,0.00041749878437258303
vì chúng ta không nên nói chuyện với nhau nữa,1,0,0.0025489211548119783
"sợ vãi , mém xỉu",1,0,0.0007205606088973582
"tự nhiên thấy tụi con gái khóc tu tu , thế là mình lủi ra ghế đá trước lớp ngồi . tự nhiên cô dạy văn cũng ra theo xong ôm mình khóc ,",1,0,0.0003831787034869194
"bị ngỗng mổ sợ vãi_chưởng , hồi bé tao đã không sang nhà b tao cả tuần trời vì nhà nó mới nuôi ngỗng mà bình thường tao toàn ăn chùa cơm nhà nó thiếu điều làm con nuôi nhà nó nữa thôi :))) nhắc lại mới thấy sợ vãi",1,0,0.0002494122600182891
mùa thu năm ấy cta đã gặp nhau ?,1,0,0.000383703998522833
thích :)))) đi làm vui hay không là có đồng nghiệp tốt đừng chơi xấu mình là được :)),0,0,0.0002545912575442344
chỉ sợ lúc nó dí,1,0,0.01954563520848751
tao là thằng chưa bao giờ giận người yêu vì người yêu tao không bao giờ làm gì có lỗi hết,0,0,0.0005922404234297574
ai sẽ cùng tôi mang nỗi đau này cơ chứ,1,0,0.09965411573648453
tao rất sợ mất đứa tỏ ra như thế,1,0,0.000565650756470859
rơi mất tim . nguy hiểm thiệt ^^,1,0,0.00033581466414034367
phim này xem rồi ý nghĩa vài,0,0,0.00036957080010324717
chắc học từ bỏ quá,1,0,0.0015909987268969417
t đu ́ theo thôi :v tao biê ́ tao thư ̀ anh no ́ la ̀ shipper,0,0,0.0004946431145071983
bởi vì gặp nhau sai thời điểm nên tôi mất người mãi mãi ...,1,0,0.00033865708974190056
cưng ghê ❤️,0,0,0.0002524876908864826
mới đi nhổ răng số 8 và chụp 😞,1,0,0.0003799274854827672
chưa được đi pháp mà huhu,1,0,0.0003013268578797579
"t không tiếc mấy ly trà sữa , chỉ thấy tội cho mấy cô lao công dọn dẹp mà thôi 😔",1,0,0.0002587187918834388
qua chạy xe nẹt nẹt bốc đầu bố ai dám dô,1,0,0.00033364532282575965
thế chân ngắn như tao thì phải làm sao với cái cầu,1,0,0.0010353116085752845
đó là khi tao muốn cắn ai đó điên cuồng :),0,0,0.0013269091723486781
"ước gì mày được quay về tuổi thơ , trước mày cũng có 1 b trai như vậy đó",1,0,0.0002957827819045633
chuẩn luôn :3 độc vô tình bắt gặp thôi cơ mà giờ tao bị ăn bơ rồi 😭,1,0,0.00031720686820335686
hình như sau boss bị chết ạ,1,0,0.00035916248452849686
per thế mà cháu tôi không biết chơi 😭😭,1,0,0.0002427836152492091
mẹ nó chứ xem xong mình khóc hết cả nước mắt,1,0,0.0003080213500652462
chả mong gì nhiều chỉ mong về già được như hai ông bà ! 😊😊😊,0,0,0.00030139522277750075
dăm ba cái trò nấu cơm này sao làm khó tao .,0,0,0.0002786540426313877
"công ăn việc làm còn chưa ổn định , bố mẹ già còn chưa lo được thì kết hôn để làm gì 😪",1,0,0.0004649819165933877
sợ vãi nồi tao còn tg thằng kia bay ra cơ :)))),1,0,0.00028124195523560047
khổ nhất người có bầu,1,0,0.00035289235529489815
thế thì nó lại tốt quá,0,0,0.00036466203164309263
với mình đoạn mấy thằng đỡ đẻ là hay nhất,0,0,0.00022542559599969536
mày xinh ghê vậy :d,0,0,0.00021501850278582424
lâu lắm rồi mới nghe lại bài này 😀,0,0,0.0002549191704019904
bình thương tao hay cười lắm . nhưng khi tức tên ... tao lại khóc . quá yếu đuối,1,0,0.00901600532233715
hmm hãy tưởng tượng nó là một chú gián xink xắm xoè cánh thiên thần bay đến ... 😞,0,0,0.0003209248825442046
em chân thành nên em tổn thương,1,0,0.0010513064917176962
ngày xưa hồi còn học mẫu giáo mỗi lần đi qua là nó rượt tao chạy té khói dume còn thiếu nước chạy lại quỳ xuống van xin nó nữa thôi . đến giờ nó vẫn là nỗi ám ảnh với tao :)),1,0,0.00028683821437880397
ko 1 từ nào để diễn tả bộ phim này ...,0,0,0.0004768430662807077
"per đó là lý do tại sao em luôn nói với anh , có gì cũng phải nói ra",1,0,0.0026281443424522877
xem video nay sao mà sướng hết thằng người,0,0,0.00020742634660564363
coi ảnh này nổi cả gai ốc,1,0,0.0003320671967230737
cưng chết,0,0,0.0026040992233902216
thề dume c còn hết hồn nói chi đến khách =)))) sáng sớm ra mở cửa với tối đóng cửa thôi độ gan dạ cũng phải tăng lên mấy chân kính =)))),1,0,0.0002398018550593406
"per trừ điểm , trừ điểm",1,0,0.0003657181514427066
"chị ấy cười với tao kìa chúng mày , hạnh phúc ghê 😊",0,0,0.0002396379568381235
lại đến giờ giải trí rồi mềnh ơiiii per =))))),0,0,0.00023226103803608567
nhìn thôi đã đau lòng,1,0,0.00031067270901985466
per có sub rồi nè . má coi đi coi lại vẫn mắc cười . với đưa anh stk đi,0,0,0.0002261463669128716
câu được chục con heo vàng chả được cái gì,1,0,0.00036329851718619466
thú vị vậy =)),0,0,0.00035017638583667576
ngày xưa đi học đạp xe qua cứ tưởng được quay phim đưa lên truyền hình :)),0,0,0.0002620141312945634
bằng tuổi người ta mình vẫn còn mải nghĩ chiều nay ăn gì 😢,1,0,0.0002903086133301258
các bạn nữ đập đầu vào tường chết hết rồi,1,0,0.00045146356569603086
cặp này lầy mà dễ thương,0,0,0.00023333265562541783
nhìn hói mà thấy thương gê ??,1,0,0.00023171956127043813
móng tay và tóc theo thời gian thì mọc càng dài tại sao chỉ có con chim là nó không mọc dài hơn nữa ta,1,0,0.00045858495286665857
cao quá cũng khổ chứ sung sướng đéo gì 😓,1,0,0.0003238110803067684
per một thời nè 😃,0,0,0.00022690075275022537
tôi ở phú yên và anh này nói rất chuẩn < 3,0,0,0.00035053532337769866
có đứa nào vừa coi vừa nuốt nước miếng như tao không ?,0,0,0.00037771821371279657
đó là 1 câu chuyện buồn,1,0,0.0004256144748069346
nó mà cắn ai 1 phát thì ... nghĩ thôi đã rùng mình,1,0,0.0003566774248611182
không phải thích của cải mà là thích ý chí của họ . đàn ông có chí tiến thủ bao giờ cũng quyến rũ,0,0,0.00031615738407708704
"có tài nhưng đôi lúc muốn làm diễn viên hài 🤣🤣🤣, khoái thanh niên này buồn cười vkl",0,0,0.00023407020489685237
siêu phẩm để đời .,0,0,0.0002738871844485402
đựng túi nilon là chất rồi 🤣,0,0,0.0004487977421376854
😭😭😭😭😭😭,1,0,0.0003504935884848237
đúng . biết là sự thật tàn nhẫn nhưng vẫn muốn biết rõ cho nhẹ lòng hơn :(,1,0,0.0005651169922202826
"nhỏ thấy qua 1 lần , nó bị cột ngay trước cửa nhà người ta ở trong hẻm , mỗi lần đi ngang qua là nó lại định lao tới cà khịa",1,0,0.0006057459977455437
per thần thái còn phải thua haha,0,0,0.0002583926834631711
per dã man,1,0,0.0002556357067078352
"ở nói chuyện ngoài hộ không khì thị về giới tính , họ cho được kết hôn . chứ họ không kì thị như ở việt nam mình hai người kia họ thật dũng cảm khi sống thật với giới tính của mình",0,0,0.0004939575446769595
tao đang chờ xem bà ấy được nghe nhạc ý mà hết video 🤣,0,0,0.0002599129802547395
"1 bộ phim phải nói trên cả tuyệt vời , xem đi xem lại cả chục lần rồi mà không ngán",0,0,0.0002126708859577775
tận cùng của tan vỡ,1,0,0.001920460956171155
làm kiểu không cần bẻ phê hơn =))),0,0,0.00029425552929751575
còn gì đau đớn hơn cảnh này :(((,1,0,0.00027140812017023563
tuổi thơ của tôi cũng từng có 1 người c . trai bỏ mặc tất cả để bảo vệ tôi 😘😘😘😘,0,0,0.0009368316386826336
per ông xã xem khúc nó kéo xe chở con chó nè :)) đọc bình luận hài hước ghê,0,0,0.00022472726413980126
đáng yêu như em tao ý . cứ mỗi lần nó quyết định ngủ ở đâu là nó lại đấu tranh tư tưởng 🤣🤣,0,0,0.0002515577943995595
không có gì là tồn tại mãi nhỉ,1,0,0.003686991287395358
nhưng tôi đéo có bạn trai thì phải làm sao ?,1,0,0.01594618707895279
giờ mới biết =)),0,0,0.0003372513747308403
cần gì những thứ xa hoa lộng lẫy đâu . dù chỉ 1 bông hoa nhưng đong đầy yêu thương nhắn tin đã cảm thấy đủ hạnh phúc rồi 😊😊😊,0,0,0.00031622310052625835
hồi bé bị ghiền mùi này :)))),0,0,0.0002862421388272196
may mà còn gỡ lại được 1 miếng sắt lớn của tàu hỏa nó bung ra nên bán đi cũng đỡ được vài đồng . kaka,0,0,0.00024133587430696934
"đẹp quá mày , còn không cho tao xin ít",0,0,0.0002639073063619435
:))) 1 phần của bài quyền là phải gẫy gậy và té sấp mặt luôn để đỡ bị đối phương đâm lòi phèo,1,0,0.0002833039325196296
chất lượng âm thanh bản này hình như nghe hay hơn bản gốc hồi mấy năm trước nhiều < 3,0,0,0.0002686510852072388
hay lắm,0,0,0.00022626756981480867
kết thúc 3 năm cấp 3 là khoảng tg đẹp nhất nhưng nó cho ta nhiều kỷ niệm đầy tiếc nuối 🤔,1,0,0.0002660382306203246
cái này chỉ sướng mấy anh đèo mấy em ngực bự đi đường này nẩy tâng tâng,0,0,0.00023035820049699396
ơ tao cũng học ông này hướng dẫn hay sao ấy :))))),0,0,0.0002466021978762001
anh em để tao hưởng trước nào,0,0,0.0004480727657210082
"giờ đây chúng ta , những con người của ngày ấy giờ không còn nữa ... những lời nói về mai sau nhưng ta đâu ngờ sau này chúng ta càng trở lên xa lạ",1,0,0.00046120057231746614
lâu lắc chưa xem lại !!! 😳. một bộ phim vừa ý nghĩa vừa hài hước ! 👍,0,0,0.0001920421200338751
e quê bg mà mùa vải còn không có vải mà ăn @@@,1,0,0.00026246323250234127
"kéo bấc mòn cả tay , ma nghĩ lai thấy nhớ thời đó nhỉ 😂😂😂",0,0,0.0002402153331786394
lấy vợ xong béo quá rồi . hình như ai cũng v à 🙃,1,0,0.0005831405869685113
đi học về thấy bán hoa đây đường mà cảm thấy tội cho bọn có gấu ... lại tốn tiền,1,0,0.0002883952111005783
"mọa , mình nhà thanh hóa mà đéo biết gì luôn @@ :((((",1,0,0.00022018127492628992
đám tụi tao đi chơi xưa nay đều dọn sạch đồ mình kêu hoặc xếp lại gọn một chút cho người ta đỡ dọn .. cái này là sự ý thức thôi …,0,0,0.00037070413236506283
xem không dưới 3 lần chia sẻ không dưới 2 lần nhưng mỗi lần nhìn thấy lại xem lại buồn,1,0,0.0002545281604398042
per năm nay 2 đứa quyết định ngồi hay đứng kkk,0,0,0.0004911166615784168
nắng cũng đã sắp tàn sao mà chả thấy em đâu ...,1,0,0.0003590589330997318
bình tĩnh vãi_chưởng =)),0,0,0.00031263192067854106
bà tao mất rồi :<,1,0,0.00028989676502533257
"đuma tao đang ở đấy nè , vừa đi vừa ôm túi sợ cướp :((",1,0,0.00029253828688524663
câu nói quá chuẩn và ý nghĩa 👍,0,0,0.00023061751562636346
một bình luận của người trong cuộc . đọc xong thấy ấm lòng cho per !,0,0,0.00022570797591470182
đã thử và rất thích thú 😆.,0,0,0.00033941149013116956
tao tưởng nó té cái đùng chứ . làm ngồi chờ mãi mỏi cả mắt,1,0,0.00033372300094924867
"mà hiệu quả bất ngờ quá , quá đỉnh .",0,0,0.00021699295029975474
cuộc sống mà =)),0,0,0.0008396171033382416
"nó gieo cho tao mầm hi vọng , hi vọng vừa chớm nở nó đạp xẹp lép sự hi vọng bằg sự lặng im",1,0,0.0005618170253001153
đề nghị admin xóa bài đi ạ . chứ bố mẹ em sắp đi chợ về rồi ạ :(((,1,0,0.0002398834767518565
mèo nhà tao cũng từng đi lạc vì bị chó rượt tưởng mất rồi . sau mấy tháng thấy nó trở về nhà mừng vãi 😁,0,0,0.00032926161657087505
chắc phát khóc mất 😭,1,0,0.0003372147330082953
chủ quán này xinh gái lắm nha !,0,0,0.0002316320751560852
nghe bài này nhớ nyc vãi,1,0,0.00021855357044842094
lúc rài không gặp được mặt cờ rút nữa 😪,1,0,0.0002603832399472594
tao phải công nhận là nó giỏi vãi . từ đứa diễn đến đứa quay và edit video .. giỏi vãi 🤣,0,0,0.00022881953918840736
cười đau bụng :))),0,0,0.0002596281701698899
tê tê phê phê sung sướng vãi 😌,0,0,0.003915600478649139
tao có hiểu đéo gì đau,1,0,0.03500340133905411
rồi nhận ra chỉ mình là cảm thấy như thế thôi hả :(,1,0,0.0004587852454278618
thôi mình nói đùa đấy :(,1,0,0.00027718691853806376
thiệt là dễ thương quá đi mất . 💕,0,0,0.0002795579785015434
ghê quá đi,1,0,0.00043874201946891844
"thương tra ̀ o nươ ́ c mă ́ tao ... cuô ́ i cu ̀ người thi ̀ ban la ̃ nh đa ̣ o bă ́ c ninh đa ̃ lên tiê ́ người giu ́ p đơ ̃ ca ́ c be ́, du ̀ qua ́ muô ̣ n @",1,0,0.00026953878113999963
cha mẹ tao còn cãi lộn nhau vì không biết ngày sinh tháng sinh của tao là dương hay âm 😢😢,1,0,0.000527949770912528
per đã nhẫn nhịn lắm ... đến khi con sen tao cứu tao thì tao đách có sợ đâu nhaaaaaaaa 😂😂😂,0,0,0.00044477934716269374
"có bao nhiêu đôi ngôn tình , cớ sao lìa xa mình ta :((",1,0,0.00026032465393655
dăm ba chuyện hẹn hò có gì hay ho 😌 nhưng mà thi thoảng có dăm ba cái chuyện này cũng hay 🙂 tóm lại xem để giải trí đỡ buồn cũng tốt 🙂,0,0,0.0002440284297335893
lâu quá rồi mới nghe lại bài này . từ lúc ctay mối tình đầu :((,1,0,0.0002294082660228014
bị bắt nạt im re hà hiền khô luôn thấy tội nghiệp ai dè tới chừng ...... ha ha ha,0,0,0.00029337534215301275
dể thương quá ah,0,0,0.0002423538826406002
chị em mình giờ nói ít thôi haha,0,0,0.0003041437885258347
không biết nói sao ... nghiện chuẩn mẹ rồi ... crush ợ . mà nó nhẫn tâm lắm hồi trước còn hay call video . từ hôm tao cạo trọc y như là mất tích luôn . chắc phải để tóc mọc lại tao mới dám gọi . 🤭,0,0,0.0002425755956210196
con dang yêuc qua ha,0,0,0.000426757731474936
pháp luật là bạn của nó rồi anh ah vì quen anh anh chị b trên quận ah nên em cũng sợ lắm ah :-(,1,0,0.000280115898931399
con lai xinh phết ??????,0,0,0.00023564485309179872
muốn được đi một lần 😆😆😆,0,0,0.000692506437189877
đm tao biết trước cả sự việc kiểu lìn gì cũng có nhện nhảy lên màn hình . vì mấy năm trước cũng có 1 thể loại giống như vậy . đm hú nhồn,1,0,0.00036348612047731876
t thích nhìn mắt của crush hơn là nhìn nó cười,0,0,0.0004225598822813481
hihi : chúc mừng đại kỷ nguyên có lắm người yêu,0,0,0.0002395616756984964
cần lắm những sẻ chia . cần lắm những thấu hiểu,1,0,0.0008193994872272015
làm ở đâu không quan trọng . quan trọng là có chị em tốt để tạo nghiệp :)))),0,0,0.0003628177510108799
hơn cả bộ phim kinh dị !,1,0,0.0003656508633866906
ngồi nhìn nó ngủ cũng thấy dth vler đừng nói cười 😌,0,0,0.00038014614256098866
"kết nhất cái điệu "" xời quá là điều bình thường luôn """,0,0,0.00021437101531773806
hời ơi ... cưng xĩu,0,0,0.00021155127615202218
"thích chị này nhất phim í , bé bé xinh xinh lại diễn rất đạt :3 . hy vọng mai sau sẽ có bước tiến lớn và thành công hơn nữa < 3",0,0,0.00020143453730270267
nguy hiểm,1,0,0.0009597085299901664
per giờ thằng gù nhà thờ chạy đi đâu đây :(,1,0,0.00045833122567273676
haiz nuôi được nuôi không thì thôi chứ nuôi mà để v coi được haizz,1,0,0.0002842183457687497
lương cũng sắp về rồi 😉,0,0,0.0004519954090937972
mình đã về đến nhà an toàn hihi,0,0,0.00026640144642442465
trồi ôi bài hát đỉnh caooooo,0,0,0.00031590551952831447
per anh tặng vợ cái bát nha kaka,0,0,0.00022090713900979608
boss mắc bệnh nghiện vợ 🤣🤣😭,0,0,0.00025563815142959356
vì tao hay bị chúng nó chọc nên thấy buồn,1,0,0.0004503220261540264
ko biết crush bây giờ có ở nhà không nữa 😭😭😭😭,1,0,0.0002823703980538994
per đem rác về nhà vứt luôn haha,0,0,0.00025470583932474256
xem xong tao đã khóc rất nhiều,1,0,0.00047973034088499844
"nước mắt tự trào ra , thật sự rất cảm động 😢",1,0,0.0005157390842214227
không hiểu sao đoạn này rất kích thích trái tim hủ nữa của tao =)))),0,0,0.0002565997710917145
nhìn cái muốn cong :d,0,0,0.00032152971834875643
mới gọi điện thoại xong mới cười với tuii xong heheh anh đáng yêu vãi,0,0,0.00021613255375996232
đi đường buổi đêm nhìn thấy hãi vãi ??,1,0,0.0010239641414955258
"có ai lần đầu bắn kéo ngược ra phía trước đạn bay vào mặt giống tao không , đau điếng",1,0,0.0002765557437669486
đôi khi có tiền cũng không đi được đâu vì đéo có ai đi cùng,1,0,0.0029414629098027945
cưng quá,0,0,0.00026808155234903097
khi cô đơn lòng em nhớ ai :((,1,0,0.00046615395694971085
"cha quay phim cũng không phải dạng vừa , mẹ diễn viên thần thái vãi",0,0,0.00029732054099440575
"1 câu mà người ta hay nói , đắng như vị đời 😌",1,0,0.00032170876511372626
mẹ tao cũng thix em này 😅,0,0,0.0002568251802586019
rất ghét phim ấn nhưng phải nói phim này hay 👍,0,0,0.00023163958394434303
tôi trưởng thành vclll,0,0,0.001002948498353362
hy vọng sẽ mau tìm được anh người yêu thật tốt để 5 năm sau có một gia đình như vậy ❤️❤️,0,0,0.0003219091740902513
thực ra chủ nó cũng bẩn vãi :) vầy quá kinh dị rồi :),1,0,0.00026130140759050846
cuộc sống là cho đi ❤ đôi khi chỉ cần được thấy họ cười là bản thân thấy vui rồi ..,0,0,0.0004448136896826327
cực kì bản lĩnh lẫn liều lĩnh,0,0,0.0002782046503853053
tôi còn chẳng lấy ảnh lớp cho nữa,1,0,0.0003694274346344173
nấu cơm như vậy xong đi lên nhà xem hoạt hình .. đến lúc hết phim xuống để xới cơm thì .... khét lẹt,1,0,0.0003364858857821673
tớ có thấy con ngáo đấy nhưng không dám lại sờ huhu tt,1,0,0.0003951042890548706
muốn share về mà sợ bị bạn nè phẫn nộ quá,1,0,0.000318188191158697
kiểu lâu lâu cũng không được nhắn tin cho ai như thế nên cũng muốn tình cảm xíu =)))) biết đâu,0,0,0.00029514613561332226
tao tháy gái nguy hiểm vãi,1,0,0.0004677728284150362
câu hỏi thú vị 😃😃😃,0,0,0.0003501934406813234
đcm ác mộng,1,0,0.0003354275249876082
xem phát khóc mẹ luôn 😭😭😭,1,0,0.00022451204131357372
"per nhớ ngày xưa gần nhà mày có đàn ngỗng , tụi khốn nạn đó toàn đi dàn hàng ngang chắn hết đường hết lối , mỗi lần tao đạp xe qua là rượt tao gần chết :v ám ảnh vãi",1,0,0.0002736415481194854
crush của tao đi làm rồi . hihee . sáng mai mới về cơ 🤣🤣,0,0,0.00027376238722354174
dễ thương 😂,0,0,0.0003255643241573125
khổ thân vãi :)) xong bà lườm luôn :)),1,0,0.00027483829762786627
có con gái thật tuyệt ! 😍,0,0,0.0002611420350149274
"nhạc buồn quá . bài này là bài "" chia tay trong chiều hoàng hôn nắng úa màu "" - justin bieber cho bạn nào chưa biết nhé . :'(",1,0,0.00021468357590492815
mày giận lại tao hả tốt quá bố mày được đi chơi game rồi . tối về dỗ nó sau . chờ mãi câu giận của mày :)),0,0,0.0002503146533854306
đag bị cuồng mấy video của chế này . ai có ngoài video này tag cho mình xem với nhé 😂😂,0,0,0.00022536455071531236
nhìn dáng đi mà nhớ ông nội 😞,1,0,0.00023926535504870117
per hihi nhớ không,0,0,0.00031440172460861504
3 giờ sáng nằm xem xong khóc miên man 😢😢,1,0,0.00043692896724678576
đm trí tuệ vãi,0,0,0.0002727193059399724
"sau khi kết hôn , anh sẽ thuê người giết cô để hưởng trọn tiền bảo hiểm 😌",1,0,0.000513874227181077
"đó là lý do tại sao tao chẳng bao giờ đi hùa mấy bài bóc phốt , xem cho vui rồi lướt thôi :))",0,0,0.00031718413811177015
t phải tìm bạn trai là nhiếp ảnh gia mới được 😆,0,0,0.00033408711897209287
hình như anh nay đóng phim ngây ngô thì fải ... phim đó hay lắm các bạn nên xem,0,0,0.00020168705668766052
cảm thấy bị tổn thương,1,1,0.9983043670654297
động lực của phan con gái,0,0,0.00047187329619191587
anh ấy không thương tao,1,0,0.0007254387019202113
ha ha ❤️ chất lắm,0,0,0.00021362524421419948
yêu chết đi được .,0,0,0.008406257256865501
một cách bán hàng nta gọi là đẳng cấp,0,0,0.0009144917130470276
cute vậyyyyy,0,0,0.00039793705218471587
"bắt cóc như chơi đó mậy , be careful",1,0,0.00025710422778502107
xem đi xem lại vẫn hay ;)))))),0,0,0.00021672727598343045
không biết s chứ ngày lúc 17t tao đi phục vụ phòng karaoke ... mình tao 2 phòng chạy qua chạy lại mệt quá vì xỉn ... kkk . thế là tao nghỉ trong ngày đầu vào phục vụ karaoke .🤣🤣🤣,0,0,0.0002863717672880739
nghe quả tên nó đã khét vãi rồi . :))),0,0,0.00029449997236952186
cho nó cắn phát xem có thành spider man không 😂,0,0,0.00033132664975710213
nó ốm nhom thương ghê :(,1,0,0.00022449917742051184
trẻ trâu việt nam thật đáng sợ,1,0,0.0002641330938786268
per hóng phim này dụ dỗ mọi người xem tiếp nè anh :v,0,0,0.00021012139040976763
cíu tao khỏi hai tên đồng nghiệp bị crazy huhu,1,0,0.00028295465745031834
tuổi thơ mình lớp 4 đã cảm nắng 1 anh chàng từ 1 viên phấn vôi .,0,0,0.0003599937481340021
"per chưa bị rượt mà đọc bình luận thấy sợ quá , chắc tao sợ chó không là gì với con này :)",1,0,0.0002485946170054376
người ta có bạn bè nhìn vui thật,1,0,0.00024084326287265867
"đã dùng , nhớ quá ngày xưa",0,0,0.00027704660897143185
tiền mất tật mang . xe đã nát rồi giờ còn phải đền cách cửa cho tàu nửa,1,0,0.0003424806345719844
người gì đâu mà đẹp trai hết sức !,0,0,0.00027702603256329894
"haa ... haa ... ! đúng là có thay đổi lớn ! ngồi nhâm nhi ly cafe , phì phèo điếu thuốc nhìn thiên hạ cũng vui kkk ... !",0,0,0.00026098222588188946
"tao toàn thế giận tao tao dỗi lại , lại phải dỗ tao . hahahaha",0,0,0.0002523947914596647
lại công cốc rồi . cả thế giới kì vọng,1,0,0.0022439463064074516
ước gì tôi cũng được kiên trì như anh ấy để dạy con gào mất nết nhà tôi 😪,1,0,0.0004486527177505195
lạy ông nào nghĩ ra kịch này !!!,0,0,0.00026964774588122964
đứng trước mặt nó tụt quần ra auto hết giận,0,0,0.0002922659332398325
công nhận 😌😌😌 đồng nghiệp hạp hạp tí có khi ngồi buôn cả ngày bám hơn cả bám người yêu . đi làm hôm nào cảm thấy hôm đó ý nghĩa vãi,0,0,0.0003170520649291575
chủ thớt sấp mặt rồi,1,0,0.00037801702274009585
ngày ấy cũng từng như vậy ☺️,0,0,0.0003306006547063589
quan trọng là đỉnh ^.,0,0,0.0014368349220603704
"mình chưa từng thấy phim nào ý nghĩa như phim này cả , nó dạy cho ta về nhiều mặt trong cuộc sống , khi vui , khi buồn",0,0,0.00026265319320373237
tính ra con bé đó chuyên nghiệp ấy chứ,0,0,0.0003121438203379512
những người thả phẫn nộ xứng đáng là thiên thần . dăm ba cái yêu đương vớ vẩn . ahuhuhu,1,0,0.0002569870848674327
"per anh nào nhắn vậy là tao yêuc luôn đéo suy nghĩ , ngọt vãi",0,0,0.00026271931710653007
đm cười ĩa,0,0,0.00038852516445331275
nhớ tới mối tình đơn phương !,1,0,0.0002811848826240748
mỗi lần có video của con là cứ coi đi coi lại hoài . cưng con quá .,0,0,0.00022335715766530484
là do bản thân tao ngu thôi,1,0,0.0006522944895550609
per đã hiểu tại sao thằng bạn mình đam mê gym .. thì ra đây là nơi nó được sống thật với giới tính của mình ..🤣🤣🤣,0,0,0.0004155015049036592
"3 idiots , bộ phim rất đáng xem",0,0,0.0002067252207780257
"cái quá phơi lúa xong mưa , tao đang cười vì bà béo thì phải ngậm mồm .",0,0,0.0002632403338793665
nhà tôi còn nè,0,0,0.00031880519236437976
"mấy anh làm video đầu tư ghê , nội dung diễn xuất hay",0,0,0.00019255255756434053
"kinh nghiệm được truyền lại là khi nào nấu xong bỏ tí "" tro "" vào lần sau không phải nấu 😊",0,0,0.0006201742799021304
"đó là 1 câu chuyện buồn , tao không có bạn trai hix hix",1,0,0.00032043602550402284
haha . dễ thương gê 😊😘😘,0,0,0.00021498158457688987
"đúng vại , với ai nó cũng tỏ ra như thế . hihi 😂",0,0,0.0002999893913511187
hạnh phúc phát khóc,0,0,0.00044221512507647276
ông thần tài cũng không dám ăn luôn,1,0,0.00034712516935542226
thương quá . géc nhất những người nuôi chó mà không chăm ... tội cho kiếp em nó gặp phải 1 người chủ như vầy . thân thương !,1,0,0.0002472107298672199
"hồi nhỏ hay bị ngỗng rượt , vừa chạy vừa khóc la 🤣🤣",1,0,0.0003393241495359689
1 câu chuyện buồn :)) khuôn mặt biểu cảm :((,1,0,0.0002998069685418159
đúng là tốt quá lai thành lạm dụng 😶,1,0,0.0008954991353675723
ngô ̀ i đo ̣ c bình luận chu ́ người no ́ tag người yêu va ̀ o ma ̀ sô ́ người mu ̃ i la ̣ i cay =)),1,0,0.00024036380636971444
hôm qua tao cũng xem chục lần :))) bài đếch gì hay vãi :)))))),0,0,0.00024129559460561723
cmt thế thôi chứ thật ra còn trả dám ấn vào video để xem . đời tao tởm nhất là lũ nhện mà hay gặp vãi :((((,1,0,0.0002402506215730682
tưởng mai đi họp phụ huynh mới bị u ám . ai ngờ hôm nay mới biết điểm anh 9 . 5 thôi đã u ám rồi :),1,0,0.00025139813078567386
cả tết được có 400k :(,1,0,0.0005274729337543249
xem xong thấy buồn quá,1,0,0.0002247324155177921
mai đến phòng đi tập luôn,0,0,0.0003646954137366265
per ông đó có đôi mắt đẹp ghê,0,0,0.00026335907750763
tao đéo ghê con rắn tao ghê mấy cái trồi lên kìa :))),1,0,0.00026330759283155203
"mới đầu mày sẽ thấy vui , từ từ nó quậy cho mày ????",1,0,0.0004691698995884508
tanh bành cuộc đời rồi,1,0,0.0010238377144560218
cảm giác vừa uống cà phê vừa hát mỗi ngày bình an lắm,0,0,0.0002608185459394008
dm . đồ dạo này lắm tạp chất hay s í nó đéo phê nhg mà vẫn bị ngáo,1,0,0.00024109323567245156
đến giờ tao vẫn chưa biết biển là cái gì ad ạ .,1,0,0.0005689089884981513
là đi phát tờ rơi ngay mấy ngã tư và cổng trường đại học ! được 200k về mua skin yasuo siêu phẩm 2016,0,0,0.00023056738427840173
có ai xem xong không sợ với không giật mình như tao không @@,0,0,0.000325936998706311
nổii da gà hic,1,0,0.0002555418759584427
bạn trai người khác không bao giờ làm tao thất vọng =))))),0,0,0.0003081994072999805
cám ơn các anh,0,0,0.0002390378067502752
tuyệt thật,0,0,0.0003133862919639796
crush bị thịt hay không không quan trọng . t chỉ sợ vợ tao đang bị thg nào đó gạ địt thôi . nghĩ mà buồn,1,0,0.00028389014187268913
per có nên áp dụng với anh hàng xóm không nhể 😆😆😆,0,0,0.00045475829392671585
t chỉ sợ cảnh đấu kiếm :((,1,0,0.0003501517348922789
bà của tôi đã không còn khi tôi còn chưa biết gg là gì,1,0,0.008754482492804527
"mỗi ngày đi làm về , tôi không vội vào thang ngay mà thường ngồi sảnh tầm 20p chỉ để ngắm gái xinh cùng tòa 😆.",0,0,0.00042341285734437406
đau còn hơn tỏ tình bị từ chối per,1,0,0.0008530363556928933
khổ thân em nó . ??,1,0,0.0003867257619276643
nhìn đoạn ổng tránh nó cắn mà nhảy tưng tưng rất chi là điệu nghệ và mang trong đó cả sự tấu hài nữa 🤣🤣,0,0,0.00022639830422122031
per cười tức bụng nà vợ 😄,0,0,0.0002708641695789993
hôm nay thật tệ :((,1,0,0.00035371098783798516
người ta đỗ giữa 2 cửa thế kia là rất ý thức rồi,0,0,0.00029086298309266567
nhìn mặt con chó tội vãi,1,0,0.00031738352845422924
đã khóc . cha mẹ là người luôn yêu thương minh nhất,1,0,0.001750524970702827
nó lại hợp lí vãi :v,0,0,0.00027862805291078985
may nó không đâm cho lòi ruột,0,0,0.0004728305502794683
và người đó đang ở nơi đâu về với em đi . đợi người rồi người sẽ đến chứ ?,1,0,0.00035417507751844823
"tui ở tuy hòa , phú yên mà chả nhận ra luôn .",1,0,0.00035860788193531334
con thương ông quá,1,0,0.00038536899955943227
mặt ô kia khát nước nhìn buồn cườ thế 😂😂,0,0,0.0003042916941922158
e vừa bị điện cao thế giật hôm 17 chạp . bh nhìn cái ông này mà sợ .,1,0,0.00029311279649846256
hihi lâu lắm rùi mới thấy nó,0,0,0.00047462194925174117
"phải chi có ai đối với tao như này ha . nghĩ lại , mình không bằng cả chó . aiyo ....",1,0,0.0005920770927332342
"như đi hiến máu chẳng hạn :3 , suýt thì được gặp :(",1,0,0.00033501110738143325
"thương các bác quá , vất vả 10 năm trời mà bị như vậy 😭",1,0,0.000252221361733973
cưng quá trời luôn,0,0,0.00023790098202880472
mua con lợn 5 chục lì xì được có 40 nghìn mất thời gian tốn cả tiền bạc 😂,1,0,0.00038595066871494055
đã từng xem em là tất cả . mỗi khi mỏi mệt về thấy em và con cười là anh hạnh phúc rồi,0,0,0.0003709816955961287
đầu óc đến giờ vẫn còn nặng và đang né tránh mọi người .,1,0,0.006027711555361748
per bit cái nay không . hihi,0,0,0.0002811768208630383
tội em vợ thế :(,1,0,0.0002670924295671284
tôi từng được sống . nhưng đấy là truyện của năm ngoái rồi,1,0,0.0035894799511879683
per không biết còn nhớ tên tao không nữa 😑,1,0,0.0006094559794291854
"hồi lúc tao ăn lạp xưởng mắc xương , nói mà cũng đéo ai tin . tao hiểu cảm giác của mày lắm ?",0,0,0.0004039478371851146
"cái đáng nói là chủ không có thương , dòm em husky này ốm nhom , mắt lờ đờ thấy tội lắm",1,0,0.00027614261489361525
nhìn em mà thương roi nói chuyện mắt,1,0,0.00032042013481259346
hu hu đã bị chụp,1,0,0.0035179900005459785
:)) bật nhạc lên và quẩy thôi,0,0,0.0002524017763789743
"chuẩn . tao mà chơi hoặc làm việc cùng bọn con gái tính công chúa một thời gian thì tao ngày nào cũng sờ troét , sau đó bị trầm cảm .",1,1,0.9959644079208374
aii may mắn thì có vị ngọt còn aii thiếu may mắn thì họ chỉ toàn gặp những vị cay vị đắng của đờii :)),1,0,0.0003139242762699723
lúc đấy là mình mình cũng lắng liền rồi chắc trào nước mắt mất,1,0,0.0003993946884293109
mới ho mà đã như thế nào thì lấy chồng chắc sống trong bệnh viện cả đời mất thôi,1,0,0.0005392293096520007
chạy ngay đi 😒 trước khi bọn chủ tịch vào đây và giả làm con cặc gì đó rồi bị coi thường và chúng mày phải nhận cái kết đấy !!,1,0,0.00037805698229931295
tao dễ thương nhưng vẫn ế đây này mơ mộng ít thôi,1,0,0.0003803873551078141
"ngày trước đi mua cái này cho chó của đứa bạn thân . mà 2 thằng thử xong phê quá quyết định mua mỗi đứa 1 cái , và chó 1 cái :))",0,0,0.00028233727789483964
bản thân quá hạnh phúc khi trong cs này rất . rất nhiều người mơ ước được như mình hiện tại . 😊😊😊,0,0,0.0006498294533230364
h chỉ pk nhìn họ bên người khác :((,1,0,0.0004461037169676274
per =))))) hahaaaa,0,0,0.00027607602532953024
đau lòng lắm khi tối nay chồng tương lai của tao lại cống hiến sức lực để chăm sóc vợ thằng khác ..,1,0,0.0003335069923195988
per về xem anh :v đái ra quần chuẩn mẹ rồi,1,0,0.00023561743728350848
mày không được ăn đồ chua nhưng phòng toàn xoài chua :(,1,0,0.00040335371159017086
phim này rất hay . tình cảm nhẹ nhàng . toàn zai đẹp . hehe,0,0,0.00019879305909853429
khi nhỏ còn bị nghiện mùi khói này nữa chớ . 😄,0,0,0.00030003770370967686
"vietcombank 1 tháng trừ hết 22k phí inter với mobile banking , dù tháng đó kau chả xài tới cái nào :((",1,0,0.0002689237298909575
per =)))))) hít đi cho no chứ mắc công lại chửi tao không biết điều giở trò trước mặt cẩu fa như mày :),0,0,0.0002394184994045645
dume cười muốn chết người ta ~~,0,0,0.00027146528009325266
why ???? ai đã cướp boss 6 múi của tao vậy 😭😭😭😭,1,0,0.00026787506067194045
"đã từng nhưng 10 năm về trước cơ , buồn ghê",1,0,0.000281556393019855
"giỏi mà 😁, đúng là thằng tây duy nhất ở vn học tiếng việt mà giọng tuy hoà ( giỏi )🤩",0,0,0.00020692084217444062
"có hôm nó lo đọc cho mình nên không chép kịp bài , cô giáo bắt phạt đánh đòn cả hai đứa . năm sau bạn í chuyển trường mất , nhớ bạn quá !",1,0,0.0002616940764710307
per đợi rụng răng rồi anh tặng quà cho em luôn háy . hhha,0,0,0.00022998402710072696
tìm mọi lí do để có thể chạy xe ngang nhà nhìn nhà nó phát xong cười mãn nguyện đi về :)),0,0,0.00026238785358145833
phận làm trai nào sung sướng gì 😂,1,0,0.00044895088649354875
buồn cho 1 đất nước .,1,0,0.0003379104600753635
"per 2 con hay cap màn hình nhất thế giới , nói chuyện với nhau toàn cười ỉ 🙄🙄🙄",0,0,0.00020987889729440212
hy vọng mọi điều tốt đẹp sẽ tới,0,0,0.000702669087331742
có ai xem đi xem lại như tao mà vẫn cười đéo nhặt được mồm không ạ :)),0,0,0.0002525888558011502
cứ thấy nó là ăn không còn xác thì lấy gì chúng kịp phá . nhìn thèm ứ chịu được 😔😔😔,1,0,0.0003369675832800567
nản kèo vãi,1,0,0.000386119558243081
vì yêu người khác nên biết là ngu nhưng vẫn làm :(,1,0,0.00043814454693347216
nhỏ nhặt nhưng ý nghĩa và hạnh phúc 😊,0,0,0.0002866556169465184
chúc trump chuyến bay thật may mắn nhớ tới thăm hà nội nhé xin chào,0,0,0.00024870794732123613
chắc kiếp trước gieo nghiệp kiếp này phải gánh thôi,1,0,0.0004899743944406509
"ôi mệt quá , một ngày buồn tẻ",1,0,0.0036003636196255684
"thôi không níu giữ kí ức xa vời , và chẳng bao giờ thuộc về nơi em",1,0,0.00048202177276834846
có cả chiêu của per trong đấu trường thú nè :))),0,0,0.00028149355784989893
chẳng hiểu sao tao cười sặc sụa,0,0,0.00030124239856377244
địt mẹ đời tao,1,0,0.0012679785722866654
đúng là nhân tài luôn ở khắp mọi nơi kkkk,0,0,0.0003319251409266144
có tiền chưa chắc đã ngọt nhưng nếu không có tiền chắc chắn là đắng .,1,0,0.0005398559151217341
per có thằng bị tao bắn từ đó không thấy họa mi hót nữa luôn,0,0,0.00030681968200951815
khuôn mặt đáng thương,1,0,0.0002628197835292667
kinh khủng thật :((,1,0,0.0003224131651222706
mày lấy sỏi xếp thành tên dume khôn như tao này .,0,0,0.0002666123036760837
tao thì muốn là đéo bao giờ . nhưng mẹ tao thì muốn ngay bây giờ 😢,1,0,0.0006525599164888263
em vẫn nhớ cái bếp này kkk,0,0,0.0002891727490350604
có ai không sợ nhưng giật mình như tao không :) dumehuhonchimen,0,0,0.000510784680955112
diễm quỳnh haha em không biết,0,0,0.00024010680499486625
clm đêm rồi tha cho tao 🙂 tao đéo muốn chạy xuống dưới nhà hoặc là nhịn đến sáng mai đâu 🙂 con gì thì con kệ mẹ 🙂 đừng nhắc đến nhện 🙂,1,0,0.00038850444252602756
"hí hí . tiến sĩ cừu , thạc sĩ cừu ... chẹp chẹp 😃",0,0,0.0003076090360991657
chưa khi mô biết cảm giác đi nhởi trung thu với người yêu như răng,1,0,0.0006558278691954911
khá quá nhể :))),0,0,0.00021690732683055103
tình anh em thật đáng khâm phục 😍😍😍,0,0,0.00024585751816630363
ngày trước mình qua singapore cũng vậy . dư hành lý 2 chi em mă ̣ c 4 bộ lên người kkk,0,0,0.0003604515513870865
cứ sợ rớt điện thoại :)))) sợ nhất là lỡ khúc nào khó là té không thể tả nổi,1,0,0.00024377684167120606
"ôiii vãi , dume nhìn thôi tao đã sợ rồi . từ nhện nhỏ đến nhện to không con nào là tao không sợ :((",1,0,0.00023931145551614463
chủ như này lại chăm làm vãi =)),0,0,0.00026710311067290604
per nhìn nó gớm những vẫn khoái coi . thú vui biến thái dễ sợ,0,0,0.00025008138618431985
âu cũng là kiếp người . tại sao ông trời lại đày đoạ con người ta đến như vậy,1,0,0.00041030728607438505
"per hồi học đại học , điện hỏi xin tiền bố , bố ra ngân hàng gửi tiền rồi điện em hỏi stk rồi hỏi "" tên mày là gì ??"" 😭😭",1,0,0.00031633436447009444
"tao cưới rồi , cưới nữa cho vợ tao chém tao chết à",1,0,0.0004649154143407941
gì mà ghê vậy 😑 sởn gai ốc,1,0,0.00025091826682910323
moá . tao muốn chết quách cho rồi,1,1,0.9989400506019592
nói thật :)) tao chỉ buồn cười khi chúng nó chia tay thôi :)),0,0,0.00027939467690885067
"những hành động đẹp , đáng được trân trọng , và sẽ được lan tỏa ở mọi nơi , thật tuyệt vời 😍",0,0,0.00022459535102825612
nhìn mà nổi hết da gà,1,0,0.0003022818418685347
:v tới đây đi anh chịu trách nhiệm cho :v,0,0,0.00024467380717396736
chúc bạn thành công < 3,0,0,0.00022289465414360166
"per lại nhớ chiều nay , buồn cười sấp mặt luôn . :v dù mệt nhưng ngày nào tan làm cũng muốn được đèo đưa đi ăn kem , ăn đồ chua , ăn miến trộn như hôm nay cerrrr :v",0,0,0.00024419231340289116
"thấy bảo sang năm được tủi , nhưng mà năm nay vẫn chưa có người êu",1,0,0.00035439326893538237
"khổ thân người dân , trước dự án cao su là dự án cà phê , làm thêm dự án nữa coi như một đời bỏ phí",1,0,0.0003168356779497117
trong mv mà có tao đứng dưới mưa nữa thì buồn phải biết,1,0,0.0002677346346899867
đố ai định nghĩa được tình yêu . có khó gì đâu một buổi chiều . nó chiếm hồn ta bằng nắng hạ . bằng mây nhè nhẹ gío hiu hiu 👏,0,0,0.00039906054735183716
sợ nhất con quỷ này trên đời,1,0,0.002430057618767023
tự hào ngồi mâm dưới,0,0,0.00043273248593322933
10 đứa bạn thì có 9 đứa là con trai rồi . sau nhiều năm kinh nghiệm thì chơi với nhiều trai thì sẽ bị ế muôn đời muôn kiếp . haizaaa ...,1,0,0.0002847130526788533
"làm bác sĩ sướng thật , bảo cở là cởi , bảo cưới là cưới . lắc đầu cái là cả nhà khóc .",0,0,0.00024706299882382154
đầu mùa chua chua ăn ngon vãi_chưởng . thích vải lắm luôn . trong khi nhà toàn nhãn .,0,0,0.0002984204329550266
chị ấy được đào tạo qua lớp người nhện bắn tơ nên không biết sợ 😂😂😂,0,0,0.0007252766517922282
xem mà cuối phim thấy tội chị ma nữ 😂,1,0,0.00022177745995577425
😐😐 phê hơn lá chuối,0,0,0.00022843849728815258
bên đây thấy yên bình hơn nhỉ,0,0,0.0002987232874147594
cần lắm những nhà tuyển dụng như vầy :)))),0,0,0.00025767702027224004
một giây rung động con tim :))))),0,0,0.00027760851662606
nhìn giống hai anh đang tỉnh tò với nhau ghê ( mình là hủ đừng ném đá nha 😅😅😅),0,0,0.0002533022197894752
chúng ta thật hạnh phúc và luôn đi chung với nhau suốt chặn đường dài rồi đó nà ?,0,0,0.00027780281379818916
mong bé sớm được mua lại,1,0,0.00031713341013528407
sao lại bất công thế,1,0,0.0004493747837841511
"một lúc nào đó chúng ta sẽ không nói chuyện nữa , lúc đó có lẽ em thật sự đã buông bỏ được rồi ...",1,0,0.0011555198580026627
học xong 12 như hết thanh xuân có lẽ phải bỏ lỡ 1 người,1,0,0.0002600408624857664
"cv không áp lực , môi trường xung quanh mới dễ tạo áp lực",1,0,0.0027250514831393957
"ngày xưa có đĩa phim này . bố đi công tác về thấy cái đĩa tên là "" cô dâu 15 tuổi "" . má ăn chửi sấp mặt ...",1,0,0.00024935376131907105
per bị chì chiết từ 6h sang đến 23h phia . vẫn sống vui 😊😉,0,0,0.00030586638604290783
e thắc mắc là cố gắng 1 năm mà rủi ro khách hàng hay bên nhà sx dây không cảm động là ăn cám ạ 😌,1,0,0.0004407650849316269
cưng xỉu ~~??,0,0,0.0002899061655625701
chắc là uncrush thôi . bố mẹ thì còng lưng ra làm cho con đi học .,1,0,0.0003785335866268724
và sếp tốt có thể giúp ta vui vẻ từ sáng thứ hai cho đến tối chủ nhật 😀,0,0,0.0003518630110193044
hay lắm chàng trai trẻ,0,0,0.00019850910757668316
"đang coi thấy nghi nghi , tắt vô xem bình luận , đoán ngay là sẽ giật mình , nên thôi không xem nữa haha , dễ gì bị dụ haha",0,0,0.00031294176005758345
chưa bao giờ b đến đích là gì cả,1,0,0.0009238106431439519
không cướp ở đâu đi cướp ngân hàng của nhà nước 🤣🤣🤣🤣,0,0,0.0003678761422634125
nhiều lúc sợ bị pê đi,1,0,0.07376203685998917
dù thời tiết nóng bức ... nhưng ăn vải vẫn là ngon nhất,0,0,0.0006084017804823816
bà tôi giờ mất mấy năm rồi giờ lớn lên rồi mà chả tặng được bà món quà nào cả 😭😭😭,1,0,0.00027935337857343256
chỉ mong thương nhau đến đầu bạc răng long . vậy là đủ 👌,0,0,0.0003740273241419345
éo biết sai hay đúng nhưng thanh niên này chất .. bản lĩnh bình tĩnh !!,0,0,0.00021264856331981719
"fa lâu năm có biết 14 / 2 hay 15 / 2 là ngày gì đâu , chỉ biết là ngày đi làm về và rất mệt",1,0,0.00036691190325655043
nụ cười của crush kích thích vãi :)))))),0,0,0.00022692694619763643
tao cười tao ỉa =)))))) hâhhahhahahahaha,0,0,0.000286276510450989
cái cảm giác nhìn người thân mình khổ còn mình lại chẳng làm được gì giúp .,1,0,0.0029984330758452415
may mình đi làm rồi chứ 10 năm trước chắc sẽ phát khổ với bố mẹ vì mấy tin con nhà người ta như thế nào,0,0,0.0003773737698793411
"moá nó , cười đau hết cả ruột",0,0,0.00025351360091008246
tuyệt vời quá cần nhiều tấm lòng tốt hơn nua thật là ý nghĩa,0,0,0.00022982359223533422
"tên của tao nghe rất bình thương , không có gì đặc sắc nên nhiều khi nghĩ cùng buồn tẹo .",1,0,0.00039765547262504697
nhanh lẹ hiệu quả cao 😂😂,0,0,0.00025319113046862185
được đấy tao thích,0,0,0.0003014329122379422
"chúng ta những tháng ngày sau đó vẫn gặp nhau , vẫn nói chuyện nhưng không phải những cô cậu của hồi c3 nữa . chúng ta đều khác",1,0,0.0004783656622748822
tao còn độc thân này :((,1,0,0.00099785509519279
"ám ảnh vãi :)) hồi bé tao với chị tao trên đường đi học về thấy có mấy con ngỗng , thấy hay ra nhìn thử dume xong nó dí tao với chị tao về gần nhà :)))",1,0,0.000251721910899505
"nhiều kỷ niệm đẹp , giờ nhìn mấy đứa nhóc đi học mà muốn quay về quá khứ .",1,0,0.00030009463080205023
"chắc ông chồng hạnh phúc lắm khi sống chung với người vợ như vậy , những đứa con chắc cũng yêu mẹ họ lắm ! mà thặc ra là giống với mẹ tớ lắm kkk",0,0,0.0002732616849243641
tao sẽ chỉ tự an ủi là đấy chỉ có trong phim truỵên ngôn tình :),1,0,0.0003429339558351785
e lên mang câu chuyện này đi thi thách thức danh hài . rất duyên,0,0,0.00021617788297589868
per :)))) buồn cười vãi,0,0,0.00024283313541673124
"quá đơn rản , bạn thân yêu ơi ,",0,0,0.00021802328410558403
"tiêu đề bộ phim cứ ngỡ là thể loại hài , nhưng nếu xem hết thì các bạn sẽ rút ra rất nhiều điều và cái hay trong phim này",0,0,0.0002533133374527097
đù . ?????? sợ tụt lol,1,0,0.0005836143391206861
trích mà như vầy rồi . sao dám coi phim đây 😢,1,0,0.00032865884713828564
dù có nói thích mày thì cũng đừng có tin .. xã hội giờ nguy hiểm lắm,1,0,0.0003742151311598718
khi bạn bất cần vãi đời ... làm việc xấu mà cảm thấy thanh thản vãi 😁,0,0,0.0015628508990630507
tuyển ngay về làm nghiên cứu viên cao cấp cho các hãng khóa :d,0,0,0.00029359135078266263
năm nay chạnh lòng quá . haizz,1,0,0.00024266606487799436
bài mà từng nghe khi tổn thương lần đầu,1,0,0.4686802327632904
đang tập hát 😶😶 hay thật 😔😔,0,0,0.00022195624478626996
"chồng biết không , hihi",0,0,0.00030601106118410826
sẽ hấp dẫn hơn khi dưới sông có cá sấu :)) lót dép hóng,0,0,0.00028560045757330954
người lớn tuổi nhiều lúc rất dễ thương 😊❤,0,0,0.0003113576676696539
tao thề . nhìn bạn ấy xong tao muốn rụng mấy quả trứng luôn 😓,1,0,0.0002836617932189256
tao cừi tao ỉa 🤣🤣🤣,0,0,0.00034883865737356246
dù ra sao vẫn giữ nụ cười và sự tự tin,0,0,0.0009515732526779175
cưng hết sức nà,0,0,0.00026066714781336486
sợ đến lúc đó muốn lấy vợ phải sang nước khác nhập khẩu về quá,1,0,0.0006792976637370884
"t nghe nói : đi tập gym sẽ có người yêu ...! awwww . điều đó không sai , điều đó là có thật 😂😂😂",0,0,0.0002778433554340154
per trung thu chia tay gấu à ? bất hạnh nhỉ,1,0,0.00023326106020249426
xem xong hết cái video mà cảm thấy buồn cho cái xã hội bây giờ,1,0,0.00023317434533964843
em nó đây nha các bác . kkkkk :))))),0,0,0.00024625376681797206
per mày phải thấy may mắn khi cuộc đời mày được gặp tao :))),0,0,0.00031412518001161516
anh đánh mất thật rồi,1,0,0.00037487279041670263
điện cho đứa bạn . đem mũ ra . coi ai hơn ai . kakaa .,0,0,0.00026260787853971124
người yêu tao bỏ tao rồi :(,1,0,0.0013268226757645607
boss có bộ đồ ngủ đĩ thõa ghê gớm 😅,0,0,0.00023766770027577877
"má , mặt đúng ngáo luôn 😂",0,0,0.00028248754097148776
móng của bố tao . hồi trước và bây giờ đã cắt vì lý do . sức khoẻ .,1,0,0.0005963430157862604
hồi xưa anh hay bị chửi trẻ trâu này nọ ... giờ anh là tổng giám đốc rồi 😁😎,0,0,0.000294788129394874
trước em cũng hắt xì 1 cái lưng khụ xuống như ông già đau vãi,1,0,0.0005803892854601145
hay ý nghĩa sâu sắc 🙂,0,0,0.0003544733044691384
yêu quá nè nè,0,0,0.00021347559231799096
vỉa hè to thế vẫn còn muốn ăn cả ồ hố nữa hả =)),0,0,0.000246977258939296
ngồi nhiều quá nhìn họ đau mắt,1,0,0.00039747467963024974
t chỉ thấy tình yêu của tao nó tan vỡ thôi,1,0,0.0004799127927981317
dễ thương quá !!!,0,0,0.0002418004150968045
năm nào cũng phải ở nhà trông nhà :((,1,0,0.0003983078058809042
nguy hiểm đến với bao nhiêu bất cứ lúc nào,1,1,0.9987094402313232
"có mà bữa chạy ngược chiều trên qlo 1a tại có hẻm nhỏ để quẹo tắt , chưa kịp quẹo bị 6 anh csgt + 1 xe bắt xe tấp vô chặn đầu xe , hoảng hồn cmnl .",1,0,0.0003437385312281549
thương anh bạn kia quá .,0,0,0.0002680485777091235
trông rợn vãi :)),1,0,0.00028177551575936377
giọng lại còn ấm nữa chứ ♥️,0,0,0.00023746812075842172
"ngày xưa toàn bị mẹ đánh bằng dây điện , vụt phát nào ứa máu phát đấy . giờ nghĩ lại tự nhiên lại thấy hay , vì ngày xưa mẹ nghiêm khắc như thế giờ mình mới ngoan 🙂",0,0,0.0002468957973178476
chắc mình là thánh nguy hiểm,0,0,0.0030089542269706726
nhớ lần nấu cơm thần thánh này không ? per chỉ là mải nghịch nước thôi mà …,0,0,0.0002850316232070327
cảm ơn bố !,0,0,0.00030866896850056946
nháy mắt cũng đáng yêu kkkk,0,0,0.00023176903778221458
lãng mạn vãi_chưởng =)))))) 0,0,0,0.00021180618205107749
vâng chú ah haha,0,0,0.0003269683802500367
tôi cũng muốn được cảm thấy như vậy ??,1,1,0.6281559467315674
đáng yêu quá . chúc ông bà thật mạnh khỏe mãi hạnh phúc như vậy 😍,0,0,0.0002572668017819524
nhờ đó mà tôi cảm thấy nhẹ nhõm và trở nên mạnh mẽ,0,0,0.004523398354649544
giun này mà xào thêm ít xả ớt thì tuyệt cú mèo 🤣,0,0,0.0002451188338454813
tớ chỉ an ủi bạn í thôi mà :(,1,0,0.0009164272341877222
"per giỏi phết đấy mỗi tội nghịch thôi , được cái làm từ thiện nhiều .",0,0,0.0002342459192732349
nhưng mà từ giờ trở đi đéo được tiếp xúc rồiii,1,0,0.0003291203756816685
"hồi nhỏ thì tao bị cả bầy dí , được fine :)))))) đến khi tao 12 và đi học đh năm nhất , sau 1 tháng xa nhà , về nhà và cái kết là tao không còn bước ra khỏi cửa nữa , n dí everywhere :)))))))",1,0,0.00028769270284101367
per gần nhà c ơi . hic hic,1,0,0.0002455429348628968
nếu tao được gặp ba tôi 1 lần nửa thì tao sẻ nói con thw ba nhìu lắm . nhưng lời nói này chẳng pao giờ được nói nửa vì tao và ông ấy đã xa nhau mãi mãi,1,0,0.0005744352238252759
bố đi đường mà sợ quá,1,0,0.0002754957240540534
lúc dỗi thì càng dễ thương hơn,0,0,0.0003646726254373789
đm lừa đảo hằng năm cả trăm tỉ . giờ phạt có 5 triệu :))) chán vãi,1,0,0.00027355263591744006
"ko nói nhiều chỉ ủng hộ anh per vì thấy thái độ trước tòa là hiểu anh per hoàn toàn chân chất , không có thủ đoạn gì hết",1,0,0.00021106832718942314
mình toàn làm ba mẹ buồn,1,0,0.0003193935554008931
vui tính quá ?? vừa kết bạn xong ??,0,0,0.00022546664695255458
chỉ biết xem và ngậm ngùi lướt qua,1,0,0.0014711131807416677
cách tạo nghiệp chướng nhanh và hiệu quả :)),0,0,0.0003351650375407189
ký ức 1 thời . nhớ,0,0,0.00026540079852566123
chị lỡ mất 1 nhịp tim vì cưng đấy ❤️❤️❤️,0,0,0.00022201718820724636
đẻ sao mà cu con đẹp quá vậy trời 😍,0,0,0.0002109894558088854
mát lồng lộng mày ạ,0,0,0.0002933692012447864
"bỏ qua mấy dòg chữ , nhìn khuôn mặt con bé không thể nhịn cười per :))",0,0,0.0002480793627910316
"có ai nhìn thấy giun đang bò trong ảnh không , sợ vãi",1,0,0.0003983066708315164
nấu có cháy mới ngon :)) còn nước cơm hoà với đường thì toẹt vời,0,0,0.00025598888169042766
chắc thôi tao đéo ra đường luôn :))) sợ vãi,1,0,0.00032538746017962694
khi nào tao thấy thích . mà thích rồi chưa có người thích cùng .,1,0,0.00036639004247263074
gắn bó thời sinh viên á !,0,0,0.00024962180759757757
bà ngày xưa đẹp quá ❤️,0,0,0.00024130985548254102
buồn vì mình không giúp được gì cho ai . nhìn những người khác khổ hơn mình mà thấy thương họ,1,0,0.0003326036676298827
tao cũng vậy nè . lắm lúc đi với chồng mà cứ hỏi bên này bên phải nhỉ bên này bên trái nhỉ . mệt mỏi,1,0,0.0003677294007502496
haha con mấy cái video toàn đóng vào mỏ nhau không . cười tụt quần 🤣,0,0,0.00023380210041068494
ui đáng yêu gheê,0,0,0.00024705546093173325
rồi đất nước mình sẽ đi về đâu .:'(,1,0,0.00036423708661459386
"chắc tại từ nhỏ tới lớn mình "" man "" quá nên không gặp được gã nào ga lăng dư này :(",1,0,0.00037564089871011674
đang thất tình mà dume cứ bắt đi bán xoài @@,1,0,0.00029495489434339106
"per may có con bạn đang giảm cân nhưng nó hiền , nó sẽ lao vào ăn cùng tao chứ không tát sấp mặt tao như vậy , phải không ?",0,0,0.0003832598158624023
hồi xưa làm fanpage được gạ kèo 7 triệu nhưng nhất quyết không bán . cảm thấy quyết định đúng đắn nhất trong đời,0,0,0.0002878814993891865
ụa cho fa đọc chi rựa huhu,1,0,0.00030502944719046354
tao coi tao sợ nó lọt quá bây,1,0,0.0004728713247459382
các bác dẫn crush qua cây sữa nay mà hứng nước đái ve nha haha,0,0,0.0002580290602054447
nếu để ý kĩ thì lái tàu có thể bước xuống và kéo đường ray qua một bên rồi cho tàu bẻ tay lái một chút là cứu được cái xe . tiếc cái xe quá,1,0,0.00031242036493495107
buồn vương mi !!!,1,0,0.00029612815706059337
chuyên cơ tt quá đẹp ! bao giờ má mua được chiêc như vâ ̀ y trơi ̀ !!,0,0,0.00020766421221196651
chắc chắn bố của bạn này là một người vui tính chứ không phải khó tính . khiếu khôi hài bạn ấy ảnh hưởng từ bố .,0,0,0.00025744838058017194
tuổi thơ bất hạnh .. học mẫu giáo mà cạnh trường học là 1 bầy ngỗng . sáng nào tao cũng được chạy bộ tập thể dục nhờ bọn nó,1,0,0.00032599043333902955
thấy anh đấy làm tùm lum mà con nhện vẫn đứng im là tao biết có chiêu rồi . định gạt anh ak,0,0,0.0003176541067659855
per đi bộ ở trường về thì dcm nổi ám ảnh đúng giờ tao về là dcm nó ra nó dí ngày nào cũng dí chạy cái luôn,1,0,0.0003678984066937119
"per sợ chưa , ông bác hơi bị cứng nhé :))))",0,0,0.0002405892009846866
tiếc quá đẹp trai mờ không có chim,1,0,0.0002343292289879173
bài viết hay quá !,0,0,0.00020540293189696968
cái nay nhận ra lâu roài . mà đi làm toàn gặp đồng nghiệp đáng yêu hi,0,0,0.00021470035426318645
lại được làm thêm quả nhà nữa . ngon,0,0,0.000255021033808589
"coi 3 lần mà vẫn cười , phim hay nhân vật dễ thương",0,0,0.00021240845671854913
bản thân cố gắng cũng chẳng dễ dàng gì :((,1,0,0.000640816695522517
coi phim này xong thì nhỏ bạn tao bắt chước giống vầy với crush nó . sau đó thì ... à mà đéo có sau đó nữa :v,0,0,0.00024283731181640178
nó cười với người khác chứ * beep * phải tao :((,1,0,0.00031221879180520773
"mong là bố mẹ mình không đọc được tin này , sợ vãi",1,0,0.0004279089334886521
"còn tôi thì lại khác , thanh xuân của tôi chả có bây giờ gặp được aiii và hạnh phúc bền lâu cả :(",1,0,0.0003601723292376846
mỗi phút bên em thật tuyệt vời . chỉ em mới cho anh cái cảm giác đó,0,0,0.000343464023899287
"trước đây mình không thích xem phim việt , nhưng mấy năm nay phim việt chiếu phim nào cũng hay . tự dưng không thích xem phim hàn quốc nữa .",0,0,0.00026841991348192096
khoảng gần chục năm về trước thì còn vàng trắng .... giờ thì bán còn không đủ không đủ để trả công nữa là,1,0,0.0005079001421108842
đứt quả chuối trong mồm . đéo dám nghĩ kết quả lun,1,0,0.0003050033119507134
tao kìm nén lâu qá rồi mà 😌😌 tức nước vỡ bờ thôi,1,0,0.0006275432533584535
đúng cát bà rồiii ~,0,0,0.00022509225527755916
"đến lúc yêu nhạt cực :) tao thề ! kiểu chán chán , muốn quay về đơn phương hơn",1,0,0.0004135185154154897
"những thứ tưởng chừng như rất đẹp nhưng kbh được trọn vẹn , cuối cùng để lại chỉ là những kỉ niệm đã từng :))",1,0,0.0002540488203521818
"chuẩn , thấy đa phần nam chính vẫn được lòng hơn .",0,0,0.00036339860525913537
đi làm quán nước mà mỗi cái bịch nay long đựng ống hút nó cũng xé nhỏ ra rồi để bay tứ tung đi quét đã muốn lòi lồn,1,0,0.00046360789565369487
sởn gai ốc với chị ấy,1,0,0.00031733509968034923
chủ kiểu lol gì đáng yêu vãi ?? :)))),0,0,0.00022442109184339643
"lúc trước ông với bà tao cũng thế , bây giờ thì ông bỏ bà đi trước rồi .",1,0,0.0004811885592062026
hôm nay bạn đi làm . tiền đâu mà mua 😌,1,0,0.0006332416087388992
dễ thương vãiiiiiiiii,0,0,0.0002858733932953328
dume nó hết con mẹ nó hồn ....😭😭😭😭,1,0,0.00024563749320805073
còn tôi tự nhủ dù lớp học tự ý bỏ về hết tôi cũng phải ở lại học đến tiết cuối cùng . hết giờ tôi cứ ngồi đó rồi từ từ bước chậm ra cửa ngoái đầu nhìn lại .,1,0,0.0006496880087070167
bạn trai thì chưa . nhưng mỗi lần thằng bạn nó cắt tóc cạo râu thì auto nhìn đẹp trai,0,0,0.000308441900415346
ngày đi học . có lúc đang ăn cơm . bố hỏi . per năm nay học lớp mấy rồi con ☺ t không hiểu bố tao hỏi cái gì 😭,1,0,0.0003550621622707695
lớp 5 mà viết kiểu này cô đánh gãy tay .,1,0,0.0003170360578224063
đi chơi xong về cũng buồn như chó cắn tiếp thôi,1,0,0.0003874944231938571
dume cười vãi luôn trời :)))),0,0,0.00022490818810183555
còn người yêu tao : một hơi có một anh đẹp trai bay lơ lửng rồi ôm lấy em khi em tắm :(((,0,0,0.00029446935513988137
hạnh phúc là đây chứ đâu =))),0,0,0.0002977906260639429
và cứ thế tôi khóa lại 3 năm thanh xuân tươi đẹp của mình :),0,0,0.00038163538556545973
sáng nay mình cũng gặp 1 anh công an dễ thương lắm,0,0,0.0003992854617536068
tất cả đã đều quá hoàn hảo rồi . trừ pha nhảy cuối thôiiii :v,0,0,0.0002270897093694657
per :)) chắc giống cảm nhận của ông lái oto hôm qua,0,0,0.00029496109345927835
hãy nên trân trọng những người bạn như vậy .,0,0,0.00044246495235711336
ngoài mấy phim về vật lý ra thì phim nào của ấn cũng có những ý nghĩa sâu sắc .,0,0,0.0003589076513890177
cuối cùng per cũng thành công rồi nha per nha,0,0,0.0002326655521756038
cũng thơm mà . kì thị quá à .,0,0,0.0002320383646292612
hình vui mà sao đọc lại muốn khóc nhĩ ...,1,0,0.00025089000700972974
"per thể loại mới nè , có vẻ phê",0,0,0.00020709451928269118
bạn này yêu bố nhiều lắm mới vui vì bị bố mắng . chứ ai đời bị la mắng mà kể lại cho người khác nghe mà vui đến thế,0,0,0.000244540860876441
"tình đến , rồi tình cũng điii 🙂🙂🙂",1,0,0.00028917548479512334
mấy má đang có kinh rồi mặc áo đầm nhảy qua thì nhuộm đỏ 1 dòng sông cmnl 😳,1,0,0.00033204859937541187
ủa là đụme video hài hay deep vậy . chớ tao thấy buồn cười vãi vì nhây đéo tả được :))),0,0,0.00021388957975432277
thanh xuân rồi cũng sẽ qua có những người trong ta mãi chẳng thể xoá nhoà !,1,0,0.00041491512092761695
cậu bạn mẫu giáo năm ấy chép bài cho tao để tao khỏi bị thẻ tay giờ đang nơi đâu ???,1,0,0.0002851455064956099
nhà thì không xa lắm nhưng chưa bao giờ đi vì sợ bị đè bẹp luôn người =))))),1,0,0.0003149033000227064
"từ nhỏ tới lớn đi học toàn ngồi chung bàn với nam , toàn phải đương đầu chiến đấu với vạch phấn chia đôi bàn ghế . 🤣🤣",0,0,0.0003360125992912799
buổi tối vui vẻ và ấm áp nhé đại kỷ nguyên ! tương tác cho hằng khỏi trôi bài nhé !,0,0,0.0002152546076104045
họ hành động quá đẹp,0,0,0.0003792588831856847
rất chuẩn hãy sống làm người cơn luôn luôn co hiểu thảo với cha mẹ của mình nhé moi người ơi,0,0,0.0002544549060985446
nói chuyện yêuu thế đmaaaa ??,0,0,0.00029047750285826623
anh thích em rồi đấy 😂,0,0,0.0003446257906034589
tội quá ! nuôi mà không chăm sóc,1,0,0.00023192379740066826
3 thằng ngốc . xem ý nghĩa lắm,0,0,0.00022575036564376205
"có người cả đời ăn không hết lại có người thiếu ăn , thiếu mặc nhìn chán đời vãi",1,0,0.00034606552799232304
người tài như vậy lại không được sử dụng đúng mục đích … quá buồn,1,0,0.000271466065896675
t đã cố tình che mặt nhưng vẫn giật mình,1,0,0.0004635930818039924
khi nào đón bé về nhà nhớ chụp đăng lên cho bọn tao coi dung nhan thằng bé nha :vv,0,0,0.00025766814360395074
haha cứ lên xuống thấp thỏm kìa ..,0,0,0.00026713369879871607
tao chả nhớ ngày tháng năm sinh của mẹ tao và ngược lại :((,1,0,0.0003072634863201529
có tiến bộ ! kkk,0,0,0.0003901011368725449
ngày buồn hôm ấy tôi cũng là người rời khỏi lớp cuối cùng .!!!,1,0,0.0003795462835114449
vâng ah nên em cũng sợ quá mà :-),1,0,0.0003095105930697173
cái mặt xinh quá,0,0,0.0002255812578368932
tao toàn bạn gái mà sao vẫn tưng tửng nhể ???,1,0,0.00021382985869422555
xong bỗng nhiên một ngày mất hút không để lại 1 hạt bụi,1,0,0.0006621983484365046
một nỗi buồn thầm lặng,1,0,0.004442881792783737
cưng nhỉ,0,0,0.0005958126857876778
"năm nay mua cân na về nhà ăn dần , tối ra đường xem chúng nó dẫn vợ thằng khác đi chơi ... kaka",0,0,0.00028295975062064826
bà ma nữ nhập vào nv chính thấy dễ thương dã man 😍😍,0,0,0.0003429401549510658
nhớ thời sinh viên 😃,0,0,0.0002906032605096698
"cái ông này mới xem thì thấy bình thường , mà càng xem lại càng đẹp trai 😂",0,0,0.0002583478344604373
dù cậu làm tôi tổn thương mỗi ngày nhưng chả hiểu sao vẫn thương cậu,1,0,0.0004740273579955101
làm phục vụ xong 4 tháng đi hà nội 1 lần chỉ để gặp người yêu xong giờ thì mới biết là nó cắm nguyên cây sừng lên đầu mình,1,0,0.00034352848888374865
buồn quá buồn,1,0,0.0002728298422880471
còn gì đau xót hơn 🙂🙂,1,0,0.00040971435373649
đơn giản nha .. cơm này ngon hơn cơm điện nhiều . không tin thì cứ thử,0,0,0.00023794540902599692
tội nghiệp thằng bé :)))) chúng mày bốc đâu mấy cái thẻ hay thế ??? :v,1,0,0.0002258937747683376
"và sau mùa vải , tàn dư còn lại là những nốt mụn 😌😌😌",1,0,0.0006353575154207647
haha thì ra trên đời này tao không cu đơn đâu đó vẫn có những đứa con ghẻ như tao cùng bắt tay chào hỏi nhau nà,0,0,0.0003092849219683558
per haha cái t2 hợp với em nè ;)),0,0,0.0002160490839742124
hết tiền rồi này,1,0,0.0015398830873891711
"tại giống nhau quá , nhưng đừng như người ta nha , nghĩ đến tự tử các thứ chẳng có gì là hay cả",1,0,0.0003928536316379905
chợt nhận ra mình yếu đuối như một đứa con gái vậy 😢,1,0,0.00030251103453338146
buồn nhỉ 😴😴😴,1,0,0.00024144772032741457
tuổi thơ cũng từng trải qua nhiều lời cay nghiệt hơn vậy .. nên c hiểu được cảm giác của em ..,1,0,0.0007188773597590625
muốn nhanh thì cứ phải từ từ =))))),0,0,0.000478717585792765
cái giọng anh quay phim nghe ngọt quá 😘😘,0,0,0.00020693859551101923
khiếp ăn tạp chẳng chết,1,0,0.0014387929113581777
lại là án oan sai 😔😔😔,1,0,0.00041493686148896813
cũng muốn vứt giày cũ nhưng lại không có tiền mua giày mới . đành chấp nhận đau chân vậy,1,0,0.0005138423293828964
thế mới làm nên nghiệp lớn chứ,0,0,0.00032252934761345387
chưa bao giờ được nge câu này 😞,1,0,0.00035170139744877815
chả có tiền mua 😩😩😩,1,0,0.0004342673346400261
"thời thanh xuân tôi từng yêu quý nét hiền thục của chị hiền mai . và đúng như cái tên hiền mai của chị , tên và tâm tính đều đẹp , hiếu thảo khó ai bằng . em xin chúc bác có thêm nhiều sức khoẻ để chị có được nhg tháng ngày hạnh phúc , ấm áp bên mẹ ạ .",0,0,0.0003324432182125747
nói gì thì tụi bây cũng không tin đâu ..😌😌,1,0,0.00036207918310537934
"thật tốt vì chú chó ấy đã tìm được người yêu thương nó , kiên trì để nó tin tưởng thật sự :"">",0,0,0.000346601678756997
đkm lại diễn rồi pr cho game aumobile chứ gì tuổi lol qua mắt tao =)),0,0,0.0002460852556396276
"công nhận năm nay tiến triển hơn , đợi 2 bà chị đi hẹn hò về còn có scl mà ăn ké :v",1,0,0.00020375951135065407
đoạn cuối hình như nó khóc,1,0,0.0005622099852189422
em hết ngáo rồi nha =))),0,0,0.0002512232167646289
chỉ là muốn cạnh mà chỉ có 2 người . nói đủ chuyện trên đời dưới biển rồi đi vào giấc ngủ ngon . vậy thoii,0,0,0.000353377457940951
ngồi cười như dại =))),0,0,0.0002808689314406365
nhiều khi cũng muốn chọc cho người yêu giận nhưng mới nhớ ra mình đéo có người yêu 😌,1,0,0.00035795889561995864
tag vô cho xem mấy đứa xấu tánh thôi chứ ghệ anh tánh cực kỳ dt,0,0,0.0002724760852288455
kiếp trước sống lỗi quá nên kiếp này nghiệp quật :((,1,0,0.0003547096566762775
"một đời chẳng mong phải nhà lầu 4 tầng , xe hơi hàng tỉ , chỉ mong người đàn ông đi cùng mình đến cuối đời sẽ luôn nâng niu yêu thương mình 😊",0,0,0.00030255602905526757
t nhận ra mình đã sai,1,0,0.0008806637488305569
"tại như vầy nên bố tao không cho đi cùng . cụ bảo có năm còn lăn cả xuống ruộng , trèo lên mái nhà của người ta để đi ??",1,0,0.0003713188925758004
per tạo hóa thật đáng sợ :))))),1,0,0.00023162194702308625
"những việc này , mang lên đây chả giải quyết được gì cả .",1,0,0.0005003655096516013
đọc cái mà cười rớt cả hàm .... cuộc đọ sức giữa xe lửa và ô tô,0,0,0.0002615466364659369
mấy con yêu nghiệt ngày xưa nội có nuôi 2 con cứ ra đằng sau là nó dí chạy muốn tuột mẹ quần 🙄🙄,1,0,0.00030282902298495173
kaka cái mặt bà kìa,0,0,0.00026667636120691895
con bé cưng gì đâu . vk ơi anh muốn có cục bảo bối như vậy per,0,0,0.0004417028103489429
"thật sự mình rất thích bạn này , xem phim mỗi tập cứ canh đúng cảnh có bạn ý , dễ thương quá 😗😚😚😚😚😚",0,0,0.00021139539603609592
má tao xem mà lo thằng quay phim tét không à ? có ai như tao không ?,1,0,0.0002744476078078151
"đúng mất vài giay để nói lời yêu thương , nhưng phải mất cả đời mới chứng minh được , cháu rất ngưỡng mộ ông bà !",0,0,0.0002945976739283651
"dù thế nào thì anh tôi luôn bất hạnh , ai khóc cho anh khấc tôi đây 😢",1,0,0.39853981137275696
có đứa nào xem mà thèm đi biển như tao không ?,0,0,0.0003010867803823203
nghe nói dạo này bạn dưỡng da để kiếm người yêu per,0,0,0.00054390006698668
per trai hay gái thì vẫn thấy tữn như thường kk,0,0,0.00039536409894935787
"ngày xưa nhà nuôi mấy con điên này cái giọng thì đã khó nghe thì chớ suốt ngày ngoạc ra , hễ về đến nhà là thấy giọng bọn n đầu tiên . xong cho ăn , rõ ràng là cho n ăn đàng hoàng mà đến n + 1 lần bị n mổ với đuổi bợt mạng . chốt là tao ghét cái bọn nì dã man . ám ảnh cả 1 tuổi thơ :(( cái thứ yêu nghiệt .",1,0,0.00027008773759007454
hổng gặp cái buồn luôn ><,1,0,0.00023404008243232965
"đừng nên thích mấy ông anh cơ bắp , sợ lắm 😆",1,0,0.00026359621551819146
"chấp nhận đau khổ , để đổi lấy hạnh phúc , mà tìm mãi hạnh phúc không đến thế mới đau em .",1,0,0.00043899010051973164
"đần mặt ra nhìn nó y như con ngu , còn cười theo nó nữa , xong bị nó phát hiện .",0,0,0.0003258288779761642
"tập thể năm nay lại làm mình tiếc nuối từ thành viên đến gvcn :,((",1,0,0.0002308683324372396
mai đấu giá thử cai lap cua mình chứa toàn tài liệu tiếng nhật 😂😂,0,0,0.0002340108621865511
làm công nhân đã bị vắt kiệt sức khỏe cho đến khi bị thải,1,0,0.0005815779441036284
hồi đó tao lấy cái đó kẻ tập luôn kiểu làm màu mè cho đẹp xong lên trả bài bị bà cô trừ điểm ????,1,0,0.00023972139752004296
"con nghiệt súc này mỗi lần tao đi đá bóng là 2 vợ chồng nó dí theo cắn bầm hết chân , thứ này thù dai kinh khủng , chiều nào nó cũng khởi động cho tao trước khi đá bóng ... con mẹ nó giờ tao lớn rồi , tay nghề nấu nướng cũng không tệ gặp mà dí theo là xác định tao quay nó vàng ương luôn =]]",0,0,0.000271661818260327
"hút điếu cần xong nhìn nó ăn mà muốn phá cái tủ lạnh vô dụng của nhà mình quá , đéo đủ sức đựng thịt bò toàn rau .",1,0,0.0003078772278968245
cuộc sống mà đành chịu thôi =(((,1,0,0.00318663427606225
"có rồi mà , nghén rồi nè hihi",0,0,0.001968677621334791
"và mày chỉ cần lùi về sau , như ít quan tâm và nhắn tin lại mày sẻ cua được crush 😎😎",0,0,0.00033957138657569885
cặp nay dth ghê luôn 😍,0,0,0.00024283846141770482
thương thương con =)) yêu ghê cơ ý cái mẹt hờn dỗi,0,0,0.00022557005286216736
"ngày chia tay , chúng tôi đã ôm nhau khóc",1,0,0.00045170015073381364
đứng dưới cây này chỉ sợ ngột vì mùi hoa sữa 😂😂😂,1,0,0.0005324013181962073
hãy cảm ơn vì chúa đã ban em cho chị 😂😂,0,0,0.0003051495586987585
"ước mơ của tao , thích vẽ lắm luôn , nhưng mỗi tội vẽ xong cho lên màu thì lại tệ 🙄",1,0,0.00031136925099417567
23 năm rồi tao còn chưa được đi chơi với bồ trung thu lần nào cả :(,1,0,0.00029393756994977593
ngọt hơn cả người yêu haaaaa,0,0,0.00024225500237662345
em chưa có người yêu . có ai yêu em không . em cô đơn quá,1,0,0.021290278062224388
có gặp cũng đéo dám ngẩng đầu lên nhìn,1,0,0.0017015484627336264
rớt giá kinh khủng khiếp huhu,1,0,0.0019347748020663857
huhu đéo muốn đi học đâu,1,0,0.0005269889952614903
anh vui thì anh ngồi thôi ... chú cự để mặc anh . :v,0,0,0.00028111488791182637
tiếc là 23 cái xuân rồi chưa gặp được em . có ai giống tôi không,1,0,0.00028965671663172543
per mi phải học con nay bán hàng lai chim mới chạy hàng này,0,0,0.00029759903554804623
công nhận sáng tạo thật đấy,0,0,0.00022328477643895894
tự nhiên mình lại không muốn làm single mum nữa -.-,1,0,0.00044611754128709435
cắt tóc xong rùi gội đầu xong tóc còn ướt ý nhìn đẹp trai lắm luôn ý,0,0,0.0002454939822200686
tao thấy đéo có cái gì để tao cầm được cơn cười cđcm nó ! :)),0,0,0.00032686928170733154
tội quá . thương em,1,0,0.00023611081996932626
tình yêu là sự mù quáng mà hix,1,0,0.00024884575395844877
dòm sợ thiệt 🤐,1,0,0.00026679158327169716
hicc thương em,1,0,0.0002161286392947659
"cảm ơn các em , tuổi học sinh lắm nghịch ngợm nhưng có lòng yêu thương con vật nhỏ bé đã giúp bé cún được sống 😘😘",0,0,0.0002523873408790678
t cũng buồn lắm chớ bộ 😓😓,1,0,0.0003394952800590545
per nhớ hội chị em vinmec quá :((,1,0,0.00019707171304617077
"đi viện mà tưng tưng ăn uống được là tốt rồi , mừng mày sớm ra viện nhé cô",0,0,0.0002452389744576067
ngày bé nấu hoài không chín . tức rủ mấy đứa ra đốt cả đống rơm nhà hàng xóm,0,0,0.00035205966560170054
nếu không gãy đó la 1 bài quyền đẹp rồi :((,1,0,0.00023693032562732697
ý nghĩa và đáng suy ngẫm thật,0,0,0.00026018370408564806
"bố bạn ý chửi nhẹ đấy , bố mình chửi là chỉ mong đầu thai vào nhà khác 😬",1,0,0.00032780045876279473
nhớ gia đình nhỏ nhiều lắm … mà không được về thăm,1,0,0.0003162843349855393
coi xong đoan này . tao thấy nhớ nhà vô cùng 😭,1,0,0.0002354499010834843
chuột nhìn thấy mèo sợ là đúng rồi =)),0,0,0.0003379752452019602
nhìn rợn vãi,1,0,0.000359013385605067
per thịt nướng lò xô ne ăn z mà không chết 😎😎😎😎,0,0,0.00032795273000374436
nhọc lòng :(((,1,0,0.012798337265849113
a per doi dap rat tuyet voi . chuc anh thanh cong trong vu nay .,0,0,0.00024111299717333168
chỉ mới hỏi về người khác giới cái là bị gán là thích bạn đó luôn mí sợ :(,1,0,0.0004584103880915791
trò này cũng nguy hiểm chết người đừng đùa theo mà mang họa,1,0,0.0002768839767668396
ai như tao nghe tự nhiên thấy ấm lòng vãi không,0,0,0.00046307503362186253
ỏ đáng yêu =))),0,0,0.00024445157032459974
"mình nghĩ sẽ không bao giờ là một thương hiệu quốc gia , là khát vọng về cà phê vn nữa ...",1,0,0.0003634564927779138
nhẹ nhàng bay lên và hạ cánh thất bại do lổi kỹ thuật,1,0,0.0003567702369764447
"cưng vậy trời , anh cho em xin ảnh nha ạ",0,0,0.0002696762967389077
chuẩn không can chinh,0,0,0.00036381822428666055
nhưng kp cười với mày đâu :) ảo tưởng vãi,1,0,0.0002996129624079913
mua con lợn 50k được lì xì 40k . ok em ổn,1,0,0.0002549522032495588
ra vậy . nguy hiểm thật :(((,1,0,0.0003045157645829022
khổ tâm ghê =)),1,0,0.0007848357199691236
"giả bộ vô tình gặp nhìn lén rồi đi , lại còn tìm hiểu cả gia phả người ta nữa chứ ... một thời ngu ngốc đáng yêu .",0,0,0.0002541985595598817
có ai chỉ tự yêu bản thân như tôi không :(,1,1,0.538041353225708
per hẹn xem phim này nữa nha mày 😛,0,0,0.00022428033116739243
đau ghê,1,0,0.00028461863985285163
dễ thương vầy :>,0,0,0.0002406828134553507
rất nguy hiểm nhé nhảy không qua là xác định dập mặt,1,0,0.0003172343713231385
ha ha ....,0,0,0.0006131948321126401
nhiều lúc ngáo ngáo thoải mái đến mức người yêu cũng đéo bằng nó và đến khi nó thổ lộ tình cảm thì tao đéo tin :v,0,0,0.00036815155181102455
phải tao tao vứt luôn xe ??,1,0,0.00037834240356460214
là con bé con điên khùng và phiền vãi nhưng bạn vẫn yêu nó vãi chưởng :)))))),0,0,0.0002408386644674465
"mong ai đó sẽ không nghe được bài hát này . xin lỗi , ngàn lần xin lỗi 😢",1,0,0.00028148980345577
chuẩn đét . t nghỉ công ty cũ cũng vì đồng nghiệp 😭😭😭,1,0,0.00023546874581370503
ủa mắc gì gỡ fan cứng của em ? huhu,1,0,0.000277125887805596
chả bù cho con ml này . đợi mãi không thấy nó về . hy vọng em không bị bọn xấu bắt lên dĩa là tốt rồi :(,1,0,0.0002822715905494988
má cười ỉa luônn,0,0,0.0003027173224836588
từ lúc đấy tao không ăn được các loại thịt ngan - ngỗng - vịt lun 😞 ám ảnh vãi,1,0,0.0006027139024809003
nhớ nhé đồng nghiệp haha,0,0,0.00022828021610621363
cứu em nó với,1,0,0.000406071514589712
đã nguy hiểm vậy sao không hủy mà bán 0 . 0,1,0,0.0003243146638851613
ông mặt trời dễ thương hha,0,0,0.00028273192583583295
không hiểu sao xem đi xem lại bao nhiêu lần vẫn khóc được,1,0,0.3179439604282379
kiểu em sai rồi . a xin lỗi em đi 😂😂,0,0,0.0002377914497628808
gáy sớm để làm gì cơ chứ haizz,1,0,0.00028949385159648955
đái mẹ ra quần ??,1,0,0.00028233809280209243
đọc xong nước mắt ứa ra,1,0,0.00029780736076645553
tao cũng hay sử dụng chiêu này và bọn đàn ông vẫn cứ bị lừa ????,0,0,0.00027309346478432417
dễ thương mà,0,0,0.00029803914367221296
per anh tải cái này về cho per học nè . thú vị ghê,0,0,0.00020473265612963587
"cố gắng lên mọi lỗ lực và công lao của em sẽ được đền đáp một cách thật là sứng đáng , cố gắng lên em nhé 👍",0,0,0.0002897434460464865
nhưng nói thì cứ bảo hay than thở 😢,1,0,0.00041077102650888264
nhìn quả mặt của nó thì tao công nhận thất tình thật đáng thương ?,1,0,0.0002917831880040467
đằng này họ nghĩ tao muốn giết người rồi chửi tao bị thần kinh rồi cho trôi qua mọi chuyện,1,0,0.0010118589270859957
"chân ta cũng là chân đi và giờ bị đứt dây chằng , nằm một chỗ đợi mổ rồi mày . đồng cảm vãi",1,0,0.00024756454513408244
xấu mà đáng yêuc quá,0,0,0.0002251635305583477
thế nên bán hàng có tâm là đừng bao giờ nài nỉ khách mua thêm vì biết đâu bạn vô tình làm cho nỗi đau của họ trở nên tồi tệ hơn .,1,0,0.00046213887981139123
dưới cái nóng 40 độ ngày hôm này xem video này xong thất mát lòng vãi_chưởng :)),0,0,0.00021810892212670296
"cái thứ ba , trời nhìn mà rơi nước mắt thay cho luôn công cả một mùa mà đi tong chỉ vì một trận mưa",1,0,0.00026361356140114367
"thấy bình sữa của em thấy ham quá , chị sinh em bé chả có sữa gì hết .",1,0,0.00025219371309503913
nhiều lúc buồn đến nỗi coi những vid thế này . đéo thể cười nỗi .,1,0,0.00032401393400505185
sư phụ giả vờ ngã để thử lòng các đồ đệ và cái kết ngã sấp mặt luôn 😢,1,0,0.0002692695998121053
đéo có người thương để mà làm ấy chứ :(,1,0,0.0004775617562700063
"đồng nghiệp tốt , chị em tốt đi làm như đi chơi :)) chứ làm cùng với mấy con mlz đáng sợ lắm :))",1,0,0.00024064748140517622
rồi khi mày có 1 ít tiền :)) mày mới phát hiện ra còn đéo cả có người đi cùng cơ,1,0,0.00026474648620933294
các b học sinh đáng yêu quá,0,0,0.00019936305761802942
cuộc đời bà đã nấu hơn 50 nồi bánh chưng rồi nhưng bà chưa bao giờ thấy ai cắt tóc ngắn đi mà xinh như thế này các cháu ạ .,0,0,0.00030040062847547233
đây là một câu chuyện buồn không chỉ riêng tao,1,0,0.0004530094738584012
"cảm ơn nói chuyện nhật ! 1 nền khoa học , giáo dục , trí tuệ văn minh !! 😘",0,0,0.00022630445891991258
bạn có bố thật hạnh phúc,0,0,0.00031614958425052464
"per trong vòng 4 tháng chắc anh chụp hơn trăm tấm , huhu , sợ quá 😱😱😱😢😢😢",1,0,0.000289461255306378
chuỗi ngày tủi nhục cũng từ đó mà bắt đầu,1,0,0.4800768792629242
hàng xóm cũ của tao cũng thế may mà bà ý chuyển nhà rồi 😃,0,0,0.0004079845966771245
không biết vì sao họ vẫn cười nhưng mình thì khóc ...,1,0,0.00045495256199501455
"đúng vậy , có họ ở bên cạnh nuôi nấng ta từng ngày đã là quý lắm rồi",0,0,0.0003440998261794448
5 năm nữa tao phải đẻ được 3 đứa 😂😂😂,0,0,0.0003904006734956056
ôi cưng cưng quá,0,0,0.0003427414339967072
dù s đi nữa thì mày vẫn xinh . cố lên,0,0,0.0002606447960715741
hay lắm :))),0,0,0.00023338651226367801
buôn bỏ nhưng tình cảm ko thuoc về mình nua . bat đầu kiem tiên,1,1,0.9964779019355774
nó cười mà muốn rụng tim 😂💔,0,0,0.00026229582726955414
"vì luật áp dụng đối với vụ án phân chia tài sản trên 4 tỷ thì mức án phí là 0 , 01 %. suy ra vụ này trên 8 nghìn tỷ thì mức án phí là 81 tỷ là đúng rồi .",0,0,0.0007854941650293767
"per đi làm với c mình vui hết xẩy , trừ những lúc khó tính :))",0,0,0.0002614123222883791
1 thời gắn bó với nó . nhớ lại ngày xưa cực khổ,1,0,0.0003558961907401681
per nên mày hãy yên tâm về mấy con nhện nhé :))),0,0,0.00026232609525322914
:) cảm giác đó đau lắm các mày ạ,1,0,0.00027838771347887814
đề kháng của tao với mọi loại thính rồi cơ 😂,0,0,0.0005768756964243948
cái này ghê vãi mày sẽ hiểu cảm giác khi nó lún xuống 😅😅,1,0,0.0010551689192652702
🤣 lau mặt bằng quần chíp của vợ à ?,0,0,0.00034805102040991187
mất rồi có lấy lại được đâu :)) cái gì nó cũng chỉ là quá khứ,1,0,0.0003032936656381935
quay vào ô mất lượt :)),1,0,0.0002786439436022192
:))) có thật nhiều tiền là vui,0,0,0.0002583392197266221
mình rất rất muốn đi nhưng trong túi kô còn xu mẹ nào vân kiều ơi,1,0,0.00038808496901765466
các bạn trẻ ! người lớn có thể nghe thấy tiếng chó kêu mà không hành động gì để cứu vớt . các em thật đáng khen . cần những bạn trẻ nhân ái như các bạn .,0,0,0.00025690280017443
"em đỗ 6 trường đại học ở mỹ , còn hàng trăm thằng đổ em luôn rồi đó , em biết không . trong đó có anh 🤪",0,0,0.0002567544288467616
thật đáng khâm phục các bạn ... chúc các bạn gặp nhiều may mắn trong cuộc sống ...,0,0,0.0002848770818673074
phim cực hay và cực cảm động lòng người,0,0,0.0002065833396045491
chai này mới ghi được nhìu chữ kkk,0,0,0.00028136963373981416
per cố đợi đi nha để em mua bảo hiểm cho anh 🙂,0,0,0.0002665436768438667
"có ai nhìn thấy hình như người đàn ông này đang rất đau khổ không nhỉ ? mình nhận thấy hình như ông ấy đang rất đau khổ , mà không thể or không muốn nói ra .",1,0,0.0003955163701903075
per đáng sợ quá,1,0,0.0002826671989168972
tao chỉ lên ngắm cảnh tí xíu mà mày cũng dìm tao :)))),1,0,0.00028218739316798747
chúc mừng,0,0,0.00025332174845971167
thằng hack game nó gặp trùm cuối rồi 😭😭 truyện đến đây là kết thúc sao 😭,1,0,0.00025813511456362903
"đang tính đi nhổ răng khôn ( à quên , nó ngu chứ khôn đéo gì ..) nghe được cảnh báo này chắc không dám đi nhổ luôn .",1,0,0.0002844357513822615
hú hồn con chồn chạy ngang 😑,1,0,0.0004663419385906309
đây là bạn tao . =)),0,0,0.0003850517387036234
là mỗi buổi sáng thức dậy ta có thêm 1 ngày mới để yêu thương ❤️.,0,0,0.00043796413228847086
đáng lẽ bệnh của tao đã không nặng đến thế,1,0,0.16029450297355652
tự nhiên nhớ cái cảnh 2 con bánh bèo bị ngỗng dí quá 😅😅 per,0,0,0.000235742365475744
🤣🤣🤣🤣 bo tay chấm cơm . hahaha,0,0,0.0002403381367912516
và từ đó bà cụ sống trong hạnh phúc :)),0,0,0.0004650851769838482
"cmt buồn cười vll , nhớ mình cừng có kinh nghiệm chạy ngỗng :)))",0,0,0.00024570050300098956
chưa bao giờ nghe ngươ ̀ i ta chửi thề mà đáng êu đến vậy lun =))!,0,0,0.0002455253270454705
đọc xong tao muốn khóc luôn,1,0,0.0003487618232611567
t còn được nghỉ 1 tuần :)))),0,0,0.000339669146342203
xem phim cười gần chết . mà thích cái bạn ma nữ hơn là na bong,0,0,0.00028380221920087934
"cải tạo được , có tái tạo được 100 % nguyên trạng rồi sao ? giá trị lịch sử văn hoá gần nghìn năm đã mất đi rồi :((",1,0,0.00027167447842657566
sợ thì vkl,1,0,0.0009222671505995095
per :)) hiểu được nỗi lòng anh chưa ! mốt đừng giận anh nhiều nữa nha,0,0,0.00023251141828950495
thất vọng và áp lực tích tụ hằng ngày với tao,1,1,0.9993566870689392
nếu địa phương không xây cầu thì người dân cũng có thể tự làm cầu cây mà . phóng lỡ hụt chân thì xác định nát người .,1,0,0.0004207040765322745
ngày chủ nhiệm cu nhà mình cô nhẹ nhàng nết na lắm mà ! giờ thì sao cô lại hành xử như vậy chứ ! thật buồn !,1,0,0.00023799037444405258
t quá mệt mỏi với cuộc sống này rồi 😓,1,1,0.9990290403366089
per - chan đáng yêu zl =)))))),0,0,0.00023259033332578838
khuôn mặt đậm chất giải trí 🙂,0,0,0.0002807897108141333
tao nhìn sợ vãi,1,0,0.0006237838533706963
gia đình có nhưng tình yêu không thì sao,1,0,0.000528057455085218
sau mỗi cuộc chia ly người ở lại vẫn là người đau lòng nhất :((,1,0,0.0002976401592604816
đúng là chân thật luôn luôn tổn thương !,1,0,0.0009432524675503373
"từ khi lấy vợ , làm vlog thiếu muối hẳn huhu",1,0,0.00023420817160513252
sad cực mạnh,1,0,0.00030848331516608596
nhất định sẽ có một ngày tao sẽ thành công và tự nói bản thân rằng mày làm tốt lắm,0,0,0.0009970271494239569
phim hay vãi ra . đến giờ vẫn thấy mình giống bạn ma nữ quá trời 😂😂😂,0,0,0.000213237784919329
tội nghiệp các bé đạp xe đi học,1,0,0.0002594900724943727
thế nên tao với mày không thể làm người yêu nhau được,1,0,0.0006382561405189335
sinh viên năm 3 rồi nhưng vẫn chưa định hướng ra trường làm cái giống gì đây :(,1,0,0.00032289576483890414
khóc hết nước mắt 😞😞,1,0,0.00038304031477309763
"wtf , tao đã làm gì sai ☹️☹️☹️",1,0,0.00039934637607075274
"bọn tàu copy kịch bản phương tây , chắc bữa sau lại có mấy video make in việt nam như vậy và kịch bản tàu haha",0,0,0.0002573931706137955
mình không áo mưa rồi 😞,1,0,0.0008535836241208017
còn mềnh thì ra quán mua bim bim đều chỉ để nhì em mà cười,0,0,0.00032962876139208674
"biết chỉ là phim thôi , xem con bé hôn bố lần cuối nước mắt tự rơi , híc híc",1,0,0.00025640169042162597
tao lại bị mọc lông chân rồi :((,1,0,0.00031569538987241685
mua thêm vài trăm con cá xấu thả chắc vui hơn,0,0,0.00035022033262066543
per hôn nhẹ lên má nha 🤣,0,0,0.0002892538032028824
góp phần xây dựng đất nước chứ gì kkk đóng nhiếu rứa,0,0,0.00042149898945353925
dume mặc dù tao rất yêu chó nhưng tao cũng sợ chó nữa :((,1,0,0.0002502831630408764
cứ mỗi lần cắt tóc xong tao lại thấy biết ơn bố mẹ vì đã sinh ra tao đzai vãi :))),0,0,0.00024868990294635296
đó cũng là giải pháp hay để lừa một thèn ngu :))),0,0,0.000309467752231285
thương các con quá đi,1,0,0.00022767161135561764
khổ thân con mèo :((,1,0,0.0003941944451071322
một người đàn ông bản lĩnh thực sự 👍,0,0,0.00025074195582419634
"per bởi , đéo dám tán ai hay tỏ tình",1,0,0.01248587854206562
ấm áp ghê =)),0,0,0.0002744049415923655
phim ấn độ duy nhất tao xem mà không cảm thấy vật lý logic quá khó hiểu dù thật ra trong phim này nhiều kiến thức hại não thật ; )),0,0,0.0002775780449155718
giọng chú hơi bị dễ thương nhá :)),0,0,0.00024152116384357214
pháp năm nay nhiều biến quá :((,1,0,0.0002916204684879631
hèn dì mấy nay đi học thấy bạn của crush nhìn mình cười,0,0,0.00030064789461903274
cũng muốn đi xem lắm 😭,1,0,0.0004328856011852622
có lẽ vậy là tốt nhất,1,0,0.006429336499422789
per đến con nít chúng ta cũng không bằng là sao ......... tuổi thơ và tuổi thanh xuân nợ chúng ta quá nhiều thứ rồi 😭😭😭😭,1,0,0.00023346440866589546
gv có tâm vãi 😂,0,0,0.00038017076440155506
mình thi xong còn không khóc được 😢,1,0,0.0002553151862230152
một bộ phim quá suất sắc,0,0,0.0002603631292004138
tao mừng quá vì tao biết chắc chắn hôm nay crush của tao không bị thịt . ahihi .,0,0,0.0002896677178796381
"chị thích con gái mạnh mẽ , cá tính .",0,0,0.00029110017931088805
cho dù em có dành được bao nhiêu học bổng đi chăng nữa nhưng mãi mãi em sẽ không thể có được tôi 😅,0,0,0.0008485200814902782
cười ỉa :)),0,0,0.00025361537700518966
lợi ích của việc giữ vững quan điểm 😄,0,0,0.0006054700934328139
"chời , dễ thương quá",0,0,0.00023807976685930043
t cười đấy . thế tao thả haha nhé . mà dume đấy là cháu tao . thế bây giờ không có icon vừa khóc vừa cười à :]],0,0,0.00023681063612457365
nếu là tao thì tao sẽ không ăn được miếng nào,1,0,0.002438116120174527
nghe mát lòng mát gan thế ????,0,0,0.00021589055540971458
lúc bé mình rất sợ,1,0,0.0004924212116748095
chưa bao giờ bắn trúng thứ gì 😆.,0,0,0.00035807015956379473
thôi xong . chia buồn cùng quý quốc,1,0,0.00031961529748514295
thấy tội nó ghê ????,1,0,0.000282639724900946
ngày bé tao bị nó dí thế là tao cho nó 1 gậy 🙂 hôm đó tao được ăn thịt ngỗng,0,0,0.000439165421994403
đã sáng suốt hơn năm ngoái nhiều . ka ka,0,0,0.00042391178430989385
tưởng tao sợ ư từ cái lần mày dọa rắn tao và tao rơi điện thoại cuối cùng vỡ màn hình là tao đéo sợ nữa nhớ,0,0,0.0002962436410598457
"công trình 850 năm tuổi , xây dựng 100 năm mới hoàn thành chỉ còn là đống cháy sắt vụn .",1,0,0.00037262134719640017
đau bụng quá ự ự,1,0,0.000449583021691069
"đang ỉa xem cười như điên , kkk",0,0,0.00045594715629704297
hành động đẹp,0,0,0.00028050580294802785
đúng là vàng trắng .. nhưng mà trắng tay :(((,1,0,0.00025906634982675314
thanh niên co ́ em hoan hy ̉ qua ́ :))),0,0,0.0002276965678902343
buồn cô lắm,1,0,0.0003706299758050591
"thích cái câu "" em không yêu anh nữa ""😊😊",0,0,0.0002725415106397122
"anh luôn nghĩ thế giới này không có gì đáng sợ , cho đến khi anh không còn thấy em nữa",1,0,0.0025538380723446608
mình chụp mấy lần liền chả thấy bác sĩ cho mặc lớp áo gì cả 😭😭😭,1,0,0.00033276734757237136
"hồi bé đi mua xôi bị một đàn ngỗng đuổi 🙂 may mình đi xe đạp không thì ăn lol ** với chúng nó , cái thứ mất dậy 🙎🏻‍♀️🙎🏻‍♀️🙎🏻‍♀️",1,0,0.0003126051160506904
a đến sớm hơn nhé 😆,0,0,0.0002286675153300166
tao ấn tượng anh đầm hường ghê 😂,0,0,0.0002893012424465269
đáng yêu thế bà đẹp gê,0,0,0.00022571507724933326
cười ỉa phút 1 : 11,0,0,0.00030231670825742185
sao không cắt móng chân cho em ... nhìn mặt cute mà thấy móng chân em sợ phết,1,0,0.00026873973547481
per cđ chỉ cần đơn giản như thế đã ấm lòng thế ... rơi cả nói chuyện mắt ...,0,0,0.00024981776368804276
huhu sợ vãi luôn á,1,0,0.00030245797825045884
per mày cũng cắt tóc giống thế đi cho đẹp =)))),0,0,0.0002711101551540196
ráng ăn cho nhìu vô ỉa cục cức dài hơn móng tay ổng luôn kk,0,0,0.00023403963132295758
tiền nhiều để làm gì khi tình không còn,1,0,0.0005558368866331875
cài lò xô huyền thoại,0,0,0.0003068975347559899
sở khanh như boss chịu liền .. đẹp trai quá trời ui,0,0,0.00023315542784985155
chỉ còn lại tro tàn,1,0,0.0009982384508475661
huhu lần trước đi chụp răng . thằng kĩ thuật viện cho bạn vào cái máy to đùng xong nó bảo ngồi im . nó bật máy xong chạy ra ngoài đóng cửa với tốc độ ánh sáng .,1,0,0.00034367069019936025
mẹ tao vừa đọc xong còn tag tên tao vào . bọn mày có cách nào trưa nay không về nhà mà vẫn có tiền ăn cơm không chỉ tao với,1,0,0.00032978184754028916
độc nhất vô nhị . kkkk,0,0,0.0005368830170482397
thề nhìn họ hôn nhau thôi mà nổi hết gai ốc . chưa dám nghĩ tới xxx . chắc thốn lắm . lạnh sống lưng thật .,1,0,0.00033893389627337456
là gặp đúng người nhưng lại chẳng đúng thời điểm . cuối cùng vẫn là chúng ta bỏ lỡ nhau 😥😥😥,1,0,0.0003147355164401233
quả nhiên chồng con nhà người ta đéo bao giờ làm tao thất vọng 😄,0,0,0.0008137403056025505
họ đã cho ta có mặt ở trên cột đời này rồi còn gì bằng nữa chứ,0,0,0.00040092054405249655
tôi đã giữ lại mấy cái giấy note đã ghi chú khi nào kiểm tra =))))),0,0,0.0002948137407656759
"suốt ngày trật ray , còn hay không sự phù hợp hệ thống ray - tàu với hệ thống đường sắt vn",1,0,0.0006877689156681299
một mình tao ăn hết 1 nồi lẩu từ lúc tối 😭,1,0,0.0003958258603233844
"thời buổi bây chừ chuyện gì cũng có thể xảy ra , vậy nên thôi trất , đừng nên tin ai",1,0,0.0005843886756338179
mỗi lần quyết tâm bỏ mà lại thấy cười . đm đời,1,0,0.0003129862598143518
có những ngày làm tới đâu là sai tới đó :)) muốn tát vào mặt hết sức,1,0,0.00032654847018420696
nhìn vừa tội vừa thương ????,1,0,0.00025548363919369876
giao lưu tí không . tự bấm chứ không mua =))),0,0,0.000257016479736194
nhà tao còn nè,0,0,0.00032571458723396063
bữa cơm trưa nay tăm tối như cái ava của tao vầy :((((((,1,0,0.00026119229733012617
t thấy nó cười hoài mà không bao giờ nó cười với tao cả :((,1,0,0.000275158672593534
2 năm rồi và đã kết thúc rồi,1,0,0.00029643040033988655
cách tốt nhất là đứng lên và chọn 1 nơi khác để tìm 1 thứ tốt đẹp hơn và dễ viết hơn :)),0,0,0.00033247304963879287
"xã hội thật phức tợp , huhu . không muốn sống chung loài người nữa , tao về núi đây",1,0,0.00024973254767246544
tội cả con quá 😭😭 một lũ vô nhân tính đã hủy hoại những mầm non tương lai .,1,0,0.0002877569058910012
"tao nói té 1 cái không dập mề thua gì cũg thua , trĩ nội trĩ ngọai nguyên chùm =)))",1,0,0.00022916035959497094
"per tải thử cái này cho cún đi chị , hay phết này",0,0,0.0002099011035170406
cổ tích thôi nhé . tao mới bị hỏi vì rẽ không xi nhan . và anh chỉ nhẹ nhàng phán 1 câu : ‘’ 2 triệu đưa đây không thôi mai cầm 3 triệu lên đồn nhận xe nhé ’’ anh thật là dễ thương 🙂,0,0,0.00023368041729554534
cưng quá :))),0,0,0.00023447228886652738
nơi ấy giữ lại những kí ức tuyệt vời,0,0,0.0002153769601136446
cô gái này thật dễ thương “ anh cứ nhắm mắt làm đại một lần thôi mà “ 😂😂,0,0,0.0002501195122022182
tao nhớ không nhầm hôm nay nó đến tháng vậy là sẽ không bị đâu nhỉ,0,0,0.0004425343358889222
má toàn truyện trong mơ không hà mắc cười quá 😂,0,0,0.00022154963517095894
"động lực là tình yêu . vì sau khi chia tay , tôi đã thấy mình vô dụng trong một thời gian dài .",1,0,0.060414593666791916
ngày xưa cũng như này trong lúc mối quan hệ bắt đầu nhạt :) haiz,1,0,0.0003422745503485203
nay buồn :(((,1,0,0.00030970890657044947
tối mà tắt đèn gặp mặt nó với cặp mắt nó là tao còn sợ hơn thấy ma,1,0,0.0004394030838739127
per ối bạn ơi quà sinh nhật mình đây rồiiiii,0,0,0.00024859319091774523
câu chuyện mọc sừng được bắt nguồn từ đó 😀,0,0,0.0010062120854854584
và vui mừng hơn khi biết tin chị vợ ở nhà vừa sinh hạ em bé được 1 tuần,0,0,0.000712903100065887
nghe ngọt thế :((,0,0,0.0002305181697010994
thích thật,0,0,0.000301943946396932
tao xem mà cứ sợ nó ngã vãi 🙂,1,0,0.00029634873499162495
bỏ thế lồn nào được :(,1,0,0.00136979587841779
"thanh xuân của tớ gặp cậu rồi , 4 năm rồi , chỉ có điều vẫn là 2 đường thẳng song song",1,0,0.000356781471055001
xem hết mới biết cái video nó không phải video hài thấy buồn buồn 😪,1,0,0.0002310603449586779
nghe nguồn tao biết được độ chân thực của câu chuyện rồi 😂😂😂,0,0,0.00035499787190929055
hạnh phúc thật :)),0,0,0.00026219483697786927
kiểu định share vì thấy tinh thần khá hơn nhưng đọc bình luận xong kiểu nhiều đứa còn tiêu cực hơn mình :<,1,0,0.00022637222718913108
t nghe thấy nó nói gì tao chết liền,1,0,0.0012696722988039255
mong ông bà được nhiu sức khỏe,0,0,0.00029978068778291345
đó là những nơi khác . chứ chỗ làm của em . anh chị đáng yêu v đáng quý . em học tập được rất nhìu kinh nghiệm .,0,0,0.00022786050976719707
hết hồn chim én,1,0,0.0002678071614354849
con đường này chắc dành cho mấy người như tôi,0,0,0.0005991705693304539
chắc là năm lớp 4 5 gì đó :)) tao mua bánh kẹo đem vô lớp bán lẻ lại ... mỗi lần đem bán như vậy chắc cũng kiếm được lãi 2 - 30k 😂,0,0,0.0003029376093763858
già còn thích phi công =)),0,0,0.0002851419849321246
chuyện tình huyền thoại của per với per :(,1,0,0.00048559284186922014
để tao nấu thì quên luôn . xác định tối đó đói :((,1,0,0.00031788350315764546
mình trả phòng là chăn ga gấp gọn gàng . đồ đạc hẳn hoi trả người ta . dù sao mình cũng như người ta bẩn dọn mãi không sạch ai chẳng điên,0,0,0.00029884581454098225
chỉ cần thích cái là muốn rụng tim,0,0,0.0005898114177398384
công an béo như lợn không đuổi nổi tội phạm 😂😂,0,0,0.00035581275005824864
khổ người lao động thôi,1,0,0.1448146402835846
moá nhìn rùng hết cả mình,1,0,0.0003263368271291256
"trước tao cũng tin vào tình yêu chân thành lắm , niềm tin chết rồi",1,0,0.0027234836015850306
vcb thu phí dịch vụ cao có khác . lương nv cũng hơn chỗ khác :)),0,0,0.00029659661231562495
bư ̃ anh trước mới nghi ̉ xong tao đi đa ̀ nă ̃ người chơi 3 nga ̀ y xong vê ̀ kho ̉ em re =))),0,0,0.0003544134087860584
có thì tốt nhất đừng có giận vì ngoài kia bất cứ thằng nào cũng sẵn sàng dỗ dành bạn gái của bạn 😋,1,0,0.0004913744633086026
"đấy gọi là biết ngu mà vẫn đâm đầu vào , giống tao :)",0,0,0.0002921672712545842
tao cũng có 1 người bà như trong video nhưng bà ấy qua đời rồi 🙁🙁🙁,1,0,0.00039670453406870365
bắt võng nằm cho sướng,0,0,0.00036635357537306845
phim này ý nghĩa lắm,0,0,0.00024350736930500716
thú vui đặc biệt vãi :v .,0,0,0.00024960256996564567
ny tao đbh dỗi . chọc kiểu gì cũng không dỗi . đáng yêu vãi 😂,0,0,0.00023162194702308625
ko sợ gì chỉ sợ con ml ý 😞,1,0,0.0004090852162335068
quá hay cho admin,0,0,0.00020812744332943112
per gặp tao chắc tao đái trong vần 😅😅,1,0,0.00029473056201823056
ngày nào cũng ngủ với mẹ rồi mà vẫn còn tiếc :))))),0,0,0.0002256759034935385
tao thích vẽ . nhưng vẽ xấu từ đó chuyển hẳn sang mê chụp ảnh .,0,0,0.00040744690340943635
t thấy dễ mà . không biết thì học khác biết . ez vãi,0,0,0.00026898528449237347
còn gì hơn lòng dạ đàn bà ... cũng may tao là một con đàn ông :)),0,0,0.00024397681409027427
thôi xong tao rồi :((,1,0,0.000312878837576136
cảm ơn bạn vì đã chia sẻ cũng như đã luôn sáng suốt để không làm gì sai,0,0,0.0003106863587163389
bộ phim hay ý nghĩa nhất từng xem,0,0,0.00021461336291395128
bài viết đọc rất sướng .,0,0,0.0002241223701275885
con này chăm sóc n là n bao đẹp ><,0,0,0.0002741411153692752
ừ thì là chuyện cổ tích . cháu đang đi đường thẳng gặp mấy chú thì phải rẽ ngang . 😢😢,1,0,0.00031070056138560176
cưng gì đâu,0,0,0.00037091056583449244
lâu quá mới nghe lại bài này buồn thế,1,0,0.0002320474450243637
per eo ôi làm nhớ hồi nhỏ đi học mẫu giáo quá :))),1,0,0.00021599617321044207
ngày cuối cùng thực sự buồn,1,0,0.00041814844007603824
hú hồn hà,1,0,0.001353649073280394
aw giống tao vậy =))) mấy thứ linh tinh tao còn để nguyên vào 1 cái hộp bự cơ,0,0,0.00024871242931112647
khóc muốn rơi cả mắt,1,0,0.002100638346746564
có những ngày mọi thứ nó bỗng ập đến,1,1,0.9106135964393616
bộ phim đáng xem đó mấy man,0,0,0.00022225968132261187
một đứa sợ sấm chớp không thích hình ảnh này huhu,1,0,0.0003213167656213045
per đây . cô gái bán hàng thú vị đây . phải xem cho hết,0,0,0.0003124650684185326
nuốt được cục tiền đó cũng hay đó ( y ),0,0,0.0002345679677091539
rất nguy hiểm,1,0,0.001357196713797748
:((( tôi vẫn chưa sẵn sàng để đi học mà,1,0,0.000431723688961938
khang khang 1 thời cùng nhau vui say ! bjo thì khác rồi thân ai nấy lo hở chị hố hố ;)),0,0,0.00023658270947635174
"nhìn cảnh này mình nhớ lại cảnh ông ngoại mình đứng ngay quan tài bà ngoại khóc nức nở . bà đi rồi để ông ở lại một mình , đau lòng quá",1,0,0.000270578486379236
"tụi mày có hiểu được cảm giác , muốn bắt chuyện mà không dám bắt không ?? tụi mày có hiểu được cảm giác vờ ngủ gục để nhìn nó không ?? tụi mày đã từng nhìn nó thật kỉ , thật tỉ mỉ chưa ?",1,0,0.00044091593008488417
"sao vẫn còn người tốt trong xã hội này , đáng khâm phục",0,0,0.00029553307103924453
rất tiếc cho 1 bài quyền,1,0,0.00023133789363782853
nhện này trong nhà tao chắc tao bỏ nhà đi mất 😱🤯,1,0,0.00036517411353997886
mình cũng có con mèo đực nuôi được 1 năm thì nó biệt tích 1 năm sau nó về rồi 1 năm sau thì nó mất .... buồn,1,0,0.00036299179191701114
"mẹ kể hồi nhỏ nuôi con ngỗng thay chó canh nhà . ăn trộm mà vào thì chạy đằng trời với nó , cả bầy lao ra quạt với táp , khi gia đình vác gậy chạy ra thì thằng ăn trộm nó ôm cây trên tít cành cao , áo quần tóc tai lủng máu me tè le . gia đình phải cứu ăn trộm má mấy mẻ còn không tha , 2 3 con vẫn dí nhảy hàng rào dí theo ăn trộm . phải nói dí bao dai mà cục súc vê lờ .",0,0,0.00034238991793245077
cái kết có hậu quá :)),0,0,0.000259303575148806
thấy cờ rút trên tờ polime là tim rụng rời liền,0,0,0.0004423519130796194
chuẩn bài =)))),0,0,0.00029180763522163033
"per huhu đúng quá nè :< sư phụ đi rồi , còn per thôi , đừng đi đâu nữa nhaaa 😢",1,0,0.00022306259779725224
"chuẩn luôn , áp lực công việc cũng không bằng mối quan hệ với đồng nghiệp",0,0,0.0006301975226961076
ui sồi ôi đốn tim vãiiiiiiii,0,0,0.0003209007263649255
per tao mãi mãi bị con này ám ảnh từ bé đến giờ . thứ gì mà đéo thể yêu thương nỗi . nghe tiếng nó kêu là tao bỏ chạy trăm mét 😒,1,0,0.000637040997389704
per hết tiền thật sự :(,1,0,0.011851909570395947
chuyển từ thất tình sang muốn chết vì quá chán :((,1,0,0.001008666935376823
"mong là chuyện không có thật , chứ có thật thì đau lòng vãi ra 😪😪",1,0,0.001580052892677486
đơn giản 🙂,0,0,0.00037767141475342214
tại trà sữa làm tao mập chứ tao có muốn đâu :(,1,0,0.0009675389155745506
"vui nhất là câu "" lấy ghế ra ngồi nhìn """,0,0,0.00031294533982872963
xem video cu ̃ người cho ́ người hê ́ tao ca ̉ mă ̣ tao,1,0,0.00027536755078472197
"tan rã hết rồi , giờ toàn đánh lẻ thôi 😭😭😭",1,0,0.0002554870443418622
hên là đụng nhầm người chứ đụng trúng cái là rụng trứng cả bày cả lũ -)),0,0,0.00024726588162593544
trông anh thần thái vãi :v,0,0,0.00026498892111703753
cười muốn tắt thở 😂😂😂,0,0,0.000725704594515264
khiếp quá đi tụi con ơi,1,0,0.0003919095324818045
bây giờ nhìn vào cứ kiện tụng mà nãn :((,1,0,0.00026021103258244693
uiii xinh gái thế ...,0,0,0.00021851775818504393
per ê xem đi phim này lâu rồi nhưng mà hay lắm,0,0,0.00019821993191726506
"xem phim mà cứ nhìn cặp chân của ổng , chân gì mà dài thường thượt . chồi ôi 1m87",0,0,0.0002398219658061862
thất tình đi nghe nhạc chúng nó còn ngồi trước mặt ôm nhau . hận,1,0,0.0002513451618142426
ha ha chịu không nổi luôn !,0,0,0.000476405315566808
cắt cả thắt lưng da của bố để làm ná 😂😂,0,0,0.00036367535358294845
học giỏi lại xinh xắn hì,0,0,0.00022022932535037398
đú quan trọng bởi người tao yêu củng không đi chơi valungtung thế là tao vui rồi :)),0,0,0.0002507434110157192
"bị chó rượt cũng không đáng sợ bằng mẹ này . gặp chó mà có ý định rượt thì đứng im hoặc đi nhẹ nhàng nó nghỉ rượt . còn mẹ này chạy mẻ rượt , đi nhẹ mẻ rượt , đứng im mẻ mổ như mổ thức ăn . thiếu điều muốn quỳ lạy van xin mẻ luôn .",1,0,0.0002791630395222455
cái video đầu làm hết hồn per per,1,0,0.00023755873553454876
người gì đâu mà dễ thương quá chờiiiii,0,0,0.0002279128966620192
chủ tịch đi nặn mụn ở tai và cái kết khóc thét,1,0,0.0004250963102094829
"mất đi một di sản , chứng tích của lịch sử 😓",1,0,0.0003997329040430486
em đi bộ chết mẹ đây này,1,0,0.0003848313936032355
chuẩn con mẹ nó cơm oy 😂😂😂,0,0,0.0002091088827000931
không biết đến 2021 tao có lấy được chồng không nữa :((,1,0,0.0003609728591982275
chia buồn cùng nước pháp,1,0,0.0004235971427988261
thiếu cái que chấm dầu là ổn 😂,0,0,0.00036787858698517084
🙂 thanh xuân của em đã từng có khoảng time tươi đẹp,0,0,0.0004131471214350313
ai cho mình xin page của con này với thích xem nó live stream bán đồ gê,0,0,0.00028426063363440335
vl bố tao đang ở đây mà chắc sáng mai mới về mất ??,1,0,0.0003860761353280395
"tao là trùm nấu cơm kiểu này rồi ,, còn bây giờ mất điện thi nấu bằng bếp ga :))",0,0,0.00026669976068660617
per huhu nhất là mấy bài không cho chất thử á :(,1,0,0.00026053693727590144
tán gái hay vãi,0,0,0.0002336162724532187
cười vãi :))) tếu thật sự luôn ý,0,0,0.00021840650879312307
khớp vãi =))))))) mặt con bé,0,0,0.0002550917852204293
nhưng nó giỏi và bản lĩnh đó,0,0,0.0004893565783277154
tuyệt vời,0,0,0.00023419006902258843
t thề hồi nhỏ qua nhà ông hàng xóm vá xe tao bị con ngỗng dí chạy xúc quần quanh nhà ổng vừa chạy vừa la làng tới giờ nhớ lại vẫn còn hãi 😧😧😧,1,0,0.00032605757587589324
thông minh lắm,0,0,0.0003639762580860406
bà ngoại của em đáng yêu hơn thế này nhiều,0,0,0.00032706817728467286
bé gái đáng yêu quá ??,0,0,0.0002097162650898099
buồn thật ấy,1,0,0.000340628728736192
uớc gì sau này về già vẫn có thể như cụ này :)),0,0,0.00034315555240027606
cư ́ như kiê ̉ u =))) ngươ ̀ i yêu,0,0,0.0002906886220443994
tao sợ ma nên không dám coi lun,1,0,0.0005129517521709204
ai muốn đi thái hè này với tôiii nào cũng chim ưng phết đấyy :))),0,0,0.00024582797777839005
"phim này quá hay . xem đi xem lại mãi không chán . đặt tay lên ngực "" mọi chuyện đều ổn "" câu nói kinh điển",0,0,0.00021473740343935788
tại sao anh cứ mất công giận dỗi trong khi người xin lỗi vẫn là anh =)),0,0,0.00033307293779216707
giống y bố tao 🤣 ngoa khủng khiếp nhưng mà nhà tao vui vãi_chưởng 🤣🤣. điểm danh nhà bố học giỏi văn nào 🤦🏻‍♀️,0,0,0.00022439412714447826
à thì ra là như v =)))),0,0,0.00032641339930705726
"per anh không nặn đi , mai mốt nó sẽ chaii dầy nè hihii :)))",0,0,0.00023841962683945894
ngã nhìn cũng thấy yêu 🤣,0,0,0.00029215667746029794
"cũng chuẩn , giờ khởi nghiệp vậy phá sản chỉ mấy tháng đầu",0,0,0.00031331850914284587
"hôm trước tao đi chơi về đường vắng nên chạy nhanh , vừa qua cua anh cảnh sát chạy ra chặn làm tao sợ chetme vì giấy tờ không có bằng lái thì chưa thi lại còn thiếu abcxyz",1,0,0.0003819318662863225
rớt vô đây chắc chắc khóc tiếng thái lan,1,0,0.00029545699362643063
đỉnh của đỉnh 🙂,0,0,0.0009393127402290702
bà nuốt quả chuối tao cười tao ẻ,0,0,0.0002783600939437747
"có những con người luôn phải chịu đắng cay , cta không được chọn gia đình , bạn bè và càng không có quyền lựa chọn cuộc sống này . hãy vui lên với tất cả những gì ta đang có dù là hai bàn tay trắng",1,0,0.0011783319059759378
đi bao xa mới thoát đựoc kiếp không có người yêu ? :<,1,0,0.0003348441096022725
"gặp cái này "" sun "" mẹ nó vào ... :))",1,0,0.0002604845503810793
tội bà vợ,1,0,0.0003328257007524371
per 😢😢 miss you .. chính xác luôn ak hậu,1,0,0.00021392609050963074
chắc ỉa ra quần chứ đéo đùa -.-,1,0,0.0002678816963452846
tôi cùng hoàn cảnh với bạn má tôi củng bệnh và từng ngày từng ngày tôi bên má tôi sợ giây phút má bỏ tôi ra đi và ngày đó củng đến ai còn mẹ hảy quí từng giây từng khắc bên mẹ,1,1,0.9992471933364868
thua cả người ta 😞,1,0,0.0002781704533845186
tính ra tao lúc nào cũng hài hước vui vẻ luôn đó trời :)))),0,0,0.0002325249370187521
thật đáng sợ,1,0,0.0004525899712461978
sợ xanh mắt mèo,1,0,0.00038292183307930827
ấy thế mà đã 6 năm rồi . bây giờ còn không nhớ được những đứa nào đã học cùng mình nữa rồi 😪,1,0,0.000314575299853459
"per lại nữa , tao dg suy nghĩ có nên đi bằng rap về không",1,0,0.0002967207692563534
per tao thấy tao trong đó ahahahaha,0,0,0.0009515660349279642
"em ơi , hết rồi 😔 hết rồi , chẳng còn chi nữa đâu em ...",1,1,0.5054128170013428
hello đồng nghiệp ;)))) không biết nghiệp gì thôi haha,0,0,0.0002188428188674152
"cái này ở shop đồng giá 40k aeon có nè , tê tới dái luôn",0,0,0.0003089483652729541
nhìn stt đồng cảm khủng khiếp .,1,0,0.00027647431124933064
một câu chuyện bi đát :((,1,0,0.0002983672311529517
haizzz ... thế là chưa có kq gì tốt đẹp cả ..,1,0,0.00023524659627582878
để có được cái nắm tay tuổi già là bao giông bão của tuổi trẻ . mấy ai qua được bão giông ?,0,0,0.0003807765315286815
"đấy , nó đấy . con tim tao đau quá .",1,0,0.0003674145555123687
gặp em đúng lúc nhưng sao anh vẫn thấy mình cô đơn quá .,1,0,0.0002769462880678475
nhớ lại thời đi học xa nhà . bếp dầu ... :(,1,0,0.00032069458393380046
"con gấu trúc , cho nó ăn trúc đi =))) tướng ngồi nhìn cưng vãi",0,0,0.0002498594985809177
nhưng nó sẽ to và rộng ra :(,1,0,0.0016386571805924177
haha còn tao thì thấy nó lúc nào cũng đáng yêuc 😄😄😄,0,0,0.00023130941553972661
"đừng tin vào lời ong bướm , đó là hố sâu , là cạm bẫy tình yêu =))",1,0,0.00030299683567136526
bây chửi kệ bây ! riêng tao thik phá trong trường hợp này 😂,0,0,0.0003619690833147615
ở chỗ khác chắc gì có đứa béo như mình !,0,0,0.00033195834839716554
"yeahh ! tao giờ đã là khách quen quán trà sữa đó rồi , về nhà cũng phải ráng tạt qua",0,0,0.00028760277200490236
cái miệng nói chuyện không có người phụ nữ nào có trời ơi thật là có duyên khiếp quá đi thôi,0,0,0.00026032517780549824
cưng quá đi,0,0,0.0002707301755435765
một phút huy hoàng rồi chợt tắt còn hơn le lói giữa ngàn thu,0,0,0.0003211694420315325
"bộ phim này xem rất sướng . và rút ra được khám phá là thứ tuyệt vời nhất chứ không phải bằng cấp . giá như mấy ông "" bộ "" và mấy ông "" ngành "" dành thời gian xem phim này một lần .",0,0,0.0002441219985485077
aeon tâm lý thế :)) mày . n vào mua que kem tránh nóng,0,0,0.0002690955880098045
per vui quá .. đi dạo được ven hồ rồi 🙂,0,0,0.00022224803979042917
thế làm sao dỗ bạn gái đang giận :(,1,0,0.0003375363885425031
vãi :)) độc đấy,1,0,0.00023011256416793913
tao bị bỏ rơi rồi,1,0,0.0005232615512795746
🙁 bị rớt tiền,1,0,0.0004112223396077752
phần còn lại là nỗi nhớ và những lần thở dài :((,1,0,0.0006155598675832152
"tao rợn hết người luôn , ghi công mày 😑😑",1,0,0.00024804865824989974
"đây là tao khi bảo "" tao biết đường mà , tin tao ."" 🙂",0,0,0.0003765028668567538
đã sợ chó rồi thì chớ lại còn bị đùa zai như này . ai sợ chó đã từng trải sẽ hiểu :v,1,0,0.0002744628000073135
hic hic mình còn chả bao giờ được giận lại ấy chứ :((,1,0,0.0002432228793622926
gãy tay,1,0,0.0005568749620579183
cho em xin tên facebook của c trong video để khi buồn em có thứ mua vui ạ . cám ơn mọi người,0,0,0.0002383677929174155
đợi đến ngày họp lớp đi 😪,1,0,0.0002915254153776914
"võ nghệ cao siêu đến mấy cũng phụ thuộc vào hung khí , em biết được điều này lên không bao giờ em học võ mà tự xắm cho mình khẩu hoa cải !",0,0,0.00037819851422682405
chia buồn cùng người dân và đất nước pháp,1,0,0.00037632728344760835
và khi quay lại nói chuyện với nhau .... biết nói gì giờ huhu,1,0,0.0003169383853673935
"lớp 2 xí mót được cái chong chóng , bán lại cho thằng hàng xóm 500d .",0,0,0.00028319269767962396
yêu sắp 2 năm rồi mà không biết người yêu kể chuyện cho nghe là gì 😢 đòi mấy lần toàn kêu không bình thường xịu xịu,1,0,0.00027432621573098004
buồn cười nhất cái đoạn cã lũ bạn đồng thanh * chó nó lấy * 😂,0,0,0.00024315333575941622
ờ công nhận đáng sợ vãi 😭,1,0,0.0002771541476249695
đọc nhiều chuyện cổ tích vầy thấy yêu cuộc sống hẳn :)),0,0,0.00024108632351271808
giun xào đĩa luộc là ngon ngay 😂😂😂,0,0,0.0002590384101495147
mỉa mai cực mạnh =)),0,0,0.0002391244488535449
chia buồn với gã lưng gù 😥😢,1,0,0.0002786543336696923
con gái hay ảo tưởng như vậy lắm 😌,1,0,0.0003251319576520473
có ai thấy tội ông cụ như tao không 😭,1,0,0.0003217259654775262
"ê tao cũng hay giữ mấy cái linh tinh lại như vậy để vài năm sau mở ra xem lại có cảm giác hoài niệm , mà mẹ tao bắt tao vứt hết rồi 😢",1,0,0.00035900293732993305
"đấy , chỉ có sale như tao mới tốt thôi , tao không bao giờ hỏi về nỗi đau của khách hàng : x",0,0,0.0003602594952099025
lâu rất lâu mới gặp được lần rồi liết mắt nhìn cái :)))) chưa thấy nó cười,1,0,0.000250887154834345
ra xong bảo anh ý ship em về nhà luôn được không . xe em bị hỏng mất tiêu rồi =)),0,0,0.00030012440402060747
per cảm ơn tôi đi . thấy tầm quan trọng của máy chém gió chưa,0,0,0.00025678257225081325
mỗi lần coi lại sởn gai ốc,1,0,0.0003072031249757856
khổ nhân viên,1,0,0.00030091573717072606
thật sự đọc xong thấy hơi rưng rưng,1,0,0.0002802048693411052
phim này hay dã man luôn - có ai biết phim nào kiểu dạng này nữa o 😍😍😍,0,0,0.00020789401605725288
nói xong còn chả dám ăn nữa 😂😂,1,0,0.003442310029640794
người trái đất thật đáng sợ mà - _ -,1,0,0.0003032716631423682
nhớ hồi mình làm đồng nghiệp ghê :))),0,0,0.00022677640663459897
bếp dầu ngày xưa thật ý nghĩa,0,0,0.0002619359875097871
có khi nào kết hôn xong nó giết lấy tiền bảo hiểm không,1,0,0.00037587014958262444
"per như một cú tát vào mặt , đau lòng quá đi",1,0,0.0006099548190832138
lâu lắm rồi chưa ăn được miếng cơm cháy .,1,0,0.0007200283580459654
"ước gì con về với mẹ .... đợi mấy tháng rồi vẫn chưa thấy bóng dáng con , mong con vẫn sống ...",1,0,0.0008721979684196413
cả ngàn tin nhắn không đổi lại được 1 lần xem :((,1,0,0.0002559415006544441
cảm thấy sợ mấy thứ suy nghĩ cổ hủ của người lớn :(,1,0,0.0003975981962867081
để nó vậy không thấy tội sao,1,0,0.00046327104791998863
nhìn qua ảnh thôi cũng thích =)),0,0,0.0002817212662193924
con bé xinh ghê,0,0,0.00021376562654040754
"yep . chính tao . đi vệ sinh thôi cũng phải đảo qua , mà giờ thì người ta sắp đi lấy chồng rồi",1,0,0.0002997732372023165
cũng dể thương đấy chứ,0,0,0.0002422799589112401
phải có bao nhiêu tình cảm mới có thể viết ra được những dòng này ...,1,0,0.0005141465808264911
buồn dễ sợ mà huhu,1,0,0.00025318245752714574
đẹp trai quá,0,0,0.0002599630388431251
"trời đụ , tội bé",1,0,0.0003126536903437227
mang anh này về nhà luôn được không 😻,0,0,0.00026148633332923055
gia đình thì không còn . tình yêu thì chưa có gì chắc chắn . 😏,1,0,0.0003871955268550664
"chơi game :v cấp 2 trộm tiền bố mẹ đốt gần 10tr vào game , cuối áy náy không chơi nữa nên ngồi bán nick được khoảng 2tr cũng gọi là thu nhập đầu tiên :v",0,0,0.00023210144718177617
bà về nơi phương xa mất rồi . nhưng với tớ bà là người dễ thương nhất trên đời . chỉ muốn ngả vào lòng ngoại nghe kể về những câu chuyện cổ 😘,1,0,0.00040618283674120903
"anh giờ thích ai rồi , không còn giữ câu nói trước kia nữa đâu nhỉ . ừ gần 1 năm rồi cơ mà :((",1,0,0.0003180823696311563
nhớ lại kỷ niệm này buồn quá,1,0,0.00026712275575846434
còn tao thì 14 / 2 này trở đi tao không còn fa nữa mà chuyển sang những người già neo đơn .. kkk,0,0,0.0003914989938493818
chả vị nước mắt à 😔,1,0,0.0002941172569990158
ngưỡng mộ quá đi ạ . chúc 2 ac mãi mãi hạnh phúc như này nha :))),0,0,0.00020603137090802193
phìm này rất rất hay đôi với ai sống hướng nội !,0,0,0.0002472529304213822
:v crush có người yêu rồi,1,0,0.00024255132302641869
"trên đường tao đi làm cũng có 2 con , mỗi lần chay tới là nó vương cổ ra như kiểu muốn hút tao trong khi tao không làm gì nó , cứ mỗi lần chạy tới là tao cách ly cả "" nghìn mét "" với nó , thấy nó sợ bỏ mẹ . đúng chất con ngang",1,0,0.0003555303264874965
cầu mong chú có cuộc sống tốt hơn ❤,0,0,0.0024616005830466747
thề lun anh ấy rất kĩ thuật lun á,0,0,0.0002505904412828386
moẹ ! nghe cái tên đã hấp con mẹ nó dẫn lắm rồi đây này ! đjln ??????,0,0,0.0002621088642627001
được bác ạ !! cứ lấy vợ giàu là được tuốt =))),0,0,0.000261983455857262
hên là chay ra kip,0,0,0.0002851194585673511
per tìm ông bán xoài này ngay cho em 😂😂😂,0,0,0.00024447464966215193
cười ỉa 😂😂 thây nó thét mà tao nghĩ dọn xong nó đi luôn cái cổ họng,0,0,0.0002913222706411034
hay lắm cậu bé,0,0,0.0001978270011022687
có biết bao người có mảnh đời như vậy !,1,0,0.0008205401827581227
per =)))) đáng sợ vãi,1,0,0.0002750815765466541
hhaahhaah ! t đã may mắn như thế 😂,0,0,0.00028049590764567256
maii ban thanh nhung nhớ cái này không hic 😭😭😭😭😭,1,0,0.0002281431370647624
uề ... lại li hôn không thành công ... 😂😂. t buồn cười câu này quá per,0,0,0.0002540093846619129
per thông minh là đây chớ đâu,0,0,0.0002938302350230515
mai xem lại phim nay . phim rất hay .,0,0,0.00020644925825763494
khi em nói 2 chữ muốn dừng là nước mắt không bao giờ ngưng . . . đau,1,0,0.0004816036089323461
đa ́ người yêuc quá ́,0,0,0.0002050211769528687
per anh ơi đừng gym nữa . boxing là đụ rùi :((,1,0,0.0002647096407599747
nhà tao vẫn nấu . à mà lâu lâu tao về nấu một lần thì không cháy cũng nát,1,0,0.00033538692514412105
tội cho cô gái ;((,1,0,0.0002546109026297927
có những người đi qua đời bao nhiêu như 1 cơn gió vậy . vô tình nhìn lại . nó lại là quá khứ ...!,1,0,0.0003201636136509478
"rất dũng cảm , đáng yêu quá",0,0,0.0002151399094145745
"per ít bửa đi coi , trailer thấy hấp dẫn quá",0,0,0.0002194276312366128
per kỷ niệm nè !!!,0,0,0.0002550246717873961
cảm ơn mày đã khai phá cho tao thêm một nét văn hoá đẹp :)),0,0,0.00023587772739119828
ít nhất con nhện nó còn yêu mày 🙂🙂🙂,0,0,0.00028564780950546265
người ghép có tâm 😁😁,0,0,0.00046169012784957886
tao cute mà các mày,0,0,0.0002427711006021127
cưng ghê,0,0,0.00032094019115902483
per chán quá,1,0,0.0006124308565631509
yêu làm mẹ gì rồi phải chia tay người ơi,1,0,0.00034737063106149435
"ôi những con người dễ bị ám ảnh với quá khứ , ôm nhau cái nào",0,0,0.00039986346382647753
định tag anh vào nhưng chợt nhớ ra làm gì có anh nào 😑,1,0,0.0003234580799471587
nhớ không em lời hứa ngày xưa mình bên nhau dưới ánh trăng đã nguyện thề :)),0,0,0.0002620536251924932
"sau 15 năm cắp sách đi học và 2 , 5 năm không động đến sách thì bây giờ đang tự hỏi đây là gì sao mà giải được . huhu",1,0,0.0002859966189134866
cay đắng và mặn :(,1,0,0.0004375045245978981
đm thực tế như này còn hay . tiếc là đéo ở gần mình =)),1,0,0.00021534573170356452
tuy chưa viết hết nhưng tao người khác sẽ hiểu là viết cái gì,0,0,0.0006806828314438462
lúc tối mày cũng nằm mơ nèo nhà mày về . ước gì nó là sự thật 😢,1,0,0.0003378541150595993
per dume đái trong quần,1,0,0.0003180702042300254
mắt 2 mí dễ thương quá,0,0,0.00020694451814051718
tuổi thơ tôi toàn gặp những thằng mất dậy và toàn đánh nhau với chúng . tuổi thơ nợ tôi quá nhiều,1,0,0.00028036863659508526
"nhớ lúc trước có thằng bạn học rất giỏi và đẹp trai , lớp phó kỷ luật lạnh lùng và tàn ác không thương sót ai , ghi hết vào sổ . chỉ riêng mình là có thể giật tập nó để chép bài và đánh nó không thương tiếc mà nó vẫn im lặng , không bao giờ bị nó ghi tên vào sổ . kiểm tra quay phao nó giục bỏ và canh cô đưa bài cho chép",0,0,0.00026541927945800126
"muốn hun , muốn ngắt , muốn nhéo , muốn tán vào cái mặt nó ghê , yêu vãi ??????",0,0,0.00031031924299895763
mình làm ở sài gòn gặp nhiều bạn ở miền ngoài nhưng thích nghe nhất giọng ở phú yên nghe hay hay sau ah có ai vậy không,0,0,0.00024561549071222544
lớn lên sẽ rất đẹp chaiii ??,0,0,0.00023322612105403095
dễ thương ha,0,0,0.0002579053398221731
nhưng đảm bảo coi cái nào là cười sặc cái đó :)) vì nó diễn tệ đến nỗi nó hay,0,0,0.0002438963419990614
xem cả chục lần vẫn thấy hạnh phúc lây với cụ bà 😊 không biết mai sau mình có được vậy không,0,0,0.00024284586834255606
cho thơm miếng nào yêu quá cơ,0,0,0.00021066378394607455
để được maiz ngắm nhìn nụ cười đó nên quyết định chỉ crush mà thôi :3,0,0,0.0004454217560123652
đối với tình yêu thì thời gian có tác dụng xây đắp chứ không còn là phá huỷ mọi thứ nữa . ngưỡng mộ hai ông bà ❤️❤️❤️,0,0,0.00046216967166401446
kinh dị v,1,0,0.0009501826716586947
hồi nhỏ cứ đi qua chỗ nào mà nhìn từ xa thấy bóng dáng mấy con đuỹ này là chuẩn bị tinh thần chạy chứ nó dí sấp mặt luôn dù mình đéo làm gì nó hết 😂 vừa dí vừa ngoác mỏ hét sợ vãi ra,1,0,0.00032297676079906523
"em cũng đi lead này , nhưng đừng gọi em là ninja được không , xin luôn đấy",1,0,0.00030960061121731997
sợ vãi linh hồn,1,0,0.005051684565842152
giống ml em tao hồi n nhỏ vãi . muốn ngủ với mẹ nhưng bị tao nịnh nọt bắt lên ngủ với tao :)),0,0,0.0002650197420734912
ôi vãi mình lên fan cứng rồi cơ 🤗,0,0,0.0002797611814457923
bé gái đáng yêuc quá :))). dth nữa,0,0,0.00022344959143083543
hôm nay anh xin lỗi em về những việc anh đã làm hôm nay .. anh không thể kiểm soát não anh được nữa rồi 🤫,1,0,0.0006123468047007918
từ nay tôi quết định nuôi dưỡng con chim tôi tới già . và tôi mong được unesco công nhận kỳ quan thứ 8 của thế giới,0,0,0.0005992780206725001
và đó đéo phải là tao =))),1,0,0.0003783447318710387
ngọt sớt :))),0,0,0.0002584690519142896
một sinh vật xinh đẹp và hiền lành . tiếc cho nó quá,1,0,0.00023864135437179357
sau khi bố xem video của con xong thì bố rút ra 1 điều . bố không chỉ chửi con lúc con cầm đũa mà bố sẽ chửi con cả ngày thân ái ... yêu con,0,0,0.00028422052855603397
đẹp quá v 😍😍,0,0,0.00021100354206282645
xin đi chơi với bạn ngày tổng kết không cho cứ bắt học miết :)) khá mệt,1,0,0.0002451473555993289
cảm động quá hjxhjx,1,0,0.0008317056926898658
cuối ngày hình ảnh của ông bà là đẹp nhất ... chúc ông bà mãi hạnh phúc sống thật lâu lâu nhé 😘😘😘,0,0,0.000309475464746356
nhìn đôi bàn tay đã biết phải lao động rồi . chị có lấy trai việt không :)),0,0,0.00033509574132040143
là crush ông nào thì chạy ra bế vào nhà dễ dàng có người yêu :),0,0,0.0003161151835229248
ngáo cỏ này đáng yêu nhỉ,0,0,0.00025997296324931085
ai cũng nói tao đẹp troai . hiền lành nhưng chưa biết lúc tao lên cơn 😂😂😁,0,0,0.39124664664268494
nó mới ghé nhà tao đây :)),0,0,0.0002950103080365807
đái mẹ ra quần,1,0,0.0003792397037614137
tao ngồi tao khóc 1 buổi ☹️,1,0,0.0006212320295162499
ra xã hội rồi mới biết mình còn may mắn hơn rất nhiều người vậy nên hãy trân trọng những gì mình có 😊,0,0,0.00026687324861995876
cưng thiệt chớ ????,0,0,0.00024693956947885454
ý tưởng hay 😂,0,0,0.0002441482793074101
nó thả thính xong nó chạy mất ..,1,0,0.0003036257403437048
đang chán đời cắt tóc xong là chán cái mặt hơn chán đời luôn :((,1,0,0.0002475208602845669
ai thấy pha cuối phê vãi không,0,0,0.00024090644728858024
lo cho thang bé lỡ rớt điện thoại xuống nước thì ....,1,0,0.0003084104391746223
tim vỡ nát,1,0,0.0003591191489249468
per em hiểu sao anh đưa em quyển sổ rồi nha kkk,0,0,0.0002895760699175298
bộ phim truyền cảm hứng hay nhất =),0,0,0.0002200926683144644
"mai tao ăn gà , chụp hình bình luận lại cho mày thèm chơi ??",0,0,0.0002493406645953655
"theo mình thì không nên vì định kiến xã hội quá khắc nghiệt , họ sẽ bị tổn thương và nghĩ quẩn",1,0,0.00046049547381699085
"hôm nay ai có vàng bán hết đi , tuần sau mua lại , lời vãi .",0,0,0.00041125257848761976
ai hát tao cho tao nge bài này chắc tao say quá,0,0,0.00027896667597815394
thằng đoạn cuối mặc áo hồng đang định gải đít nhưng vì thấy rắn nên anh ấy đã hết ngứa,0,0,0.00039152693352662027
khoảnh khắc mày nhận ra mày còn đéo bằng 1 thằg nhóc còn trong bụng mẹ :((,1,0,0.00023467377468477935
đem người đó ra biển cho biển cuốn đi lun .. hihii,0,0,0.0003188595874235034
hên crush nay ăn chơi lành mạnh,0,0,0.00023736106231808662
nhiê ̀ u biê ́ n đô ̣ người kha ́ thu ́ vi ̣ =)),0,0,0.0008561200811527669
nhiều lúc em di từ từ chưa kịp đỗ đã có n ra bảo không được đỗ ở đây chán qúa,1,0,0.0004386311920825392
phim này là người cha zombie yêu thương con nè . xúc động quá 😢😢,1,0,0.0002159131836378947
nhìn giống mấy đặc vụ của cia . sợ thế :)),1,0,0.0002913622884079814
per vậy cug nghĩ ra được haha,0,0,0.00025862606707960367
có lúc ngồi một mình mà cảm thấy lạc lõng lắm các cậu ak,1,0,0.0004471176362130791
buồn cười vãi ý,0,0,0.0002884056302718818
"gắng , nhanh khỏi bệnh rồi về bên anh",0,0,0.0005312886205501854
per giải trí =))),0,0,0.00032230495708063245
nụ cười của tôi thiên thần vãi,0,0,0.0006975449505262077
per người yêu công sở nè 😂😂,0,0,0.00023085555585566908
gd năm nay chán,1,0,0.00028064462821930647
chúng ta mất 3s để nói yêu nhau vài 30p để phịch nhau phải không nào,0,0,0.0003029717190656811
phim hay thật nhưng cái kết hơi khó hiểu :v chốt lại là đáng đồng tiền bát gạo :v,0,0,0.00021607382223010063
em không muốn chúng ta già đi chút nào . điều đó đồng nghĩa với việc cta sắp xa nhau 😔# n,1,0,0.0006540149333886802
"khi bạn làm con b sẽ khóc , nhưng khi bạn đã làm cha mẹ bạn sẽ thấy đau lòng .",1,0,0.0007650881307199597
ông trời cho mình lũ bạn cờ hó quá ấy mà :),0,0,0.000246381270699203
biết là đau lòng nhưng sao bản thân vẫn muốn biết nó,1,0,0.0013703744625672698
có duyên nhưng không có phận ... người ở lại vẫn luôn là người đau nhất !,1,0,0.00035020612995140254
nào tao cũng phải thử =)))),0,0,0.0003203459200449288
"đỡ mua 5k tiền sổ rồi , kaka",0,0,0.00025155418552458286
đẹp người đẹp cả giấc mơ 😊,0,0,0.00028852393734268844
per tao cứ thấy giống giống mày :))))),0,0,0.0002498008543625474
phận làm con trai haizz,1,0,0.00032489458681084216
thà chia tay rồi ghét hận nhau còn hơn là đang lúc dang dở thì mất nhau 🙂,1,0,0.00034695578506216407
phim xem hay ... nhẹ nhàng tình cảm ... và cười vkl,0,0,0.0002146512269973755
không thấy không biết lòng không đau,1,0,0.0005463763955049217
"úi sời , gần chỗ mình này",0,0,0.00037819077260792255
"từ nay sẽ không cap màn hình ib nưa , thật tội lỗi tội lỗi",1,0,0.00024358955852221698
uất quá anh ấy cũng phản ứng cãi lại . hì hì đáng yêu quá,0,0,0.00020708132069557905
hahah tao chưa nghe hoàn chỉnh bài này lần nào,0,0,0.00026952181360684335
"những người trẻ với tấm lòng nhân hậu , các bạn thật đáng yêu .",0,0,0.00022898914176039398
đến năm cuối đại học rồi lúc nhớ lại đéo có gì :)),1,0,0.00026246646302752197
đm nhậu say gặp cái cầu lol này chắc tao nằm xuống mẹ cho rồi per,1,0,0.00036574408295564353
là nhìn người ta đi cạnh 1 cô gái mà bất lực không thể làm gì ngoài việc ngồi nhìn và mỉm cười,1,0,0.001045662211254239
đoạn phim này tốn khá nhiều nước mắt của người xem,1,0,0.00037619489012286067
đọc bình luận cười ẻ,0,0,0.00023486179998144507
t có 2 con bạn thân nó thì cao trọc trời còn tao thì ... . buồn,1,0,0.00028397783171385527
dẫu hiên ngang giữa đất trời gặp con vợ đểu thì đời cũng xong,1,0,0.0003364341100677848
"hahaa , đợi em ngủ chút tí ròii buôn :))",0,0,0.00022508538677357137
t định thả sad nhưng đọc bình luận buồn cười vailon 😂 nên thả hahaa :v,0,0,0.00021405423467513174
sao nỡ lòng nào khiển trách bác ấy . còn họp kiểm điểm nữa . tội quá .,1,0,0.00026688294019550085
t gặp quả này thì bỏ xe mà chạy ??,1,0,0.0002996829280164093
"phải nói là hài tàu hay thật đấy , luôn li kì và khó đoán kết quả , ý nghĩa thì thâm sau . hihi thích rồi đó",0,0,0.00021261310030240566
"đúng rồi , kiên trì thêm một chút nữa đi ! :v",0,0,0.0002460971591062844
ngoài kia ! còn có rất nhiều điều tốt đẹp vẫn còn trên thế giớ này ! hy vọng những điều tốt đẹp luôn diễn ra từng giây phút ..,0,0,0.00038328030495904386
đã check rồi lại còn đoán :)) em vui tính giống anh đấy :)),0,0,0.00024260705686174333
per cảm ơn mọi người . do em thích mấy cái văn hoá tưng vùng để tìm hiểu,0,0,0.0002721530618146062
bé tí mà đã có múi rồi :))),0,0,0.0002749541599769145
thấy hơi sợ sợ rồi đấy :(,1,0,0.0009975977009162307
nhìn lũ trẻ yêu nhau mà lòng già xao xuyến,1,0,0.0002959909616038203
per hồi ở tam kì hay nghe ... giờ nghe lại buồn ds,1,0,0.00023233947285916656
"crush đi nhậu rồi say , rồi bị thịt ... hic hic",1,0,0.0002545696625020355
lùn lùn làm sao sống qua nổi những chuyến đi phiêu lưu như vậy,1,0,0.0002995009708683938
cảm động người thầy đưa học sinh đi làm hồ sơ 🙄,0,0,0.00030754480394534767
hôm nay đi qua vẫn thấy nói chuyện thải chảy thẳng ra sông thì bao giờ mới sạch được ... haiz,1,0,0.00041911937296390533
tao còn không dám ăn nói chi ruồi .,1,0,0.0017314143478870392
việc đớn đau nhất . là nhường người mình yêuu nhất cho 1 người khác 😔😔😔. chỉ vì đơn giản không muốn ai phải đau buồn,1,0,0.0005021108081564307
cách xử lý thông minh,0,0,0.0002988631895277649
má nó thú dị thôi rồi 😂😂😂,0,0,0.0003174352168571204
thì đúng là sẽ không buồn vì thất tình nữa :((,1,0,0.0003118410240858793
sợ vãi tè ăn độc 2 quả mọc luôn 2 cái nhọt ở mông đíu hỉu,1,0,0.00028058417956344783
"tao thì chưa cắt thì đã đéo có sức hút rồi cắt , bùn vãi",1,0,0.0005402779788710177
xui thôi chứ quyền đang hay mà 😢,1,0,0.001078584580682218
một năm đầy biến động và thăng trầm của nước pháp ☹️,1,0,0.18133600056171417
per nhờ mất bạn nên mình mới biết 😂😂😂😂,0,0,0.0002986908657476306
chạm đáy nỗi đau 😞,1,0,0.0006759765674360096
"nhìn một cái rồi thôi , chuyện của những năm trước",1,0,0.0003568141255527735
không ngờ tin nhắn riêng tư cũng phải kiêng nể nhắn tin để lỡ có bị chụp vẫn thấy chả sao,1,0,0.00038331098039634526
mỗi mùa trung thu đến nhìn người ta mua bánh tặng nhau mình lại thấy chạnh lòng ! 😞,1,0,0.0003328453458379954
t chắc bỏ nhà ra đi khi ở với bố mẹ kiểu này quá . vẫn may bố mẹ tao không hề giống này tí nào,0,0,0.00039521034341305494
per ơi nhột nhẹ kkkkk,0,0,0.00026180563145317137
t thề với mày là tối thấy cái này chắc đái con mẹ nó ra quần,1,0,0.00036389593151398003
dự là 30 mà 30 sợ già quá chả chó nào nó rước . năm nay đã 26 rồi mà vẫn chả ai thèm yêu 😔😔😔,1,0,0.00035020665382035077
nhớ con gái tao quá :((((,1,0,0.00024837901582941413
per nhìn mặt cưng gê,0,0,0.00032352437847293913
mỗi lần chạy xe ngang kv bình chánh là cảm thấy sợ,1,0,0.0005425709532573819
còn gì đau hơn,1,0,0.0006688703433610499
"mới đây thôi mà đa 3 năm rồi , những ngày chia tay buồn đó :((",1,0,0.000288036884739995
các anh chị hãy nói với em đó chỉ là diễn xuất mà thôi . và tình yêu như vậy chỉ có trong tiểu thuyết mà thôi .,0,0,0.00038403828511945903
nhỏ ngầu lớn lên nhìn bê đi =))),0,0,0.00022836774587631226
"chia sẻ cho anh em , haha",0,0,0.0002524231967981905
per đứa nào nghĩ ra được cái qcao hay vãi ...,0,0,0.0003286328574176878
trời ơi tao chóng mặt quá đi :((,1,0,0.00029582990100607276
"công ty nào nhận bạn không quan trọng , quan trọng là ai giới thiệu bạn vào công ty 🤣🤣🤣🤣",0,0,0.0005318157491274178
tao học nhân sự đây còn đang lo thất nghiệp đây này,1,0,0.0006556769949384034
"mình sợ nhất đến bữa ăn mà bố mình vác cái thớt vào mâm cơm , bố mình biết mình sợ vậy nên mọi chiện giải quyết sau khi ăn cơm xong ,",1,0,0.0004247537872288376
tôi đã xem đi xem lại 3 lần và xem lại lần hai mới hiểu hết nội dung và thấy hay hơn khi xem lại lần 3 . ai chưa xem hãy vào xem thử 2 lần !,0,0,0.0002616147685330361
"cả 2 bà đều mất khi mình nhỏ , không hưởng thụ cảm giác này rồi",1,0,0.0005465132417157292
per được đi thi chưa babe 😂,0,0,0.00026964928838424385
"cảm ơn cha mẹ đã cho mình hình hài này , xin được khôn ngoan để đừng làm đau người khác",0,0,0.0002773843880277127
cười lộn ruột,0,0,0.00024330985615961254
hôm đấy bổn cung về quê báo hiếu cha mẹ .,0,0,0.0004896302707493305
"a nói là anh làm ngay đấy , các chú đừng đùa với anh 😂",0,0,0.0002797017223201692
nếu 1 ngày per theo thằng khác và per cũng có bỏ bạn mà đi thôi huhu,1,0,0.0005093447980470955
nghe hay,0,0,0.0002471600309945643
"khi xưa bị rượt 1 lần mà nhớ đời , còn mổ tao nữa chứ 😨😨😨",1,0,0.0002551277866587043
nó sẽ thì thầm tai mày “ dượng đây “ 🤣🤣,0,0,0.0012957330327481031
mất bà cái tuổi thơ -.-,1,0,0.00035101332468912005
"hồi nhỏ đi học phải ngang qua nhà nuôi ngỗng nó dí chạy thấy bà luôn , ngày nào cũng phải cầm cái cây theo . thề luôn tới giờ tao vẫn còn sợ con này khiếp luôn 😭",1,0,0.00036121037555858493
"má , dume cười ỉa :))))",0,0,0.0002330147399334237
"per đây là thằng con trai vừa đẹp còn có não , mong per học hỏi ! xin cảm ơn",0,0,0.0002398629003437236
thông minh vãi,0,0,0.0004017546016257256
nhìn mặt là cười phọt rồi,0,0,0.00036662202910520136
chắc là vì em .. đi lấy chồng 😥,1,0,0.00047501432709395885
nghe lại bài này thấy chột dạ vãi,1,0,0.0002623178588692099
dễ thương kinh khủng . bởi vậy mới nói mấy đứa yêu nhau là lầy nhất,0,0,0.0002533754159230739
khi đã đổ vỡ hàn gắn lại chắc gì đã được như lúc đầu :'<,1,0,0.00036182624171487987
ngày xưa mìh cũng thế . dume thấy mấy ông đứng đầu đường nhòm nhòm cũng phải lượn qua cái :)),0,0,0.0002801324299070984
per ê tao với mày mà đi cái cầu này chắc rớt ngay bước đầu quá 😢😢 đã mặp rồi chân lùn nữa đi qua bằng niềm tin,1,0,0.00027130049420520663
ae phục vụ ngày xưa của mình đâu rồi . sao thấy thương bạn này,1,0,0.0002268159732921049
phim chuẩn chưa này =)))),0,0,0.00027075756224803627
t chỉ muốn khoe là tao vẫn được nghỉ 1 tuần nữa =))))),0,0,0.00030289485584944487
hi vọng hòa bình ở triều tiên sẽ không còn xa nữa . goodbye ! # per,1,0,0.0002969049965031445
có móng tay dài cũng khổ,1,0,0.00032526213908568025
sau nay em cung uoc duoc nhu vay ❤,0,0,0.000918964680749923
có đứa nào vừa xem vừa sờ tai mình không ? sợ vãi :<<<,1,0,0.0002763145894277841
"tự nhiên nhớ đến hồi bé , đi kiểu nào cũng bị ngỗng rượt chạy té sấp mặt luôn , nhiều khi nghĩ sợ nó dí hơn sợ mẹ đánh",1,0,0.00036522807204164565
tao lại sợ mày quá cơ :))),1,0,0.0002636899589560926
hay bị giật khô trên đó rồi :(,1,0,0.0007165925344452262
"phim hay , nhưng mà lần đầu xem là cùng nyc nên .. 😐",1,0,0.00021948618814349174
"em cũng như con chó thôi , nếu anh đủ kiên nhẫn thì mọi chuyện đã khác rồi 😪",1,0,0.0005163345485925674
làm công nhân đã khổ rồi mà tụi nó còn nỡ lòng nào hại người ta nhắn tin,1,0,0.0003183675289619714
ngày trước nấu cơm . đun rơm . đốt được hơn 10p mới nhớ ra chưa cho nước . hỏng cả nổi cơm huhu,1,0,0.00032146048033609986
lúc ra hà nội ở ngay phố đào tấn mà không biết chổ này 😢,1,0,0.0003340731200296432
má lỡ té xuống 1 cái tao nói lên tắm 8 năm cũng đéo sạch nữa,1,0,0.0003214433090761304
tận cùng của nỗi đau 😑😑😑,1,0,0.0062880609184503555
chuột mà làm như người vậy .. ít hôm nó gặm cả rắn cả dây thì thấy mẹ ..,1,0,0.00026206611073575914
em này xinh vãi các bác ạ .,0,0,0.00023476171190850437
ai bảo con trai yêu không nặng tình ? :'(,1,0,0.00028812806704081595
tao thì ngược lại .. cắt xong nhìn như thằng trốn trại vậy,1,0,0.00028927696985192597
tên thì tất nhiên nhớ nhưng ngày sinh của tao thì ông bà bô nhà tao không một ai nhớ cả ^^,1,0,0.00039255828596651554
"nhớ trung thu năm ngoái , đứng nhìn các cặp tình nhân ôm hôn , nắm tay nhau ... chạnh lòng lắm !😞",1,0,0.00029542206902988255
thôi mày cố lên . đỡ rồi cũng tốt,0,0,0.0003482664469629526
🙄🙄🙄🙄 tao cũng thích kiểu kể chuyện trước khi đi ngủ . cho đến khi tao ngủ luôn . mà đéo có ai hết . buồn đời,1,0,0.0002544742892496288
"nhìn 1 cái , cười 1 cái rồi về thôi",0,0,0.0005950258928351104
thật chứ thấy bạn nam kia cứu con chó không cần nhìn mặt cũng biết đẹp trai rồi 😆,0,0,0.0002892041520681232
:))) mình sướng mà mình không biết hưởng nhìn lại những mảnh đời bất hạnh mình nguối mặt thẹn gấp 100 lần,1,0,0.00024957495043054223
oaaaaaaa ...... thực sự rất tạo động lực và niềm tin cho người khác đó < 3 rất thích nụ cười và sự thoải mái tự tin của anh chị < 3,0,0,0.0002287366660311818
"per nhà giáo áp lực quá nhỉ , giống làm dâu trăm họ .",1,0,0.00038807166856713593
"thường thì người thuận tay trái sẽ bị bệnh này :v , riêng tao thuận vả 2 tay nên chả sao",0,0,0.00033909373451024294
trò cười . :v,0,0,0.00024930431391112506
tội cho mấy thằng đang xoay tiền mua bánh trung thu cho vợ thằng khác ăn,1,0,0.00028435795684345067
tội thằng per vãi,1,0,0.0002880280662793666
nhìn con bé thấy cưng ghê chị ơi,0,0,0.00025534193264320493
tao cũng ước mình có 1 tình yêu như ông bà ❤,0,0,0.0003483734035398811
đi chơi lụm được tờ 2k rách mua băng keo 5k dán lại tờ 2k 🤔,0,0,0.000308219954604283
"các cháu thật tốt , hãy thương yêu mọi người và cả loài vật nhé , may mắn và niềm vui sẽ đến với các cháu .",0,0,0.0003005705075338483
per con nhện cản bước bé xuống cầu thang =))))),1,0,0.0003294164198450744
"chẳng phải chuyện hài nhưng sao tao thấy buồn cười quá , chắc thần kinh có vấn đề",0,0,0.00039175411802716553
đồng cảnh ngộ :(,1,0,0.0002471251937095076
con ước mình cũng có 1 tình yêu đẹp như ông bà vậy < 3,0,0,0.0002588209172245115
per phải nói là hiền quá hiền luônnn 🤣,0,0,0.00023317478189710528
cô ấy hết thương tao rồi,1,0,0.0005849773879162967
phải tự cho mình đau lòng nhất thì mới bỏ được,1,0,0.0007882572244852781
"đang học sử buồn ngủ , xem cái này tỉnh rụi liền =))",0,0,0.00022254892974160612
thớt là gu của tôi :))) yêu quá hiuhiu,0,0,0.00021621685300488025
mới có 3 năm thôi mà ... vậy mà chúng ta còn không tụ họp được lần nào cả,1,0,0.000361485464964062
đấy mới là điều càn đó . huhu,1,0,0.0002886435831896961
thanh niên leo lên cao để theo dõi thời tiết để thông báo cho người dân đi cấy thật cảm động,0,0,0.0002657076402101666
quen với quên rồi thì hết đau thôi mà,1,0,0.00036360049853101373
"động lực là tình yêu , gia đình là nơi để về hihi",0,0,0.00039817855576984584
nếu chịu khó đặt vào hoàn cảnh của nhau mà sống thì cuộc sống đơn giản hơn rồi đó,1,0,0.000597544654738158
vì bạn chỉ là con trai nắng hoặc em gái mưa thô :(,1,0,0.002747920108959079
"quỷ cái chứ ma đâu mà ma , haha",0,0,0.0003361484268680215
cười ị :v,0,0,0.00061105313943699
"vãi cả phí , có ... 81 tỷ hoy 😓",1,0,0.00052971753757447
có lẽ vì vậy nên moi thứ trở nên thật khó khăn lúc này :(((,1,0,0.00036605383502319455
ai giúp bé với hix,1,0,0.0002525204617995769
ôi cháu taooo =)))),0,0,0.00023994501680135727
chỉ có được cái chữ đẹp . hihihi ...,0,0,0.0003948334197048098
nhớ đến lại buồn . chuyện tình chúng ta chẳng đi được đến đâu cả,1,0,0.0002816774358507246
tao lại thích chua lè chua loét chứ :))),0,0,0.0002962574944831431
dume đêm ròii =))) tao cười vãi tí hàng xóm qua đánh bỏ mẹ,1,0,0.00023750388936605304
gặp tao cũng thế :))),0,0,0.00029925809940323234
năm xưa mày cũng ôm gối đứng cửa phòng c như này này per 🤣🤣🤣,0,0,0.00042760311043821275
"nói chung thánh này không ai ghét được , trừ hlv kkk , dễ thương gắp trăm thằng pogba ,,, mong cho thằng đó nhanh biến khỏi mu",0,0,0.00028930039843544364
per nhớ cái này không bây kk,0,0,0.00024875797680579126
"vợ mình cũng thế , mấy lần đắp mặt nạ dọa chồng :v được cái mình chơi game kinh dị nhiều nên đếch sợ =))",0,0,0.0002552255755290389
vèo cái đã 7 năm 😕,1,0,0.00032075968920253217
các mày trốn đi bọn chủ tịch đang đến kìa 😨😨😨,1,0,0.00032796210143715143
kích thích vãi,0,0,0.00024756736820563674
tao hiểu rất rõ cảm giác của em ấy ....,1,0,0.0007243665750138462
cay đắng cuộc đời 😞 một chút vị mặn của mồ hôi nước mắt,1,0,0.00041175761725753546
cãi tay đôi luôn hahhaa,0,0,0.00023270701058208942
có hôm tao đang vương nỏ tính bắn vào con họa mi đang đậu trên cành thì ai ngờ nó phản đame đứt thun dội ngược vào mặt từ đó tao không còn chơi nữa,1,0,0.00037223007529973984
"per hồi nhỏ bị con đỉ này dí lòi lol 😂, bị cắn bầm đen muốn thúi thịt luôn cả tháng hơn mới hết . mà đươ ̣ c cái con này nuôi nó giữ nhà cửa hay , có nó không sợ ma quỷ gì hết",1,0,0.00032939252560026944
nốt hôm nay thui . thui không ngĩ đến và bắt đầu từ bỏ 1 thói quen,1,0,0.0003524280327837914
"không biết khuyên thế nào , nhưng chỉ cần bình tĩnh 1 xíu , dù gì thì cũng đừng tự sát , đời người chỉ sống 1 lần thôi ...",1,0,0.00044934608740732074
"tôi xin nhắc lại , đây là một câu chuyện buồn",1,0,0.0007387048681266606
chưa cho ba mẹ được gì . vậy có quyền gì mà đòi phàn nàn về những thứ ba mẹ đã rành rụng bao nhiêu năm để lại cho mình,1,0,0.00039713457226753235
vì tao xấu và chúng nó chỉ thích gái đẹp,1,0,0.0026381611824035645
năm nào mà tao chã cô đơn,1,0,0.0004592978220898658
"cũng như đàn ông gục ngã trước cô gái nhiều sắc ! đặc biệt là 50 "" sắc "" thái 😂😂",0,0,0.000304290559142828
tui nhớ anh quá à :(((,1,0,0.000236201798543334
tập có lỗi với thằng quay phim mà tao xem ba lần tao vẫn cười đứt ruột,0,0,0.0002509019977878779
per mới bắt đầu tuần thánh mà chúa ơii,1,0,0.00034866141504608095
hiện tại mình chưa người yêu bạn nam nào chưa có người yêu thì lo cua mình đi nhá đến khi mình có người yêu rồi thì đừng hối hận đấy huhu,1,0,0.00031861738534644246
hahaa ngọt vãiii :)),0,0,0.000237824788200669
vl đánh đòn hic :))))),1,0,0.0002654633135534823
tôi khóc lun ... huhu,1,0,0.0016622703988105059
"hồi nhỏ đi ngang nhà hàng xóm con quỷ này dí tao từ ngoài đường vô tới trong nhà tao nó vẫn không tha , ba mẹ tao nghe tao la chạy ra chụp cổ nó quăng ra sân nó mới chịu đi . ám ảnh tuổi thơ 😅😅😅",1,0,0.00038390629924833775
moá hồi hợp chờ main thắng ai dè thua bởi cái mông huhu,1,0,0.0002489596663508564
nói thật gia lai nói riêng tây nguyên nói chung xưa nhờ vàng đen '' hồ tiêu ' và vàng trắng ' cao su ' mà người dân có dư cái ăn cái mặt bây giờ thì thua rồi bỏ đi tứ xứ .. một thời,1,0,0.00036476008244790137
per tôi đợi ngày nhận thiệp cưới của ông,0,0,0.0004589857708197087
ngoài mấy cảnh nhảy múa hát hò vớ vẩn ra thì phim hay,0,0,0.0002341063809581101
đm chơi mất dạy vãi . tưởng khúc cuối là gì dume làm giật mình 😒😒😒,1,0,0.00021489326900336891
quá nguy hiểm,1,0,0.0012047103373333812
dume con ế đọc tổn thương sâu con mẹ nó sắc :((,1,0,0.00021532911341637373
hoá nhện tỏ tình đấy :)))),0,0,0.0002596009289845824
đây mới là công an của nhân dân việt nam cảm ơn bạn nhiều điều tốt đẹp hơn nhé vanew,0,0,0.0002714917063713074
per nguy hiểm luôn rình rập xung quanh chúng ta :((,1,0,0.0005068138707429171
per coi phim này chắc chết luôn trong rạp 😂,1,0,0.0002532415965106338
per :))) không bù cho nhũng người như cta,1,0,0.00027311063604429364
ghét nhất mấy loại bép xép thế thôi . nhanh gọn lẹ 😂😂😂,0,0,0.00023130876070354134
chúng mày có thể bỏ ra 30s thả tim vào avatar coi như lì xì muộn cho tao được không ? chưa bao giờ được 30 tim buồn v . lol 😭😭😭😭,1,0,0.0002515031083021313
:) đàn ông mà nặng tình vãi lol ra,1,0,0.00023201534349936992
sợ ngỗng còn hơn sợ chó :))),1,0,0.0002710044791456312
per tao thấy mấy ảnh thật đẹp trai,0,0,0.0002470464969519526
per người đừng hành hạ tuôi như thế nào nữa,1,0,0.0006002503214403987
còn quá nhiều mảnh đời bất hạnh ☹️,1,0,0.0006863457383587956
per mệt quá mấy con ơi,1,0,0.05319787561893463
cười vui vãi,0,0,0.0003034712572116405
"ai nói kết có hậu , đầu khấc mất vợ tương lai kia kìa",1,0,0.0003827303880825639
từ đầu năm giờ chắc chụp 10 lần rồi huhu sợ quá 😭😭😭,1,0,0.00027899592532776296
"kết mỗi câu ru con ngủ để vợ đắp mặt nạ làm đẹp , 10đ chồng tốt =))))",0,0,0.0002313341392436996
bếp ga hj hj 🤣🤣🤣🤣🤣🤣,0,0,0.0004419607575982809
ly hôn cũng phải hoành tráng chứ .. còn phải làm to hơn kết hôn mới được 🤣,0,0,0.0002654111885931343
chuẩn rồi bác . :)))),0,0,0.00026136371889151633
gia đình ổn tình yêu không có thì cần gì động lực ... kaka,0,0,0.00031737444805912673
giờ anh gù lấy đâu ra chỗ ở :'(,1,0,0.0005822267848998308
hồi đó khoái cái này lắm,0,0,0.000257042731391266
"chưa nói chuyện thân thiết quan tâm , mới xã giao thôi đã lầm tưởng rồi ấy chứ , haizz khổ lắm",1,0,0.001091008190996945
buồn cười 😂😂,0,0,0.00030387393780983984
"muốn em vui vẻ đơn giản lắm , chỉ cần bao ăn bao xem phim tuần 1 lần thôi hỡi các đồng nghiệp ơiii 🤣",0,0,0.0002322459768038243
"còn tao nhé , hơi bị ngon",0,0,0.00030673720175400376
muốn bảo vệ và chăm sóc người đấy,0,0,0.0003997538879048079
địt mẹ vừa đi ép lại kính xong giờ tan con mẹ nó cái kính rồi 200k của bà mày đấyyyyy !!!!!,1,0,0.0002548192860558629
đây là video hay và ý nghĩa 😊,0,0,0.00020992914505768567
"t thề mỗi lần dọn phòng sn này thì banh kem , pháo kim tuyến . đủ các thứ . khóc mà bụt nó đéo lên",1,0,0.0002388487191637978
dịch vụ tận tâm . đáng yêu quá ! : x,0,0,0.00020426545233931392
khoảnh khắc nhận ra đồng nghiệp mình is the best :)) nguyễn ngọc thái hiền,0,0,0.00022072522551752627
mai đi học mà mình quên cách cầm bút rồi huhu :<,1,0,0.0002217182918684557
thật đúng đắn khi đã follow page này !,0,0,0.00028689976898021996
tình yêu lớn lên sẽ mang người con gái ta yêu thành gia đình . family is all,0,0,0.0007034778245724738
đồng nai mùa chim nướng yên xe kaka,0,0,0.0004065802786499262
phần này dù xem lại 100 lần vẫn bật khóc tình cha thật phi thường,1,0,0.00024745127302594483
cũng có nơi gia đình khá giả mới có nó !,0,0,0.000588748196605593
cứ mỗi lần có phim hay là xách nhau đi 🤣,0,0,0.00027555038104765117
tao thề tao rất sợ ma quỷ nên tao rất không dám xem phim,1,0,0.0009827488102018833
- mấy bạn đừng có đổ mình nữa nha 😞😞. mình ngại lắm 😞🤣,0,0,0.0002862688561435789
sợ vãi =))),1,0,0.0002968115732073784
per nguy hiểm quá mày ơi 😩😩,1,0,0.011121934279799461
t thì thik cầu này vãi ... kiểu mấy người năng động thì sáng nào đi qua cầu này cũng vui,0,0,0.0002748430415522307
khung cảnh ấy cuộc sống đấy mỗi lần được xem yên bình nhẹ nhàng cực ! yêu bạn ấy,0,0,0.000230389618081972
"đẹp , dẽ thương mà",0,0,0.00022617737704422325
"bỏ ghê người ta ngồi ngại đều phải mua nước thoii , ý tưởng hay :)))",0,0,0.00025568006094545126
mười mấy năm nữa tao cũng sẽ đạt kỉ lục thôi 😂😂😂,0,0,0.0003150927659589797
thanh xuân là để bỏ lỡ 😔,1,0,0.0003355621884111315
mấy chị làm chung rất ư là dễ thương luôn,0,0,0.0002431046450510621
"trượt rồi , còn đâu mà rủ 😞",1,0,0.0003018875722773373
tự nhiên thấy cảm động hic,0,0,0.0007068436243571341
ngầu vãi lìn luôn á :))),0,0,0.00022463087225332856
cay đắng vãi 😌,1,0,0.0004249830381013453
giờ tao mới nhớ tao đã từng :)),0,0,0.00029040328809060156
nhìn cái ngành giáo dục việt nam bây giờ ai cũng mệt mỏi,1,0,0.002546591917052865
:( cầu chúa ơn nhiều ban bình an cho những người kém may mắn như vậy,1,0,0.0003411672078073025
moá . vẫn nhớ hồi nhỏ bị ngỗng đuổi . đù má tao mới là đứa bé ngây thơ hồn nhiên thôi mà dume tao sợ tao ám ảnh đến bao giờ huhu 😭😭😭,1,0,0.00032238796120509505
vk em nó bảo bếp gas các bác ạ 🤣🤣🤣🤣,0,0,0.00037711337790824473
xem tới đây dume ứa nước mắt 😞,1,0,0.00031217889045365155
an ủi cũng ghen à :(,1,0,0.0005399395595304668
không may thụt chân xuống thì sẽ như thế nào nhỉ chắc là thốn đến tận rốn,1,0,0.0004628104798030108
"per một thời mình ở bên nhau 😘😘😘😘, nhớ ghê",0,0,0.0002499016118235886
thề chứ .. phim nay xem đi xem lại không thấy chán ... vẫn như mớinxem vậy,0,0,0.0002301975036971271
họ đáp vì phép lịch sự còn mình vì yêu mà chủ động vì quan tâm mà hỏi đủ điều ..🙁,1,0,0.0003891076776199043
hạnh phúc to nè,0,0,0.0003174315788783133
"thôi xong , biết thế tém tém lại .",1,0,0.0003565869992598891
"ba cái đồ yêu , 1 ngày 2 lần nấu đây , ngon bá cháy bọ chét nhé , thơm mùi khói nữa …",0,0,0.00022886252554599196
thân là người yêu mình mong cậu có thể giống được như đôi mặc áo nâu ❤️,0,0,0.0003681961097754538
"ngàn cân treo sợi tóc nhỉ , csong mong manh quá",1,0,0.00022927486861590296
"năm nào cũng đi cho có không khí xuân vậy , không đi thì thấy thiếu thiếu . nhà tao cách chợ 10km",0,0,0.00038388220127671957
":))) ở đoạn đó hồi năm nhất tao "" được "" họ lấy 100k , vì sáng sớm đem duy nhất 100k trong túi , thế là nộp luôn :))))",1,0,0.00029219849966466427
dã man quá ..,1,0,0.00027322027017362416
"èo , ngọt quá đi",0,0,0.00023541982227470726
per hay xàm xàm mà zui hè,0,0,0.0002053866774076596
giờ tao mới hiểu được hết những gì mà trước đây đọc bình luận tao đéo ’ hiểu 😂😂😂,0,0,0.0005426629795692861
không nổi thì mình chìm haha,0,0,0.0004752638633362949
thật ra cách quét hạt xốp rất dễ mà có thể các bạn chưa biết . đó là . tẩm xăng những chỗ có xốp và đốt 😂,0,0,0.0004967016284354031
đỡ mua cuốn sổ 5 ngàn =)),0,0,0.00028543631196953356
chính xác ! nơi làm việc anh em mà đoàn kết với nhau cỡ nào cũng thấy mau hết giờ làm . 😊😊😊,0,0,0.0003031444502994418
chuẩn luôn khi ở công tình yêu toàn là các anh chị em đồng nghiệp tốt he he,0,0,0.00023724182392470539
"cười đấy , sau lưng nó đâm con mẹ nó dao vô hình cho chết mà vẫn sống nhăn răng luôn .",1,0,0.0003001584263984114
nín đi . sang ngủ với mẹ đi đêm nay anh chông chị cho =))),0,0,0.00024410155310761184
"1 chút đắng , chút chua cay , với 1 chút ngọt ngào ở đâu đó 😞",1,0,0.0010224987054243684
hàng nông sản việt nam là thứ bị cạnh tranh và phá hoại nhìu nhất 😣,1,0,0.00035936624044552445
kẻ ô điểm lời phê :((,1,0,0.0002861668181139976
"hòi nhỏ nhà ngoại bị rượt muốn chết , sợ tới giờ 😭😭",1,0,0.0006822822033427656
người ta chỉ muốn dụ mày rồi xin một trái thận . 😪,1,0,0.0005280257319100201
nó cưng quá mày,0,0,0.0002553759841248393
đứng tim luôn,1,0,0.00038757844595238566
cười xĩu,0,0,0.00023955688811838627
tao thề từ giờ đến cuối năm mà tao không lấy được vợ thì tao quyết định sag năm lấy 😊,0,0,0.00046623926027677953
nhìn bà cười thấy hạnh phúc quá ❤️❤️,0,0,0.0002196295972680673
"per làm ở đâu không quan trọng , quan trọng là vẫn buôn chuyện đều 😂😂😂",0,0,0.0003955350548494607
năm nay được nhận hoa và được ngồi nhìn người ta hạnh phúc,1,0,0.000343740830430761
tao muốn mèo nhà tao cũng tìm về được như này 😭,1,0,0.00034969087573699653
đã đẹp trai còn khôn 🙂,0,0,0.00032125398865900934
hi vọng câu chuyện admin vừa bịa ra giúp các bạn có thêm niềm tin trong cuộc sống 😂.,0,0,0.0003035267873201519
lớp chúng mình rất rất vui anh em ta chan hòa tình thân =))),0,0,0.0002475100045558065
đấy thấy chưa con người ta khổ như thế,1,0,0.00037172622978687286
tầm tuổi này . họ không còn những áp lực cuộc sống nữa . mà chỉ còn thứ tình cảm gắn bó với họ từ những ngày khó khăn nhất . ngưỡng mộ và ước được chút phúc đức của ông bà,0,0,0.0003955672727897763
tạm biệt ông cám ơn tất cả những gì ông đã làm cho vn,0,0,0.0002519896370358765
per huhu trời ơiii,1,0,0.0003759586252272129
lấy ghế ra ngồi thật tuyệt,0,0,0.00024546001804992557
per không lấy được vợ thì có thể đi tâp gym đêt lấy chồng 😁😁,0,0,0.0002674004645086825
ám ảnh đến bây giờ 24 tuổi vẫn sợ ngỗng :))),1,0,0.0002708670508582145
cưng v trờiiiiii .,0,0,0.0002737331378739327
nguy hiểm lắm,1,1,0.6450318098068237
chỉ tại tôi không nói nên không còn cơ hội,1,0,0.0019073615549132228
anh đã mơ về một ngôi nhà và những đứa trẻ 🤦🏻‍♂️,0,0,0.000585319590754807
em ấy còn cười được chứng tỏ em rất mạnh mẽ,0,0,0.00032497450592927635
tao cũng phải về mở cho mẹ tao coi 😂😂,0,0,0.00025354092940688133
móng này mày ra uống chữa yếu sinh lý với ung thư ... khá tuyệt !,0,0,0.00027616950683295727
chuẩn lun,0,0,0.00040546440868638456
chỉ khổ thân bọn trẻ thôi đau sót lắm,1,0,0.0002961493155453354
per ngóng cuộc đấu tranh công nghệ này . tq đồng lòng ghê nhỉ,1,0,0.00022541270300280303
"hành động đẹp chứ sao , đằng nào cũng tiệt kiệm hơn :)) 0",0,0,0.00024553798721171916
tao đa khóc khi xem phim này 😭😭😭😭😭,1,0,0.00023837007756810635
per tao đã làm cho mày đau lòng nhiều lắm ư 🤔,1,0,0.0008015003404580057
có ai luyện mới được như mình không dạ,0,0,0.00033346028067171574
cực phẩm luôn kìa,0,0,0.0002238274464616552
t ngắm người yêu tao cười mà càng ngắm tao càng yêu lúc giận cơ nhìn muốn cắn cho mấy phát tao bị cuồng người yêu rồi cái,0,0,0.0002883094421122223
"thề , coi rồi mà xem lại vẫn buồn",1,0,0.0002494674117770046
thằng nhỏ mạnh vãi,0,0,0.0002625217312015593
tao sợ thật sự :(((,1,0,0.000559156178496778
lại tạo điều kiện cho mấy chị fa vào thả thính . :)),0,0,0.0003139036416541785
per haha sao tôi nghĩ tới em liền luôn á,0,0,0.00024185808433685452
vn là vậy . bn công chăm sóc của tao đổ sông đổ biển .,1,0,0.0002570405195001513
thật cảm động,0,0,0.0007838020683266222
có chuyện gì thê bố . bố đừng làm con sợ :((,1,0,0.00027051864890381694
per =))) nó kể chuyện buồn mà cười vãi cười =))),0,0,0.00023316321312449872
m nói chuyện cũng cute ngoan ngoãn cơ chứ tao toàn okay anh =))),0,0,0.00022346708283293992
"bồ tao cũng đang đi cái này , từ nhà nó lên đây cỡ 2 tiếng mấy và dume nó bảo tao ngủ đi vì nó đi đến sáng :)))))",0,0,0.000278857653029263
nhìn vậy nhớ ông ngoại quá 😞,1,0,0.00022714816441293806
xem lâu rồi giờ xem lại vẫn buồn cười,0,0,0.00024705403484404087
t không phàn nàn . t sẽ cố gắng giúp bố mẹ có được nhiều hơn 💪💪💪,0,0,0.00033369750599376857
không biết crush có thích uống nước mắm không để còn tặng nàng chai nam ngư 900ml :)),0,0,0.000244616880081594
đáng yêu quá,0,0,0.0002203190088039264
chính những người như thế họ rất cẩn trọng khi bật xi nhan đấy,1,0,0.00034863033215515316
lấy chồng như 1 canh bạc . ko hoa . ko lời chúc không gì hết . pải chăng số ta chỉ được vậy . cô đơn quen rồi,1,0,0.0003032467793673277
mai người ta đi học mai tao đi du lịch ố la la =))))))))))))),0,0,0.00024012329231482
bài học rút ra là học cách buông bỏ những thứ không thuộc về mình,0,0,0.0004383793566375971
có đồng nghiệp đáng yêuc thì sếp có khó tánh mình vẫn cảm thấy vui rất nhiều . nhớ những ngày tháng đéo thèm tăng ca đi ăn bất chấp,0,0,0.0002611357776913792
"anw , vote cho anh vũ",0,0,0.00023956097720656544
tự nhiên muốn có con 😐 dume,0,0,0.0006295150378718972
nhìn con mắt thấy đau đớn . tội em quá ????,1,0,0.0003979965695179999
chỉ cần sống thật với cảm xúc .. với chính con người bạn là hạnh phúc nhất,0,0,0.0003337057714816183
xem nà ra chiêu nà gẫy cây nà sấp mặt luôn nà 😂😆,0,0,0.0002588056377135217
tội cho chàng trai ấy,1,0,0.000290095602395013
mỗi lần về quê mà sắp sửa đi qua chuồng ngỗng tao phải cầm cây chổi lông gà mới đi được đấy dume . quơ quơ vòng vòng cho mấy đĩ ngỗng né xa ra rồi chạy thụt lol luôn :=]]]],1,0,0.0002621463208924979
azz :3 mặt cưng xĩu,0,0,0.00022119609639048576
"chờ mãi mà không thấy , cứ thấy trống vắng vãi :((",1,0,0.00039414179627783597
cưng vãi ấy,0,0,0.000337021891027689
"nhớ lại ngày đó , làm pg bán giấy , cười suốt ngày , khách chửi cũng cười , mà nhớ thời đó ghê , mới 1 , 2 năm chứ mấy",0,0,0.0002649810921866447
tôi làm trades . lương tôi không có .. chỉ có thu nhập thôi có tính là cao nhất việt nam không ??? tháng tôi kiếm từ 3000 - 5000,0,0,0.00039340308285318315
tao ở thanh hà và nhà tao không quả vải nào hết 😂,1,0,0.0009921351447701454
ước gì có ai để tao tag vào .,1,0,0.002160674659535289
mong ông bà nhiều sức khoẻ . đáng yêu thực sự 😍😍😍,0,0,0.0003140700573567301
phim này rất hay .,0,0,0.00022475728474091738
ôi trời nguy hiểm thế,1,1,0.5637847185134888
"haha dần dần phải kiềm chế , khắc phục sẽ không đáng sợ không bằng vũ lực hành động mà nói đâu chết đó :)) kaka",0,0,0.00044914032332599163
sao mình gặp toàn thằng mất dạy hay bắt nạt mình nhỉ ? tuổi thơ bất hạnh :),1,0,0.00024898836272768676
ước gì ba còn sống để làm điều đó với má . nhớ ba ❤️,1,0,0.00031724676955491304
tiền cắt tóc như kia đủ mua giày rồi :v,1,0,0.000256049883319065
"per đang định đi chụp , thấy cái này sợ quá đéo đi nữa",1,0,0.0003318694361951202
bt mà tao vẫn lạng lách ở đây suốt,0,0,0.0003934793930966407
nhiệt tình + ngu dốt là phải trả giá bằng tiền mặt 😂😂,0,0,0.00029044318944215775
"má gần nhà có nuôi 1 cặp ngày nào đi ngang nó nhìn thấy nó quay đầu bỏ chạy , con gì mà dữ thấy mẹ hà",1,0,0.0004161749966442585
bạn trai tao đéo biết giận dai nên không phải dỗ,0,0,0.0003640593495219946
hú hồn,1,0,0.0005523257423192263
bò ra mà cười :)),0,0,0.0002530217170715332
"ai cho mình xin tên phim với , mình không xem được 😢",1,0,0.00031067096279002726
per đi tong một năm học ... nhưng vẫn tốt nghiệp ... :(,1,0,0.00023523897107224911
ngoài ra còn một số cái buồn nữa . không giải quyết kịp thời thì ??,1,0,0.0003348054888192564
cay đắng đến cùng cực và hạnh phúc đến tột đỉnh . chỉ là mình có quyền lựa chọn nó hay không thôi,1,0,0.0008491165935993195
ở đâu cho tao làm vớiiiiii,0,0,0.00045988860074430704
như con đười ươi :)))))),0,0,0.0002888944000005722
coi mà cái tay nó rung trái tim nó đập sợ cái thằng đó té sấp mặt luôn thì không bình thường họa mi còn hót được không :)))),1,0,0.00021386206208262593
"ngày em đến anh mất ngủ suốt mấy đêm vì vui sướng , ngày em nói dừng lại nước mắt anh rơi trên đường chạy về nhà",1,0,0.0003430564538575709
per nhớ ghê á nha 😂,0,0,0.00023155988310463727
cái tháng học sấp mặt luôn,1,0,0.0003164293884765357
trên đời sợ nhất mấy con trùn trùn như ri ! nhất là giun đất với rắn !!! đã từng bỏ tiết học sinh học mổ giun đất 😞😞,1,0,0.00028544882661662996
hồi xưa còn bị vén tà áo dài nằm lên bàn rồi đánh . chứ quỳ thế này có là gì đâu . giờ mới thấy cảm ơn thầy cô vì hồi đó đã như vậy .,0,0,0.0003242098318878561
dume nghe kể mà đau cổ họng vãi :),1,0,0.00023230555234476924
"công nhận lãng mạn thật , nhưng tao đang tưởng tượng cái cảnh động phòng , eo ơi ......",1,0,0.00021479740098584443
"per bất hạnh vãi , mà tao với mày đéo tạo được niềm vui :v",1,0,0.00031955743907019496
nghĩ mà buồn vãi =)),1,0,0.00023762213822919875
không biết có ai ở trong ngôi nhà không,1,0,0.007513055577874184
dcm . ngày bé tao sợ nhện vãi . xem phim thấy yêu tinh nhện,1,0,0.00027053357916884124
quá nguy hiểm .,1,0,0.0006585801020264626
tuổi trẻ tài cao mà :)))))))),0,0,0.0002361867082072422
"t chẳng muốn phải nói "" suýt nữa thì .."" một lần nào nữa trong đời của nhau nữa đâu ... vì vậy sẽ trân trọng khi người tới .",1,0,0.0005087184254080057
nam nhân nhà người ta kbh làm tôi thất vọng,0,0,0.0007596369832754135
per mày này . nhưng mà lúc già sắp chết 😕,1,0,0.07382412999868393
cụ bà đẹp lão quá cậu,0,0,0.00020873756147921085
per không bao giờ quên được hihi,0,0,0.00023268352379091084
per đúng rồi mình đây =)),0,0,0.00030441011767834425
năm nay tao không còn cảm thấy cô đơn và mỏi chân nữa ... vì tao được ngồi mát và ăn ké socola of bọn có người yêu 😁😂...# mun 😘,0,0,0.0003014802932739258
đm quả gật đầu quả quyết vãi 😂,0,0,0.00030803633853793144
"chuẩn rồi . nhiều khi mệt muốn xỉu , xong đồng nghiệp đùa nhau đôi ba câu hay kể cho nhau vài câu chuyện thế là lại vui trở lại 😂😂😂 đồng nghiệp quan trọng thật sự",0,0,0.0002297479659318924
tụi nhỏ dễ thương quá,0,0,0.00025911134434863925
con bé bị quơ trúng nhìn đẹp như búp bê ấy < 3,0,0,0.00026684580370783806
thương em :(,1,0,0.00041137568769045174
nó bỏ mình đi rồi mỗi lần nghĩ tới nó ôi sao mà xót tim gan hơn mất người yêu,1,0,0.000301980267977342
tao bắt đầu sợ nó ròi đấy :)) ám ảnh vãi,1,0,0.00038033060263842344
nó vẫn luôn hiện hữu xung quanh chúng ta . hãy dùng tình yêu thương đó và cho đi ❤,0,0,0.00044190598418936133
thấy tội em thỏ bị ăn đòn tới tấp,1,0,0.0003703371621668339
có đủ mọi gia vị :< em thấy vị đắng của sự chua sót quá nhiều :),1,0,0.00036456924863159657
"năm nào cả sinh nhật âm hay dương mẹ cũng gọi điện cho mình , bà ngoại trên 80 , bác ruột mình đều nhớ hết 😂😂😂",0,0,0.00034211401361972094
"chán thật , dạo này hồi xuân hay sao đọc mấy cái kiểu này ấm lòng vãi :(",1,0,0.00021441536955535412
tks admin ... tôi muốn tìm phim này lâu rồi mà không nhớ tên phim ... tks admin nhiều,0,0,0.00025577808264642954
crush tao mất rồi .,1,0,0.0003410657518543303
per xem xong hình như tao mới bị thêm bệnh tiểu đường,1,0,0.00038406153907999396
câu chyện cổ tích thật ý nghĩa 😂😂,0,0,0.0002838928485289216
"ôi trời ơi , buồn cười quá đi mất 😂😂😂😂😂😂",0,0,0.0002418719232082367
vui quá ta ơi ......,0,0,0.00022683954739477485
"bởi vì anh đã gặp em đúng lúc , đúng lúc đó em đã có người thương ...",1,0,0.0005047250306233764
"tàn nhẫn thế nào , là khi mình trao họ hết hy vọng rồi họ lại dập tắt đi nó",1,0,0.0003965984797105193
cỡ nào anh cũng có thể chịu đựng được vì anh yêu em,0,0,0.00204676971770823
"thôi em sợ lắm , tha em bác",1,0,0.0007125872652977705
"sướng nhờ , bên trung chúng nó yêu nhau toàn sống chung . 😂😂😂 toàn richkid :>",0,0,0.0003029532090295106
ngưỡng mộ mấy cậu vẽ đẹp quá,0,0,0.00020660541485995054
cảm ơn bạn đã yêu đất nước việt nam tôi,0,0,0.00030100956792011857
mình sống ảo quen rồi nên đắp mặt nạ cũng đắp bằng app luôn :)))),0,0,0.00027604601928032935
cuteeeeeee 😊😊😊😊😊,0,0,0.00023526679433416575
nhưng nó cười với đứa khác không phải mày .... 💔,1,0,0.0006312933983281255
per c . bị tinh thần đi xem đi 👻,0,0,0.0004303086316213012
vậy mình xin chúc đk n năm tới không còn cô đơn nữa nha kkkkklk,0,0,0.00036178866866976023
ấn tượng vãi :v bàn tay vàng trong làng vẩy khế :v,0,0,0.0003027378406841308
"học xong cấp 3 , ngoài mừng vì được thoát khỏi đó thì không hề có lưu luyến 1 chút nào :))))))",0,0,0.00030921446159482
tao đang đi phân khối lớn đây . ai cũng kêu nhìn cá tính vãi 😁,0,0,0.00028580284561030567
"mới đây mẹ tao giúp tao làm lại giấy khai sinh . mẹ có hỏi "" mày sinh ngày mấy để mẹ làm ""😑",1,0,0.0003558958414942026
"công nhận , thời xưa bệnh mà cũng vui vãi . :)))",0,0,0.00024935969850048423
chỉ mong ông trời sẽ bù đắp cho con cháu của họ sau này 😔😔,1,0,0.00041866180254146457
không biết phải mình lúa không . chứ mỗi lần đi du lịch trước khi trả phòng là mình phải dọn sạch sẽ . cứ nghĩ nhận phòng sao thì trả phòng vậy . bị anh chồng la hoài là vậy,1,0,0.000487913639517501
và tôi đã mất đi 1 người như thế .,1,0,0.0010004844516515732
nguyễn thị hồng phấn cũng may tao không thấy cặp nao hêtd,1,0,0.00025105461827479303
per hãy cứ vững tâm tập điều độ rồi sẽ có thôi,0,0,0.000407581334002316
úi giời khiếp quá !!!!,1,0,0.00028106773970648646
sao tao thấy đa phần mấy đứa con trai cắt tóc xong nhìn ngáo đéo chịu được vậy =))).. cười tét cả hàm chứ đùa,0,0,0.00024719067732803524
t mà bị như này thì chắc tao chết luôn c ạ 😂😂 per,1,0,0.00046254738117568195
per thể loại tao thích nè nhưng mày đi coi với tao nha không tao khóc thét rạp,1,0,0.0002572668017819524
giờ cắt bộ móng đi cái tay vẫn cứ bị phế khó mà phục hồi được,1,0,0.00034256046637892723
:(( tội bé,1,0,0.00032044213730841875
thật là một câu chuyện buồn 😌,1,0,0.00030041064019314945
xỉu lên xỉu xuống :(,1,0,0.0006685003754682839
vãi linh hồn .,1,0,0.0010001928312703967
các cháu giờ lợi hại quá :<,0,0,0.0002698465541470796
nỗi đau ấy ai thấy giúp tôi,1,1,0.9988511800765991
per sau này con bư lớn cũng vậy đó mẹ hahaa,0,0,0.00038853214937262237
per hồi nhỏ chuyên gia đi ngang nhà hàng xóm là bị nguyên bầy ngỗng nó dí nó rượt chạy khóc la um xùm .. giờ còn ám ảnh 😭,1,0,0.00038129938184283674
boss dễ thương vãi lúa,0,0,0.0002599112340249121
cảm thấy mình thất bại :((,1,0,0.49795714020729065
bộ phim đầu tiên làm tao khóc thành tiếng,1,0,0.0003286970895715058
bá đạo vậy chơi sao lại 🤣,1,0,0.00023202950251288712
per huhu em không biết phải đi xem phim với ai nữa 😭,1,0,0.0003067184879910201
gần 1h đêm là con trai mà xem xong nói chuyện mắt vẫn rỡi 😔😔,1,0,0.00030478209373541176
mấy đứa chân ngắn qua sao,1,0,0.0003054019180126488
hahahaha,0,0,0.001222289283759892
đúng vậy dù có mệt mà đồng nghiệp nhiệt tình vui vẻ là cùng muốn đi hoài,0,0,0.00030635844450443983
tiếc là chưa thấy cậu cười ngoài đời bao giờ,1,0,0.0003702900430653244
per tao không gửi cho mọi người . tao chỉ đăng lên facebook cho thiên hạ biết thôi :))),0,0,0.00036596605787053704
đúng là yêu tới đầu bạc răng long .,0,0,0.0002863305853679776
vậy là hên rồi,0,0,0.00038240509456954896
per bị phạt 10tr à c 🤣🤣,0,0,0.0003994910221081227
mình còn chưa kịp đến :((,1,0,0.0003178750048391521
mình không quan tâm giá trị học bổng bao nhiêu . mà tớ q . tâm em đó sẽ dành những gì cho đất nước sau khi học xong thôi . hee . chúc mừng em .,0,0,0.00025145948166027665
per trailer không có tiếng thôi mà đã thấy ghê rồi đó !,1,0,0.0002587925991974771
"per chồng xem đi , hài lắm",0,0,0.0002149065985577181
"cả thế giới biết toau crush mày , còn mày thì íu nhận ra 😐",1,0,0.0003623334923759103
dễ thở hơn so với đề văn sáng nay 😂😂😂,0,0,0.00030286252149380744
mèo người ta đi lạc về nó còn nhớ chủ chủ còn được đụng nó còn mèo nhà tao đi tán trai có mấy tháng về nhà thấy chủ như thấy ma 😌😌,1,0,0.00038139696698635817
"ôi vãi , mày thật bất hạnh vì có lũ bạn như thế",1,0,0.00035126408329233527
:))) đồng nghiệp đáng yêu,0,0,0.00022207308211363852
gần nhà tao lại chẳng còn sót lại anh nào huhu,1,0,0.00028884096536785364
cảm ơn các anh tình nguyện viên .,0,0,0.0002511183265596628
hồi xưa tao bị tiêu chảy kèm ho đã sợ vãi . giờ ho không thôi cũng sợ nhỉ . ??,1,0,0.00033426747540943325
hoá ra chúng ta không biết nhiều về tình yêu như ta vẫn nghĩ 😢,1,0,0.000726058438885957
nghe bài này đau lòng quá mà,1,0,0.000214215338928625
đáng yêu mà sợ gì,0,0,0.00025425507919862866
còn tệ hơn năm ngoái,1,0,0.0005855076597072184
gần thôi :))) giờ nhìn lại đề thi và không hiểu sao mình ra trường được :))),0,0,0.000271293509285897
có một sự tổn thương không hề nhẹ ở đây,1,0,0.19527581334114075
"học chán phèo , chả có gì đáng nhớ",1,0,0.00026992455241270363
tao thấy dễ thương màaaa,0,0,0.00027160922763869166
"mình theo dõi mấy nick quân nhân , tập trận , pccc ... hay vãi luôn á .",0,0,0.00025033566635102034
sau khi có vợ anh per đã có đồ giả gái xinh và tinh tế hơn 😆,0,0,0.00032875975011847913
giận ngược lại rồi giận luôn chứ có huề đéo đâu :(((,1,0,0.0002709246473386884
ấm lòng vãi huhu,0,0,0.0002605461631901562
per cười đau bụng luôn 🤣🤣,0,0,0.00022935184824746102
"mình thấy sợ mấy con rắn quá trời , mà cái gì mình sợ là mình hay muốn tiêu diệt -))",1,0,0.0002991571382153779
đợi chúng nó đang ăn lấy xe cứu hỏa phun nước ôi tao hình dung ra cảnh đó thật tuyệt,0,0,0.00024567710352130234
ba mẹ tao chửi tao tao chỉ biết câm họng và bưng tô cơm ra chỗ khác vừa ngồi ăn vừa khóc một mình cho dù biết răng mình k có lỗi 😭😭 !?,1,1,0.9794936776161194
dạ đây là chị gái em nha không phải chồng đâu ạ người trong hình là em huhu ?,1,0,0.00029538088710978627
đoạn cuối yêu mún chết,0,0,0.00028895281138829887
"tao buồn quá , tao đang khóc !!!",1,0,0.0013335885014384985
per đây là chúng mềnh 🤪🤪,0,0,0.0007089640130288899
per đóng vai chính đúng xuất sắc lun,0,0,0.00020645733457058668
ngày xưa mừn cũng hay thế lắm .,0,0,0.00021153996931388974
má hồi xưa về ngoại chơi đi đường bị nguyên đàn yêu nghiệt này dí chạy té đái giờ vẫn sợ bọn nó 😨😨😨,1,0,0.00035857880720868707
😑 sao cái kết gì mà buồn vậy,1,0,0.00023627118207514286
tuổi trẻ tài cao là đây,0,0,0.00030827196314930916
đùa ... cảnh sát việt nam tài thật . vụ gì cũng bắt trong 48 giờ,0,0,0.00024279287026729435
"ôi đời vẫn là chịu không nỗi đời mà , chán",1,0,0.0041543240658938885
sợ con này lắm :((,1,0,0.0007123472169041634
rồi lại im thôi . 200k hay 5tr thì cũng vậy,1,0,0.00047650455962866545
nghe mãi mà vẫn thấy hay,0,0,0.0002086456079268828
"gập đúng người mà mình muốn thương , muốn yêu , muốn chăm sóc . nhưng thật tiếc khi trong tay vẫn chưa có gì",1,0,0.00031580732320435345
tới lúc chia tay rồi khóc :(,1,0,0.00041006170795299113
"có lần tao thổi cơm không đổ nước lúc khét mở vung ra mới biết , làm đánh đít xong cả tiếng trời không hết",1,0,0.0003666211850941181
bố mẹ cho ta đx tồn tại trên cuộc đời này biết nhận thức thì tự đi lên từ đôi tay của mình nhé 😘,0,0,0.00045429207966662943
per nhớ bột mì chiên huhuhu,1,0,0.0002711347187869251
chắc hẳn trước kia em bị đối xử tồi tệ lắm nên mới vậy :(,1,0,0.0009860084392130375
chuẩn luôn :)),0,0,0.00026924084522761405
"giờ bà già lắm rồi , nhổ sợ hết tóc , nghĩ tao lại thấy buồn quá 😞😞",1,0,0.0002645733766257763
như kiểu người yêu luôn ấy =))) nhẹ nhàng,0,0,0.00024312366440426558
chạy xe hơn 40 ' chỉ để chạy ngang chỗ crush làm nhìn 1 cái rồi về :) đến giờ vẫn vậy cứ rảnh là chạy vô nhìn cái rồi về :),0,0,0.0002566800103522837
đừng ai lấy cả hộp kẹp của anh ý nhé :(((,1,0,0.00026184660964645445
cuối cùng là hai mình ăn được ngủ được :))) đứa nào cũng lên vài kí,0,0,0.0002637482830323279
haha mắc cười quá ... nhưng thật chúng mày là tao rất sợ rắn ...,1,0,0.0002598423743620515
yêu nghề chuẩn mẹ rồi,0,0,0.0002466852020006627
"tao khuyên mày , bật lên mr . siro lên mà nghe , đời sẽ vui vẻ hơn =))",0,0,0.0002389010915067047
per chị ơi còn học được cả tiếng anh nữa luôn này :v hịn quá,0,0,0.00019690340559463948
"mới xem 1 đoạn xíu này mà cũng khóc hết hơi , nhìn em bé mất bố mà quay ra nhìn lại con mình đỏ hỏn nằm bên cạnh , thấy thương quá 😭",1,0,0.0002320737694390118
xem đi xem lại mà khóc sướt mướt 😭😭😭,1,0,0.00024713014136068523
t nhớ tao đang xem xxx thì chưa cắm tai nghe 😭😭😭,1,0,0.00028171829762868583
< 3 chuyện lạ có thật :))),0,0,0.00029860599897801876
ông thần nhây vãi đái 😂😂,0,0,0.0004485896206460893
nói chung là ai nào buông tay thì người chết vẫn là mấy đứa con gái như tao 😭,1,0,0.0004947161651216447
mày định lướt qua rồi nhưng khi đọc bình luận của các bạn và xem kĩ lại thì mày đã rớt nước mắt 😭😭😭.... người cha thật vĩ đại,1,0,0.0002320580679224804
câu chuyện vui ha =]],0,0,0.0002366278349654749
tao cũng muốn học vẽ lắm :( cơ mà không có điều kiện để đi học,1,0,0.0007309194188565016
21 năm chưa crush ai thì có gọi là ế thâm niêm không hả các bác,1,0,0.0002963379956781864
em đừng đi tập gym em nhé . bth em đã mê trai lắm rồi . em mà đi tập nữa chị không biết em như thế nào luôn 😢 per,1,0,0.0002754198503680527
giòi béo lắm :)),0,0,0.00028724325238727033
lũ kiến ở nhà mày thích vậy .,0,0,0.0003070310049224645
thích bài này lắm lun . thuộc lun,0,0,0.00022468231327366084
dù chỉ là 1 cây bông nhưng nó là tất cả tình yêu của ông dành cho bà ❤❤❤,0,0,0.00041917990893125534
"per đấu nhau to rồi , phen này hay",0,0,0.00020881737873423845
chạy ios cho máu 😂,0,0,0.0002670577960088849
nấu mì 2 tôm là vô địch,0,0,0.00043946615187451243
nghe thấm câu vàng trắng nhưng thực tế là trắng tay thôi nghe mà buồn,1,0,0.00022870810062158853
ngồi suy nghĩ 1 hồi xem trái hay phải rồi mới nói được . khổ vãi mà !,1,0,0.0008481849799863994
nghe kể mà thèm ạ :'(,1,0,0.00020404084352776408
cầu trời phật cho đại gia đình con sức khỏe !,0,0,0.0006365706212818623
xem lại quá nhiều lần đến nỗi không nhớ nổi . vì phim quá hay và ý nghĩa .,0,0,0.00022132499725557864
t tin crush của tao không bị thịt vì tao đéo crush ai cả =)),0,0,0.0003011488006450236
hôm qua xem cười lộn ruột,0,0,0.0002703293866943568
và ông đã có nỗi buồn mới thay vì buồn thất tình,1,0,0.00057584373280406
giá mà có ai để giận :v,1,0,0.0003110612742602825
ngộ nghĩnh nhỉ ! lạ lờ nhỉ !,0,0,0.0002910263719968498
lúc thì cuốc đất è cổ ra không có giun mà câu cá 😒,1,0,0.0002921943087130785
"còn giữ 2 cái đĩa cổ này luôn á , ghê hông",0,0,0.00024030286294873804
có 1 đứa hợp tác vậy là cũg quý hoá quá rồi,0,0,0.00022925891971681267
tao đã đóng dấu cấm đứa nào rớ vào =)))),0,0,0.0003923816839233041
nguy hiểm vãi chưởng luôn ý,1,0,0.00031161424703896046
em tìm link phim mà sao nó ra phim khác chứ không phải phim này zay mọi người 😞,1,0,0.00025720230769366026
24 tuổi thấy đời đắng và khá mặn,1,0,0.0004119659133721143
per coi phim này chắc chết luôn trong rạp,1,0,0.00024832264170981944
bán hàng online hồi năm cấp 3 :))) tháng hè ấy đi quanh hạnh phúc để giao hàng với bố . được lãi 4 tr :)))),0,0,0.0002443791017867625
cười sái mẹ quai hàm,0,0,0.00031702665728516877
"cần gì xa hoa đâu , thế này là hạnh phúc , thấy thương và ngưỡng mộ ông bà quá",0,0,0.0002680278557818383
bài nhạc hay khi nó đúng tâm trạng ... nhạc hay !!!!!,0,0,0.00022193888435140252
thế là dấu ấn lịch sử và hình tượng thằng gù nhà thờ đức bà của nước pháp đã thành tàn tro :(,1,0,0.0005151539808139205
"cậu ấy tán tôi , tôi từ chối . thế là từ đó chúng tôi đéo làm bạn được nữa !!!",1,0,0.0005666474462486804
"bánh tráng trộn năm đó ở roai ờ ti , ruột đau như cắt nói chuyện mắt đầm đìa đền thg dưa gang cốc dưa hấu kem chi per",1,0,0.0003119968168903142
như chết đi sống lại 🙂,1,1,0.9750882387161255
ai chưa xem thì nên xem 1 lần đi . đảm bảo không phí 3h đồng hồ của các bạn 😃,0,0,0.00024127491633407772
đáng yêu vậy =))),0,0,0.00024218758335337043
độc mà lần nào đi viện cũng bắt chụp 😭😭,1,0,0.00028027669759467244
từ bé đến giờ mình chưa bao giờ xếp được 1 cái rubic nào thế mà cu nhóc kia xếp xong trong vài giây ! xấu hổ quá,1,0,0.00024896510876715183
nếu ai cũng có ý thức tốt đẹp thì đất nước này còn gì để nói . đâu có ai hoàn toàn hoàn hảo đâu bạn . dù là moi tần lớp,0,0,0.0003123822680208832
mày xinh thế ? tao ốm tí đã xấu hoắc,1,0,0.00036534020910039544
một cái tết nhiều tiền,0,0,0.0004649065085686743
per cách này coi bộ hay nha 😂,0,0,0.0002194773987866938
đừng có thấy 6 múi mà ham nha nha 😂😂,0,0,0.0002564801543485373
cái ông aamir khan đóng phim nao cũng hay và ý nghia het,0,0,0.00021034225937910378
ở đâu cũng có người tốt nè anh kkkk,0,0,0.0002988685737363994
lại mưa 😞,1,0,0.00037342181894928217
xong là phê lắm mày,0,0,0.00026356580201536417
bên aeon hay thật đấy =))))),0,0,0.00026743666967377067
không có bạn trai ... thì giận ai 😑😑,1,0,0.0004200449038762599
chia buồn cùng khổ chủ,1,0,0.00041157982195727527
"quan trọng là lòng tin , bạn bè mình một số người mình đã mất lòng tin thì đừng bao giờ nói chuyện tiền nong . khâm phục anh",0,0,0.0003170293930452317
thật khó để có cả 2 khi chúng ta còn trẻ :),1,0,0.00043721956899389625
phim ấn thì của lão amir khan là hay vol,0,0,0.00022408967197407037
ừ mỗi lần thế lần buồn kinh lắm mày ạ,1,0,0.0005082557909190655
cảm ơn . anh .,0,0,0.0002766612742561847
per kết truyện chất ghê :)))))),0,0,0.00021362790721468627
chúng mày đã bao giờ bị hất cả cốc nước vào mặt vì mặt không bao giờ tươi cười niềm nở chưa ?,1,0,0.0006069806404411793
t đã soi gương suốt ngày chỉ để gặp crush và ngắm nụ cười tỏa nắng của nó,0,0,0.00043321066186763346
chẳng đủ dịu dàng để níu bước chân anh,1,0,0.0010757214622572064
rủ được crush đi thì không cần qua đây nữa rồi admin ưiiii :(((,1,0,0.00023407132539432496
per nghe lại buồn vãi,1,0,0.00021682710212189704
"bọn nó nhỏ mà đã có người yêu , còn tao thì ế :((",1,0,0.00027426896849647164
"người đàn ông ốm đau nói với vợ mình :” ở lại với anh ” rồi cầm tay bà . đó là tình yêu , vỏn vẹn 20 năm ngắn ngủi . tình yêu bố dành cho mẹ",0,0,0.0002699010947253555
tao ám ảnh việc lau sàn,1,0,0.0009062946191988885
ra chỗ khác sóng không tới viết đi cậu :((( nhìn buồn vãi,1,0,0.0002405467675998807
nhói lòng lớp tôi,1,0,0.0002956564712803811
nhìn ma tiếc từng hạt trân châu,1,0,0.0003189313574694097
năm nay vào quán net ngồi cho đỡ phải nhìn .....☺️,1,0,0.0002958188997581601
per sợ ghê bây .,1,0,0.0008510549669153988
tao coi xong tao khóc .,1,0,0.0006022140732966363
tao nhiều tài lắm .. nhưng tài sản còn cái mạng què và đôi tay trắng 😭😭,1,0,0.0002482942654751241
"per 😥 cảm thấy tội lỗi quá , từ nay không chụp nữa thiệt luôn",1,0,0.0003267733263783157
đã biết là thế nhưng không còn cách nào khác :(,1,1,0.9939279556274414
chưa bao giờ bắn trúng 😬,1,0,0.0004629620525520295
đăng khoa lê lò dầu của mẹ nè anh 😘😘😘,0,0,0.00023625405447091907
per phim này thấy trailer hấp dẫn ghê 😁,0,0,0.00021305913105607033
bó tay luôn á,1,0,0.00027977689751423895
"hai đứa chia tay , tao nhảy vào .",0,0,0.0004268925986252725
thương nhau còn chả hết dỗi nhau làm chi 😂,0,0,0.0003502736217342317
"ôi thôi , cưng quá :v",0,0,0.00020867427519988269
đó là một câu chuyện buồn,1,0,0.00048695766599848866
"động lực là lo được cho gdinh , tự chủ bản thân",0,0,0.001824046834371984
"buồn cho những ai thờ ơ , vô cảm trước một sự việc như thế .",1,0,0.0029366295784711838
cuối cùng tao cũng được xem hết mấy cái video mà trước đọc comt đéo hiểu gì 🤣🤣,0,0,0.00028650942840613425
đọc tin nhắn đầu thấy cay cay ngay mũi,1,0,0.00029225426260381937
chỉ dân đen là khổ thôi . chả trách được họ khi cố gắng đi tìm may mắn ở nơi chùa chiền,1,0,0.0004185073485132307
tinh trùng của người ngoài hành tinh thật đáng sợ 👏🏻👏🏻👏🏻,1,0,0.0003539604367688298
haha :))) nãy giờ mấy tiếng rồi mà các bác vẫn còn căng :))),0,0,0.0002408804721198976
chút mua ... hehe,0,0,0.000336243596393615
ra sông mò đồng xu cùng ông anh hàng xóm được khoản kếch xù :))),0,0,0.00026912178145721555
cái chứng minh hình kia dễ vãi . cứ vẽ hình lên bài xong người chấm điểm người ta thấy là biết chứ sao :)),0,0,0.00029123201966285706
thế này lại thành xây nhà cho nhà hàng xóm rồi 😰,1,0,0.00035764407948590815
tôi từng trách bố mẹ sao sinh tôi ra trong hoàn cảnh này,1,0,0.006786806974560022
em xin lỗi anh,1,0,0.00044060751679353416
"đến cả khi nó nói thích mình , 1 phút sau nó lại nói chỉ trêu . mệt mỏi",1,0,0.0021503600291907787
mày nói thôi mà tao nghĩ cũng thấy buồn rồi :(((,1,0,0.00024282019876409322
tao ghét và tao sợ nó,1,0,0.11312398314476013
buồn hơn thế là đối với 1 đứa con gái năm lần bảy lượt chủ động ib họ nhưng vẫn bị xem thường ... xem mà đéo rep ... hết thương là vậy ... 😞😞😞,1,0,0.0002469362807460129
đúng là nói thì dễ hành động không bao giờ làm được ))),1,0,0.0002965643652714789
add cứ khoe đi . mai lại chặt hết như nguyễn trãi mà 😂😂😂,0,0,0.0002527620526961982
cả một bầu trời đáng yêu :))))),0,0,0.00024791626492515206
đến câu nào có đáp số quen thì khoanh :)),0,0,0.0002909487229771912
hoan hô . công nhân đâu phải trẻ mầm non,0,0,0.00028321161516942084
hỏi sao bác sĩ hay bị người nhà bệnh nhân chém :)),0,0,0.0002837764623109251
per nguy hiểm vãi,1,0,0.00037412659730762243
nhìn thôi cũng đau lòng :)),1,0,0.00027688240515999496
tao bị quỳ cột cờ mới ác . cả trường biết mặt luôn . nhục vãi,1,0,0.00026797314058057964
per sau hôm sinh nhật là có cái này . ngon vãi,0,0,0.00024929147912189364
per đúng chất em lun hâha,0,0,0.00021859235130250454
thích mấy đứa này,0,0,0.00030575503478758037
viết tên anh trên cát cho sóng đập nát cái matlon anh :)),0,0,0.0002830140001606196
"má .., ruồi bay qua táp chết tươi :)))",0,0,0.00026109942700713873
"tao có một nỗi sợ khác cũng khá giống con yêu tinh này đó là con yêu nghiệt ngan đực :3 con này thành tinh hung ác vãi_chưởng , đi ra vườn đéo làm gì nó , nó cũng rượt mình . đậu ! đó là tao kể ngày bé thôi =) chứ lớn lên tao biết vơ cây củi theo để đi ra vườn rồi =))",1,0,0.00036415414069779217
"ai mang đồ ăn cho anh ấy đi , kẻo đói tội nghiệp",1,0,0.0002902208943851292
vì mình chỉ là giờ giải lao trong một hiệp chơi chính của họ,1,0,0.0007430620607919991
sắp có thực đơn món mới 😍,0,0,0.00029642050503753126
tình yêu cha mẹ dành cho con cái là vô điều kiện . mình đã khóc,1,0,0.00030729244463145733
cơ mà tao bị thần kinh thật,1,0,0.0005366852856241167
hay cực,0,0,0.0002257211017422378
má tao coi mà cứ sợ nó bay ra 😌😌,1,0,0.00028099000337533653
hãy cười thật tươi để cho cuộc sống của bạn trở nên thật tuyệt vời 😁,0,0,0.0004294458485674113
hơi bị nhanh trí :)),0,0,0.0002961843565572053
thô nhưg thật :)),0,0,0.0002973605296574533
nhớ lúc trước tao cũng có học quyền và múa tứ linh đao bay thẳng vào trán . :),1,0,0.0003259189543314278
còn chả có ai nói chuyện thân thiết quan tâm đến tôi :<,1,1,0.9990988969802856
tao cũng có 1 con đi lạc 1 tuần xong nó về bắt cho tao 2 con chuột làm tao mất ngủ xong hôm sau nó đi tiếp 😞 tao mong nó về lắm 😞,1,0,0.0003792135394178331
"hôm nào đi học về cũng phải đi qa , nhà nuôi lũ này ở đỉnh dốc , đi học về tới chân dốc thôi là nghe lũ quỷ đó đứng đầu dốc đón đường bọn tao rồi . méo đạp xe lên dốc nổi , dắt xe lên dốc mà muốn vứt mẹ cái xe đạp để chạy lấy thân cho rồi :((",1,0,0.0003419918939471245
dễ thương quá,0,0,0.0002787018893286586
dm ông cầm cam cho cẩn thận vào tôi cũng muốn ngã mẹ nó rồi này,1,0,0.0002717177558224648
con nào cũng là con nhé . con trai tao tập từ nhỏ đã biết tự lo và phụ mẹ rồi :)),0,0,0.0002761563519015908
người ta thật thà phết,0,0,0.00034909052192233503
bị từ chối rồi,1,1,0.8434301614761353
ngày xưa cũng vui lắm mà giờ mỗi đứa 1 nơi rồi,1,0,0.0003780121624004096
nghe tình vãi =)))),0,0,0.0002574771351646632
"3s để tôi nói tôi yêu em và cả quãng đời còn lại để tôi chứng minh lời tôi nói :"" tôi yêu em """,0,0,0.000392856658436358
mình bình luận chủ yếu muốn khoe mình là fan cứng thôi :)) các bạn không cần để ý,0,0,0.00024991758982650936
"gặp một nhà nuôi 1 con chó với 2 con ngỗng , trời ơi chưa kịp vào nhà , con chó còn chưa sủa mà con ngỗng đã đuổi chạy vắt chân lên cổ rồi :'( nhục",1,0,0.00026064799749292433
câu chuyện của mày làm tao buồn quá,1,0,0.0002904786088038236
"per này , thích thì xem cho đã con mắt đi 🙁 đáng sợ quá mà",1,0,0.00022758194245398045
mau khoẻ nhé :d,0,0,0.00022207669098861516
công nhận chữ đẹp . 🤧,0,0,0.000255368446232751
nhìn mày thế kia đến tao còn thích ngủ cùng huống gì em mày,0,0,0.0003236033662687987
"thiện tai , thế giới này khi nào mới được yên bình",1,1,0.7956641912460327
làm tao liên tưởng đển phượng hoàng cổ trấn :))),0,0,0.0002707028470467776
tiền nhiều để làm gì ? để rồi lại chia ly,1,0,0.0004365975328255445
điềm báo gì đây,1,0,0.0037225361447781324
per huhu mất đi đồng nghiệp 😭,1,0,0.0003637616755440831
chẳng những hư xe mà còn bị phạt nặng nữa,1,0,0.0003469647199381143
nhất là lúc 16h chuẩn bị đến giờ đá bóng . chất rơm đầy bếp cho nó mau chín 🥰🥰 yêu quá thời đó,0,0,0.00025606356211937964
bắt ve cho nó điiii . trông khổ quá,1,0,0.00024744420079514384
khi nào mình già rồi cũng như v nha per kkkkkkkkkk,0,0,0.4543578326702118
những người có tài như này công nhận giỏi,0,0,0.0002539793204050511
😞 đó sẽ là những kỉ niệm thật đẹp,1,0,0.00029656075639650226
tao bị biến dạng luôn một tay,1,0,0.0005479170358739793
chời má . ngọt chết tao rồi :)))))),0,0,0.00024535803822800517
chạy ngay đi 😱😱😱 sợ quá .,1,0,0.00034527413663454354
"nhìn cảnh 2 bố con hôn từ biệt , em bé cũng rướn mặt theo hôn bố mà chảy nước mắt , em bé như thế chắc không biết diễn , đúng là cảnh đẹp quá",1,0,0.00023546045122202486
rất tiếc em vẫn chưa gặp được anh :((((,1,0,0.0002823873655870557
"e ấy đang khóc , nhưng vì hàm răng không thể thụt vào nên mọi người nghĩ là em đang cười :))))",0,0,0.0003211461880709976
per thì tốt nhỉ quá đỉnh luôn ... nhưng không biết được trọng dụng không nữa buồn quá,1,0,0.00022125222312752157
"cấp 3 , đáng tiếc nhất trong thời học sinh ^^",1,0,0.00023067295842338353
đm nhìn ngầu vãi,0,0,0.00034307228634133935
em đang ở đâu mà mấy năm rồi chưa thấy xuất hiện :),1,0,0.00042050203774124384
phải chi có người để giận mình nhỉ :(((,1,0,0.0003273460897617042
dễ thương vậy,0,0,0.00026780000189319253
vào sg 50k / không cũng mua . 100k / không cũng mua ! ha ha,0,0,0.00028539900085888803
"tao cũng là người cuối cùng ra khỏi căn phòng ấy , ngắm nghía lần cuối rồi rời đi , khép lại 3 năm đẹp nhất của đời người . tao không khóc nhưng trong lòng rối bời , muốn ôm hết all vào mình .",1,0,0.0008193232933990657
14 / 2 năm sau tau sẽ là ông già cô đơn ....,1,0,0.00043320818804204464
"ra đi là lựa chọn đúng , ở lại incheon để gánh team làm gì cho mệt ra lại bị tiếng xấu .",0,0,0.00031660773674957454
"ôi dume giật nảy mình , tí thì rơi điện thoại",1,0,0.0002210879320045933
hiện tại cảm thấy hạnh phúc khi môi trường làm việc toàn người lầy ....,0,0,0.0003286438004579395
k cần biết nội dung ... nhìn mặt con bé thoy muốn cưới về cho con trai mình ngay rồi 😂😂,0,0,0.000270096497843042
vụ này chắc xử nhanh hơn vụ trong thang máy .... 😂😂😂,0,0,0.00027135323034599423
"đặt mình vào vị trí của nhau , biết lo lắng suy nghĩ san sẻ cho nhau vậy là đủ rồi . có quá khó không ?",1,0,0.00046275462955236435
per mã mẹ biết hôm qua quay video sớm hơn ự,1,0,0.00026223959866911173
"cả phim trừ anh dv chính ra thì thấy anh này là đáng yêu nhất , dù nhìn hơi hâm hâm tý",0,0,0.0002616414858493954
may mà không mua laptop này không thì ăn lìn lâu rồi :(,0,0,0.00033319651265628636
câu chuyện của em làm anh cảm động quá …,1,0,0.0005320010241121054
ý tưởng hay,0,0,0.0002590145159047097
"xem mà đau lòng , đau lòng nhưng vẫn xem :((((",1,0,0.00022253705537877977
con dựt gái đây sao hahaha,0,0,0.00022272724891081452
thế hóa ra nguy cơ trầm cảm của tao cao lắm,1,1,0.9991788268089294
có ai thừa biết nó sẽ nhảy vào điện thoại nhưng cuối cùng là vẫn giật mình không 🤣,0,0,0.0004958204226568341
per nghe chưa nhân viên mới ... kk,0,0,0.0002880786487367004
đáng yêu vãi =))))),0,0,0.00024051281798165292
nó bể 1 phát lúng tới cổ dume tởn tới già,1,0,0.0002707046805880964
cảm ơn những người thả 😡 nên mình biết là đéo hay nên mình đéo xem . may vãi,0,0,0.00024481426225975156
đồng nghiệp nhắng nhít nhất hệ mặt trời =))),0,0,0.00021910775103606284
giống thằng này vãi :))),0,0,0.00026638770941644907
lò xo chắc giờ không còn nữa rồi,1,0,0.0003387687902431935
đơn giản là thấy họ cười 😂😂,0,0,0.00028424980700947344
hú hồn lon vẫn còn,1,0,0.00027611234690994024
"diễn còn cứng quá à , kiểu biết rồi mà còn giả bộ bất ngờ :))",0,0,0.00022255742806009948
công nhận nó phê như vậy thật 😂,0,0,0.00023559607507195324
per đã hiểu sao hè năm ngoái có quả lịch học vãi chưa =)),0,0,0.00029726189677603543
chúng ta nói với nhau nhiều quá nên bao giờ không còn gì để nói với nhau 🙂,1,0,0.0003980753244832158
hôm ấy tao chân ướt chân ráo từ quận 6 lên quận 3 cũng rẽ trái đoạn ntmk và cmt8 . mất 3 lít :( khôn hẳn ra,1,0,0.0003031548694707453
rồi mấy đứa chân ngắn đi chắc dập người hết . bay qua sao nổi =)))),1,0,0.000276927778031677
vui tính tí cũng khó cơ,1,0,0.00026687936042435467
"dân vũng tàu có khác , toàn người nhân cách cao",0,0,0.0002805371186695993
"dăm ba cái thể hiện tình cảm này ngày xưa tao đầy , nhưng từ ngày cưới xong đi qua đường chắc chồng tao rơi mất não nên chưa thấy lặp lại bao giờ . 😌",1,0,0.0002574137761257589
chưa kịp đặt chân đến chiêm ngưỡng nó ...,1,0,0.0009307488217018545
per thế đéo nào mình chơi với toàn gái mà tính vẫn giống con trai . _ .,1,0,0.00030759788933210075
đã sợ rồi .. cố gắng hí mắt để xa ra để coi như thế nào .. khúc cuối hết hồn dục luôn cái điện thoại :))),1,0,0.00026928266743198037
per xem đi haha,0,0,0.00025059020845219493
chỉ mong có người đến cuối đời vẫn yêu mình như ngày đầu tiên ❤,0,0,0.00039185184868983924
per viêm màn túi cấp nghiêm trọng,1,0,0.0003723614208865911
chiều mưa hứa tự sẽ tự đi mua đôi giầy mới 😂,0,0,0.0003131068078801036
vâng em gặp anh rồi mà giờ đây em vẫn cô đơn đi lang thang tìm những thứ vô nghĩa lấp vào nỗi cô đơn ấy,1,0,0.0006290652090683579
mình cũng một thời gắn bó với nó,0,0,0.0014858660288155079
nhện thông minh quá per,0,0,0.0002220690657850355
mình thiì chưa năm nào được trọn vẹn,1,0,0.0003086998767685145
số hưởng rồi tránh sao nổi :d,0,0,0.000285911257378757
ước mơ nhỏ nhoi của tao là được làm chị mà không thể nào làm được huhu,1,0,0.0005624265177175403
cô ấy không yêu tôi,1,0,0.00375748542137444
tạm biệt ông 😢,1,0,0.0005455439095385373
nguy hiểm thật ... suýt nữa tao ảo tưởng con mẹ nó luôn rồi ..,1,0,0.0002965106687042862
"nhà tao bên cạnh phòng tập gym , lúc trước bán dụng cụ thể thao ế vãi ra , nợ nần chồng chất ! từ ngày chuyển sang làm đại lý dầu ăn , gia đình tao phất lên trông thấy !😂😂",0,0,0.0003437504929024726
per hồi đó mua điểm đại học nè 😂😂😂,0,0,0.000268728967057541
nó lại hợp lí vãi,0,0,0.0003048553189728409
"per hihi học ở đâu không quan trọng , quan trọng là bọn mình luôn có nhau hihi",0,0,0.0002925784792751074
"may công an đến bắt chứ không thì dân chỗ đó cho vào nồi cả rồi , đã có người cắt cử nhau đi mua giềng mẻ rồi đó chứ 😆",0,0,0.0004333248652983457
"eo ôi thằng nhóc áo xanh cuối cùng , sao này lớn lên chắc là sói ca haha",0,0,0.00028493517311289907
"thôi bảo em gái xuống ngủ với mẹ đi , còn em percó sợ ma không ? thì ngủ với anh . hehe",0,0,0.0003061476454604417
càng thân thiết khi quay lưng càng đau lòng .,1,0,0.009157591499388218
per nhìn đẹp thiệt mày,0,0,0.00020527333253994584
😭😭😭 sinh lão bệnh tử hẹn gặp kiếp sau,1,0,0.00041972394683398306
nghiệp hơi nặng nha !. làm hết hồn,1,0,0.0002526471216697246
đúng là khổ trước sướng sau thế mới giàu =))),0,0,0.0002871230826713145
nt thêm cái dạ vâng thấy quý vãi,0,0,0.0002712396963033825
"200 năm xây dựng , tồn tại 800 năm , thật là tiếc cho nước pháp .",1,0,0.0005236364668235183
hú hồn chim én :)),1,0,0.000257264357060194
đừng bỏ tao ra đi mà,1,0,0.00043729416211135685
"gặp tao , tao ré cái hoảng mất :(( đáng sợ qué",1,0,0.00032542404369451106
tự nhiên mình xem và mỉm cười theo .,0,0,0.0005245268694125116
cái máy này có thật thì bọn chính trị gia sẽ ăn cứt hết 😂😂,0,0,0.0004255167150404304
per hãy cảm ơn tao đi hâhah,0,0,0.00022520773927681148
chú nghĩ cháu rất giỏi văn và là người có suy nghĩ trưởng thành rồi 💐 rất đáng yêu và tếu giống mấy con giặc nhà chú ❤️,0,0,0.00022830066154710948
cần lắm nhiều vụ ly hôn như thế 😂😀😀😁🤣🤣,0,0,0.000296958809485659
cái đoạn nướng cháy pizza để phốt công nhận là chuyên nghiệp thật :),0,0,0.0002327855909243226
và mày chợt nhận ra người yêu củ của mày có người yêu mới huhu,1,0,0.0003249931032769382
"con bé xinh nhờ , khốn nạn là cái thằng edit video ý :)))",0,0,0.00023773181601427495
đây chính là lý do tao giảm cân toàn thất bại,1,0,0.0008755189483053982
chưa bao giờ còn yêu nhiều hơn thế 😍😍 bởi cha mẹ cho tôi tất cả,0,0,0.000752672553062439
"giờ nghĩ lại mới thấy vui thế , đến nay bạn bè lập gia đình cả rồi :(((",1,0,0.00025841608294285834
per đồng nghiệp tốt giúp ta dễ vào nhà thương điên kkkk,0,0,0.0003098368179053068
thằng nào chưa bước vào quán bar hay karaoke giống tao không 😂 trai ngoan điểm danh 😄,0,0,0.0002772234147414565
per đưa anh nè không cần năn nỉ . chỉ cần em cởi hết đồ ra thôi . đúng không,0,0,0.0002719808544497937
tuyệt vời . aeon mall có khác,0,0,0.0002474531647749245
trải qua một cuộc bể dâu . những điều trông thấy mà đau đớn lòng,1,0,0.00029479293152689934
hè về chỉ thích ăn cái này .,0,0,0.0004500752838794142
tư ̀ hô ̀ i ba ̣ n â ́ y chuyê ̉ n trươ ̀ người thi ̀ chă ̉ người co ̀ n ai đô ́ i xư ̉ tô ́ tao vơ ́ i tao như vâ ̣ y nư ̃ anh . :(,1,0,0.0012722172541543841
"mặt đúng kiểu , em hiểu cảm giác phê của anh không kkk",0,0,0.0004017408355139196
thỉnh thoảng lại xem lại phim này quá hay và ý nghĩa,0,0,0.0002015913196373731
tận cùng của tan vỡ ah có biết là gì không ?,1,1,0.7254281044006348
không muốn huhu,1,0,0.03127279877662659
đầu năm chúc đại kỷ nguyên vạn sự như ý nhé,0,0,0.00035656997351907194
loài này bé như ngón tay phàm ăn lắm sợ luôn,1,0,0.00046525278594344854
rút kinh nghiệm năm ngoái 😂😂😂😂😂👍👍👍,0,0,0.00024634957662783563
trông tội vãi,1,0,0.0003021029115188867
yêu dã man kkk,0,0,0.00035926641430705786
nước mình chả í thức gì cả xả rác bừa bãi để trôi rác đầy đường thể này thật buồn,1,0,0.0003671078593470156
nghiệt ngã hơn là phi hành gia đéo tuyển mấy đứa lùn :((,1,0,0.00028118351474404335
kiểu gì chả chết ? đá to như kia thoát sao nổi ?,1,0,0.0003941387985832989
per 2 ly trà sữa bạn làm rơi mà chưa thấy bồi thường lại mình 😞,1,0,0.00025478602037765086
cái này thì ai chả đau lòng trời,1,0,0.0003268405853305012
mày làm tao buồn đó per ??,1,0,0.00025855802232399583
tao không sợ đi làm mệt mỏi tao chỉ sợ không có niềm vui với nó,1,0,0.0005260916077531874
tao đã khóc khi xem phim nay,1,0,0.0004000862827524543
mong manh dể vở 😂😂,1,0,0.0008236077264882624
"chúng ta hầu như ai cũng dùng đôi mắt bao dung để nhìn một người xa lạ , mà đối với người thân bên cạnh lại chỉ nhìn thấy khuyết điểm mà thôi ..",1,0,0.0006180306081660092
ewww mình chẳng giữ được gì huhu,1,0,0.00034140440402552485
nhìn nó cưng quá,0,0,0.0002832618192769587
mẹ thằng này nói tiếng việt tốt thật lại còn nói được cả giọng phú yên nữa chứ,0,0,0.00023639938444830477
tiếc quá ! nguyên nhân,1,0,0.0002240292087662965
con mèo đág yêuc quá 🤣,0,0,0.00019901248742826283
khổ thân em ý .,1,0,0.0026839720085263252
cưng quá mà,0,0,0.00024398704408667982
per sao tội vạy em,1,0,0.00026925880229100585
"per :))) tuy anh hay bắt nạt , giấu đồ và ăn bòn đồ ăn của em nhưng nếu thiếu anh thì công việc sẽ trở nên căng thẳng phết đó 😭",1,0,0.0002661450416781008
má như người yêu ??,0,0,0.00034979876363649964
chỉ để nhìn cái thôi :)),0,0,0.00044669542694464326
có người đến gần cuối đời rồi vẫn còn khổ ! :(,1,0,0.0003989921242464334
ôi gu mình !! mà phim lâu quá rùi giờ mà đóng lại bản khác thì không biết sao haaa,0,0,0.00024015856615733355
kinh khủng,1,0,0.0015236515318974853
c trai như thế nào tuyệt chủng rồi :),1,0,0.00033327590790577233
tao cũng đang là con ghẻ của tạo hoá,1,0,0.0013897272292524576
lấy ống hút mỗi đứa cắm xuống mà hút thôi :)),0,0,0.00031231733737513423
sau khi đọc bài của mày tao cười nhiều quá và gãy mẹ hàm cái à,0,0,0.00026007040287368
mệt vãi .. mà cừời cũng vãi ??????,0,0,0.00032993845525197685
đã từng nên tao hiểu cảm giác ấy . vừa tiếc ly trà sữa vừa phải lết xác đi giặt cái balo,1,0,0.0008188592619262636
tạm biệt ánh sáng của đời tao,1,0,0.000688436150085181
đau bụng vãi hix,1,0,0.0002838173240888864
"ai cũng chỉ muốn cho con tất cả nhưng vì được không có mà thôi , có con thì mới biết lòng cha mẹ",1,0,0.0004492578736972064
"nhớ quá , độ chục năm không đi soi ve rồi :((((",1,0,0.00026803655782714486
"k có con gì ác bằng con người , các con bé như thế mà nó không tha",1,0,0.00032475520856678486
đáng tiếc đời không như là mơ . thực tế sẽ vả vào mặt cho mày tỉnh ra :(,1,0,0.00032195178209804
nhờ cái bếp như này . mà hồi nhỏ tao suýt đốt cả nhà và bị chửi đó :((,1,0,0.00030703330412507057
còn tao thì còn không có nổi 1 người tỏ ra thân thiết quan tâm cơ . _ .,1,0,0.0013627134030684829
và hơn hết là tụi nó không còn coi mình là con gái nữa,1,0,0.0009109739330597222
nhà có người già vui thật nhỉ 🤣👍,0,0,0.00023719026648905128
hiếu nghĩa . nhìn cái này nhớ mắc cười má đào chúc quá 😀😀😀,0,0,0.00021606269001495093
cách người ta phản ứng cũng văn minh ghê ❤️,0,0,0.00024163819034583867
rồi lỡ ai có bầu mà đi qua không biết nhảy kiểu gì nữa 😂😂,0,0,0.0003552921407390386
"cứ thấy nó là đi đường vòng , dù đường hơi xa vẫn đỡ hơn bị nó dí =)))",1,0,0.0003450255317147821
cũng muốn kết hôn lắm mà đến giờ vẫn chưa có người yêu 😭,1,0,0.0004367682558950037
2 đg thẳng mãi mãi song song không bao giờ cắt nhau hix hix,1,0,0.00023831868020351976
mẹ thấy đơn giản không ? đấy giờ chỉ việc lên số cái .... lên ...☝️☝️,0,0,0.0002884436398744583
thực ra chỉ cần nhập đúng input là được thôi mà :d,0,0,0.0002744410594459623
coi phim này không .. dễ thương lắm ..,0,0,0.00021315790945664048
thương mấy anh quá mà tao không kiềm được vẫn phải thả haha,0,0,0.0002738010371103883
này gọi là theo kịp thời đại :)))),0,0,0.00034714967478066683
có người sinh ra đã giàu có người làm cực khổ cũng không thể giàu . thương ông,1,0,0.00031896206201054156
"hồi lớp 1 đú theo lũ bạn về học nấu . thế là cơm sống , sợ quá vùi gạo trong đống tro",1,0,0.0003890032530762255
"tao cũng hay nằm mơ con mèo của mình nó về , tao tưởng thật nên khóc cả trong mơ lẫn ngoài đời . nhưng nó đâu có thể về được nữa ...",1,0,0.0003905407793354243
mình nghĩ đợt này bà per thua rồi . đuối lý lẫn truyền thông yếu,1,0,0.0003085533680859953
đến gần đoạn cuối tao tắt âm xong vào xem bình luận rồi mới tua xem lại để minvolum . iq + vô cực chuẩn mẹ rồi,0,0,0.00021075684344395995
vừa sếp vừa đồng nghiệp tốt thì đi làm như là đi chơi 💃 bonus 6h chưa hẳn đã muốn về,0,0,0.0002665469946805388
coi phim này mà ứa nước mắt 😢,1,0,0.00022730611090082675
đm hú hồn,1,0,0.0004546681302599609
lâu rồi không được nhìn nụ cười ấy,1,0,0.0005047822487540543
"đỉnh rồi , hiệu ứng tốt :))) ấn tượng vãi_chưởng luôn",0,0,0.0002434586058370769
nó mà nhập viện thì xong đời tao . n 😂😂,0,0,0.0002884790883399546
"hồi nhỏ bà mày có cho một con ngỗng mình tự tay nuôi nó . từ ngày đó nó đeo mày như chó mèo vậy . nhưng khi lớn nó lại mắc bệnh mà mất . giờ cũng hơn 4 , 5 năm rồi những nhớ nó lắm 😓",1,0,0.0003151961136609316
"cùng cười cùng khóc cùng vượt qua khó khăn , đau khổ nhưng cuối cùng lại là con số 0 :)",1,0,0.00031958389445208013
"sống trong một gia đình nhiều áp lực và lúc nào cũng chửi bới như vậy , tạo hóa đã ban tặng cho em bộ nhá khá là tươi để cân bằng cuộc sống",0,0,0.3960936367511749
trời . cưng chết được,0,0,0.004766994155943394
ám ảnh thật sự,1,0,0.0005203540786169469
sống 17 năm chưa crush ai bao giờ,1,0,0.0005456146318465471
lụm điều cho ba má . 2 ngàn 1 ngày bỏ heo đất . thằng hàng xóm vô trộm mất . khóc lóc mấy ngày .,1,0,0.0003294534399174154
"miễn sao có tiền ăn bánh trung thu , mua lồng đèn , đi du lịch =))))",0,0,0.00027177398442290723
"hôm bữa 2 bình siro dâu thấy tiếc , nay bình mật ong còn tiếc hơn",1,0,0.00030350565793924034
tao còn phải đợi 3 tháng nữa là đủ 1 gia đình nhỏ rồi,0,0,0.0004343879991210997
chú này tội lắm á :(,1,0,0.0002491135091986507
"yeahh , được mở lại fan cứng rồi =)))",0,0,0.00024108242359943688
dỗ lại dễ thôi mà . nhỉ nhỉ 🤣🤣🤣,0,0,0.0002220296737505123
"tao nghĩ chắc do kiếp trước mình tu chưa thành tâm nên kiếp này cuộc đời tao như 1 trò đùa , tạo hóa ghẻ lạnh . chán đời :)))))",1,0,0.00031235069036483765
ph :)) phê hơn cả cần nhé . nên mua cái này về dùng tốt cho chó và người :))),0,0,0.00022786312911193818
ưới gì honey của mình sau này cũng thế,0,0,0.00048148425412364304
"per nhớ ngày tháng cta bên nhau ghê , giờ thì chả còn gì",1,0,0.0003049207152798772
tao . đôi lúc nghĩ lại thì tao vẫn thấy sợ tao lúc tức giận .,1,0,0.0006931616808287799
mùa mưa đến sớm rồi huhu,1,0,0.00032914234907366335
xem video không buồn cười lắm vì chửi thề quá xá .. cơ mà đọc bình luận của các bạn cười đã luôn . kkkkk,0,0,0.00020904350094497204
"tuổi thơ của tao sợ nhất là con này , không làm gì mà nó cũng rược , suốt ngày thì kêu um sùm",1,0,0.000285325018921867
giỏi thật chứ đùa . biểu cảm gần như 90 % chuẩn mẹ rồi . thằng quay và edit cũng ghê luôn . nhảy cũng tốt ra phét chứ -.- ác thật,0,0,0.00019603382679633796
"cay mắt lắm , mà nhìn nó lại nhớ nhiều kỉ niệm",1,0,0.00022703991271555424
"tau sẽ phun thuốc kích thích , 2 nam nữa sẽ dài hơn ong nay ... sẽ được vào viện bảo tàng .. 😂😂😂",0,0,0.00034206770942546427
"vị nước mắt , dù cảm xúc như nào thì khi có nó cũng thật đáng nhớ !",1,0,0.0003286842256784439
thế này mà mày vẫn còn buồn thì ...,1,0,0.000289335148409009
anh thíck kiểu tra tấn hằng ngày :))),0,0,0.0002819749352056533
per em đã tìm ra giải pháp thiết kế rồi nhé :))),0,0,0.00025994519819505513
chủ tịch giả vờ luyện vỏ và cái kết sấp mặt luôn haha,0,0,0.0002533232036512345
per ru con để vợ đắp mặt nạ kìa ?? đúng là chồng người ta chưa bao giờ làm mình thất vọng ??,0,0,0.0002221440227003768
"ở trên mái sảnh nhà tao cũng có một con nhện mẹ tao bảo tao giết nó ( hờ hờ ) , còn bố tao bảo "" mày cứ đi qua là nó rơi giữa đầu """,1,0,0.0005695206928066909
per hàng hiếm nhà mình,0,0,0.00027325490373186767
cung quá ak,0,0,0.00025554822059348226
sao bao nhiêu năm kể từ ngày đó em đã không còn nghe lại nữa :((,1,0,0.00031188796856440604
đôi khi đi tù chỉ để thoả mãi thú vui,0,0,0.00040411113877780735
nhà tao có nhưng nó rỉ sét hết rồi :((,1,0,0.0003405461902730167
per không cho anh đi tập đâu nha mất bồ như chơi,1,0,0.0002825777919497341
trong nhà không biết có ai không nữa ? sập quả này sợ thật đấy,1,0,0.00043650518637150526
ăn vào lại thức dậy ở một nơi xa thì bỏ mẹ :)),1,0,0.000276368111371994
per tiếc cái gì đấy bố nó,1,0,0.0002504058356862515
chuẩn bị kiểm tra hình huhu :((,1,0,0.00046879955334588885
mèo nhà tao gửi 10 ngày về ăn tết lên nó thành mèo hàng xóm này ( nhà hàng xóm bán cá ) :((,1,0,0.00026333972346037626
giờ mới hiểu tại sao lúc đầu nhà hàng không cho đặt chỗ ..... má nó li hôn 3 lần rồi lần nào cũng phải giảm giá 30 % nó ly hôn thêm vài lần nữa chắc sập bà nó tiệm,0,0,0.0003438791318330914
"đêm hôm coi lại , cười mún rụg rún",0,0,0.0002621543244458735
tao cũng hao mòn nhan sắc như này,1,0,0.0009606782114133239
người ta kê bàn ghế ra chả nhẽ lại vẫn nằm đất để nhìn mông người khác ngồi :))) pha xử lý rất cao tayyy,0,0,0.0002488870231900364
chỉ cần nhìn họ thì đã thấy tim đập mạnh rồi =))),0,0,0.00033752640592865646
"khuôn mặt ngây thơ vô số tội , trái tim nhỏ bé của tao sao chịu được ❤❤❤",0,0,0.0002573318197391927
"có lần ba tao mua bánh kem sinh nhật cho tao , lúc đấy tao 13t nhưng khi ba tao mua về thì lại là 15t 😶",1,0,0.00041711475932970643
nghe nói 2020 hơn 4tr đàn ông sẽ ế vợ . mình chỉ việc chờ thêm 1 năm nữa thôi là đăng tin tuyển chồng 😂😂,0,0,0.0003528455854393542
"vừa về xong , phải nói là đông vãi đông chứ không phải đông bình thường =))))",0,0,0.0002775489410851151
disss giật hết cả mình .:)),1,0,0.0002267599484184757
ăn vải nóng lở hết miệng ra đây này,1,0,0.0004025351663585752
idol có skill mới chất quá 😂 1 cú đánh mông thôi mà đối thủ bay sấp mặt luôn luôn 🤣,0,0,0.00020669723744504154
tan tành rồi .,1,0,0.00029277068097144365
rồi tôi sẽ hết được uống nước ở đây nữa :((,1,0,0.00041179373511113226
per coi chừng bị vậy nha chưa haha,0,0,0.00035801867488771677
tao không theo dõi phim . xem bập bõm mấy tập mới biết em nó là con gái 😅.,0,0,0.00027642870554700494
chỉ thấy dễ thương và xinh khi crush thôi khi hết crush thì có cười nấy cười nữa cũng không có cảm giác,1,0,0.00032955463393591344
chị khổ mấy cô giáo viên giám đứng ra tố cáo . sau này bị làm khó hoặc trả thù,1,0,0.0004506148397922516
đi đâu cũng ngó ngang ngó dọc để được nhìn thấy crush 😂 ngóng nó đến mức cổ dài ra hẳn mấy cái 😂,0,0,0.0003221753577236086
tác phẩm nghệ thuật chất lượng cao hiếm hoi của điện ảnh việt nam nhưng không được công chúng quê nhà đón nhận,1,0,0.00027078803395852447
thương .. hy vọng sớm có người cưu mang bé,1,0,0.0002879182866308838
tao thấy cảm động vãi .,0,1,0.8798485398292542
bây giờ mình 56 tuổi vẫn dùng để bắn bọn chuột neo dình sơi chim cảnh rất hiệu quả các bạn ơi,0,0,0.00026013830211013556
êu ơi sao con mụ này không gặp mình nhờ :))) ước gì có con mụ thế này tông vào mình ý :)))) klq mà giọng bé quay video đáng yêu thế ❤️,0,0,0.00021123785700183362
per xem đi mày sẽ sướng thi nhìn con nhện bị giết 😂,0,0,0.00035373406717553735
tôi đã đúng khi đọc bình luận thay vì đọc bài :),0,0,0.00033384867128916085
mạnh vỗ tay 👏,0,0,0.0004587802104651928
couple cuối . yêu chết đi được,0,0,0.00025674072094261646
"t đã hối hận vì nói ra , để rồi bao giờ tao với cô ấy chẳng còn thể nói chuyện như trước nữa",1,0,0.0005624675541184843
k nuôi thì cho người muốn nuôi đi chứ để em nó bọ ve tùm lum sót quá ????,1,0,0.00025809768703766167
đây là lần cuối cùng các bạn nhìn thấy anh ấy :d,1,0,0.0002871244214475155
tao ngự ở trong uống nước cho nhàn thân rồi,0,0,0.00048431026516482234
không phải crush :v nhưng mà nhìn ổng cười mỉm nhìn cute vãi -.-😑😆❤,0,0,0.00022911274572834373
có ai như tao không đọc đề thì quen nhưng lại quên phương pháp giải . chắc mất gốc rồi :((,1,0,0.00024074407701846212
hahahaha tao mắc cười ghê . nhớ cái hôm sinh nhật tao ghê . chắc mấy mẹ ở guru cũng rủa dữ lắm hahaha per,0,0,0.0003082005714531988
chờ có người giận mà không được,1,0,0.0005372906452976167
per khi ế nhưng vẫn phải giương mắt nhìn bọn nó ân ái,1,0,0.0003476512501947582
có ai ngu như tao không đơn phương con nhỏ cạnh nhà 4 năm mặc dù nó ngồi chung bàn với tao suốt mấy năm cấp 3 :(((,1,0,0.00028171722078695893
1 lần thôi cũng đủ xao xuyến anh rồi,0,0,0.00029311279649846256
nhớ lắm .. cay mắt lắm ....,1,0,0.0003267667780164629
bà xinh thật sự ❤️,0,0,0.0002412449975963682
nếu là tao thì nhảy cẩng lên chuẩn mẹ rồi :)) má nhìn trong hình tưởng ma thật ở ngoài đéo biết như lào luôn ớ,1,0,0.00024033125373534858
yêu thế nhè 😍😍😍 có em gái chắc cũng vui lắm,0,0,0.0002473998174536973
tuổi gì so với anh ! :) haha,0,0,0.0002586211485322565
"làm pv quán karaoke đi rồi khổ hơn nữa , toilet danh cho nam chỉ đứng tè , vậy mà nỡ lòng nào mấy anh ngồi ỉa 😢 thiệt chứ gặp cái mún khóc lun …",1,0,0.00030712230363860726
"đến giờ , em vẫn đang đợi anh , người sẽ đúng và thời điểm sẽ đúng",0,0,0.00035508416476659477
mấy lần đi ngang hết hồn,1,0,0.00031195548945106566
đúng là tấm gương xáng để con cháu noi theo =)))))),0,0,0.0002692842099349946
hôm qua tao xem xong ngất xỉu tới giờ mới tĩnh chúng mày ạ 😌😌😌,1,0,0.001291787950322032
"giọng nói , ngữ khí đi vào lòng người vãi . mắt chị gái đẹp thế 😻",0,0,0.000288578390609473
không khoe thì không sao . khoe ra mai lại còn cái gốc ... haha 😁,0,0,0.00027908958145417273
hoan hô anh 😂😄,0,0,0.00026838944177143276
căng thẳg quá mà,1,0,0.00031889762612991035
"phàm việc quan trọng trong thiên hạ , cứ về hỏi vợ , vợ nói sao cứ làm ngược lại chắc chắc sẽ đúng !",0,0,0.0004845305229537189
cũng xinh mà ?? lai cỏ có lẽ sẽ khỏe mạnh và đỡ ngáo hơn ??,0,0,0.00024408313038293272
thế giới này thật đáng sợ ai chả đĩa bay cho tao về hành tinh tao đi,1,0,0.0003391297359485179
mình bị say xe bạn à :(((,1,0,0.0002781630028039217
tí nữa vợ nó vắt chân lên cổ bò thì hú hồn,1,0,0.00030926341423764825
tao cay mẹ khoé mắt,1,0,0.00040158670162782073
mấy anh thiệt là nóng bỏng !!,0,0,0.00023988667817320675
per chị rep khách hàng thế ấy hả 😞 bị bóc phốt rồi,1,0,0.000255526538239792
tao buồn mấy năm nay rồi,1,1,0.985366702079773
"lúc nhỏ nấu bằng này không , nấu hơi bị ngon , tạo cơm cháy ăn bao riềng",0,0,0.00039419272798113525
yêu em mọa mọa 😘😘,0,0,0.0002569508505985141
tình yêu là một thứ cao đẹp hãy trân trọng nó .,0,0,0.0004309520882088691
yêu quá đi mất . tuổi thơ của mình toàn nện mấy thằng con trai . trong lớp mình toàn làm xếp nên chẳng được giúp đỡ,1,0,0.0002687438391149044
per đồng nghiệp không tốt ta có thể bị chửi và ăn đòn từ sáng đến tối 🙄,1,0,0.000357578945113346
những cử chỉ đẹp làm từ thiện cho người nghèo hay thiếu đến lấy thừa đi đến cho,0,0,0.0004027427639812231
"nói gì , em trai tao cắt tóc xong là tao đè nó ra chụp hình . cảm thấy nó cắt tóc xong là đứa nào chứ không phải em tao =)))))",0,0,0.00029259826987981796
nghe cũng đúng đúng :)),0,0,0.00024401588598266244
ngưỡn mộ chi lâu lắm oy . mà giờ biết thêm nhiều về chj nữa nên càng yêuc chj nhiều hơn 😍😍😍,0,0,0.00021849983022548258
còn nhiều người có cuộc sống khốn khổ hơn ta :),1,0,0.0004712107474915683
""" vậy là đủ tuổi ngồi tù rồi nhỉ ?"" , mặt anh rất tỉnh và đẹp zai =))",0,0,0.00022454715508501977
nghe lại mà nhớ những ngày tháng say đắm trong nỗi cô đơn,1,0,0.000332001072820276
công nhận ngầu thật,0,0,0.00020928599406033754
đến ngày sinh nhật mà còn không nhớ thì còn nói gì nũa,1,0,0.00030683487420901656
"là thằng đàn ông phải có bản lĩnh từ khi còn bé , thay vì hay bắt nạt , quát tháo đàn bà thì hãy là người che chở , yêu thương !!!! mong con zai của mẹ sau này cũng như mấy anh này .!!!",0,0,0.00023796266759745777
tao thì nói xong lại thấy người ta không hứng thú thì lại lượn,1,0,0.00027362932451069355
khi bạn muốn lầy và cũng có người lầy cùng bạn =)),0,0,0.0003934430133085698
"ba mẹ mình nhớ tất cả ngày tháng năm sinh âm lịch , giờ sinh , tên tuổi ...... của 4 chị em .....",0,0,0.000264476053416729
"per nếu có khi nào thấy bản thân vô dụng hay là thất bại , thì hãy nhớ có những người chế tạo ra mấy cái của nợ này . =))",0,0,0.00042478679097257555
bể mẹ cái kính cường lực mới dán :#,1,0,0.00027036905521526933
per cái gì mình không làm được chứ đánh cái lũ đéo phải người thì mình làm tốt kkk,0,0,0.00025933870347216725
"lúc trước chạy xe đạp đi ngang qua đàn vịt có mấy con ngỗng lẫn trong đó . thế là dume tụi nó rượt tao vừa chạy vừa la cái thứ âm thanh nghe "" ứ ứ "" "" hiếp em đi "" làm tao sợ tụt lol :))",1,0,0.00024927148479036987
cưng hết phần thiên hạ,0,0,0.0002631434763316065
được cái công tác truyền thông tốt,0,0,0.00024273637973237783
crush ở nhà chơi gane rồi haha,0,0,0.00025580075453035533
dễ thươnggg,0,0,0.00025238009402528405
nhìn sợ vãi ra,1,0,0.0006533427513204515
đồng đội tốt ... nhưnh rất tiết chúng ta không có duyên 😀 kaka,0,0,0.0002725131926126778
ơ tao đang mơ 🤩,0,0,0.000488756166305393
rất cá tính :v,0,0,0.0002534703817218542
nhắn mà ấm lòng nhờ :))) ra gặp anh shipper đẹp trai nữa thì chủ thớt rụng hết buồng trứng :))),0,0,0.00022931641433387995
tưởng tượng mà dưới sông có cá sấu nữa chắc hết dám đi,1,0,0.00035040784860029817
"xời tưởng gì , cái này tao làm được =)))",0,0,0.0002978087868541479
xây 1 được 2 nhà :)) chủ nhà ấm vãi :)),0,0,0.00027300859801471233
giống tao . nhưng cô ấy có hiểu đâu,1,0,0.00039821272366680205
đau đớn hơn còn là khi làm bạn cũng khó và gặp nhau coi như người dưng nước lã,1,0,0.00037089045508764684
"hồi đó đã undercut , bảnh vãi .",0,0,0.0002627639041747898
đau lòng qá huhu,1,0,0.0005363738164305687
mong anh có thể đạt được ước mơ của mình .... cố lên,0,0,0.00034093117574229836
còn gì hạnh phúc hơn trong cuộc sống này ♥️,0,0,0.0013599861413240433
thèm được bố chửi 1 lần 🤤🤤,0,0,0.0004452442517504096
tao lại sợ ngôn tình quá cơ 😒,1,0,0.0002687914820853621
đỉnh cao :)),0,0,0.00032195361563935876
waooooo . hợp lí ghe,0,0,0.00021198457397986203
tao mới mọc răng khôn huhu,1,0,0.0003019082942046225
thực ra em mới đang phải là sự lựa chọn chứ không phải là người được lựa chọn đâu 😌.,1,0,0.0008449422311969101
đã từng . hix,1,0,0.0004334137192927301
"nói chứ uống đi , 1 ly thì giảm ăn một bữa sẽ không khiến mày phì đâu .",0,0,0.0003156989987473935
quan trọng là có per luôn tạo độ khó game cho tôi :))) và không thể thiếu sự trợ giúp của các anh em trong team 😂,0,0,0.0002791965380311012
tao thấy buồn cười vãi :)),0,0,0.0002747576218098402
tao biết là có ý tốt gởi thông điệp ý nghĩa nhưng nhìn cứ sợ sợ lại còn sấm chớp :<,1,0,0.0002724607184063643
vừa thấy thương vừa buồn cười vãi :))))))),0,0,0.0002350389986531809
ước mơ tao 🙂 chỉ có thể sao chép lại và tao lên màu cực xấu !,1,0,0.0004846421361435205
per đau hơn chia tay người yêu nữa,1,0,0.0002891015901695937
mở máy lên .. rồii lại đặt xuống ... cả ngày nay tôi đều như vậy để chờ anh nhắn chúc tôi .. giờ này chắc anh quên ngày này thật rồi .. cô đơn quá mức rồi đấy 😭😭,1,0,0.0003117140440735966
mink chỉ lo là nhà nước không đủ gạo nuôi mấy anh,1,0,0.0004815239808522165
dell hiểu sao ngày sưa tao có thể cầm nó trưen tay đi câu cá 😳😳😳 nhớ lại vẫn thấy ớn 😂,1,0,0.000262943358393386
khi tắt đi mới thấy ngạt thở .,1,0,0.0011781153734773397
trung thu là tết thiếu nhi cớ sao người lớn lại vi vu thế nhỉ,0,0,0.000311378767946735
mình sống không đủ tốt hay sao mà vẫn chưa gặp được anh người yêu tốt như này,1,0,0.0003871796652674675
chỉ cần yên bình như thế này thôi . ❤️❤️❤️,0,0,0.00042743704398162663
"tỉ năm mới thấy cười một lần người gì đâu mà khó cười đến thế 🤨 chả bù cho mình , lúc đéo nào cũng cười , cuộc sống tràn ngập niềm vui < 3",0,0,0.000245084724156186
đau ruột với thằng số 9 🤣🤣🤣,0,0,0.00024135311832651496
"dễ thương , đáng yêu , cưng ...",0,0,0.00029585440643131733
"nhiều nước quá , lấy bát về múc nước ra thêm tí đường vào là có 1 bát nước gạo ngon lành",0,0,0.00037986133247613907
tao nhìn tao thấy ghê vcd ấy 😂😂,1,0,0.0002672969421837479
chính xác ! chỉ cần đồng nghiệp tốt thì mọi ngày đi làm đều vui 😊😊😊,0,0,0.0003924624470528215
tin vui cho bà con nông dân chuân bi vào ngày gặt lúa sắp tới,0,0,0.0003919755108654499
một cái ỉn mông xong hết 😂😂😂 dăm ba cái võ thuật 😂😂😂🤣🤣🤣,0,0,0.0002723633369896561
"chiến tranh có gì vui đâu nhỉ , chỉ gây đâu thương",1,0,0.0002739592455327511
đâu phải ai muốn thích tao cũng được đâu,0,0,0.0006666594417765737
3 idiots ! phim hay nhất mọi thời đại .,0,0,0.00024290817964356393
cuộc sống mà mấy ai được trọn vẹn 😢😢,1,1,0.9987462759017944
""" học từ bỏ những thứ trời không cho "" nói thì dễ nhưng nhiều lúc quyết tâm lắm vẫn không làm được .. 😢😢😢",1,0,0.0003449380164965987
ngày xưa mỗi lần tao làm ồn là ngoại tao liền la hoặc lấy roi đánh 😅 nhưng lúc đó vui lắm 😊,0,0,0.00035270684747956693
nàng ấy chả yêu ta gì cả,1,0,0.0005055953515693545
mặt dày lại ôm cứng ngắt cho chị . 😆,0,0,0.0004349652153905481
tâm sự không đúng người ngoài việc họ cười vào mặt bạn,1,0,0.0026335499715059996
xem chỉ đợi đến đọan nó ngã để cười :)))),0,0,0.0002864583511836827
nấu kiểu này ngon lắm luôn 😋😋,0,0,0.0002355855394853279
kím cớ nói chuyện chỉ để biết người đó làm gì đang như nào . có vui hay buồn . rồi lại thôi,1,0,0.0006165677332319319
per may cho bạn 😄😄😄,0,0,0.00022347325284499675
"đù . tròn ung ủng , chân tay ngẵn cũn như tao nhảy sao",1,0,0.00027288368437439203
xinh mà còn ngáo nữa thì người yêu mới cưng =)),0,0,0.0002493960491847247
ông nào viết vui tính thế =)) cưng thật,0,0,0.00023082384723238647
tuổi trẻ tài cao :)),0,0,0.00026074121706187725
đó là những câu chuyện buồn mà :((,1,0,0.0002839420922100544
per cái dume mày thấy tác hại của tập gym chưa,1,0,0.0002690858382266015
thứ mà dễ dàng qa cũng nguy hiểm,1,0,0.000503407558426261
ngày ấy chỉ vì quá ngu ngơ mà để lạc mất .,1,0,0.00034326009335927665
anh lấy đi niềm tin trả lại cho em những gì,1,0,0.0004930733703076839
"hồi xưa vào trông nhà cho ông bà , thuê đĩa võ thuật này xem cho mạnh mé đỡ sợ mà thuê ngay đĩa này . ám ảnh quả nhạc tao tao téo vãi",1,0,0.00024081155424937606
tủi hổ với bản thân ghê khi tao vẽ người mà mẹ tao hỏi : hóa ra đây là hình dạng thực của quỷ sao ?😑,1,0,0.0002650535898283124
án mà cứ xử như vậy thì sao có được lòng dân,1,0,0.00043351121712476015
đã thất tình xem pim này khóc cả đêm mất thôi mới đề mô mà đã khóc thút thít rồi chắc xem hết thì không biết pai làm sao ..,1,0,0.00029983953572809696
áo phông dễ thương quá anh ơiiii,0,0,0.0002195259730797261
đi chơi mẹ tao cũng không tha cho tao :) chửi tao làm mất buổi vui luôn á,1,0,0.0002914773067459464
còn 1 tháng nữa thôi khép lại những ngày tháng vui buồn nhưng luôn có người bên cạnh sẻ chia không lo lắng của tuổi thanh xuân cái tuổi đẹp nhất của cng,0,0,0.0004626194713637233
"vừa lắm ... cho chừa nè , ahihi đồ ngốc 😊😊😊",0,0,0.00023086019791662693
"hồi xưa đi học mình ngồi gần lớp trưởng , tên này được cái rất ga lăng với bạn gái trừ mình .. huhu ..",1,0,0.00028240965912118554
nếu chịu khó đặt vào hoàn cảnh của nhau mà sống thì mọi chuyện đã đơn giản hơn rồi .,1,0,0.0008402153616771102
chỉ mong cảnh này sẽ không còn xãy ra ở xã hội này nữa . bất hạnh vậy đủ rồi 😞🙁,1,0,0.0007063994999043643
đẹp trai v :((((,0,0,0.00025511268177069724
gắp đúng lúc nhưng hình như đúng lúc người ta không muốn y ai ???? đó là 1 câu chuyện buồn,1,0,0.0002557283150963485
boss dễ thương hết sức,0,0,0.0003147553070448339
đến ông cũng chẳng dám xơi,1,0,0.0006412541260942817
bộ phim việt lần đầu xem thấy hay cảnh quay đẹp !!,0,0,0.00020385727111715823
vỡ tan là như thế ấy,1,0,0.0007464851369149983
đúng . a có tầm nhìn . tâm nữa . mình biết,0,0,0.00030257334583438933
nhìn mặt ông thầy cay lắm :)),0,0,0.00023906629940029234
anh thứ 2 cute thế =))),0,0,0.0002389129513176158
cả tuổi trẻ bỏ công cày . có cơ ngơi ổn định . r về già con cháu đuổi ra đường bắt đầu 2 bàn tay trắng . đời 😅😅,1,0,0.00031273270724341273
năm nay không được ăn dồi :((,1,0,0.0003525671490933746
cưng xỉu ??,0,0,0.00026474022888578475
tốt quá,0,0,0.0003080272290389985
cứ thấy cute cưng cưng sao á .... có ai thấy giống per như tao không ??,0,0,0.00029712021932937205
cảm ơn đoi tình nguyện viên nhớ có các bạn mà người dân bớt vất vả hơn,0,0,0.000281685235677287
per cho vợ đi cầu này để giảm cân nhá 🤣🤣,0,0,0.00027201298507861793
hahaa nhìn mắc cười vãi per,0,0,0.00024393099010922015
cái mặt cưng xĩu,0,0,0.0002555528481025249
tao mà ở đây là sợ rụng trứng luôn chứ đừng nói ăn,1,0,0.0004103682585991919
mình thì # mình chỉ mong chồng tốt thương yêu vợ con gia đình ! gia đình lúc nào cũng vui vẻ hạnh phúc thì ngày nào cũng là ngày ( tình yêu ),0,0,0.0003848095366265625
rồi chưng ngắn như tao sao nhảy qua 😿,1,0,0.0002514846564736217
đó là 1 câu chuyện buồn 😤,1,0,0.0003323060227558017
kkk tao chọn anh đầu tiên,0,0,0.00027759422664530575
kha ́ thông minh :)))),0,0,0.00024654626031406224
per cố lên gần đến nơi rồi . vào trong này mời nói chuyện nhé . ngay cửa đền chính . có bãi gửi xe . hehe,0,0,0.000312689138809219
thật dume nge yêu thương gì đâu :)) bắn tim bụp bụp,0,0,0.00020915950881317258
diễn viên có cá tính hay nhât từng xem,0,0,0.00021624882356263697
per nhớ cái bếp huyền thoại của 2 đứa mình he,0,0,0.00023379095364362001
haizzzz đó là 1 câu chuyện khá bùn,1,0,0.0002474114007782191
per nghe đi rồi khóc 1 trận cho thoải mái . đừng cố gồng mình lên nữa,1,0,0.00036099180579185486
gap kiểu này chắc đái ra quần quá,1,0,0.0002657517325133085
"per đọc vài dòng là lướt xuống cuối để xem có phải "" hi vọng câu chuyện mình vừa bịa ra ...."" nhưng không phải . kkk",0,0,0.0003325754078105092
hú hồn cái lồn còn nguyên :),1,0,0.0003016712435055524
chờ tý tao đi thay bỉm xíu tao quay lại .,1,0,0.00036558511783368886
đại học vui lắm cậu :)) weeee,0,0,0.00020638448768295348
"những chuyện trọng đại trong đời ... ta cứ nghe lời vợ khuyên , và làm ngược lại ắt thành công ????",0,0,0.00030690483981743455
liệu có còn tồn tại cô gái nào chấp nhận một thằng vừa nghèo vừa xấu đặc biệt lại còn yếu sinh lý như tôi không,1,0,0.001675468753091991
"thật là romantic , mà mà mà ... sao nghĩ tới cảnh động phòng hoa chúc tao thấy nhột nhột lỗ đít 😧😧",1,0,0.0002491256454959512
nhiều lúc tủi thân vãi_chưởng huhu,1,0,0.00026339275063946843
dễ thương vãi ♥♥♥,0,0,0.0002824392868205905
tình chỉ đẹp khi còn dang dở lấy nhau rồi nham nhỉ lắm ai ơi ...,1,0,0.0003155460872221738
thật buồn khi mình thịt vợ thang khác mà thằng khác thịt vợ tưong lai mình,1,0,0.00045484633301384747
tiên sư cái thằng ghép nhạc cười rớt mồm quả ghép,0,0,0.00022518714831676334
đáng yêuc vãi anh ơi,0,0,0.00021548788936343044
một cái vẫy tay đầy luyến tiếc từ cuộc họp tới đất nước việt nam,1,0,0.0003507734800223261
"chỉ cần cho em nó 1 điểm tựa , em nó sẽ không ngán cả thế giới :))",0,0,0.0002995421236846596
đứa con gái nào mà đề nghị là biết bị ma nhập mà né nha mấy cha,1,0,0.00029129176982678473
1967 mà cụ ông đẹp trai phong độ ăn mặc thời trang quá :)),0,0,0.0002194905828218907
"tội mày quá , lần sau mày bình tĩnh hơn nhé",1,0,0.0002649027737788856
per b trà ơi . năm nay là pải mạnh dạn và bất chấp nhé 🤣🤣🤣,0,0,0.0002100498677464202
chính xác là con gái xinh auto đáng yêu =)))),0,0,0.00024279471836052835
thích quá mấy má ơi ! @@@,0,0,0.0002162156015401706
xinh quá !,0,0,0.00023910414893180132
ước là 1 ngày mai thức dậy dụi mắt mãi chưa hết tuổi thanh xuân =)))),0,0,0.00027004085131920874
cay mắt,1,0,0.000402017030864954
đụ mẹ cười ỉa ????????,0,0,0.0003219499485567212
t không phải con sến súa . ko cần quá cầu kì lãng mạn . cầu hôn tao thế này là tao đổ rồi per,0,0,0.00026930193416774273
đã từng . và bị phũ như 1 con chó 🐶😂😂😂😂,1,0,0.0006460438016802073
tao đau lòng quá,1,0,0.0006341869011521339
"ngày xưa toàn ăn cơm với nước mắt , ngày trước giận bố lắm , nhưng giờ mới cảm ơn bố vì như thế mới có mình ngày nay",0,0,0.0003745043359231204
và cuối cùng là được đối xử như một thằng con trai luôn ..,1,0,0.00045249503455124795
đứa nào bị táo bón thâm niên cứ ra cầu này mà nhảy đảm bảo hiệu quả ngay lần đầu trải nghiệm 🤣🤣🤣,0,0,0.00025428534718230367
ê có khi nào đọc bài này xong buồn cười quá cười toác hàm có khi nào đi bệnh viện không các cụ :v,0,0,0.0002808186400216073
cũng đỡ tắc hơn 1 tí,0,0,0.0007628844468854368
áo xinh thế .. cho tớ mượn đi tiệc nhé !,0,0,0.00024124706396833062
còn tao mỗi lần cắt tóc là y như rằng … nó tệ vãi :(,1,0,0.0005852782633155584
per nhện kìa haha,0,0,0.00028002989711239934
cả tuần không được nói chuyện,1,0,0.0013384937774389982
ông này đẹp vãi,0,0,0.00028959650080651045
nó cười với tất cả mng trừ tao 🙂,1,0,0.0007273333612829447
"cấp 1 hiền lành ít nói , ngồi gần 1 cô bé cái gì cũng nhường cô ấy , nhường đến mức nhường luôn tập sách , để bà già phải dẫn ra nhà nó lấy lại ! 😂😂😂",0,0,0.00023312564007937908
ng dân biết phải làm sao bệnh chồng bệnh,1,0,0.0331990011036396
2 thế kỷ mới xây được vậy mà chỉ trong 63 phút tiêu tan hết :(,1,0,0.0003218066703993827
per trung thu đéo liên quan đến việc có gấu cho lắm bạn nhể .... nhưng mà lễ gì cũng thế thì đúng là bất hạnh mà huhu,1,0,0.00029149840702302754
mình còn để ảnh bạn ấy trong thẻ học sinh xong bị thấy cơ,0,0,0.00037166773108765483
per nhất định chị em mê tín mình p đi xem phim này rồi,0,0,0.00039853667840361595
"gần 2 năm đến sớm nhất để mở cửa lớp , lúc về cũng là người là sau cùng để khóa cửa . đến giờ ra trường được 3 năm vẫn không muốn vứt chìa khóa của lớp ...",1,0,0.0004480492207221687
khổ thân các cháu,1,0,0.0002992828958667815
t mong nó té quá chời :v,0,0,0.0002541663125157356
điều tồi tệ nhất là kiểm tra code trên giấy .,1,0,0.0008808558923192322
đã xem 2 lần bộ phim này 😁,0,0,0.00032009408459998667
cũng tên quỳnh nhưng 2 số phận thật khác nhau 😢( chỉ mong được 1 góc nhỏ xiu xíu của b ),1,0,0.00033647051895968616
cho con được thay ông bán vé đi 😔,1,0,0.0003702453977894038
thế giới này thật đáng sợ :3 trả đĩa bay cho tôi về đi :3,1,0,0.00027263766969554126
gì cũng được ?????? dễ vãi,0,0,0.00032401859061792493
t nói té 1 cái không dập mề thua gì cũg thua ..,1,0,0.0002431684115435928
"tao cũng như mày đây . không sao cả , hãy tự hào vì tên mày vẫn rất đẹp",0,0,0.0003694751358125359
trách ai bây giờ đây huhu,1,0,0.0008018528460524976
không lau sạch về bà chủ mắng thì sao . nhiều người họ kinh lắm . trước mẹ minh đi làm cho nhà 5 tầng . họ chỉ ở 3 tầng còn 2 tầng bỏ không . mà ngày nào cũng phải lau hết,1,0,0.0004383410851005465
phim kinh dị vào cái trời âm u 😒,1,0,0.0003278364602010697
mẹ mắng lúc sáng sớm là xui cả ngày :(,1,0,0.0002993311209138483
phụ nữ ngày xưa toàn cực phẩm :v,0,0,0.00021826536976732314
cứ tưởng là người yêu =)),0,0,0.00032616392127238214
đàn bà ở nhà thế kia không sợ ngoại tình à ? tao đang lo vợ tao đây này,1,0,0.00037842534948140383
thời xưa yêu nhau đến chết vẫn yêu ... thời nay yêu không biết chết lúc nào 🤣 cuộc sống nay đáng sợ lắm 🤪,1,0,0.0003032124077435583
lại mất tiền ngu,1,0,0.0003422637819312513
làm bộ mặt ngầu cho thằng thỏ để ý mà thằng này láo ăn thiệt đéo cho mình ăn ké quê thiệt là quê luôn,1,0,0.000250479846727103
moá cưng quá ??,0,0,0.00022722093854099512
"ai ở gần đó xin hãy giúp chú , thương chú",1,0,0.00042566683259792626
bố là số 1 vĩ đại hơn những gì con cần,0,0,0.0033951036166399717
"lâu lắm đéo được gặp nhện trong wc , quên mất cảm giác nhịn ỉa như nào rồi 😂",1,0,0.0011582032311707735
sau cùng cả 2 đều bị ảnh hưởng trầm trọng :((,1,1,0.9974007606506348
lời được cánh của sắt tàu hỏa ngon rồi,0,0,0.00023266977223102003
:v trời giờ mới biết thế giới có dạng hợp thể vầy đấy :v,0,0,0.00025945986271835864
có ai đéo hiểu gì như mình không mình trong sáng vãi heee,0,0,0.010460746474564075
bà già đau khổ,1,0,0.00036440519033931196
đag đi học mà gặp cảnh này :)) chắc chạy về cúp học luôn,1,0,0.00028191308956593275
"bây giờ con đã sai vì đã chưa làm gì được cho cha , con thật sự xin lỗi cha và mẹ ,",1,0,0.00047753829858265817
uầy . ngọt thế ??????,0,0,0.00023887197312433273
nhìn muốn tè ra quần rồi,1,0,0.006528092082589865
quá giỏi . đạp đến ngất đi mà không quay đầu . sau này em sẽ thành công . chắc chắn vậy,0,0,0.00025987005210481584
"dễ thương ghê =)) nói y như mấy ông ngồi nhậu trong bàn v "" đúng không "" "" đúng chưa "" "" vui rầu "" =)))",0,0,0.0002519451954867691
per chuyện cổ tích nè ! haha !,0,0,0.00023195563699118793
bây giờ thế mới biết tác dụng của con cái 😢,1,0,0.0002871868491638452
bà mẹ nó @@ xem rùng con mẹ nó mình hơn cả phim ma .,1,0,0.0002666222571860999
yêu thế,0,0,0.00039634262793697417
"thôi xong 1 chiếc ôto . chắc tối nay ăn không ngon , nhậu không yên rồi .",1,0,0.00029277571593411267
ấm áp vãi .,0,0,0.00031087949173524976
per móc lên tới não :)),1,0,0.00041252156370319426
bình yên thật,0,0,0.0002996315306518227
"nói mưa là mưa v chời , tôi còn đi chơi đi học nữa mừ .",1,0,0.00028863453189842403
lần đầu gặp anh cũng là phòng gym =)))),0,0,0.0003137534367851913
có sáng tạo :)),0,0,0.00038791506085544825
nhây qua ́ nhaaaa 😂😆,0,0,0.00020722844055853784
per trời đựu cầu hôn nó phải thế . đã đẹp trai còn có não,0,0,0.000341296021360904
ăn ngon nhưng nóng không chịu được,1,0,0.00036461889976635575
thế mà cũng 5 năm rồi . ❤️,0,0,0.0002929404436144978
cám ơn đã cho tôi cuộc sống này,0,0,0.2977791428565979
cuộc sống thật chua cay với tao,1,1,0.9955269694328308
ôi đáng yêu quá . đến bao giờ người đàn ông như thế nào mới xuất hiện trong cuộc đời tôi đây,0,0,0.00022546385298483074
t thua cả đứa con nít nữa ám ảnh vãi,1,0,0.0002647959627211094
nóng như này ăn vải là thích nhất còn gì ... auto mát,0,0,0.0002700403274502605
mê trai hơn bạn có thật :(,0,0,0.0003938661247957498
nghe bạn này nói dễ thương zị,0,0,0.00022141744557302445
nhanh ghê mới đó đã 9 năm rồi 😢,1,0,0.0002743230725172907
bố mẹ tao đọc được tin này + xem cặp lá yêu thương nữa thì bữa trưa nay tao không dám ăn cơm mất .,1,0,0.00031552984728477895
lựa chọn cách thức tuyển như thế nào thì tốt quá rồi,0,0,0.0005829997826367617
"per cần thêm những trái dâu xinh xắn để ngăn chặn sự u ám này , huhu",1,0,0.0003487133071757853
mày khá là may mắn khi không học tiếng huế đấy =)),0,0,0.00025795624242164195
mình còn chưa được nắm tay,1,0,0.0006080802995711565
con đáng yêu quá,0,0,0.00021817756351083517
"per huyền thoại , kkkk",0,0,0.000450781371910125
có vợ nên lắm . váy mới ngày trước toàn áo chấm bi của mẹ 🤣🤣,0,0,0.000248483702307567
nhìn cái ngành gd việt nam bây giờ ai cũng mệt mỏi,1,0,0.0014156685210764408
từ lúc có vợ nhiều váy mặc để quay video hẳn :)))))),0,0,0.00025144702522084117
per mỏi chân quái :v,1,0,0.0019143696408718824
"phim này nên xem và thuộc mấy đoạn thoại , rất hay",0,0,0.000206824392080307
cầu mong những công ơn sinh thành luôn mạnh khỏe .,0,0,0.00038104315171949565
năm nào chả vậy :))),0,0,0.0003212438605260104
anh chân thành nên anh tổn thương :((,1,0,0.0005048527964390814
cả 1 đời người chẳng mong gì chỉ mong từ đây đến phút cuối vẫn có người không quên mình đã từng tồn tại,1,0,0.17844940721988678
xin lỗi mày nhưng tao đọc buồn cười,0,0,0.00025183858815580606
vì tiền mà làm đau làm khổ người khác như thế này sao 😔,1,0,0.0003913491382263601
"con mong bác dù nghèo nhưng sống luôn luôn vv , chúc bác 1 đời bình an",0,0,0.0003983963397331536
tình cờ gặp nó và đột nhiên cắm mặt bỏ chạy như điên,1,0,0.000389503053156659
bà mẹ nó giật mình,1,0,0.00045763232628814876
mấy nay tao cũng bị ám ảnh,1,0,0.005581923294812441
cái ngành tài chính của mình có chỗ dụng võ tốt rồi đây :)))),0,0,0.00030303929816000164
":)))) cuộc sống mà . ngày càng thấy bản thân quá nhạt và "" duyên "" :v",1,0,0.00031226497958414257
"per tặng quà cáp gì tặng hộp nhỏ thôi nha . đi hát hò gì đừng đem thùng quà to như vậy nha , nó biết nó nhổ trụi lông nó ngắt mép chết đó :((",1,0,0.0002194041881011799
xin lỗi đây mình vẫn nấu nhé,0,0,0.0002544313610997051
"ông sống trên vũ trụ , vợ ông sống ở trái đất , ông cao thêm 5cm là chuyện bthg 😂",0,0,0.0005329857813194394
tao đã bị nó làm cho lầm tưởng rồi . tao thật ngu ngốc - _ -,1,0,0.00036710116546601057
bấy bề ơi . thật là đáng yêu,0,0,0.0002211684623034671
"con quỷ này hồi nhỏ tao khóc vì nó hoài , thấy nó không dám đi , bỏ đường phải vòng đường khác ,",1,0,0.00043912004912272096
gắn bó thời sinh viên nè,0,0,0.00026689618243835866
"per thấy chế thủ sẵn hộp mặt nạ rồi thì phải . tim em mong manh lắm , đừng để em hoạng sợ nhá chị ??",1,0,0.00025598594220355153
"quần áo với xe thế kia là biết gia đình điều kiện tnao rồi 😂 anw , mong ông bà luôn khỏe mạnh , vui vẻ < 3",0,0,0.0002803777460940182
sau khi xem ảnh này xong tôi quyết định ... mua honda :v,0,0,0.0003123095666524023
"hiện tại mình cũng muốn kết hôn lắm . ngặt nỗi hai gia đình ngăn cản giữ dội , phản đối kịch liệt chuyện hai bọn mình đến với nhau :( nhất là chồng cô ý",1,0,0.0018571845721453428
"khoảnh khắc anh quay mặt đi , con tim em tan nát vãi ra",1,0,0.0005449015297926962
cảm giác tóc sau gáy bắt đầu dựng lên :))),1,0,0.0003786721790675074
tao đã từng viết như thế này . bây giờ không muốn ai đọc chỉ có đốt mà lười đốt,1,0,0.00047915359027683735
bộ phim ấn độ duy nhất xem được lol,0,0,0.000319463899359107
tuần sau nữa mới học =))),0,0,0.00031159076024778187
mối nguy hại đó,1,0,0.2387348711490631
nhiều khi cũng muốn người yêu chọc để dỗi phát cho bằng người ta . mà nhận ra mình làm gì có người yêu 😌,1,0,0.0003750550968106836
nguy hiểm thật,1,0,0.0005047300946898758
per nhà mày mà nuôi thêm con này nữa là ám ảnh cuộc đời tao,1,0,0.0005402608076110482
