comment_text,label,prediction,probability_depression
ngày buồn nhất trời đổ cơn mưa :(,1,0,0.001619537826627493
per kỷ niệm khó quên nhỉ kkk,0,0,0.0012282858369871974
em ý cute vãi !,0,0,0.0015653512673452497
làm khách đi qua lại mắc mệt lun,1,0,0.0028893405105918646
năm nay thì đở hơn rồi kkkk,0,0,0.006354116834700108
số tao không được ăn uống mà :((,1,0,0.0019070475827902555
đang buồn cần 1 người nhắn tin tâm sự hằng đêm,1,0,0.014073004946112633
lâu lâu được nghe truyện cổ tích thấy còn niềm tin vào cuộc sống 🤣🤣,0,0,0.001580896321684122
anh này còn phim pk nữa rất hay và ý nghĩa,0,0,0.000911117997020483
lại thêm một con ngáo bất hạnh,1,0,0.014286044053733349
thiếu hình ăn gà rán rồi,1,0,0.001975561724975705
ăn ở cái gì huhu,1,0,0.0020720036700367928
"điều đó không quan trọng , quan trọng là đéo xác nhận lời mời kết bạn",1,0,0.004328139126300812
"em sẽ mãi không biết có lúc tôi gọi chỉ để nghe câu "" ai vậy ?""",1,0,0.019230032339692116
thế giới giờ đáng sợ quá rồi 😌😌 tâm phải tịnh không là tiêu nha mấy ông 😢,1,0,0.0025578984059393406
t gặp ngỗng chạy bỏ dép,1,0,0.004069449380040169
"chưa muốn lấy , cơ hội vẫn chia đều cho tất cả các anh : ))",0,0,0.001751308562234044
"per đúng rồi , không muốn xa cách đâu 😞",1,0,0.007109877187758684
"bọn 6 múi yêu nhau hết rồi , tao bụng mỡ đây , tao vẫn thích con gái đây !!!!!",0,0,0.001334645552560687
họ vui là được rồi :))),0,0,0.0018896134570240974
per ồ ồ chân chính chạnh lòng rồi 😂,0,0,0.0012198996264487505
còn các bạn đặt bánh của mình toàn gửi cho người yêu . chắc câu chuyện này còn buồn hơn :((,1,0,0.0010342292953282595
per rồi sẽ có 1 ngày vừa cười tao vừa kể chuyện khiến tao rơi nước mắt,1,0,0.0035877798218280077
ngôn lù thế hahaaa :))) đáng yêuc vãi,0,0,0.0009855659445747733
nhìn ông với bà chất hơn thanh niên bây giờ,0,0,0.0017360805068165064
"phim hay dã man diễn viên chính đẹp trai , xem đi xem lại không chán",0,0,0.0008230229141190648
"mình đang thất tình đéo hiểu sao đi cafe còn toàn tận cùng nỗi nhớ , chạm đáy nỗi đau , đừng như thói quen ... dume :)",1,0,0.0013310969807207584
"per vãi xem phải cỡ này . , đoạn nó nhếch môi bố mày sợ suýt đái ra quần dume 😑",1,0,0.0011391383595764637
cám ơn mấy chế nhiều nhiều nhé 😗,0,0,0.0009489287040196359
hồi bé tôi cũng bị chửi cả ngày từ sáng chí tối ! nhưng không phải bố tôi mà là bà nội tôi !,1,0,0.01466304250061512
cuộc sống tạo ta áp lực ..,1,0,0.19013553857803345
cười vãi ???????? mặt con bé cũng hài ghê,0,0,0.0008848272264003754
tuổi thơ tôi bị ám ảnh mấy con ngỗng này . mấy con màu xám cứ mỗi lần đi học ngang qua ngõ nhà hàng xóm là nó đuổi . tao lại chạy thục mạng . cứ phải đắn đo mỗi lần qua đó xem có chúng nó không rồi ù chạy như ma đuổi . haizz tuổi thơ tôi ....,1,0,0.001804604777134955
ổng bị bắt rồi :( rồi lấy gì coi,1,0,0.0020849700085818768
"ai thì tao không biết , chứ tao thấy tiền là đã có động lực phấn đấu rồi",0,0,0.011476843617856503
đã check in thành công và mãi vẫn chưa gặp được người ấy là ai :((,1,0,0.0010349447838962078
":)) đang ăn mỳ , không có trứng nhạt lắm , có rụnng thì xin vài quả !",0,0,0.0013429473619908094
đáng yêu quá ! tình yêu ông bà thật đẹp !,0,0,0.0010209789033979177
per sắm 1 cái cho công túa ngồi nhà kêu gu gu hí =))))))))))),0,0,0.0010014281142503023
"ăn 1 miếng bò mà giết thêm đàn kiến . chưa biết ngon thế nào nhưng một đàn kiến về cõi vĩnh hằng , tội cho đàn kiến .",1,0,0.001743899192661047
thứ ba mẹ cho con và con nhận thấy đó là sự đức hạnh tấm lòng cao cả cam on ba mẹ rất nhìu,0,0,0.0016436809673905373
per my nè kkk,0,0,0.002042504260316491
tớ cũng muốn có mối tình như vậy ??,1,0,0.0036780370865017176
hết buồn cũng phải có tiền mới hết được :)),0,0,0.0012834876542910933
ng ta cuối cùng thì cũng được còn tôi thì never 😞,1,0,0.007491422351449728
phim nay và phim triệu phú ổ chuột là 2 phim của ấn mà mình thích nhất,0,0,0.0009137418237514794
bình dị vậy thôi .. mà sao mãi tao chưa tìm được ? hix,1,0,0.0013762350426986814
biết nấu cơm bếp củi từ lớp 2_3 gì đó,0,0,0.0015889187343418598
"ám ảnh hồi bé của c , con này trông nhà oke hơn cả chó luôn",1,0,0.0015284628607332706
t mới tính tới bước thất bại chưa tính tới thành công :)),1,0,0.00182331504765898
"em lấy đi niềm tin chả lại cho anh những gì , cũng vì anh vụng về đánh rơi hay càng xa vời càng dễ mất .. anh chân thành nên anh tổn thương",1,0,0.03203520551323891
dễ thương . cứ yêu đi ngại gì .,0,0,0.002701416378840804
hí . dễ thương quá,0,0,0.0010070009157061577
"1 đoạn phim được trích ra tuy ngắn nhưng , chứa 1 thông điệp rất có tầm quan trọng",0,0,0.0019026906229555607
tối nay chồng tương lai sẽ đưa con khác đi chơi 😆😆😆,1,0,0.0013873231364414096
"bất cứ lúc nào nghĩ về đời tao chỉ thấy vị cay , nồng nơi khóe mắt :))",1,0,0.002391455927863717
tự nhiên coi tới khúc th bé kéo hết bạn bè tới chụp hình tao buồn cười vãi ! ông kia nghĩ ! thôi chết mẹ rồi ! kiểu này tối mới lau xong 😂,0,0,0.0010802808683365583
"per cố gắng lên nha anh , mọi điều tốt đep đang chờ anh 💓💓",0,0,0.0017495938809588552
gặp được em nhưng sẽ chỉ quan tâm và bảo vệ em từ xa,1,0,0.0032093969639390707
thêm đường hay cho thêm bánh gato về tẩm bổ :),1,0,0.0013579217484220862
thấy cái thèm ts quá,0,0,0.00135427201166749
"hiện tại mình cần tìm người yêu , bạn nữ nào chưa có chồng hay chưa người yêu thì bình luận bên dưới để mình lựa một bạn may mắn nhất nhé :)))",0,0,0.0014887183206155896
a per ..... nhìn những hình ảnh này ... sao em nhớ về anh quá .... 15 năm ròng rã .. giờ anh lưu lạc nơi đâu . 😭😭😭😭,1,0,0.001116652274504304
chữ tao từ lớp 3 đã kiểu như thế nào và còn đẹp hơn nhé .,0,0,0.0020493087358772755
per quẹo lựa mấy đứa ơi . để lễ nay đặt vé luôn cho rồi . nóng quá rồi :)))),0,0,0.001270531676709652
xem đi xem lại bao nhiêu lần cũng không chán ... vẫn cảm giác hồi hộp :),1,0,0.0015895783435553312
bé có năng khiếu làm cô giáo dạy văn ... nghe thì nghĩ tục nhưng đời thường là có thật ... bác nghe thấy đồng cảm với các cháu,1,0,0.0012365711154416203
chết luôn .. tình yêu không phân biệt . giới tính .. tình yêu ơi là tình yêu .. tao đau khổ vì mày lắm rồi ...,1,0,0.001334279659204185
"mức thu cao nhất - đồng ý vì số liệu nó thể hiện như vậy , chứ còn hiệu quả thì mình không biết đúng không 😂 mỗi lần vô vcb là hiểu phải đợi mỏi mòn , không như những nh khác",1,0,0.0022108275443315506
"thà biết rồi đau 1 lần cho tởn rồi thôi , chứ đừng để nỗi đau cứ day dẳn giằng xé mãi cả đời ☻",1,0,0.002497835084795952
nghe anh ấy nới chuyện rất thuyết phục,0,0,0.0011363732628524303
thông minh :v,0,0,0.0013554210308939219
oimeoi tao thấy được tao ngày xưa đây rồi =))))),0,0,0.001348212594166398
con mong cụ cuộc sống sẽ tốt hơn 😔,0,0,0.0026427072007209063
sau mưa ra đường sợ nhất gặp giun,1,0,0.00376460375264287
nên gan ngỗng ăn ngon đó,0,0,0.0015600259648635983
"ngày nào cũng thấy tàu trật bánh , khá buồn",1,0,0.002372270217165351
nhìn đẹp quá đi mất,0,0,0.0010008810786530375
tao đang cố un crush nhưng khi xem xong video trên thì ..........( khóc không ra nước mắt ),1,0,0.0015039093559607863
đó là khi anh per cưới vợ đó 🤣,1,0,0.002326670801267028
ngoài những bài chia tay vì lí do vớ vẩn ra thì neu cũng có những bài đăng đọc rồi còn nhớ mãi .,1,0,0.0017625096952542663
mặt nhỏ dễ thương vãi =)),0,0,0.0012697824276983738
béo tí đáng yêu mà =)),0,0,0.0010612583719193935
"hy vọng chừng đó con đã đi mẫu giáo lớn , 1 xe bảy chổ và nhà hai tấm 🤣",0,0,0.002379909623414278
1 năm không biết bao nhiêu lần x - quang :(,1,0,0.0012601478956639767
cả người nhà người yêu cũng không đồng ý :((,1,0,0.0012358598178252578
"mình nói thật nhìn từ trên cao xuống đã thấy chóng mặt rồi , vãi",1,0,0.0024413075298070908
tao giận bạn trai tao và 5 ngày rồi nó đéo dỗ tao luôn hix,1,0,0.002332824282348156
dăm ba cái kỉu đây hồi nhỏ tao đốt chấy vài á mà 😃,0,0,0.00145694927778095
per lên lịch hẹn hò nhanh,0,0,0.0011932577472180128
chia buồn cùng nước pháp .,1,0,0.002404981292784214
nta vẩy tay mấy cái cũng ra tranh còn tao thì 😪,1,0,0.0015780014218762517
mặt chúng bạn kiểu lại đéo được trả tiền rồi 😞,1,0,0.0018389149336144328
"hắt xì mệt quá , muốn bắn , muốn làm việc :(",1,1,0.9892371296882629
"t xin nhắc lại một lần nữa , đây là một câu chuyện buồn nhé",1,0,0.004227402154356241
"tội nghiệp , có rất nhiều em ở nông thôn bị như vậy 😢.",1,0,0.001778513309545815
buồn thay cho lớp tao,1,0,0.0017449602019041777
hi vọng trưa nay lúc ăn cơm vtv24 sẽ không đưa tin về bạn này ạ,1,0,0.0018604437354952097
per sự thích thể hiện của các bạn mà bóng đá per tốn một món tiền không nhỏ ! 😩🙏🤕,1,0,0.001186396460980177
đáng iêu vãi =]],0,0,0.001149131334386766
quá ý nghĩa . mình trẻ mà chắc gì làm được vậy,1,0,0.0022148683201521635
bộ phim hay nhất từng xem,0,0,0.0010708642657846212
bạn đã hiểu nổi khổ của mario khi mua vui cho bạn chưa :)),1,0,0.0012429708149284124
boss hổng có 6 múi hả :( buồn dị,1,0,0.0012395367957651615
chân tao không đu ̉ da ̀ i đi ̉ đi con đươ ̀ người na ̀ y :((((,1,0,0.0015882969601079822
nước ngoài có đầy mà :)),0,0,0.0019281153799965978
cái gì mà rớt hột le tè vậy em gái 😁😁😁,0,0,0.0011708735255524516
có người yêu coi bộ cũng vui 🙂,0,0,0.0010383006883785129
14 / 2 năm ngoái tao mọc sừng . nên 14 / 2 năm nay tao quyết định cưa sừng 😊,0,0,0.0017799208872020245
"vui vẻ chút , lạc quan chút cho đời thêm vui cũng là một cách 😂😂",0,0,0.0021801572293043137
"lại là lào cai , tự hào quê mình quá :))",0,0,0.0012824160512536764
nói tiếng tuy hoà phú yên làm tao nhớ đến nyc . giọng nó sao ngọt không thể tả . buồn,1,0,0.0009902885649353266
yêu quá hóa điên 🤣,0,0,0.0008190930238924921
nhìn nữa sao . hỏng yêu đi . cho doi . vui vẻ,0,0,0.0009402269497513771
cứ thấy trai đẹp là tao hạnh phúc :),0,0,0.001551960944198072
đậu . tao mê nhất là giọng tuy hòa phú yên . nó luôn mang một ấn tượng sâu sắc . nghe cứ thích thế nào ấy,0,0,0.0010571532184258103
cái con đồ chơi đó mua ở đâu nhỉ . cười đéo nhặt được mồm . 😂😂😂,0,0,0.0009896924020722508
sao lại cưng đến thế này ^^,0,0,0.0014756445307284594
per gặp thần tượng mỗi ngày kkk,0,0,0.0017956218216568232
xem mấy lần rồi vẫn thấy hay,0,0,0.0011222674511373043
đcm ngôn tình vãiiii,0,0,0.0012720911763608456
dân kinh doanh khoái đi chợ này lắm nè,0,0,0.001331808976829052
đã trải qua và thấy chuẩn cơm má nấu,0,0,0.002624994143843651
crush mới thích ảnh tao mà tao đã . nghĩ đến chuyện đặt tên con rồi,0,0,0.0019752327352762222
cái gì vui vậy mọi người :)),0,0,0.0013959137722849846
má chủ dễ thương vậy tao cũng muốn xin,0,0,0.0020788705442100763
câu chuyện dễ thương thật ^^,0,0,0.0010976942721754313
điều tồi tệ là học nửa vời chã ra làm sao,1,0,0.0033898574765771627
trước khi lấy vợ boss có một thân hình hoàn mĩ thế này đây,1,0,0.0023842668160796165
cô quét đi cô cho cháu hốt về với =))),0,0,0.0013003363274037838
này thì câu thích 😂😂😂,0,0,0.0013807443901896477
bốc toàn trúng may mắn lần sau,1,0,0.0021579230669885874
định mệnh tao lại quên mang áo mưa,1,0,0.0017947552260011435
xem xong video tự thấy mình còn không bằng con chó ...,1,0,0.0014512111665681005
chúc mừng cp . cố lên cp .,0,0,0.0012665154645219445
per huhuu không biết lúc đấy thực tập chưa :(((,1,0,0.0012408591574057937
"con này còn hại hơn cả ốc bươu vàng . cấm nhanh còn kịp , để nó ra ngoài thì chỉ có người nông dân thiệt thôi",1,0,0.002234162762761116
liên quan à . cr mày đéo thương mày đâu . nó có crush mới rồi . 🙂,1,0,0.00131405855063349
thật là đáng sợ,1,0,0.0012923823669552803
em chờ được mà 🙂,0,0,0.0036095199175179005
"mình nhận thấy hình như ông ấy đang rất đau khổ , mà không thể or không muốn nói ra .",1,1,0.9689712524414062
"giá trị lịch sử văn hoá gần nghìn năm đã mất đi rồi :((""",1,0,0.0012756639625877142
em nuôi con lợn mấy năm rồi mà vẫn trống rỗng huhu 😭😭😭,1,0,0.0012507925275713205
sợ thế,1,0,0.0022944926749914885
hay à ngheng,0,0,0.0009550019167363644
"t cũng thế . đang ngồi chơi với con , vợ nó đắp mặt nạ lù lù bước vào . xém đái trog quần ??????",1,0,0.0022742850705981255
"đúng rồi , vàng là phải vàng mới có giá trị , vàng trắng làm gì có giá trị 😥",1,0,0.0019333730451762676
toàn tặng đồ gây sát thương thế kia khả năng bị phản damage là rất cao,1,0,0.0016029190737754107
mệt mõi 😥,1,0,0.007414891384541988
tao không biết tao đủ ổn để đi học thêm không nữa,1,0,0.03478819504380226
ai đó hãy tát trà sữa vào mặt tao đi 😭😭,1,0,0.001976910512894392
trông tội quá,1,0,0.0010427891975268722
"thanh diễm giờ tao hiểu tại sao cứ sáng vô là tao trông tới đi về , đầu tuần trông tới cuối tuần và đầu tháng trông tới cuối tháng rồi 🤣🤣🤣🤭",0,0,0.0017451822059229016
làm đéo gì có ai nói chuyện thân thiết với tao đâu mà,1,1,0.6365209817886353
ad cho hỏi nghệ an lúc nào mưa vậy ah 🌧🌧.. ốm cũng cam lòng chứ vã lắm rồi 🥵🥵,1,0,0.021033208817243576
"chửi vậy cũng bình thường mà mọi người cứ làm quá . mẹ tao cũng suốt ngày chửi tao , tao thấy vui mà .",0,0,0.0029728272929787636
"đừng ám tao nữa , sợ lắm",1,0,0.005642502568662167
ý là giọng quê tao đó hã,0,0,0.0028182677924633026
"đang định đi nhổ răng khôn , nghe được tin này thấy ghê răng 😁",1,0,0.001782637438736856
nhờ mất bạn nên mình mới biết 😂😂😂😂,0,0,0.0017273204866796732
vừa đây về đông kinh hồn càng về đêm càng đông,1,0,0.00876083318144083
"mày làm tao nhớ em gái ghê , mai sinh nhật con bé rồi mà tao đang đi làm xa nhà , không về được .......... 😑",1,0,0.0015267099952325225
ui nghe ấm thế,0,0,0.0012661681976169348
chắc từ giờ tao đéo giám ho nữa quá .,1,1,0.7127059698104858
đau lòng quá,1,0,0.0015690550208091736
không những hạnh phúc tao còn cứng nữa :)),0,0,0.001882877666503191
chúc mừng các anh . các anh giỏi quá . chuc các anh mạnh khỏe .,0,0,0.0008508622995577753
"thương quá . giờ con đi học ở lại cả ngày thì hên xui thôi chứ biết làm sao , không ăn thịt heo thì ăn gì . mong sao có lệnh tạm dừng ăn thịt heo trong thời gian này cho các trường mầm non thì hay biết mấy .",1,0,0.001979347551241517
tội em gái đó,1,0,0.0010497055482119322
ăn cơm mốc có khả năng bị ung thư gan cao . hít,1,0,0.0023129750043153763
làm người khác thỏa mãn bằng mùi hương của chính bản thân,0,0,0.0027950038202106953
anh đừng bỏ em đi mà 😢,1,0,0.0023888293653726578
muộn rồi :))),1,0,0.001491066417656839
dễ thương hết sức ??,0,0,0.0021963396575301886
cái khó ló cái khôn :))),0,0,0.0020539667457342148
a độc thân nè không có ai để nắm tay gọi là thử coi .. hihihi chúc em luon vui ve em nhé ...,0,0,0.001260099234059453
hồi nhỏ đọc tao đã nghi nghi rồi =)))))))),0,0,0.001348245539702475
per tìm được đối tượng nào để cầu hôn chưa :))),0,0,0.001724775182083249
cũng đúng :)),0,0,0.0015196191379800439
"thích cái câu , có mỗi thằng con rể đểu mà cứ xoắn cả lên 😂😂😂",0,0,0.0010055667953565717
"coi khúc đầu không hiểu , đến lúc ổng bước ra khỏi làn khói , thật không thể cầm được nước mắt",1,0,0.0025098766200244427
per thích quáaaaa,0,0,0.001365106669254601
tao cũng ho trật mẹ khớp vai mà đéo phải 1 lần đầu nhé,1,0,0.0024278920609503984
hú hồn chim én :) nào làm ra này chắc cũng ngáo dữ :) chắc add không sợ nhện :),1,0,0.0011315526207908988
biết trân trọng những gì mình đang có ☺️,0,0,0.00377747998572886
có gì đâu bé vậy mới cool đó anh thích 😉😉😉,0,0,0.0009698461508378386
"aaaaa con nhện 😨 "" aaaaaaa con ế !"" - nhện said 😂😂😂",0,0,0.001342415576800704
tiếc cho mối tình ấy ....,1,0,0.0011646804632619023
phim nay xem rất nhiều lân nhưng quá hay vẫn muốn sẽ tiếp tục xem,0,0,0.0009600870544090867
"đúng thế , ở đâu cũng được đâu nhất thiết phải ở đây",0,0,0.007024382706731558
gu của tôi trời ơi . tiếc mới có chồng với đứa con thôi . huhu,1,0,0.0016276359092444181
rồi mấy đứa chân không được dài như tao phóng qua kiểu gì :),1,0,0.0016401518369093537
trời ơi . dễ thương quá luôn ❤️❤️,0,0,0.000873824639711529
per sáng mai kiểu gì cũng về tới nhà :)),0,0,0.0012866791803389788
để anh dẫn em đi ăn nha :)),0,0,0.0013596818316727877
vậy là thế giới mất đi không biết bao nhiêu món nướng rồi :(,1,0,0.001566942548379302
"tui đây vừa vô phòng thì con vợ mặt trắng bóc nhảy ra đây , tưởng là ma",1,0,0.002871917327865958
những điều đơn giản nhưng thật hạnh phúc 😘,0,0,0.002197248162701726
phải chi có người yêu nhắn tin ngọt ngào như này,0,0,0.0010960871586576104
"hồi học lớp 5 bảo bố đi mua sgk cho , xong bố đi mua nguyên bộ lớp 4 đầy đủ từ sgk đến vở bài tập 😂",1,0,0.0015480208676308393
cả 2 loại người này đều đáng sợ !,1,0,0.00408780574798584
per mỗi ngày đi làm thấy per là như có thêm power cho 1 ngày siêng năng !!!!,0,0,0.0013777168933302164
"bị ám ảnh hồi bé đi nhổ răng , không dám đi nha sĩ nữa :((( huhu 😭😭",1,0,0.0012279973598197103
quá đau lòng nhưng chúng ta phải chấp nhận với điều đó,1,0,0.004195350222289562
"per hồi nhỏ bị ngỗng dí riết ám ảnh , giờ mà bị dí chắc cầm cổ quay thấy moẹ nó luôn hehe",0,0,0.0020175606478005648
per sợ nhện đúng không :)),1,0,0.001349638681858778
em chân thành nên em tổn thương !,1,0,0.002137828851118684
"per ăn tết xong , cần cây cầu này để giảm cân 😆😆",0,0,0.0016184350242838264
"ngày cuối cùng còn ở lại , bản thân không có bất cứ một cảm xúc gì , trong lòng chỉ độc một mảnh phẳng lặng .",1,1,0.5698283314704895
anh chờ ... đáng yêu ghê,0,0,0.0014072874328121543
vẫn chọn tech là ngân hàng đồng hành,0,0,0.0024760623928159475
đây là 1 câu chuyện buồn,1,0,0.0036580355372279882
duyên quá nói chuyện hay,0,0,0.001010146806947887
móe . con nhện . cười đau cả ruột .,0,0,0.001337574445642531
thề cứ 1 lần trượt là tao cười to hơn 😆😆,0,0,0.0019788078498095274
chị đầu tiên buồn v :((,1,0,0.00121621647849679
tao đã rất muốn làm bạn tốt anh em tri kỉ với tụi hắn nhưng không ai muốn làm bạn với tao - _ -,1,0,0.011433275416493416
con gái tao thì suốt ngày hêy siri bắt chước mẹ 😂,0,0,0.0019965399987995625
"đi hát văn nghệ cho trường nguyên cấp 1 , kiếm được kha khá . cấp 2 vỡ giọng , khỏi hát 🤣",0,0,0.0011366031831130385
tao rất thích nhạc trung từ giai điệu đến ý nghĩa rất hay 😁😁😁,0,0,0.0007838177843950689
nhà tao cũng gần mà tao không bao giờ dám đi đêm,1,0,0.006576319225132465
per có ai còn nhớ thời đầu băng xem đi xem lại xuốt ngày không kakak,0,0,0.0018680691719055176
thế là hết những gì đẹp nhất của nước pháp sao không phun nước cứ để cháy rần rật nhỉ,1,0,0.0013334238901734352
tại vì anh trót nói lời thương em mà em không đáp lại,1,0,0.0023287327494472265
mới ngày nào bidv còn đứng nhất mà .. haizzz,1,0,0.0011584549210965633
bị nó chặn đầu mấy lần khóc sướt mướt luôn . mấy con yêu nghiệt này còn dữ hơn chó,1,0,0.0017277603037655354
per tuổi thơ của mềnh đi học là lúc nào bạn tao cũng ngồi trên và khi nào múa giờ ra chơi cũng múa chung với mềnh 😅😅😅,0,0,0.001180292689241469
nhìn là yêu roi muốn nuôi quá trời mà sợ không chăm được em 😢,1,0,0.0011458643712103367
đôi khi hạnh phúc chỉ là những điều giản dị nhất mà chả ai nghĩ tới 😊,0,0,0.007110687904059887
huhu xem mà muốn khóc vãi,1,0,0.0012542259646579623
tao thấy tai nạn giao thông là tao nói với mẹ .. con chạy ra đó để tối lên ti vi ... mẹ tao chửi sấp mặt luôn,1,0,0.002209993777796626
nó giống tao ghê . gặp tao tao cũng chọn mày,0,0,0.0018332438776269555
"per hay đó bro , trừ điểm bro chưa bao ăn :)) - 10",1,0,0.0008986018365249038
cũng sợ mấy con ngoe nguẩy như giòi 😰,1,0,0.0019344654865562916
"ước gì mèo nhà mình cũng có thể về nhà như vậy , mất ẻm được 2 năm rồi :(((",1,0,0.0012498426949605346
tự dưng cay mẹ mắt,1,0,0.005602782126516104
bác vẽ làm tao nhớ con cá này vãi =))),0,0,0.0012820374686270952
trường gửi điểm về và mẹ cũng điện chửi :(,1,0,0.0023987931199371815
nói chuyện như người yêu ??,0,0,0.002749533159658313
đó là một câu chuyện buồn 😀,1,0,0.0026851582806557417
xem xong tôi cảm thấy còn u ám hơn :)),1,0,0.0013031866401433945
chúng mày cứ cười . dm mai gần đấy có biến lại thấy anh ấy trong bộ cảnh phục thì lại tung hô quả nằm vùng quá đẳng cấp 😂😂😂,0,0,0.001451803487725556
không phải không thích mà bản thân chưa đủ tốt để sánh vai . phải chi anh có thể đợi em khôn lớn !,1,0,0.0022142943926155567
rất có tố chất . liên đoàn xe đạp việt nam có thể liên hệ để đào tạo được đấy,0,0,0.000949154666159302
"đếu thể đỡ được "" tiền mừng , tiền mừng "" hahaha",0,0,0.0014297958696261048
còn buồn hơn là cố quan tâm thế nào họ vẫn không hề rep lại,1,0,0.0026497396174818277
đáng yêu phết nhể,0,0,0.0011924186255782843
tuổi trẻ tài cao =))),0,0,0.0013287966139614582
ước gì được giận lại 😐,1,0,0.0031428823713213205
sợ vãi linh hồn 😞,1,0,0.0019737479742616415
thôi chết haha ...,0,0,0.03949979320168495
cái này phải hơn 20 năm rồi . lần đầu không biết canh lửa nên cơm khét hoài 🤣🤣🤣🤣🤣,0,0,0.0011850270675495267
anh lỡ mất em rồi huhu,1,0,0.0024979966692626476
per ly trà sen của anh đem qua có ngày nó thành như v đó 😭😭 hức hức ...,1,0,0.0017065501306205988
ngầu lắm bạn ạ ^^,0,0,0.0010870409896597266
đã gặp được em đúng lúc . nhưng lại không phải thời điểm em muốn ....,1,0,0.007744521368294954
những người em thích đều đi nơi đâu rồi còn con ml bên cạnh song hành,1,0,0.002051313640549779
ơ thế hoá ra tao không bị ngu một mình ?,1,0,0.002272937214002013
ngày xưa mẹ tao dạy ở miền núi . năm tao học lớp 3 lần đầu tiên lên trường với mẹ . đaumoa mấy con ngỗng mất dạy rượt tao leo lên cây phượng cao chót vót cả tiếng không dám xuống .,1,0,0.0070303562097251415
món này ngon vãi,0,0,0.0012900683796033263
cầu cho chú luôn mạnh khoẻ ạ 😢,1,0,0.0018565774662420154
chỉ ước về sau mình được vay,0,0,0.00778986606746912
không muốn yêu ai cả,1,1,0.952481210231781
minh biết nữa ne,0,0,0.005631426814943552
trên đời vẫn còn nhiều điều tốt đẹp ❤️,0,0,0.002277097664773464
mai tao cũng đi ship mới được . có bài này áp dụng luôn .,0,0,0.0016529117710888386
thằng ben thật tội nghiệp,1,0,0.0010833446867763996
cả đời mình chỉ ước có 500tr trả nợ ngân hàng cái xe để chạy kiếm ăn ...😥😥😥,1,0,0.0012199501506984234
t cười ỉa ...🤣🤣,0,0,0.0009851377690210938
em buông tay anh nhé .... quá khứ ấy anh hãy xoá hết đi .......,1,0,0.0024552377872169018
rụng tim 😭,1,0,0.0018992029363289475
tao không tin đâu hiccc =(((,1,0,0.0013829804956912994
ngày hôm ấy tuyệt đẹp nhưng lại đượm một nỗi buồn ngày mai thôi chg được gặp thầy cô bb lũ chúng tôi khép cánh cửa ấy lại nhìn lại toàn bộ khung cảnh ôi thân thương biết mấy cảnh vật quen thuộc sẽ không được trông thấy nữa,1,0,0.0012854058295488358
chúc mày mau khoẻ nhá chủ thớt ạ =)),0,0,0.0012789372121915221
được . đỡ tốn 5 nghìn,0,0,0.001610996201634407
muốn nhanh thì phải từ từ =))))),0,0,0.0016326881013810635
ốm mà xinh thế :3,0,0,0.0016260049305856228
dạ cho em hỏi cái đường này ở đâu z ạ . để em đéo tới đây ạ . đm bước cái chắc tét háng,1,0,0.0025107923429459333
"dù chỉ để nhìn 1 cái , để biết người ấy vẫn ổn , người ấy còn tồn tại . ít nhất là nv 😔",1,0,0.00392526900395751
má . đang định đi chụp :((,1,0,0.0011910161701962352
bày đặt viết trên cát khắc luôn vào đá cho tạt thoải mái,0,0,0.0016960462089627981
cho em canh với . hehe,0,0,0.0014858964132145047
"anh sau đó , không còn là anh nữa ...",1,0,0.025170402601361275
sao giống phim good doctor của hàn vậy ?? cũng bệnh tự kỉ và có khả năng nhìn được 3d !,0,0,0.0014030340826138854
đẹp trai thật .,0,0,0.0013603833504021168
hay . đỡ mệt,0,0,0.0011199237778782845
per bài tủ 1 thời =)),0,0,0.0013408501399680972
tôi cắn bất chấp =)))))))) chắc là tôi yêu tụi nó cuồng si rồi,0,0,0.0011629187501966953
mở ra mà thấy vậy chắc tao sợ quá mà chết luôn mất :),1,0,0.0016298977425321937
đồng đội chơi tốt quá hahaaa,0,0,0.0009114266722463071
giọng cute phết,0,0,0.0009590339032001793
tao sợ ăn xong nóng đêm gãi toét chân,1,0,0.0020055423956364393
"con gái không thích con trai đầu hói , vì cưới về dễ nhầm đầu :d",0,0,0.0016401425236836076
chuẩn bị prayforparis thôi 23 tuần kể từ khi phe áo vàng làm loạn rồi mà vẫn chưa dẹp được .,1,0,0.0030054529197514057
đau đớn quá sao phải tham mấy đồng tiền đó nhỉ,1,0,0.0013586384011432528
"hăm hở đón nhận tất cả , thậm chí là nỗi buồn , nếu điều ấy khiến việc tồn tại của bạn mang một hương vị đáng nhớ ...",1,0,0.04145895689725876
buồn nhất là crush cũng chả có để mà thả 😞,1,0,0.001765655935741961
"tao sợ chó lắm .""",1,0,0.002018754603341222
"tuổi thơ tao gặp toàn trai bánh bều , mít ướt . toàn là tao galang , dỗ dành . ôi cái cuộc đời này per",1,0,0.0012889973586425185
"ngày đẹp trời là ngày được nghỉ làm , đi những nơi mình thích , với người mình thương , ăn những món ăn ngon . xong về ôm nhau ngủ :)))",0,0,0.0012960871681571007
"nhớ hồi euro 2012 rực sáng trong màu áo tuyển ý , ghi mấy bàn mà bàn nào cũng thấy phê .",0,0,0.0015850592171773314
chồng tương lai lại nuôi vợ thằng khác,1,0,0.002226386684924364
"thương các con quá , lũ khốn nạn vì lợi trước mắt ma tội cho bọn trẻ , bọn này cho chết het",1,0,0.0011374527821317315
t thấy tội nghiệp thằng cải,0,0,0.0016361502930521965
hồi bé bị ngỗng dí hoài =)) sợ vãi,1,0,0.0013669905019924045
má chắc gặp tao chạy mất giày,1,0,0.0027441750280559063
"bữa tao coi cái video này nhưng nó ghép nhạc bựa vãi ... mỗi lần mỗi anh té là first blood , double kill ,... các kiểu =))))",0,0,0.0010428031673654914
bạn gái nào xinh xinh mà bị lạc thì vào nhà mình cho ngủ nhờ này . ??,0,0,0.001623848918825388
đúng là càng ngày càng chán . cứ theo luật mà làm thì chán cực kỳ luôn,1,0,0.001587265869602561
cái cuối phê vãi,0,0,0.0015009751077741385
ê tao đi nhật chưa được 1 năm mà xem video này làm tao loạn ngôn ngữ ghê . thỉnh thoảng phải dừng video ngẫm câu nó nói nghĩa gì,1,0,0.00126645527780056
per kinh dị thấy mệ luôn nè,1,0,0.0017278261948376894
làm chó khổ lắm chứ bộ :((,1,0,0.001044540200382471
bức ảnh này lại làm mình bị ám ảnh . haz,1,0,0.0018198020989075303
dân chơi nhìn cái biết ngay 🤣🤣,0,0,0.001238328986801207
đáng yêuc quá,0,0,0.0010331126395612955
tiếng guitar thật tuyệt,0,0,0.0011606131447479129
mỗi lần tao ăn đu đủ bằng thìa thì bố tao lại chửi tao . bố tao bảo loại mày ăn đu đủ không cần thìa đâu .,1,0,0.004131390247493982
mệt như chó :3 nhưng mà hoan hỉ đầu năm đi xin lộc :v,0,0,0.0014718201709911227
đáng yêu quá . phải thằng trai nhà tao thì nó sẽ nhẩy vào tính ôm luôn cái máy ấy về =)),0,0,0.0012086223578080535
đau nếu còn nghĩ về nhau thì hãy quay về bên nhau :)),1,0,0.001469090348109603
một hành động đẹp đầy tính nhân văn ☺️☺️,0,0,0.0009109271341003478
"hôm bữa đi ngang qua , thấy hết con mẹ nó hồn",1,0,0.0021570585668087006
nhìn một cái rồi quay đi là thấy mãn nguyện rồi .,0,0,0.0022924032527953386
ôi hạnh phúc quá 😄😄😄,0,0,0.0008454935159534216
biết ngay anh per lại mượn đầm của vợ :)))),0,0,0.0014667881187051535
sợ vãi,1,0,0.0037914179265499115
tao ho rụng hết tóc rồi 😭,1,0,0.0018524166662245989
dù có sống được mấy đời thì cũng nợ mẹ cha trọn cả mấy đời .,1,0,0.0051927026361227036
đây là một câu chuyện buồn 🙁,1,0,0.0018775290809571743
má ơi đây chính là thứ ám ảnh nhất cuộc đời con . kẻ thù 😢😢😢,1,0,0.003132802667096257
per bị chữi thì ráng nghe mà vui đi nghe . cứ như nghe hát miễn phí 🤣🤣 còn bị chữi là còn hạnh phúc . nguoi ngoài ngọt ngào nhưng chắc gì đã thật lòng đâu,0,0,0.0009832469513639808
tao tưởng tượng sau này sẽ có 1 thằng bồ vừa điên vừa ngáo giống tao .. chắc vui hết sảy 🤣,0,0,0.0018483003368601203
sợ quá đi,1,0,0.0013651899062097073
cay và đắng nghe mấy ông lớn tuổi toàn kêu thế thôi,0,0,0.002116600750014186
thấy dòng này quen quen . thấy đọc bình luận của ai á . haha . buồn cười 🤣 🤣 🤣,0,0,0.0009818372782319784
và đương nhiên sẽ có ngày cô ấy sốc vì giới tính thật của cô ấy !!!,1,0,0.005225228611379862
là nhân duyên trời ban cớ sao chẳng thành đôi :(,1,0,0.0018828005995601416
tau đã được bà nội vá quần 🙂🙂🙂,0,0,0.001368938246741891
page bị hack rồi . video hay nhất mình từg xem,0,0,0.0009303506813012064
""" tụi mình tuy không yêu nhau hai lần , nhưng nếu có cơ hội ... anh chắc chắn vẫn tặng em đoá hồng đẹp nhất """,0,0,0.0019365031039342284
chỉ khổ các con thôi !! sao người ta lại có thể mất nhân tính như vậy,1,0,0.0015190418343991041
crush của tao cười hơi bị xinh :3 xinh + cười = đỗ mãi • 3 •,0,0,0.0009672633605077863
dễ thương quá à ????????,0,0,0.0008705163490958512
chuẩn kkk 😁,0,0,0.0015698432689532638
ukm . nguy hiểm thật :'<,1,0,0.0011476766085252166
"đi chơi gặp 3 con mất dậy này vừa bị dí vừa bị cạp đít đau không chịu được sau phải nhảy lên cây để trốn , giờ gặp là sợ 😭😭",1,0,0.0013122259406372905
per mày cứ kén chọn đi chúng nó yêuc nhaooo hết rồi kia kìa ahuhu .. không tin vào mấy thằng ông nội cơ bắpppp nữaaa,1,0,0.0013598365476354957
câu chuyện lấy đi nước mắt của tao,1,0,0.002958937780931592
"thằng bạn ngồi kế bên lớp 2 nhà bán vàng mà nó học dốt , thế là làm bình thường về nhà cho nó , 1 bài 2k , mồi ngày kiếm 8 - 10k 🤑",0,0,0.0013825634960085154
sự thật thì cố suy nghĩ vui vẻ hạnh phúc mà trong túi không có tiền chỉ sợ đất cũng không có mà ăn,1,0,0.003417041851207614
nhưng tao đéo có crush,1,0,0.0038755270652472973
tận cùng của nỗi đau :(,1,0,0.13701480627059937
cần tìm gấp bạn trai đáng yêuc như anh này trời đất ơi =)),0,0,0.0012749381130561233
đố ai định nghĩa được tình yêu . có khó gì đâu một buổi chiều . kề dao vào cổ yêu không hả . gật đầu lia lịa thế là yêu 🤣🤣🤣🤣🤣🤣,0,0,0.001323918579146266
chẳng biết nói gì . xem video em cười suốt mà lòng tôi không thấy vui tẹo nào . thương em,1,0,0.0011667829239740968
cẩn thận mày lại có cháu sớm 🤣,0,0,0.0021183860953897238
cái dây ở ảnh đầu xinh vãi vậy,0,0,0.001639314228668809
"lúc nhỏ mẹ nấu cơm bằng bếp củi , ttao thì không biết gì thấy lửa tắt thì chụm vô : )) mẹ ra quánh cho trận vì nồi cơm khét nghẹt 😑",1,0,0.001268530497327447
"ngày xưa đi học gần trường có bày ngỗng , hôm nào nó cũng cà khía rượt tụi học sinh chạy sấp mặt luôn",1,0,0.002018677769228816
tao thầy mày cười hí hửng vại mà ?,0,0,0.0023263213224709034
nhìn đáng yêu vãi :))),0,0,0.0012531614629551768
buồn thế nhỉ . t mới mua con per chưa nổi 1 năm . thế này thì biết sống sao 😨😨,1,0,0.00200353330001235
đồng nghiệp của tôi thật tuyệt vời,0,0,0.0010913736186921597
per luôn yêu đời và luôn yêu công việc em nhé,0,0,0.0014810531865805387
"sợ nhất mấy đứa ảo tưởng sức mạnh , nhắn tin nhiều chút là auto mình thích nó",1,0,0.0018619231414049864
mẹ đang buồn ỉa mà trên đường về gặp mớ gờ giảm tốc kia thì phọt bà ra quần 😨,1,0,0.0014292621053755283
hay lắm . thằng anh giúp 2e thêm yêu lao động,0,0,0.0008543683798052371
"cô ấy rất tốt , nhưng tôi biết thứ nào tốt đều không dành cho mình",1,0,0.004284821450710297
"nhổ tóc sâu cho bố , hình như được 500đ để mua kẹo dồi 😂",0,0,0.0013456052402034402
rất vui mừng khi ông ấy rời việt nam an toàn tuyệt đối ....,0,0,0.001174402772448957
"vợ người ta chưa bao giờ làm tôi thất vọng , còn vợ tôi thì ..... đi hết 1 / 3 cuộc đời rồi vẫn chưa tìm thấy 😓",1,0,0.0031186845153570175
tao thì sợ nhất lúc nó mới cắt tóc,1,0,0.0030619173776358366
"sau 1 thời còm men dạo khắp muôn nơi , cháu đã lên được fan cứng rất rất cứng 😆😆",0,0,0.00114768638741225
thằng nào sửa xe này dễ đau tim mà chết lắm . :)). nhất là những thằng sợ rắn .,1,0,0.0012443845625966787
ừ công nhận == không có tiền mua,1,0,0.00169283093418926
chỉ là không có ai để nhắn thì mới nhắn cho mình . công nhận nguy hiểm,1,0,0.0045000710524618626
có tâm mới có tầm haha,0,0,0.0023528749588876963
"ngày xưa nuôi mấy con mèo . đêm hôm nó cứ lựa lúc cửa mở là chạy đi chơi mất . những lần nó không về buồn thối ruột , tối cứ mở cửa để đợi tiếng meo meo 😥",1,0,0.0022172145545482635
per ơ tao còn chưa kịp đến bắt tay mà :((,1,0,0.0011231289245188236
"chống mắt mà xem này khi bồ nói anh muốn đi tập gym thì dẹp ngay và luôn , măc công nó yêu thằng khác mất quá per",1,0,0.001737161772325635
đúng chất dân miền tây hahaha,0,0,0.001332264393568039
sống với nhau đến cuối đời người ta cũng chỉ mong có vậy .,0,0,0.008551512844860554
đang trong lớp mà ứa nước mắt,1,0,0.002426109742373228
nhìn quả mặt nó làm tao thoả mãn vãi,0,0,0.0013716082321479917
"😔 tao không lấy chồng nữa , ở nhà nấu cơm cho mẹ , tao sợ lắm",1,0,0.0033529114443808794
"chuẩn thế còn gì , phải có uy tín trong nghề mới thành công được",0,0,0.0027800484094768763
per ngôn tình luôn ở quanh ta nhưng nó đéo đến với chúng ta 😏,1,0,0.0018328644800931215
vận may s cứ xua đuổi mình hoài chứ có bao giờ tự tìm đến đâu ? đen thôi chứ đỏ quên điii nha . đời thường giết chết kẻ mộng mer như mình .,1,0,0.0022771626245230436
"nguy hiểm lắm , ngồi nhà lướt facebook thôi mà không cẩn thận thì mất tim lúc nào không biết",1,0,0.0024530980736017227
per tập gym đi mày có người yêu đấyyyy =))))),0,0,0.0010434227297082543
rõ ràng vẫn là một người mà cắt tóc xong nhìn đáng yêu vãi :v,0,0,0.001125150709412992
tuổi lồn hù được bố m,1,0,0.0017495136708021164
dume sởn gai ốc 😭,1,0,0.0012269386788830161
giờ thì chả dám nhìn nữa hic :((,1,0,0.001839734148234129
"không phù hợp thổ nhưỡng , khí hậu . vậy mà vẫn tung hô , dải ngân để làm khổ dân . quả bóng trách nhiệm chẳng thuộc về ai cả . 😢😢",1,0,0.0014437133213505149
khóc vãi 😭,1,0,0.0017009410075843334
thề luôn con ngáo nó thích trêu mấy đứa sợ sợ như này =)),0,0,0.001325249089859426
bố mày đã sợ nhện rồi xem cái video này ... vãi đái :(((,1,0,0.0011730481637641788
chỉ những người độc thân thôi,1,0,0.004513577092438936
giữ mãi lòng nhân ái các em nhé ! tấm lòng các em đẹp biết bao .,0,0,0.0011687350925058126
hay quá,0,0,0.0013209927128627896
không cẩn thận phát là ngậm bả như chơi,1,0,0.00236560613848269
"trải qua một cuộc bể dâu , rồi bể ong ???? lót dép hóng :v",0,0,0.0013963923556730151
xem mà rơi nói chuyện mắt khi ăn luôn 😭😭😢,1,0,0.0011090055340901017
má :))) đoạn đeo mặt nạ kinh dị vkl :)),1,0,0.0010552905732765794
mỗi tao thấy hồi xưa còn đẹp hơn à :))) bây giờ nhìn như bóng long xuyên vậy,0,0,0.0012109051458537579
hạnh phúc . mà hạnh phúc của đàn ông thì khó nói lắm . kaka,0,0,0.0015342218102887273
hahah thú vị ghê hen,0,0,0.0009666382684372365
yêu quá ! xinh quá ??????,0,0,0.000873600656632334
đọc chả hiểu gì :( mất gốc rồi :(,1,0,0.001810629852116108
bức ảnh xuất sắc ❤️,0,0,0.001001350930891931
"có tớ nhé , bạn không cô đơn đâu .",0,0,0.0069548022001981735
dăm ba con nhện nghĩ tao sợ (((=,0,0,0.0012572694104164839
có tiền sẽ thấy các vị gọi là thượng hạng còn không tiền sẽ chỉ thấy vị mặn của mồ hôi + nước mắt,1,0,0.004402628634124994
"ước gì boss không co chân lên , tao vẫn sẽ nghĩ là boss thật khí chất =)))",1,0,0.0013836912112310529
per dạo này béo quá rùi :(,1,0,0.001081018359400332
"làm ca nào không quan trọng , quan trọng là có đồng bọn bảo yến nguyễn hạnh 🤣🤣🤣",0,0,0.0012297045905143023
thật tình là rất xin lỗi anh ở trog video . hi vọng sẽ gặp đuợc anh để xin lỗi và tạ tội với anh . thật ra hộp quà trong video là của con lol per với người yêu nó tặng nhau dịp sinh nhật . híccc,1,0,0.00131891667842865
"sời , lừa làm sao được tao :))",0,0,0.001363506424240768
may quá tao không xài huawei kkk,0,0,0.0016436307923868299
thôi thì đi xem avenger lần 3 để tránh nóng nốt chiều nay không mai mưa rồi hehee,0,0,0.0013793817488476634
bác này nói hay,0,0,0.001053264713846147
đối với thế giới này bà lão chỉ là một ai đó . nhưng đối với ông lão đó bà lão là cả thế giới 😊,0,0,0.00405482342466712
pháp không còn khoảng thời gian bình yên nữa rồi,1,0,0.03662167862057686
"trời mẹ phim gì vậy thớt ơi , cười ná thở",0,0,0.001620221883058548
"tui thi ́ ch va ̉ i lă ́ mày ma ̀ ăn nhỉ ̀ u no ́ người lă ́ mày mọi người anh ̣ , bi ̣ lơ ̉ miê ̣ người",1,0,0.0027689544949680567
dễ thương vậy chời,0,0,0.0021053496748209
bằng tuổi em các bạn đang ôn thi mà em phân vân không biết chọn trường nào :((,1,0,0.0012301872484385967
"ngày xưa , ngoài thú vui chọc chó dí , còn chọc cho ngỗg rượt . cách giảm cân hịu quả nhất cho mấy đứa lười 😂. nhớ lại vui thật , đúg là thời sửu nhi .",0,0,0.0011869131121784449
buồn hơn khi tôi còn là gái 🙄,1,0,0.004270490724593401
sau vụ 200k thì vụ 5tr này có nội dung hài hước y hịt :)))),0,0,0.0010907708201557398
per không lẽ sau này kím bạn trai không tập gym 😖,1,0,0.0028416519053280354
per làm gì quên được kkkkk,0,0,0.0024743929971009493
tao của ngày này năm trước đang ước đừng lấy quỳ tím đem ra thử nghiệm . :(,1,0,0.0019807517528533936
"giống hệt mình , nhưng bạn may mắn hơn vì bên này quyết trốn nợ tận cùng",1,0,0.0033962700981646776
cái mặt hoang mang thấy thương 😆❤️,0,0,0.001078499248251319
"tháng 10 đến rồi , em đừng buồn nữa nhé ❤",0,0,0.0023696226999163628
có đứa nào hồi bé không biết nấu còn tranh làm rồi quên không đổ nước như tao không :))),1,0,0.0015407110331580043
trời má cute vãi lozzzz,0,0,0.0014366466784849763
"quá bản lĩnh luôn , người đáng nể , tiếc là anh ấy sắp bị tử hình rồi",1,0,0.0010731315705925226
ngày tao chia tay tao khóc quá trời luôn,1,0,0.0014275250723585486
thật may em đã gặp được người tài xế tốt 🌸🌸,0,0,0.0010675733210518956
per giống cái bữa mình viết ghê,0,0,0.0013060916680842638
chưa có cơ hội nói cảm ơn và xin lỗi . vì chúng ta xứng đáng được bình yên,1,0,0.002902158536016941
các bạn đã xuất sắc hoàn thành nhiệm vụ,0,0,0.0011012208415195346
định share mà đọc bình luận tắt con mẹ nó cảm xúc :(((((,1,0,0.0010329985525459051
per kinh nghiệm nha,0,0,0.0018467112677171826
chàng trai vàng trong làng bấm biển =))),0,0,0.001533191534690559
chuyện buồn quá chúng mày à . tao không dám đọc sợ làm quyết tâm có người yêu của tao lung lay 🙄,1,0,0.0015565791400149465
giống chó này hình như không có lông ạ ?? chó nhà em lông rụng đầy nhà .. huhu,1,0,0.0017426918493583798
chời ơi mới chụp răng 2 bữa trước về không ngủ được tới nay luôn,1,0,0.0013071575667709112
trời ơi cái đoạn này em khóc tu tu luôn 😪.. trong khoảnh khắc rời xa một ai đó mãi mãi cơn đau thấu ngực trái huhu,1,0,0.01856604404747486
sao giốg với mình v . nhưg mình từ bỏ rồi người ta hình như cũng có người khác . từ đầu là do mình ảo tưởg thôi giờ thì tỉnh đi cô gái ạ,1,0,0.005464538000524044
tư duy của họ hơn hẳn 1 cái đầu 👍,0,0,0.003915894776582718
rất thuyết phục,0,0,0.0010883710347115993
chỗ tao cũng có cây tình yêu < 3,0,0,0.0012888311175629497
1 % kìa rồi ra cổng gọi thế nào :)),1,0,0.0012681492371484637
hạnh phúc ghê,0,0,0.001055887434631586
ba ́ o giâ ̣ tao ti ́ tao la ̀ mày hoa ̉ người loa ̣ n ngươ ̀ i dân . haizzz,1,0,0.0015124364290386438
đm main mới hay quá đi,0,0,0.0008317279280163348
per kỉ niệm nhất là những ngày trốn học cùng nhau đi xem phim 😂😂😂,0,0,0.001054493710398674
nhìn cái bà này tôi chỉ muốn xoạc bà 1 cái . sao bà không là con trai nhỉ . ông trời quá là trêu người rồi,1,0,0.0013914965093135834
sư tử chứ dễ thương q . q gì,1,0,0.0014965757727622986
trai tài gái sắc .. danh ngôn rồi tài sản chứ tài gì !! 🤣🤣,0,0,0.0010199530515819788
"chịu hay không không quan trọng , quan trọng là không có ai lấy",1,0,0.004379466641694307
điên khùng . nhưng hahahah . nhiều tiền quá mạ ơi,0,0,0.002088876673951745
"thiệt là cao minh , hahaaa",0,0,0.0013222558191046119
"đôi khi cũng muốn dỗi lắm , nhưng nghĩ lại đéo có người yêu mà dỗi",1,0,0.003632022300735116
trồi ôi mới đọc tưởng đâu người yêu,0,0,0.0015878569101914763
em mình là con trai viết đẹp y chang thế này nhé,0,0,0.0013221269473433495
"haha ,,, sao không kêu tao ..",0,0,0.0014988683396950364
mặt tao như này ai mê cho nổiiiii,1,0,0.001868639956228435
"thứ yêu nghiệt , nhỏ g vẫn sợ nó nhất sau mấy con lắm chân t . t",1,0,0.002509187674149871
anh tây này đáng yêu chết được cứ tiếng tuy hoà phú yên ma học đi nhá ☺️☺️,0,0,0.0008855711785145104
per sao bố lại đủ bình tĩnh để xem hết cái trailer này nhỉ . _ . sợ vãi,1,0,0.0014719301834702492
"xem đi xem lại không chán , best của best 😭",0,0,0.0009785472648218274
"cả đống người trên đường , mà nó chỉ dí mình tao 😭. t đã làm nên tội gì 😭😭",1,0,0.0016362991882488132
chàng trai mạnh mẽ !,0,0,0.0016181954415515065
tìm đối tác 😔,0,0,0.0014252226101234555
thấy cưng gì đâu,0,0,0.0021436368115246296
ngôn tình từ anh mà ra,0,0,0.0025433721020817757
tao được thấy nói chuyện mắt của bố tao khi tao bệnh và khi tao lấy chồng,1,0,0.012633143924176693
không biết thật mà hix .,1,0,0.0024448554031550884
per =)))))))))))) tao cười không biết chỗ nín lun,0,0,0.0010933117009699345
cứu tao :(( tao sợ rắn,1,0,0.0016067918622866273
bộ cuối nhìn đau lòng thật :(,1,0,0.0009898556163534522
còn mình nhìn như thằng ngu,1,0,0.0024042127188295126
thương chỉ sợ em không cho anh cơ hội thôi,1,0,0.002053153235465288
per má có điểm cho sướng vãi,0,0,0.001373722217977047
ôi không đừng vậy mà :((,1,0,0.0014515324728563428
phim hay vãi ấy xem lâu lắm rồi,0,0,0.0013653830392286181
chỉ cần 1 cây hoa . nói lên tất cả .. hi,0,0,0.00302348961122334
điều hối tiếc nhất cấp 3 là chưa kí lên áo của nhau 😢,1,0,0.0014540004776790738
"ôi zồi ôi , nhìn cái mặt của ẻm kìa , yêu ghê :))",0,0,0.000994376139715314
chào tháng 10 !! tháng sanh thần của tôi .. hi vọng mọi chuyện tốt đẹp,0,0,0.0019004116766154766
bây giờ tao lấy chồng rồi còn không có cơ hội ngủ với em gái 😫,1,0,0.0025574457831680775
đáng yêuc quad 🤤🤤🤤,0,0,0.0009009157074615359
có đứa nào đéo giật mình như tao không :))),0,0,0.0018672844162210822
môn này đéo dành cho những người chân ngắn như tao :) bay qua chắc lọt mẹ xuống sông ^^,1,0,0.0010661219712346792
góp vui cho chủ thớt 😂😂,0,0,0.0010706501780077815
trông mặt buồn chưa kìa per :(,1,0,0.0012519576121121645
30s mặc niệm bắt đầu ...,1,0,0.001517132273875177
"mà sếp cũng duyệt , cũng in rồi haha",0,0,0.0019104386446997523
đm ngồi chờ đã rồi các tổng đài viên đều bận 😭😭😭,1,0,0.002073558047413826
con gái chả thế :)))) con trai đi dume mày có nhận hàng không,0,0,0.0012341953115537763
ánh mắt thằng con muốn nói : cứu cháu hình như ba sắp ném con ùi,1,0,0.003349821548908949
"không được uống đã đành , ngồi dọn sấp mặt luôn , như con cáo và chùm nho xanh per",1,0,0.0022451120894402266
"kỳ nghỉ hè muộn của anh mà , xõa hết đi anh .",0,0,0.001964213792234659
per chơi với con trai riết nên giờ đéo có người yêu nổi vì tính tình không khác gì con trai,1,0,0.0014204070903360844
chán mấy ông thanh niên .,1,0,0.0014786863466724753
má đáng yêuc quá dạyyyy ??,0,0,0.0008943168795667589
phim này mới ra được có tập 1 thôi . hay phết,0,0,0.000998040079139173
mẹ đi ngầu chết mẹ đi được chứ kì quặc gì =)))),0,0,0.001089643337763846
"per mày nhìn thành long hồi này có thấy giống mặt anh chung nhung hồi xưa không :))))). thề luôn , tao thấy giống vãi 🤣",0,0,0.0012410312192514539
t đã thử rồi mà dume vẫn la :)))),1,0,0.001656593638472259
thạ timmmmm đùa tao yêu mặt nó lúc ôm đầu vlllll xinh quá con ưiiiiiiii,0,0,0.0009823766304180026
dự định tao là 28 nhưng giờ mà có bồ là bắt cưới luôn chớ sợ ế haha,0,0,0.0018032212974503636
"chủ động nói chuyện , nhắn tin khi có time . nhưng đời không như mơ",1,0,0.0025722477585077286
tuổi thơ của tôi =)),0,0,0.0015012251678854227
"cũng tùy , đôi khi không cần vật chất mà chỉ cần động viên , san sẽ những khi con mình vấp ngã hay khó khăn trong cuộc sống thì ...",1,0,0.011198542080819607
khoảnh khắc tao nhận ra tao đã từng rơi vào hoàn cảnh bế tắc này 😌😌,1,0,0.05590854212641716
"per chị mày đánh lộn từ đầu làng đến cuối xóm thì cần chi bọn con trai , nhưng nhìn bọn nó dễ thương hén",0,0,0.0014450118178501725
"crush một ai đó là điều không bao giờ có rồi , vì mình vừa béo , vừa xấu gái , vừa vv and vv . auto nhục 😞😞😞",1,0,0.005507027730345726
"chúng mày nhìn , tao nuốt cũng không xuống nổi , ông địa",1,0,0.0032732391264289618
và rồi cô ấy sẽ mãi mãi không có người yêu =((,1,0,0.0012502619065344334
"đau lòng vãi . cứ tưởng là đùa . ai ngờ , bồ nhau thiệt . ơ . tớ có sừng không",1,0,0.001458601327612996
nhiều khi nghĩ mình không phải con gái mà là 1 thằng đàn ông chính hiệu kkkk ....,0,0,0.002647153567522764
vẫn ế bền vững,1,0,0.0013970176223665476
sao mình lại không xem được vậy admin 😭,1,0,0.001557301846332848
"khóc không chịu được luôn , và mình cũng sẽ làm được nếu phải đánh đổi tính mạng cho 2 cô con gái bé nhỏ của gia đình mình",1,0,0.0019877618178725243
ảnh đẹp quá 😍,0,0,0.0010081302607432008
ui còn chưa kịp đi xem đã rút rồi :((,1,0,0.00118833570741117
per bếp lò xo huyền thoại của ngoại hay nấu nè,0,0,0.0009242745582014322
cả 2 kẻ này đều đáng sợ !,1,0,0.0029950905591249466
muốn tạo ra niềm tin đôi khi bạn cần sự dối trá 😉,0,0,0.01108524203300476
xài vietcombank sinh nhật cũng không được chúc luôn :((,1,0,0.0009865104220807552
buồn cho số phận 😢,1,0,0.0015965758357197046
"lâu rồi mới thấy trailer chất như lày , so excited",0,0,0.0011189241195097566
quả mắt nhìn sợ vãi,1,0,0.001953565515577793
quê vải mà chưa được ăn quả nào . huhu,1,0,0.0013639176031574607
chẳng bằng bố tao 13 năm tự nhiên hỏi bố biết tên con là gì không thì chần chừ một lúc rồi phun ra tên chị tao,1,0,0.002725979546085
vì chúng ta không nên nói chuyện với nhau nữa,1,0,0.007262581493705511
"sợ vãi , mém xỉu",1,0,0.0027024289593100548
"tự nhiên thấy tụi con gái khóc tu tu , thế là mình lủi ra ghế đá trước lớp ngồi . tự nhiên cô dạy văn cũng ra theo xong ôm mình khóc ,",1,0,0.002199779264628887
"bị ngỗng mổ sợ vãi_chưởng , hồi bé tao đã không sang nhà b tao cả tuần trời vì nhà nó mới nuôi ngỗng mà bình thường tao toàn ăn chùa cơm nhà nó thiếu điều làm con nuôi nhà nó nữa thôi :))) nhắc lại mới thấy sợ vãi",1,0,0.0012285426491871476
mùa thu năm ấy cta đã gặp nhau ?,1,0,0.0029419425409287214
thích :)))) đi làm vui hay không là có đồng nghiệp tốt đừng chơi xấu mình là được :)),0,0,0.0010280474089086056
chỉ sợ lúc nó dí,1,0,0.02966638095676899
tao là thằng chưa bao giờ giận người yêu vì người yêu tao không bao giờ làm gì có lỗi hết,0,0,0.002968013985082507
ai sẽ cùng tôi mang nỗi đau này cơ chứ,1,1,0.9631173014640808
tao rất sợ mất đứa tỏ ra như thế,1,0,0.0033879957627505064
rơi mất tim . nguy hiểm thiệt ^^,1,0,0.0014315000735223293
phim này xem rồi ý nghĩa vài,0,0,0.0017239813460037112
chắc học từ bỏ quá,1,0,0.002478931797668338
t đu ́ theo thôi :v tao biê ́ tao thư ̀ anh no ́ la ̀ shipper,0,0,0.0016832383116707206
bởi vì gặp nhau sai thời điểm nên tôi mất người mãi mãi ...,1,0,0.002721251919865608
cưng ghê ❤️,0,0,0.0010100022191181779
mới đi nhổ răng số 8 và chụp 😞,1,0,0.0015189644182100892
chưa được đi pháp mà huhu,1,0,0.0016577724600210786
"t không tiếc mấy ly trà sữa , chỉ thấy tội cho mấy cô lao công dọn dẹp mà thôi 😔",1,0,0.0015077573480084538
qua chạy xe nẹt nẹt bốc đầu bố ai dám dô,1,0,0.0018656081520020962
thế chân ngắn như tao thì phải làm sao với cái cầu,1,0,0.0033794345799833536
đó là khi tao muốn cắn ai đó điên cuồng :),0,0,0.014618444256484509
"ước gì mày được quay về tuổi thơ , trước mày cũng có 1 b trai như vậy đó",1,0,0.0022154126781970263
chuẩn luôn :3 độc vô tình bắt gặp thôi cơ mà giờ tao bị ăn bơ rồi 😭,1,0,0.0015856768004596233
hình như sau boss bị chết ạ,1,0,0.0024375871289521456
per thế mà cháu tôi không biết chơi 😭😭,1,0,0.0013425268698483706
mẹ nó chứ xem xong mình khóc hết cả nước mắt,1,0,0.0015491528902202845
chả mong gì nhiều chỉ mong về già được như hai ông bà ! 😊😊😊,0,0,0.0013179662637412548
dăm ba cái trò nấu cơm này sao làm khó tao .,0,0,0.0016047231620177627
"công ăn việc làm còn chưa ổn định , bố mẹ già còn chưa lo được thì kết hôn để làm gì 😪",1,0,0.0028239013627171516
sợ vãi nồi tao còn tg thằng kia bay ra cơ :)))),1,0,0.0016394795384258032
khổ nhất người có bầu,1,0,0.0021584744099527597
thế thì nó lại tốt quá,0,0,0.0018182798521593213
với mình đoạn mấy thằng đỡ đẻ là hay nhất,0,0,0.0009973029373213649
mày xinh ghê vậy :d,0,0,0.0010651007760316133
lâu lắm rồi mới nghe lại bài này 😀,0,0,0.0014808379346504807
bình thương tao hay cười lắm . nhưng khi tức tên ... tao lại khóc . quá yếu đuối,1,1,0.9195385575294495
hmm hãy tưởng tượng nó là một chú gián xink xắm xoè cánh thiên thần bay đến ... 😞,0,0,0.00145053886808455
em chân thành nên em tổn thương,1,0,0.0036045501474291086
ngày xưa hồi còn học mẫu giáo mỗi lần đi qua là nó rượt tao chạy té khói dume còn thiếu nước chạy lại quỳ xuống van xin nó nữa thôi . đến giờ nó vẫn là nỗi ám ảnh với tao :)),1,0,0.0012818884570151567
ko 1 từ nào để diễn tả bộ phim này ...,0,0,0.003156110644340515
"per đó là lý do tại sao em luôn nói với anh , có gì cũng phải nói ra",1,0,0.014555961824953556
xem video nay sao mà sướng hết thằng người,0,0,0.0011016824282705784
coi ảnh này nổi cả gai ốc,1,0,0.0012371977791190147
cưng chết,0,0,0.004874835256487131
thề dume c còn hết hồn nói chi đến khách =)))) sáng sớm ra mở cửa với tối đóng cửa thôi độ gan dạ cũng phải tăng lên mấy chân kính =)))),1,0,0.0011663141194730997
"per trừ điểm , trừ điểm",1,0,0.002078418619930744
"chị ấy cười với tao kìa chúng mày , hạnh phúc ghê 😊",0,0,0.0013977913185954094
lại đến giờ giải trí rồi mềnh ơiiii per =))))),0,0,0.0011162025621160865
nhìn thôi đã đau lòng,1,0,0.0034479827154427767
per có sub rồi nè . má coi đi coi lại vẫn mắc cười . với đưa anh stk đi,0,0,0.0010412426199764013
câu được chục con heo vàng chả được cái gì,1,0,0.002216487657278776
thú vị vậy =)),0,0,0.0016302624717354774
ngày xưa đi học đạp xe qua cứ tưởng được quay phim đưa lên truyền hình :)),0,0,0.0013001876650378108
bằng tuổi người ta mình vẫn còn mải nghĩ chiều nay ăn gì 😢,1,0,0.0023699223529547453
các bạn nữ đập đầu vào tường chết hết rồi,1,0,0.0021640798076987267
cặp này lầy mà dễ thương,0,0,0.0011813226155936718
nhìn hói mà thấy thương gê ??,1,0,0.0012287397403270006
móng tay và tóc theo thời gian thì mọc càng dài tại sao chỉ có con chim là nó không mọc dài hơn nữa ta,1,0,0.002593837445601821
cao quá cũng khổ chứ sung sướng đéo gì 😓,1,0,0.0016032082494348288
per một thời nè 😃,0,0,0.0016000720206648111
tôi ở phú yên và anh này nói rất chuẩn < 3,0,0,0.0019101541256532073
có đứa nào vừa coi vừa nuốt nước miếng như tao không ?,0,0,0.0027989966329187155
đó là 1 câu chuyện buồn,1,0,0.007794010452926159
nó mà cắn ai 1 phát thì ... nghĩ thôi đã rùng mình,1,0,0.002248532837256789
không phải thích của cải mà là thích ý chí của họ . đàn ông có chí tiến thủ bao giờ cũng quyến rũ,0,0,0.0016542075900360942
"có tài nhưng đôi lúc muốn làm diễn viên hài 🤣🤣🤣, khoái thanh niên này buồn cười vkl",0,0,0.0011008752044290304
siêu phẩm để đời .,0,0,0.0016522430814802647
đựng túi nilon là chất rồi 🤣,0,0,0.002462104894220829
😭😭😭😭😭😭,1,0,0.00131120253354311
đúng . biết là sự thật tàn nhẫn nhưng vẫn muốn biết rõ cho nhẹ lòng hơn :(,1,0,0.00436478340998292
"nhỏ thấy qua 1 lần , nó bị cột ngay trước cửa nhà người ta ở trong hẻm , mỗi lần đi ngang qua là nó lại định lao tới cà khịa",1,0,0.0048301550559699535
per thần thái còn phải thua haha,0,0,0.0011896787909790874
per dã man,1,0,0.0019919779151678085
"ở nói chuyện ngoài hộ không khì thị về giới tính , họ cho được kết hôn . chứ họ không kì thị như ở việt nam mình hai người kia họ thật dũng cảm khi sống thật với giới tính của mình",0,0,0.0030847801826894283
tao đang chờ xem bà ấy được nghe nhạc ý mà hết video 🤣,0,0,0.0012973691336810589
"1 bộ phim phải nói trên cả tuyệt vời , xem đi xem lại cả chục lần rồi mà không ngán",0,0,0.0009754926431924105
tận cùng của tan vỡ,1,0,0.017294617369771004
làm kiểu không cần bẻ phê hơn =))),0,0,0.0014691462274640799
còn gì đau đớn hơn cảnh này :(((,1,0,0.0013626394793391228
tuổi thơ của tôi cũng từng có 1 người c . trai bỏ mặc tất cả để bảo vệ tôi 😘😘😘😘,0,0,0.004628417547792196
per ông xã xem khúc nó kéo xe chở con chó nè :)) đọc bình luận hài hước ghê,0,0,0.0009298915974795818
đáng yêu như em tao ý . cứ mỗi lần nó quyết định ngủ ở đâu là nó lại đấu tranh tư tưởng 🤣🤣,0,0,0.0014173398958519101
không có gì là tồn tại mãi nhỉ,1,0,0.011888084933161736
nhưng tôi đéo có bạn trai thì phải làm sao ?,1,0,0.1867738664150238
giờ mới biết =)),0,0,0.0015328250592574477
cần gì những thứ xa hoa lộng lẫy đâu . dù chỉ 1 bông hoa nhưng đong đầy yêu thương nhắn tin đã cảm thấy đủ hạnh phúc rồi 😊😊😊,0,0,0.0016590101877227426
hồi bé bị ghiền mùi này :)))),0,0,0.001686419011093676
may mà còn gỡ lại được 1 miếng sắt lớn của tàu hỏa nó bung ra nên bán đi cũng đỡ được vài đồng . kaka,0,0,0.0014415461337193847
"đẹp quá mày , còn không cho tao xin ít",0,0,0.00148914591409266
:))) 1 phần của bài quyền là phải gẫy gậy và té sấp mặt luôn để đỡ bị đối phương đâm lòi phèo,1,0,0.0014417829224839807
chất lượng âm thanh bản này hình như nghe hay hơn bản gốc hồi mấy năm trước nhiều < 3,0,0,0.0013077374314889312
hay lắm,0,0,0.0010414342395961285
kết thúc 3 năm cấp 3 là khoảng tg đẹp nhất nhưng nó cho ta nhiều kỷ niệm đầy tiếc nuối 🤔,1,0,0.0012815960217267275
cái này chỉ sướng mấy anh đèo mấy em ngực bự đi đường này nẩy tâng tâng,0,0,0.001160343992523849
ơ tao cũng học ông này hướng dẫn hay sao ấy :))))),0,0,0.0011982733849436045
anh em để tao hưởng trước nào,0,0,0.0035917877685278654
"giờ đây chúng ta , những con người của ngày ấy giờ không còn nữa ... những lời nói về mai sau nhưng ta đâu ngờ sau này chúng ta càng trở lên xa lạ",1,0,0.0047594355419278145
lâu lắc chưa xem lại !!! 😳. một bộ phim vừa ý nghĩa vừa hài hước ! 👍,0,0,0.0008114050142467022
e quê bg mà mùa vải còn không có vải mà ăn @@@,1,0,0.0011650050291791558
"kéo bấc mòn cả tay , ma nghĩ lai thấy nhớ thời đó nhỉ 😂😂😂",0,0,0.0012096227146685123
lấy vợ xong béo quá rồi . hình như ai cũng v à 🙃,1,0,0.001398030435666442
đi học về thấy bán hoa đây đường mà cảm thấy tội cho bọn có gấu ... lại tốn tiền,1,0,0.0013267329195514321
"mọa , mình nhà thanh hóa mà đéo biết gì luôn @@ :((((",1,0,0.0011336856987327337
đám tụi tao đi chơi xưa nay đều dọn sạch đồ mình kêu hoặc xếp lại gọn một chút cho người ta đỡ dọn .. cái này là sự ý thức thôi …,0,0,0.001961043570190668
xem không dưới 3 lần chia sẻ không dưới 2 lần nhưng mỗi lần nhìn thấy lại xem lại buồn,1,0,0.0012908101780340075
per năm nay 2 đứa quyết định ngồi hay đứng kkk,0,0,0.002991825807839632
nắng cũng đã sắp tàn sao mà chả thấy em đâu ...,1,0,0.00339502259157598
bình tĩnh vãi_chưởng =)),0,0,0.0013303004670888186
bà tao mất rồi :<,1,0,0.0016806279309093952
"đuma tao đang ở đấy nè , vừa đi vừa ôm túi sợ cướp :((",1,0,0.0013778270222246647
câu nói quá chuẩn và ý nghĩa 👍,0,0,0.0010208364110440016
một bình luận của người trong cuộc . đọc xong thấy ấm lòng cho per !,0,0,0.0012024755124002695
đã thử và rất thích thú 😆.,0,0,0.0016340346774086356
tao tưởng nó té cái đùng chứ . làm ngồi chờ mãi mỏi cả mắt,1,0,0.002186910016462207
"mà hiệu quả bất ngờ quá , quá đỉnh .",0,0,0.0009819164406508207
cuộc sống mà =)),0,0,0.001748491427861154
"nó gieo cho tao mầm hi vọng , hi vọng vừa chớm nở nó đạp xẹp lép sự hi vọng bằg sự lặng im",1,0,0.006303752772510052
đề nghị admin xóa bài đi ạ . chứ bố mẹ em sắp đi chợ về rồi ạ :(((,1,0,0.001160229672677815
mèo nhà tao cũng từng đi lạc vì bị chó rượt tưởng mất rồi . sau mấy tháng thấy nó trở về nhà mừng vãi 😁,0,0,0.0022307606413960457
chắc phát khóc mất 😭,1,0,0.002312165219336748
chủ quán này xinh gái lắm nha !,0,0,0.0012296132044866681
nghe bài này nhớ nyc vãi,1,0,0.0011268300004303455
lúc rài không gặp được mặt cờ rút nữa 😪,1,0,0.0016072929138317704
tao phải công nhận là nó giỏi vãi . từ đứa diễn đến đứa quay và edit video .. giỏi vãi 🤣,0,0,0.0010792588582262397
cười đau bụng :))),0,0,0.0015010464703664184
tê tê phê phê sung sướng vãi 😌,0,0,0.03635641559958458
tao có hiểu đéo gì đau,1,0,0.043335046619176865
rồi nhận ra chỉ mình là cảm thấy như thế thôi hả :(,1,0,0.002527855569496751
thôi mình nói đùa đấy :(,1,0,0.0020708031952381134
thiệt là dễ thương quá đi mất . 💕,0,0,0.001091745332814753
ghê quá đi,1,0,0.0013061851495876908
"thương tra ̀ o nươ ́ c mă ́ tao ... cuô ́ i cu ̀ người thi ̀ ban la ̃ nh đa ̣ o bă ́ c ninh đa ̃ lên tiê ́ người giu ́ p đơ ̃ ca ́ c be ́, du ̀ qua ́ muô ̣ n @",1,0,0.001432600780390203
cha mẹ tao còn cãi lộn nhau vì không biết ngày sinh tháng sinh của tao là dương hay âm 😢😢,1,0,0.0025809055659919977
per đã nhẫn nhịn lắm ... đến khi con sen tao cứu tao thì tao đách có sợ đâu nhaaaaaaaa 😂😂😂,0,0,0.0012164245126768947
"có bao nhiêu đôi ngôn tình , cớ sao lìa xa mình ta :((",1,0,0.0011834659380838275
dăm ba chuyện hẹn hò có gì hay ho 😌 nhưng mà thi thoảng có dăm ba cái chuyện này cũng hay 🙂 tóm lại xem để giải trí đỡ buồn cũng tốt 🙂,0,0,0.0010840364266186953
lâu quá rồi mới nghe lại bài này . từ lúc ctay mối tình đầu :((,1,0,0.0011558441910892725
bị bắt nạt im re hà hiền khô luôn thấy tội nghiệp ai dè tới chừng ...... ha ha ha,0,0,0.0012286379933357239
dể thương quá ah,0,0,0.0011086213635280728
chị em mình giờ nói ít thôi haha,0,0,0.0023539697285741568
không biết nói sao ... nghiện chuẩn mẹ rồi ... crush ợ . mà nó nhẫn tâm lắm hồi trước còn hay call video . từ hôm tao cạo trọc y như là mất tích luôn . chắc phải để tóc mọc lại tao mới dám gọi . 🤭,0,0,0.0011928635649383068
con dang yêuc qua ha,0,0,0.0034593804739415646
pháp luật là bạn của nó rồi anh ah vì quen anh anh chị b trên quận ah nên em cũng sợ lắm ah :-(,1,0,0.0014404784888029099
con lai xinh phết ??????,0,0,0.0010137140052393079
muốn được đi một lần 😆😆😆,0,0,0.0016662937123328447
đm tao biết trước cả sự việc kiểu lìn gì cũng có nhện nhảy lên màn hình . vì mấy năm trước cũng có 1 thể loại giống như vậy . đm hú nhồn,1,0,0.002693677321076393
t thích nhìn mắt của crush hơn là nhìn nó cười,0,0,0.0019071301212534308
hihi : chúc mừng đại kỷ nguyên có lắm người yêu,0,0,0.000973197806160897
cần lắm những sẻ chia . cần lắm những thấu hiểu,1,0,0.015007183887064457
làm ở đâu không quan trọng . quan trọng là có chị em tốt để tạo nghiệp :)))),0,0,0.0017555693630129099
hơn cả bộ phim kinh dị !,1,0,0.0032645666506141424
ngồi nhìn nó ngủ cũng thấy dth vler đừng nói cười 😌,0,0,0.0014582728035748005
"kết nhất cái điệu "" xời quá là điều bình thường luôn """,0,0,0.0010303359013050795
hời ơi ... cưng xĩu,0,0,0.0011858440702781081
"thích chị này nhất phim í , bé bé xinh xinh lại diễn rất đạt :3 . hy vọng mai sau sẽ có bước tiến lớn và thành công hơn nữa < 3",0,0,0.0008542865980416536
nguy hiểm,1,0,0.004110874142497778
per giờ thằng gù nhà thờ chạy đi đâu đây :(,1,0,0.002173332730308175
haiz nuôi được nuôi không thì thôi chứ nuôi mà để v coi được haizz,1,0,0.0010363409528508782
lương cũng sắp về rồi 😉,0,0,0.0025917927268892527
mình đã về đến nhà an toàn hihi,0,0,0.0022169542498886585
trồi ôi bài hát đỉnh caooooo,0,0,0.0015658088959753513
per anh tặng vợ cái bát nha kaka,0,0,0.0012182984501123428
boss mắc bệnh nghiện vợ 🤣🤣😭,0,0,0.0011543030850589275
vì tao hay bị chúng nó chọc nên thấy buồn,1,0,0.004636350553482771
ko biết crush bây giờ có ở nhà không nữa 😭😭😭😭,1,0,0.0012865744065493345
per đem rác về nhà vứt luôn haha,0,0,0.001452515716664493
xem xong tao đã khóc rất nhiều,1,0,0.0018187854439020157
"nước mắt tự trào ra , thật sự rất cảm động 😢",1,0,0.001745393150486052
không hiểu sao đoạn này rất kích thích trái tim hủ nữa của tao =)))),0,0,0.000988296465948224
nhìn cái muốn cong :d,0,0,0.0019985416438430548
mới gọi điện thoại xong mới cười với tuii xong heheh anh đáng yêu vãi,0,0,0.0013150301529094577
đi đường buổi đêm nhìn thấy hãi vãi ??,1,0,0.003432466648519039
"có ai lần đầu bắn kéo ngược ra phía trước đạn bay vào mặt giống tao không , đau điếng",1,0,0.0020097042433917522
đôi khi có tiền cũng không đi được đâu vì đéo có ai đi cùng,1,0,0.189960777759552
cưng quá,0,0,0.001028930302709341
khi cô đơn lòng em nhớ ai :((,1,0,0.0013458430767059326
"cha quay phim cũng không phải dạng vừa , mẹ diễn viên thần thái vãi",0,0,0.0014699299354106188
"1 câu mà người ta hay nói , đắng như vị đời 😌",1,0,0.0020346601959317923
mẹ tao cũng thix em này 😅,0,0,0.0016066082753241062
rất ghét phim ấn nhưng phải nói phim này hay 👍,0,0,0.0009326271247118711
tôi trưởng thành vclll,0,0,0.0020862543024122715
hy vọng sẽ mau tìm được anh người yêu thật tốt để 5 năm sau có một gia đình như vậy ❤️❤️,0,0,0.0012703805696219206
thực ra chủ nó cũng bẩn vãi :) vầy quá kinh dị rồi :),1,0,0.0010445944499224424
cuộc sống là cho đi ❤ đôi khi chỉ cần được thấy họ cười là bản thân thấy vui rồi ..,0,0,0.0028445960488170385
cực kì bản lĩnh lẫn liều lĩnh,0,0,0.001692161662504077
tôi còn chẳng lấy ảnh lớp cho nữa,1,0,0.013455851003527641
nấu cơm như vậy xong đi lên nhà xem hoạt hình .. đến lúc hết phim xuống để xới cơm thì .... khét lẹt,1,0,0.0013373870169743896
tớ có thấy con ngáo đấy nhưng không dám lại sờ huhu tt,1,0,0.00255289813503623
muốn share về mà sợ bị bạn nè phẫn nộ quá,1,0,0.002225118223577738
kiểu lâu lâu cũng không được nhắn tin cho ai như thế nên cũng muốn tình cảm xíu =)))) biết đâu,0,0,0.00169711047783494
tao tháy gái nguy hiểm vãi,1,0,0.0016821777680888772
câu hỏi thú vị 😃😃😃,0,0,0.0016206593718379736
đcm ác mộng,1,0,0.0024102895986288786
xem phát khóc mẹ luôn 😭😭😭,1,0,0.0009125463548116386
"per nhớ ngày xưa gần nhà mày có đàn ngỗng , tụi khốn nạn đó toàn đi dàn hàng ngang chắn hết đường hết lối , mỗi lần tao đạp xe qua là rượt tao gần chết :v ám ảnh vãi",1,0,0.0013264808803796768
crush của tao đi làm rồi . hihee . sáng mai mới về cơ 🤣🤣,0,0,0.001333105843514204
dễ thương 😂,0,0,0.0018536399584263563
khổ thân vãi :)) xong bà lườm luôn :)),1,0,0.00117785157635808
có con gái thật tuyệt ! 😍,0,0,0.0014601647853851318
"nhạc buồn quá . bài này là bài "" chia tay trong chiều hoàng hôn nắng úa màu "" - justin bieber cho bạn nào chưa biết nhé . :'(",1,0,0.001001352327875793
mày giận lại tao hả tốt quá bố mày được đi chơi game rồi . tối về dỗ nó sau . chờ mãi câu giận của mày :)),0,0,0.0010499322088435292
đag bị cuồng mấy video của chế này . ai có ngoài video này tag cho mình xem với nhé 😂😂,0,0,0.0011277893790975213
nhìn dáng đi mà nhớ ông nội 😞,1,0,0.0013478525215759873
per hihi nhớ không,0,0,0.0012475401163101196
3 giờ sáng nằm xem xong khóc miên man 😢😢,1,0,0.0013692004140466452
đm trí tuệ vãi,0,0,0.0021379764657467604
"sau khi kết hôn , anh sẽ thuê người giết cô để hưởng trọn tiền bảo hiểm 😌",1,0,0.0026421931106597185
"đó là lý do tại sao tao chẳng bao giờ đi hùa mấy bài bóc phốt , xem cho vui rồi lướt thôi :))",0,0,0.001362150302156806
t phải tìm bạn trai là nhiếp ảnh gia mới được 😆,0,0,0.0016838489100337029
hình như anh nay đóng phim ngây ngô thì fải ... phim đó hay lắm các bạn nên xem,0,0,0.0009378644172102213
cảm thấy bị tổn thương,1,1,0.9777586460113525
động lực của phan con gái,0,0,0.001999895554035902
anh ấy không thương tao,1,0,0.004075809381902218
ha ha ❤️ chất lắm,0,0,0.0008153865928761661
yêu chết đi được .,0,0,0.00388922868296504
một cách bán hàng nta gọi là đẳng cấp,0,0,0.0067970845848321915
cute vậyyyyy,0,0,0.0034647600259631872
"bắt cóc như chơi đó mậy , be careful",1,0,0.0014436988858506083
xem đi xem lại vẫn hay ;)))))),0,0,0.0009938627481460571
không biết s chứ ngày lúc 17t tao đi phục vụ phòng karaoke ... mình tao 2 phòng chạy qua chạy lại mệt quá vì xỉn ... kkk . thế là tao nghỉ trong ngày đầu vào phục vụ karaoke .🤣🤣🤣,0,0,0.0012302726972848177
nghe quả tên nó đã khét vãi rồi . :))),0,0,0.0015309163136407733
cho nó cắn phát xem có thành spider man không 😂,0,0,0.0016896147280931473
nó ốm nhom thương ghê :(,1,0,0.000947768974583596
trẻ trâu việt nam thật đáng sợ,1,0,0.001115527586080134
per hóng phim này dụ dỗ mọi người xem tiếp nè anh :v,0,0,0.0011202552122995257
cíu tao khỏi hai tên đồng nghiệp bị crazy huhu,1,0,0.0020292645785957575
tuổi thơ mình lớp 4 đã cảm nắng 1 anh chàng từ 1 viên phấn vôi .,0,0,0.0030001781415194273
"per chưa bị rượt mà đọc bình luận thấy sợ quá , chắc tao sợ chó không là gì với con này :)",1,0,0.0013707374455407262
người ta có bạn bè nhìn vui thật,1,0,0.0013293067459017038
"đã dùng , nhớ quá ngày xưa",0,0,0.001612268970347941
tiền mất tật mang . xe đã nát rồi giờ còn phải đền cách cửa cho tàu nửa,1,0,0.002180508803576231
người gì đâu mà đẹp trai hết sức !,0,0,0.001770411734469235
"haa ... haa ... ! đúng là có thay đổi lớn ! ngồi nhâm nhi ly cafe , phì phèo điếu thuốc nhìn thiên hạ cũng vui kkk ... !",0,0,0.0011631986126303673
"tao toàn thế giận tao tao dỗi lại , lại phải dỗ tao . hahahaha",0,0,0.0016653413185849786
lại công cốc rồi . cả thế giới kì vọng,1,0,0.00521579897031188
ước gì tôi cũng được kiên trì như anh ấy để dạy con gào mất nết nhà tôi 😪,1,0,0.0020325076766312122
lạy ông nào nghĩ ra kịch này !!!,0,0,0.0012574413558468223
đứng trước mặt nó tụt quần ra auto hết giận,0,0,0.0017143933800980449
công nhận 😌😌😌 đồng nghiệp hạp hạp tí có khi ngồi buôn cả ngày bám hơn cả bám người yêu . đi làm hôm nào cảm thấy hôm đó ý nghĩa vãi,0,0,0.0009539187885820866
chủ thớt sấp mặt rồi,1,0,0.002641507191583514
ngày ấy cũng từng như vậy ☺️,0,0,0.0018650148995220661
quan trọng là đỉnh ^.,0,0,0.0026306703221052885
"mình chưa từng thấy phim nào ý nghĩa như phim này cả , nó dạy cho ta về nhiều mặt trong cuộc sống , khi vui , khi buồn",0,0,0.001996105769649148
tính ra con bé đó chuyên nghiệp ấy chứ,0,0,0.001686543459072709
những người thả phẫn nộ xứng đáng là thiên thần . dăm ba cái yêu đương vớ vẩn . ahuhuhu,1,0,0.0011558951810002327
"per anh nào nhắn vậy là tao yêuc luôn đéo suy nghĩ , ngọt vãi",0,0,0.0013656801311299205
đm cười ĩa,0,0,0.0019814991392195225
nhớ tới mối tình đơn phương !,1,0,0.001502029481343925
mỗi lần có video của con là cứ coi đi coi lại hoài . cưng con quá .,0,0,0.0011044555576518178
là do bản thân tao ngu thôi,1,0,0.0037990149576216936
per đã hiểu tại sao thằng bạn mình đam mê gym .. thì ra đây là nơi nó được sống thật với giới tính của mình ..🤣🤣🤣,0,0,0.0016138694481924176
"3 idiots , bộ phim rất đáng xem",0,0,0.0009214156307280064
"cái quá phơi lúa xong mưa , tao đang cười vì bà béo thì phải ngậm mồm .",0,0,0.0015062884194776416
nhà tôi còn nè,0,0,0.001514486619271338
"mấy anh làm video đầu tư ghê , nội dung diễn xuất hay",0,0,0.0007765623740851879
"kinh nghiệm được truyền lại là khi nào nấu xong bỏ tí "" tro "" vào lần sau không phải nấu 😊",0,0,0.0025937289465218782
"đó là 1 câu chuyện buồn , tao không có bạn trai hix hix",1,0,0.002410843735560775
haha . dễ thương gê 😊😘😘,0,0,0.0008403026731684804
"đúng vại , với ai nó cũng tỏ ra như thế . hihi 😂",0,0,0.0015941726742312312
hạnh phúc phát khóc,0,0,0.0011845084372907877
ông thần tài cũng không dám ăn luôn,1,0,0.0019426135113462806
thương quá . géc nhất những người nuôi chó mà không chăm ... tội cho kiếp em nó gặp phải 1 người chủ như vầy . thân thương !,1,0,0.0011300661135464907
"hồi nhỏ hay bị ngỗng rượt , vừa chạy vừa khóc la 🤣🤣",1,0,0.0017544081201776862
1 câu chuyện buồn :)) khuôn mặt biểu cảm :((,1,0,0.0011541091371327639
đúng là tốt quá lai thành lạm dụng 😶,1,0,0.001702041714452207
ngô ̀ i đo ̣ c bình luận chu ́ người no ́ tag người yêu va ̀ o ma ̀ sô ́ người mu ̃ i la ̣ i cay =)),1,0,0.0011173973325639963
hôm qua tao cũng xem chục lần :))) bài đếch gì hay vãi :)))))),0,0,0.0009862460428848863
cmt thế thôi chứ thật ra còn trả dám ấn vào video để xem . đời tao tởm nhất là lũ nhện mà hay gặp vãi :((((,1,0,0.00104313506744802
tưởng mai đi họp phụ huynh mới bị u ám . ai ngờ hôm nay mới biết điểm anh 9 . 5 thôi đã u ám rồi :),1,0,0.0014281634939834476
cả tết được có 400k :(,1,0,0.0017724522622302175
xem xong thấy buồn quá,1,0,0.0009784875437617302
mai đến phòng đi tập luôn,0,0,0.0018971784738823771
per ông đó có đôi mắt đẹp ghê,0,0,0.0012753431219607592
tao đéo ghê con rắn tao ghê mấy cái trồi lên kìa :))),1,0,0.001213498879224062
"mới đầu mày sẽ thấy vui , từ từ nó quậy cho mày ????",1,0,0.013935861177742481
tanh bành cuộc đời rồi,1,0,0.018079208210110664
cảm giác vừa uống cà phê vừa hát mỗi ngày bình an lắm,0,0,0.0018730637384578586
dm . đồ dạo này lắm tạp chất hay s í nó đéo phê nhg mà vẫn bị ngáo,1,0,0.0010438741883262992
đến giờ tao vẫn chưa biết biển là cái gì ad ạ .,1,0,0.004283227026462555
là đi phát tờ rơi ngay mấy ngã tư và cổng trường đại học ! được 200k về mua skin yasuo siêu phẩm 2016,0,0,0.001096390071325004
có ai xem xong không sợ với không giật mình như tao không @@,0,0,0.0014889203011989594
nổii da gà hic,1,0,0.001315862755291164
bạn trai người khác không bao giờ làm tao thất vọng =))))),0,0,0.0014951219782233238
cám ơn các anh,0,0,0.001300821895711124
tuyệt thật,0,0,0.0017559020780026913
crush bị thịt hay không không quan trọng . t chỉ sợ vợ tao đang bị thg nào đó gạ địt thôi . nghĩ mà buồn,1,0,0.0020830759312957525
per có nên áp dụng với anh hàng xóm không nhể 😆😆😆,0,0,0.0015962785109877586
t chỉ sợ cảnh đấu kiếm :((,1,0,0.00117491465061903
bà của tôi đã không còn khi tôi còn chưa biết gg là gì,1,0,0.10071918368339539
"mỗi ngày đi làm về , tôi không vội vào thang ngay mà thường ngồi sảnh tầm 20p chỉ để ngắm gái xinh cùng tòa 😆.",0,0,0.003834435949102044
đau còn hơn tỏ tình bị từ chối per,1,0,0.1800866276025772
khổ thân em nó . ??,1,0,0.0012858608970418572
nhìn đoạn ổng tránh nó cắn mà nhảy tưng tưng rất chi là điệu nghệ và mang trong đó cả sự tấu hài nữa 🤣🤣,0,0,0.0009312956244684756
per cười tức bụng nà vợ 😄,0,0,0.0010509784333407879
hôm nay thật tệ :((,1,0,0.0011572989169508219
người ta đỗ giữa 2 cửa thế kia là rất ý thức rồi,0,0,0.0018703609239310026
nhìn mặt con chó tội vãi,1,0,0.001682742265984416
đã khóc . cha mẹ là người luôn yêu thương minh nhất,1,0,0.0024422805290669203
nó lại hợp lí vãi :v,0,0,0.0012667039409279823
may nó không đâm cho lòi ruột,0,0,0.0028042050544172525
và người đó đang ở nơi đâu về với em đi . đợi người rồi người sẽ đến chứ ?,1,0,0.0044557792134583
"tui ở tuy hòa , phú yên mà chả nhận ra luôn .",1,0,0.002687206957489252
con thương ông quá,1,0,0.0013861211482435465
mặt ô kia khát nước nhìn buồn cườ thế 😂😂,0,0,0.0011630164226517081
e vừa bị điện cao thế giật hôm 17 chạp . bh nhìn cái ông này mà sợ .,1,0,0.0018077045679092407
hihi lâu lắm rùi mới thấy nó,0,0,0.002359842648729682
"phải chi có ai đối với tao như này ha . nghĩ lại , mình không bằng cả chó . aiyo ....",1,0,0.01740359701216221
"như đi hiến máu chẳng hạn :3 , suýt thì được gặp :(",1,0,0.001776574063114822
"thương các bác quá , vất vả 10 năm trời mà bị như vậy 😭",1,0,0.0013817159924656153
cưng quá trời luôn,0,0,0.0016074007144197822
mua con lợn 5 chục lì xì được có 40 nghìn mất thời gian tốn cả tiền bạc 😂,1,0,0.0016143873799592257
đã từng xem em là tất cả . mỗi khi mỏi mệt về thấy em và con cười là anh hạnh phúc rồi,0,0,0.0023928782902657986
đầu óc đến giờ vẫn còn nặng và đang né tránh mọi người .,1,0,0.3070836663246155
per bit cái nay không . hihi,0,0,0.001735963043756783
tội em vợ thế :(,1,0,0.0015859402483329177
tôi từng được sống . nhưng đấy là truyện của năm ngoái rồi,1,0,0.012017185799777508
per không biết còn nhớ tên tao không nữa 😑,1,0,0.004744241014122963
"hồi lúc tao ăn lạp xưởng mắc xương , nói mà cũng đéo ai tin . tao hiểu cảm giác của mày lắm ?",0,0,0.013555007055401802
"cái đáng nói là chủ không có thương , dòm em husky này ốm nhom , mắt lờ đờ thấy tội lắm",1,0,0.0012999956961721182
nhìn em mà thương roi nói chuyện mắt,1,0,0.001217183656990528
hu hu đã bị chụp,1,0,0.0018972217803820968
:)) bật nhạc lên và quẩy thôi,0,0,0.0012769901659339666
"chuẩn . tao mà chơi hoặc làm việc cùng bọn con gái tính công chúa một thời gian thì tao ngày nào cũng sờ troét , sau đó bị trầm cảm .",1,1,0.9965038299560547
aii may mắn thì có vị ngọt còn aii thiếu may mắn thì họ chỉ toàn gặp những vị cay vị đắng của đờii :)),1,0,0.0016797290882095695
lúc đấy là mình mình cũng lắng liền rồi chắc trào nước mắt mất,1,0,0.017305836081504822
mới ho mà đã như thế nào thì lấy chồng chắc sống trong bệnh viện cả đời mất thôi,1,0,0.0021890855859965086
chạy ngay đi 😒 trước khi bọn chủ tịch vào đây và giả làm con cặc gì đó rồi bị coi thường và chúng mày phải nhận cái kết đấy !!,1,0,0.0020810547284781933
tao dễ thương nhưng vẫn ế đây này mơ mộng ít thôi,1,0,0.002557741478085518
"ngày trước đi mua cái này cho chó của đứa bạn thân . mà 2 thằng thử xong phê quá quyết định mua mỗi đứa 1 cái , và chó 1 cái :))",0,0,0.0012167339446023107
bản thân quá hạnh phúc khi trong cs này rất . rất nhiều người mơ ước được như mình hiện tại . 😊😊😊,0,0,0.0018500146688893437
h chỉ pk nhìn họ bên người khác :((,1,0,0.0013111671432852745
per =))))) hahaaaa,0,0,0.001113042701035738
đau lòng lắm khi tối nay chồng tương lai của tao lại cống hiến sức lực để chăm sóc vợ thằng khác ..,1,0,0.0022018190938979387
per về xem anh :v đái ra quần chuẩn mẹ rồi,1,0,0.0011865445412695408
mày không được ăn đồ chua nhưng phòng toàn xoài chua :(,1,0,0.001384378643706441
phim này rất hay . tình cảm nhẹ nhàng . toàn zai đẹp . hehe,0,0,0.0007750637596473098
khi nhỏ còn bị nghiện mùi khói này nữa chớ . 😄,0,0,0.001455093384720385
"vietcombank 1 tháng trừ hết 22k phí inter với mobile banking , dù tháng đó kau chả xài tới cái nào :((",1,0,0.0011425948468968272
per =)))))) hít đi cho no chứ mắc công lại chửi tao không biết điều giở trò trước mặt cẩu fa như mày :),0,0,0.0010442177299410105
dume cười muốn chết người ta ~~,0,0,0.0011901017278432846
why ???? ai đã cướp boss 6 múi của tao vậy 😭😭😭😭,1,0,0.0011552980868145823
"đã từng nhưng 10 năm về trước cơ , buồn ghê",1,0,0.001984418835490942
"giỏi mà 😁, đúng là thằng tây duy nhất ở vn học tiếng việt mà giọng tuy hoà ( giỏi )🤩",0,0,0.0009559395257383585
"có hôm nó lo đọc cho mình nên không chép kịp bài , cô giáo bắt phạt đánh đòn cả hai đứa . năm sau bạn í chuyển trường mất , nhớ bạn quá !",1,0,0.0014553068904206157
per đợi rụng răng rồi anh tặng quà cho em luôn háy . hhha,0,0,0.0011724578216671944
tìm mọi lí do để có thể chạy xe ngang nhà nhìn nhà nó phát xong cười mãn nguyện đi về :)),0,0,0.0013148998841643333
phận làm trai nào sung sướng gì 😂,1,0,0.003618259448558092
buồn cho 1 đất nước .,1,0,0.002489970065653324
"per 2 con hay cap màn hình nhất thế giới , nói chuyện với nhau toàn cười ỉ 🙄🙄🙄",0,0,0.0008160153520293534
hy vọng mọi điều tốt đẹp sẽ tới,0,0,0.0032255155965685844
có ai xem đi xem lại như tao mà vẫn cười đéo nhặt được mồm không ạ :)),0,0,0.001205425476655364
cứ thấy nó là ăn không còn xác thì lấy gì chúng kịp phá . nhìn thèm ứ chịu được 😔😔😔,1,0,0.0012727525318041444
nản kèo vãi,1,0,0.0010680804261937737
vì yêu người khác nên biết là ngu nhưng vẫn làm :(,1,0,0.0020448672585189342
nhỏ nhặt nhưng ý nghĩa và hạnh phúc 😊,0,0,0.0016423448687419295
chúc trump chuyến bay thật may mắn nhớ tới thăm hà nội nhé xin chào,0,0,0.0012095425045117736
chắc kiếp trước gieo nghiệp kiếp này phải gánh thôi,1,0,0.004108875058591366
"ôi mệt quá , một ngày buồn tẻ",1,0,0.001615885179489851
"thôi không níu giữ kí ức xa vời , và chẳng bao giờ thuộc về nơi em",1,0,0.004547601565718651
có cả chiêu của per trong đấu trường thú nè :))),0,0,0.001394432270899415
chẳng hiểu sao tao cười sặc sụa,0,0,0.002678602933883667
địt mẹ đời tao,1,0,0.003046954283490777
đúng là nhân tài luôn ở khắp mọi nơi kkkk,0,0,0.003322901902720332
có tiền chưa chắc đã ngọt nhưng nếu không có tiền chắc chắn là đắng .,1,0,0.009660284966230392
per có thằng bị tao bắn từ đó không thấy họa mi hót nữa luôn,0,0,0.0015043190214782953
khuôn mặt đáng thương,1,0,0.0014758174074813724
kinh khủng thật :((,1,0,0.0010959107894450426
mày lấy sỏi xếp thành tên dume khôn như tao này .,0,0,0.001760929706506431
tao thì muốn là đéo bao giờ . nhưng mẹ tao thì muốn ngay bây giờ 😢,1,0,0.0029601226560771465
em vẫn nhớ cái bếp này kkk,0,0,0.0017889462178573012
có ai không sợ nhưng giật mình như tao không :) dumehuhonchimen,0,0,0.0029810203704982996
diễm quỳnh haha em không biết,0,0,0.0015359912067651749
clm đêm rồi tha cho tao 🙂 tao đéo muốn chạy xuống dưới nhà hoặc là nhịn đến sáng mai đâu 🙂 con gì thì con kệ mẹ 🙂 đừng nhắc đến nhện 🙂,1,0,0.0028307014144957066
"hí hí . tiến sĩ cừu , thạc sĩ cừu ... chẹp chẹp 😃",0,0,0.001136116567067802
chưa khi mô biết cảm giác đi nhởi trung thu với người yêu như răng,1,0,0.002472361084073782
khá quá nhể :))),0,0,0.0010719237616285682
tình anh em thật đáng khâm phục 😍😍😍,0,0,0.0009829796617850661
ngày trước mình qua singapore cũng vậy . dư hành lý 2 chi em mă ̣ c 4 bộ lên người kkk,0,0,0.002055075019598007
cứ sợ rớt điện thoại :)))) sợ nhất là lỡ khúc nào khó là té không thể tả nổi,1,0,0.0013042407808825374
"ôiii vãi , dume nhìn thôi tao đã sợ rồi . từ nhện nhỏ đến nhện to không con nào là tao không sợ :((",1,0,0.0010929977288469672
chủ như này lại chăm làm vãi =)),0,0,0.0014018767978996038
per nhìn nó gớm những vẫn khoái coi . thú vui biến thái dễ sợ,0,0,0.0010306647745892406
âu cũng là kiếp người . tại sao ông trời lại đày đoạ con người ta đến như vậy,1,0,0.003637764835730195
"per hồi học đại học , điện hỏi xin tiền bố , bố ra ngân hàng gửi tiền rồi điện em hỏi stk rồi hỏi "" tên mày là gì ??"" 😭😭",1,0,0.0013807405484840274
"tao cưới rồi , cưới nữa cho vợ tao chém tao chết à",1,0,0.0019948910921812057
gì mà ghê vậy 😑 sởn gai ốc,1,0,0.0012370062759146094
moá . tao muốn chết quách cho rồi,1,1,0.9723718166351318
nói thật :)) tao chỉ buồn cười khi chúng nó chia tay thôi :)),0,0,0.0011617402778938413
"những hành động đẹp , đáng được trân trọng , và sẽ được lan tỏa ở mọi nơi , thật tuyệt vời 😍",0,0,0.0010313541861250997
nhìn mà nổi hết da gà,1,0,0.002479192102327943
:v tới đây đi anh chịu trách nhiệm cho :v,0,0,0.001297597773373127
chúc bạn thành công < 3,0,0,0.0010327405761927366
"per lại nhớ chiều nay , buồn cười sấp mặt luôn . :v dù mệt nhưng ngày nào tan làm cũng muốn được đèo đưa đi ăn kem , ăn đồ chua , ăn miến trộn như hôm nay cerrrr :v",0,0,0.0011603577295318246
"thấy bảo sang năm được tủi , nhưng mà năm nay vẫn chưa có người êu",1,0,0.002029100200161338
"khổ thân người dân , trước dự án cao su là dự án cà phê , làm thêm dự án nữa coi như một đời bỏ phí",1,0,0.001451303018257022
trong mv mà có tao đứng dưới mưa nữa thì buồn phải biết,1,0,0.001382775604724884
đố ai định nghĩa được tình yêu . có khó gì đâu một buổi chiều . nó chiếm hồn ta bằng nắng hạ . bằng mây nhè nhẹ gío hiu hiu 👏,0,0,0.003069235710427165
sợ nhất con quỷ này trên đời,1,0,0.01339704543352127
tự hào ngồi mâm dưới,0,0,0.0030021427664905787
10 đứa bạn thì có 9 đứa là con trai rồi . sau nhiều năm kinh nghiệm thì chơi với nhiều trai thì sẽ bị ế muôn đời muôn kiếp . haizaaa ...,1,0,0.0017261664615944028
"làm bác sĩ sướng thật , bảo cở là cởi , bảo cưới là cưới . lắc đầu cái là cả nhà khóc .",0,0,0.0013109991559758782
đầu mùa chua chua ăn ngon vãi_chưởng . thích vải lắm luôn . trong khi nhà toàn nhãn .,0,0,0.001181108644232154
chị ấy được đào tạo qua lớp người nhện bắn tơ nên không biết sợ 😂😂😂,0,0,0.0016418134327977896
xem mà cuối phim thấy tội chị ma nữ 😂,1,0,0.0009887763299047947
😐😐 phê hơn lá chuối,0,0,0.0009404679294675589
bên đây thấy yên bình hơn nhỉ,0,0,0.0014655858976766467
cần lắm những nhà tuyển dụng như vầy :)))),0,0,0.0015001277206465602
một giây rung động con tim :))))),0,0,0.0014260814059525728
nhìn giống hai anh đang tỉnh tò với nhau ghê ( mình là hủ đừng ném đá nha 😅😅😅),0,0,0.001241808058694005
chúng ta thật hạnh phúc và luôn đi chung với nhau suốt chặn đường dài rồi đó nà ?,0,0,0.0022431800607591867
mong bé sớm được mua lại,1,0,0.003587573766708374
sao lại bất công thế,1,0,0.0022074405569583178
"một lúc nào đó chúng ta sẽ không nói chuyện nữa , lúc đó có lẽ em thật sự đã buông bỏ được rồi ...",1,0,0.04093711078166962
học xong 12 như hết thanh xuân có lẽ phải bỏ lỡ 1 người,1,0,0.0015712693566456437
"cv không áp lực , môi trường xung quanh mới dễ tạo áp lực",1,0,0.0020405545365065336
"ngày xưa có đĩa phim này . bố đi công tác về thấy cái đĩa tên là "" cô dâu 15 tuổi "" . má ăn chửi sấp mặt ...",1,0,0.0011683423072099686
per bị chì chiết từ 6h sang đến 23h phia . vẫn sống vui 😊😉,0,0,0.0012397660175338387
e thắc mắc là cố gắng 1 năm mà rủi ro khách hàng hay bên nhà sx dây không cảm động là ăn cám ạ 😌,1,0,0.002332689007744193
cưng xỉu ~~??,0,0,0.00111074885353446
chắc là uncrush thôi . bố mẹ thì còng lưng ra làm cho con đi học .,1,0,0.002318304730579257
và sếp tốt có thể giúp ta vui vẻ từ sáng thứ hai cho đến tối chủ nhật 😀,0,0,0.002049326431006193
hay lắm chàng trai trẻ,0,0,0.00103574909735471
"đang coi thấy nghi nghi , tắt vô xem bình luận , đoán ngay là sẽ giật mình , nên thôi không xem nữa haha , dễ gì bị dụ haha",0,0,0.002294112928211689
chưa bao giờ b đến đích là gì cả,1,0,0.002874860307201743
không cướp ở đâu đi cướp ngân hàng của nhà nước 🤣🤣🤣🤣,0,0,0.0012368714669719338
nhiều lúc sợ bị pê đi,1,0,0.008986147120594978
dù thời tiết nóng bức ... nhưng ăn vải vẫn là ngon nhất,0,0,0.003413883503526449
bà tôi giờ mất mấy năm rồi giờ lớn lên rồi mà chả tặng được bà món quà nào cả 😭😭😭,1,0,0.0014806011458858848
chỉ mong thương nhau đến đầu bạc răng long . vậy là đủ 👌,0,0,0.0019112643785774708
éo biết sai hay đúng nhưng thanh niên này chất .. bản lĩnh bình tĩnh !!,0,0,0.0009326565195806324
"fa lâu năm có biết 14 / 2 hay 15 / 2 là ngày gì đâu , chỉ biết là ngày đi làm về và rất mệt",1,0,0.0017480496317148209
nụ cười của crush kích thích vãi :)))))),0,0,0.0012175923911854625
tao cười tao ỉa =)))))) hâhhahhahahahaha,0,0,0.0010857427259907126
cái cảm giác nhìn người thân mình khổ còn mình lại chẳng làm được gì giúp .,1,1,0.6732139587402344
may mình đi làm rồi chứ 10 năm trước chắc sẽ phát khổ với bố mẹ vì mấy tin con nhà người ta như thế nào,0,0,0.003240152494981885
"moá nó , cười đau hết cả ruột",0,0,0.0014087436720728874
tuyệt vời quá cần nhiều tấm lòng tốt hơn nua thật là ý nghĩa,0,0,0.0009862806182354689
"tên của tao nghe rất bình thương , không có gì đặc sắc nên nhiều khi nghĩ cùng buồn tẹo .",1,0,0.0031596559565514326
nhanh lẹ hiệu quả cao 😂😂,0,0,0.001035731052979827
được đấy tao thích,0,0,0.0011341712670400739
"chúng ta những tháng ngày sau đó vẫn gặp nhau , vẫn nói chuyện nhưng không phải những cô cậu của hồi c3 nữa . chúng ta đều khác",1,0,0.004228552803397179
tao còn độc thân này :((,1,0,0.0012805010192096233
"ám ảnh vãi :)) hồi bé tao với chị tao trên đường đi học về thấy có mấy con ngỗng , thấy hay ra nhìn thử dume xong nó dí tao với chị tao về gần nhà :)))",1,0,0.0011332278372719884
"nhiều kỷ niệm đẹp , giờ nhìn mấy đứa nhóc đi học mà muốn quay về quá khứ .",1,0,0.0018084162147715688
"chắc ông chồng hạnh phúc lắm khi sống chung với người vợ như vậy , những đứa con chắc cũng yêu mẹ họ lắm ! mà thặc ra là giống với mẹ tớ lắm kkk",0,0,0.0015667008701711893
tao sẽ chỉ tự an ủi là đấy chỉ có trong phim truỵên ngôn tình :),1,0,0.0024173373822122812
e lên mang câu chuyện này đi thi thách thức danh hài . rất duyên,0,0,0.0008687670924700797
per :)))) buồn cười vãi,0,0,0.0012224132660776377
"quá đơn rản , bạn thân yêu ơi ,",0,0,0.0010135328629985452
"tiêu đề bộ phim cứ ngỡ là thể loại hài , nhưng nếu xem hết thì các bạn sẽ rút ra rất nhiều điều và cái hay trong phim này",0,0,0.0015483489260077477
đù . ?????? sợ tụt lol,1,0,0.0014322446659207344
trích mà như vầy rồi . sao dám coi phim đây 😢,1,0,0.00173899345099926
dù có nói thích mày thì cũng đừng có tin .. xã hội giờ nguy hiểm lắm,1,0,0.0028071082197129726
khi bạn bất cần vãi đời ... làm việc xấu mà cảm thấy thanh thản vãi 😁,0,0,0.012604061514139175
tuyển ngay về làm nghiên cứu viên cao cấp cho các hãng khóa :d,0,0,0.001420329906977713
năm nay chạnh lòng quá . haizz,1,0,0.0012345598079264164
bài mà từng nghe khi tổn thương lần đầu,1,0,0.003482236061245203
đang tập hát 😶😶 hay thật 😔😔,0,0,0.0009330444736406207
"chồng biết không , hihi",0,0,0.002710699802264571
sẽ hấp dẫn hơn khi dưới sông có cá sấu :)) lót dép hóng,0,0,0.0014945940347388387
người lớn tuổi nhiều lúc rất dễ thương 😊❤,0,0,0.0014861426316201687
tao thề . nhìn bạn ấy xong tao muốn rụng mấy quả trứng luôn 😓,1,0,0.0016512240981683135
tao cừi tao ỉa 🤣🤣🤣,0,0,0.001111804274842143
dù ra sao vẫn giữ nụ cười và sự tự tin,0,0,0.015395077876746655
cưng hết sức nà,0,0,0.0022479358594864607
sợ đến lúc đó muốn lấy vợ phải sang nước khác nhập khẩu về quá,1,0,0.002401264850050211
"t nghe nói : đi tập gym sẽ có người yêu ...! awwww . điều đó không sai , điều đó là có thật 😂😂😂",0,0,0.0012406188761815429
per trung thu chia tay gấu à ? bất hạnh nhỉ,1,0,0.001104055787436664
xem xong hết cái video mà cảm thấy buồn cho cái xã hội bây giờ,1,0,0.001148935523815453
em nó đây nha các bác . kkkkk :))))),0,0,0.0011851760791614652
per mày phải thấy may mắn khi cuộc đời mày được gặp tao :))),0,0,0.0015847182366997004
anh đánh mất thật rồi,1,0,0.0035987556912004948
điện cho đứa bạn . đem mũ ra . coi ai hơn ai . kakaa .,0,0,0.0017687405925244093
người yêu tao bỏ tao rồi :(,1,0,0.002029040828347206
boss có bộ đồ ngủ đĩ thõa ghê gớm 😅,0,0,0.0010970148723572493
"má , mặt đúng ngáo luôn 😂",0,0,0.0016487200045958161
móng của bố tao . hồi trước và bây giờ đã cắt vì lý do . sức khoẻ .,1,0,0.0026402887888252735
hồi xưa anh hay bị chửi trẻ trâu này nọ ... giờ anh là tổng giám đốc rồi 😁😎,0,0,0.0016157166101038456
trước em cũng hắt xì 1 cái lưng khụ xuống như ông già đau vãi,1,0,0.0018389839679002762
hay ý nghĩa sâu sắc 🙂,0,0,0.0015539891319349408
yêu quá nè nè,0,0,0.0008704134961590171
vỉa hè to thế vẫn còn muốn ăn cả ồ hố nữa hả =)),0,0,0.0011836213525384665
ngồi nhiều quá nhìn họ đau mắt,1,0,0.001454627956263721
t chỉ thấy tình yêu của tao nó tan vỡ thôi,1,0,0.0032258157152682543
dễ thương quá !!!,0,0,0.0009787156013771892
năm nào cũng phải ở nhà trông nhà :((,1,0,0.0012505067279562354
nguy hiểm đến với bao nhiêu bất cứ lúc nào,1,1,0.8591930866241455
"có mà bữa chạy ngược chiều trên qlo 1a tại có hẻm nhỏ để quẹo tắt , chưa kịp quẹo bị 6 anh csgt + 1 xe bắt xe tấp vô chặn đầu xe , hoảng hồn cmnl .",1,0,0.0024709957651793957
thương anh bạn kia quá .,0,0,0.0018053950043395162
trông rợn vãi :)),1,0,0.0014285367215052247
giọng lại còn ấm nữa chứ ♥️,0,0,0.0010102532105520368
"ngày xưa toàn bị mẹ đánh bằng dây điện , vụt phát nào ứa máu phát đấy . giờ nghĩ lại tự nhiên lại thấy hay , vì ngày xưa mẹ nghiêm khắc như thế giờ mình mới ngoan 🙂",0,0,0.0015817651292309165
chắc mình là thánh nguy hiểm,0,0,0.00537967449054122
nhớ lần nấu cơm thần thánh này không ? per chỉ là mải nghịch nước thôi mà …,0,0,0.001780389342457056
cảm ơn bố !,0,0,0.0015733534237369895
nháy mắt cũng đáng yêu kkkk,0,0,0.0012114093406125903
lãng mạn vãi_chưởng =)))))) 0,0,0,0.000989575986750424
vâng chú ah haha,0,0,0.0024952248204499483
tôi cũng muốn được cảm thấy như vậy ??,1,0,0.10214246809482574
đáng yêu quá . chúc ông bà thật mạnh khỏe mãi hạnh phúc như vậy 😍,0,0,0.0011459221132099628
nhờ đó mà tôi cảm thấy nhẹ nhõm và trở nên mạnh mẽ,0,0,0.03217766806483269
giun này mà xào thêm ít xả ớt thì tuyệt cú mèo 🤣,0,0,0.0012408982729539275
tớ chỉ an ủi bạn í thôi mà :(,1,0,0.005817284341901541
"per giỏi phết đấy mỗi tội nghịch thôi , được cái làm từ thiện nhiều .",0,0,0.0011044207494705915
nhưng mà từ giờ trở đi đéo được tiếp xúc rồiii,1,0,0.002952095353975892
"hồi nhỏ thì tao bị cả bầy dí , được fine :)))))) đến khi tao 12 và đi học đh năm nhất , sau 1 tháng xa nhà , về nhà và cái kết là tao không còn bước ra khỏi cửa nữa , n dí everywhere :)))))))",1,0,0.0014658134896308184
per gần nhà c ơi . hic hic,1,0,0.0011255977442488074
nếu tao được gặp ba tôi 1 lần nửa thì tao sẻ nói con thw ba nhìu lắm . nhưng lời nói này chẳng pao giờ được nói nửa vì tao và ông ấy đã xa nhau mãi mãi,1,0,0.09496588259935379
bố đi đường mà sợ quá,1,0,0.0016028853133320808
lúc dỗi thì càng dễ thương hơn,0,0,0.002388792810961604
đm lừa đảo hằng năm cả trăm tỉ . giờ phạt có 5 triệu :))) chán vãi,1,0,0.0011678398586809635
"ko nói nhiều chỉ ủng hộ anh per vì thấy thái độ trước tòa là hiểu anh per hoàn toàn chân chất , không có thủ đoạn gì hết",1,0,0.001096441294066608
mình toàn làm ba mẹ buồn,1,0,0.001992329489439726
vui tính quá ?? vừa kết bạn xong ??,0,0,0.0009990767575800419
chỉ biết xem và ngậm ngùi lướt qua,1,0,0.02271917462348938
cách tạo nghiệp chướng nhanh và hiệu quả :)),0,0,0.0014412908349186182
ký ức 1 thời . nhớ,0,0,0.0013214696664363146
chị lỡ mất 1 nhịp tim vì cưng đấy ❤️❤️❤️,0,0,0.001020011492073536
đẻ sao mà cu con đẹp quá vậy trời 😍,0,0,0.0010567669523879886
mát lồng lộng mày ạ,0,0,0.001220060046762228
"bỏ qua mấy dòg chữ , nhìn khuôn mặt con bé không thể nhịn cười per :))",0,0,0.001209439942613244
"có ai nhìn thấy giun đang bò trong ảnh không , sợ vãi",1,0,0.00294885179027915
nấu có cháy mới ngon :)) còn nước cơm hoà với đường thì toẹt vời,0,0,0.0011342836078256369
chắc thôi tao đéo ra đường luôn :))) sợ vãi,1,0,0.0016695300582796335
khi nào tao thấy thích . mà thích rồi chưa có người thích cùng .,1,0,0.002551718382164836
gắn bó thời sinh viên á !,0,0,0.001594624249264598
bà ngày xưa đẹp quá ❤️,0,0,0.0010200173128396273
buồn vì mình không giúp được gì cho ai . nhìn những người khác khổ hơn mình mà thấy thương họ,1,0,0.0027038767002522945
tao cũng vậy nè . lắm lúc đi với chồng mà cứ hỏi bên này bên phải nhỉ bên này bên trái nhỉ . mệt mỏi,1,0,0.0021434093359857798
haha con mấy cái video toàn đóng vào mỏ nhau không . cười tụt quần 🤣,0,0,0.0012207417748868465
ui đáng yêu gheê,0,0,0.0011845147237181664
rồi đất nước mình sẽ đi về đâu .:'(,1,0,0.0016040297923609614
"chắc tại từ nhỏ tới lớn mình "" man "" quá nên không gặp được gã nào ga lăng dư này :(",1,0,0.002179308794438839
đang thất tình mà dume cứ bắt đi bán xoài @@,1,0,0.001370969694107771
"per may có con bạn đang giảm cân nhưng nó hiền , nó sẽ lao vào ăn cùng tao chứ không tát sấp mặt tao như vậy , phải không ?",0,0,0.0023449433501809835
hồi xưa làm fanpage được gạ kèo 7 triệu nhưng nhất quyết không bán . cảm thấy quyết định đúng đắn nhất trong đời,0,0,0.001855041366070509
ụa cho fa đọc chi rựa huhu,1,0,0.0012068288633599877
tao coi tao sợ nó lọt quá bây,1,0,0.0017561210552230477
các bác dẫn crush qua cây sữa nay mà hứng nước đái ve nha haha,0,0,0.001632985658943653
nếu để ý kĩ thì lái tàu có thể bước xuống và kéo đường ray qua một bên rồi cho tàu bẻ tay lái một chút là cứu được cái xe . tiếc cái xe quá,1,0,0.0018035604152828455
buồn vương mi !!!,1,0,0.0012310141464695334
chuyên cơ tt quá đẹp ! bao giờ má mua được chiêc như vâ ̀ y trơi ̀ !!,0,0,0.0009345984435640275
chắc chắn bố của bạn này là một người vui tính chứ không phải khó tính . khiếu khôi hài bạn ấy ảnh hưởng từ bố .,0,0,0.0016882907366380095
tuổi thơ bất hạnh .. học mẫu giáo mà cạnh trường học là 1 bầy ngỗng . sáng nào tao cũng được chạy bộ tập thể dục nhờ bọn nó,1,0,0.002432270674034953
thấy anh đấy làm tùm lum mà con nhện vẫn đứng im là tao biết có chiêu rồi . định gạt anh ak,0,0,0.002043649787083268
per đi bộ ở trường về thì dcm nổi ám ảnh đúng giờ tao về là dcm nó ra nó dí ngày nào cũng dí chạy cái luôn,1,0,0.0016726776957511902
"per sợ chưa , ông bác hơi bị cứng nhé :))))",0,0,0.0014393903547897935
tiếc quá đẹp trai mờ không có chim,1,0,0.0009963534539565444
bài viết hay quá !,0,0,0.0009053443791344762
cái nay nhận ra lâu roài . mà đi làm toàn gặp đồng nghiệp đáng yêu hi,0,0,0.0011354094604030252
lại được làm thêm quả nhà nữa . ngon,0,0,0.00106233567930758
"coi 3 lần mà vẫn cười , phim hay nhân vật dễ thương",0,0,0.0009987838566303253
bản thân cố gắng cũng chẳng dễ dàng gì :((,1,0,0.00133763556368649
coi phim này xong thì nhỏ bạn tao bắt chước giống vầy với crush nó . sau đó thì ... à mà đéo có sau đó nữa :v,0,0,0.0011641191085800529
nó cười với người khác chứ * beep * phải tao :((,1,0,0.001091738697141409
"mong là bố mẹ mình không đọc được tin này , sợ vãi",1,0,0.0029417271725833416
"còn tôi thì lại khác , thanh xuân của tôi chả có bây giờ gặp được aiii và hạnh phúc bền lâu cả :(",1,0,0.002367674373090267
mỗi phút bên em thật tuyệt vời . chỉ em mới cho anh cái cảm giác đó,0,0,0.0017407424747943878
"trước đây mình không thích xem phim việt , nhưng mấy năm nay phim việt chiếu phim nào cũng hay . tự dưng không thích xem phim hàn quốc nữa .",0,0,0.0015506012132391334
khoảng gần chục năm về trước thì còn vàng trắng .... giờ thì bán còn không đủ không đủ để trả công nữa là,1,0,0.0032871237490326166
đứt quả chuối trong mồm . đéo dám nghĩ kết quả lun,1,0,0.001465560868382454
tao kìm nén lâu qá rồi mà 😌😌 tức nước vỡ bờ thôi,1,0,0.0021243018563836813
đúng cát bà rồiii ~,0,0,0.0016629693564027548
"đến lúc yêu nhạt cực :) tao thề ! kiểu chán chán , muốn quay về đơn phương hơn",1,0,0.006468933541327715
"những thứ tưởng chừng như rất đẹp nhưng kbh được trọn vẹn , cuối cùng để lại chỉ là những kỉ niệm đã từng :))",1,0,0.0013461976777762175
"chuẩn , thấy đa phần nam chính vẫn được lòng hơn .",0,0,0.00204872852191329
đi làm quán nước mà mỗi cái bịch nay long đựng ống hút nó cũng xé nhỏ ra rồi để bay tứ tung đi quét đã muốn lòi lồn,1,0,0.001956302672624588
sởn gai ốc với chị ấy,1,0,0.0023437633644789457
chủ kiểu lol gì đáng yêu vãi ?? :)))),0,0,0.0010723364539444447
"lúc trước ông với bà tao cũng thế , bây giờ thì ông bỏ bà đi trước rồi .",1,0,0.0029025659896433353
hôm nay bạn đi làm . tiền đâu mà mua 😌,1,0,0.0026919241063296795
dễ thương vãiiiiiiiii,0,0,0.0015213564038276672
dume nó hết con mẹ nó hồn ....😭😭😭😭,1,0,0.0009450818761251867
còn tôi tự nhủ dù lớp học tự ý bỏ về hết tôi cũng phải ở lại học đến tiết cuối cùng . hết giờ tôi cứ ngồi đó rồi từ từ bước chậm ra cửa ngoái đầu nhìn lại .,1,0,0.0075068785808980465
bạn trai thì chưa . nhưng mỗi lần thằng bạn nó cắt tóc cạo râu thì auto nhìn đẹp trai,0,0,0.0014436485944315791
ngày đi học . có lúc đang ăn cơm . bố hỏi . per năm nay học lớp mấy rồi con ☺ t không hiểu bố tao hỏi cái gì 😭,1,0,0.0020834545139223337
lớp 5 mà viết kiểu này cô đánh gãy tay .,1,0,0.0018462735461071134
đi chơi xong về cũng buồn như chó cắn tiếp thôi,1,0,0.001942898379638791
dume cười vãi luôn trời :)))),0,0,0.0013006582157686353
còn người yêu tao : một hơi có một anh đẹp trai bay lơ lửng rồi ôm lấy em khi em tắm :(((,0,0,0.0011382261291146278
hạnh phúc là đây chứ đâu =))),0,0,0.0017392626032233238
và cứ thế tôi khóa lại 3 năm thanh xuân tươi đẹp của mình :),0,0,0.002148854313418269
sáng nay mình cũng gặp 1 anh công an dễ thương lắm,0,0,0.002978553296998143
tất cả đã đều quá hoàn hảo rồi . trừ pha nhảy cuối thôiiii :v,0,0,0.0011176943080499768
per :)) chắc giống cảm nhận của ông lái oto hôm qua,0,0,0.0011555150849744678
hãy nên trân trọng những người bạn như vậy .,0,0,0.004897461272776127
ngoài mấy phim về vật lý ra thì phim nào của ấn cũng có những ý nghĩa sâu sắc .,0,0,0.0036050144117325544
cuối cùng per cũng thành công rồi nha per nha,0,0,0.001221943530254066
cũng thơm mà . kì thị quá à .,0,0,0.0010212804190814495
hình vui mà sao đọc lại muốn khóc nhĩ ...,1,0,0.0013547868002206087
"per thể loại mới nè , có vẻ phê",0,0,0.0009463888127356768
bạn này yêu bố nhiều lắm mới vui vì bị bố mắng . chứ ai đời bị la mắng mà kể lại cho người khác nghe mà vui đến thế,0,0,0.001177100115455687
"tình đến , rồi tình cũng điii 🙂🙂🙂",1,0,0.0013468759134411812
mấy má đang có kinh rồi mặc áo đầm nhảy qua thì nhuộm đỏ 1 dòng sông cmnl 😳,1,0,0.0013855472207069397
ủa là đụme video hài hay deep vậy . chớ tao thấy buồn cười vãi vì nhây đéo tả được :))),0,0,0.001045278855599463
thanh xuân rồi cũng sẽ qua có những người trong ta mãi chẳng thể xoá nhoà !,1,0,0.004538936074823141
cậu bạn mẫu giáo năm ấy chép bài cho tao để tao khỏi bị thẻ tay giờ đang nơi đâu ???,1,0,0.001391658210195601
nhà thì không xa lắm nhưng chưa bao giờ đi vì sợ bị đè bẹp luôn người =))))),1,0,0.0013228096067905426
"từ nhỏ tới lớn đi học toàn ngồi chung bàn với nam , toàn phải đương đầu chiến đấu với vạch phấn chia đôi bàn ghế . 🤣🤣",0,0,0.0014820110518485308
buổi tối vui vẻ và ấm áp nhé đại kỷ nguyên ! tương tác cho hằng khỏi trôi bài nhé !,0,0,0.0011158357374370098
họ hành động quá đẹp,0,0,0.0008519896655343473
rất chuẩn hãy sống làm người cơn luôn luôn co hiểu thảo với cha mẹ của mình nhé moi người ơi,0,0,0.0015371618792414665
nói chuyện yêuu thế đmaaaa ??,0,0,0.001649153302423656
anh thích em rồi đấy 😂,0,0,0.002845283132046461
tội quá ! nuôi mà không chăm sóc,1,0,0.001141159562394023
3 thằng ngốc . xem ý nghĩa lắm,0,0,0.001173809403553605
"có người cả đời ăn không hết lại có người thiếu ăn , thiếu mặc nhìn chán đời vãi",1,0,0.0016381923342123628
người tài như vậy lại không được sử dụng đúng mục đích … quá buồn,1,0,0.0014679183950647712
t đã cố tình che mặt nhưng vẫn giật mình,1,0,0.006064505781978369
khi nào đón bé về nhà nhớ chụp đăng lên cho bọn tao coi dung nhan thằng bé nha :vv,0,0,0.0013471980346366763
haha cứ lên xuống thấp thỏm kìa ..,0,0,0.001610343693755567
tao chả nhớ ngày tháng năm sinh của mẹ tao và ngược lại :((,1,0,0.00123642198741436
có tiến bộ ! kkk,0,0,0.0019518027547746897
ngày buồn hôm ấy tôi cũng là người rời khỏi lớp cuối cùng .!!!,1,0,0.002115600509569049
vâng ah nên em cũng sợ quá mà :-),1,0,0.0014587478945031762
cái mặt xinh quá,0,0,0.0012554258573800325
tao toàn bạn gái mà sao vẫn tưng tửng nhể ???,1,0,0.0011229278752580285
xong bỗng nhiên một ngày mất hút không để lại 1 hạt bụi,1,0,0.0032331496477127075
một nỗi buồn thầm lặng,1,0,0.42739999294281006
cưng nhỉ,0,0,0.0019757780246436596
"năm nay mua cân na về nhà ăn dần , tối ra đường xem chúng nó dẫn vợ thằng khác đi chơi ... kaka",0,0,0.0015540474560111761
bà ma nữ nhập vào nv chính thấy dễ thương dã man 😍😍,0,0,0.001332692801952362
nhớ thời sinh viên 😃,0,0,0.0015200539492070675
"cái ông này mới xem thì thấy bình thường , mà càng xem lại càng đẹp trai 😂",0,0,0.0011505630100145936
dù cậu làm tôi tổn thương mỗi ngày nhưng chả hiểu sao vẫn thương cậu,1,0,0.003231056034564972
làm phục vụ xong 4 tháng đi hà nội 1 lần chỉ để gặp người yêu xong giờ thì mới biết là nó cắm nguyên cây sừng lên đầu mình,1,0,0.001672958955168724
buồn quá buồn,1,0,0.0013691735221073031
còn gì đau xót hơn 🙂🙂,1,0,0.001799226040020585
đơn giản nha .. cơm này ngon hơn cơm điện nhiều . không tin thì cứ thử,0,0,0.0013182566035538912
tội nghiệp thằng bé :)))) chúng mày bốc đâu mấy cái thẻ hay thế ??? :v,1,0,0.0009259087964892387
"và sau mùa vải , tàn dư còn lại là những nốt mụn 😌😌😌",1,0,0.0020848726853728294
haha thì ra trên đời này tao không cu đơn đâu đó vẫn có những đứa con ghẻ như tao cùng bắt tay chào hỏi nhau nà,0,0,0.002021448453888297
per haha cái t2 hợp với em nè ;)),0,0,0.0010492006549611688
hết tiền rồi này,1,0,0.0031226419378072023
"tại giống nhau quá , nhưng đừng như người ta nha , nghĩ đến tự tử các thứ chẳng có gì là hay cả",1,0,0.0044608647003769875
chợt nhận ra mình yếu đuối như một đứa con gái vậy 😢,1,0,0.003378291381523013
buồn nhỉ 😴😴😴,1,0,0.0009213467128574848
tuổi thơ cũng từng trải qua nhiều lời cay nghiệt hơn vậy .. nên c hiểu được cảm giác của em ..,1,0,0.011962260119616985
muốn nhanh thì cứ phải từ từ =))))),0,0,0.0016226689331233501
cái giọng anh quay phim nghe ngọt quá 😘😘,0,0,0.0008964667795225978
khiếp ăn tạp chẳng chết,1,0,0.0036127918865531683
lại là án oan sai 😔😔😔,1,0,0.001588274841196835
cũng muốn vứt giày cũ nhưng lại không có tiền mua giày mới . đành chấp nhận đau chân vậy,1,0,0.002479779766872525
thế mới làm nên nghiệp lớn chứ,0,0,0.0018701135413721204
chưa bao giờ được nge câu này 😞,1,0,0.0019669882021844387
chả có tiền mua 😩😩😩,1,0,0.0017294299323111773
"thời thanh xuân tôi từng yêu quý nét hiền thục của chị hiền mai . và đúng như cái tên hiền mai của chị , tên và tâm tính đều đẹp , hiếu thảo khó ai bằng . em xin chúc bác có thêm nhiều sức khoẻ để chị có được nhg tháng ngày hạnh phúc , ấm áp bên mẹ ạ .",0,0,0.0014345572562888265
nói gì thì tụi bây cũng không tin đâu ..😌😌,1,0,0.0017043573316186666
"thật tốt vì chú chó ấy đã tìm được người yêu thương nó , kiên trì để nó tin tưởng thật sự :"">",0,0,0.0014745452208444476
đkm lại diễn rồi pr cho game aumobile chứ gì tuổi lol qua mắt tao =)),0,0,0.0011461441172286868
"công nhận năm nay tiến triển hơn , đợi 2 bà chị đi hẹn hò về còn có scl mà ăn ké :v",1,0,0.0010547750862315297
đoạn cuối hình như nó khóc,1,0,0.0031154691241681576
em hết ngáo rồi nha =))),0,0,0.0016121156513690948
chỉ là muốn cạnh mà chỉ có 2 người . nói đủ chuyện trên đời dưới biển rồi đi vào giấc ngủ ngon . vậy thoii,0,0,0.0032276702113449574
ngồi cười như dại =))),0,0,0.0014677242143079638
nhiều khi cũng muốn chọc cho người yêu giận nhưng mới nhớ ra mình đéo có người yêu 😌,1,0,0.0017173265805467963
tag vô cho xem mấy đứa xấu tánh thôi chứ ghệ anh tánh cực kỳ dt,0,0,0.0010608324082568288
kiếp trước sống lỗi quá nên kiếp này nghiệp quật :((,1,0,0.00117174768820405
"một đời chẳng mong phải nhà lầu 4 tầng , xe hơi hàng tỉ , chỉ mong người đàn ông đi cùng mình đến cuối đời sẽ luôn nâng niu yêu thương mình 😊",0,0,0.0019788143690675497
t nhận ra mình đã sai,1,0,0.023542720824480057
"tại như vầy nên bố tao không cho đi cùng . cụ bảo có năm còn lăn cả xuống ruộng , trèo lên mái nhà của người ta để đi ??",1,0,0.00155684445053339
per tạo hóa thật đáng sợ :))))),1,0,0.0010806225473061204
"những việc này , mang lên đây chả giải quyết được gì cả .",1,0,0.005014936905354261
đọc cái mà cười rớt cả hàm .... cuộc đọ sức giữa xe lửa và ô tô,0,0,0.0012684514513239264
mấy con yêu nghiệt ngày xưa nội có nuôi 2 con cứ ra đằng sau là nó dí chạy muốn tuột mẹ quần 🙄🙄,1,0,0.001282347715459764
kaka cái mặt bà kìa,0,0,0.0016136481426656246
con bé cưng gì đâu . vk ơi anh muốn có cục bảo bối như vậy per,0,0,0.0019005248323082924
"thật sự mình rất thích bạn này , xem phim mỗi tập cứ canh đúng cảnh có bạn ý , dễ thương quá 😗😚😚😚😚😚",0,0,0.0008419504738412797
má tao xem mà lo thằng quay phim tét không à ? có ai như tao không ?,1,0,0.0015513012185692787
"đúng mất vài giay để nói lời yêu thương , nhưng phải mất cả đời mới chứng minh được , cháu rất ngưỡng mộ ông bà !",0,0,0.001663201255723834
"dù thế nào thì anh tôi luôn bất hạnh , ai khóc cho anh khấc tôi đây 😢",1,0,0.09233376383781433
có đứa nào xem mà thèm đi biển như tao không ?,0,0,0.0017899274826049805
nghe nói dạo này bạn dưỡng da để kiếm người yêu per,0,0,0.002527284901589155
per trai hay gái thì vẫn thấy tữn như thường kk,0,0,0.0030373414047062397
"ngày xưa nhà nuôi mấy con điên này cái giọng thì đã khó nghe thì chớ suốt ngày ngoạc ra , hễ về đến nhà là thấy giọng bọn n đầu tiên . xong cho ăn , rõ ràng là cho n ăn đàng hoàng mà đến n + 1 lần bị n mổ với đuổi bợt mạng . chốt là tao ghét cái bọn nì dã man . ám ảnh cả 1 tuổi thơ :(( cái thứ yêu nghiệt .",1,0,0.0012659718049690127
hổng gặp cái buồn luôn ><,1,0,0.0014821036020293832
"đừng nên thích mấy ông anh cơ bắp , sợ lắm 😆",1,0,0.0019740918651223183
"chấp nhận đau khổ , để đổi lấy hạnh phúc , mà tìm mãi hạnh phúc không đến thế mới đau em .",1,0,0.00561049347743392
"đần mặt ra nhìn nó y như con ngu , còn cười theo nó nữa , xong bị nó phát hiện .",0,0,0.002505864715203643
"tập thể năm nay lại làm mình tiếc nuối từ thành viên đến gvcn :,((",1,0,0.0009898123098537326
mai đấu giá thử cai lap cua mình chứa toàn tài liệu tiếng nhật 😂😂,0,0,0.001121746376156807
làm công nhân đã bị vắt kiệt sức khỏe cho đến khi bị thải,1,0,0.010720496997237206
hồi đó tao lấy cái đó kẻ tập luôn kiểu làm màu mè cho đẹp xong lên trả bài bị bà cô trừ điểm ????,1,0,0.0011243026237934828
"con nghiệt súc này mỗi lần tao đi đá bóng là 2 vợ chồng nó dí theo cắn bầm hết chân , thứ này thù dai kinh khủng , chiều nào nó cũng khởi động cho tao trước khi đá bóng ... con mẹ nó giờ tao lớn rồi , tay nghề nấu nướng cũng không tệ gặp mà dí theo là xác định tao quay nó vàng ương luôn =]]",0,0,0.0011273962445557117
"hút điếu cần xong nhìn nó ăn mà muốn phá cái tủ lạnh vô dụng của nhà mình quá , đéo đủ sức đựng thịt bò toàn rau .",1,0,0.0014764800434932113
cuộc sống mà đành chịu thôi =(((,1,0,0.003029483836144209
"có rồi mà , nghén rồi nè hihi",0,0,0.003381802700459957
"và mày chỉ cần lùi về sau , như ít quan tâm và nhắn tin lại mày sẻ cua được crush 😎😎",0,0,0.0018339595990255475
cặp nay dth ghê luôn 😍,0,0,0.0012090730015188456
thương thương con =)) yêu ghê cơ ý cái mẹt hờn dỗi,0,0,0.0009954775450751185
"ngày chia tay , chúng tôi đã ôm nhau khóc",1,0,0.0035638026893138885
đứng dưới cây này chỉ sợ ngột vì mùi hoa sữa 😂😂😂,1,0,0.00185156159568578
hãy cảm ơn vì chúa đã ban em cho chị 😂😂,0,0,0.0013626505387946963
"ước mơ của tao , thích vẽ lắm luôn , nhưng mỗi tội vẽ xong cho lên màu thì lại tệ 🙄",1,0,0.0016959509812295437
23 năm rồi tao còn chưa được đi chơi với bồ trung thu lần nào cả :(,1,0,0.0014452346367761493
ngọt hơn cả người yêu haaaaa,0,0,0.0012372845085337758
em chưa có người yêu . có ai yêu em không . em cô đơn quá,1,0,0.021650969982147217
có gặp cũng đéo dám ngẩng đầu lên nhìn,1,0,0.008555496111512184
rớt giá kinh khủng khiếp huhu,1,0,0.004436451941728592
huhu đéo muốn đi học đâu,1,0,0.0019219814566895366
anh vui thì anh ngồi thôi ... chú cự để mặc anh . :v,0,0,0.0015845312736928463
tiếc là 23 cái xuân rồi chưa gặp được em . có ai giống tôi không,1,0,0.0018915038090199232
per mi phải học con nay bán hàng lai chim mới chạy hàng này,0,0,0.0014079577522352338
công nhận sáng tạo thật đấy,0,0,0.0011093209031969309
tự nhiên mình lại không muốn làm single mum nữa -.-,1,0,0.0022431500256061554
cắt tóc xong rùi gội đầu xong tóc còn ướt ý nhìn đẹp trai lắm luôn ý,0,0,0.0010553202591836452
tao thấy đéo có cái gì để tao cầm được cơn cười cđcm nó ! :)),0,0,0.0015242043882608414
tội quá . thương em,1,0,0.0013521487126126885
tình yêu là sự mù quáng mà hix,1,0,0.001626082113943994
dòm sợ thiệt 🤐,1,0,0.0012772249756380916
hicc thương em,1,0,0.001160232350230217
"cảm ơn các em , tuổi học sinh lắm nghịch ngợm nhưng có lòng yêu thương con vật nhỏ bé đã giúp bé cún được sống 😘😘",0,0,0.0011099037947133183
t cũng buồn lắm chớ bộ 😓😓,1,0,0.0018795273499563336
per nhớ hội chị em vinmec quá :((,1,0,0.000932375667616725
"đi viện mà tưng tưng ăn uống được là tốt rồi , mừng mày sớm ra viện nhé cô",0,0,0.0014758503530174494
ngày bé nấu hoài không chín . tức rủ mấy đứa ra đốt cả đống rơm nhà hàng xóm,0,0,0.001600985648110509
nếu không gãy đó la 1 bài quyền đẹp rồi :((,1,0,0.0010238727554678917
ý nghĩa và đáng suy ngẫm thật,0,0,0.0018810967449098825
"bố bạn ý chửi nhẹ đấy , bố mình chửi là chỉ mong đầu thai vào nhà khác 😬",1,0,0.001651808270253241
nhớ gia đình nhỏ nhiều lắm … mà không được về thăm,1,0,0.0015991904074326158
coi xong đoan này . tao thấy nhớ nhà vô cùng 😭,1,0,0.001028323546051979
chuột nhìn thấy mèo sợ là đúng rồi =)),0,0,0.001577541115693748
nhìn rợn vãi,1,0,0.0035320527385920286
per thịt nướng lò xô ne ăn z mà không chết 😎😎😎😎,0,0,0.0010319561697542667
nhọc lòng :(((,1,0,0.001486042165197432
a per doi dap rat tuyet voi . chuc anh thanh cong trong vu nay .,0,0,0.0023850847501307726
chỉ mới hỏi về người khác giới cái là bị gán là thích bạn đó luôn mí sợ :(,1,0,0.002909676171839237
trò này cũng nguy hiểm chết người đừng đùa theo mà mang họa,1,0,0.001712127006612718
ai như tao nghe tự nhiên thấy ấm lòng vãi không,0,0,0.00665925070643425
ỏ đáng yêu =))),0,0,0.00123088457621634
"mình nghĩ sẽ không bao giờ là một thương hiệu quốc gia , là khát vọng về cà phê vn nữa ...",1,0,0.0020840000361204147
nhẹ nhàng bay lên và hạ cánh thất bại do lổi kỹ thuật,1,0,0.0016855548601597548
"cưng vậy trời , anh cho em xin ảnh nha ạ",0,0,0.002265108749270439
chuẩn không can chinh,0,0,0.003064442425966263
nhưng kp cười với mày đâu :) ảo tưởng vãi,1,0,0.0017641294980421662
mua con lợn 50k được lì xì 40k . ok em ổn,1,0,0.0012665458489209414
ra vậy . nguy hiểm thật :(((,1,0,0.001144049339927733
khổ tâm ghê =)),1,0,0.001260065007954836
"giả bộ vô tình gặp nhìn lén rồi đi , lại còn tìm hiểu cả gia phả người ta nữa chứ ... một thời ngu ngốc đáng yêu .",0,0,0.0015848178882151842
có ai chỉ tự yêu bản thân như tôi không :(,1,0,0.10787957906723022
per hẹn xem phim này nữa nha mày 😛,0,0,0.0015005042077973485
đau ghê,1,0,0.001793815870769322
dễ thương vầy :>,0,0,0.0011376983020454645
rất nguy hiểm nhé nhảy không qua là xác định dập mặt,1,0,0.0020335933659225702
ha ha ....,0,0,0.0012798779644072056
nhiều lúc ngáo ngáo thoải mái đến mức người yêu cũng đéo bằng nó và đến khi nó thổ lộ tình cảm thì tao đéo tin :v,0,0,0.0014700798783451319
phải tao tao vứt luôn xe ??,1,0,0.002075403230264783
là con bé con điên khùng và phiền vãi nhưng bạn vẫn yêu nó vãi chưởng :)))))),0,0,0.0011106171878054738
"mong ai đó sẽ không nghe được bài hát này . xin lỗi , ngàn lần xin lỗi 😢",1,0,0.001595795969478786
chuẩn đét . t nghỉ công ty cũ cũng vì đồng nghiệp 😭😭😭,1,0,0.0010093009332194924
ủa mắc gì gỡ fan cứng của em ? huhu,1,0,0.0017884355038404465
chả bù cho con ml này . đợi mãi không thấy nó về . hy vọng em không bị bọn xấu bắt lên dĩa là tốt rồi :(,1,0,0.0014865064295008779
má cười ỉa luônn,0,0,0.0017353905132040381
từ lúc đấy tao không ăn được các loại thịt ngan - ngỗng - vịt lun 😞 ám ảnh vãi,1,0,0.003504832275211811
nhớ nhé đồng nghiệp haha,0,0,0.0012706286506727338
cứu em nó với,1,0,0.0018937113927677274
đã nguy hiểm vậy sao không hủy mà bán 0 . 0,1,0,0.0016883661737665534
ông mặt trời dễ thương hha,0,0,0.0013675113441422582
không hiểu sao xem đi xem lại bao nhiêu lần vẫn khóc được,1,0,0.0024923142045736313
kiểu em sai rồi . a xin lỗi em đi 😂😂,0,0,0.0014141997089609504
gáy sớm để làm gì cơ chứ haizz,1,0,0.0015445785829797387
đái mẹ ra quần ??,1,0,0.0012910019140690565
đọc xong nước mắt ứa ra,1,0,0.0015750029124319553
tao cũng hay sử dụng chiêu này và bọn đàn ông vẫn cứ bị lừa ????,0,0,0.0014767246320843697
dễ thương mà,0,0,0.002119961194694042
per anh tải cái này về cho per học nè . thú vị ghê,0,0,0.0010103245731443167
"cố gắng lên mọi lỗ lực và công lao của em sẽ được đền đáp một cách thật là sứng đáng , cố gắng lên em nhé 👍",0,0,0.002797285793349147
nhưng nói thì cứ bảo hay than thở 😢,1,0,0.004667283967137337
nhìn quả mặt của nó thì tao công nhận thất tình thật đáng thương ?,1,0,0.0014125946909189224
đằng này họ nghĩ tao muốn giết người rồi chửi tao bị thần kinh rồi cho trôi qua mọi chuyện,1,0,0.11746708303689957
"chân ta cũng là chân đi và giờ bị đứt dây chằng , nằm một chỗ đợi mổ rồi mày . đồng cảm vãi",1,0,0.001488170470111072
xấu mà đáng yêuc quá,0,0,0.0011116883251816034
thế nên bán hàng có tâm là đừng bao giờ nài nỉ khách mua thêm vì biết đâu bạn vô tình làm cho nỗi đau của họ trở nên tồi tệ hơn .,1,0,0.003339177230373025
dưới cái nóng 40 độ ngày hôm này xem video này xong thất mát lòng vãi_chưởng :)),0,0,0.0011698150774464011
"cái thứ ba , trời nhìn mà rơi nước mắt thay cho luôn công cả một mùa mà đi tong chỉ vì một trận mưa",1,0,0.0013530536089092493
"thấy bình sữa của em thấy ham quá , chị sinh em bé chả có sữa gì hết .",1,0,0.001274463371373713
nhiều lúc buồn đến nỗi coi những vid thế này . đéo thể cười nỗi .,1,0,0.0030238907784223557
sư phụ giả vờ ngã để thử lòng các đồ đệ và cái kết ngã sấp mặt luôn 😢,1,0,0.001613807980902493
đéo có người thương để mà làm ấy chứ :(,1,0,0.0011914219940081239
"đồng nghiệp tốt , chị em tốt đi làm như đi chơi :)) chứ làm cùng với mấy con mlz đáng sợ lắm :))",1,0,0.0010165016865357757
rồi khi mày có 1 ít tiền :)) mày mới phát hiện ra còn đéo cả có người đi cùng cơ,1,0,0.0013387410435825586
các b học sinh đáng yêu quá,0,0,0.0008405957487411797
cuộc đời bà đã nấu hơn 50 nồi bánh chưng rồi nhưng bà chưa bao giờ thấy ai cắt tóc ngắn đi mà xinh như thế này các cháu ạ .,0,0,0.0016487193061038852
đây là một câu chuyện buồn không chỉ riêng tao,1,0,0.018293587490916252
"cảm ơn nói chuyện nhật ! 1 nền khoa học , giáo dục , trí tuệ văn minh !! 😘",0,0,0.0008498236420564353
bạn có bố thật hạnh phúc,0,0,0.0017571209464222193
"per trong vòng 4 tháng chắc anh chụp hơn trăm tấm , huhu , sợ quá 😱😱😱😢😢😢",1,0,0.001166879665106535
chuỗi ngày tủi nhục cũng từ đó mà bắt đầu,1,0,0.3411664664745331
hàng xóm cũ của tao cũng thế may mà bà ý chuyển nhà rồi 😃,0,0,0.0021970365196466446
không biết vì sao họ vẫn cười nhưng mình thì khóc ...,1,0,0.007374539505690336
"đúng vậy , có họ ở bên cạnh nuôi nấng ta từng ngày đã là quý lắm rồi",0,0,0.0029430603608489037
5 năm nữa tao phải đẻ được 3 đứa 😂😂😂,0,0,0.0015189609257504344
ôi cưng cưng quá,0,0,0.001170203904621303
dù s đi nữa thì mày vẫn xinh . cố lên,0,0,0.0015238559572026134
hay lắm :))),0,0,0.0012325752759352326
buôn bỏ nhưng tình cảm ko thuoc về mình nua . bat đầu kiem tiên,1,0,0.019816424697637558
nó cười mà muốn rụng tim 😂💔,0,0,0.0012554604327306151
"vì luật áp dụng đối với vụ án phân chia tài sản trên 4 tỷ thì mức án phí là 0 , 01 %. suy ra vụ này trên 8 nghìn tỷ thì mức án phí là 81 tỷ là đúng rồi .",0,0,0.0033147125504910946
"per đi làm với c mình vui hết xẩy , trừ những lúc khó tính :))",0,0,0.001223630621097982
1 thời gắn bó với nó . nhớ lại ngày xưa cực khổ,1,0,0.004617887083441019
per nên mày hãy yên tâm về mấy con nhện nhé :))),0,0,0.0015732876490801573
:) cảm giác đó đau lắm các mày ạ,1,0,0.0022514339070767164
đề kháng của tao với mọi loại thính rồi cơ 😂,0,0,0.006769558880478144
cái này ghê vãi mày sẽ hiểu cảm giác khi nó lún xuống 😅😅,1,0,0.0017063908744603395
🤣 lau mặt bằng quần chíp của vợ à ?,0,0,0.0016115354374051094
mất rồi có lấy lại được đâu :)) cái gì nó cũng chỉ là quá khứ,1,0,0.0015712515451014042
quay vào ô mất lượt :)),1,0,0.0014260534662753344
:))) có thật nhiều tiền là vui,0,0,0.0015217057662084699
mình rất rất muốn đi nhưng trong túi kô còn xu mẹ nào vân kiều ơi,1,0,0.001725512556731701
các bạn trẻ ! người lớn có thể nghe thấy tiếng chó kêu mà không hành động gì để cứu vớt . các em thật đáng khen . cần những bạn trẻ nhân ái như các bạn .,0,0,0.0015636190073564649
"em đỗ 6 trường đại học ở mỹ , còn hàng trăm thằng đổ em luôn rồi đó , em biết không . trong đó có anh 🤪",0,0,0.0016382578760385513
thật đáng khâm phục các bạn ... chúc các bạn gặp nhiều may mắn trong cuộc sống ...,0,0,0.0017534230137243867
phim cực hay và cực cảm động lòng người,0,0,0.0008264595526270568
chai này mới ghi được nhìu chữ kkk,0,0,0.0016214424977079034
per cố đợi đi nha để em mua bảo hiểm cho anh 🙂,0,0,0.0017635965486988425
"có ai nhìn thấy hình như người đàn ông này đang rất đau khổ không nhỉ ? mình nhận thấy hình như ông ấy đang rất đau khổ , mà không thể or không muốn nói ra .",1,0,0.13593246042728424
per đáng sợ quá,1,0,0.0009118214948102832
tao chỉ lên ngắm cảnh tí xíu mà mày cũng dìm tao :)))),1,0,0.001378595014102757
chúc mừng,0,0,0.001955048181116581
thằng hack game nó gặp trùm cuối rồi 😭😭 truyện đến đây là kết thúc sao 😭,1,0,0.0012267704587429762
"đang tính đi nhổ răng khôn ( à quên , nó ngu chứ khôn đéo gì ..) nghe được cảnh báo này chắc không dám đi nhổ luôn .",1,0,0.001680932124145329
hú hồn con chồn chạy ngang 😑,1,0,0.0019486546516418457
đây là bạn tao . =)),0,0,0.0015042652375996113
là mỗi buổi sáng thức dậy ta có thêm 1 ngày mới để yêu thương ❤️.,0,0,0.0021481092553585768
đáng lẽ bệnh của tao đã không nặng đến thế,1,0,0.020607829093933105
tự nhiên nhớ cái cảnh 2 con bánh bèo bị ngỗng dí quá 😅😅 per,0,0,0.0009545120410621166
🤣🤣🤣🤣 bo tay chấm cơm . hahaha,0,0,0.0010651680640876293
và từ đó bà cụ sống trong hạnh phúc :)),0,0,0.0018073011888191104
"cmt buồn cười vll , nhớ mình cừng có kinh nghiệm chạy ngỗng :)))",0,0,0.0012227899860590696
chưa bao giờ nghe ngươ ̀ i ta chửi thề mà đáng êu đến vậy lun =))!,0,0,0.0013540321961045265
đọc xong tao muốn khóc luôn,1,0,0.001645212178118527
t còn được nghỉ 1 tuần :)))),0,0,0.0014948942698538303
xem phim cười gần chết . mà thích cái bạn ma nữ hơn là na bong,0,0,0.0009849716443568468
"cải tạo được , có tái tạo được 100 % nguyên trạng rồi sao ? giá trị lịch sử văn hoá gần nghìn năm đã mất đi rồi :((",1,0,0.0011953574139624834
sợ thì vkl,1,0,0.003071628278121352
per :)) hiểu được nỗi lòng anh chưa ! mốt đừng giận anh nhiều nữa nha,0,0,0.0011126078898087144
thất vọng và áp lực tích tụ hằng ngày với tao,1,1,0.9966219663619995
nếu địa phương không xây cầu thì người dân cũng có thể tự làm cầu cây mà . phóng lỡ hụt chân thì xác định nát người .,1,0,0.0028329191263765097
ngày chủ nhiệm cu nhà mình cô nhẹ nhàng nết na lắm mà ! giờ thì sao cô lại hành xử như vậy chứ ! thật buồn !,1,0,0.0015027748886495829
t quá mệt mỏi với cuộc sống này rồi 😓,1,1,0.9932044744491577
per - chan đáng yêu zl =)))))),0,0,0.0010001856135204434
khuôn mặt đậm chất giải trí 🙂,0,0,0.0013060059864073992
tao nhìn sợ vãi,1,0,0.0034969905391335487
gia đình có nhưng tình yêu không thì sao,1,0,0.00328462035395205
sau mỗi cuộc chia ly người ở lại vẫn là người đau lòng nhất :((,1,0,0.0011516205267980695
đúng là chân thật luôn luôn tổn thương !,1,0,0.0030496628023684025
"từ khi lấy vợ , làm vlog thiếu muối hẳn huhu",1,0,0.0013004259672015905
sad cực mạnh,1,0,0.0016183570260182023
nhất định sẽ có một ngày tao sẽ thành công và tự nói bản thân rằng mày làm tốt lắm,0,0,0.003935939632356167
phim hay vãi ra . đến giờ vẫn thấy mình giống bạn ma nữ quá trời 😂😂😂,0,0,0.0009240438230335712
tội nghiệp các bé đạp xe đi học,1,0,0.001362367533147335
thế nên tao với mày không thể làm người yêu nhau được,1,0,0.003394945291802287
sinh viên năm 3 rồi nhưng vẫn chưa định hướng ra trường làm cái giống gì đây :(,1,0,0.0015453347004950047
khóc hết nước mắt 😞😞,1,0,0.0017098416574299335
"wtf , tao đã làm gì sai ☹️☹️☹️",1,0,0.0012754702474921942
"bọn tàu copy kịch bản phương tây , chắc bữa sau lại có mấy video make in việt nam như vậy và kịch bản tàu haha",0,0,0.0012500629527494311
mình không áo mưa rồi 😞,1,0,0.0027419470716267824
còn mềnh thì ra quán mua bim bim đều chỉ để nhì em mà cười,0,0,0.0016642611008137465
"biết chỉ là phim thôi , xem con bé hôn bố lần cuối nước mắt tự rơi , híc híc",1,0,0.0015082132304087281
tao lại bị mọc lông chân rồi :((,1,0,0.0012467941269278526
mua thêm vài trăm con cá xấu thả chắc vui hơn,0,0,0.0013764945324510336
per hôn nhẹ lên má nha 🤣,0,0,0.0016277971444651484
góp phần xây dựng đất nước chứ gì kkk đóng nhiếu rứa,0,0,0.0018370059551671147
dume mặc dù tao rất yêu chó nhưng tao cũng sợ chó nữa :((,1,0,0.0010208009043708444
cứ mỗi lần cắt tóc xong tao lại thấy biết ơn bố mẹ vì đã sinh ra tao đzai vãi :))),0,0,0.0014095897786319256
đó cũng là giải pháp hay để lừa một thèn ngu :))),0,0,0.001856643590144813
thương các con quá đi,1,0,0.0010366056812927127
khổ thân con mèo :((,1,0,0.0011790634598582983
một người đàn ông bản lĩnh thực sự 👍,0,0,0.0011405824916437268
"per bởi , đéo dám tán ai hay tỏ tình",1,0,0.013147354125976562
ấm áp ghê =)),0,0,0.0011121237184852362
phim ấn độ duy nhất tao xem mà không cảm thấy vật lý logic quá khó hiểu dù thật ra trong phim này nhiều kiến thức hại não thật ; )),0,0,0.0013709345366805792
giọng chú hơi bị dễ thương nhá :)),0,0,0.001237699412740767
pháp năm nay nhiều biến quá :((,1,0,0.0012003566371276975
hèn dì mấy nay đi học thấy bạn của crush nhìn mình cười,0,0,0.001998059917241335
cũng muốn đi xem lắm 😭,1,0,0.0021151539403945208
có lẽ vậy là tốt nhất,1,0,0.021619318053126335
per đến con nít chúng ta cũng không bằng là sao ......... tuổi thơ và tuổi thanh xuân nợ chúng ta quá nhiều thứ rồi 😭😭😭😭,1,0,0.001119434367865324
gv có tâm vãi 😂,0,0,0.0010880839545279741
mình thi xong còn không khóc được 😢,1,0,0.0012997257290408015
một bộ phim quá suất sắc,0,0,0.0011103563010692596
tao mừng quá vì tao biết chắc chắn hôm nay crush của tao không bị thịt . ahihi .,0,0,0.0019883988425135612
"chị thích con gái mạnh mẽ , cá tính .",0,0,0.0016930727288126945
cho dù em có dành được bao nhiêu học bổng đi chăng nữa nhưng mãi mãi em sẽ không thể có được tôi 😅,0,0,0.008465616963803768
cười ỉa :)),0,0,0.0011636451818048954
lợi ích của việc giữ vững quan điểm 😄,0,0,0.002264772541821003
"chời , dễ thương quá",0,0,0.0010727185290306807
t cười đấy . thế tao thả haha nhé . mà dume đấy là cháu tao . thế bây giờ không có icon vừa khóc vừa cười à :]],0,0,0.0011680696625262499
nếu là tao thì tao sẽ không ăn được miếng nào,1,0,0.022532561793923378
nghe mát lòng mát gan thế ????,0,0,0.0011160988360643387
lúc bé mình rất sợ,1,0,0.0035362979397177696
chưa bao giờ bắn trúng thứ gì 😆.,0,0,0.001989455195143819
thôi xong . chia buồn cùng quý quốc,1,0,0.001512263435870409
thấy tội nó ghê ????,1,0,0.001037079724483192
ngày bé tao bị nó dí thế là tao cho nó 1 gậy 🙂 hôm đó tao được ăn thịt ngỗng,0,0,0.0020890922751277685
đã sáng suốt hơn năm ngoái nhiều . ka ka,0,0,0.0018197718309238553
tưởng tao sợ ư từ cái lần mày dọa rắn tao và tao rơi điện thoại cuối cùng vỡ màn hình là tao đéo sợ nữa nhớ,0,0,0.0024713813327252865
"công trình 850 năm tuổi , xây dựng 100 năm mới hoàn thành chỉ còn là đống cháy sắt vụn .",1,0,0.0019308066694065928
đau bụng quá ự ự,1,0,0.0012621611822396517
"đang ỉa xem cười như điên , kkk",0,0,0.004341092426329851
hành động đẹp,0,0,0.0011946656741201878
đúng là vàng trắng .. nhưng mà trắng tay :(((,1,0,0.0011549686314538121
thanh niên co ́ em hoan hy ̉ qua ́ :))),0,0,0.001076861284673214
buồn cô lắm,1,0,0.0014805604005232453
"thích cái câu "" em không yêu anh nữa ""😊😊",0,0,0.0013174904743209481
"anh luôn nghĩ thế giới này không có gì đáng sợ , cho đến khi anh không còn thấy em nữa",1,0,0.01867409609258175
mình chụp mấy lần liền chả thấy bác sĩ cho mặc lớp áo gì cả 😭😭😭,1,0,0.0011488102609291673
"hồi bé đi mua xôi bị một đàn ngỗng đuổi 🙂 may mình đi xe đạp không thì ăn lol ** với chúng nó , cái thứ mất dậy 🙎🏻‍♀️🙎🏻‍♀️🙎🏻‍♀️",1,0,0.0009678214555606246
a đến sớm hơn nhé 😆,0,0,0.0018754159100353718
tao ấn tượng anh đầm hường ghê 😂,0,0,0.0012505626073107123
đáng yêu thế bà đẹp gê,0,0,0.0010741910664364696
cười ỉa phút 1 : 11,0,0,0.001671023084782064
sao không cắt móng chân cho em ... nhìn mặt cute mà thấy móng chân em sợ phết,1,0,0.001515437150374055
per cđ chỉ cần đơn giản như thế đã ấm lòng thế ... rơi cả nói chuyện mắt ...,0,0,0.001614688546396792
huhu sợ vãi luôn á,1,0,0.001972532831132412
per mày cũng cắt tóc giống thế đi cho đẹp =)))),0,0,0.001173392403870821
ráng ăn cho nhìu vô ỉa cục cức dài hơn móng tay ổng luôn kk,0,0,0.0014282824704423547
tiền nhiều để làm gì khi tình không còn,1,0,0.00424478854984045
cài lò xô huyền thoại,0,0,0.0017526143928989768
sở khanh như boss chịu liền .. đẹp trai quá trời ui,0,0,0.0011270790128037333
chỉ còn lại tro tàn,1,0,0.029370004311203957
huhu lần trước đi chụp răng . thằng kĩ thuật viện cho bạn vào cái máy to đùng xong nó bảo ngồi im . nó bật máy xong chạy ra ngoài đóng cửa với tốc độ ánh sáng .,1,0,0.0018128996016457677
mẹ tao vừa đọc xong còn tag tên tao vào . bọn mày có cách nào trưa nay không về nhà mà vẫn có tiền ăn cơm không chỉ tao với,1,0,0.002367114881053567
độc nhất vô nhị . kkkk,0,0,0.001518202479928732
thề nhìn họ hôn nhau thôi mà nổi hết gai ốc . chưa dám nghĩ tới xxx . chắc thốn lắm . lạnh sống lưng thật .,1,0,0.001847958075813949
là gặp đúng người nhưng lại chẳng đúng thời điểm . cuối cùng vẫn là chúng ta bỏ lỡ nhau 😥😥😥,1,0,0.0017227745847776532
quả nhiên chồng con nhà người ta đéo bao giờ làm tao thất vọng 😄,0,0,0.0014844248071312904
họ đã cho ta có mặt ở trên cột đời này rồi còn gì bằng nữa chứ,0,0,0.004572008736431599
tôi đã giữ lại mấy cái giấy note đã ghi chú khi nào kiểm tra =))))),0,0,0.0014355910243466496
"suốt ngày trật ray , còn hay không sự phù hợp hệ thống ray - tàu với hệ thống đường sắt vn",1,0,0.005185502115637064
một mình tao ăn hết 1 nồi lẩu từ lúc tối 😭,1,0,0.002069546142593026
"thời buổi bây chừ chuyện gì cũng có thể xảy ra , vậy nên thôi trất , đừng nên tin ai",1,0,0.007995556108653545
mỗi lần quyết tâm bỏ mà lại thấy cười . đm đời,1,0,0.0021644271910190582
có những ngày làm tới đâu là sai tới đó :)) muốn tát vào mặt hết sức,1,0,0.001456635189242661
nhìn vừa tội vừa thương ????,1,0,0.001046953140757978
giao lưu tí không . tự bấm chứ không mua =))),0,0,0.0012021273141726851
nhà tao còn nè,0,0,0.0028427247889339924
bữa cơm trưa nay tăm tối như cái ava của tao vầy :((((((,1,0,0.0012182083446532488
t thấy nó cười hoài mà không bao giờ nó cười với tao cả :((,1,0,0.0011142923031002283
2 năm rồi và đã kết thúc rồi,1,0,0.002281825290992856
cách tốt nhất là đứng lên và chọn 1 nơi khác để tìm 1 thứ tốt đẹp hơn và dễ viết hơn :)),0,0,0.001766648725606501
"xã hội thật phức tợp , huhu . không muốn sống chung loài người nữa , tao về núi đây",1,0,0.0012369727483019233
tội cả con quá 😭😭 một lũ vô nhân tính đã hủy hoại những mầm non tương lai .,1,0,0.0013429858954623342
"tao nói té 1 cái không dập mề thua gì cũg thua , trĩ nội trĩ ngọai nguyên chùm =)))",1,0,0.0010875932639464736
"per tải thử cái này cho cún đi chị , hay phết này",0,0,0.001004076679237187
cổ tích thôi nhé . tao mới bị hỏi vì rẽ không xi nhan . và anh chỉ nhẹ nhàng phán 1 câu : ‘’ 2 triệu đưa đây không thôi mai cầm 3 triệu lên đồn nhận xe nhé ’’ anh thật là dễ thương 🙂,0,0,0.0013814533594995737
cưng quá :))),0,0,0.0012716929195448756
nơi ấy giữ lại những kí ức tuyệt vời,0,0,0.001203969237394631
cô gái này thật dễ thương “ anh cứ nhắm mắt làm đại một lần thôi mà “ 😂😂,0,0,0.0011978249531239271
tao nhớ không nhầm hôm nay nó đến tháng vậy là sẽ không bị đâu nhỉ,0,0,0.002642794046550989
má toàn truyện trong mơ không hà mắc cười quá 😂,0,0,0.0011979048140347004
"động lực là tình yêu . vì sau khi chia tay , tôi đã thấy mình vô dụng trong một thời gian dài .",1,0,0.055094290524721146
ngày xưa cũng như này trong lúc mối quan hệ bắt đầu nhạt :) haiz,1,0,0.003190103219822049
nay buồn :(((,1,0,0.0013008355163037777
tối mà tắt đèn gặp mặt nó với cặp mắt nó là tao còn sợ hơn thấy ma,1,0,0.0032213665544986725
per ối bạn ơi quà sinh nhật mình đây rồiiiii,0,0,0.0014607843477278948
câu chuyện mọc sừng được bắt nguồn từ đó 😀,0,0,0.004021122120320797
và vui mừng hơn khi biết tin chị vợ ở nhà vừa sinh hạ em bé được 1 tuần,0,0,0.0024025500752031803
nghe ngọt thế :((,0,0,0.0010159473167732358
thích thật,0,0,0.0011990561615675688
tao xem mà cứ sợ nó ngã vãi 🙂,1,0,0.001917230780236423
bỏ thế lồn nào được :(,1,0,0.0018267305567860603
"thanh xuân của tớ gặp cậu rồi , 4 năm rồi , chỉ có điều vẫn là 2 đường thẳng song song",1,0,0.002925364300608635
xem hết mới biết cái video nó không phải video hài thấy buồn buồn 😪,1,0,0.001074828440323472
nghe nguồn tao biết được độ chân thực của câu chuyện rồi 😂😂😂,0,0,0.0014958155807107687
hạnh phúc thật :)),0,0,0.0011308758985251188
kiểu định share vì thấy tinh thần khá hơn nhưng đọc bình luận xong kiểu nhiều đứa còn tiêu cực hơn mình :<,1,0,0.0010204944992437959
t nghe thấy nó nói gì tao chết liền,1,0,0.007846218533813953
mong ông bà được nhiu sức khỏe,0,0,0.0019286577589809895
đó là những nơi khác . chứ chỗ làm của em . anh chị đáng yêu v đáng quý . em học tập được rất nhìu kinh nghiệm .,0,0,0.0013148555299267173
hết hồn chim én,1,0,0.0013535898178815842
con đường này chắc dành cho mấy người như tôi,0,0,0.003923621494323015
chắc là năm lớp 4 5 gì đó :)) tao mua bánh kẹo đem vô lớp bán lẻ lại ... mỗi lần đem bán như vậy chắc cũng kiếm được lãi 2 - 30k 😂,0,0,0.0013313321396708488
già còn thích phi công =)),0,0,0.0012560868635773659
chuyện tình huyền thoại của per với per :(,1,0,0.0017489742022007704
để tao nấu thì quên luôn . xác định tối đó đói :((,1,0,0.0012918136781081557
mình trả phòng là chăn ga gấp gọn gàng . đồ đạc hẳn hoi trả người ta . dù sao mình cũng như người ta bẩn dọn mãi không sạch ai chẳng điên,0,0,0.0014947050949558616
chỉ cần thích cái là muốn rụng tim,0,0,0.004696800373494625
công an béo như lợn không đuổi nổi tội phạm 😂😂,0,0,0.001655107014812529
khổ người lao động thôi,1,0,0.0027881572023034096
moá nhìn rùng hết cả mình,1,0,0.0018489980138838291
"trước tao cũng tin vào tình yêu chân thành lắm , niềm tin chết rồi",1,0,0.007220297586172819
vcb thu phí dịch vụ cao có khác . lương nv cũng hơn chỗ khác :)),0,0,0.0011848153080791235
bư ̃ anh trước mới nghi ̉ xong tao đi đa ̀ nă ̃ người chơi 3 nga ̀ y xong vê ̀ kho ̉ em re =))),0,0,0.0013402898330241442
có thì tốt nhất đừng có giận vì ngoài kia bất cứ thằng nào cũng sẵn sàng dỗ dành bạn gái của bạn 😋,1,0,0.003554229624569416
"đấy gọi là biết ngu mà vẫn đâm đầu vào , giống tao :)",0,0,0.0014880715170875192
tao cũng có 1 người bà như trong video nhưng bà ấy qua đời rồi 🙁🙁🙁,1,0,0.00150364451110363
bắt võng nằm cho sướng,0,0,0.0017860246589407325
phim này ý nghĩa lắm,0,0,0.0010937211336567998
thú vui đặc biệt vãi :v .,0,0,0.0012474580435082316
ny tao đbh dỗi . chọc kiểu gì cũng không dỗi . đáng yêu vãi 😂,0,0,0.0011442630784586072
ko sợ gì chỉ sợ con ml ý 😞,1,0,0.0015694797039031982
quá hay cho admin,0,0,0.0008593344246037304
per gặp tao chắc tao đái trong vần 😅😅,1,0,0.001306616817601025
ngày nào cũng ngủ với mẹ rồi mà vẫn còn tiếc :))))),0,0,0.0011690319515764713
tao thích vẽ . nhưng vẽ xấu từ đó chuyển hẳn sang mê chụp ảnh .,0,0,0.0019229146419093013
t thấy dễ mà . không biết thì học khác biết . ez vãi,0,0,0.0017115868395194411
còn gì hơn lòng dạ đàn bà ... cũng may tao là một con đàn ông :)),0,0,0.001494887168519199
thôi xong tao rồi :((,1,0,0.0014359293272718787
cảm ơn bạn vì đã chia sẻ cũng như đã luôn sáng suốt để không làm gì sai,0,0,0.0024267928674817085
bộ phim hay ý nghĩa nhất từng xem,0,0,0.000902188359759748
bài viết đọc rất sướng .,0,0,0.000862252782098949
con này chăm sóc n là n bao đẹp ><,0,0,0.0013279950944706798
ừ thì là chuyện cổ tích . cháu đang đi đường thẳng gặp mấy chú thì phải rẽ ngang . 😢😢,1,0,0.0014706384390592575
cưng gì đâu,0,0,0.002414529677480459
lâu quá mới nghe lại bài này buồn thế,1,0,0.0012037347769364715
per eo ôi làm nhớ hồi nhỏ đi học mẫu giáo quá :))),1,0,0.0010966965928673744
ngày cuối cùng thực sự buồn,1,0,0.0035183224827051163
hú hồn hà,1,0,0.0013154741609469056
aw giống tao vậy =))) mấy thứ linh tinh tao còn để nguyên vào 1 cái hộp bự cơ,0,0,0.0011506956070661545
khóc muốn rơi cả mắt,1,0,0.04937975853681564
có những ngày mọi thứ nó bỗng ập đến,1,1,0.9230042695999146
bộ phim đáng xem đó mấy man,0,0,0.0011574875097721815
một đứa sợ sấm chớp không thích hình ảnh này huhu,1,0,0.0016590006416663527
per đây . cô gái bán hàng thú vị đây . phải xem cho hết,0,0,0.0018893174128606915
nuốt được cục tiền đó cũng hay đó ( y ),0,0,0.0012432531220838428
rất nguy hiểm,1,0,0.0033307659905403852
:((( tôi vẫn chưa sẵn sàng để đi học mà,1,0,0.0021782151889055967
khang khang 1 thời cùng nhau vui say ! bjo thì khác rồi thân ai nấy lo hở chị hố hố ;)),0,0,0.001170298084616661
"nhìn cảnh này mình nhớ lại cảnh ông ngoại mình đứng ngay quan tài bà ngoại khóc nức nở . bà đi rồi để ông ở lại một mình , đau lòng quá",1,0,0.0018862735014408827
"tụi mày có hiểu được cảm giác , muốn bắt chuyện mà không dám bắt không ?? tụi mày có hiểu được cảm giác vờ ngủ gục để nhìn nó không ?? tụi mày đã từng nhìn nó thật kỉ , thật tỉ mỉ chưa ?",1,0,0.007405228912830353
"sao vẫn còn người tốt trong xã hội này , đáng khâm phục",0,0,0.0018119170563295484
rất tiếc cho 1 bài quyền,1,0,0.0011997501133009791
nhện này trong nhà tao chắc tao bỏ nhà đi mất 😱🤯,1,0,0.0016188325826078653
mình cũng có con mèo đực nuôi được 1 năm thì nó biệt tích 1 năm sau nó về rồi 1 năm sau thì nó mất .... buồn,1,0,0.0017847719136625528
"mẹ kể hồi nhỏ nuôi con ngỗng thay chó canh nhà . ăn trộm mà vào thì chạy đằng trời với nó , cả bầy lao ra quạt với táp , khi gia đình vác gậy chạy ra thì thằng ăn trộm nó ôm cây trên tít cành cao , áo quần tóc tai lủng máu me tè le . gia đình phải cứu ăn trộm má mấy mẻ còn không tha , 2 3 con vẫn dí nhảy hàng rào dí theo ăn trộm . phải nói dí bao dai mà cục súc vê lờ .",0,0,0.0018191508715972304
cái kết có hậu quá :)),0,0,0.0012071552919223905
thấy cờ rút trên tờ polime là tim rụng rời liền,0,0,0.0022130818106234074
chuẩn bài =)))),0,0,0.001313137705437839
"per huhu đúng quá nè :< sư phụ đi rồi , còn per thôi , đừng đi đâu nữa nhaaa 😢",1,0,0.0011714285938069224
"chuẩn luôn , áp lực công việc cũng không bằng mối quan hệ với đồng nghiệp",0,0,0.00472352234646678
ui sồi ôi đốn tim vãiiiiiiii,0,0,0.001198275713250041
per tao mãi mãi bị con này ám ảnh từ bé đến giờ . thứ gì mà đéo thể yêu thương nỗi . nghe tiếng nó kêu là tao bỏ chạy trăm mét 😒,1,0,0.007894972339272499
per hết tiền thật sự :(,1,0,0.0015789399622008204
chuyển từ thất tình sang muốn chết vì quá chán :((,1,0,0.0014373877784237266
"mong là chuyện không có thật , chứ có thật thì đau lòng vãi ra 😪😪",1,0,0.0027809436433017254
đơn giản 🙂,0,0,0.001746448571793735
tại trà sữa làm tao mập chứ tao có muốn đâu :(,1,0,0.002029376570135355
"vui nhất là câu "" lấy ghế ra ngồi nhìn """,0,0,0.0017709983512759209
xem video cu ̃ người cho ́ người hê ́ tao ca ̉ mă ̣ tao,1,0,0.001321815769188106
"tan rã hết rồi , giờ toàn đánh lẻ thôi 😭😭😭",1,0,0.0014127485919743776
hên là đụng nhầm người chứ đụng trúng cái là rụng trứng cả bày cả lũ -)),0,0,0.001428130199201405
trông anh thần thái vãi :v,0,0,0.0015358852688223124
cười muốn tắt thở 😂😂😂,0,0,0.0029724722262471914
khiếp quá đi tụi con ơi,1,0,0.001964293420314789
bây giờ nhìn vào cứ kiện tụng mà nãn :((,1,0,0.001140518463216722
uiii xinh gái thế ...,0,0,0.0012107453076168895
per ê xem đi phim này lâu rồi nhưng mà hay lắm,0,0,0.000876772974152118
"xem phim mà cứ nhìn cặp chân của ổng , chân gì mà dài thường thượt . chồi ôi 1m87",0,0,0.0010160101810470223
thất tình đi nghe nhạc chúng nó còn ngồi trước mặt ôm nhau . hận,1,0,0.0010023367358371615
ha ha chịu không nổi luôn !,0,0,0.002019657986238599
cắt cả thắt lưng da của bố để làm ná 😂😂,0,0,0.0014739936450496316
học giỏi lại xinh xắn hì,0,0,0.0011828579008579254
đú quan trọng bởi người tao yêu củng không đi chơi valungtung thế là tao vui rồi :)),0,0,0.001212937873788178
"bị chó rượt cũng không đáng sợ bằng mẹ này . gặp chó mà có ý định rượt thì đứng im hoặc đi nhẹ nhàng nó nghỉ rượt . còn mẹ này chạy mẻ rượt , đi nhẹ mẻ rượt , đứng im mẻ mổ như mổ thức ăn . thiếu điều muốn quỳ lạy van xin mẻ luôn .",1,0,0.0016123050590977073
cái video đầu làm hết hồn per per,1,0,0.0014045066200196743
người gì đâu mà dễ thương quá chờiiiii,0,0,0.001292212400585413
chủ tịch đi nặn mụn ở tai và cái kết khóc thét,1,0,0.0033069613855332136
"mất đi một di sản , chứng tích của lịch sử 😓",1,0,0.0019886966329067945
em đi bộ chết mẹ đây này,1,0,0.002622452098876238
chuẩn con mẹ nó cơm oy 😂😂😂,0,0,0.001121742301620543
không biết đến 2021 tao có lấy được chồng không nữa :((,1,0,0.0013656644150614738
chia buồn cùng nước pháp,1,0,0.002016628859564662
thiếu cái que chấm dầu là ổn 😂,0,0,0.0019234473584219813
🙂 thanh xuân của em đã từng có khoảng time tươi đẹp,0,0,0.0020195655524730682
ai cho mình xin page của con này với thích xem nó live stream bán đồ gê,0,0,0.0012325957650318742
vl bố tao đang ở đây mà chắc sáng mai mới về mất ??,1,0,0.0019799883011728525
"tao là trùm nấu cơm kiểu này rồi ,, còn bây giờ mất điện thi nấu bằng bếp ga :))",0,0,0.0013043078361079097
per huhu nhất là mấy bài không cho chất thử á :(,1,0,0.0010509423445910215
tán gái hay vãi,0,0,0.001269269036129117
cười vãi :))) tếu thật sự luôn ý,0,0,0.0009534690179862082
khớp vãi =))))))) mặt con bé,0,0,0.0011496618390083313
nhưng nó giỏi và bản lĩnh đó,0,0,0.0012731603346765041
tuyệt vời,0,0,0.0009970972314476967
t thề hồi nhỏ qua nhà ông hàng xóm vá xe tao bị con ngỗng dí chạy xúc quần quanh nhà ổng vừa chạy vừa la làng tới giờ nhớ lại vẫn còn hãi 😧😧😧,1,0,0.00134276004973799
thông minh lắm,0,0,0.0012640240602195263
bà ngoại của em đáng yêu hơn thế này nhiều,0,0,0.0018272140296176076
bé gái đáng yêu quá ??,0,0,0.001065493910573423
buồn thật ấy,1,0,0.0010341944871470332
uớc gì sau này về già vẫn có thể như cụ này :)),0,0,0.0019329601200297475
cư ́ như kiê ̉ u =))) ngươ ̀ i yêu,0,0,0.001307902974076569
tao sợ ma nên không dám coi lun,1,0,0.003222188912332058
ai muốn đi thái hè này với tôiii nào cũng chim ưng phết đấyy :))),0,0,0.0013115947367623448
"phim này quá hay . xem đi xem lại mãi không chán . đặt tay lên ngực "" mọi chuyện đều ổn "" câu nói kinh điển",0,0,0.0010582422837615013
tại sao anh cứ mất công giận dỗi trong khi người xin lỗi vẫn là anh =)),0,0,0.0016412539407610893
giống y bố tao 🤣 ngoa khủng khiếp nhưng mà nhà tao vui vãi_chưởng 🤣🤣. điểm danh nhà bố học giỏi văn nào 🤦🏻‍♀️,0,0,0.0009279634105041623
à thì ra là như v =)))),0,0,0.0016260049305856228
"per anh không nặn đi , mai mốt nó sẽ chaii dầy nè hihii :)))",0,0,0.001305394689552486
ngã nhìn cũng thấy yêu 🤣,0,0,0.0013019806938245893
"cũng chuẩn , giờ khởi nghiệp vậy phá sản chỉ mấy tháng đầu",0,0,0.0018744583940133452
"hôm trước tao đi chơi về đường vắng nên chạy nhanh , vừa qua cua anh cảnh sát chạy ra chặn làm tao sợ chetme vì giấy tờ không có bằng lái thì chưa thi lại còn thiếu abcxyz",1,0,0.0020058462396264076
rớt vô đây chắc chắc khóc tiếng thái lan,1,0,0.0018858157563954592
đỉnh của đỉnh 🙂,0,0,0.0025645410642027855
bà nuốt quả chuối tao cười tao ẻ,0,0,0.0018953769467771053
"có những con người luôn phải chịu đắng cay , cta không được chọn gia đình , bạn bè và càng không có quyền lựa chọn cuộc sống này . hãy vui lên với tất cả những gì ta đang có dù là hai bàn tay trắng",1,0,0.009893092326819897
đi bao xa mới thoát đựoc kiếp không có người yêu ? :<,1,0,0.0020409594289958477
"gặp cái này "" sun "" mẹ nó vào ... :))",1,0,0.0014432747848331928
tội bà vợ,1,0,0.0012819221010431647
per 😢😢 miss you .. chính xác luôn ak hậu,1,0,0.000883032800629735
chắc ỉa ra quần chứ đéo đùa -.-,1,0,0.0019175629131495953
tôi cùng hoàn cảnh với bạn má tôi củng bệnh và từng ngày từng ngày tôi bên má tôi sợ giây phút má bỏ tôi ra đi và ngày đó củng đến ai còn mẹ hảy quí từng giây từng khắc bên mẹ,1,1,0.9964693784713745
thua cả người ta 😞,1,0,0.0014759156620129943
tính ra tao lúc nào cũng hài hước vui vẻ luôn đó trời :)))),0,0,0.0011807463597506285
thật đáng sợ,1,0,0.001369835459627211
sợ xanh mắt mèo,1,0,0.00131583446636796
ấy thế mà đã 6 năm rồi . bây giờ còn không nhớ được những đứa nào đã học cùng mình nữa rồi 😪,1,0,0.002118316711857915
"per lại nữa , tao dg suy nghĩ có nên đi bằng rap về không",1,0,0.0026450043078511953
per tao thấy tao trong đó ahahahaha,0,0,0.0026685697957873344
"em ơi , hết rồi 😔 hết rồi , chẳng còn chi nữa đâu em ...",1,1,0.7400696873664856
hello đồng nghiệp ;)))) không biết nghiệp gì thôi haha,0,0,0.0009503727196715772
"cái này ở shop đồng giá 40k aeon có nè , tê tới dái luôn",0,0,0.0018949295626953244
nhìn stt đồng cảm khủng khiếp .,1,0,0.0031208479776978493
một câu chuyện bi đát :((,1,0,0.0012663378147408366
haizzz ... thế là chưa có kq gì tốt đẹp cả ..,1,0,0.0010803812183439732
để có được cái nắm tay tuổi già là bao giông bão của tuổi trẻ . mấy ai qua được bão giông ?,0,0,0.0033211177214980125
"đấy , nó đấy . con tim tao đau quá .",1,0,0.0037551228888332844
gặp em đúng lúc nhưng sao anh vẫn thấy mình cô đơn quá .,1,0,0.002114588161930442
nhớ lại thời đi học xa nhà . bếp dầu ... :(,1,0,0.0012800206895917654
"con gấu trúc , cho nó ăn trúc đi =))) tướng ngồi nhìn cưng vãi",0,0,0.0010828273370862007
nhưng nó sẽ to và rộng ra :(,1,0,0.002995569258928299
haha còn tao thì thấy nó lúc nào cũng đáng yêuc 😄😄😄,0,0,0.0010669957846403122
"đừng tin vào lời ong bướm , đó là hố sâu , là cạm bẫy tình yêu =))",1,0,0.0017736743902787566
bây chửi kệ bây ! riêng tao thik phá trong trường hợp này 😂,0,0,0.0016042557545006275
ở chỗ khác chắc gì có đứa béo như mình !,0,0,0.0032538999803364277
"yeahh ! tao giờ đã là khách quen quán trà sữa đó rồi , về nhà cũng phải ráng tạt qua",0,0,0.0016692279605194926
cái miệng nói chuyện không có người phụ nữ nào có trời ơi thật là có duyên khiếp quá đi thôi,0,0,0.0010963163804262877
cưng quá đi,0,0,0.0011597677366808057
một phút huy hoàng rồi chợt tắt còn hơn le lói giữa ngàn thu,0,0,0.002749823033809662
"bộ phim này xem rất sướng . và rút ra được khám phá là thứ tuyệt vời nhất chứ không phải bằng cấp . giá như mấy ông "" bộ "" và mấy ông "" ngành "" dành thời gian xem phim này một lần .",0,0,0.0010544132674112916
aeon tâm lý thế :)) mày . n vào mua que kem tránh nóng,0,0,0.0010838981252163649
per vui quá .. đi dạo được ven hồ rồi 🙂,0,0,0.0009922231547534466
thế làm sao dỗ bạn gái đang giận :(,1,0,0.002055427059531212
vãi :)) độc đấy,1,0,0.0009922935860231519
tao bị bỏ rơi rồi,1,0,0.006254949606955051
🙁 bị rớt tiền,1,0,0.002123217796906829
phần còn lại là nỗi nhớ và những lần thở dài :((,1,0,0.0015619463520124555
"tao rợn hết người luôn , ghi công mày 😑😑",1,0,0.0011586000910028815
"đây là tao khi bảo "" tao biết đường mà , tin tao ."" 🙂",0,0,0.002303993795067072
đã sợ chó rồi thì chớ lại còn bị đùa zai như này . ai sợ chó đã từng trải sẽ hiểu :v,1,0,0.0022033448331058025
hic hic mình còn chả bao giờ được giận lại ấy chứ :((,1,0,0.001041966024786234
gãy tay,1,0,0.00500923627987504
cho em xin tên facebook của c trong video để khi buồn em có thứ mua vui ạ . cám ơn mọi người,0,0,0.0012643906520679593
đợi đến ngày họp lớp đi 😪,1,0,0.001954546896740794
"võ nghệ cao siêu đến mấy cũng phụ thuộc vào hung khí , em biết được điều này lên không bao giờ em học võ mà tự xắm cho mình khẩu hoa cải !",0,0,0.0017654121620580554
chia buồn cùng người dân và đất nước pháp,1,0,0.0023322473280131817
và khi quay lại nói chuyện với nhau .... biết nói gì giờ huhu,1,0,0.0036827160511165857
"lớp 2 xí mót được cái chong chóng , bán lại cho thằng hàng xóm 500d .",0,0,0.0018547245999798179
yêu sắp 2 năm rồi mà không biết người yêu kể chuyện cho nghe là gì 😢 đòi mấy lần toàn kêu không bình thường xịu xịu,1,0,0.0014726746594533324
buồn cười nhất cái đoạn cã lũ bạn đồng thanh * chó nó lấy * 😂,0,0,0.001051444560289383
ờ công nhận đáng sợ vãi 😭,1,0,0.0012607283424586058
đọc nhiều chuyện cổ tích vầy thấy yêu cuộc sống hẳn :)),0,0,0.0010592641774564981
giun xào đĩa luộc là ngon ngay 😂😂😂,0,0,0.0011409770231693983
mỉa mai cực mạnh =)),0,0,0.0011448828736320138
chia buồn với gã lưng gù 😥😢,1,0,0.001311851548962295
con gái hay ảo tưởng như vậy lắm 😌,1,0,0.001834611059166491
có ai thấy tội ông cụ như tao không 😭,1,0,0.002535169245675206
"ê tao cũng hay giữ mấy cái linh tinh lại như vậy để vài năm sau mở ra xem lại có cảm giác hoài niệm , mà mẹ tao bắt tao vứt hết rồi 😢",1,0,0.0014497579541057348
"đấy , chỉ có sale như tao mới tốt thôi , tao không bao giờ hỏi về nỗi đau của khách hàng : x",0,0,0.0017591111827641726
lâu rất lâu mới gặp được lần rồi liết mắt nhìn cái :)))) chưa thấy nó cười,1,0,0.0011976651148870587
ra xong bảo anh ý ship em về nhà luôn được không . xe em bị hỏng mất tiêu rồi =)),0,0,0.0012441102880984545
per cảm ơn tôi đi . thấy tầm quan trọng của máy chém gió chưa,0,0,0.0011639130534604192
mỗi lần coi lại sởn gai ốc,1,0,0.0025651620235294104
khổ nhân viên,1,0,0.0017231634119525552
thật sự đọc xong thấy hơi rưng rưng,1,0,0.001804356463253498
phim này hay dã man luôn - có ai biết phim nào kiểu dạng này nữa o 😍😍😍,0,0,0.0008690344984643161
nói xong còn chả dám ăn nữa 😂😂,1,0,0.007134326733648777
người trái đất thật đáng sợ mà - _ -,1,0,0.0018684864044189453
nhớ hồi mình làm đồng nghiệp ghê :))),0,0,0.001303117023780942
bếp dầu ngày xưa thật ý nghĩa,0,0,0.001441331347450614
có khi nào kết hôn xong nó giết lấy tiền bảo hiểm không,1,0,0.0021328215952962637
"per như một cú tát vào mặt , đau lòng quá đi",1,0,0.0019118565833196044
lâu lắm rồi chưa ăn được miếng cơm cháy .,1,0,0.007185432128608227
"ước gì con về với mẹ .... đợi mấy tháng rồi vẫn chưa thấy bóng dáng con , mong con vẫn sống ...",1,0,0.008167297579348087
cả ngàn tin nhắn không đổi lại được 1 lần xem :((,1,0,0.0012309402227401733
cảm thấy sợ mấy thứ suy nghĩ cổ hủ của người lớn :(,1,0,0.0020896601490676403
để nó vậy không thấy tội sao,1,0,0.003426450304687023
nhìn qua ảnh thôi cũng thích =)),0,0,0.001258925418369472
con bé xinh ghê,0,0,0.0009553204872645438
"yep . chính tao . đi vệ sinh thôi cũng phải đảo qua , mà giờ thì người ta sắp đi lấy chồng rồi",1,0,0.0017120521515607834
cũng dể thương đấy chứ,0,0,0.0013930366840213537
phải có bao nhiêu tình cảm mới có thể viết ra được những dòng này ...,1,0,0.004141294863075018
buồn dễ sợ mà huhu,1,0,0.001604838646017015
đẹp trai quá,0,0,0.0009858391713351011
"trời đụ , tội bé",1,0,0.001648969715461135
mang anh này về nhà luôn được không 😻,0,0,0.002697080373764038
gia đình thì không còn . tình yêu thì chưa có gì chắc chắn . 😏,1,0,0.0017429556464776397
"chơi game :v cấp 2 trộm tiền bố mẹ đốt gần 10tr vào game , cuối áy náy không chơi nữa nên ngồi bán nick được khoảng 2tr cũng gọi là thu nhập đầu tiên :v",0,0,0.0009393271175213158
bà về nơi phương xa mất rồi . nhưng với tớ bà là người dễ thương nhất trên đời . chỉ muốn ngả vào lòng ngoại nghe kể về những câu chuyện cổ 😘,1,0,0.0016859680181369185
"anh giờ thích ai rồi , không còn giữ câu nói trước kia nữa đâu nhỉ . ừ gần 1 năm rồi cơ mà :((",1,0,0.0014951276825740933
nhớ lại kỷ niệm này buồn quá,1,0,0.0014628663193434477
còn tao thì 14 / 2 này trở đi tao không còn fa nữa mà chuyển sang những người già neo đơn .. kkk,0,0,0.0028408896178007126
chả vị nước mắt à 😔,1,0,0.00134645018260926
ngưỡng mộ quá đi ạ . chúc 2 ac mãi mãi hạnh phúc như này nha :))),0,0,0.000985178747214377
phìm này rất rất hay đôi với ai sống hướng nội !,0,0,0.0009416936663910747
:v crush có người yêu rồi,1,0,0.0015886189648881555
"trên đường tao đi làm cũng có 2 con , mỗi lần chay tới là nó vương cổ ra như kiểu muốn hút tao trong khi tao không làm gì nó , cứ mỗi lần chạy tới là tao cách ly cả "" nghìn mét "" với nó , thấy nó sợ bỏ mẹ . đúng chất con ngang",1,0,0.0021630176343023777
cầu mong chú có cuộc sống tốt hơn ❤,0,0,0.0049178157933056355
thề lun anh ấy rất kĩ thuật lun á,0,0,0.001489864895120263
moẹ ! nghe cái tên đã hấp con mẹ nó dẫn lắm rồi đây này ! đjln ??????,0,0,0.00116517033893615
được bác ạ !! cứ lấy vợ giàu là được tuốt =))),0,0,0.001400408218614757
hên là chay ra kip,0,0,0.0017775739543139935
per tìm ông bán xoài này ngay cho em 😂😂😂,0,0,0.0013570621376857162
cười ỉa 😂😂 thây nó thét mà tao nghĩ dọn xong nó đi luôn cái cổ họng,0,0,0.0013131609885022044
hay lắm cậu bé,0,0,0.0009524472407065332
có biết bao người có mảnh đời như vậy !,1,0,0.0062233214266598225
per =)))) đáng sợ vãi,1,0,0.001183443353511393
hhaahhaah ! t đã may mắn như thế 😂,0,0,0.0011824420653283596
maii ban thanh nhung nhớ cái này không hic 😭😭😭😭😭,1,0,0.00093175278743729
uề ... lại li hôn không thành công ... 😂😂. t buồn cười câu này quá per,0,0,0.0009584282524883747
per thông minh là đây chớ đâu,0,0,0.0017593204975128174
mai xem lại phim nay . phim rất hay .,0,0,0.0010003657080233097
khi em nói 2 chữ muốn dừng là nước mắt không bao giờ ngưng . . . đau,1,0,0.007185939233750105
đa ́ người yêuc quá ́,0,0,0.0009528928785584867
per anh ơi đừng gym nữa . boxing là đụ rùi :((,1,0,0.0011005759006366134
nhà tao vẫn nấu . à mà lâu lâu tao về nấu một lần thì không cháy cũng nát,1,0,0.001443577348254621
tội cho cô gái ;((,1,0,0.0010999669320881367
có những người đi qua đời bao nhiêu như 1 cơn gió vậy . vô tình nhìn lại . nó lại là quá khứ ...!,1,0,0.0034958841279149055
"rất dũng cảm , đáng yêu quá",0,0,0.0008720002952031791
"per ít bửa đi coi , trailer thấy hấp dẫn quá",0,0,0.0009501232416369021
per kỷ niệm nè !!!,0,0,0.0013517553452402353
cảm ơn mày đã khai phá cho tao thêm một nét văn hoá đẹp :)),0,0,0.0009671790176071227
ít nhất con nhện nó còn yêu mày 🙂🙂🙂,0,0,0.001313013955950737
người ghép có tâm 😁😁,0,0,0.0023212956730276346
tao cute mà các mày,0,0,0.002252202946692705
cưng ghê,0,0,0.0012279547518119216
per chán quá,1,0,0.0009665152756497264
yêu làm mẹ gì rồi phải chia tay người ơi,1,0,0.0021713783498853445
"ôi những con người dễ bị ám ảnh với quá khứ , ôm nhau cái nào",0,0,0.0029100715182721615
định tag anh vào nhưng chợt nhớ ra làm gì có anh nào 😑,1,0,0.002291914774104953
nhớ không em lời hứa ngày xưa mình bên nhau dưới ánh trăng đã nguyện thề :)),0,0,0.001456636586226523
"sau 15 năm cắp sách đi học và 2 , 5 năm không động đến sách thì bây giờ đang tự hỏi đây là gì sao mà giải được . huhu",1,0,0.0018922933377325535
cay đắng và mặn :(,1,0,0.0030102876480668783
đm thực tế như này còn hay . tiếc là đéo ở gần mình =)),1,0,0.0012096576392650604
tuy chưa viết hết nhưng tao người khác sẽ hiểu là viết cái gì,0,0,0.004018643870949745
lúc tối mày cũng nằm mơ nèo nhà mày về . ước gì nó là sự thật 😢,1,0,0.0023556286469101906
per dume đái trong quần,1,0,0.0016181484097614884
mắt 2 mí dễ thương quá,0,0,0.001068997080437839
tuổi thơ tôi toàn gặp những thằng mất dậy và toàn đánh nhau với chúng . tuổi thơ nợ tôi quá nhiều,1,0,0.0032190766651183367
"nhớ lúc trước có thằng bạn học rất giỏi và đẹp trai , lớp phó kỷ luật lạnh lùng và tàn ác không thương sót ai , ghi hết vào sổ . chỉ riêng mình là có thể giật tập nó để chép bài và đánh nó không thương tiếc mà nó vẫn im lặng , không bao giờ bị nó ghi tên vào sổ . kiểm tra quay phao nó giục bỏ và canh cô đưa bài cho chép",0,0,0.0013369075022637844
"muốn hun , muốn ngắt , muốn nhéo , muốn tán vào cái mặt nó ghê , yêu vãi ??????",0,0,0.001197115983814001
mình làm ở sài gòn gặp nhiều bạn ở miền ngoài nhưng thích nghe nhất giọng ở phú yên nghe hay hay sau ah có ai vậy không,0,0,0.001557534676976502
lớn lên sẽ rất đẹp chaiii ??,0,0,0.0012673318851739168
dễ thương ha,0,0,0.0018203165382146835
nhưng đảm bảo coi cái nào là cười sặc cái đó :)) vì nó diễn tệ đến nỗi nó hay,0,0,0.0009096637950278819
xem cả chục lần vẫn thấy hạnh phúc lây với cụ bà 😊 không biết mai sau mình có được vậy không,0,0,0.001277540810406208
cho thơm miếng nào yêu quá cơ,0,0,0.0011712460545822978
để được maiz ngắm nhìn nụ cười đó nên quyết định chỉ crush mà thôi :3,0,0,0.001779337297193706
đối với tình yêu thì thời gian có tác dụng xây đắp chứ không còn là phá huỷ mọi thứ nữa . ngưỡng mộ hai ông bà ❤️❤️❤️,0,0,0.0013992610620334744
kinh dị v,1,0,0.0034461086615920067
hồi nhỏ cứ đi qua chỗ nào mà nhìn từ xa thấy bóng dáng mấy con đuỹ này là chuẩn bị tinh thần chạy chứ nó dí sấp mặt luôn dù mình đéo làm gì nó hết 😂 vừa dí vừa ngoác mỏ hét sợ vãi ra,1,0,0.001916747190989554
"em cũng đi lead này , nhưng đừng gọi em là ninja được không , xin luôn đấy",1,0,0.0021528853103518486
sợ vãi linh hồn,1,0,0.0045248414389789104
giống ml em tao hồi n nhỏ vãi . muốn ngủ với mẹ nhưng bị tao nịnh nọt bắt lên ngủ với tao :)),0,0,0.001254645874723792
ôi vãi mình lên fan cứng rồi cơ 🤗,0,0,0.002109216060489416
bé gái đáng yêuc quá :))). dth nữa,0,0,0.0008502714917995036
hôm nay anh xin lỗi em về những việc anh đã làm hôm nay .. anh không thể kiểm soát não anh được nữa rồi 🤫,1,0,0.012947441078722477
từ nay tôi quết định nuôi dưỡng con chim tôi tới già . và tôi mong được unesco công nhận kỳ quan thứ 8 của thế giới,0,0,0.0038240437861531973
và đó đéo phải là tao =))),1,0,0.002044538501650095
ngọt sớt :))),0,0,0.0013315470423549414
một sinh vật xinh đẹp và hiền lành . tiếc cho nó quá,1,0,0.0009633353911340237
sau khi bố xem video của con xong thì bố rút ra 1 điều . bố không chỉ chửi con lúc con cầm đũa mà bố sẽ chửi con cả ngày thân ái ... yêu con,0,0,0.0018543220357969403
đẹp quá v 😍😍,0,0,0.0008384675020352006
xin đi chơi với bạn ngày tổng kết không cho cứ bắt học miết :)) khá mệt,1,0,0.0011335108429193497
cảm động quá hjxhjx,1,0,0.0010883884970098734
cuối ngày hình ảnh của ông bà là đẹp nhất ... chúc ông bà mãi hạnh phúc sống thật lâu lâu nhé 😘😘😘,0,0,0.0011564482701942325
nhìn đôi bàn tay đã biết phải lao động rồi . chị có lấy trai việt không :)),0,0,0.0013538317289203405
là crush ông nào thì chạy ra bế vào nhà dễ dàng có người yêu :),0,0,0.0014043474802747369
ngáo cỏ này đáng yêu nhỉ,0,0,0.0012980173341929913
ai cũng nói tao đẹp troai . hiền lành nhưng chưa biết lúc tao lên cơn 😂😂😁,0,0,0.012801146134734154
nó mới ghé nhà tao đây :)),0,0,0.0014289292739704251
đái mẹ ra quần,1,0,0.0014430268201977015
tao ngồi tao khóc 1 buổi ☹️,1,0,0.008157163858413696
ra xã hội rồi mới biết mình còn may mắn hơn rất nhiều người vậy nên hãy trân trọng những gì mình có 😊,0,0,0.002297505270689726
cưng thiệt chớ ????,0,0,0.0009592276765033603
ý tưởng hay 😂,0,0,0.0012363024288788438
nó thả thính xong nó chạy mất ..,1,0,0.00143256108276546
đang chán đời cắt tóc xong là chán cái mặt hơn chán đời luôn :((,1,0,0.0009851377690210938
ai thấy pha cuối phê vãi không,0,0,0.0013704070588573813
lo cho thang bé lỡ rớt điện thoại xuống nước thì ....,1,0,0.0018620950868353248
tim vỡ nát,1,0,0.0018341238610446453
per em hiểu sao anh đưa em quyển sổ rồi nha kkk,0,0,0.0018461908912286162
bộ phim truyền cảm hứng hay nhất =),0,0,0.0009955466957762837
"mai tao ăn gà , chụp hình bình luận lại cho mày thèm chơi ??",0,0,0.0013385243946686387
"theo mình thì không nên vì định kiến xã hội quá khắc nghiệt , họ sẽ bị tổn thương và nghĩ quẩn",1,0,0.003371555358171463
"hôm nay ai có vàng bán hết đi , tuần sau mua lại , lời vãi .",0,0,0.00245677400380373
ai hát tao cho tao nge bài này chắc tao say quá,0,0,0.0013812185497954488
thằng đoạn cuối mặc áo hồng đang định gải đít nhưng vì thấy rắn nên anh ấy đã hết ngứa,0,0,0.0020154621452093124
khoảnh khắc mày nhận ra mày còn đéo bằng 1 thằg nhóc còn trong bụng mẹ :((,1,0,0.0011712494306266308
đem người đó ra biển cho biển cuốn đi lun .. hihii,0,0,0.001640266622416675
hên crush nay ăn chơi lành mạnh,0,0,0.0010908277472481132
nhiê ̀ u biê ́ n đô ̣ người kha ́ thu ́ vi ̣ =)),0,0,0.001683961134403944
nhiều lúc em di từ từ chưa kịp đỗ đã có n ra bảo không được đỗ ở đây chán qúa,1,0,0.003400716232135892
phim này là người cha zombie yêu thương con nè . xúc động quá 😢😢,1,0,0.0008870421443134546
nhìn giống mấy đặc vụ của cia . sợ thế :)),1,0,0.0014139559352770448
per vậy cug nghĩ ra được haha,0,0,0.001381709473207593
có lúc ngồi một mình mà cảm thấy lạc lõng lắm các cậu ak,1,0,0.00423091696575284
buồn cười vãi ý,0,0,0.0012621900532394648
"gắng , nhanh khỏi bệnh rồi về bên anh",0,0,0.0032431352883577347
per giải trí =))),0,0,0.0013813534751534462
nụ cười của tôi thiên thần vãi,0,0,0.0017923316918313503
per người yêu công sở nè 😂😂,0,0,0.0011521985288709402
gd năm nay chán,1,0,0.0012473458191379905
chúng ta mất 3s để nói yêu nhau vài 30p để phịch nhau phải không nào,0,0,0.0014188700588420033
phim hay thật nhưng cái kết hơi khó hiểu :v chốt lại là đáng đồng tiền bát gạo :v,0,0,0.0009153294959105551
em không muốn chúng ta già đi chút nào . điều đó đồng nghĩa với việc cta sắp xa nhau 😔# n,1,0,0.0033376559149473906
"khi bạn làm con b sẽ khóc , nhưng khi bạn đã làm cha mẹ bạn sẽ thấy đau lòng .",1,0,0.012625354342162609
ông trời cho mình lũ bạn cờ hó quá ấy mà :),0,0,0.001312333857640624
biết là đau lòng nhưng sao bản thân vẫn muốn biết nó,1,0,0.009718474932014942
có duyên nhưng không có phận ... người ở lại vẫn luôn là người đau nhất !,1,0,0.003645567921921611
nào tao cũng phải thử =)))),0,0,0.0017029098235070705
"đỡ mua 5k tiền sổ rồi , kaka",0,0,0.0017630115617066622
đẹp người đẹp cả giấc mơ 😊,0,0,0.001227244851179421
per tao cứ thấy giống giống mày :))))),0,0,0.001218442223034799
phận làm con trai haizz,1,0,0.001658376888372004
thà chia tay rồi ghét hận nhau còn hơn là đang lúc dang dở thì mất nhau 🙂,1,0,0.0020948469173163176
phim xem hay ... nhẹ nhàng tình cảm ... và cười vkl,0,0,0.0008625802001915872
không thấy không biết lòng không đau,1,0,0.015065671876072884
"úi sời , gần chỗ mình này",0,0,0.0027512896340340376
"từ nay sẽ không cap màn hình ib nưa , thật tội lỗi tội lỗi",1,0,0.0014490203466266394
uất quá anh ấy cũng phản ứng cãi lại . hì hì đáng yêu quá,0,0,0.001025926205329597
hahah tao chưa nghe hoàn chỉnh bài này lần nào,0,0,0.001521556405350566
"những người trẻ với tấm lòng nhân hậu , các bạn thật đáng yêu .",0,0,0.00133730738889426
đến năm cuối đại học rồi lúc nhớ lại đéo có gì :)),1,0,0.0015100984601303935
đm nhậu say gặp cái cầu lol này chắc tao nằm xuống mẹ cho rồi per,1,0,0.0018916684202849865
là nhìn người ta đi cạnh 1 cô gái mà bất lực không thể làm gì ngoài việc ngồi nhìn và mỉm cười,1,0,0.007203998509794474
đoạn phim này tốn khá nhiều nước mắt của người xem,1,0,0.0029106158763170242
đọc bình luận cười ẻ,0,0,0.001021743519231677
t có 2 con bạn thân nó thì cao trọc trời còn tao thì ... . buồn,1,0,0.0013457642635330558
dẫu hiên ngang giữa đất trời gặp con vợ đểu thì đời cũng xong,1,0,0.001904150820337236
"hahaa , đợi em ngủ chút tí ròii buôn :))",0,0,0.0012298772344365716
t định thả sad nhưng đọc bình luận buồn cười vailon 😂 nên thả hahaa :v,0,0,0.0010411657858639956
sao nỡ lòng nào khiển trách bác ấy . còn họp kiểm điểm nữa . tội quá .,1,0,0.001539222546853125
t gặp quả này thì bỏ xe mà chạy ??,1,0,0.0019479322945699096
"phải nói là hài tàu hay thật đấy , luôn li kì và khó đoán kết quả , ý nghĩa thì thâm sau . hihi thích rồi đó",0,0,0.001026713172905147
"đúng rồi , kiên trì thêm một chút nữa đi ! :v",0,0,0.0017431746236979961
ngoài kia ! còn có rất nhiều điều tốt đẹp vẫn còn trên thế giớ này ! hy vọng những điều tốt đẹp luôn diễn ra từng giây phút ..,0,0,0.002984092803671956
đã check rồi lại còn đoán :)) em vui tính giống anh đấy :)),0,0,0.0011703026248142123
per cảm ơn mọi người . do em thích mấy cái văn hoá tưng vùng để tìm hiểu,0,0,0.0009863455779850483
bé tí mà đã có múi rồi :))),0,0,0.001744360662996769
thấy hơi sợ sợ rồi đấy :(,1,0,0.0028246482834219933
nhìn lũ trẻ yêu nhau mà lòng già xao xuyến,1,0,0.0018377832602709532
per hồi ở tam kì hay nghe ... giờ nghe lại buồn ds,1,0,0.0010852267732843757
"crush đi nhậu rồi say , rồi bị thịt ... hic hic",1,0,0.0012781736440956593
lùn lùn làm sao sống qua nổi những chuyến đi phiêu lưu như vậy,1,0,0.001907310914248228
cảm động người thầy đưa học sinh đi làm hồ sơ 🙄,0,0,0.0028666406869888306
hôm nay đi qua vẫn thấy nói chuyện thải chảy thẳng ra sông thì bao giờ mới sạch được ... haiz,1,0,0.0016010841354727745
tao còn không dám ăn nói chi ruồi .,1,0,0.053895410150289536
việc đớn đau nhất . là nhường người mình yêuu nhất cho 1 người khác 😔😔😔. chỉ vì đơn giản không muốn ai phải đau buồn,1,0,0.004734303802251816
cách xử lý thông minh,0,0,0.0020853173919022083
má nó thú dị thôi rồi 😂😂😂,0,0,0.0013928284170106053
thì đúng là sẽ không buồn vì thất tình nữa :((,1,0,0.0012340748216956854
sợ vãi tè ăn độc 2 quả mọc luôn 2 cái nhọt ở mông đíu hỉu,1,0,0.0013838829472661018
"tao thì chưa cắt thì đã đéo có sức hút rồi cắt , bùn vãi",1,0,0.0013398099690675735
xui thôi chứ quyền đang hay mà 😢,1,0,0.0021071077790111303
một năm đầy biến động và thăng trầm của nước pháp ☹️,1,1,0.7304069399833679
per nhờ mất bạn nên mình mới biết 😂😂😂😂,0,0,0.0015227217227220535
chạm đáy nỗi đau 😞,1,0,0.002379080979153514
"nhìn một cái rồi thôi , chuyện của những năm trước",1,0,0.0038598820101469755
không ngờ tin nhắn riêng tư cũng phải kiêng nể nhắn tin để lỡ có bị chụp vẫn thấy chả sao,1,0,0.0027907968033105135
mỗi mùa trung thu đến nhìn người ta mua bánh tặng nhau mình lại thấy chạnh lòng ! 😞,1,0,0.001953482860699296
t chắc bỏ nhà ra đi khi ở với bố mẹ kiểu này quá . vẫn may bố mẹ tao không hề giống này tí nào,0,0,0.002638168865814805
per ơi nhột nhẹ kkkkk,0,0,0.0011900869430974126
t thề với mày là tối thấy cái này chắc đái con mẹ nó ra quần,1,0,0.0023492900654673576
dự là 30 mà 30 sợ già quá chả chó nào nó rước . năm nay đã 26 rồi mà vẫn chả ai thèm yêu 😔😔😔,1,0,0.0012117496225982904
nhớ con gái tao quá :((((,1,0,0.0011961237760260701
per nhìn mặt cưng gê,0,0,0.0012781430268660188
mỗi lần chạy xe ngang kv bình chánh là cảm thấy sợ,1,0,0.0076659913174808025
còn gì đau hơn,1,0,0.06592023372650146
"mới đây thôi mà đa 3 năm rồi , những ngày chia tay buồn đó :((",1,0,0.001270099775865674
các anh chị hãy nói với em đó chỉ là diễn xuất mà thôi . và tình yêu như vậy chỉ có trong tiểu thuyết mà thôi .,0,0,0.0027716616168618202
nhỏ ngầu lớn lên nhìn bê đi =))),0,0,0.0011568459449335933
"chia sẻ cho anh em , haha",0,0,0.001562358345836401
per đứa nào nghĩ ra được cái qcao hay vãi ...,0,0,0.0019530606223270297
trời ơi tao chóng mặt quá đi :((,1,0,0.0011569346534088254
"công ty nào nhận bạn không quan trọng , quan trọng là ai giới thiệu bạn vào công ty 🤣🤣🤣🤣",0,0,0.003214743686839938
tao học nhân sự đây còn đang lo thất nghiệp đây này,1,0,0.005080724135041237
"mình sợ nhất đến bữa ăn mà bố mình vác cái thớt vào mâm cơm , bố mình biết mình sợ vậy nên mọi chiện giải quyết sau khi ăn cơm xong ,",1,0,0.0029843084048479795
tôi đã xem đi xem lại 3 lần và xem lại lần hai mới hiểu hết nội dung và thấy hay hơn khi xem lại lần 3 . ai chưa xem hãy vào xem thử 2 lần !,0,0,0.0019056531600654125
"cả 2 bà đều mất khi mình nhỏ , không hưởng thụ cảm giác này rồi",1,0,0.00913954060524702
per được đi thi chưa babe 😂,0,0,0.0015849521150812507
"cảm ơn cha mẹ đã cho mình hình hài này , xin được khôn ngoan để đừng làm đau người khác",0,0,0.001488382345996797
cười lộn ruột,0,0,0.0013812142424285412
hôm đấy bổn cung về quê báo hiếu cha mẹ .,0,0,0.0023710662499070168
"a nói là anh làm ngay đấy , các chú đừng đùa với anh 😂",0,0,0.002132503082975745
nếu 1 ngày per theo thằng khác và per cũng có bỏ bạn mà đi thôi huhu,1,0,0.003844559658318758
nghe hay,0,0,0.002023165114223957
"khi xưa bị rượt 1 lần mà nhớ đời , còn mổ tao nữa chứ 😨😨😨",1,0,0.0012408765032887459
nó sẽ thì thầm tai mày “ dượng đây “ 🤣🤣,0,0,0.007244394160807133
mất bà cái tuổi thơ -.-,1,0,0.0017175031825900078
"hồi nhỏ đi học phải ngang qua nhà nuôi ngỗng nó dí chạy thấy bà luôn , ngày nào cũng phải cầm cái cây theo . thề luôn tới giờ tao vẫn còn sợ con này khiếp luôn 😭",1,0,0.0018954129191115499
"má , dume cười ỉa :))))",0,0,0.0014397221384570003
"per đây là thằng con trai vừa đẹp còn có não , mong per học hỏi ! xin cảm ơn",0,0,0.0012081445893272758
thông minh vãi,0,0,0.0012727773282676935
nhìn mặt là cười phọt rồi,0,0,0.0033883273135870695
chắc là vì em .. đi lấy chồng 😥,1,0,0.0017767136450856924
nghe lại bài này thấy chột dạ vãi,1,0,0.0012369243195280433
dễ thương kinh khủng . bởi vậy mới nói mấy đứa yêu nhau là lầy nhất,0,0,0.0010581667302176356
khi đã đổ vỡ hàn gắn lại chắc gì đã được như lúc đầu :'<,1,0,0.0016998242354020476
ngày xưa mìh cũng thế . dume thấy mấy ông đứng đầu đường nhòm nhòm cũng phải lượn qua cái :)),0,0,0.0012512911343947053
per ê tao với mày mà đi cái cầu này chắc rớt ngay bước đầu quá 😢😢 đã mặp rồi chân lùn nữa đi qua bằng niềm tin,1,0,0.0012190546840429306
ae phục vụ ngày xưa của mình đâu rồi . sao thấy thương bạn này,1,0,0.0013955668546259403
phim chuẩn chưa này =)))),0,0,0.0011797717306762934
t chỉ muốn khoe là tao vẫn được nghỉ 1 tuần nữa =))))),0,0,0.001346555887721479
hi vọng hòa bình ở triều tiên sẽ không còn xa nữa . goodbye ! # per,1,0,0.0019770804792642593
có móng tay dài cũng khổ,1,0,0.0016491312999278307
sau nay em cung uoc duoc nhu vay ❤,0,0,0.0022812115494161844
có đứa nào vừa xem vừa sờ tai mình không ? sợ vãi :<<<,1,0,0.0014774533919990063
"tự nhiên nhớ đến hồi bé , đi kiểu nào cũng bị ngỗng rượt chạy té sấp mặt luôn , nhiều khi nghĩ sợ nó dí hơn sợ mẹ đánh",1,0,0.003021261189132929
tao lại sợ mày quá cơ :))),1,0,0.0018521460006013513
hay bị giật khô trên đó rồi :(,1,0,0.0015902883606031537
"phim hay , nhưng mà lần đầu xem là cùng nyc nên .. 😐",1,0,0.0011741487542167306
"em cũng như con chó thôi , nếu anh đủ kiên nhẫn thì mọi chuyện đã khác rồi 😪",1,0,0.005696646403521299
làm công nhân đã khổ rồi mà tụi nó còn nỡ lòng nào hại người ta nhắn tin,1,0,0.0020422632806003094
ngày trước nấu cơm . đun rơm . đốt được hơn 10p mới nhớ ra chưa cho nước . hỏng cả nổi cơm huhu,1,0,0.0015396770322695374
lúc ra hà nội ở ngay phố đào tấn mà không biết chổ này 😢,1,0,0.0014527487801387906
má lỡ té xuống 1 cái tao nói lên tắm 8 năm cũng đéo sạch nữa,1,0,0.001702326349914074
tận cùng của nỗi đau 😑😑😑,1,0,0.1570553183555603
chuột mà làm như người vậy .. ít hôm nó gặm cả rắn cả dây thì thấy mẹ ..,1,0,0.0015006728935986757
em này xinh vãi các bác ạ .,0,0,0.001686941017396748
ai bảo con trai yêu không nặng tình ? :'(,1,0,0.00133663194719702
tao thì ngược lại .. cắt xong nhìn như thằng trốn trại vậy,1,0,0.0013908690307289362
tên thì tất nhiên nhớ nhưng ngày sinh của tao thì ông bà bô nhà tao không một ai nhớ cả ^^,1,0,0.002433614805340767
"nhớ trung thu năm ngoái , đứng nhìn các cặp tình nhân ôm hôn , nắm tay nhau ... chạnh lòng lắm !😞",1,0,0.0014485829742625356
thôi mày cố lên . đỡ rồi cũng tốt,0,0,0.002357764169573784
🙄🙄🙄🙄 tao cũng thích kiểu kể chuyện trước khi đi ngủ . cho đến khi tao ngủ luôn . mà đéo có ai hết . buồn đời,1,0,0.001057030283845961
"nhìn 1 cái , cười 1 cái rồi về thôi",0,0,0.0024047375191003084
thật chứ thấy bạn nam kia cứu con chó không cần nhìn mặt cũng biết đẹp trai rồi 😆,0,0,0.0019478561589494348
:))) mình sướng mà mình không biết hưởng nhìn lại những mảnh đời bất hạnh mình nguối mặt thẹn gấp 100 lần,1,0,0.0011629287619143724
oaaaaaaa ...... thực sự rất tạo động lực và niềm tin cho người khác đó < 3 rất thích nụ cười và sự thoải mái tự tin của anh chị < 3,0,0,0.000947589345742017
"per nhà giáo áp lực quá nhỉ , giống làm dâu trăm họ .",1,0,0.0035531066823750734
"thường thì người thuận tay trái sẽ bị bệnh này :v , riêng tao thuận vả 2 tay nên chả sao",0,0,0.0015916390111669898
trò cười . :v,0,0,0.001229680608958006
tội cho mấy thằng đang xoay tiền mua bánh trung thu cho vợ thằng khác ăn,1,0,0.0016012038104236126
tội thằng per vãi,1,0,0.0013319575227797031
nhìn con bé thấy cưng ghê chị ơi,0,0,0.0012499261647462845
tao cũng ước mình có 1 tình yêu như ông bà ❤,0,0,0.001859299256466329
đi chơi lụm được tờ 2k rách mua băng keo 5k dán lại tờ 2k 🤔,0,0,0.0012254640460014343
"các cháu thật tốt , hãy thương yêu mọi người và cả loài vật nhé , may mắn và niềm vui sẽ đến với các cháu .",0,0,0.0014882852556183934
per con nhện cản bước bé xuống cầu thang =))))),1,0,0.0013468042016029358
"chẳng phải chuyện hài nhưng sao tao thấy buồn cười quá , chắc thần kinh có vấn đề",0,0,0.0017515310319140553
đồng cảnh ngộ :(,1,0,0.0013310543727129698
con ước mình cũng có 1 tình yêu đẹp như ông bà vậy < 3,0,0,0.0014011433813720942
per phải nói là hiền quá hiền luônnn 🤣,0,0,0.0009051390225067735
cô ấy hết thương tao rồi,1,0,0.0033036372624337673
phải tự cho mình đau lòng nhất thì mới bỏ được,1,0,0.006101227831095457
"đang học sử buồn ngủ , xem cái này tỉnh rụi liền =))",0,0,0.0011584163876250386
thớt là gu của tôi :))) yêu quá hiuhiu,0,0,0.0009865020401775837
mới có 3 năm thôi mà ... vậy mà chúng ta còn không tụ họp được lần nào cả,1,0,0.0024515094701200724
đấy mới là điều càn đó . huhu,1,0,0.001974713057279587
thanh niên leo lên cao để theo dõi thời tiết để thông báo cho người dân đi cấy thật cảm động,0,0,0.0013981569791212678
quen với quên rồi thì hết đau thôi mà,1,0,0.005359439179301262
"động lực là tình yêu , gia đình là nơi để về hihi",0,0,0.0018563149496912956
nếu chịu khó đặt vào hoàn cảnh của nhau mà sống thì cuộc sống đơn giản hơn rồi đó,1,0,0.02406405657529831
vì bạn chỉ là con trai nắng hoặc em gái mưa thô :(,1,0,0.012457875534892082
"quỷ cái chứ ma đâu mà ma , haha",0,0,0.0020358911715447903
cười ị :v,0,0,0.001219246187247336
"vãi cả phí , có ... 81 tỷ hoy 😓",1,0,0.0020757026504725218
có lẽ vì vậy nên moi thứ trở nên thật khó khăn lúc này :(((,1,0,0.0018893462838605046
ai giúp bé với hix,1,0,0.0016508098924532533
ôi cháu taooo =)))),0,0,0.0011761317728087306
chỉ có được cái chữ đẹp . hihihi ...,0,0,0.002254844643175602
nhớ đến lại buồn . chuyện tình chúng ta chẳng đi được đến đâu cả,1,0,0.0015077587449923158
tao lại thích chua lè chua loét chứ :))),0,0,0.0013911454007029533
dume đêm ròii =))) tao cười vãi tí hàng xóm qua đánh bỏ mẹ,1,0,0.0011603855527937412
gặp tao cũng thế :))),0,0,0.0018413006328046322
năm xưa mày cũng ôm gối đứng cửa phòng c như này này per 🤣🤣🤣,0,0,0.0014149522176012397
"nói chung thánh này không ai ghét được , trừ hlv kkk , dễ thương gắp trăm thằng pogba ,,, mong cho thằng đó nhanh biến khỏi mu",0,0,0.0013148935977369547
per nhớ cái này không bây kk,0,0,0.0019128761487081647
"vợ mình cũng thế , mấy lần đắp mặt nạ dọa chồng :v được cái mình chơi game kinh dị nhiều nên đếch sợ =))",0,0,0.001173194614239037
vèo cái đã 7 năm 😕,1,0,0.0017646997002884746
các mày trốn đi bọn chủ tịch đang đến kìa 😨😨😨,1,0,0.001681303489021957
kích thích vãi,0,0,0.0011727834353223443
tao hiểu rất rõ cảm giác của em ấy ....,1,0,0.0035219036508351564
cay đắng cuộc đời 😞 một chút vị mặn của mồ hôi nước mắt,1,0,0.0032026737462729216
cãi tay đôi luôn hahhaa,0,0,0.0015578402671962976
có hôm tao đang vương nỏ tính bắn vào con họa mi đang đậu trên cành thì ai ngờ nó phản đame đứt thun dội ngược vào mặt từ đó tao không còn chơi nữa,1,0,0.0020021917298436165
"per hồi nhỏ bị con đỉ này dí lòi lol 😂, bị cắn bầm đen muốn thúi thịt luôn cả tháng hơn mới hết . mà đươ ̣ c cái con này nuôi nó giữ nhà cửa hay , có nó không sợ ma quỷ gì hết",1,0,0.0015086334897205234
nốt hôm nay thui . thui không ngĩ đến và bắt đầu từ bỏ 1 thói quen,1,0,0.0018359370296820998
"không biết khuyên thế nào , nhưng chỉ cần bình tĩnh 1 xíu , dù gì thì cũng đừng tự sát , đời người chỉ sống 1 lần thôi ...",1,0,0.009476080536842346
"tôi xin nhắc lại , đây là một câu chuyện buồn",1,0,0.013140235096216202
chưa cho ba mẹ được gì . vậy có quyền gì mà đòi phàn nàn về những thứ ba mẹ đã rành rụng bao nhiêu năm để lại cho mình,1,0,0.005603778176009655
vì tao xấu và chúng nó chỉ thích gái đẹp,1,0,0.007020573131740093
năm nào mà tao chã cô đơn,1,0,0.008491640910506248
"cũng như đàn ông gục ngã trước cô gái nhiều sắc ! đặc biệt là 50 "" sắc "" thái 😂😂",0,0,0.0011050645262002945
tui nhớ anh quá à :(((,1,0,0.0011715105501934886
tập có lỗi với thằng quay phim mà tao xem ba lần tao vẫn cười đứt ruột,0,0,0.001185743953101337
per mới bắt đầu tuần thánh mà chúa ơii,1,0,0.001523590530268848
hiện tại mình chưa người yêu bạn nam nào chưa có người yêu thì lo cua mình đi nhá đến khi mình có người yêu rồi thì đừng hối hận đấy huhu,1,0,0.0019398125587031245
hahaa ngọt vãiii :)),0,0,0.0009419413399882615
vl đánh đòn hic :))))),1,0,0.0010234802030026913
tôi khóc lun ... huhu,1,0,0.004225090611726046
"hồi nhỏ đi ngang nhà hàng xóm con quỷ này dí tao từ ngoài đường vô tới trong nhà tao nó vẫn không tha , ba mẹ tao nghe tao la chạy ra chụp cổ nó quăng ra sân nó mới chịu đi . ám ảnh tuổi thơ 😅😅😅",1,0,0.0011721919290721416
moá hồi hợp chờ main thắng ai dè thua bởi cái mông huhu,1,0,0.0011255741119384766
nói thật gia lai nói riêng tây nguyên nói chung xưa nhờ vàng đen '' hồ tiêu ' và vàng trắng ' cao su ' mà người dân có dư cái ăn cái mặt bây giờ thì thua rồi bỏ đi tứ xứ .. một thời,1,0,0.00176397361792624
per tôi đợi ngày nhận thiệp cưới của ông,0,0,0.0020449424628168344
ngoài mấy cảnh nhảy múa hát hò vớ vẩn ra thì phim hay,0,0,0.0009447303018532693
đm chơi mất dạy vãi . tưởng khúc cuối là gì dume làm giật mình 😒😒😒,1,0,0.0010198481613770127
quá nguy hiểm,1,0,0.0012912922538816929
dume con ế đọc tổn thương sâu con mẹ nó sắc :((,1,0,0.0008962670108303428
hoá nhện tỏ tình đấy :)))),0,0,0.0014357120962813497
đây mới là công an của nhân dân việt nam cảm ơn bạn nhiều điều tốt đẹp hơn nhé vanew,0,0,0.0015686950646340847
per nguy hiểm luôn rình rập xung quanh chúng ta :((,1,0,0.001622288953512907
per coi phim này chắc chết luôn trong rạp 😂,1,0,0.0012342821573838592
per :))) không bù cho nhũng người như cta,1,0,0.0011778022162616253
ghét nhất mấy loại bép xép thế thôi . nhanh gọn lẹ 😂😂😂,0,0,0.0010238834656774998
chúng mày có thể bỏ ra 30s thả tim vào avatar coi như lì xì muộn cho tao được không ? chưa bao giờ được 30 tim buồn v . lol 😭😭😭😭,1,0,0.0011233413824811578
:) đàn ông mà nặng tình vãi lol ra,1,0,0.001191070768982172
sợ ngỗng còn hơn sợ chó :))),1,0,0.001815000199712813
per tao thấy mấy ảnh thật đẹp trai,0,0,0.001069535268470645
per người đừng hành hạ tuôi như thế nào nữa,1,0,0.003091104095801711
còn quá nhiều mảnh đời bất hạnh ☹️,1,0,0.002371722599491477
per mệt quá mấy con ơi,1,0,0.02732584998011589
cười vui vãi,0,0,0.001269704196602106
"ai nói kết có hậu , đầu khấc mất vợ tương lai kia kìa",1,0,0.002243829658254981
từ đầu năm giờ chắc chụp 10 lần rồi huhu sợ quá 😭😭😭,1,0,0.0014636290725320578
"kết mỗi câu ru con ngủ để vợ đắp mặt nạ làm đẹp , 10đ chồng tốt =))))",0,0,0.001073658000677824
bếp ga hj hj 🤣🤣🤣🤣🤣🤣,0,0,0.0010919966734945774
ly hôn cũng phải hoành tráng chứ .. còn phải làm to hơn kết hôn mới được 🤣,0,0,0.0011518965475261211
chuẩn rồi bác . :)))),0,0,0.0012624005321413279
gia đình ổn tình yêu không có thì cần gì động lực ... kaka,0,0,0.0024280042853206396
giờ anh gù lấy đâu ra chỗ ở :'(,1,0,0.0014110356569290161
hồi đó khoái cái này lắm,0,0,0.0013535782927647233
"chưa nói chuyện thân thiết quan tâm , mới xã giao thôi đã lầm tưởng rồi ấy chứ , haizz khổ lắm",1,0,0.22197666764259338
buồn cười 😂😂,0,0,0.0011981958523392677
"muốn em vui vẻ đơn giản lắm , chỉ cần bao ăn bao xem phim tuần 1 lần thôi hỡi các đồng nghiệp ơiii 🤣",0,0,0.0012373768258839846
"còn tao nhé , hơi bị ngon",0,0,0.001954671461135149
muốn bảo vệ và chăm sóc người đấy,0,0,0.0018526786006987095
địt mẹ vừa đi ép lại kính xong giờ tan con mẹ nó cái kính rồi 200k của bà mày đấyyyyy !!!!!,1,0,0.0012005126336589456
đây là video hay và ý nghĩa 😊,0,0,0.000906728208065033
"t thề mỗi lần dọn phòng sn này thì banh kem , pháo kim tuyến . đủ các thứ . khóc mà bụt nó đéo lên",1,0,0.0013458142057061195
dịch vụ tận tâm . đáng yêu quá ! : x,0,0,0.0009257014025934041
khoảnh khắc nhận ra đồng nghiệp mình is the best :)) nguyễn ngọc thái hiền,0,0,0.0010372140677645802
mai đi học mà mình quên cách cầm bút rồi huhu :<,1,0,0.0013474463485181332
thật đúng đắn khi đã follow page này !,0,0,0.0014146793400868773
tình yêu lớn lên sẽ mang người con gái ta yêu thành gia đình . family is all,0,0,0.001729790586978197
đồng nai mùa chim nướng yên xe kaka,0,0,0.0018847030587494373
phần này dù xem lại 100 lần vẫn bật khóc tình cha thật phi thường,1,0,0.0012726634740829468
cũng có nơi gia đình khá giả mới có nó !,0,0,0.0028937358874827623
cứ mỗi lần có phim hay là xách nhau đi 🤣,0,0,0.00139679538551718
tao thề tao rất sợ ma quỷ nên tao rất không dám xem phim,1,0,0.010028897784650326
- mấy bạn đừng có đổ mình nữa nha 😞😞. mình ngại lắm 😞🤣,0,0,0.002282677451148629
sợ vãi =))),1,0,0.0017660779412835836
per nguy hiểm quá mày ơi 😩😩,1,0,0.0011468742741271853
t thì thik cầu này vãi ... kiểu mấy người năng động thì sáng nào đi qua cầu này cũng vui,0,0,0.0011236559366807342
khung cảnh ấy cuộc sống đấy mỗi lần được xem yên bình nhẹ nhàng cực ! yêu bạn ấy,0,0,0.0009354518842883408
"đẹp , dẽ thương mà",0,0,0.0009882362792268395
"bỏ ghê người ta ngồi ngại đều phải mua nước thoii , ý tưởng hay :)))",0,0,0.0014723591739311814
mười mấy năm nữa tao cũng sẽ đạt kỉ lục thôi 😂😂😂,0,0,0.0015148412203416228
thanh xuân là để bỏ lỡ 😔,1,0,0.0021197302266955376
mấy chị làm chung rất ư là dễ thương luôn,0,0,0.0010681734420359135
"trượt rồi , còn đâu mà rủ 😞",1,0,0.0015792472986504436
tự nhiên thấy cảm động hic,0,0,0.002451568841934204
ngầu vãi lìn luôn á :))),0,0,0.0012641968205571175
cay đắng vãi 😌,1,0,0.0016157752834260464
giờ tao mới nhớ tao đã từng :)),0,0,0.0016056394670158625
nhìn cái ngành giáo dục việt nam bây giờ ai cũng mệt mỏi,1,0,0.013718273490667343
:( cầu chúa ơn nhiều ban bình an cho những người kém may mắn như vậy,1,0,0.0014615190448239446
moá . vẫn nhớ hồi nhỏ bị ngỗng đuổi . đù má tao mới là đứa bé ngây thơ hồn nhiên thôi mà dume tao sợ tao ám ảnh đến bao giờ huhu 😭😭😭,1,0,0.00142351642716676
vk em nó bảo bếp gas các bác ạ 🤣🤣🤣🤣,0,0,0.0010613005142658949
xem tới đây dume ứa nước mắt 😞,1,0,0.0012024398893117905
an ủi cũng ghen à :(,1,0,0.00239853304810822
không may thụt chân xuống thì sẽ như thế nào nhỉ chắc là thốn đến tận rốn,1,0,0.003524729749187827
"per một thời mình ở bên nhau 😘😘😘😘, nhớ ghê",0,0,0.001022485550493002
thề chứ .. phim nay xem đi xem lại không thấy chán ... vẫn như mớinxem vậy,0,0,0.0011370682623237371
họ đáp vì phép lịch sự còn mình vì yêu mà chủ động vì quan tâm mà hỏi đủ điều ..🙁,1,0,0.0019763591699302197
hạnh phúc to nè,0,0,0.001196194556541741
"thôi xong , biết thế tém tém lại .",1,0,0.002105971099808812
"ba cái đồ yêu , 1 ngày 2 lần nấu đây , ngon bá cháy bọ chét nhé , thơm mùi khói nữa …",0,0,0.0010868889512494206
thân là người yêu mình mong cậu có thể giống được như đôi mặc áo nâu ❤️,0,0,0.0018788054585456848
"ngàn cân treo sợi tóc nhỉ , csong mong manh quá",1,0,0.0014617952983826399
"năm nào cũng đi cho có không khí xuân vậy , không đi thì thấy thiếu thiếu . nhà tao cách chợ 10km",0,0,0.00203687883913517
":))) ở đoạn đó hồi năm nhất tao "" được "" họ lấy 100k , vì sáng sớm đem duy nhất 100k trong túi , thế là nộp luôn :))))",1,0,0.001381581649184227
dã man quá ..,1,0,0.000988345593214035
"èo , ngọt quá đi",0,0,0.0009171986021101475
per hay xàm xàm mà zui hè,0,0,0.0009746351279318333
giờ tao mới hiểu được hết những gì mà trước đây đọc bình luận tao đéo ’ hiểu 😂😂😂,0,0,0.006430904846638441
không nổi thì mình chìm haha,0,0,0.0027557320427149534
thật ra cách quét hạt xốp rất dễ mà có thể các bạn chưa biết . đó là . tẩm xăng những chỗ có xốp và đốt 😂,0,0,0.0030661120545119047
đỡ mua cuốn sổ 5 ngàn =)),0,0,0.0014807583065703511
chính xác ! nơi làm việc anh em mà đoàn kết với nhau cỡ nào cũng thấy mau hết giờ làm . 😊😊😊,0,0,0.0011865552514791489
chuẩn luôn khi ở công tình yêu toàn là các anh chị em đồng nghiệp tốt he he,0,0,0.0010818905429914594
"cười đấy , sau lưng nó đâm con mẹ nó dao vô hình cho chết mà vẫn sống nhăn răng luôn .",1,0,0.001909782411530614
nín đi . sang ngủ với mẹ đi đêm nay anh chông chị cho =))),0,0,0.0011756327003240585
"1 chút đắng , chút chua cay , với 1 chút ngọt ngào ở đâu đó 😞",1,0,0.029011612758040428
hàng nông sản việt nam là thứ bị cạnh tranh và phá hoại nhìu nhất 😣,1,0,0.0015989261446520686
kẻ ô điểm lời phê :((,1,0,0.0012586149387061596
"hòi nhỏ nhà ngoại bị rượt muốn chết , sợ tới giờ 😭😭",1,0,0.002000817097723484
người ta chỉ muốn dụ mày rồi xin một trái thận . 😪,1,0,0.002234007464721799
nó cưng quá mày,0,0,0.0023058445658534765
đứng tim luôn,1,0,0.0016381876775994897
cười xĩu,0,0,0.0010250878985971212
tao thề từ giờ đến cuối năm mà tao không lấy được vợ thì tao quyết định sag năm lấy 😊,0,0,0.002268147422000766
nhìn bà cười thấy hạnh phúc quá ❤️❤️,0,0,0.0008886851719580591
"per làm ở đâu không quan trọng , quan trọng là vẫn buôn chuyện đều 😂😂😂",0,0,0.0020361703354865313
năm nay được nhận hoa và được ngồi nhìn người ta hạnh phúc,1,0,0.002509846817702055
tao muốn mèo nhà tao cũng tìm về được như này 😭,1,0,0.0020819443743675947
đã đẹp trai còn khôn 🙂,0,0,0.0014428294962272048
hi vọng câu chuyện admin vừa bịa ra giúp các bạn có thêm niềm tin trong cuộc sống 😂.,0,0,0.002072335220873356
lớp chúng mình rất rất vui anh em ta chan hòa tình thân =))),0,0,0.0013816113350912929
đấy thấy chưa con người ta khổ như thế,1,0,0.0020444022957235575
tầm tuổi này . họ không còn những áp lực cuộc sống nữa . mà chỉ còn thứ tình cảm gắn bó với họ từ những ngày khó khăn nhất . ngưỡng mộ và ước được chút phúc đức của ông bà,0,0,0.004338141065090895
tạm biệt ông cám ơn tất cả những gì ông đã làm cho vn,0,0,0.001184691209346056
per huhu trời ơiii,1,0,0.0013602854451164603
lấy ghế ra ngồi thật tuyệt,0,0,0.0011047966545447707
per không lấy được vợ thì có thể đi tâp gym đêt lấy chồng 😁😁,0,0,0.0012583518400788307
ám ảnh đến bây giờ 24 tuổi vẫn sợ ngỗng :))),1,0,0.001539494376629591
cưng v trờiiiiii .,0,0,0.0015903800958767533
nguy hiểm lắm,1,0,0.005036228336393833
chỉ tại tôi không nói nên không còn cơ hội,1,1,0.9949224591255188
anh đã mơ về một ngôi nhà và những đứa trẻ 🤦🏻‍♂️,0,0,0.0014304113574326038
em ấy còn cười được chứng tỏ em rất mạnh mẽ,0,0,0.0018622087081894279
tao cũng phải về mở cho mẹ tao coi 😂😂,0,0,0.001340312766842544
móng này mày ra uống chữa yếu sinh lý với ung thư ... khá tuyệt !,0,0,0.0013100230135023594
chuẩn lun,0,0,0.0013890648260712624
chỉ khổ thân bọn trẻ thôi đau sót lắm,1,0,0.002972234971821308
per ngóng cuộc đấu tranh công nghệ này . tq đồng lòng ghê nhỉ,1,0,0.0009959699818864465
"hành động đẹp chứ sao , đằng nào cũng tiệt kiệm hơn :)) 0",0,0,0.0011438162764534354
tao đa khóc khi xem phim này 😭😭😭😭😭,1,0,0.001004482852295041
per tao đã làm cho mày đau lòng nhiều lắm ư 🤔,1,0,0.011360139586031437
có ai luyện mới được như mình không dạ,0,0,0.008047286421060562
cực phẩm luôn kìa,0,0,0.0015948709333315492
t ngắm người yêu tao cười mà càng ngắm tao càng yêu lúc giận cơ nhìn muốn cắn cho mấy phát tao bị cuồng người yêu rồi cái,0,0,0.00118744233623147
"thề , coi rồi mà xem lại vẫn buồn",1,0,0.0016029152320697904
thằng nhỏ mạnh vãi,0,0,0.0014940204564481974
tao sợ thật sự :(((,1,0,0.0012990747345611453
lại tạo điều kiện cho mấy chị fa vào thả thính . :)),0,0,0.0013119189534336329
per haha sao tôi nghĩ tới em liền luôn á,0,0,0.0013303725281730294
vn là vậy . bn công chăm sóc của tao đổ sông đổ biển .,1,0,0.001419390202499926
thật cảm động,0,0,0.0016368967480957508
có chuyện gì thê bố . bố đừng làm con sợ :((,1,0,0.0013083105441182852
per =))) nó kể chuyện buồn mà cười vãi cười =))),0,0,0.0010350635275244713
m nói chuyện cũng cute ngoan ngoãn cơ chứ tao toàn okay anh =))),0,0,0.0012805021833628416
"bồ tao cũng đang đi cái này , từ nhà nó lên đây cỡ 2 tiếng mấy và dume nó bảo tao ngủ đi vì nó đi đến sáng :)))))",0,0,0.0013833045959472656
nhìn vậy nhớ ông ngoại quá 😞,1,0,0.0011976953828707337
xem lâu rồi giờ xem lại vẫn buồn cười,0,0,0.0014402488013729453
t không phàn nàn . t sẽ cố gắng giúp bố mẹ có được nhiều hơn 💪💪💪,0,0,0.002899192040786147
không biết crush có thích uống nước mắm không để còn tặng nàng chai nam ngư 900ml :)),0,0,0.0012039492139592767
đáng yêu quá,0,0,0.000946322048548609
chính những người như thế họ rất cẩn trọng khi bật xi nhan đấy,1,0,0.003081495640799403
lấy chồng như 1 canh bạc . ko hoa . ko lời chúc không gì hết . pải chăng số ta chỉ được vậy . cô đơn quen rồi,1,0,0.002271415200084448
mai người ta đi học mai tao đi du lịch ố la la =))))))))))))),0,0,0.0010647689923644066
bài học rút ra là học cách buông bỏ những thứ không thuộc về mình,0,0,0.009405887685716152
có đồng nghiệp đáng yêuc thì sếp có khó tánh mình vẫn cảm thấy vui rất nhiều . nhớ những ngày tháng đéo thèm tăng ca đi ăn bất chấp,0,0,0.0012953928671777248
"anw , vote cho anh vũ",0,0,0.0010753871174529195
tự nhiên muốn có con 😐 dume,0,0,0.0015228769043460488
nhìn con mắt thấy đau đớn . tội em quá ????,1,0,0.0011682143667712808
chỉ cần sống thật với cảm xúc .. với chính con người bạn là hạnh phúc nhất,0,0,0.0028033785056322813
xem nà ra chiêu nà gẫy cây nà sấp mặt luôn nà 😂😆,0,0,0.0012279384536668658
tội cho chàng trai ấy,1,0,0.0012724415864795446
mỗi lần về quê mà sắp sửa đi qua chuồng ngỗng tao phải cầm cây chổi lông gà mới đi được đấy dume . quơ quơ vòng vòng cho mấy đĩ ngỗng né xa ra rồi chạy thụt lol luôn :=]]]],1,0,0.0012001628056168556
azz :3 mặt cưng xĩu,0,0,0.0010668676113709807
"chờ mãi mà không thấy , cứ thấy trống vắng vãi :((",1,0,0.0015250637661665678
cưng vãi ấy,0,0,0.0016562876990064979
"nhớ lại ngày đó , làm pg bán giấy , cười suốt ngày , khách chửi cũng cười , mà nhớ thời đó ghê , mới 1 , 2 năm chứ mấy",0,0,0.0018608591053634882
tôi làm trades . lương tôi không có .. chỉ có thu nhập thôi có tính là cao nhất việt nam không ??? tháng tôi kiếm từ 3000 - 5000,0,0,0.0021827612072229385
tao ở thanh hà và nhà tao không quả vải nào hết 😂,1,0,0.0024585817009210587
ước gì có ai để tao tag vào .,1,0,0.004547487013041973
mong ông bà nhiều sức khoẻ . đáng yêu thực sự 😍😍😍,0,0,0.001041113748215139
phim này rất hay .,0,0,0.000950292160268873
ôi trời nguy hiểm thế,1,0,0.0028105529490858316
"haha dần dần phải kiềm chế , khắc phục sẽ không đáng sợ không bằng vũ lực hành động mà nói đâu chết đó :)) kaka",0,0,0.0021637773606926203
sao mình gặp toàn thằng mất dạy hay bắt nạt mình nhỉ ? tuổi thơ bất hạnh :),1,0,0.0015910184010863304
ước gì ba còn sống để làm điều đó với má . nhớ ba ❤️,1,0,0.0014700028114020824
tiền cắt tóc như kia đủ mua giày rồi :v,1,0,0.0013391426764428616
"per đang định đi chụp , thấy cái này sợ quá đéo đi nữa",1,0,0.0017830498982220888
bt mà tao vẫn lạng lách ở đây suốt,0,0,0.002465791068971157
nhiệt tình + ngu dốt là phải trả giá bằng tiền mặt 😂😂,0,0,0.001441295607946813
"má gần nhà có nuôi 1 cặp ngày nào đi ngang nó nhìn thấy nó quay đầu bỏ chạy , con gì mà dữ thấy mẹ hà",1,0,0.0059867966920137405
bạn trai tao đéo biết giận dai nên không phải dỗ,0,0,0.002009330317378044
hú hồn,1,0,0.0015470057260245085
bò ra mà cười :)),0,0,0.0014959508553147316
"ai cho mình xin tên phim với , mình không xem được 😢",1,0,0.0016267651226371527
per đi tong một năm học ... nhưng vẫn tốt nghiệp ... :(,1,0,0.001214053831063211
ngoài ra còn một số cái buồn nữa . không giải quyết kịp thời thì ??,1,0,0.002204268705099821
cay đắng đến cùng cực và hạnh phúc đến tột đỉnh . chỉ là mình có quyền lựa chọn nó hay không thôi,1,0,0.17620772123336792
ở đâu cho tao làm vớiiiiii,0,0,0.0036221174523234367
như con đười ươi :)))))),0,0,0.001398909487761557
coi mà cái tay nó rung trái tim nó đập sợ cái thằng đó té sấp mặt luôn thì không bình thường họa mi còn hót được không :)))),1,0,0.00107339839451015
"ngày em đến anh mất ngủ suốt mấy đêm vì vui sướng , ngày em nói dừng lại nước mắt anh rơi trên đường chạy về nhà",1,0,0.001682044006884098
per nhớ ghê á nha 😂,0,0,0.001190246781334281
cái tháng học sấp mặt luôn,1,0,0.002399250864982605
trên đời sợ nhất mấy con trùn trùn như ri ! nhất là giun đất với rắn !!! đã từng bỏ tiết học sinh học mổ giun đất 😞😞,1,0,0.0011830481234937906
hồi xưa còn bị vén tà áo dài nằm lên bàn rồi đánh . chứ quỳ thế này có là gì đâu . giờ mới thấy cảm ơn thầy cô vì hồi đó đã như vậy .,0,0,0.001808556611649692
dume nghe kể mà đau cổ họng vãi :),1,0,0.0011336759198457003
"công nhận lãng mạn thật , nhưng tao đang tưởng tượng cái cảnh động phòng , eo ơi ......",1,0,0.000995615147985518
"per bất hạnh vãi , mà tao với mày đéo tạo được niềm vui :v",1,0,0.0013046310050413013
nghĩ mà buồn vãi =)),1,0,0.0011313370196148753
không biết có ai ở trong ngôi nhà không,1,0,0.02116651087999344
dcm . ngày bé tao sợ nhện vãi . xem phim thấy yêu tinh nhện,1,0,0.0011576749384403229
quá nguy hiểm .,1,0,0.0016447940142825246
tuổi trẻ tài cao mà :)))))))),0,0,0.0010224340949207544
"t chẳng muốn phải nói "" suýt nữa thì .."" một lần nào nữa trong đời của nhau nữa đâu ... vì vậy sẽ trân trọng khi người tới .",1,0,0.005231122020632029
nam nhân nhà người ta kbh làm tôi thất vọng,0,0,0.0022015259601175785
per mày này . nhưng mà lúc già sắp chết 😕,1,0,0.001490411232225597
cụ bà đẹp lão quá cậu,0,0,0.0009643561206758022
per không bao giờ quên được hihi,0,0,0.0015794113278388977
per đúng rồi mình đây =)),0,0,0.0013403285993263125
năm nay tao không còn cảm thấy cô đơn và mỏi chân nữa ... vì tao được ngồi mát và ăn ké socola of bọn có người yêu 😁😂...# mun 😘,0,0,0.0010914276354014874
đm quả gật đầu quả quyết vãi 😂,0,0,0.0014226557686924934
"chuẩn rồi . nhiều khi mệt muốn xỉu , xong đồng nghiệp đùa nhau đôi ba câu hay kể cho nhau vài câu chuyện thế là lại vui trở lại 😂😂😂 đồng nghiệp quan trọng thật sự",0,0,0.00105690595228225
tụi nhỏ dễ thương quá,0,0,0.0012358403764665127
con bé bị quơ trúng nhìn đẹp như búp bê ấy < 3,0,0,0.0011620158329606056
thương em :(,1,0,0.0012854065280407667
nó bỏ mình đi rồi mỗi lần nghĩ tới nó ôi sao mà xót tim gan hơn mất người yêu,1,0,0.0018480827566236258
tao bắt đầu sợ nó ròi đấy :)) ám ảnh vãi,1,0,0.001266211038455367
nó vẫn luôn hiện hữu xung quanh chúng ta . hãy dùng tình yêu thương đó và cho đi ❤,0,0,0.003040828974917531
thấy tội em thỏ bị ăn đòn tới tấp,1,0,0.0024824575521051884
có đủ mọi gia vị :< em thấy vị đắng của sự chua sót quá nhiều :),1,0,0.001979648135602474
"năm nào cả sinh nhật âm hay dương mẹ cũng gọi điện cho mình , bà ngoại trên 80 , bác ruột mình đều nhớ hết 😂😂😂",0,0,0.0015802463749423623
"chán thật , dạo này hồi xuân hay sao đọc mấy cái kiểu này ấm lòng vãi :(",1,0,0.000994102912954986
tks admin ... tôi muốn tìm phim này lâu rồi mà không nhớ tên phim ... tks admin nhiều,0,0,0.001161677180789411
crush tao mất rồi .,1,0,0.0035535371862351894
per xem xong hình như tao mới bị thêm bệnh tiểu đường,1,0,0.0015472854720428586
câu chyện cổ tích thật ý nghĩa 😂😂,0,0,0.00114151940215379
"ôi trời ơi , buồn cười quá đi mất 😂😂😂😂😂😂",0,0,0.0008811017614789307
vui quá ta ơi ......,0,0,0.0011765217641368508
"bởi vì anh đã gặp em đúng lúc , đúng lúc đó em đã có người thương ...",1,0,0.0028102868236601353
"tàn nhẫn thế nào , là khi mình trao họ hết hy vọng rồi họ lại dập tắt đi nó",1,0,0.003340270835906267
cỡ nào anh cũng có thể chịu đựng được vì anh yêu em,0,0,0.003923309966921806
"thôi em sợ lắm , tha em bác",1,0,0.003710491117089987
"sướng nhờ , bên trung chúng nó yêu nhau toàn sống chung . 😂😂😂 toàn richkid :>",0,0,0.001117347739636898
ngưỡng mộ mấy cậu vẽ đẹp quá,0,0,0.0009584465296939015
cảm ơn bạn đã yêu đất nước việt nam tôi,0,0,0.0012827605241909623
mình sống ảo quen rồi nên đắp mặt nạ cũng đắp bằng app luôn :)))),0,0,0.0011895473580807447
cuteeeeeee 😊😊😊😊😊,0,0,0.000992401852272451
nhưng nó cười với đứa khác không phải mày .... 💔,1,0,0.0027522980235517025
per c . bị tinh thần đi xem đi 👻,0,0,0.0011806137626990676
vậy mình xin chúc đk n năm tới không còn cô đơn nữa nha kkkkklk,0,0,0.0020207250490784645
ấn tượng vãi :v bàn tay vàng trong làng vẩy khế :v,0,0,0.0013235417427495122
"học xong cấp 3 , ngoài mừng vì được thoát khỏi đó thì không hề có lưu luyến 1 chút nào :))))))",0,0,0.0014402172528207302
tao đang đi phân khối lớn đây . ai cũng kêu nhìn cá tính vãi 😁,0,0,0.0018296820344403386
"mới đây mẹ tao giúp tao làm lại giấy khai sinh . mẹ có hỏi "" mày sinh ngày mấy để mẹ làm ""😑",1,0,0.0022284043952822685
"công nhận , thời xưa bệnh mà cũng vui vãi . :)))",0,0,0.0012237804476171732
chỉ mong ông trời sẽ bù đắp cho con cháu của họ sau này 😔😔,1,0,0.0017784186638891697
không biết phải mình lúa không . chứ mỗi lần đi du lịch trước khi trả phòng là mình phải dọn sạch sẽ . cứ nghĩ nhận phòng sao thì trả phòng vậy . bị anh chồng la hoài là vậy,1,0,0.003077529603615403
và tôi đã mất đi 1 người như thế .,1,0,0.04455064237117767
nguyễn thị hồng phấn cũng may tao không thấy cặp nao hêtd,1,0,0.0011534304358065128
per hãy cứ vững tâm tập điều độ rồi sẽ có thôi,0,0,0.0037919115275144577
úi giời khiếp quá !!!!,1,0,0.0010152371833100915
sao tao thấy đa phần mấy đứa con trai cắt tóc xong nhìn ngáo đéo chịu được vậy =))).. cười tét cả hàm chứ đùa,0,0,0.0011785064125433564
t mà bị như này thì chắc tao chết luôn c ạ 😂😂 per,1,0,0.0015968683874234557
per thể loại tao thích nè nhưng mày đi coi với tao nha không tao khóc thét rạp,1,0,0.0012623823713511229
giờ cắt bộ móng đi cái tay vẫn cứ bị phế khó mà phục hồi được,1,0,0.002232320373877883
:(( tội bé,1,0,0.0013102843658998609
thật là một câu chuyện buồn 😌,1,0,0.0015060111181810498
xỉu lên xỉu xuống :(,1,0,0.0019828802905976772
vãi linh hồn .,1,0,0.002997614908963442
các cháu giờ lợi hại quá :<,0,0,0.0011861061211675406
nỗi đau ấy ai thấy giúp tôi,1,1,0.9932054281234741
per sau này con bư lớn cũng vậy đó mẹ hahaa,0,0,0.0026914735790342093
per hồi nhỏ chuyên gia đi ngang nhà hàng xóm là bị nguyên bầy ngỗng nó dí nó rượt chạy khóc la um xùm .. giờ còn ám ảnh 😭,1,0,0.0016414648853242397
boss dễ thương vãi lúa,0,0,0.0014107043389230967
cảm thấy mình thất bại :((,1,0,0.006068133749067783
bộ phim đầu tiên làm tao khóc thành tiếng,1,0,0.0015733609907329082
bá đạo vậy chơi sao lại 🤣,1,0,0.0013297229306772351
per huhu em không biết phải đi xem phim với ai nữa 😭,1,0,0.001712661818601191
gần 1h đêm là con trai mà xem xong nói chuyện mắt vẫn rỡi 😔😔,1,0,0.001580292941071093
mấy đứa chân ngắn qua sao,1,0,0.0017084407154470682
hahahaha,0,0,0.0011798976920545101
đúng vậy dù có mệt mà đồng nghiệp nhiệt tình vui vẻ là cùng muốn đi hoài,0,0,0.0030127358622848988
tiếc là chưa thấy cậu cười ngoài đời bao giờ,1,0,0.0031429301016032696
per tao không gửi cho mọi người . tao chỉ đăng lên facebook cho thiên hạ biết thôi :))),0,0,0.0013663319405168295
đúng là yêu tới đầu bạc răng long .,0,0,0.001769235823303461
vậy là hên rồi,0,0,0.0013430434046313167
per bị phạt 10tr à c 🤣🤣,0,0,0.0012912817765027285
mình còn chưa kịp đến :((,1,0,0.001649125013500452
mình không quan tâm giá trị học bổng bao nhiêu . mà tớ q . tâm em đó sẽ dành những gì cho đất nước sau khi học xong thôi . hee . chúc mừng em .,0,0,0.0014225946506485343
per trailer không có tiếng thôi mà đã thấy ghê rồi đó !,1,0,0.0016581685049459338
"per chồng xem đi , hài lắm",0,0,0.0009250419097952545
"cả thế giới biết toau crush mày , còn mày thì íu nhận ra 😐",1,0,0.002006343798711896
dễ thở hơn so với đề văn sáng nay 😂😂😂,0,0,0.0014314415166154504
mèo người ta đi lạc về nó còn nhớ chủ chủ còn được đụng nó còn mèo nhà tao đi tán trai có mấy tháng về nhà thấy chủ như thấy ma 😌😌,1,0,0.0016159390797838569
"ôi vãi , mày thật bất hạnh vì có lũ bạn như thế",1,0,0.0020919363014400005
:))) đồng nghiệp đáng yêu,0,0,0.0012039428111165762
gần nhà tao lại chẳng còn sót lại anh nào huhu,1,0,0.0022379327565431595
cảm ơn các anh tình nguyện viên .,0,0,0.0013761590234935284
hồi xưa tao bị tiêu chảy kèm ho đã sợ vãi . giờ ho không thôi cũng sợ nhỉ . ??,1,0,0.00190895632840693
hoá ra chúng ta không biết nhiều về tình yêu như ta vẫn nghĩ 😢,1,0,0.003267682623118162
nghe bài này đau lòng quá mà,1,0,0.0009650959400460124
đáng yêu mà sợ gì,0,0,0.0016482477076351643
còn tệ hơn năm ngoái,1,0,0.004946147557348013
gần thôi :))) giờ nhìn lại đề thi và không hiểu sao mình ra trường được :))),0,0,0.0013135011540725827
có một sự tổn thương không hề nhẹ ở đây,1,1,0.8403939008712769
"học chán phèo , chả có gì đáng nhớ",1,0,0.0013998541980981827
tao thấy dễ thương màaaa,0,0,0.0016447955276817083
"mình theo dõi mấy nick quân nhân , tập trận , pccc ... hay vãi luôn á .",0,0,0.00136176950763911
sau khi có vợ anh per đã có đồ giả gái xinh và tinh tế hơn 😆,0,0,0.0016065486706793308
giận ngược lại rồi giận luôn chứ có huề đéo đâu :(((,1,0,0.0013618770753964782
ấm lòng vãi huhu,0,0,0.0014803607482463121
per cười đau bụng luôn 🤣🤣,0,0,0.001055787317454815
"mình thấy sợ mấy con rắn quá trời , mà cái gì mình sợ là mình hay muốn tiêu diệt -))",1,0,0.0015225318493321538
đợi chúng nó đang ăn lấy xe cứu hỏa phun nước ôi tao hình dung ra cảnh đó thật tuyệt,0,0,0.0011577103286981583
ba mẹ tao chửi tao tao chỉ biết câm họng và bưng tô cơm ra chỗ khác vừa ngồi ăn vừa khóc một mình cho dù biết răng mình k có lỗi 😭😭 !?,1,1,0.992863118648529
dạ đây là chị gái em nha không phải chồng đâu ạ người trong hình là em huhu ?,1,0,0.0019418871961534023
đoạn cuối yêu mún chết,0,0,0.001242667087353766
"tao buồn quá , tao đang khóc !!!",1,0,0.005125956144183874
per đây là chúng mềnh 🤪🤪,0,0,0.0011806524125859141
per đóng vai chính đúng xuất sắc lun,0,0,0.000831704935990274
ngày xưa mừn cũng hay thế lắm .,0,0,0.0010683850850909948
má hồi xưa về ngoại chơi đi đường bị nguyên đàn yêu nghiệt này dí chạy té đái giờ vẫn sợ bọn nó 😨😨😨,1,0,0.0013172464678063989
😑 sao cái kết gì mà buồn vậy,1,0,0.001073513994924724
tuổi trẻ tài cao là đây,0,0,0.0020617397967725992
đùa ... cảnh sát việt nam tài thật . vụ gì cũng bắt trong 48 giờ,0,0,0.0013820910826325417
"ôi đời vẫn là chịu không nỗi đời mà , chán",1,0,0.002727981423959136
sợ con này lắm :((,1,0,0.0013969390420243144
rồi lại im thôi . 200k hay 5tr thì cũng vậy,1,0,0.002133183181285858
nghe mãi mà vẫn thấy hay,0,0,0.001354506704956293
"gập đúng người mà mình muốn thương , muốn yêu , muốn chăm sóc . nhưng thật tiếc khi trong tay vẫn chưa có gì",1,0,0.001842859317548573
tới lúc chia tay rồi khóc :(,1,0,0.0016667799791321158
"có lần tao thổi cơm không đổ nước lúc khét mở vung ra mới biết , làm đánh đít xong cả tiếng trời không hết",1,0,0.0019374294206500053
bố mẹ cho ta đx tồn tại trên cuộc đời này biết nhận thức thì tự đi lên từ đôi tay của mình nhé 😘,0,0,0.004883380141109228
per nhớ bột mì chiên huhuhu,1,0,0.0013710715575143695
chắc hẳn trước kia em bị đối xử tồi tệ lắm nên mới vậy :(,1,0,0.07432776689529419
chuẩn luôn :)),0,0,0.0012843264266848564
"giờ bà già lắm rồi , nhổ sợ hết tóc , nghĩ tao lại thấy buồn quá 😞😞",1,0,0.0013829607050865889
như kiểu người yêu luôn ấy =))) nhẹ nhàng,0,0,0.0011323516955599189
chạy xe hơn 40 ' chỉ để chạy ngang chỗ crush làm nhìn 1 cái rồi về :) đến giờ vẫn vậy cứ rảnh là chạy vô nhìn cái rồi về :),0,0,0.0013946274993941188
đừng ai lấy cả hộp kẹp của anh ý nhé :(((,1,0,0.001371393445879221
cuối cùng là hai mình ăn được ngủ được :))) đứa nào cũng lên vài kí,0,0,0.001186913694255054
haha mắc cười quá ... nhưng thật chúng mày là tao rất sợ rắn ...,1,0,0.0015177710447460413
yêu nghề chuẩn mẹ rồi,0,0,0.001048535224981606
"tao khuyên mày , bật lên mr . siro lên mà nghe , đời sẽ vui vẻ hơn =))",0,0,0.00110707338899374
per chị ơi còn học được cả tiếng anh nữa luôn này :v hịn quá,0,0,0.0009633261361159384
"mới xem 1 đoạn xíu này mà cũng khóc hết hơi , nhìn em bé mất bố mà quay ra nhìn lại con mình đỏ hỏn nằm bên cạnh , thấy thương quá 😭",1,0,0.0013473076978698373
xem đi xem lại mà khóc sướt mướt 😭😭😭,1,0,0.001080006011761725
t nhớ tao đang xem xxx thì chưa cắm tai nghe 😭😭😭,1,0,0.0013179891975596547
< 3 chuyện lạ có thật :))),0,0,0.001586006605066359
ông thần nhây vãi đái 😂😂,0,0,0.0013467682292684913
nói chung là ai nào buông tay thì người chết vẫn là mấy đứa con gái như tao 😭,1,0,0.002004366833716631
mày định lướt qua rồi nhưng khi đọc bình luận của các bạn và xem kĩ lại thì mày đã rớt nước mắt 😭😭😭.... người cha thật vĩ đại,1,0,0.0010998265352100134
câu chuyện vui ha =]],0,0,0.0011287148809060454
tao cũng muốn học vẽ lắm :( cơ mà không có điều kiện để đi học,1,0,0.0018601019401103258
21 năm chưa crush ai thì có gọi là ế thâm niêm không hả các bác,1,0,0.0014460785314440727
em đừng đi tập gym em nhé . bth em đã mê trai lắm rồi . em mà đi tập nữa chị không biết em như thế nào luôn 😢 per,1,0,0.0014666749630123377
giòi béo lắm :)),0,0,0.0015118480660021305
lũ kiến ở nhà mày thích vậy .,0,0,0.0020755224395543337
thích bài này lắm lun . thuộc lun,0,0,0.0008648302755318582
dù chỉ là 1 cây bông nhưng nó là tất cả tình yêu của ông dành cho bà ❤❤❤,0,0,0.0017039217054843903
"per đấu nhau to rồi , phen này hay",0,0,0.0010490268468856812
chạy ios cho máu 😂,0,0,0.0012358633102849126
nấu mì 2 tôm là vô địch,0,0,0.0018403358990326524
nghe thấm câu vàng trắng nhưng thực tế là trắng tay thôi nghe mà buồn,1,0,0.001489353715442121
ngồi suy nghĩ 1 hồi xem trái hay phải rồi mới nói được . khổ vãi mà !,1,0,0.04118506982922554
nghe kể mà thèm ạ :'(,1,0,0.0009126119548454881
cầu trời phật cho đại gia đình con sức khỏe !,0,0,0.002281098859384656
xem lại quá nhiều lần đến nỗi không nhớ nổi . vì phim quá hay và ý nghĩa .,0,0,0.0010564704425632954
t tin crush của tao không bị thịt vì tao đéo crush ai cả =)),0,0,0.0014328735414892435
hôm qua xem cười lộn ruột,0,0,0.0015420165145769715
và ông đã có nỗi buồn mới thay vì buồn thất tình,1,0,0.004272583872079849
giá mà có ai để giận :v,1,0,0.0017372163711115718
ngộ nghĩnh nhỉ ! lạ lờ nhỉ !,0,0,0.0013458423782140017
lúc thì cuốc đất è cổ ra không có giun mà câu cá 😒,1,0,0.0013090496649965644
"còn giữ 2 cái đĩa cổ này luôn á , ghê hông",0,0,0.001535856630653143
có 1 đứa hợp tác vậy là cũg quý hoá quá rồi,0,0,0.0009355410002171993
tao đã đóng dấu cấm đứa nào rớ vào =)))),0,0,0.0017063113627955317
nguy hiểm vãi chưởng luôn ý,1,0,0.0022518301848322153
em tìm link phim mà sao nó ra phim khác chứ không phải phim này zay mọi người 😞,1,0,0.001184195396490395
24 tuổi thấy đời đắng và khá mặn,1,0,0.002313200617209077
per coi phim này chắc chết luôn trong rạp,1,0,0.0011166518088430166
bán hàng online hồi năm cấp 3 :))) tháng hè ấy đi quanh hạnh phúc để giao hàng với bố . được lãi 4 tr :)))),0,0,0.0012398037360981107
cười sái mẹ quai hàm,0,0,0.0024696856271475554
"cần gì xa hoa đâu , thế này là hạnh phúc , thấy thương và ngưỡng mộ ông bà quá",0,0,0.0015183072537183762
bài nhạc hay khi nó đúng tâm trạng ... nhạc hay !!!!!,0,0,0.0008953596116043627
thế là dấu ấn lịch sử và hình tượng thằng gù nhà thờ đức bà của nước pháp đã thành tàn tro :(,1,0,0.002023368841037154
"cậu ấy tán tôi , tôi từ chối . thế là từ đó chúng tôi đéo làm bạn được nữa !!!",1,0,0.005203833803534508
"bánh tráng trộn năm đó ở roai ờ ti , ruột đau như cắt nói chuyện mắt đầm đìa đền thg dưa gang cốc dưa hấu kem chi per",1,0,0.0018320733215659857
như chết đi sống lại 🙂,1,0,0.011418566107749939
ai chưa xem thì nên xem 1 lần đi . đảm bảo không phí 3h đồng hồ của các bạn 😃,0,0,0.0013297108234837651
đáng yêu vậy =))),0,0,0.001269340282306075
độc mà lần nào đi viện cũng bắt chụp 😭😭,1,0,0.00124386977404356
từ bé đến giờ mình chưa bao giờ xếp được 1 cái rubic nào thế mà cu nhóc kia xếp xong trong vài giây ! xấu hổ quá,1,0,0.001275224843993783
nếu ai cũng có ý thức tốt đẹp thì đất nước này còn gì để nói . đâu có ai hoàn toàn hoàn hảo đâu bạn . dù là moi tần lớp,0,0,0.0018472441006451845
mày xinh thế ? tao ốm tí đã xấu hoắc,1,0,0.0019954987801611423
một cái tết nhiều tiền,0,0,0.0023054301273077726
per cách này coi bộ hay nha 😂,0,0,0.0011425937991589308
đừng có thấy 6 múi mà ham nha nha 😂😂,0,0,0.0014664485352113843
cái ông aamir khan đóng phim nao cũng hay và ý nghia het,0,0,0.0009211847209371626
ở đâu cũng có người tốt nè anh kkkk,0,0,0.00267393933609128
lại mưa 😞,1,0,0.0023752995766699314
xong là phê lắm mày,0,0,0.0016860170289874077
bên aeon hay thật đấy =))))),0,0,0.0012220884673297405
không có bạn trai ... thì giận ai 😑😑,1,0,0.0019751498475670815
chia buồn cùng khổ chủ,1,0,0.002706611528992653
"quan trọng là lòng tin , bạn bè mình một số người mình đã mất lòng tin thì đừng bao giờ nói chuyện tiền nong . khâm phục anh",0,0,0.0025620085652917624
thật khó để có cả 2 khi chúng ta còn trẻ :),1,0,0.0022534162271767855
phim ấn thì của lão amir khan là hay vol,0,0,0.0009285896667279303
ừ mỗi lần thế lần buồn kinh lắm mày ạ,1,1,0.8399190902709961
cảm ơn . anh .,0,0,0.001868755673058331
per kết truyện chất ghê :)))))),0,0,0.0009325516293756664
chúng mày đã bao giờ bị hất cả cốc nước vào mặt vì mặt không bao giờ tươi cười niềm nở chưa ?,1,0,0.005752195604145527
t đã soi gương suốt ngày chỉ để gặp crush và ngắm nụ cười tỏa nắng của nó,0,0,0.0029341173358261585
chẳng đủ dịu dàng để níu bước chân anh,1,0,0.03311493620276451
rủ được crush đi thì không cần qua đây nữa rồi admin ưiiii :(((,1,0,0.0010597693035379052
per nghe lại buồn vãi,1,0,0.0013831602409482002
"bọn nó nhỏ mà đã có người yêu , còn tao thì ế :((",1,0,0.0011952592758461833
"người đàn ông ốm đau nói với vợ mình :” ở lại với anh ” rồi cầm tay bà . đó là tình yêu , vỏn vẹn 20 năm ngắn ngủi . tình yêu bố dành cho mẹ",0,0,0.0017060644458979368
tao ám ảnh việc lau sàn,1,0,0.0036458277609199286
ra chỗ khác sóng không tới viết đi cậu :((( nhìn buồn vãi,1,0,0.0010976598132401705
nhói lòng lớp tôi,1,0,0.0021118614822626114
nhìn ma tiếc từng hạt trân châu,1,0,0.0032556510996073484
năm nay vào quán net ngồi cho đỡ phải nhìn .....☺️,1,0,0.0012269001454114914
per sợ ghê bây .,1,0,0.0016935105668380857
tao coi xong tao khóc .,1,0,0.0018293948378413916
tao nhiều tài lắm .. nhưng tài sản còn cái mạng què và đôi tay trắng 😭😭,1,0,0.0011292784474790096
"per 😥 cảm thấy tội lỗi quá , từ nay không chụp nữa thiệt luôn",1,0,0.0011513535864651203
đã biết là thế nhưng không còn cách nào khác :(,1,0,0.3094833493232727
chưa bao giờ bắn trúng 😬,1,0,0.002476593479514122
đăng khoa lê lò dầu của mẹ nè anh 😘😘😘,0,0,0.0010396804427728057
per phim này thấy trailer hấp dẫn ghê 😁,0,0,0.0009837750112637877
bó tay luôn á,1,0,0.0015809235628694296
"hai đứa chia tay , tao nhảy vào .",0,0,0.0022155705373734236
thương nhau còn chả hết dỗi nhau làm chi 😂,0,0,0.0021254830062389374
"ôi thôi , cưng quá :v",0,0,0.001166368369013071
đó là một câu chuyện buồn,1,0,0.011073548346757889
"động lực là lo được cho gdinh , tự chủ bản thân",0,0,0.005803915672004223
"buồn cho những ai thờ ơ , vô cảm trước một sự việc như thế .",1,0,0.010163957253098488
cuối cùng tao cũng được xem hết mấy cái video mà trước đọc comt đéo hiểu gì 🤣🤣,0,0,0.0012844366719946265
đọc tin nhắn đầu thấy cay cay ngay mũi,1,0,0.0018382944399490952
chỉ dân đen là khổ thôi . chả trách được họ khi cố gắng đi tìm may mắn ở nơi chùa chiền,1,0,0.002209753030911088
tinh trùng của người ngoài hành tinh thật đáng sợ 👏🏻👏🏻👏🏻,1,0,0.0011784251546487212
haha :))) nãy giờ mấy tiếng rồi mà các bác vẫn còn căng :))),0,0,0.0012915628030896187
chút mua ... hehe,0,0,0.0015856798272579908
ra sông mò đồng xu cùng ông anh hàng xóm được khoản kếch xù :))),0,0,0.0015110732056200504
cái chứng minh hình kia dễ vãi . cứ vẽ hình lên bài xong người chấm điểm người ta thấy là biết chứ sao :)),0,0,0.0012807181337848306
thế này lại thành xây nhà cho nhà hàng xóm rồi 😰,1,0,0.002138797426596284
tôi từng trách bố mẹ sao sinh tôi ra trong hoàn cảnh này,1,0,0.004385958891361952
em xin lỗi anh,1,0,0.0018380002584308386
"đến cả khi nó nói thích mình , 1 phút sau nó lại nói chỉ trêu . mệt mỏi",1,0,0.12522980570793152
mày nói thôi mà tao nghĩ cũng thấy buồn rồi :(((,1,0,0.0012448161141946912
tao ghét và tao sợ nó,1,0,0.014845889993011951
buồn hơn thế là đối với 1 đứa con gái năm lần bảy lượt chủ động ib họ nhưng vẫn bị xem thường ... xem mà đéo rep ... hết thương là vậy ... 😞😞😞,1,0,0.00104060850571841
đúng là nói thì dễ hành động không bao giờ làm được ))),1,0,0.0016384402988478541
add cứ khoe đi . mai lại chặt hết như nguyễn trãi mà 😂😂😂,0,0,0.0011629670625552535
cả một bầu trời đáng yêu :))))),0,0,0.0012786118313670158
đến câu nào có đáp số quen thì khoanh :)),0,0,0.0015580939361825585
hoan hô . công nhân đâu phải trẻ mầm non,0,0,0.0016304851742461324
hỏi sao bác sĩ hay bị người nhà bệnh nhân chém :)),0,0,0.0015736110508441925
per nguy hiểm vãi,1,0,0.001317247748374939
nhìn thôi cũng đau lòng :)),1,0,0.0014529949985444546
tao bị quỳ cột cờ mới ác . cả trường biết mặt luôn . nhục vãi,1,0,0.0012954744743183255
per sau hôm sinh nhật là có cái này . ngon vãi,0,0,0.0011480575194582343
per đúng chất em lun hâha,0,0,0.0010956497862935066
thích mấy đứa này,0,0,0.001918976427987218
viết tên anh trên cát cho sóng đập nát cái matlon anh :)),0,0,0.001470975810661912
"má .., ruồi bay qua táp chết tươi :)))",0,0,0.0012821839191019535
"tao có một nỗi sợ khác cũng khá giống con yêu tinh này đó là con yêu nghiệt ngan đực :3 con này thành tinh hung ác vãi_chưởng , đi ra vườn đéo làm gì nó , nó cũng rượt mình . đậu ! đó là tao kể ngày bé thôi =) chứ lớn lên tao biết vơ cây củi theo để đi ra vườn rồi =))",1,0,0.0012265543919056654
"ai mang đồ ăn cho anh ấy đi , kẻo đói tội nghiệp",1,0,0.0017228320939466357
vì mình chỉ là giờ giải lao trong một hiệp chơi chính của họ,1,0,0.0029356470331549644
sắp có thực đơn món mới 😍,0,0,0.001788764144293964
tình yêu cha mẹ dành cho con cái là vô điều kiện . mình đã khóc,1,0,0.0019903487991541624
cơ mà tao bị thần kinh thật,1,0,0.002944657113403082
hay cực,0,0,0.001001939526759088
má tao coi mà cứ sợ nó bay ra 😌😌,1,0,0.0015032851370051503
hãy cười thật tươi để cho cuộc sống của bạn trở nên thật tuyệt vời 😁,0,0,0.00230631441809237
hơi bị nhanh trí :)),0,0,0.00149933947250247
thô nhưg thật :)),0,0,0.0016245030565187335
nhớ lúc trước tao cũng có học quyền và múa tứ linh đao bay thẳng vào trán . :),1,0,0.0015104201156646013
còn chả có ai nói chuyện thân thiết quan tâm đến tôi :<,1,1,0.9929872155189514
tao cũng có 1 con đi lạc 1 tuần xong nó về bắt cho tao 2 con chuột làm tao mất ngủ xong hôm sau nó đi tiếp 😞 tao mong nó về lắm 😞,1,0,0.0020405594259500504
"hôm nào đi học về cũng phải đi qa , nhà nuôi lũ này ở đỉnh dốc , đi học về tới chân dốc thôi là nghe lũ quỷ đó đứng đầu dốc đón đường bọn tao rồi . méo đạp xe lên dốc nổi , dắt xe lên dốc mà muốn vứt mẹ cái xe đạp để chạy lấy thân cho rồi :((",1,0,0.0010942104272544384
dễ thương quá,0,0,0.0011138305999338627
dm ông cầm cam cho cẩn thận vào tôi cũng muốn ngã mẹ nó rồi này,1,0,0.0021448254119604826
con nào cũng là con nhé . con trai tao tập từ nhỏ đã biết tự lo và phụ mẹ rồi :)),0,0,0.0016830891836434603
người ta thật thà phết,0,0,0.0011894998606294394
bị từ chối rồi,1,0,0.007089513819664717
ngày xưa cũng vui lắm mà giờ mỗi đứa 1 nơi rồi,1,0,0.0035614091902971268
nghe tình vãi =)))),0,0,0.0016029556281864643
"3s để tôi nói tôi yêu em và cả quãng đời còn lại để tôi chứng minh lời tôi nói :"" tôi yêu em """,0,0,0.004282529465854168
mình bình luận chủ yếu muốn khoe mình là fan cứng thôi :)) các bạn không cần để ý,0,0,0.0012051808880642056
"gặp một nhà nuôi 1 con chó với 2 con ngỗng , trời ơi chưa kịp vào nhà , con chó còn chưa sủa mà con ngỗng đã đuổi chạy vắt chân lên cổ rồi :'( nhục",1,0,0.0013830119278281927
câu chuyện của mày làm tao buồn quá,1,0,0.0017899181693792343
"per này , thích thì xem cho đã con mắt đi 🙁 đáng sợ quá mà",1,0,0.000999721116386354
mau khoẻ nhé :d,0,0,0.001680154469795525
công nhận chữ đẹp . 🤧,0,0,0.001003855257295072
nhìn mày thế kia đến tao còn thích ngủ cùng huống gì em mày,0,0,0.00222295755520463
"thiện tai , thế giới này khi nào mới được yên bình",1,1,0.9618087410926819
làm tao liên tưởng đển phượng hoàng cổ trấn :))),0,0,0.0012210720451548696
tiền nhiều để làm gì ? để rồi lại chia ly,1,0,0.0030080729629844427
điềm báo gì đây,1,0,0.011616398580372334
per huhu mất đi đồng nghiệp 😭,1,0,0.00117961666546762
chẳng những hư xe mà còn bị phạt nặng nữa,1,0,0.0022903045173734426
nhất là lúc 16h chuẩn bị đến giờ đá bóng . chất rơm đầy bếp cho nó mau chín 🥰🥰 yêu quá thời đó,0,0,0.0012017883127555251
bắt ve cho nó điiii . trông khổ quá,1,0,0.0011092911008745432
khi nào mình già rồi cũng như v nha per kkkkkkkkkk,0,0,0.00512396264821291
những người có tài như này công nhận giỏi,0,0,0.0010676627280190587
😞 đó sẽ là những kỉ niệm thật đẹp,1,0,0.0016377526335418224
tao bị biến dạng luôn một tay,1,0,0.005696946755051613
chời má . ngọt chết tao rồi :)))))),0,0,0.001137140323407948
chạy ngay đi 😱😱😱 sợ quá .,1,0,0.0014320060145109892
"nhìn cảnh 2 bố con hôn từ biệt , em bé cũng rướn mặt theo hôn bố mà chảy nước mắt , em bé như thế chắc không biết diễn , đúng là cảnh đẹp quá",1,0,0.0012431431096047163
rất tiếc em vẫn chưa gặp được anh :((((,1,0,0.001273862668313086
"e ấy đang khóc , nhưng vì hàm răng không thể thụt vào nên mọi người nghĩ là em đang cười :))))",0,0,0.001636206521652639
per thì tốt nhỉ quá đỉnh luôn ... nhưng không biết được trọng dụng không nữa buồn quá,1,0,0.0009127251105383039
"cấp 3 , đáng tiếc nhất trong thời học sinh ^^",1,0,0.001226646127179265
đm nhìn ngầu vãi,0,0,0.0012609800323843956
em đang ở đâu mà mấy năm rồi chưa thấy xuất hiện :),1,0,0.0017752452986314893
phải chi có người để giận mình nhỉ :(((,1,0,0.0013729268684983253
dễ thương vậy,0,0,0.0020840910729020834
vào sg 50k / không cũng mua . 100k / không cũng mua ! ha ha,0,0,0.001468186965212226
"tao cũng là người cuối cùng ra khỏi căn phòng ấy , ngắm nghía lần cuối rồi rời đi , khép lại 3 năm đẹp nhất của đời người . tao không khóc nhưng trong lòng rối bời , muốn ôm hết all vào mình .",1,0,0.062279488891363144
14 / 2 năm sau tau sẽ là ông già cô đơn ....,1,0,0.0021865477319806814
"ra đi là lựa chọn đúng , ở lại incheon để gánh team làm gì cho mệt ra lại bị tiếng xấu .",0,0,0.0031042813789099455
"ôi dume giật nảy mình , tí thì rơi điện thoại",1,0,0.0013259169645607471
hiện tại cảm thấy hạnh phúc khi môi trường làm việc toàn người lầy ....,0,0,0.0013175650965422392
k cần biết nội dung ... nhìn mặt con bé thoy muốn cưới về cho con trai mình ngay rồi 😂😂,0,0,0.0016356814885511994
vụ này chắc xử nhanh hơn vụ trong thang máy .... 😂😂😂,0,0,0.001128189149312675
"đặt mình vào vị trí của nhau , biết lo lắng suy nghĩ san sẻ cho nhau vậy là đủ rồi . có quá khó không ?",1,0,0.007598912343382835
per mã mẹ biết hôm qua quay video sớm hơn ự,1,0,0.001370836514979601
"cả phim trừ anh dv chính ra thì thấy anh này là đáng yêu nhất , dù nhìn hơi hâm hâm tý",0,0,0.001152241718955338
may mà không mua laptop này không thì ăn lìn lâu rồi :(,0,0,0.0015893876552581787
câu chuyện của em làm anh cảm động quá …,1,0,0.0024254911113530397
ý tưởng hay,0,0,0.0014324220828711987
"xem mà đau lòng , đau lòng nhưng vẫn xem :((((",1,0,0.0009385710582137108
con dựt gái đây sao hahaha,0,0,0.0014128214679658413
thế hóa ra nguy cơ trầm cảm của tao cao lắm,1,1,0.9969461560249329
có ai thừa biết nó sẽ nhảy vào điện thoại nhưng cuối cùng là vẫn giật mình không 🤣,0,0,0.0026940014213323593
per nghe chưa nhân viên mới ... kk,0,0,0.001220624428242445
đáng yêu vãi =))))),0,0,0.001227737171575427
nó bể 1 phát lúng tới cổ dume tởn tới già,1,0,0.0014493603957816958
cảm ơn những người thả 😡 nên mình biết là đéo hay nên mình đéo xem . may vãi,0,0,0.0010606368305161595
đồng nghiệp nhắng nhít nhất hệ mặt trời =))),0,0,0.0011460717068985105
giống thằng này vãi :))),0,0,0.0015845319721847773
lò xo chắc giờ không còn nữa rồi,1,0,0.002139345044270158
đơn giản là thấy họ cười 😂😂,0,0,0.0013297215336933732
hú hồn lon vẫn còn,1,0,0.0024198086466640234
"diễn còn cứng quá à , kiểu biết rồi mà còn giả bộ bất ngờ :))",0,0,0.0011254948331043124
công nhận nó phê như vậy thật 😂,0,0,0.00103686039801687
per đã hiểu sao hè năm ngoái có quả lịch học vãi chưa =)),0,0,0.0014697785954922438
chúng ta nói với nhau nhiều quá nên bao giờ không còn gì để nói với nhau 🙂,1,0,0.002319690538570285
hôm ấy tao chân ướt chân ráo từ quận 6 lên quận 3 cũng rẽ trái đoạn ntmk và cmt8 . mất 3 lít :( khôn hẳn ra,1,0,0.0015980569878593087
rồi mấy đứa chân ngắn đi chắc dập người hết . bay qua sao nổi =)))),1,0,0.0012452660594135523
vui tính tí cũng khó cơ,1,0,0.001815446768887341
"dân vũng tàu có khác , toàn người nhân cách cao",0,0,0.0017806412652134895
"dăm ba cái thể hiện tình cảm này ngày xưa tao đầy , nhưng từ ngày cưới xong đi qua đường chắc chồng tao rơi mất não nên chưa thấy lặp lại bao giờ . 😌",1,0,0.0016577746719121933
chưa kịp đặt chân đến chiêm ngưỡng nó ...,1,0,0.009009093977510929
per thế đéo nào mình chơi với toàn gái mà tính vẫn giống con trai . _ .,1,0,0.0018561540637165308
đã sợ rồi .. cố gắng hí mắt để xa ra để coi như thế nào .. khúc cuối hết hồn dục luôn cái điện thoại :))),1,0,0.0012410454219207168
per xem đi haha,0,0,0.0012050316436216235
chỉ mong có người đến cuối đời vẫn yêu mình như ngày đầu tiên ❤,0,0,0.0020468058064579964
per viêm màn túi cấp nghiêm trọng,1,0,0.0012680812506005168
chiều mưa hứa tự sẽ tự đi mua đôi giầy mới 😂,0,0,0.001989505486562848
vâng em gặp anh rồi mà giờ đây em vẫn cô đơn đi lang thang tìm những thứ vô nghĩa lấp vào nỗi cô đơn ấy,1,0,0.0064298240467906
mình cũng một thời gắn bó với nó,0,0,0.014330253005027771
nhện thông minh quá per,0,0,0.001284323981963098
mình thiì chưa năm nào được trọn vẹn,1,0,0.0024465483147650957
số hưởng rồi tránh sao nổi :d,0,0,0.0014559418195858598
ước mơ nhỏ nhoi của tao là được làm chị mà không thể nào làm được huhu,1,0,0.0031204624101519585
cô ấy không yêu tôi,1,0,0.005682053510099649
tạm biệt ông 😢,1,0,0.00220276927575469
nguy hiểm thật ... suýt nữa tao ảo tưởng con mẹ nó luôn rồi ..,1,0,0.0023717519361525774
"nhà tao bên cạnh phòng tập gym , lúc trước bán dụng cụ thể thao ế vãi ra , nợ nần chồng chất ! từ ngày chuyển sang làm đại lý dầu ăn , gia đình tao phất lên trông thấy !😂😂",0,0,0.0014055381761863828
per hồi đó mua điểm đại học nè 😂😂😂,0,0,0.00109477445948869
nó lại hợp lí vãi,0,0,0.0016133777098730206
"per hihi học ở đâu không quan trọng , quan trọng là bọn mình luôn có nhau hihi",0,0,0.0020850503351539373
"may công an đến bắt chứ không thì dân chỗ đó cho vào nồi cả rồi , đã có người cắt cử nhau đi mua giềng mẻ rồi đó chứ 😆",0,0,0.0022417062427848577
"eo ôi thằng nhóc áo xanh cuối cùng , sao này lớn lên chắc là sói ca haha",0,0,0.0015862920554354787
"thôi bảo em gái xuống ngủ với mẹ đi , còn em percó sợ ma không ? thì ngủ với anh . hehe",0,0,0.0016582647804170847
càng thân thiết khi quay lưng càng đau lòng .,1,0,0.02165546454489231
per nhìn đẹp thiệt mày,0,0,0.001001949654892087
😭😭😭 sinh lão bệnh tử hẹn gặp kiếp sau,1,0,0.0018279351061210036
nghiệp hơi nặng nha !. làm hết hồn,1,0,0.0010274002561345696
đúng là khổ trước sướng sau thế mới giàu =))),0,0,0.0016332960221916437
nt thêm cái dạ vâng thấy quý vãi,0,0,0.0014688168885186315
"200 năm xây dựng , tồn tại 800 năm , thật là tiếc cho nước pháp .",1,0,0.002995948074385524
hú hồn chim én :)),1,0,0.0012182374484837055
đừng bỏ tao ra đi mà,1,0,0.004632597789168358
"gặp tao , tao ré cái hoảng mất :(( đáng sợ qué",1,0,0.001916400738991797
tự nhiên mình xem và mỉm cười theo .,0,0,0.004494919907301664
cái máy này có thật thì bọn chính trị gia sẽ ăn cứt hết 😂😂,0,0,0.0018146798247471452
per hãy cảm ơn tao đi hâhah,0,0,0.0010864349314942956
chú nghĩ cháu rất giỏi văn và là người có suy nghĩ trưởng thành rồi 💐 rất đáng yêu và tếu giống mấy con giặc nhà chú ❤️,0,0,0.0009183554211631417
cần lắm nhiều vụ ly hôn như thế 😂😀😀😁🤣🤣,0,0,0.00134020927362144
cái đoạn nướng cháy pizza để phốt công nhận là chuyên nghiệp thật :),0,0,0.0010348018258810043
và mày chợt nhận ra người yêu củ của mày có người yêu mới huhu,1,0,0.0018242927035316825
"con bé xinh nhờ , khốn nạn là cái thằng edit video ý :)))",0,0,0.0010522061493247747
đây chính là lý do tao giảm cân toàn thất bại,1,0,0.012129480019211769
chưa bao giờ còn yêu nhiều hơn thế 😍😍 bởi cha mẹ cho tôi tất cả,0,0,0.006237262859940529
"giờ nghĩ lại mới thấy vui thế , đến nay bạn bè lập gia đình cả rồi :(((",1,0,0.0011009827721863985
per đồng nghiệp tốt giúp ta dễ vào nhà thương điên kkkk,0,0,0.0010682843858376145
thằng nào chưa bước vào quán bar hay karaoke giống tao không 😂 trai ngoan điểm danh 😄,0,0,0.0018234731396660209
per đưa anh nè không cần năn nỉ . chỉ cần em cởi hết đồ ra thôi . đúng không,0,0,0.001694988808594644
tuyệt vời . aeon mall có khác,0,0,0.0011170720681548119
trải qua một cuộc bể dâu . những điều trông thấy mà đau đớn lòng,1,0,0.008590593002736568
hè về chỉ thích ăn cái này .,0,0,0.0023562416899949312
tư ̀ hô ̀ i ba ̣ n â ́ y chuyê ̉ n trươ ̀ người thi ̀ chă ̉ người co ̀ n ai đô ́ i xư ̉ tô ́ tao vơ ́ i tao như vâ ̣ y nư ̃ anh . :(,1,0,0.0021098849829286337
"mặt đúng kiểu , em hiểu cảm giác phê của anh không kkk",0,0,0.03764226287603378
thỉnh thoảng lại xem lại phim này quá hay và ý nghĩa,0,0,0.0008807400008663535
tận cùng của tan vỡ ah có biết là gì không ?,1,1,0.9111676216125488
không muốn huhu,1,0,0.005352513864636421
đầu năm chúc đại kỷ nguyên vạn sự như ý nhé,0,0,0.0016167693538591266
loài này bé như ngón tay phàm ăn lắm sợ luôn,1,0,0.0025976558681577444
rút kinh nghiệm năm ngoái 😂😂😂😂😂👍👍👍,0,0,0.0010313881793990731
trông tội vãi,1,0,0.0016783967148512602
yêu dã man kkk,0,0,0.0013377743307501078
nước mình chả í thức gì cả xả rác bừa bãi để trôi rác đầy đường thể này thật buồn,1,0,0.0018674213206395507
nghiệt ngã hơn là phi hành gia đéo tuyển mấy đứa lùn :((,1,0,0.0010248989565297961
kiểu gì chả chết ? đá to như kia thoát sao nổi ?,1,0,0.0023624778259545565
per 2 ly trà sữa bạn làm rơi mà chưa thấy bồi thường lại mình 😞,1,0,0.0014942482812330127
cái này thì ai chả đau lòng trời,1,0,0.0026937928050756454
mày làm tao buồn đó per ??,1,0,0.0015385951846837997
tao không sợ đi làm mệt mỏi tao chỉ sợ không có niềm vui với nó,1,0,0.0027462062425911427
tao đã khóc khi xem phim nay,1,0,0.0017917124787345529
mong manh dể vở 😂😂,1,0,0.001224036794155836
"chúng ta hầu như ai cũng dùng đôi mắt bao dung để nhìn một người xa lạ , mà đối với người thân bên cạnh lại chỉ nhìn thấy khuyết điểm mà thôi ..",1,0,0.006658215541392565
ewww mình chẳng giữ được gì huhu,1,0,0.0019142786040902138
nhìn nó cưng quá,0,0,0.001732244505546987
mẹ thằng này nói tiếng việt tốt thật lại còn nói được cả giọng phú yên nữa chứ,0,0,0.001178922364488244
tiếc quá ! nguyên nhân,1,0,0.0012781200930476189
con mèo đág yêuc quá 🤣,0,0,0.0009832408977672458
khổ thân em ý .,1,0,0.0017951269401237369
cưng quá mà,0,0,0.0010865099029615521
per sao tội vạy em,1,0,0.0010147284483537078
"per :))) tuy anh hay bắt nạt , giấu đồ và ăn bòn đồ ăn của em nhưng nếu thiếu anh thì công việc sẽ trở nên căng thẳng phết đó 😭",1,0,0.0013697351096197963
má như người yêu ??,0,0,0.0013843536144122481
chỉ để nhìn cái thôi :)),0,0,0.0017609592759981751
có người đến gần cuối đời rồi vẫn còn khổ ! :(,1,0,0.0019820763263851404
ôi gu mình !! mà phim lâu quá rùi giờ mà đóng lại bản khác thì không biết sao haaa,0,0,0.0012750917812809348
kinh khủng,1,0,0.003515523625537753
c trai như thế nào tuyệt chủng rồi :),1,0,0.0017117162933573127
tao cũng đang là con ghẻ của tạo hoá,1,0,0.003706154180690646
lấy ống hút mỗi đứa cắm xuống mà hút thôi :)),0,0,0.001305009820498526
sau khi đọc bài của mày tao cười nhiều quá và gãy mẹ hàm cái à,0,0,0.0010709603084251285
mệt vãi .. mà cừời cũng vãi ??????,0,0,0.001280296128243208
đã từng nên tao hiểu cảm giác ấy . vừa tiếc ly trà sữa vừa phải lết xác đi giặt cái balo,1,0,0.0047157322987914085
tạm biệt ánh sáng của đời tao,1,0,0.0038373947609215975
đau bụng vãi hix,1,0,0.0016390051459893584
"ai cũng chỉ muốn cho con tất cả nhưng vì được không có mà thôi , có con thì mới biết lòng cha mẹ",1,0,0.005263952538371086
"nhớ quá , độ chục năm không đi soi ve rồi :((((",1,0,0.0012279441580176353
"k có con gì ác bằng con người , các con bé như thế mà nó không tha",1,0,0.0018493500538170338
đáng tiếc đời không như là mơ . thực tế sẽ vả vào mặt cho mày tỉnh ra :(,1,0,0.001978380372747779
nhờ cái bếp như này . mà hồi nhỏ tao suýt đốt cả nhà và bị chửi đó :((,1,0,0.0011720206821337342
còn tao thì còn không có nổi 1 người tỏ ra thân thiết quan tâm cơ . _ .,1,0,0.011009848676621914
và hơn hết là tụi nó không còn coi mình là con gái nữa,1,0,0.005005148239433765
nhà có người già vui thật nhỉ 🤣👍,0,0,0.0010952100856229663
hiếu nghĩa . nhìn cái này nhớ mắc cười má đào chúc quá 😀😀😀,0,0,0.0008824823307804763
cách người ta phản ứng cũng văn minh ghê ❤️,0,0,0.0010556193301454186
rồi lỡ ai có bầu mà đi qua không biết nhảy kiểu gì nữa 😂😂,0,0,0.0017029867740347981
"cứ thấy nó là đi đường vòng , dù đường hơi xa vẫn đỡ hơn bị nó dí =)))",1,0,0.0017277513397857547
cũng muốn kết hôn lắm mà đến giờ vẫn chưa có người yêu 😭,1,0,0.00203264900483191
2 đg thẳng mãi mãi song song không bao giờ cắt nhau hix hix,1,0,0.0010707296896725893
mẹ thấy đơn giản không ? đấy giờ chỉ việc lên số cái .... lên ...☝️☝️,0,0,0.0010389803210273385
thực ra chỉ cần nhập đúng input là được thôi mà :d,0,0,0.001833802554756403
coi phim này không .. dễ thương lắm ..,0,0,0.0010743251768872142
thương mấy anh quá mà tao không kiềm được vẫn phải thả haha,0,0,0.0013814173871651292
này gọi là theo kịp thời đại :)))),0,0,0.0021181348711252213
có người sinh ra đã giàu có người làm cực khổ cũng không thể giàu . thương ông,1,0,0.0016180736711248755
"hồi lớp 1 đú theo lũ bạn về học nấu . thế là cơm sống , sợ quá vùi gạo trong đống tro",1,0,0.0017936204094439745
"tao cũng hay nằm mơ con mèo của mình nó về , tao tưởng thật nên khóc cả trong mơ lẫn ngoài đời . nhưng nó đâu có thể về được nữa ...",1,0,0.003906880971044302
mình nghĩ đợt này bà per thua rồi . đuối lý lẫn truyền thông yếu,1,0,0.0014221456367522478
đến gần đoạn cuối tao tắt âm xong vào xem bình luận rồi mới tua xem lại để minvolum . iq + vô cực chuẩn mẹ rồi,0,0,0.0010093421442434192
vừa sếp vừa đồng nghiệp tốt thì đi làm như là đi chơi 💃 bonus 6h chưa hẳn đã muốn về,0,0,0.0012823488796129823
coi phim này mà ứa nước mắt 😢,1,0,0.0010099300416186452
đm hú hồn,1,0,0.0018798555247485638
lâu rồi không được nhìn nụ cười ấy,1,0,0.017069445922970772
"đỉnh rồi , hiệu ứng tốt :))) ấn tượng vãi_chưởng luôn",0,0,0.0010700745042413473
nó mà nhập viện thì xong đời tao . n 😂😂,0,0,0.0012415858218446374
"hồi nhỏ bà mày có cho một con ngỗng mình tự tay nuôi nó . từ ngày đó nó đeo mày như chó mèo vậy . nhưng khi lớn nó lại mắc bệnh mà mất . giờ cũng hơn 4 , 5 năm rồi những nhớ nó lắm 😓",1,0,0.0016592107713222504
"cùng cười cùng khóc cùng vượt qua khó khăn , đau khổ nhưng cuối cùng lại là con số 0 :)",1,0,0.0028001414611935616
"sống trong một gia đình nhiều áp lực và lúc nào cũng chửi bới như vậy , tạo hóa đã ban tặng cho em bộ nhá khá là tươi để cân bằng cuộc sống",0,0,0.02543644979596138
trời . cưng chết được,0,1,0.7687243223190308
ám ảnh thật sự,1,0,0.00490398146212101
sống 17 năm chưa crush ai bao giờ,1,0,0.004682010039687157
lụm điều cho ba má . 2 ngàn 1 ngày bỏ heo đất . thằng hàng xóm vô trộm mất . khóc lóc mấy ngày .,1,0,0.0017494888743385673
"miễn sao có tiền ăn bánh trung thu , mua lồng đèn , đi du lịch =))))",0,0,0.0012318757362663746
"hôm bữa 2 bình siro dâu thấy tiếc , nay bình mật ong còn tiếc hơn",1,0,0.0016218788223341107
tao còn phải đợi 3 tháng nữa là đủ 1 gia đình nhỏ rồi,0,0,0.004357482772320509
chú này tội lắm á :(,1,0,0.0011649742955341935
"yeahh , được mở lại fan cứng rồi =)))",0,0,0.0013068102998659015
dỗ lại dễ thôi mà . nhỉ nhỉ 🤣🤣🤣,0,0,0.00102353491820395
"tao nghĩ chắc do kiếp trước mình tu chưa thành tâm nên kiếp này cuộc đời tao như 1 trò đùa , tạo hóa ghẻ lạnh . chán đời :)))))",1,0,0.001415882259607315
ph :)) phê hơn cả cần nhé . nên mua cái này về dùng tốt cho chó và người :))),0,0,0.0009420104324817657
ưới gì honey của mình sau này cũng thế,0,0,0.0020450116135179996
"per nhớ ngày tháng cta bên nhau ghê , giờ thì chả còn gì",1,0,0.0013887441018596292
tao . đôi lúc nghĩ lại thì tao vẫn thấy sợ tao lúc tức giận .,1,0,0.019673610106110573
mùa mưa đến sớm rồi huhu,1,0,0.0025292751379311085
xem video không buồn cười lắm vì chửi thề quá xá .. cơ mà đọc bình luận của các bạn cười đã luôn . kkkkk,0,0,0.000918249599635601
"tuổi thơ của tao sợ nhất là con này , không làm gì mà nó cũng rược , suốt ngày thì kêu um sùm",1,0,0.00198076362721622
giỏi thật chứ đùa . biểu cảm gần như 90 % chuẩn mẹ rồi . thằng quay và edit cũng ghê luôn . nhảy cũng tốt ra phét chứ -.- ác thật,0,0,0.0008607857744209468
"cay mắt lắm , mà nhìn nó lại nhớ nhiều kỉ niệm",1,0,0.001385319628752768
"tau sẽ phun thuốc kích thích , 2 nam nữa sẽ dài hơn ong nay ... sẽ được vào viện bảo tàng .. 😂😂😂",0,0,0.0012896452099084854
"vị nước mắt , dù cảm xúc như nào thì khi có nó cũng thật đáng nhớ !",1,0,0.0020019400399178267
thế này mà mày vẫn còn buồn thì ...,1,0,0.0019952007569372654
anh thíck kiểu tra tấn hằng ngày :))),0,0,0.001293193781748414
per em đã tìm ra giải pháp thiết kế rồi nhé :))),0,0,0.0012860341230407357
chủ tịch giả vờ luyện vỏ và cái kết sấp mặt luôn haha,0,0,0.001984645612537861
per ru con để vợ đắp mặt nạ kìa ?? đúng là chồng người ta chưa bao giờ làm mình thất vọng ??,0,0,0.0012116031721234322
"ở trên mái sảnh nhà tao cũng có một con nhện mẹ tao bảo tao giết nó ( hờ hờ ) , còn bố tao bảo "" mày cứ đi qua là nó rơi giữa đầu """,1,0,0.0035300529561936855
per hàng hiếm nhà mình,0,0,0.0014493679627776146
cung quá ak,0,0,0.0012043805327266455
sao bao nhiêu năm kể từ ngày đó em đã không còn nghe lại nữa :((,1,0,0.0012655496830120683
đôi khi đi tù chỉ để thoả mãi thú vui,0,0,0.004270287696272135
nhà tao có nhưng nó rỉ sét hết rồi :((,1,0,0.0012374311918392777
per không cho anh đi tập đâu nha mất bồ như chơi,1,0,0.001499328063800931
trong nhà không biết có ai không nữa ? sập quả này sợ thật đấy,1,0,0.0022675744257867336
ăn vào lại thức dậy ở một nơi xa thì bỏ mẹ :)),1,0,0.0014371976722031832
per tiếc cái gì đấy bố nó,1,0,0.0011384387034922838
chuẩn bị kiểm tra hình huhu :((,1,0,0.0015169386751949787
mèo nhà tao gửi 10 ngày về ăn tết lên nó thành mèo hàng xóm này ( nhà hàng xóm bán cá ) :((,1,0,0.0010736089898273349
giờ mới hiểu tại sao lúc đầu nhà hàng không cho đặt chỗ ..... má nó li hôn 3 lần rồi lần nào cũng phải giảm giá 30 % nó ly hôn thêm vài lần nữa chắc sập bà nó tiệm,0,0,0.0017525294097140431
"đêm hôm coi lại , cười mún rụg rún",0,0,0.0015233417507261038
tao cũng hao mòn nhan sắc như này,1,0,0.0036679040640592575
người ta kê bàn ghế ra chả nhẽ lại vẫn nằm đất để nhìn mông người khác ngồi :))) pha xử lý rất cao tayyy,0,0,0.0012485256884247065
chỉ cần nhìn họ thì đã thấy tim đập mạnh rồi =))),0,0,0.0017080876277759671
"khuôn mặt ngây thơ vô số tội , trái tim nhỏ bé của tao sao chịu được ❤❤❤",0,0,0.0011109312763437629
"có lần ba tao mua bánh kem sinh nhật cho tao , lúc đấy tao 13t nhưng khi ba tao mua về thì lại là 15t 😶",1,0,0.001711020595394075
nghe nói 2020 hơn 4tr đàn ông sẽ ế vợ . mình chỉ việc chờ thêm 1 năm nữa thôi là đăng tin tuyển chồng 😂😂,0,0,0.0020046092104166746
"vừa về xong , phải nói là đông vãi đông chứ không phải đông bình thường =))))",0,0,0.0013497606851160526
disss giật hết cả mình .:)),1,0,0.0012291762977838516
ăn vải nóng lở hết miệng ra đây này,1,0,0.0018368503078818321
idol có skill mới chất quá 😂 1 cú đánh mông thôi mà đối thủ bay sấp mặt luôn luôn 🤣,0,0,0.0009245410328730941
tan tành rồi .,1,0,0.0035413706209510565
rồi tôi sẽ hết được uống nước ở đây nữa :((,1,0,0.0014355540042743087
per coi chừng bị vậy nha chưa haha,0,0,0.002108505694195628
tao không theo dõi phim . xem bập bõm mấy tập mới biết em nó là con gái 😅.,0,0,0.0015948116779327393
chỉ thấy dễ thương và xinh khi crush thôi khi hết crush thì có cười nấy cười nữa cũng không có cảm giác,1,0,0.0016467621317133307
chị khổ mấy cô giáo viên giám đứng ra tố cáo . sau này bị làm khó hoặc trả thù,1,0,0.0028499343898147345
đi đâu cũng ngó ngang ngó dọc để được nhìn thấy crush 😂 ngóng nó đến mức cổ dài ra hẳn mấy cái 😂,0,0,0.0012914041290059686
tác phẩm nghệ thuật chất lượng cao hiếm hoi của điện ảnh việt nam nhưng không được công chúng quê nhà đón nhận,1,0,0.001222513965331018
thương .. hy vọng sớm có người cưu mang bé,1,0,0.001552208443172276
tao thấy cảm động vãi .,0,0,0.006127777509391308
bây giờ mình 56 tuổi vẫn dùng để bắn bọn chuột neo dình sơi chim cảnh rất hiệu quả các bạn ơi,0,0,0.0012839480768889189
êu ơi sao con mụ này không gặp mình nhờ :))) ước gì có con mụ thế này tông vào mình ý :)))) klq mà giọng bé quay video đáng yêu thế ❤️,0,0,0.0010103046661242843
per xem đi mày sẽ sướng thi nhìn con nhện bị giết 😂,0,0,0.0016097028274089098
tôi đã đúng khi đọc bình luận thay vì đọc bài :),0,0,0.0018839165568351746
mạnh vỗ tay 👏,0,0,0.002006248338147998
couple cuối . yêu chết đi được,0,0,0.0011370884021744132
"t đã hối hận vì nói ra , để rồi bao giờ tao với cô ấy chẳng còn thể nói chuyện như trước nữa",1,0,0.00544438511133194
k nuôi thì cho người muốn nuôi đi chứ để em nó bọ ve tùm lum sót quá ????,1,0,0.0011261029867455363
đây là lần cuối cùng các bạn nhìn thấy anh ấy :d,1,0,0.0017998007824644446
tao ngự ở trong uống nước cho nhàn thân rồi,0,0,0.002425885759294033
không phải crush :v nhưng mà nhìn ổng cười mỉm nhìn cute vãi -.-😑😆❤,0,0,0.0009375985828228295
có ai như tao không đọc đề thì quen nhưng lại quên phương pháp giải . chắc mất gốc rồi :((,1,0,0.001193419797345996
hahahaha tao mắc cười ghê . nhớ cái hôm sinh nhật tao ghê . chắc mấy mẹ ở guru cũng rủa dữ lắm hahaha per,0,0,0.002154995920136571
chờ có người giận mà không được,1,0,0.00558373611420393
per khi ế nhưng vẫn phải giương mắt nhìn bọn nó ân ái,1,0,0.002346740337088704
có ai ngu như tao không đơn phương con nhỏ cạnh nhà 4 năm mặc dù nó ngồi chung bàn với tao suốt mấy năm cấp 3 :(((,1,0,0.0014053682098165154
1 lần thôi cũng đủ xao xuyến anh rồi,0,0,0.004184782970696688
nhớ lắm .. cay mắt lắm ....,1,0,0.0019317257683724165
bà xinh thật sự ❤️,0,0,0.0010059649357572198
nếu là tao thì nhảy cẩng lên chuẩn mẹ rồi :)) má nhìn trong hình tưởng ma thật ở ngoài đéo biết như lào luôn ớ,1,0,0.0011625626357272267
yêu thế nhè 😍😍😍 có em gái chắc cũng vui lắm,0,0,0.0010572790633887053
tuổi gì so với anh ! :) haha,0,0,0.0015205801464617252
"làm pv quán karaoke đi rồi khổ hơn nữa , toilet danh cho nam chỉ đứng tè , vậy mà nỡ lòng nào mấy anh ngồi ỉa 😢 thiệt chứ gặp cái mún khóc lun …",1,0,0.001586030819453299
"đến giờ , em vẫn đang đợi anh , người sẽ đúng và thời điểm sẽ đúng",0,0,0.004632703494280577
mấy lần đi ngang hết hồn,1,0,0.0019451911794021726
đúng là tấm gương xáng để con cháu noi theo =)))))),0,0,0.0013102969387546182
hôm qua tao xem xong ngất xỉu tới giờ mới tĩnh chúng mày ạ 😌😌😌,1,0,0.0013553538592532277
"giọng nói , ngữ khí đi vào lòng người vãi . mắt chị gái đẹp thế 😻",0,0,0.001046652439981699
không khoe thì không sao . khoe ra mai lại còn cái gốc ... haha 😁,0,0,0.0016555318143218756
hoan hô anh 😂😄,0,0,0.0009961785981431603
căng thẳg quá mà,1,0,0.0016386915231123567
"phàm việc quan trọng trong thiên hạ , cứ về hỏi vợ , vợ nói sao cứ làm ngược lại chắc chắc sẽ đúng !",0,0,0.0034991379361599684
cũng xinh mà ?? lai cỏ có lẽ sẽ khỏe mạnh và đỡ ngáo hơn ??,0,0,0.0014301465125754476
thế giới này thật đáng sợ ai chả đĩa bay cho tao về hành tinh tao đi,1,0,0.004519174341112375
mình bị say xe bạn à :(((,1,0,0.001292197615839541
tí nữa vợ nó vắt chân lên cổ bò thì hú hồn,1,0,0.002200743416324258
tao cay mẹ khoé mắt,1,0,0.0016679682303220034
mấy anh thiệt là nóng bỏng !!,0,0,0.001460448489524424
per chị rep khách hàng thế ấy hả 😞 bị bóc phốt rồi,1,0,0.0010981900850310922
tao buồn mấy năm nay rồi,1,0,0.303285151720047
"lúc nhỏ nấu bằng này không , nấu hơi bị ngon , tạo cơm cháy ăn bao riềng",0,0,0.0016821218887344003
yêu em mọa mọa 😘😘,0,0,0.0009365549776703119
tình yêu là một thứ cao đẹp hãy trân trọng nó .,0,0,0.00422488059848547
yêu quá đi mất . tuổi thơ của mình toàn nện mấy thằng con trai . trong lớp mình toàn làm xếp nên chẳng được giúp đỡ,1,0,0.0011138252448290586
per đồng nghiệp không tốt ta có thể bị chửi và ăn đòn từ sáng đến tối 🙄,1,0,0.0016238265670835972
những cử chỉ đẹp làm từ thiện cho người nghèo hay thiếu đến lấy thừa đi đến cho,0,0,0.0015413389774039388
"nói gì , em trai tao cắt tóc xong là tao đè nó ra chụp hình . cảm thấy nó cắt tóc xong là đứa nào chứ không phải em tao =)))))",0,0,0.0013348807115107775
nghe cũng đúng đúng :)),0,0,0.0012215201277285814
ngưỡn mộ chi lâu lắm oy . mà giờ biết thêm nhiều về chj nữa nên càng yêuc chj nhiều hơn 😍😍😍,0,0,0.0010806879727169871
còn nhiều người có cuộc sống khốn khổ hơn ta :),1,0,0.0030815263744443655
""" vậy là đủ tuổi ngồi tù rồi nhỉ ?"" , mặt anh rất tỉnh và đẹp zai =))",0,0,0.0010541697265580297
nghe lại mà nhớ những ngày tháng say đắm trong nỗi cô đơn,1,0,0.0037960929330438375
công nhận ngầu thật,0,0,0.0011130342027172446
đến ngày sinh nhật mà còn không nhớ thì còn nói gì nũa,1,0,0.0025636274367570877
"là thằng đàn ông phải có bản lĩnh từ khi còn bé , thay vì hay bắt nạt , quát tháo đàn bà thì hãy là người che chở , yêu thương !!!! mong con zai của mẹ sau này cũng như mấy anh này .!!!",0,0,0.0012589625548571348
tao thì nói xong lại thấy người ta không hứng thú thì lại lượn,1,0,0.0015961903845891356
khi bạn muốn lầy và cũng có người lầy cùng bạn =)),0,0,0.002195245586335659
"ba mẹ mình nhớ tất cả ngày tháng năm sinh âm lịch , giờ sinh , tên tuổi ...... của 4 chị em .....",0,0,0.0013626166619360447
"per nếu có khi nào thấy bản thân vô dụng hay là thất bại , thì hãy nhớ có những người chế tạo ra mấy cái của nợ này . =))",0,0,0.0020479662343859673
bể mẹ cái kính cường lực mới dán :#,1,0,0.0011193244718015194
per cái gì mình không làm được chứ đánh cái lũ đéo phải người thì mình làm tốt kkk,0,0,0.0016142043750733137
"lúc trước chạy xe đạp đi ngang qua đàn vịt có mấy con ngỗng lẫn trong đó . thế là dume tụi nó rượt tao vừa chạy vừa la cái thứ âm thanh nghe "" ứ ứ "" "" hiếp em đi "" làm tao sợ tụt lol :))",1,0,0.0012455539545044303
cưng hết phần thiên hạ,0,0,0.0011109161423519254
được cái công tác truyền thông tốt,0,0,0.0009524358902126551
crush ở nhà chơi gane rồi haha,0,0,0.0015555989230051637
dễ thươnggg,0,0,0.0025092787109315395
nhìn sợ vãi ra,1,0,0.004215271677821875
đồng đội tốt ... nhưnh rất tiết chúng ta không có duyên 😀 kaka,0,0,0.0011071055196225643
ơ tao đang mơ 🤩,0,0,0.002498187590390444
rất cá tính :v,0,0,0.000977854710072279
nhắn mà ấm lòng nhờ :))) ra gặp anh shipper đẹp trai nữa thì chủ thớt rụng hết buồng trứng :))),0,0,0.0010506861144676805
tưởng tượng mà dưới sông có cá sấu nữa chắc hết dám đi,1,0,0.0017754397122189403
"xời tưởng gì , cái này tao làm được =)))",0,0,0.001561576034873724
xây 1 được 2 nhà :)) chủ nhà ấm vãi :)),0,0,0.0011817141203209758
giống tao . nhưng cô ấy có hiểu đâu,1,0,0.002698237309232354
đau đớn hơn còn là khi làm bạn cũng khó và gặp nhau coi như người dưng nước lã,1,0,0.05089694261550903
"hồi đó đã undercut , bảnh vãi .",0,0,0.002321059349924326
đau lòng qá huhu,1,0,0.0017485714051872492
mong anh có thể đạt được ước mơ của mình .... cố lên,0,0,0.003910356666892767
còn gì hạnh phúc hơn trong cuộc sống này ♥️,0,0,0.007362030446529388
thèm được bố chửi 1 lần 🤤🤤,0,0,0.0018406712915748358
tao lại sợ ngôn tình quá cơ 😒,1,0,0.001733754063025117
đỉnh cao :)),0,0,0.001314971363171935
waooooo . hợp lí ghe,0,0,0.0009841335704550147
tao mới mọc răng khôn huhu,1,0,0.0023053751792758703
thực ra em mới đang phải là sự lựa chọn chứ không phải là người được lựa chọn đâu 😌.,1,0,0.007769015617668629
đã từng . hix,1,0,0.0014583811862394214
"nói chứ uống đi , 1 ly thì giảm ăn một bữa sẽ không khiến mày phì đâu .",0,0,0.0024835525546222925
quan trọng là có per luôn tạo độ khó game cho tôi :))) và không thể thiếu sự trợ giúp của các anh em trong team 😂,0,0,0.001289141015149653
tao thấy buồn cười vãi :)),0,0,0.0013207059819251299
tao biết là có ý tốt gởi thông điệp ý nghĩa nhưng nhìn cứ sợ sợ lại còn sấm chớp :<,1,0,0.0013646698789671063
vừa thấy thương vừa buồn cười vãi :))))))),0,0,0.0010346772614866495
ước mơ tao 🙂 chỉ có thể sao chép lại và tao lên màu cực xấu !,1,0,0.00262120901606977
per đau hơn chia tay người yêu nữa,1,0,0.0018731351010501385
mở máy lên .. rồii lại đặt xuống ... cả ngày nay tôi đều như vậy để chờ anh nhắn chúc tôi .. giờ này chắc anh quên ngày này thật rồi .. cô đơn quá mức rồi đấy 😭😭,1,0,0.001885497011244297
mink chỉ lo là nhà nước không đủ gạo nuôi mấy anh,1,0,0.006871026940643787
dell hiểu sao ngày sưa tao có thể cầm nó trưen tay đi câu cá 😳😳😳 nhớ lại vẫn thấy ớn 😂,1,0,0.0012095909332856536
khi tắt đi mới thấy ngạt thở .,1,0,0.00413103261962533
trung thu là tết thiếu nhi cớ sao người lớn lại vi vu thế nhỉ,0,0,0.0019873541314154863
mình sống không đủ tốt hay sao mà vẫn chưa gặp được anh người yêu tốt như này,1,0,0.0020403973758220673
chỉ cần yên bình như thế này thôi . ❤️❤️❤️,0,0,0.0012311519822105765
"tỉ năm mới thấy cười một lần người gì đâu mà khó cười đến thế 🤨 chả bù cho mình , lúc đéo nào cũng cười , cuộc sống tràn ngập niềm vui < 3",0,0,0.001280584605410695
đau ruột với thằng số 9 🤣🤣🤣,0,0,0.0010681693674996495
"dễ thương , đáng yêu , cưng ...",0,0,0.0012114685960114002
"nhiều nước quá , lấy bát về múc nước ra thêm tí đường vào là có 1 bát nước gạo ngon lành",0,0,0.0016117456834763288
tao nhìn tao thấy ghê vcd ấy 😂😂,1,0,0.0010956524638459086
chính xác ! chỉ cần đồng nghiệp tốt thì mọi ngày đi làm đều vui 😊😊😊,0,0,0.0015331045724451542
tin vui cho bà con nông dân chuân bi vào ngày gặt lúa sắp tới,0,0,0.0023677488788962364
một cái ỉn mông xong hết 😂😂😂 dăm ba cái võ thuật 😂😂😂🤣🤣🤣,0,0,0.0008896247600205243
"chiến tranh có gì vui đâu nhỉ , chỉ gây đâu thương",1,0,0.0015282764798030257
đâu phải ai muốn thích tao cũng được đâu,0,0,0.011091118678450584
3 idiots ! phim hay nhất mọi thời đại .,0,0,0.00124240608420223
cuộc sống mà mấy ai được trọn vẹn 😢😢,1,1,0.9958155751228333
""" học từ bỏ những thứ trời không cho "" nói thì dễ nhưng nhiều lúc quyết tâm lắm vẫn không làm được .. 😢😢😢",1,0,0.0016846955986693501
ngày xưa mỗi lần tao làm ồn là ngoại tao liền la hoặc lấy roi đánh 😅 nhưng lúc đó vui lắm 😊,0,0,0.004578518681228161
nàng ấy chả yêu ta gì cả,1,0,0.0030524462927132845
mặt dày lại ôm cứng ngắt cho chị . 😆,0,0,0.0013207525480538607
tâm sự không đúng người ngoài việc họ cười vào mặt bạn,1,0,0.04866112023591995
xem chỉ đợi đến đọan nó ngã để cười :)))),0,0,0.0016119129722937942
nấu kiểu này ngon lắm luôn 😋😋,0,0,0.0010554817272350192
kím cớ nói chuyện chỉ để biết người đó làm gì đang như nào . có vui hay buồn . rồi lại thôi,1,0,0.005835795309394598
per may cho bạn 😄😄😄,0,0,0.0009678745409473777
"đù . tròn ung ủng , chân tay ngẵn cũn như tao nhảy sao",1,0,0.0013688005274161696
xinh mà còn ngáo nữa thì người yêu mới cưng =)),0,0,0.0011849813163280487
ông nào viết vui tính thế =)) cưng thật,0,0,0.0011084424331784248
tuổi trẻ tài cao :)),0,0,0.0011687903897836804
đó là những câu chuyện buồn mà :((,1,0,0.001184185384772718
per cái dume mày thấy tác hại của tập gym chưa,1,0,0.0011117692338302732
thứ mà dễ dàng qa cũng nguy hiểm,1,0,0.007867262698709965
ngày ấy chỉ vì quá ngu ngơ mà để lạc mất .,1,0,0.007541596423834562
anh lấy đi niềm tin trả lại cho em những gì,1,0,0.00526816351339221
"hồi xưa vào trông nhà cho ông bà , thuê đĩa võ thuật này xem cho mạnh mé đỡ sợ mà thuê ngay đĩa này . ám ảnh quả nhạc tao tao téo vãi",1,0,0.0010292173828929663
tủi hổ với bản thân ghê khi tao vẽ người mà mẹ tao hỏi : hóa ra đây là hình dạng thực của quỷ sao ?😑,1,0,0.0012773319613188505
án mà cứ xử như vậy thì sao có được lòng dân,1,0,0.0018612073035910726
đã thất tình xem pim này khóc cả đêm mất thôi mới đề mô mà đã khóc thút thít rồi chắc xem hết thì không biết pai làm sao ..,1,0,0.0015117473667487502
áo phông dễ thương quá anh ơiiii,0,0,0.0011588847264647484
đi chơi mẹ tao cũng không tha cho tao :) chửi tao làm mất buổi vui luôn á,1,0,0.0014236809220165014
còn 1 tháng nữa thôi khép lại những ngày tháng vui buồn nhưng luôn có người bên cạnh sẻ chia không lo lắng của tuổi thanh xuân cái tuổi đẹp nhất của cng,0,0,0.0044554537162184715
"vừa lắm ... cho chừa nè , ahihi đồ ngốc 😊😊😊",0,0,0.0010916667524725199
"hồi xưa đi học mình ngồi gần lớp trưởng , tên này được cái rất ga lăng với bạn gái trừ mình .. huhu ..",1,0,0.001713400473818183
nếu chịu khó đặt vào hoàn cảnh của nhau mà sống thì mọi chuyện đã đơn giản hơn rồi .,1,0,0.02593424916267395
chỉ mong cảnh này sẽ không còn xãy ra ở xã hội này nữa . bất hạnh vậy đủ rồi 😞🙁,1,0,0.0019177364883944392
đẹp trai v :((((,0,0,0.001150831114500761
gắp đúng lúc nhưng hình như đúng lúc người ta không muốn y ai ???? đó là 1 câu chuyện buồn,1,0,0.0017511293990537524
boss dễ thương hết sức,0,0,0.0019213842460885644
đến ông cũng chẳng dám xơi,1,0,0.021459264680743217
bộ phim việt lần đầu xem thấy hay cảnh quay đẹp !!,0,0,0.0008244149503298104
vỡ tan là như thế ấy,1,0,0.0038073239848017693
đúng . a có tầm nhìn . tâm nữa . mình biết,0,0,0.0019486277597025037
nhìn mặt ông thầy cay lắm :)),0,0,0.0012843497097492218
anh thứ 2 cute thế =))),0,0,0.001317430753260851
cả tuổi trẻ bỏ công cày . có cơ ngơi ổn định . r về già con cháu đuổi ra đường bắt đầu 2 bàn tay trắng . đời 😅😅,1,0,0.001206619548611343
năm nay không được ăn dồi :((,1,0,0.001471644383855164
cưng xỉu ??,0,0,0.0014015117194503546
tốt quá,0,0,0.0015715319896116853
cứ thấy cute cưng cưng sao á .... có ai thấy giống per như tao không ??,0,0,0.0014272334519773722
cảm ơn đoi tình nguyện viên nhớ có các bạn mà người dân bớt vất vả hơn,0,0,0.0012862106086686254
per cho vợ đi cầu này để giảm cân nhá 🤣🤣,0,0,0.0014713626587763429
hahaa nhìn mắc cười vãi per,0,0,0.001641486887820065
cái mặt cưng xĩu,0,0,0.0015241485089063644
tao mà ở đây là sợ rụng trứng luôn chứ đừng nói ăn,1,0,0.0032751630060374737
mình thì # mình chỉ mong chồng tốt thương yêu vợ con gia đình ! gia đình lúc nào cũng vui vẻ hạnh phúc thì ngày nào cũng là ngày ( tình yêu ),0,0,0.0016633770428597927
rồi chưng ngắn như tao sao nhảy qua 😿,1,0,0.0014536178205162287
đó là 1 câu chuyện buồn 😤,1,0,0.0021474959794431925
kkk tao chọn anh đầu tiên,0,0,0.0019664200954139233
kha ́ thông minh :)))),0,0,0.0014327596873044968
per cố lên gần đến nơi rồi . vào trong này mời nói chuyện nhé . ngay cửa đền chính . có bãi gửi xe . hehe,0,0,0.0023758115712553263
thật dume nge yêu thương gì đâu :)) bắn tim bụp bụp,0,0,0.0009549437090754509
diễn viên có cá tính hay nhât từng xem,0,0,0.0009060416487045586
per nhớ cái bếp huyền thoại của 2 đứa mình he,0,0,0.0011825552210211754
haizzzz đó là 1 câu chuyện khá bùn,1,0,0.002007509581744671
per nghe đi rồi khóc 1 trận cho thoải mái . đừng cố gồng mình lên nữa,1,0,0.0030697088222950697
gap kiểu này chắc đái ra quần quá,1,0,0.00163664435967803
"per đọc vài dòng là lướt xuống cuối để xem có phải "" hi vọng câu chuyện mình vừa bịa ra ...."" nhưng không phải . kkk",0,0,0.002548566786572337
hú hồn cái lồn còn nguyên :),1,0,0.0013227402232587337
chờ tý tao đi thay bỉm xíu tao quay lại .,1,0,0.002364562591537833
đại học vui lắm cậu :)) weeee,0,0,0.0009307292639277875
"những chuyện trọng đại trong đời ... ta cứ nghe lời vợ khuyên , và làm ngược lại ắt thành công ????",0,0,0.0015912827802821994
liệu có còn tồn tại cô gái nào chấp nhận một thằng vừa nghèo vừa xấu đặc biệt lại còn yếu sinh lý như tôi không,1,0,0.00593881169334054
"thật là romantic , mà mà mà ... sao nghĩ tới cảnh động phòng hoa chúc tao thấy nhột nhột lỗ đít 😧😧",1,0,0.0011227315990254283
nhiều lúc tủi thân vãi_chưởng huhu,1,0,0.0017391516594216228
dễ thương vãi ♥♥♥,0,0,0.0011529553448781371
tình chỉ đẹp khi còn dang dở lấy nhau rồi nham nhỉ lắm ai ơi ...,1,0,0.0018101369496434927
thật buồn khi mình thịt vợ thang khác mà thằng khác thịt vợ tưong lai mình,1,0,0.0017047622241079807
tiên sư cái thằng ghép nhạc cười rớt mồm quả ghép,0,0,0.0011265600332990289
đáng yêuc vãi anh ơi,0,0,0.0013203313574194908
một cái vẫy tay đầy luyến tiếc từ cuộc họp tới đất nước việt nam,1,0,0.002129923552274704
"chỉ cần cho em nó 1 điểm tựa , em nó sẽ không ngán cả thế giới :))",0,0,0.0014676304999738932
đứa con gái nào mà đề nghị là biết bị ma nhập mà né nha mấy cha,1,0,0.0019062055507674813
1967 mà cụ ông đẹp trai phong độ ăn mặc thời trang quá :)),0,0,0.0010381138417869806
"tội mày quá , lần sau mày bình tĩnh hơn nhé",1,0,0.0014983281726017594
per b trà ơi . năm nay là pải mạnh dạn và bất chấp nhé 🤣🤣🤣,0,0,0.0012453070376068354
chính xác là con gái xinh auto đáng yêu =)))),0,0,0.0011197751155123115
thích quá mấy má ơi ! @@@,0,0,0.001017598551698029
xinh quá !,0,0,0.0011885626008734107
ước là 1 ngày mai thức dậy dụi mắt mãi chưa hết tuổi thanh xuân =)))),0,0,0.0013393405824899673
cay mắt,1,0,0.002585198264569044
đụ mẹ cười ỉa ????????,0,0,0.0011020498350262642
t không phải con sến súa . ko cần quá cầu kì lãng mạn . cầu hôn tao thế này là tao đổ rồi per,0,0,0.0016636565560474992
đã từng . và bị phũ như 1 con chó 🐶😂😂😂😂,1,0,0.003036854788661003
tao đau lòng quá,1,0,0.002723193960264325
"ngày xưa toàn ăn cơm với nước mắt , ngày trước giận bố lắm , nhưng giờ mới cảm ơn bố vì như thế mới có mình ngày nay",0,0,0.002484286902472377
và cuối cùng là được đối xử như một thằng con trai luôn ..,1,0,0.0033591415267437696
đứa nào bị táo bón thâm niên cứ ra cầu này mà nhảy đảm bảo hiệu quả ngay lần đầu trải nghiệm 🤣🤣🤣,0,0,0.0011988066835328937
ê có khi nào đọc bài này xong buồn cười quá cười toác hàm có khi nào đi bệnh viện không các cụ :v,0,0,0.0011317967437207699
cũng đỡ tắc hơn 1 tí,0,0,0.003603625111281872
áo xinh thế .. cho tớ mượn đi tiệc nhé !,0,0,0.0016562987584620714
còn tao mỗi lần cắt tóc là y như rằng … nó tệ vãi :(,1,0,0.002594395074993372
per nhện kìa haha,0,0,0.0019629690796136856
cả tuần không được nói chuyện,1,0,0.05972447246313095
ông này đẹp vãi,0,0,0.0020715580321848392
nó cười với tất cả mng trừ tao 🙂,1,0,0.003161628497764468
"cấp 1 hiền lành ít nói , ngồi gần 1 cô bé cái gì cũng nhường cô ấy , nhường đến mức nhường luôn tập sách , để bà già phải dẫn ra nhà nó lấy lại ! 😂😂😂",0,0,0.001045547192916274
ng dân biết phải làm sao bệnh chồng bệnh,1,0,0.0030138904694467783
2 thế kỷ mới xây được vậy mà chỉ trong 63 phút tiêu tan hết :(,1,0,0.0014190057991072536
per trung thu đéo liên quan đến việc có gấu cho lắm bạn nhể .... nhưng mà lễ gì cũng thế thì đúng là bất hạnh mà huhu,1,0,0.0015555479330942035
mình còn để ảnh bạn ấy trong thẻ học sinh xong bị thấy cơ,0,0,0.0018037081463262439
per nhất định chị em mê tín mình p đi xem phim này rồi,0,0,0.0011440750677138567
"gần 2 năm đến sớm nhất để mở cửa lớp , lúc về cũng là người là sau cùng để khóa cửa . đến giờ ra trường được 3 năm vẫn không muốn vứt chìa khóa của lớp ...",1,0,0.00358125870116055
khổ thân các cháu,1,0,0.001693646889179945
t mong nó té quá chời :v,0,0,0.001085582422092557
điều tồi tệ nhất là kiểm tra code trên giấy .,1,0,0.008729091845452785
đã xem 2 lần bộ phim này 😁,0,0,0.001291528344154358
cũng tên quỳnh nhưng 2 số phận thật khác nhau 😢( chỉ mong được 1 góc nhỏ xiu xíu của b ),1,0,0.0019161016680300236
cho con được thay ông bán vé đi 😔,1,0,0.0022382873576134443
thế giới này thật đáng sợ :3 trả đĩa bay cho tôi về đi :3,1,0,0.0017124840524047613
gì cũng được ?????? dễ vãi,0,0,0.0011184153845533729
t nói té 1 cái không dập mề thua gì cũg thua ..,1,0,0.0011495212092995644
"tao cũng như mày đây . không sao cả , hãy tự hào vì tên mày vẫn rất đẹp",0,0,0.0017665480263531208
trách ai bây giờ đây huhu,1,0,0.0031752444338053465
không lau sạch về bà chủ mắng thì sao . nhiều người họ kinh lắm . trước mẹ minh đi làm cho nhà 5 tầng . họ chỉ ở 3 tầng còn 2 tầng bỏ không . mà ngày nào cũng phải lau hết,1,0,0.0024021058343350887
phim kinh dị vào cái trời âm u 😒,1,0,0.0018976787105202675
mẹ mắng lúc sáng sớm là xui cả ngày :(,1,0,0.001597874565050006
phụ nữ ngày xưa toàn cực phẩm :v,0,0,0.001190174138173461
cứ tưởng là người yêu =)),0,0,0.0015651725698262453
đàn bà ở nhà thế kia không sợ ngoại tình à ? tao đang lo vợ tao đây này,1,0,0.0030616482254117727
thời xưa yêu nhau đến chết vẫn yêu ... thời nay yêu không biết chết lúc nào 🤣 cuộc sống nay đáng sợ lắm 🤪,1,0,0.0017663335893303156
lại mất tiền ngu,1,0,0.0033821887336671352
làm bộ mặt ngầu cho thằng thỏ để ý mà thằng này láo ăn thiệt đéo cho mình ăn ké quê thiệt là quê luôn,1,0,0.0010926885297521949
moá cưng quá ??,0,0,0.001015314133837819
"ai ở gần đó xin hãy giúp chú , thương chú",1,0,0.0037274204660207033
bố là số 1 vĩ đại hơn những gì con cần,0,0,0.005597214214503765
"lâu lắm đéo được gặp nhện trong wc , quên mất cảm giác nhịn ỉa như nào rồi 😂",1,0,0.005309772212058306
sau cùng cả 2 đều bị ảnh hưởng trầm trọng :((,1,1,0.9931400418281555
lời được cánh của sắt tàu hỏa ngon rồi,0,0,0.001167893293313682
:v trời giờ mới biết thế giới có dạng hợp thể vầy đấy :v,0,0,0.0012310962192714214
có ai đéo hiểu gì như mình không mình trong sáng vãi heee,0,1,0.8917027711868286
bà già đau khổ,1,0,0.0020254161208868027
đag đi học mà gặp cảnh này :)) chắc chạy về cúp học luôn,1,0,0.001193053787574172
"bây giờ con đã sai vì đã chưa làm gì được cho cha , con thật sự xin lỗi cha và mẹ ,",1,0,0.005896170157939196
uầy . ngọt thế ??????,0,0,0.0008771063294261694
nhìn muốn tè ra quần rồi,1,0,0.035539887845516205
quá giỏi . đạp đến ngất đi mà không quay đầu . sau này em sẽ thành công . chắc chắn vậy,0,0,0.001392705598846078
"dễ thương ghê =)) nói y như mấy ông ngồi nhậu trong bàn v "" đúng không "" "" đúng chưa "" "" vui rầu "" =)))",0,0,0.00098274031188339
per chuyện cổ tích nè ! haha !,0,0,0.0011574379168450832
bây giờ thế mới biết tác dụng của con cái 😢,1,0,0.0020591975189745426
bà mẹ nó @@ xem rùng con mẹ nó mình hơn cả phim ma .,1,0,0.001353871077299118
yêu thế,0,0,0.0019224470015615225
"thôi xong 1 chiếc ôto . chắc tối nay ăn không ngon , nhậu không yên rồi .",1,0,0.0016690460033714771
ấm áp vãi .,0,0,0.0019679723773151636
per móc lên tới não :)),1,0,0.0014489738969132304
bình yên thật,0,0,0.0012927670031785965
"nói mưa là mưa v chời , tôi còn đi chơi đi học nữa mừ .",1,0,0.0017702492186799645
lần đầu gặp anh cũng là phòng gym =)))),0,0,0.0015314908232539892
có sáng tạo :)),0,0,0.0017405388643965125
nhây qua ́ nhaaaa 😂😆,0,0,0.0010444984072819352
per trời đựu cầu hôn nó phải thế . đã đẹp trai còn có não,0,0,0.001496954238973558
ăn ngon nhưng nóng không chịu được,1,0,0.0015113594708964229
thế mà cũng 5 năm rồi . ❤️,0,0,0.0012637543259188533
cám ơn đã cho tôi cuộc sống này,0,1,0.9140536785125732
cuộc sống thật chua cay với tao,1,1,0.9869155883789062
ôi đáng yêu quá . đến bao giờ người đàn ông như thế nào mới xuất hiện trong cuộc đời tôi đây,0,0,0.0015232610749080777
t thua cả đứa con nít nữa ám ảnh vãi,1,0,0.0012373934732750058
nóng như này ăn vải là thích nhất còn gì ... auto mát,0,0,0.0014980655396357179
mê trai hơn bạn có thật :(,0,0,0.0022436953149735928
nghe bạn này nói dễ thương zị,0,0,0.0013282671570777893
nhanh ghê mới đó đã 9 năm rồi 😢,1,0,0.0016033067367970943
bố mẹ tao đọc được tin này + xem cặp lá yêu thương nữa thì bữa trưa nay tao không dám ăn cơm mất .,1,0,0.0013957942137494683
lựa chọn cách thức tuyển như thế nào thì tốt quá rồi,0,0,0.0035530428867787123
"per cần thêm những trái dâu xinh xắn để ngăn chặn sự u ám này , huhu",1,0,0.002344082109630108
mày khá là may mắn khi không học tiếng huế đấy =)),0,0,0.0013049771077930927
mình còn chưa được nắm tay,1,0,0.006571055855602026
con đáng yêu quá,0,0,0.0009802225977182388
"per huyền thoại , kkkk",0,0,0.001784997177310288
có vợ nên lắm . váy mới ngày trước toàn áo chấm bi của mẹ 🤣🤣,0,0,0.0011790123535320163
nhìn cái ngành gd việt nam bây giờ ai cũng mệt mỏi,1,0,0.0028786216862499714
từ lúc có vợ nhiều váy mặc để quay video hẳn :)))))),0,0,0.0011149008059874177
per mỏi chân quái :v,1,0,0.001548890839330852
"phim này nên xem và thuộc mấy đoạn thoại , rất hay",0,0,0.0008907697629183531
cầu mong những công ơn sinh thành luôn mạnh khỏe .,0,0,0.0020991337951272726
năm nào chả vậy :))),0,0,0.0016186810098588467
anh chân thành nên anh tổn thương :((,1,0,0.0011240526800975204
cả 1 đời người chẳng mong gì chỉ mong từ đây đến phút cuối vẫn có người không quên mình đã từng tồn tại,1,0,0.00340176559984684
xin lỗi mày nhưng tao đọc buồn cười,0,0,0.0012008134508505464
vì tiền mà làm đau làm khổ người khác như thế này sao 😔,1,0,0.0020111603662371635
"con mong bác dù nghèo nhưng sống luôn luôn vv , chúc bác 1 đời bình an",0,0,0.0017331616254523396
tình cờ gặp nó và đột nhiên cắm mặt bỏ chạy như điên,1,0,0.004344395361840725
bà mẹ nó giật mình,1,0,0.002414544578641653
mấy nay tao cũng bị ám ảnh,1,0,0.38437309861183167
cái ngành tài chính của mình có chỗ dụng võ tốt rồi đây :)))),0,0,0.0013971200678497553
":)))) cuộc sống mà . ngày càng thấy bản thân quá nhạt và "" duyên "" :v",1,0,0.0011155435349792242
"per tặng quà cáp gì tặng hộp nhỏ thôi nha . đi hát hò gì đừng đem thùng quà to như vậy nha , nó biết nó nhổ trụi lông nó ngắt mép chết đó :((",1,0,0.001023157499730587
xin lỗi đây mình vẫn nấu nhé,0,0,0.0019432517001405358
"ông sống trên vũ trụ , vợ ông sống ở trái đất , ông cao thêm 5cm là chuyện bthg 😂",0,0,0.002749386476352811
tao đã bị nó làm cho lầm tưởng rồi . tao thật ngu ngốc - _ -,1,0,0.00277512613683939
bấy bề ơi . thật là đáng yêu,0,0,0.0009259669459424913
"con quỷ này hồi nhỏ tao khóc vì nó hoài , thấy nó không dám đi , bỏ đường phải vòng đường khác ,",1,0,0.002076441189274192
gắn bó thời sinh viên nè,0,0,0.0016966171097010374
"per thấy chế thủ sẵn hộp mặt nạ rồi thì phải . tim em mong manh lắm , đừng để em hoạng sợ nhá chị ??",1,0,0.001585062243975699
"quần áo với xe thế kia là biết gia đình điều kiện tnao rồi 😂 anw , mong ông bà luôn khỏe mạnh , vui vẻ < 3",0,0,0.0013035862939432263
sau khi xem ảnh này xong tôi quyết định ... mua honda :v,0,0,0.0013414602726697922
"hiện tại mình cũng muốn kết hôn lắm . ngặt nỗi hai gia đình ngăn cản giữ dội , phản đối kịch liệt chuyện hai bọn mình đến với nhau :( nhất là chồng cô ý",1,0,0.06126457080245018
"khoảnh khắc anh quay mặt đi , con tim em tan nát vãi ra",1,0,0.002803505165502429
cảm giác tóc sau gáy bắt đầu dựng lên :))),1,0,0.001961857546120882
tao đã từng viết như thế này . bây giờ không muốn ai đọc chỉ có đốt mà lười đốt,1,0,0.003075231332331896
bộ phim ấn độ duy nhất xem được lol,0,0,0.0013235958758741617
tuần sau nữa mới học =))),0,0,0.0015118158189579844
mối nguy hại đó,1,0,0.004014795180410147
nhiều khi cũng muốn người yêu chọc để dỗi phát cho bằng người ta . mà nhận ra mình làm gì có người yêu 😌,1,0,0.0020832642912864685
nguy hiểm thật,1,0,0.0016096231993287802
per nhà mày mà nuôi thêm con này nữa là ám ảnh cuộc đời tao,1,0,0.0020416141487658024
