comment_text,label,prediction,probability_depression
ngày buồn nhất trời đổ cơn mưa :(,1,0,0.0006030799704603851
per kỷ niệm khó quên nhỉ kkk,0,0,0.0005733307916671038
em ý cute vãi !,0,0,0.0006078172009438276
làm khách đi qua lại mắc mệt lun,1,0,0.0009525918285362422
năm nay thì đở hơn rồi kkkk,0,0,0.0019204069394618273
số tao không được ăn uống mà :((,1,0,0.0010135986376553774
đang buồn cần 1 người nhắn tin tâm sự hằng đêm,1,0,0.0013589555164799094
lâu lâu được nghe truyện cổ tích thấy còn niềm tin vào cuộc sống 🤣🤣,0,0,0.0005185441696085036
anh này còn phim pk nữa rất hay và ý nghĩa,0,0,0.0004961717058904469
lại thêm một con ngáo bất hạnh,1,0,0.0029422028455883265
thiếu hình ăn gà rán rồi,1,0,0.0007629403844475746
ăn ở cái gì huhu,1,0,0.0017369549022987485
"điều đó không quan trọng , quan trọng là đéo xác nhận lời mời kết bạn",1,0,0.001485344604589045
"em sẽ mãi không biết có lúc tôi gọi chỉ để nghe câu "" ai vậy ?""",1,0,0.0009526432259008288
thế giới giờ đáng sợ quá rồi 😌😌 tâm phải tịnh không là tiêu nha mấy ông 😢,1,0,0.0011183252790942788
t gặp ngỗng chạy bỏ dép,1,0,0.0011097551323473454
"chưa muốn lấy , cơ hội vẫn chia đều cho tất cả các anh : ))",0,0,0.0006157658062875271
"per đúng rồi , không muốn xa cách đâu 😞",1,0,0.0011532579082995653
"bọn 6 múi yêu nhau hết rồi , tao bụng mỡ đây , tao vẫn thích con gái đây !!!!!",0,0,0.0006483442266471684
họ vui là được rồi :))),0,0,0.0006083420594222844
per ồ ồ chân chính chạnh lòng rồi 😂,0,0,0.000476955552585423
còn các bạn đặt bánh của mình toàn gửi cho người yêu . chắc câu chuyện này còn buồn hơn :((,1,0,0.0005511724157258868
per rồi sẽ có 1 ngày vừa cười tao vừa kể chuyện khiến tao rơi nước mắt,1,0,0.0010263655567541718
ngôn lù thế hahaaa :))) đáng yêuc vãi,0,0,0.0004232540668454021
nhìn ông với bà chất hơn thanh niên bây giờ,0,0,0.000818027532659471
"phim hay dã man diễn viên chính đẹp trai , xem đi xem lại không chán",0,0,0.0004230825579725206
"mình đang thất tình đéo hiểu sao đi cafe còn toàn tận cùng nỗi nhớ , chạm đáy nỗi đau , đừng như thói quen ... dume :)",1,0,0.0005211887764744461
"per vãi xem phải cỡ này . , đoạn nó nhếch môi bố mày sợ suýt đái ra quần dume 😑",1,0,0.0006484641344286501
cám ơn mấy chế nhiều nhiều nhé 😗,0,0,0.0005084412405267358
hồi bé tôi cũng bị chửi cả ngày từ sáng chí tối ! nhưng không phải bố tôi mà là bà nội tôi !,1,0,0.0029921133536845446
cuộc sống tạo ta áp lực ..,1,0,0.006265465635806322
cười vãi ???????? mặt con bé cũng hài ghê,0,0,0.00047753332182765007
tuổi thơ tôi bị ám ảnh mấy con ngỗng này . mấy con màu xám cứ mỗi lần đi học ngang qua ngõ nhà hàng xóm là nó đuổi . tao lại chạy thục mạng . cứ phải đắn đo mỗi lần qua đó xem có chúng nó không rồi ù chạy như ma đuổi . haizz tuổi thơ tôi ....,1,0,0.0007053100853227079
ổng bị bắt rồi :( rồi lấy gì coi,1,0,0.0012532431865110993
"ai thì tao không biết , chứ tao thấy tiền là đã có động lực phấn đấu rồi",0,0,0.0020255357958376408
đã check in thành công và mãi vẫn chưa gặp được người ấy là ai :((,1,0,0.0006161626661196351
":)) đang ăn mỳ , không có trứng nhạt lắm , có rụnng thì xin vài quả !",0,0,0.0005255463183857501
đáng yêu quá ! tình yêu ông bà thật đẹp !,0,0,0.00042617740109562874
per sắm 1 cái cho công túa ngồi nhà kêu gu gu hí =))))))))))),0,0,0.0004503679519984871
"ăn 1 miếng bò mà giết thêm đàn kiến . chưa biết ngon thế nào nhưng một đàn kiến về cõi vĩnh hằng , tội cho đàn kiến .",1,0,0.0007487154216505587
thứ ba mẹ cho con và con nhận thấy đó là sự đức hạnh tấm lòng cao cả cam on ba mẹ rất nhìu,0,0,0.000706210732460022
per my nè kkk,0,0,0.0006675536278635263
tớ cũng muốn có mối tình như vậy ??,1,0,0.0007186746806837618
hết buồn cũng phải có tiền mới hết được :)),0,0,0.0005549812340177596
ng ta cuối cùng thì cũng được còn tôi thì never 😞,1,0,0.0011677003931254148
phim nay và phim triệu phú ổ chuột là 2 phim của ấn mà mình thích nhất,0,0,0.0005176069098524749
bình dị vậy thôi .. mà sao mãi tao chưa tìm được ? hix,1,0,0.0005627077771350741
biết nấu cơm bếp củi từ lớp 2_3 gì đó,0,0,0.001055441447533667
"ám ảnh hồi bé của c , con này trông nhà oke hơn cả chó luôn",1,0,0.0005942318239249289
t mới tính tới bước thất bại chưa tính tới thành công :)),1,0,0.0007057652692310512
"em lấy đi niềm tin chả lại cho anh những gì , cũng vì anh vụng về đánh rơi hay càng xa vời càng dễ mất .. anh chân thành nên anh tổn thương",1,0,0.008540615439414978
dễ thương . cứ yêu đi ngại gì .,0,0,0.0006767516606487334
hí . dễ thương quá,0,0,0.0004169734020251781
"1 đoạn phim được trích ra tuy ngắn nhưng , chứa 1 thông điệp rất có tầm quan trọng",0,0,0.000805200426839292
tối nay chồng tương lai sẽ đưa con khác đi chơi 😆😆😆,1,0,0.0005867587169632316
"bất cứ lúc nào nghĩ về đời tao chỉ thấy vị cay , nồng nơi khóe mắt :))",1,0,0.001033298671245575
tự nhiên coi tới khúc th bé kéo hết bạn bè tới chụp hình tao buồn cười vãi ! ông kia nghĩ ! thôi chết mẹ rồi ! kiểu này tối mới lau xong 😂,0,0,0.0005453777848742902
"per cố gắng lên nha anh , mọi điều tốt đep đang chờ anh 💓💓",0,0,0.0005409103468991816
gặp được em nhưng sẽ chỉ quan tâm và bảo vệ em từ xa,1,0,0.0018052317900583148
thêm đường hay cho thêm bánh gato về tẩm bổ :),1,0,0.0006109960377216339
thấy cái thèm ts quá,0,0,0.0006244227406568825
"hiện tại mình cần tìm người yêu , bạn nữ nào chưa có chồng hay chưa người yêu thì bình luận bên dưới để mình lựa một bạn may mắn nhất nhé :)))",0,0,0.0005144172464497387
a per ..... nhìn những hình ảnh này ... sao em nhớ về anh quá .... 15 năm ròng rã .. giờ anh lưu lạc nơi đâu . 😭😭😭😭,1,0,0.0005317158647812903
chữ tao từ lớp 3 đã kiểu như thế nào và còn đẹp hơn nhé .,0,0,0.0009348975727334619
per quẹo lựa mấy đứa ơi . để lễ nay đặt vé luôn cho rồi . nóng quá rồi :)))),0,0,0.0004633456701412797
xem đi xem lại bao nhiêu lần cũng không chán ... vẫn cảm giác hồi hộp :),1,0,0.000580439402256161
bé có năng khiếu làm cô giáo dạy văn ... nghe thì nghĩ tục nhưng đời thường là có thật ... bác nghe thấy đồng cảm với các cháu,1,0,0.0006032478995621204
chết luôn .. tình yêu không phân biệt . giới tính .. tình yêu ơi là tình yêu .. tao đau khổ vì mày lắm rồi ...,1,0,0.0006508639780804515
"mức thu cao nhất - đồng ý vì số liệu nó thể hiện như vậy , chứ còn hiệu quả thì mình không biết đúng không 😂 mỗi lần vô vcb là hiểu phải đợi mỏi mòn , không như những nh khác",1,0,0.000840820895973593
"thà biết rồi đau 1 lần cho tởn rồi thôi , chứ đừng để nỗi đau cứ day dẳn giằng xé mãi cả đời ☻",1,0,0.0007869682158343494
nghe anh ấy nới chuyện rất thuyết phục,0,0,0.0007047403487376869
thông minh :v,0,0,0.000655665120575577
oimeoi tao thấy được tao ngày xưa đây rồi =))))),0,0,0.0005496025551110506
con mong cụ cuộc sống sẽ tốt hơn 😔,0,0,0.0008717760210856795
sau mưa ra đường sợ nhất gặp giun,1,0,0.0016858733724802732
nên gan ngỗng ăn ngon đó,0,0,0.0007562902173958719
"ngày nào cũng thấy tàu trật bánh , khá buồn",1,0,0.001579033094458282
nhìn đẹp quá đi mất,0,0,0.000508548750076443
tao đang cố un crush nhưng khi xem xong video trên thì ..........( khóc không ra nước mắt ),1,0,0.0006525604985654354
đó là khi anh per cưới vợ đó 🤣,1,0,0.0011889695888385177
ngoài những bài chia tay vì lí do vớ vẩn ra thì neu cũng có những bài đăng đọc rồi còn nhớ mãi .,1,0,0.0006786984158679843
mặt nhỏ dễ thương vãi =)),0,0,0.0004666380991693586
béo tí đáng yêu mà =)),0,0,0.0004399784083943814
"hy vọng chừng đó con đã đi mẫu giáo lớn , 1 xe bảy chổ và nhà hai tấm 🤣",0,0,0.0006511974497698247
1 năm không biết bao nhiêu lần x - quang :(,1,0,0.0006254727486521006
cả người nhà người yêu cũng không đồng ý :((,1,0,0.00068533985177055
"mình nói thật nhìn từ trên cao xuống đã thấy chóng mặt rồi , vãi",1,0,0.0012484935577958822
tao giận bạn trai tao và 5 ngày rồi nó đéo dỗ tao luôn hix,1,0,0.0007664918666705489
dăm ba cái kỉu đây hồi nhỏ tao đốt chấy vài á mà 😃,0,0,0.0006804275326430798
per lên lịch hẹn hò nhanh,0,0,0.0005803370149806142
chia buồn cùng nước pháp .,1,0,0.0013830845709890127
nta vẩy tay mấy cái cũng ra tranh còn tao thì 😪,1,0,0.0008029910386539996
mặt chúng bạn kiểu lại đéo được trả tiền rồi 😞,1,0,0.0007038885960355401
"hắt xì mệt quá , muốn bắn , muốn làm việc :(",1,1,0.9981465339660645
"t xin nhắc lại một lần nữa , đây là một câu chuyện buồn nhé",1,0,0.002018958330154419
"tội nghiệp , có rất nhiều em ở nông thôn bị như vậy 😢.",1,0,0.0008075991063378751
buồn thay cho lớp tao,1,0,0.0010031397687271237
hi vọng trưa nay lúc ăn cơm vtv24 sẽ không đưa tin về bạn này ạ,1,0,0.0008354735327884555
per sự thích thể hiện của các bạn mà bóng đá per tốn một món tiền không nhỏ ! 😩🙏🤕,1,0,0.0005397905479185283
đáng iêu vãi =]],0,0,0.0004435244482010603
quá ý nghĩa . mình trẻ mà chắc gì làm được vậy,1,0,0.0009067238424904644
bộ phim hay nhất từng xem,0,0,0.0005589387146756053
bạn đã hiểu nổi khổ của mario khi mua vui cho bạn chưa :)),1,0,0.0005861150566488504
boss hổng có 6 múi hả :( buồn dị,1,0,0.0005863698315806687
chân tao không đu ̉ da ̀ i đi ̉ đi con đươ ̀ người na ̀ y :((((,1,0,0.0005735403974540532
nước ngoài có đầy mà :)),0,0,0.0007094928296282887
cái gì mà rớt hột le tè vậy em gái 😁😁😁,0,0,0.0005141051951795816
có người yêu coi bộ cũng vui 🙂,0,0,0.0004907011752948165
14 / 2 năm ngoái tao mọc sừng . nên 14 / 2 năm nay tao quyết định cưa sừng 😊,0,0,0.0007892486755736172
"vui vẻ chút , lạc quan chút cho đời thêm vui cũng là một cách 😂😂",0,0,0.00077989068813622
"lại là lào cai , tự hào quê mình quá :))",0,0,0.0005787605186924338
nói tiếng tuy hoà phú yên làm tao nhớ đến nyc . giọng nó sao ngọt không thể tả . buồn,1,0,0.0006030888762325048
yêu quá hóa điên 🤣,0,0,0.0003878344432450831
nhìn nữa sao . hỏng yêu đi . cho doi . vui vẻ,0,0,0.0005583594320341945
cứ thấy trai đẹp là tao hạnh phúc :),0,0,0.0005558973061852157
đậu . tao mê nhất là giọng tuy hòa phú yên . nó luôn mang một ấn tượng sâu sắc . nghe cứ thích thế nào ấy,0,0,0.0006097378209233284
cái con đồ chơi đó mua ở đâu nhỉ . cười đéo nhặt được mồm . 😂😂😂,0,0,0.0005463743582367897
sao lại cưng đến thế này ^^,0,0,0.0006179487681947649
per gặp thần tượng mỗi ngày kkk,0,0,0.0010393792763352394
xem mấy lần rồi vẫn thấy hay,0,0,0.000539856671821326
đcm ngôn tình vãiiii,0,0,0.0004381146572995931
dân kinh doanh khoái đi chợ này lắm nè,0,0,0.0010360053274780512
đã trải qua và thấy chuẩn cơm má nấu,0,0,0.0020130162592977285
crush mới thích ảnh tao mà tao đã . nghĩ đến chuyện đặt tên con rồi,0,0,0.0008351022261194885
cái gì vui vậy mọi người :)),0,0,0.0006797655369155109
má chủ dễ thương vậy tao cũng muốn xin,0,0,0.0006310494500212371
câu chuyện dễ thương thật ^^,0,0,0.00041406028321944177
điều tồi tệ là học nửa vời chã ra làm sao,1,0,0.001420090557076037
trước khi lấy vợ boss có một thân hình hoàn mĩ thế này đây,1,0,0.0007816856377758086
cô quét đi cô cho cháu hốt về với =))),0,0,0.0005182803142815828
này thì câu thích 😂😂😂,0,0,0.0005386991542764008
bốc toàn trúng may mắn lần sau,1,0,0.0005791040020994842
định mệnh tao lại quên mang áo mưa,1,0,0.0008893212652765214
xem xong video tự thấy mình còn không bằng con chó ...,1,0,0.0006484511541202664
chúc mừng cp . cố lên cp .,0,0,0.0006233458989299834
per huhuu không biết lúc đấy thực tập chưa :(((,1,0,0.0005909953615628183
"con này còn hại hơn cả ốc bươu vàng . cấm nhanh còn kịp , để nó ra ngoài thì chỉ có người nông dân thiệt thôi",1,0,0.0009639390045776963
liên quan à . cr mày đéo thương mày đâu . nó có crush mới rồi . 🙂,1,0,0.00047951823216862977
thật là đáng sợ,1,0,0.0028204743284732103
em chờ được mà 🙂,0,0,0.001159493695013225
"mình nhận thấy hình như ông ấy đang rất đau khổ , mà không thể or không muốn nói ra .",1,0,0.009465855546295643
"giá trị lịch sử văn hoá gần nghìn năm đã mất đi rồi :((""",1,0,0.0006787420134060085
em nuôi con lợn mấy năm rồi mà vẫn trống rỗng huhu 😭😭😭,1,0,0.0005727927782572806
sợ thế,1,0,0.002354245400056243
hay à ngheng,0,0,0.0004249179910402745
"t cũng thế . đang ngồi chơi với con , vợ nó đắp mặt nạ lù lù bước vào . xém đái trog quần ??????",1,0,0.0006535963038913906
"đúng rồi , vàng là phải vàng mới có giá trị , vàng trắng làm gì có giá trị 😥",1,0,0.0009553363197483122
toàn tặng đồ gây sát thương thế kia khả năng bị phản damage là rất cao,1,0,0.0009447545162402093
mệt mõi 😥,1,0,0.0006730026216246188
tao không biết tao đủ ổn để đi học thêm không nữa,1,0,0.015858231112360954
ai đó hãy tát trà sữa vào mặt tao đi 😭😭,1,0,0.0011112606152892113
trông tội quá,1,0,0.0006678093923255801
"thanh diễm giờ tao hiểu tại sao cứ sáng vô là tao trông tới đi về , đầu tuần trông tới cuối tuần và đầu tháng trông tới cuối tháng rồi 🤣🤣🤣🤭",0,0,0.000571819837205112
làm đéo gì có ai nói chuyện thân thiết với tao đâu mà,1,1,0.9882935285568237
ad cho hỏi nghệ an lúc nào mưa vậy ah 🌧🌧.. ốm cũng cam lòng chứ vã lắm rồi 🥵🥵,1,0,0.0010636942461133003
"chửi vậy cũng bình thường mà mọi người cứ làm quá . mẹ tao cũng suốt ngày chửi tao , tao thấy vui mà .",0,0,0.001399812288582325
"đừng ám tao nữa , sợ lắm",1,0,0.00623075757175684
ý là giọng quê tao đó hã,0,0,0.0012615096056833863
"đang định đi nhổ răng khôn , nghe được tin này thấy ghê răng 😁",1,0,0.000725093821529299
nhờ mất bạn nên mình mới biết 😂😂😂😂,0,0,0.0006230506696738303
vừa đây về đông kinh hồn càng về đêm càng đông,1,0,0.0013171735918149352
"mày làm tao nhớ em gái ghê , mai sinh nhật con bé rồi mà tao đang đi làm xa nhà , không về được .......... 😑",1,0,0.0006306655704975128
ui nghe ấm thế,0,0,0.0006035949336364865
chắc từ giờ tao đéo giám ho nữa quá .,1,0,0.01863989606499672
đau lòng quá,1,0,0.0006775400252081454
không những hạnh phúc tao còn cứng nữa :)),0,0,0.0005659593152813613
chúc mừng các anh . các anh giỏi quá . chuc các anh mạnh khỏe .,0,0,0.0004248556506354362
"thương quá . giờ con đi học ở lại cả ngày thì hên xui thôi chứ biết làm sao , không ăn thịt heo thì ăn gì . mong sao có lệnh tạm dừng ăn thịt heo trong thời gian này cho các trường mầm non thì hay biết mấy .",1,0,0.0008173056412488222
tội em gái đó,1,0,0.000831986777484417
ăn cơm mốc có khả năng bị ung thư gan cao . hít,1,0,0.001211005263030529
làm người khác thỏa mãn bằng mùi hương của chính bản thân,0,0,0.000783525756560266
anh đừng bỏ em đi mà 😢,1,0,0.0008205784833990037
muộn rồi :))),1,0,0.0005471253534778953
dễ thương hết sức ??,0,0,0.000558932893909514
cái khó ló cái khôn :))),0,0,0.0005298538599163294
a độc thân nè không có ai để nắm tay gọi là thử coi .. hihihi chúc em luon vui ve em nhé ...,0,0,0.0004897645558230579
hồi nhỏ đọc tao đã nghi nghi rồi =)))))))),0,0,0.0005095913074910641
per tìm được đối tượng nào để cầu hôn chưa :))),0,0,0.0005219198064878583
cũng đúng :)),0,0,0.0005982997245155275
"thích cái câu , có mỗi thằng con rể đểu mà cứ xoắn cả lên 😂😂😂",0,0,0.000524443865288049
"coi khúc đầu không hiểu , đến lúc ổng bước ra khỏi làn khói , thật không thể cầm được nước mắt",1,0,0.0008967745234258473
per thích quáaaaa,0,0,0.0005537932738661766
tao cũng ho trật mẹ khớp vai mà đéo phải 1 lần đầu nhé,1,0,0.0007807985530234873
hú hồn chim én :) nào làm ra này chắc cũng ngáo dữ :) chắc add không sợ nhện :),1,0,0.0004786110366694629
biết trân trọng những gì mình đang có ☺️,0,0,0.0012448006309568882
có gì đâu bé vậy mới cool đó anh thích 😉😉😉,0,0,0.00046341813867911696
"aaaaa con nhện 😨 "" aaaaaaa con ế !"" - nhện said 😂😂😂",0,0,0.0005345807876437902
tiếc cho mối tình ấy ....,1,0,0.0006870656507089734
phim nay xem rất nhiều lân nhưng quá hay vẫn muốn sẽ tiếp tục xem,0,0,0.0005139716668054461
"đúng thế , ở đâu cũng được đâu nhất thiết phải ở đây",0,0,0.003122484777122736
gu của tôi trời ơi . tiếc mới có chồng với đứa con thôi . huhu,1,0,0.0006088205263949931
rồi mấy đứa chân không được dài như tao phóng qua kiểu gì :),1,0,0.0006973213749006391
trời ơi . dễ thương quá luôn ❤️❤️,0,0,0.0004007205134257674
per sáng mai kiểu gì cũng về tới nhà :)),0,0,0.0005312415305525064
để anh dẫn em đi ăn nha :)),0,0,0.0005057093221694231
vậy là thế giới mất đi không biết bao nhiêu món nướng rồi :(,1,0,0.0008386995759792626
"tui đây vừa vô phòng thì con vợ mặt trắng bóc nhảy ra đây , tưởng là ma",1,0,0.001376074505969882
những điều đơn giản nhưng thật hạnh phúc 😘,0,0,0.0006169519037939608
phải chi có người yêu nhắn tin ngọt ngào như này,0,0,0.0005549470079131424
"hồi học lớp 5 bảo bố đi mua sgk cho , xong bố đi mua nguyên bộ lớp 4 đầy đủ từ sgk đến vở bài tập 😂",1,0,0.0006246974226087332
cả 2 loại người này đều đáng sợ !,1,0,0.0017280788160860538
per mỗi ngày đi làm thấy per là như có thêm power cho 1 ngày siêng năng !!!!,0,0,0.0005398543435148895
"bị ám ảnh hồi bé đi nhổ răng , không dám đi nha sĩ nữa :((( huhu 😭😭",1,0,0.0005140353459864855
quá đau lòng nhưng chúng ta phải chấp nhận với điều đó,1,0,0.0036175341811031103
"per hồi nhỏ bị ngỗng dí riết ám ảnh , giờ mà bị dí chắc cầm cổ quay thấy moẹ nó luôn hehe",0,0,0.0006037827697582543
per sợ nhện đúng không :)),1,0,0.0005687718512490392
em chân thành nên em tổn thương !,1,0,0.0007378042791970074
"per ăn tết xong , cần cây cầu này để giảm cân 😆😆",0,0,0.0006125729996711016
"ngày cuối cùng còn ở lại , bản thân không có bất cứ một cảm xúc gì , trong lòng chỉ độc một mảnh phẳng lặng .",1,0,0.13254950940608978
anh chờ ... đáng yêu ghê,0,0,0.0006174948648549616
vẫn chọn tech là ngân hàng đồng hành,0,0,0.0008599627180956304
đây là 1 câu chuyện buồn,1,0,0.0019799326546490192
duyên quá nói chuyện hay,0,0,0.00045755819883197546
móe . con nhện . cười đau cả ruột .,0,0,0.000618667749222368
thề cứ 1 lần trượt là tao cười to hơn 😆😆,0,0,0.0008274646825157106
chị đầu tiên buồn v :((,1,0,0.000532012025360018
tao đã rất muốn làm bạn tốt anh em tri kỉ với tụi hắn nhưng không ai muốn làm bạn với tao - _ -,1,0,0.001228265231475234
con gái tao thì suốt ngày hêy siri bắt chước mẹ 😂,0,0,0.0008378488710150123
"đi hát văn nghệ cho trường nguyên cấp 1 , kiếm được kha khá . cấp 2 vỡ giọng , khỏi hát 🤣",0,0,0.0005918561364524066
tao rất thích nhạc trung từ giai điệu đến ý nghĩa rất hay 😁😁😁,0,0,0.00041674988460727036
nhà tao cũng gần mà tao không bao giờ dám đi đêm,1,0,0.0028950211126357317
per có ai còn nhớ thời đầu băng xem đi xem lại xuốt ngày không kakak,0,0,0.0008022139663808048
thế là hết những gì đẹp nhất của nước pháp sao không phun nước cứ để cháy rần rật nhỉ,1,0,0.0007866462110541761
tại vì anh trót nói lời thương em mà em không đáp lại,1,0,0.0010505313985049725
mới ngày nào bidv còn đứng nhất mà .. haizzz,1,0,0.000806844444014132
bị nó chặn đầu mấy lần khóc sướt mướt luôn . mấy con yêu nghiệt này còn dữ hơn chó,1,0,0.0006603294750675559
per tuổi thơ của mềnh đi học là lúc nào bạn tao cũng ngồi trên và khi nào múa giờ ra chơi cũng múa chung với mềnh 😅😅😅,0,0,0.0005627874052152038
nhìn là yêu roi muốn nuôi quá trời mà sợ không chăm được em 😢,1,0,0.0005342303193174303
đôi khi hạnh phúc chỉ là những điều giản dị nhất mà chả ai nghĩ tới 😊,0,0,0.0008720296900719404
huhu xem mà muốn khóc vãi,1,0,0.0006282003014348447
tao thấy tai nạn giao thông là tao nói với mẹ .. con chạy ra đó để tối lên ti vi ... mẹ tao chửi sấp mặt luôn,1,0,0.0008905669674277306
nó giống tao ghê . gặp tao tao cũng chọn mày,0,0,0.0009682383970357478
"per hay đó bro , trừ điểm bro chưa bao ăn :)) - 10",1,0,0.00044975505443289876
cũng sợ mấy con ngoe nguẩy như giòi 😰,1,0,0.000842684879899025
"ước gì mèo nhà mình cũng có thể về nhà như vậy , mất ẻm được 2 năm rồi :(((",1,0,0.0005646629142574966
tự dưng cay mẹ mắt,1,0,0.0013044843217357993
bác vẽ làm tao nhớ con cá này vãi =))),0,0,0.0005313694127835333
trường gửi điểm về và mẹ cũng điện chửi :(,1,0,0.000660305842757225
nói chuyện như người yêu ??,0,0,0.000622419232968241
đó là một câu chuyện buồn 😀,1,0,0.002998079638928175
xem xong tôi cảm thấy còn u ám hơn :)),1,0,0.0005726683302782476
chúng mày cứ cười . dm mai gần đấy có biến lại thấy anh ấy trong bộ cảnh phục thì lại tung hô quả nằm vùng quá đẳng cấp 😂😂😂,0,0,0.0006162631325423717
không phải không thích mà bản thân chưa đủ tốt để sánh vai . phải chi anh có thể đợi em khôn lớn !,1,0,0.0007179001113399863
rất có tố chất . liên đoàn xe đạp việt nam có thể liên hệ để đào tạo được đấy,0,0,0.0006110863760113716
"đếu thể đỡ được "" tiền mừng , tiền mừng "" hahaha",0,0,0.0006841273861937225
còn buồn hơn là cố quan tâm thế nào họ vẫn không hề rep lại,1,0,0.0015518211293965578
đáng yêu phết nhể,0,0,0.0005773055017925799
tuổi trẻ tài cao =))),0,0,0.0004524409305304289
ước gì được giận lại 😐,1,0,0.0009990142425522208
sợ vãi linh hồn 😞,1,0,0.0007253076764754951
thôi chết haha ...,0,1,0.8164299726486206
cái này phải hơn 20 năm rồi . lần đầu không biết canh lửa nên cơm khét hoài 🤣🤣🤣🤣🤣,0,0,0.0005624227342195809
anh lỡ mất em rồi huhu,1,0,0.0007796287536621094
per ly trà sen của anh đem qua có ngày nó thành như v đó 😭😭 hức hức ...,1,0,0.000696909090038389
ngầu lắm bạn ạ ^^,0,0,0.00057719845790416
đã gặp được em đúng lúc . nhưng lại không phải thời điểm em muốn ....,1,0,0.0048661017790436745
những người em thích đều đi nơi đâu rồi còn con ml bên cạnh song hành,1,0,0.0007897106115706265
ơ thế hoá ra tao không bị ngu một mình ?,1,0,0.0009678128408268094
ngày xưa mẹ tao dạy ở miền núi . năm tao học lớp 3 lần đầu tiên lên trường với mẹ . đaumoa mấy con ngỗng mất dạy rượt tao leo lên cây phượng cao chót vót cả tiếng không dám xuống .,1,0,0.0013151165330782533
món này ngon vãi,0,0,0.0006425290484912694
cầu cho chú luôn mạnh khoẻ ạ 😢,1,0,0.000874903576914221
chỉ ước về sau mình được vay,0,0,0.0011515658115968108
không muốn yêu ai cả,1,0,0.017295248806476593
minh biết nữa ne,0,0,0.0021455357782542706
trên đời vẫn còn nhiều điều tốt đẹp ❤️,0,0,0.0005763326771557331
mai tao cũng đi ship mới được . có bài này áp dụng luôn .,0,0,0.0007071637082844973
thằng ben thật tội nghiệp,1,0,0.0007601315737701952
cả đời mình chỉ ước có 500tr trả nợ ngân hàng cái xe để chạy kiếm ăn ...😥😥😥,1,0,0.0005815404583700001
t cười ỉa ...🤣🤣,0,0,0.0004384948988445103
em buông tay anh nhé .... quá khứ ấy anh hãy xoá hết đi .......,1,0,0.000827238371130079
rụng tim 😭,1,0,0.0006363785942085087
tao không tin đâu hiccc =(((,1,0,0.000604376953560859
ngày hôm ấy tuyệt đẹp nhưng lại đượm một nỗi buồn ngày mai thôi chg được gặp thầy cô bb lũ chúng tôi khép cánh cửa ấy lại nhìn lại toàn bộ khung cảnh ôi thân thương biết mấy cảnh vật quen thuộc sẽ không được trông thấy nữa,1,0,0.000653179653454572
chúc mày mau khoẻ nhá chủ thớt ạ =)),0,0,0.0005134058883413672
được . đỡ tốn 5 nghìn,0,0,0.0005956874811090529
muốn nhanh thì phải từ từ =))))),0,0,0.0006799381226301193
ốm mà xinh thế :3,0,0,0.0004970222944393754
dạ cho em hỏi cái đường này ở đâu z ạ . để em đéo tới đây ạ . đm bước cái chắc tét háng,1,0,0.000906500150449574
"dù chỉ để nhìn 1 cái , để biết người ấy vẫn ổn , người ấy còn tồn tại . ít nhất là nv 😔",1,0,0.0017254952108487487
má . đang định đi chụp :((,1,0,0.0005769410636276007
bày đặt viết trên cát khắc luôn vào đá cho tạt thoải mái,0,0,0.000711957283783704
cho em canh với . hehe,0,0,0.0008373947930522263
"anh sau đó , không còn là anh nữa ...",1,0,0.24077661335468292
sao giống phim good doctor của hàn vậy ?? cũng bệnh tự kỉ và có khả năng nhìn được 3d !,0,0,0.0004601567634381354
đẹp trai thật .,0,0,0.0005871976027265191
hay . đỡ mệt,0,0,0.0004521244845818728
per bài tủ 1 thời =)),0,0,0.0005363221862353384
tôi cắn bất chấp =)))))))) chắc là tôi yêu tụi nó cuồng si rồi,0,0,0.000507606309838593
mở ra mà thấy vậy chắc tao sợ quá mà chết luôn mất :),1,0,0.0006758738309144974
đồng đội chơi tốt quá hahaaa,0,0,0.0004067365371156484
giọng cute phết,0,0,0.0005442348192445934
tao sợ ăn xong nóng đêm gãi toét chân,1,0,0.0009418390109203756
"con gái không thích con trai đầu hói , vì cưới về dễ nhầm đầu :d",0,0,0.0005852278554812074
chuẩn bị prayforparis thôi 23 tuần kể từ khi phe áo vàng làm loạn rồi mà vẫn chưa dẹp được .,1,0,0.001063892850652337
đau đớn quá sao phải tham mấy đồng tiền đó nhỉ,1,0,0.0006629431736655533
"hăm hở đón nhận tất cả , thậm chí là nỗi buồn , nếu điều ấy khiến việc tồn tại của bạn mang một hương vị đáng nhớ ...",1,0,0.00888525228947401
buồn nhất là crush cũng chả có để mà thả 😞,1,0,0.0008091666968539357
"tao sợ chó lắm .""",1,0,0.0012212663423269987
"tuổi thơ tao gặp toàn trai bánh bều , mít ướt . toàn là tao galang , dỗ dành . ôi cái cuộc đời này per",1,0,0.0006024925387464464
"ngày đẹp trời là ngày được nghỉ làm , đi những nơi mình thích , với người mình thương , ăn những món ăn ngon . xong về ôm nhau ngủ :)))",0,0,0.000496303488034755
"nhớ hồi euro 2012 rực sáng trong màu áo tuyển ý , ghi mấy bàn mà bàn nào cũng thấy phê .",0,0,0.0007668472244404256
chồng tương lai lại nuôi vợ thằng khác,1,0,0.0007985968259163201
"thương các con quá , lũ khốn nạn vì lợi trước mắt ma tội cho bọn trẻ , bọn này cho chết het",1,0,0.0006446427432820201
t thấy tội nghiệp thằng cải,0,0,0.0008422165410593152
hồi bé bị ngỗng dí hoài =)) sợ vãi,1,0,0.0005374161992222071
má chắc gặp tao chạy mất giày,1,0,0.001063562580384314
"bữa tao coi cái video này nhưng nó ghép nhạc bựa vãi ... mỗi lần mỗi anh té là first blood , double kill ,... các kiểu =))))",0,0,0.0004998189397156239
bạn gái nào xinh xinh mà bị lạc thì vào nhà mình cho ngủ nhờ này . ??,0,0,0.0004995939088985324
đúng là càng ngày càng chán . cứ theo luật mà làm thì chán cực kỳ luôn,1,0,0.0008414984913542867
cái cuối phê vãi,0,0,0.0008925028378143907
ê tao đi nhật chưa được 1 năm mà xem video này làm tao loạn ngôn ngữ ghê . thỉnh thoảng phải dừng video ngẫm câu nó nói nghĩa gì,1,0,0.00063373486045748
per kinh dị thấy mệ luôn nè,1,0,0.000620820967014879
làm chó khổ lắm chứ bộ :((,1,0,0.0006262374809011817
bức ảnh này lại làm mình bị ám ảnh . haz,1,0,0.0010028841206803918
dân chơi nhìn cái biết ngay 🤣🤣,0,0,0.0005611285450868309
đáng yêuc quá,0,0,0.00044091680319979787
tiếng guitar thật tuyệt,0,0,0.0005446172435767949
mỗi lần tao ăn đu đủ bằng thìa thì bố tao lại chửi tao . bố tao bảo loại mày ăn đu đủ không cần thìa đâu .,1,0,0.0014993236400187016
mệt như chó :3 nhưng mà hoan hỉ đầu năm đi xin lộc :v,0,0,0.000519022811204195
đáng yêu quá . phải thằng trai nhà tao thì nó sẽ nhẩy vào tính ôm luôn cái máy ấy về =)),0,0,0.0005181242013350129
đau nếu còn nghĩ về nhau thì hãy quay về bên nhau :)),1,0,0.0005445292918011546
một hành động đẹp đầy tính nhân văn ☺️☺️,0,0,0.00039717243635095656
"hôm bữa đi ngang qua , thấy hết con mẹ nó hồn",1,0,0.0008899481035768986
nhìn một cái rồi quay đi là thấy mãn nguyện rồi .,0,0,0.0008322543581016362
ôi hạnh phúc quá 😄😄😄,0,0,0.00037823672755621374
biết ngay anh per lại mượn đầm của vợ :)))),0,0,0.0005321431090123951
sợ vãi,1,0,0.001917537534609437
tao ho rụng hết tóc rồi 😭,1,0,0.000863911584019661
dù có sống được mấy đời thì cũng nợ mẹ cha trọn cả mấy đời .,1,0,0.001246992382220924
đây là một câu chuyện buồn 🙁,1,0,0.0013760082656517625
má ơi đây chính là thứ ám ảnh nhất cuộc đời con . kẻ thù 😢😢😢,1,0,0.07219333946704865
per bị chữi thì ráng nghe mà vui đi nghe . cứ như nghe hát miễn phí 🤣🤣 còn bị chữi là còn hạnh phúc . nguoi ngoài ngọt ngào nhưng chắc gì đã thật lòng đâu,0,0,0.00047327697393484414
tao tưởng tượng sau này sẽ có 1 thằng bồ vừa điên vừa ngáo giống tao .. chắc vui hết sảy 🤣,0,0,0.0007354365079663694
sợ quá đi,1,0,0.0009576565935276449
cay và đắng nghe mấy ông lớn tuổi toàn kêu thế thôi,0,0,0.0009225580142810941
thấy dòng này quen quen . thấy đọc bình luận của ai á . haha . buồn cười 🤣 🤣 🤣,0,0,0.0005169913056306541
và đương nhiên sẽ có ngày cô ấy sốc vì giới tính thật của cô ấy !!!,1,0,0.004276048392057419
là nhân duyên trời ban cớ sao chẳng thành đôi :(,1,0,0.0005576461553573608
tau đã được bà nội vá quần 🙂🙂🙂,0,0,0.0006363410502672195
page bị hack rồi . video hay nhất mình từg xem,0,0,0.000574358447920531
""" tụi mình tuy không yêu nhau hai lần , nhưng nếu có cơ hội ... anh chắc chắn vẫn tặng em đoá hồng đẹp nhất """,0,0,0.0007283689919859171
chỉ khổ các con thôi !! sao người ta lại có thể mất nhân tính như vậy,1,0,0.0007972871535457671
crush của tao cười hơi bị xinh :3 xinh + cười = đỗ mãi • 3 •,0,0,0.00044389921822585166
dễ thương quá à ????????,0,0,0.00041384660289622843
chuẩn kkk 😁,0,0,0.0007656512316316366
ukm . nguy hiểm thật :'<,1,0,0.0005838166107423604
"đi chơi gặp 3 con mất dậy này vừa bị dí vừa bị cạp đít đau không chịu được sau phải nhảy lên cây để trốn , giờ gặp là sợ 😭😭",1,0,0.0006711172754876316
per mày cứ kén chọn đi chúng nó yêuc nhaooo hết rồi kia kìa ahuhu .. không tin vào mấy thằng ông nội cơ bắpppp nữaaa,1,0,0.0005835109041072428
câu chuyện lấy đi nước mắt của tao,1,0,0.0023784064687788486
"thằng bạn ngồi kế bên lớp 2 nhà bán vàng mà nó học dốt , thế là làm bình thường về nhà cho nó , 1 bài 2k , mồi ngày kiếm 8 - 10k 🤑",0,0,0.0007443243521265686
sự thật thì cố suy nghĩ vui vẻ hạnh phúc mà trong túi không có tiền chỉ sợ đất cũng không có mà ăn,1,0,0.0006594646838493645
nhưng tao đéo có crush,1,0,0.0014367561088874936
tận cùng của nỗi đau :(,1,0,0.0017529581673443317
cần tìm gấp bạn trai đáng yêuc như anh này trời đất ơi =)),0,0,0.0005014404305256903
đố ai định nghĩa được tình yêu . có khó gì đâu một buổi chiều . kề dao vào cổ yêu không hả . gật đầu lia lịa thế là yêu 🤣🤣🤣🤣🤣🤣,0,0,0.00046789011685177684
chẳng biết nói gì . xem video em cười suốt mà lòng tôi không thấy vui tẹo nào . thương em,1,0,0.0005667965742759407
cẩn thận mày lại có cháu sớm 🤣,0,0,0.0006174274603836238
cái dây ở ảnh đầu xinh vãi vậy,0,0,0.0008669036324135959
"lúc nhỏ mẹ nấu cơm bằng bếp củi , ttao thì không biết gì thấy lửa tắt thì chụm vô : )) mẹ ra quánh cho trận vì nồi cơm khét nghẹt 😑",1,0,0.0005710658151656389
"ngày xưa đi học gần trường có bày ngỗng , hôm nào nó cũng cà khía rượt tụi học sinh chạy sấp mặt luôn",1,0,0.0008428648579865694
tao thầy mày cười hí hửng vại mà ?,0,0,0.0007624657591804862
nhìn đáng yêu vãi :))),0,0,0.0004480940697249025
buồn thế nhỉ . t mới mua con per chưa nổi 1 năm . thế này thì biết sống sao 😨😨,1,0,0.0007142359390854836
đồng nghiệp của tôi thật tuyệt vời,0,0,0.0005636084242723882
per luôn yêu đời và luôn yêu công việc em nhé,0,0,0.0005047832382842898
"sợ nhất mấy đứa ảo tưởng sức mạnh , nhắn tin nhiều chút là auto mình thích nó",1,0,0.0010519050993025303
mẹ đang buồn ỉa mà trên đường về gặp mớ gờ giảm tốc kia thì phọt bà ra quần 😨,1,0,0.0006035373662598431
hay lắm . thằng anh giúp 2e thêm yêu lao động,0,0,0.00046663323882967234
"cô ấy rất tốt , nhưng tôi biết thứ nào tốt đều không dành cho mình",1,0,0.0030455945525318384
"nhổ tóc sâu cho bố , hình như được 500đ để mua kẹo dồi 😂",0,0,0.0004971824819222093
rất vui mừng khi ông ấy rời việt nam an toàn tuyệt đối ....,0,0,0.0006581643247045577
"vợ người ta chưa bao giờ làm tôi thất vọng , còn vợ tôi thì ..... đi hết 1 / 3 cuộc đời rồi vẫn chưa tìm thấy 😓",1,0,0.0012083608889952302
tao thì sợ nhất lúc nó mới cắt tóc,1,0,0.001356453518383205
"sau 1 thời còm men dạo khắp muôn nơi , cháu đã lên được fan cứng rất rất cứng 😆😆",0,0,0.000558521191123873
thằng nào sửa xe này dễ đau tim mà chết lắm . :)). nhất là những thằng sợ rắn .,1,0,0.0005444245180115104
ừ công nhận == không có tiền mua,1,0,0.0008284031646326184
chỉ là không có ai để nhắn thì mới nhắn cho mình . công nhận nguy hiểm,1,0,0.0009482915047556162
có tâm mới có tầm haha,0,0,0.0007576737552881241
"ngày xưa nuôi mấy con mèo . đêm hôm nó cứ lựa lúc cửa mở là chạy đi chơi mất . những lần nó không về buồn thối ruột , tối cứ mở cửa để đợi tiếng meo meo 😥",1,0,0.0008720106561668217
per ơ tao còn chưa kịp đến bắt tay mà :((,1,0,0.0005306018283590674
"chống mắt mà xem này khi bồ nói anh muốn đi tập gym thì dẹp ngay và luôn , măc công nó yêu thằng khác mất quá per",1,0,0.0008706955122761428
đúng chất dân miền tây hahaha,0,0,0.0009702862007543445
sống với nhau đến cuối đời người ta cũng chỉ mong có vậy .,0,0,0.0025367094203829765
đang trong lớp mà ứa nước mắt,1,0,0.0012260876828804612
nhìn quả mặt nó làm tao thoả mãn vãi,0,0,0.0007612094632349908
"😔 tao không lấy chồng nữa , ở nhà nấu cơm cho mẹ , tao sợ lắm",1,0,0.0013587834546342492
"chuẩn thế còn gì , phải có uy tín trong nghề mới thành công được",0,0,0.0010078201303258538
per ngôn tình luôn ở quanh ta nhưng nó đéo đến với chúng ta 😏,1,0,0.0009434259263798594
vận may s cứ xua đuổi mình hoài chứ có bao giờ tự tìm đến đâu ? đen thôi chứ đỏ quên điii nha . đời thường giết chết kẻ mộng mer như mình .,1,0,0.0007148794829845428
"nguy hiểm lắm , ngồi nhà lướt facebook thôi mà không cẩn thận thì mất tim lúc nào không biết",1,0,0.0011605429463088512
per tập gym đi mày có người yêu đấyyyy =))))),0,0,0.00045171240344643593
rõ ràng vẫn là một người mà cắt tóc xong nhìn đáng yêu vãi :v,0,0,0.0005281974445097148
tuổi lồn hù được bố m,1,0,0.0005850262241438031
dume sởn gai ốc 😭,1,0,0.000498573761433363
giờ thì chả dám nhìn nữa hic :((,1,0,0.0008301277412101626
"không phù hợp thổ nhưỡng , khí hậu . vậy mà vẫn tung hô , dải ngân để làm khổ dân . quả bóng trách nhiệm chẳng thuộc về ai cả . 😢😢",1,0,0.0005518061225302517
khóc vãi 😭,1,0,0.0006677248165942729
thề luôn con ngáo nó thích trêu mấy đứa sợ sợ như này =)),0,0,0.0005994524108245969
bố mày đã sợ nhện rồi xem cái video này ... vãi đái :(((,1,0,0.0005028608720749617
chỉ những người độc thân thôi,1,0,0.0016699940897524357
giữ mãi lòng nhân ái các em nhé ! tấm lòng các em đẹp biết bao .,0,0,0.00045825523557141423
hay quá,0,0,0.0005117142572999001
không cẩn thận phát là ngậm bả như chơi,1,0,0.0016800441080704331
"trải qua một cuộc bể dâu , rồi bể ong ???? lót dép hóng :v",0,0,0.0005320636555552483
xem mà rơi nói chuyện mắt khi ăn luôn 😭😭😢,1,0,0.0005138413980603218
má :))) đoạn đeo mặt nạ kinh dị vkl :)),1,0,0.0004490112769417465
mỗi tao thấy hồi xưa còn đẹp hơn à :))) bây giờ nhìn như bóng long xuyên vậy,0,0,0.0005553229711949825
hạnh phúc . mà hạnh phúc của đàn ông thì khó nói lắm . kaka,0,0,0.0006270933663472533
hahah thú vị ghê hen,0,0,0.0007910667336545885
yêu quá ! xinh quá ??????,0,0,0.00038044663961045444
đọc chả hiểu gì :( mất gốc rồi :(,1,0,0.0008947106543928385
bức ảnh xuất sắc ❤️,0,0,0.00043108558747917414
"có tớ nhé , bạn không cô đơn đâu .",0,0,0.002406727522611618
dăm ba con nhện nghĩ tao sợ (((=,0,0,0.0005737497704103589
có tiền sẽ thấy các vị gọi là thượng hạng còn không tiền sẽ chỉ thấy vị mặn của mồ hôi + nước mắt,1,0,0.001261211815290153
"ước gì boss không co chân lên , tao vẫn sẽ nghĩ là boss thật khí chất =)))",1,0,0.0005076751112937927
per dạo này béo quá rùi :(,1,0,0.0006164921796880662
"làm ca nào không quan trọng , quan trọng là có đồng bọn bảo yến nguyễn hạnh 🤣🤣🤣",0,0,0.0004349168739281595
thật tình là rất xin lỗi anh ở trog video . hi vọng sẽ gặp đuợc anh để xin lỗi và tạ tội với anh . thật ra hộp quà trong video là của con lol per với người yêu nó tặng nhau dịp sinh nhật . híccc,1,0,0.0005091789062134922
"sời , lừa làm sao được tao :))",0,0,0.0006319630774669349
may quá tao không xài huawei kkk,0,0,0.000793704588431865
thôi thì đi xem avenger lần 3 để tránh nóng nốt chiều nay không mai mưa rồi hehee,0,0,0.0008242782787419856
bác này nói hay,0,0,0.0007094662287272513
đối với thế giới này bà lão chỉ là một ai đó . nhưng đối với ông lão đó bà lão là cả thế giới 😊,0,0,0.0015706754056736827
pháp không còn khoảng thời gian bình yên nữa rồi,1,0,0.009327475912868977
"trời mẹ phim gì vậy thớt ơi , cười ná thở",0,0,0.000802083988673985
"tui thi ́ ch va ̉ i lă ́ mày ma ̀ ăn nhỉ ̀ u no ́ người lă ́ mày mọi người anh ̣ , bi ̣ lơ ̉ miê ̣ người",1,0,0.0018864745507016778
dễ thương vậy chời,0,0,0.0007230182527564466
bằng tuổi em các bạn đang ôn thi mà em phân vân không biết chọn trường nào :((,1,0,0.0006253786268644035
"ngày xưa , ngoài thú vui chọc chó dí , còn chọc cho ngỗg rượt . cách giảm cân hịu quả nhất cho mấy đứa lười 😂. nhớ lại vui thật , đúg là thời sửu nhi .",0,0,0.0005212036776356399
buồn hơn khi tôi còn là gái 🙄,1,0,0.0024369100574404
sau vụ 200k thì vụ 5tr này có nội dung hài hước y hịt :)))),0,0,0.0004557030333671719
per không lẽ sau này kím bạn trai không tập gym 😖,1,0,0.0007709137280471623
per làm gì quên được kkkkk,0,0,0.002103568287566304
tao của ngày này năm trước đang ước đừng lấy quỳ tím đem ra thử nghiệm . :(,1,0,0.0006875313702039421
"giống hệt mình , nhưng bạn may mắn hơn vì bên này quyết trốn nợ tận cùng",1,0,0.0007893765578046441
cái mặt hoang mang thấy thương 😆❤️,0,0,0.00046788231702521443
"tháng 10 đến rồi , em đừng buồn nữa nhé ❤",0,0,0.0008927792659960687
có đứa nào hồi bé không biết nấu còn tranh làm rồi quên không đổ nước như tao không :))),1,0,0.0005938299000263214
trời má cute vãi lozzzz,0,0,0.0004580338718369603
"quá bản lĩnh luôn , người đáng nể , tiếc là anh ấy sắp bị tử hình rồi",1,0,0.0006128784152679145
ngày tao chia tay tao khóc quá trời luôn,1,0,0.0007059617782942951
thật may em đã gặp được người tài xế tốt 🌸🌸,0,0,0.000429746403824538
per giống cái bữa mình viết ghê,0,0,0.0007123180548660457
chưa có cơ hội nói cảm ơn và xin lỗi . vì chúng ta xứng đáng được bình yên,1,0,0.0013087751576676965
các bạn đã xuất sắc hoàn thành nhiệm vụ,0,0,0.0004966065171174705
định share mà đọc bình luận tắt con mẹ nó cảm xúc :(((((,1,0,0.0004265799652785063
per kinh nghiệm nha,0,0,0.000532867677975446
chàng trai vàng trong làng bấm biển =))),0,0,0.0005188279319554567
chuyện buồn quá chúng mày à . tao không dám đọc sợ làm quyết tâm có người yêu của tao lung lay 🙄,1,0,0.0007033139700070024
giống chó này hình như không có lông ạ ?? chó nhà em lông rụng đầy nhà .. huhu,1,0,0.0005687580560334027
chời ơi mới chụp răng 2 bữa trước về không ngủ được tới nay luôn,1,0,0.0006300297100096941
trời ơi cái đoạn này em khóc tu tu luôn 😪.. trong khoảnh khắc rời xa một ai đó mãi mãi cơn đau thấu ngực trái huhu,1,0,0.0020046199206262827
sao giốg với mình v . nhưg mình từ bỏ rồi người ta hình như cũng có người khác . từ đầu là do mình ảo tưởg thôi giờ thì tỉnh đi cô gái ạ,1,0,0.0009463320602662861
tư duy của họ hơn hẳn 1 cái đầu 👍,0,0,0.0026571431662887335
rất thuyết phục,0,0,0.0007419529720209539
chỗ tao cũng có cây tình yêu < 3,0,0,0.0006778780953027308
1 % kìa rồi ra cổng gọi thế nào :)),1,0,0.0006410237401723862
hạnh phúc ghê,0,0,0.0005115673993714154
ba ́ o giâ ̣ tao ti ́ tao la ̀ mày hoa ̉ người loa ̣ n ngươ ̀ i dân . haizzz,1,0,0.0007384971831925213
đm main mới hay quá đi,0,0,0.00042807499994523823
per kỉ niệm nhất là những ngày trốn học cùng nhau đi xem phim 😂😂😂,0,0,0.00044560348032973707
nhìn cái bà này tôi chỉ muốn xoạc bà 1 cái . sao bà không là con trai nhỉ . ông trời quá là trêu người rồi,1,0,0.0006616018945351243
sư tử chứ dễ thương q . q gì,1,0,0.0006683302344754338
trai tài gái sắc .. danh ngôn rồi tài sản chứ tài gì !! 🤣🤣,0,0,0.0004325892368797213
"chịu hay không không quan trọng , quan trọng là không có ai lấy",1,0,0.0015140112955123186
điên khùng . nhưng hahahah . nhiều tiền quá mạ ơi,0,0,0.0010923253139480948
"thiệt là cao minh , hahaaa",0,0,0.0009019833523780107
"đôi khi cũng muốn dỗi lắm , nhưng nghĩ lại đéo có người yêu mà dỗi",1,0,0.0007308925851248205
trồi ôi mới đọc tưởng đâu người yêu,0,0,0.000694284972269088
em mình là con trai viết đẹp y chang thế này nhé,0,0,0.000585006142500788
"haha ,,, sao không kêu tao ..",0,0,0.0009121655602939427
mặt tao như này ai mê cho nổiiiii,1,0,0.0008649559458717704
"thứ yêu nghiệt , nhỏ g vẫn sợ nó nhất sau mấy con lắm chân t . t",1,0,0.0008819065988063812
anh tây này đáng yêu chết được cứ tiếng tuy hoà phú yên ma học đi nhá ☺️☺️,0,0,0.00041337028960697353
per sao bố lại đủ bình tĩnh để xem hết cái trailer này nhỉ . _ . sợ vãi,1,0,0.0006183976656757295
"xem đi xem lại không chán , best của best 😭",0,0,0.00044704065658152103
"cả đống người trên đường , mà nó chỉ dí mình tao 😭. t đã làm nên tội gì 😭😭",1,0,0.0008688688976690173
chàng trai mạnh mẽ !,0,0,0.0007489552372135222
tìm đối tác 😔,0,0,0.0004337890131864697
thấy cưng gì đâu,0,0,0.0016150700394064188
ngôn tình từ anh mà ra,0,0,0.0008886767318472266
tao được thấy nói chuyện mắt của bố tao khi tao bệnh và khi tao lấy chồng,1,0,0.004098362289369106
không biết thật mà hix .,1,0,0.0010374009143561125
per =)))))))))))) tao cười không biết chỗ nín lun,0,0,0.00047889791312627494
cứu tao :(( tao sợ rắn,1,0,0.001021610340103507
bộ cuối nhìn đau lòng thật :(,1,0,0.0006525536882691085
còn mình nhìn như thằng ngu,1,0,0.001031681546010077
thương chỉ sợ em không cho anh cơ hội thôi,1,0,0.0008611040539108217
per má có điểm cho sướng vãi,0,0,0.0005548293120227754
ôi không đừng vậy mà :((,1,0,0.0010459503391757607
phim hay vãi ấy xem lâu lắm rồi,0,0,0.0007022021454758942
chỉ cần 1 cây hoa . nói lên tất cả .. hi,0,0,0.0012359226820990443
điều hối tiếc nhất cấp 3 là chưa kí lên áo của nhau 😢,1,0,0.0005294459406286478
"ôi zồi ôi , nhìn cái mặt của ẻm kìa , yêu ghê :))",0,0,0.0004648930043913424
chào tháng 10 !! tháng sanh thần của tôi .. hi vọng mọi chuyện tốt đẹp,0,0,0.0006306151626631618
bây giờ tao lấy chồng rồi còn không có cơ hội ngủ với em gái 😫,1,0,0.0008320219931192696
đáng yêuc quad 🤤🤤🤤,0,0,0.00042248371755704284
có đứa nào đéo giật mình như tao không :))),0,0,0.000603421765845269
môn này đéo dành cho những người chân ngắn như tao :) bay qua chắc lọt mẹ xuống sông ^^,1,0,0.0004578396328724921
góp vui cho chủ thớt 😂😂,0,0,0.00046339165419340134
trông mặt buồn chưa kìa per :(,1,0,0.0005821820814162493
30s mặc niệm bắt đầu ...,1,0,0.0007233481155708432
"mà sếp cũng duyệt , cũng in rồi haha",0,0,0.000850902870297432
đm ngồi chờ đã rồi các tổng đài viên đều bận 😭😭😭,1,0,0.0007555806078016758
con gái chả thế :)))) con trai đi dume mày có nhận hàng không,0,0,0.0004885417292825878
ánh mắt thằng con muốn nói : cứu cháu hình như ba sắp ném con ùi,1,0,0.000914016563910991
"không được uống đã đành , ngồi dọn sấp mặt luôn , như con cáo và chùm nho xanh per",1,0,0.0006173633737489581
"kỳ nghỉ hè muộn của anh mà , xõa hết đi anh .",0,0,0.0009987863013520837
per chơi với con trai riết nên giờ đéo có người yêu nổi vì tính tình không khác gì con trai,1,0,0.0006608582916669548
chán mấy ông thanh niên .,1,0,0.0007983711548149586
má đáng yêuc quá dạyyyy ??,0,0,0.0004086253175046295
phim này mới ra được có tập 1 thôi . hay phết,0,0,0.0005803372478112578
mẹ đi ngầu chết mẹ đi được chứ kì quặc gì =)))),0,0,0.0004579766537062824
"per mày nhìn thành long hồi này có thấy giống mặt anh chung nhung hồi xưa không :))))). thề luôn , tao thấy giống vãi 🤣",0,0,0.0005173622048459947
t đã thử rồi mà dume vẫn la :)))),1,0,0.0005453579942695796
thạ timmmmm đùa tao yêu mặt nó lúc ôm đầu vlllll xinh quá con ưiiiiiiii,0,0,0.0004627992457244545
dự định tao là 28 nhưng giờ mà có bồ là bắt cưới luôn chớ sợ ế haha,0,0,0.0007299253484234214
"chủ động nói chuyện , nhắn tin khi có time . nhưng đời không như mơ",1,0,0.0008779980125837028
tuổi thơ của tôi =)),0,0,0.0006929113296791911
"cũng tùy , đôi khi không cần vật chất mà chỉ cần động viên , san sẽ những khi con mình vấp ngã hay khó khăn trong cuộc sống thì ...",1,0,0.0012192327994853258
khoảnh khắc tao nhận ra tao đã từng rơi vào hoàn cảnh bế tắc này 😌😌,1,0,0.09348725527524948
"per chị mày đánh lộn từ đầu làng đến cuối xóm thì cần chi bọn con trai , nhưng nhìn bọn nó dễ thương hén",0,0,0.0007751354714855552
"crush một ai đó là điều không bao giờ có rồi , vì mình vừa béo , vừa xấu gái , vừa vv and vv . auto nhục 😞😞😞",1,0,0.005562635138630867
"chúng mày nhìn , tao nuốt cũng không xuống nổi , ông địa",1,0,0.0018563901539891958
và rồi cô ấy sẽ mãi mãi không có người yêu =((,1,0,0.0007323599420487881
"đau lòng vãi . cứ tưởng là đùa . ai ngờ , bồ nhau thiệt . ơ . tớ có sừng không",1,0,0.0006334573845379055
nhiều khi nghĩ mình không phải con gái mà là 1 thằng đàn ông chính hiệu kkkk ....,0,0,0.0010077659972012043
vẫn ế bền vững,1,0,0.0017941396217793226
sao mình lại không xem được vậy admin 😭,1,0,0.001190470065921545
"khóc không chịu được luôn , và mình cũng sẽ làm được nếu phải đánh đổi tính mạng cho 2 cô con gái bé nhỏ của gia đình mình",1,0,0.0008891699835658073
ảnh đẹp quá 😍,0,0,0.0004263458540663123
ui còn chưa kịp đi xem đã rút rồi :((,1,0,0.0006038635619916022
per bếp lò xo huyền thoại của ngoại hay nấu nè,0,0,0.00043576015741564333
cả 2 kẻ này đều đáng sợ !,1,0,0.0014360074419528246
muốn tạo ra niềm tin đôi khi bạn cần sự dối trá 😉,0,0,0.0024645912926644087
xài vietcombank sinh nhật cũng không được chúc luôn :((,1,0,0.00048163667088374496
buồn cho số phận 😢,1,0,0.0006056495476514101
"lâu rồi mới thấy trailer chất như lày , so excited",0,0,0.0006101999315433204
quả mắt nhìn sợ vãi,1,0,0.000840711931232363
quê vải mà chưa được ăn quả nào . huhu,1,0,0.0006301855319179595
chẳng bằng bố tao 13 năm tự nhiên hỏi bố biết tên con là gì không thì chần chừ một lúc rồi phun ra tên chị tao,1,0,0.0009035664261318743
vì chúng ta không nên nói chuyện với nhau nữa,1,0,0.004641458857804537
"sợ vãi , mém xỉu",1,0,0.0008611968951299787
"tự nhiên thấy tụi con gái khóc tu tu , thế là mình lủi ra ghế đá trước lớp ngồi . tự nhiên cô dạy văn cũng ra theo xong ôm mình khóc ,",1,0,0.0010031210258603096
"bị ngỗng mổ sợ vãi_chưởng , hồi bé tao đã không sang nhà b tao cả tuần trời vì nhà nó mới nuôi ngỗng mà bình thường tao toàn ăn chùa cơm nhà nó thiếu điều làm con nuôi nhà nó nữa thôi :))) nhắc lại mới thấy sợ vãi",1,0,0.0005648385849781334
mùa thu năm ấy cta đã gặp nhau ?,1,0,0.0011758700711652637
thích :)))) đi làm vui hay không là có đồng nghiệp tốt đừng chơi xấu mình là được :)),0,0,0.0004370601673144847
chỉ sợ lúc nó dí,1,0,0.005559778772294521
tao là thằng chưa bao giờ giận người yêu vì người yêu tao không bao giờ làm gì có lỗi hết,0,0,0.0008913313504308462
ai sẽ cùng tôi mang nỗi đau này cơ chứ,1,1,0.996192455291748
tao rất sợ mất đứa tỏ ra như thế,1,0,0.0020583770237863064
rơi mất tim . nguy hiểm thiệt ^^,1,0,0.0005956267705187201
phim này xem rồi ý nghĩa vài,0,0,0.0006062411703169346
chắc học từ bỏ quá,1,0,0.002156896749511361
t đu ́ theo thôi :v tao biê ́ tao thư ̀ anh no ́ la ̀ shipper,0,0,0.000601205334533006
bởi vì gặp nhau sai thời điểm nên tôi mất người mãi mãi ...,1,0,0.0008466996368952096
cưng ghê ❤️,0,0,0.0004667873145081103
mới đi nhổ răng số 8 và chụp 😞,1,0,0.0008160395082086325
chưa được đi pháp mà huhu,1,0,0.0011083828285336494
"t không tiếc mấy ly trà sữa , chỉ thấy tội cho mấy cô lao công dọn dẹp mà thôi 😔",1,0,0.0007773864199407399
qua chạy xe nẹt nẹt bốc đầu bố ai dám dô,1,0,0.0007682885625399649
thế chân ngắn như tao thì phải làm sao với cái cầu,1,0,0.0013557496713474393
đó là khi tao muốn cắn ai đó điên cuồng :),0,0,0.0016555356560274959
"ước gì mày được quay về tuổi thơ , trước mày cũng có 1 b trai như vậy đó",1,0,0.0007161183748394251
chuẩn luôn :3 độc vô tình bắt gặp thôi cơ mà giờ tao bị ăn bơ rồi 😭,1,0,0.0005784608074463904
hình như sau boss bị chết ạ,1,0,0.0012887862976640463
per thế mà cháu tôi không biết chơi 😭😭,1,0,0.0005574708338826895
mẹ nó chứ xem xong mình khóc hết cả nước mắt,1,0,0.0008223349577747285
chả mong gì nhiều chỉ mong về già được như hai ông bà ! 😊😊😊,0,0,0.0005080487462691963
dăm ba cái trò nấu cơm này sao làm khó tao .,0,0,0.0008026387658901513
"công ăn việc làm còn chưa ổn định , bố mẹ già còn chưa lo được thì kết hôn để làm gì 😪",1,0,0.0009224319364875555
sợ vãi nồi tao còn tg thằng kia bay ra cơ :)))),1,0,0.000544321199413389
khổ nhất người có bầu,1,0,0.0020445522386580706
thế thì nó lại tốt quá,0,0,0.0010006926022469997
với mình đoạn mấy thằng đỡ đẻ là hay nhất,0,0,0.0005156887345947325
mày xinh ghê vậy :d,0,0,0.0004982617683708668
lâu lắm rồi mới nghe lại bài này 😀,0,0,0.0007598624797537923
bình thương tao hay cười lắm . nhưng khi tức tên ... tao lại khóc . quá yếu đuối,1,0,0.07684628665447235
hmm hãy tưởng tượng nó là một chú gián xink xắm xoè cánh thiên thần bay đến ... 😞,0,0,0.0006661687511950731
em chân thành nên em tổn thương,1,0,0.001323628006502986
ngày xưa hồi còn học mẫu giáo mỗi lần đi qua là nó rượt tao chạy té khói dume còn thiếu nước chạy lại quỳ xuống van xin nó nữa thôi . đến giờ nó vẫn là nỗi ám ảnh với tao :)),1,0,0.0005842851242050529
ko 1 từ nào để diễn tả bộ phim này ...,0,0,0.0040766107849776745
"per đó là lý do tại sao em luôn nói với anh , có gì cũng phải nói ra",1,0,0.006890884600579739
xem video nay sao mà sướng hết thằng người,0,0,0.0005310924607329071
coi ảnh này nổi cả gai ốc,1,0,0.0007680675480514765
cưng chết,0,0,0.0016468248795717955
thề dume c còn hết hồn nói chi đến khách =)))) sáng sớm ra mở cửa với tối đóng cửa thôi độ gan dạ cũng phải tăng lên mấy chân kính =)))),1,0,0.00048706185771152377
"per trừ điểm , trừ điểm",1,0,0.000811682315543294
"chị ấy cười với tao kìa chúng mày , hạnh phúc ghê 😊",0,0,0.0005629630759358406
lại đến giờ giải trí rồi mềnh ơiiii per =))))),0,0,0.0004535485350061208
nhìn thôi đã đau lòng,1,0,0.0016983681125566363
per có sub rồi nè . má coi đi coi lại vẫn mắc cười . với đưa anh stk đi,0,0,0.00048823628458194435
câu được chục con heo vàng chả được cái gì,1,0,0.0014011721359565854
thú vị vậy =)),0,0,0.0006077807047404349
ngày xưa đi học đạp xe qua cứ tưởng được quay phim đưa lên truyền hình :)),0,0,0.0005525453016161919
bằng tuổi người ta mình vẫn còn mải nghĩ chiều nay ăn gì 😢,1,0,0.0008577530388720334
các bạn nữ đập đầu vào tường chết hết rồi,1,0,0.0015660789795219898
cặp này lầy mà dễ thương,0,0,0.0005239612073637545
nhìn hói mà thấy thương gê ??,1,0,0.00047006498789414763
móng tay và tóc theo thời gian thì mọc càng dài tại sao chỉ có con chim là nó không mọc dài hơn nữa ta,1,0,0.0009246396366506815
cao quá cũng khổ chứ sung sướng đéo gì 😓,1,0,0.0007443754002451897
per một thời nè 😃,0,0,0.0006727899890393019
tôi ở phú yên và anh này nói rất chuẩn < 3,0,0,0.0007137103239074349
có đứa nào vừa coi vừa nuốt nước miếng như tao không ?,0,0,0.0015393455978482962
đó là 1 câu chuyện buồn,1,0,0.005624056328088045
nó mà cắn ai 1 phát thì ... nghĩ thôi đã rùng mình,1,0,0.0010448208777233958
không phải thích của cải mà là thích ý chí của họ . đàn ông có chí tiến thủ bao giờ cũng quyến rũ,0,0,0.0006177473696880043
"có tài nhưng đôi lúc muốn làm diễn viên hài 🤣🤣🤣, khoái thanh niên này buồn cười vkl",0,0,0.0004913905868306756
siêu phẩm để đời .,0,0,0.0006198894698172808
đựng túi nilon là chất rồi 🤣,0,0,0.0012048010248690844
😭😭😭😭😭😭,1,0,0.0006674528121948242
đúng . biết là sự thật tàn nhẫn nhưng vẫn muốn biết rõ cho nhẹ lòng hơn :(,1,0,0.0006969724781811237
"nhỏ thấy qua 1 lần , nó bị cột ngay trước cửa nhà người ta ở trong hẻm , mỗi lần đi ngang qua là nó lại định lao tới cà khịa",1,0,0.00153552764095366
per thần thái còn phải thua haha,0,0,0.0005914918729104102
per dã man,1,0,0.001046392717398703
"ở nói chuyện ngoài hộ không khì thị về giới tính , họ cho được kết hôn . chứ họ không kì thị như ở việt nam mình hai người kia họ thật dũng cảm khi sống thật với giới tính của mình",0,0,0.0008252210100181401
tao đang chờ xem bà ấy được nghe nhạc ý mà hết video 🤣,0,0,0.0006883489550091326
"1 bộ phim phải nói trên cả tuyệt vời , xem đi xem lại cả chục lần rồi mà không ngán",0,0,0.0004776461864821613
tận cùng của tan vỡ,1,1,0.9984866380691528
làm kiểu không cần bẻ phê hơn =))),0,0,0.0004956009797751904
còn gì đau đớn hơn cảnh này :(((,1,0,0.0005245379288680851
tuổi thơ của tôi cũng từng có 1 người c . trai bỏ mặc tất cả để bảo vệ tôi 😘😘😘😘,0,0,0.0009346320875920355
per ông xã xem khúc nó kéo xe chở con chó nè :)) đọc bình luận hài hước ghê,0,0,0.00045780622167512774
đáng yêu như em tao ý . cứ mỗi lần nó quyết định ngủ ở đâu là nó lại đấu tranh tư tưởng 🤣🤣,0,0,0.0005666183424182236
không có gì là tồn tại mãi nhỉ,1,0,0.0017373858718201518
nhưng tôi đéo có bạn trai thì phải làm sao ?,1,0,0.02748722955584526
giờ mới biết =)),0,0,0.000600508414208889
cần gì những thứ xa hoa lộng lẫy đâu . dù chỉ 1 bông hoa nhưng đong đầy yêu thương nhắn tin đã cảm thấy đủ hạnh phúc rồi 😊😊😊,0,0,0.0005538648110814393
hồi bé bị ghiền mùi này :)))),0,0,0.0005115077365189791
may mà còn gỡ lại được 1 miếng sắt lớn của tàu hỏa nó bung ra nên bán đi cũng đỡ được vài đồng . kaka,0,0,0.000629291869699955
"đẹp quá mày , còn không cho tao xin ít",0,0,0.0008312818827107549
:))) 1 phần của bài quyền là phải gẫy gậy và té sấp mặt luôn để đỡ bị đối phương đâm lòi phèo,1,0,0.000506682088598609
chất lượng âm thanh bản này hình như nghe hay hơn bản gốc hồi mấy năm trước nhiều < 3,0,0,0.0005839682416990399
hay lắm,0,0,0.0005886301514692605
kết thúc 3 năm cấp 3 là khoảng tg đẹp nhất nhưng nó cho ta nhiều kỷ niệm đầy tiếc nuối 🤔,1,0,0.0006433286471292377
cái này chỉ sướng mấy anh đèo mấy em ngực bự đi đường này nẩy tâng tâng,0,0,0.0005564838647842407
ơ tao cũng học ông này hướng dẫn hay sao ấy :))))),0,0,0.000559519452508539
anh em để tao hưởng trước nào,0,0,0.0013570827431976795
"giờ đây chúng ta , những con người của ngày ấy giờ không còn nữa ... những lời nói về mai sau nhưng ta đâu ngờ sau này chúng ta càng trở lên xa lạ",1,0,0.001691250130534172
lâu lắc chưa xem lại !!! 😳. một bộ phim vừa ý nghĩa vừa hài hước ! 👍,0,0,0.00037905469071120024
e quê bg mà mùa vải còn không có vải mà ăn @@@,1,0,0.0005062384298071265
"kéo bấc mòn cả tay , ma nghĩ lai thấy nhớ thời đó nhỉ 😂😂😂",0,0,0.0004844494687858969
lấy vợ xong béo quá rồi . hình như ai cũng v à 🙃,1,0,0.0006634545279666781
đi học về thấy bán hoa đây đường mà cảm thấy tội cho bọn có gấu ... lại tốn tiền,1,0,0.0006846802425570786
"mọa , mình nhà thanh hóa mà đéo biết gì luôn @@ :((((",1,0,0.0004634819633793086
đám tụi tao đi chơi xưa nay đều dọn sạch đồ mình kêu hoặc xếp lại gọn một chút cho người ta đỡ dọn .. cái này là sự ý thức thôi …,0,0,0.0009487713687121868
xem không dưới 3 lần chia sẻ không dưới 2 lần nhưng mỗi lần nhìn thấy lại xem lại buồn,1,0,0.0006172553985379636
per năm nay 2 đứa quyết định ngồi hay đứng kkk,0,0,0.0008907655137591064
nắng cũng đã sắp tàn sao mà chả thấy em đâu ...,1,0,0.0013137018540874124
bình tĩnh vãi_chưởng =)),0,0,0.00045677245361730456
bà tao mất rồi :<,1,0,0.000640242244116962
"đuma tao đang ở đấy nè , vừa đi vừa ôm túi sợ cướp :((",1,0,0.0007512944866903126
câu nói quá chuẩn và ý nghĩa 👍,0,0,0.0004639998369384557
một bình luận của người trong cuộc . đọc xong thấy ấm lòng cho per !,0,0,0.0005819005891680717
đã thử và rất thích thú 😆.,0,0,0.001270543783903122
tao tưởng nó té cái đùng chứ . làm ngồi chờ mãi mỏi cả mắt,1,0,0.0008810783619992435
"mà hiệu quả bất ngờ quá , quá đỉnh .",0,0,0.0004916213802061975
cuộc sống mà =)),0,0,0.0011822950327768922
"nó gieo cho tao mầm hi vọng , hi vọng vừa chớm nở nó đạp xẹp lép sự hi vọng bằg sự lặng im",1,0,0.0013069019187241793
đề nghị admin xóa bài đi ạ . chứ bố mẹ em sắp đi chợ về rồi ạ :(((,1,0,0.000549633230548352
mèo nhà tao cũng từng đi lạc vì bị chó rượt tưởng mất rồi . sau mấy tháng thấy nó trở về nhà mừng vãi 😁,0,0,0.0008570166537538171
chắc phát khóc mất 😭,1,0,0.0009658138733357191
chủ quán này xinh gái lắm nha !,0,0,0.0005481625557877123
nghe bài này nhớ nyc vãi,1,0,0.0005323704099282622
lúc rài không gặp được mặt cờ rút nữa 😪,1,0,0.0006488569779321551
tao phải công nhận là nó giỏi vãi . từ đứa diễn đến đứa quay và edit video .. giỏi vãi 🤣,0,0,0.0006077992147766054
cười đau bụng :))),0,0,0.0004703596932813525
tê tê phê phê sung sướng vãi 😌,0,0,0.000965108338277787
tao có hiểu đéo gì đau,1,0,0.0019321220461279154
rồi nhận ra chỉ mình là cảm thấy như thế thôi hả :(,1,0,0.001190733746625483
thôi mình nói đùa đấy :(,1,0,0.0008537705871276557
thiệt là dễ thương quá đi mất . 💕,0,0,0.0004948045825585723
ghê quá đi,1,0,0.001158431638032198
"thương tra ̀ o nươ ́ c mă ́ tao ... cuô ́ i cu ̀ người thi ̀ ban la ̃ nh đa ̣ o bă ́ c ninh đa ̃ lên tiê ́ người giu ́ p đơ ̃ ca ́ c be ́, du ̀ qua ́ muô ̣ n @",1,0,0.0006506912759505212
cha mẹ tao còn cãi lộn nhau vì không biết ngày sinh tháng sinh của tao là dương hay âm 😢😢,1,0,0.0009653341257944703
per đã nhẫn nhịn lắm ... đến khi con sen tao cứu tao thì tao đách có sợ đâu nhaaaaaaaa 😂😂😂,0,0,0.00048249942483380437
"có bao nhiêu đôi ngôn tình , cớ sao lìa xa mình ta :((",1,0,0.0005475077778100967
dăm ba chuyện hẹn hò có gì hay ho 😌 nhưng mà thi thoảng có dăm ba cái chuyện này cũng hay 🙂 tóm lại xem để giải trí đỡ buồn cũng tốt 🙂,0,0,0.0005280332989059389
lâu quá rồi mới nghe lại bài này . từ lúc ctay mối tình đầu :((,1,0,0.0005131118814460933
bị bắt nạt im re hà hiền khô luôn thấy tội nghiệp ai dè tới chừng ...... ha ha ha,0,0,0.0005282824859023094
dể thương quá ah,0,0,0.0004329342918936163
chị em mình giờ nói ít thôi haha,0,0,0.0010907811811193824
không biết nói sao ... nghiện chuẩn mẹ rồi ... crush ợ . mà nó nhẫn tâm lắm hồi trước còn hay call video . từ hôm tao cạo trọc y như là mất tích luôn . chắc phải để tóc mọc lại tao mới dám gọi . 🤭,0,0,0.0005221011815592647
con dang yêuc qua ha,0,0,0.0007192227058112621
pháp luật là bạn của nó rồi anh ah vì quen anh anh chị b trên quận ah nên em cũng sợ lắm ah :-(,1,0,0.0008245100034400821
con lai xinh phết ??????,0,0,0.0004127772699575871
muốn được đi một lần 😆😆😆,0,0,0.0007012840360403061
đm tao biết trước cả sự việc kiểu lìn gì cũng có nhện nhảy lên màn hình . vì mấy năm trước cũng có 1 thể loại giống như vậy . đm hú nhồn,1,0,0.00088051229249686
t thích nhìn mắt của crush hơn là nhìn nó cười,0,0,0.0010498478077352047
hihi : chúc mừng đại kỷ nguyên có lắm người yêu,0,0,0.00047607524902559817
cần lắm những sẻ chia . cần lắm những thấu hiểu,1,0,0.0013976622140035033
làm ở đâu không quan trọng . quan trọng là có chị em tốt để tạo nghiệp :)))),0,0,0.0005455678328871727
hơn cả bộ phim kinh dị !,1,0,0.0007926109246909618
ngồi nhìn nó ngủ cũng thấy dth vler đừng nói cười 😌,0,0,0.0006637598853558302
"kết nhất cái điệu "" xời quá là điều bình thường luôn """,0,0,0.0005142787122167647
hời ơi ... cưng xĩu,0,0,0.0005109242047183216
"thích chị này nhất phim í , bé bé xinh xinh lại diễn rất đạt :3 . hy vọng mai sau sẽ có bước tiến lớn và thành công hơn nữa < 3",0,0,0.0003985679941251874
nguy hiểm,1,0,0.009290562942624092
per giờ thằng gù nhà thờ chạy đi đâu đây :(,1,0,0.0006176549941301346
haiz nuôi được nuôi không thì thôi chứ nuôi mà để v coi được haizz,1,0,0.0007453745347447693
lương cũng sắp về rồi 😉,0,0,0.0009123941999860108
mình đã về đến nhà an toàn hihi,0,0,0.0007200402906164527
trồi ôi bài hát đỉnh caooooo,0,0,0.0006538080633617938
per anh tặng vợ cái bát nha kaka,0,0,0.0005524826119653881
boss mắc bệnh nghiện vợ 🤣🤣😭,0,0,0.0005090065533295274
vì tao hay bị chúng nó chọc nên thấy buồn,1,0,0.0031986269168555737
ko biết crush bây giờ có ở nhà không nữa 😭😭😭😭,1,0,0.000541538349352777
per đem rác về nhà vứt luôn haha,0,0,0.0006629431736655533
xem xong tao đã khóc rất nhiều,1,0,0.0009489467483945191
"nước mắt tự trào ra , thật sự rất cảm động 😢",1,0,0.000924417283385992
không hiểu sao đoạn này rất kích thích trái tim hủ nữa của tao =)))),0,0,0.000468680722406134
nhìn cái muốn cong :d,0,0,0.0008150851936079562
mới gọi điện thoại xong mới cười với tuii xong heheh anh đáng yêu vãi,0,0,0.0004588361771311611
đi đường buổi đêm nhìn thấy hãi vãi ??,1,0,0.0006134943687357008
"có ai lần đầu bắn kéo ngược ra phía trước đạn bay vào mặt giống tao không , đau điếng",1,0,0.00095079664606601
đôi khi có tiền cũng không đi được đâu vì đéo có ai đi cùng,1,0,0.0026771624106913805
cưng quá,0,0,0.0005684965290129185
khi cô đơn lòng em nhớ ai :((,1,0,0.0007030448759905994
"cha quay phim cũng không phải dạng vừa , mẹ diễn viên thần thái vãi",0,0,0.0006663237581960857
"1 câu mà người ta hay nói , đắng như vị đời 😌",1,0,0.0009444665629416704
mẹ tao cũng thix em này 😅,0,0,0.0006071716779842973
rất ghét phim ấn nhưng phải nói phim này hay 👍,0,0,0.0004996329080313444
tôi trưởng thành vclll,0,0,0.001526127103716135
hy vọng sẽ mau tìm được anh người yêu thật tốt để 5 năm sau có một gia đình như vậy ❤️❤️,0,0,0.0004830465477425605
thực ra chủ nó cũng bẩn vãi :) vầy quá kinh dị rồi :),1,0,0.0005455039790831506
cuộc sống là cho đi ❤ đôi khi chỉ cần được thấy họ cười là bản thân thấy vui rồi ..,0,0,0.000985806225799024
cực kì bản lĩnh lẫn liều lĩnh,0,0,0.000620612467173487
tôi còn chẳng lấy ảnh lớp cho nữa,1,0,0.0011239027371630073
nấu cơm như vậy xong đi lên nhà xem hoạt hình .. đến lúc hết phim xuống để xới cơm thì .... khét lẹt,1,0,0.0006191413849592209
tớ có thấy con ngáo đấy nhưng không dám lại sờ huhu tt,1,0,0.0008225548081099987
muốn share về mà sợ bị bạn nè phẫn nộ quá,1,0,0.0008706299122422934
kiểu lâu lâu cũng không được nhắn tin cho ai như thế nên cũng muốn tình cảm xíu =)))) biết đâu,0,0,0.0005353566375561059
tao tháy gái nguy hiểm vãi,1,0,0.0007651697378605604
câu hỏi thú vị 😃😃😃,0,0,0.0006145478691905737
đcm ác mộng,1,0,0.0006580438930541277
xem phát khóc mẹ luôn 😭😭😭,1,0,0.0004377809236757457
"per nhớ ngày xưa gần nhà mày có đàn ngỗng , tụi khốn nạn đó toàn đi dàn hàng ngang chắn hết đường hết lối , mỗi lần tao đạp xe qua là rượt tao gần chết :v ám ảnh vãi",1,0,0.0006746614235453308
crush của tao đi làm rồi . hihee . sáng mai mới về cơ 🤣🤣,0,0,0.0006636777543462813
dễ thương 😂,0,0,0.0005010149907320738
khổ thân vãi :)) xong bà lườm luôn :)),1,0,0.0004691402136813849
có con gái thật tuyệt ! 😍,0,0,0.0005430634482763708
"nhạc buồn quá . bài này là bài "" chia tay trong chiều hoàng hôn nắng úa màu "" - justin bieber cho bạn nào chưa biết nhé . :'(",1,0,0.000446927995653823
mày giận lại tao hả tốt quá bố mày được đi chơi game rồi . tối về dỗ nó sau . chờ mãi câu giận của mày :)),0,0,0.0004971952293999493
đag bị cuồng mấy video của chế này . ai có ngoài video này tag cho mình xem với nhé 😂😂,0,0,0.0005522009450942278
nhìn dáng đi mà nhớ ông nội 😞,1,0,0.00048403433174826205
per hihi nhớ không,0,0,0.0007434152066707611
3 giờ sáng nằm xem xong khóc miên man 😢😢,1,0,0.004130655899643898
đm trí tuệ vãi,0,0,0.0007534394389949739
"sau khi kết hôn , anh sẽ thuê người giết cô để hưởng trọn tiền bảo hiểm 😌",1,0,0.0009077810682356358
"đó là lý do tại sao tao chẳng bao giờ đi hùa mấy bài bóc phốt , xem cho vui rồi lướt thôi :))",0,0,0.0006778890965506434
t phải tìm bạn trai là nhiếp ảnh gia mới được 😆,0,0,0.0006996465381234884
hình như anh nay đóng phim ngây ngô thì fải ... phim đó hay lắm các bạn nên xem,0,0,0.0005115155945532024
cảm thấy bị tổn thương,1,1,0.9764801263809204
động lực của phan con gái,0,0,0.0011445508571341634
anh ấy không thương tao,1,0,0.002625109162181616
ha ha ❤️ chất lắm,0,0,0.00042677580495364964
yêu chết đi được .,0,0,0.0011327896500006318
một cách bán hàng nta gọi là đẳng cấp,0,0,0.0037790003698319197
cute vậyyyyy,0,0,0.0009402825380675495
"bắt cóc như chơi đó mậy , be careful",1,0,0.0008233864791691303
xem đi xem lại vẫn hay ;)))))),0,0,0.00046736595686525106
không biết s chứ ngày lúc 17t tao đi phục vụ phòng karaoke ... mình tao 2 phòng chạy qua chạy lại mệt quá vì xỉn ... kkk . thế là tao nghỉ trong ngày đầu vào phục vụ karaoke .🤣🤣🤣,0,0,0.0006035229889675975
nghe quả tên nó đã khét vãi rồi . :))),0,0,0.0005788336275145411
cho nó cắn phát xem có thành spider man không 😂,0,0,0.0008021031389944255
nó ốm nhom thương ghê :(,1,0,0.0004325710760895163
trẻ trâu việt nam thật đáng sợ,1,0,0.0008705005748197436
per hóng phim này dụ dỗ mọi người xem tiếp nè anh :v,0,0,0.0004993529873900115
cíu tao khỏi hai tên đồng nghiệp bị crazy huhu,1,0,0.0006374949589371681
tuổi thơ mình lớp 4 đã cảm nắng 1 anh chàng từ 1 viên phấn vôi .,0,0,0.0009737784857861698
"per chưa bị rượt mà đọc bình luận thấy sợ quá , chắc tao sợ chó không là gì với con này :)",1,0,0.0005221089231781662
người ta có bạn bè nhìn vui thật,1,0,0.0006741751567460597
"đã dùng , nhớ quá ngày xưa",0,0,0.0007464040536433458
tiền mất tật mang . xe đã nát rồi giờ còn phải đền cách cửa cho tàu nửa,1,0,0.0008916680817492306
người gì đâu mà đẹp trai hết sức !,0,0,0.0007508303970098495
"haa ... haa ... ! đúng là có thay đổi lớn ! ngồi nhâm nhi ly cafe , phì phèo điếu thuốc nhìn thiên hạ cũng vui kkk ... !",0,0,0.0004981706151738763
"tao toàn thế giận tao tao dỗi lại , lại phải dỗ tao . hahahaha",0,0,0.000672896858304739
lại công cốc rồi . cả thế giới kì vọng,1,1,0.9919374585151672
ước gì tôi cũng được kiên trì như anh ấy để dạy con gào mất nết nhà tôi 😪,1,0,0.000786888413131237
lạy ông nào nghĩ ra kịch này !!!,0,0,0.0006907797651365399
đứng trước mặt nó tụt quần ra auto hết giận,0,0,0.0009417403489351273
công nhận 😌😌😌 đồng nghiệp hạp hạp tí có khi ngồi buôn cả ngày bám hơn cả bám người yêu . đi làm hôm nào cảm thấy hôm đó ý nghĩa vãi,0,0,0.0004753563553094864
chủ thớt sấp mặt rồi,1,0,0.0023750080727040768
ngày ấy cũng từng như vậy ☺️,0,0,0.0013208858435973525
quan trọng là đỉnh ^.,0,0,0.0020766707602888346
"mình chưa từng thấy phim nào ý nghĩa như phim này cả , nó dạy cho ta về nhiều mặt trong cuộc sống , khi vui , khi buồn",0,0,0.000968021631706506
tính ra con bé đó chuyên nghiệp ấy chứ,0,0,0.0009924027835950255
những người thả phẫn nộ xứng đáng là thiên thần . dăm ba cái yêu đương vớ vẩn . ahuhuhu,1,0,0.000458502589026466
"per anh nào nhắn vậy là tao yêuc luôn đéo suy nghĩ , ngọt vãi",0,0,0.0004759139847010374
đm cười ĩa,0,0,0.0011237700236961246
nhớ tới mối tình đơn phương !,1,0,0.0005621148739010096
mỗi lần có video của con là cứ coi đi coi lại hoài . cưng con quá .,0,0,0.0004954039468429983
là do bản thân tao ngu thôi,1,0,0.002678383607417345
per đã hiểu tại sao thằng bạn mình đam mê gym .. thì ra đây là nơi nó được sống thật với giới tính của mình ..🤣🤣🤣,0,0,0.000863144698087126
"3 idiots , bộ phim rất đáng xem",0,0,0.0005687686498276889
"cái quá phơi lúa xong mưa , tao đang cười vì bà béo thì phải ngậm mồm .",0,0,0.0007135998457670212
nhà tôi còn nè,0,0,0.0007908571860753
"mấy anh làm video đầu tư ghê , nội dung diễn xuất hay",0,0,0.00045283205690793693
"kinh nghiệm được truyền lại là khi nào nấu xong bỏ tí "" tro "" vào lần sau không phải nấu 😊",0,0,0.0009414792875759304
"đó là 1 câu chuyện buồn , tao không có bạn trai hix hix",1,0,0.0011692307889461517
haha . dễ thương gê 😊😘😘,0,0,0.00040198411443270743
"đúng vại , với ai nó cũng tỏ ra như thế . hihi 😂",0,0,0.0007717825355939567
hạnh phúc phát khóc,0,0,0.0005947400932200253
ông thần tài cũng không dám ăn luôn,1,0,0.0009003720479086041
thương quá . géc nhất những người nuôi chó mà không chăm ... tội cho kiếp em nó gặp phải 1 người chủ như vầy . thân thương !,1,0,0.00047454997547902167
"hồi nhỏ hay bị ngỗng rượt , vừa chạy vừa khóc la 🤣🤣",1,0,0.0007692031795158982
1 câu chuyện buồn :)) khuôn mặt biểu cảm :((,1,0,0.0005266946973279119
đúng là tốt quá lai thành lạm dụng 😶,1,0,0.0008650457602925599
ngô ̀ i đo ̣ c bình luận chu ́ người no ́ tag người yêu va ̀ o ma ̀ sô ́ người mu ̃ i la ̣ i cay =)),1,0,0.0004586892027873546
hôm qua tao cũng xem chục lần :))) bài đếch gì hay vãi :)))))),0,0,0.000476155400974676
cmt thế thôi chứ thật ra còn trả dám ấn vào video để xem . đời tao tởm nhất là lũ nhện mà hay gặp vãi :((((,1,0,0.0005052475607953966
tưởng mai đi họp phụ huynh mới bị u ám . ai ngờ hôm nay mới biết điểm anh 9 . 5 thôi đã u ám rồi :),1,0,0.0005458733648993075
cả tết được có 400k :(,1,0,0.0009137679589912295
xem xong thấy buồn quá,1,0,0.0005498608807101846
mai đến phòng đi tập luôn,0,0,0.0012098710285499692
per ông đó có đôi mắt đẹp ghê,0,0,0.0006809050100855529
tao đéo ghê con rắn tao ghê mấy cái trồi lên kìa :))),1,0,0.0005203573382459581
"mới đầu mày sẽ thấy vui , từ từ nó quậy cho mày ????",1,0,0.0014476004289463162
tanh bành cuộc đời rồi,1,0,0.4843345582485199
cảm giác vừa uống cà phê vừa hát mỗi ngày bình an lắm,0,0,0.0005420416127890348
dm . đồ dạo này lắm tạp chất hay s í nó đéo phê nhg mà vẫn bị ngáo,1,0,0.000537182146217674
đến giờ tao vẫn chưa biết biển là cái gì ad ạ .,1,0,0.001986125251278281
là đi phát tờ rơi ngay mấy ngã tư và cổng trường đại học ! được 200k về mua skin yasuo siêu phẩm 2016,0,0,0.0005338180344551802
có ai xem xong không sợ với không giật mình như tao không @@,0,0,0.0007502496591769159
nổii da gà hic,1,0,0.0006777821108698845
bạn trai người khác không bao giờ làm tao thất vọng =))))),0,0,0.0005210432573221624
cám ơn các anh,0,0,0.00103478180244565
tuyệt thật,0,0,0.0005563205340877175
crush bị thịt hay không không quan trọng . t chỉ sợ vợ tao đang bị thg nào đó gạ địt thôi . nghĩ mà buồn,1,0,0.0007687060860916972
per có nên áp dụng với anh hàng xóm không nhể 😆😆😆,0,0,0.0006212344160303473
t chỉ sợ cảnh đấu kiếm :((,1,0,0.0005445329588837922
bà của tôi đã không còn khi tôi còn chưa biết gg là gì,1,0,0.0628199651837349
"mỗi ngày đi làm về , tôi không vội vào thang ngay mà thường ngồi sảnh tầm 20p chỉ để ngắm gái xinh cùng tòa 😆.",0,0,0.0009352379129268229
đau còn hơn tỏ tình bị từ chối per,1,0,0.0046961745247244835
khổ thân em nó . ??,1,0,0.0006161224446259439
nhìn đoạn ổng tránh nó cắn mà nhảy tưng tưng rất chi là điệu nghệ và mang trong đó cả sự tấu hài nữa 🤣🤣,0,0,0.0005063896533101797
per cười tức bụng nà vợ 😄,0,0,0.0005340022034943104
hôm nay thật tệ :((,1,0,0.0008286601514555514
người ta đỗ giữa 2 cửa thế kia là rất ý thức rồi,0,0,0.0014066544827073812
nhìn mặt con chó tội vãi,1,0,0.0010882714996114373
đã khóc . cha mẹ là người luôn yêu thương minh nhất,1,0,0.001752832904458046
nó lại hợp lí vãi :v,0,0,0.0005378809291869402
may nó không đâm cho lòi ruột,0,0,0.001537208678200841
và người đó đang ở nơi đâu về với em đi . đợi người rồi người sẽ đến chứ ?,1,0,0.0013964868849143386
"tui ở tuy hòa , phú yên mà chả nhận ra luôn .",1,0,0.0006939142476767302
con thương ông quá,1,0,0.0007055423338897526
mặt ô kia khát nước nhìn buồn cườ thế 😂😂,0,0,0.0005479232640936971
e vừa bị điện cao thế giật hôm 17 chạp . bh nhìn cái ông này mà sợ .,1,0,0.0006716294446960092
hihi lâu lắm rùi mới thấy nó,0,0,0.0010701739229261875
"phải chi có ai đối với tao như này ha . nghĩ lại , mình không bằng cả chó . aiyo ....",1,0,0.0014361426001414657
"như đi hiến máu chẳng hạn :3 , suýt thì được gặp :(",1,0,0.0006778008537366986
"thương các bác quá , vất vả 10 năm trời mà bị như vậy 😭",1,0,0.0006534670246765018
cưng quá trời luôn,0,0,0.0008077291422523558
mua con lợn 5 chục lì xì được có 40 nghìn mất thời gian tốn cả tiền bạc 😂,1,0,0.00070988415973261
đã từng xem em là tất cả . mỗi khi mỏi mệt về thấy em và con cười là anh hạnh phúc rồi,0,0,0.000665807630866766
đầu óc đến giờ vẫn còn nặng và đang né tránh mọi người .,1,0,0.30479753017425537
per bit cái nay không . hihi,0,0,0.0007850212859921157
tội em vợ thế :(,1,0,0.0005423775292001665
tôi từng được sống . nhưng đấy là truyện của năm ngoái rồi,1,0,0.015039478428661823
per không biết còn nhớ tên tao không nữa 😑,1,0,0.0014561900170519948
"hồi lúc tao ăn lạp xưởng mắc xương , nói mà cũng đéo ai tin . tao hiểu cảm giác của mày lắm ?",0,0,0.0029406475368887186
"cái đáng nói là chủ không có thương , dòm em husky này ốm nhom , mắt lờ đờ thấy tội lắm",1,0,0.0006189201376400888
nhìn em mà thương roi nói chuyện mắt,1,0,0.0005289405817165971
hu hu đã bị chụp,1,0,0.0017320497427135706
:)) bật nhạc lên và quẩy thôi,0,0,0.0005026566796004772
"chuẩn . tao mà chơi hoặc làm việc cùng bọn con gái tính công chúa một thời gian thì tao ngày nào cũng sờ troét , sau đó bị trầm cảm .",1,1,0.9984583854675293
aii may mắn thì có vị ngọt còn aii thiếu may mắn thì họ chỉ toàn gặp những vị cay vị đắng của đờii :)),1,0,0.0006135119474492967
lúc đấy là mình mình cũng lắng liền rồi chắc trào nước mắt mất,1,0,0.0021411431953310966
mới ho mà đã như thế nào thì lấy chồng chắc sống trong bệnh viện cả đời mất thôi,1,0,0.0008832667372189462
chạy ngay đi 😒 trước khi bọn chủ tịch vào đây và giả làm con cặc gì đó rồi bị coi thường và chúng mày phải nhận cái kết đấy !!,1,0,0.0010890151606872678
tao dễ thương nhưng vẫn ế đây này mơ mộng ít thôi,1,0,0.0009802759159356356
"ngày trước đi mua cái này cho chó của đứa bạn thân . mà 2 thằng thử xong phê quá quyết định mua mỗi đứa 1 cái , và chó 1 cái :))",0,0,0.0005786223337054253
bản thân quá hạnh phúc khi trong cs này rất . rất nhiều người mơ ước được như mình hiện tại . 😊😊😊,0,0,0.0005171161610633135
h chỉ pk nhìn họ bên người khác :((,1,0,0.0007839619065634906
per =))))) hahaaaa,0,0,0.0004948298446834087
đau lòng lắm khi tối nay chồng tương lai của tao lại cống hiến sức lực để chăm sóc vợ thằng khác ..,1,0,0.0008499094401486218
per về xem anh :v đái ra quần chuẩn mẹ rồi,1,0,0.0005494488286785781
mày không được ăn đồ chua nhưng phòng toàn xoài chua :(,1,0,0.0007450102712027729
phim này rất hay . tình cảm nhẹ nhàng . toàn zai đẹp . hehe,0,0,0.0003918448928743601
khi nhỏ còn bị nghiện mùi khói này nữa chớ . 😄,0,0,0.0007663706201128662
"vietcombank 1 tháng trừ hết 22k phí inter với mobile banking , dù tháng đó kau chả xài tới cái nào :((",1,0,0.0005838241777382791
per =)))))) hít đi cho no chứ mắc công lại chửi tao không biết điều giở trò trước mặt cẩu fa như mày :),0,0,0.00045237771701067686
dume cười muốn chết người ta ~~,0,0,0.0006252487073652446
why ???? ai đã cướp boss 6 múi của tao vậy 😭😭😭😭,1,0,0.0004834376450162381
"đã từng nhưng 10 năm về trước cơ , buồn ghê",1,0,0.0009494938421994448
"giỏi mà 😁, đúng là thằng tây duy nhất ở vn học tiếng việt mà giọng tuy hoà ( giỏi )🤩",0,0,0.00046652424498461187
"có hôm nó lo đọc cho mình nên không chép kịp bài , cô giáo bắt phạt đánh đòn cả hai đứa . năm sau bạn í chuyển trường mất , nhớ bạn quá !",1,0,0.0006636698381043971
per đợi rụng răng rồi anh tặng quà cho em luôn háy . hhha,0,0,0.0004848632088396698
tìm mọi lí do để có thể chạy xe ngang nhà nhìn nhà nó phát xong cười mãn nguyện đi về :)),0,0,0.0005378215573728085
phận làm trai nào sung sướng gì 😂,1,0,0.0012158278841525316
buồn cho 1 đất nước .,1,0,0.0008107720059342682
"per 2 con hay cap màn hình nhất thế giới , nói chuyện với nhau toàn cười ỉ 🙄🙄🙄",0,0,0.000445227517047897
hy vọng mọi điều tốt đẹp sẽ tới,0,0,0.000628944078925997
có ai xem đi xem lại như tao mà vẫn cười đéo nhặt được mồm không ạ :)),0,0,0.0006282987887971103
cứ thấy nó là ăn không còn xác thì lấy gì chúng kịp phá . nhìn thèm ứ chịu được 😔😔😔,1,0,0.0006239283247850835
nản kèo vãi,1,0,0.00783779937773943
vì yêu người khác nên biết là ngu nhưng vẫn làm :(,1,0,0.0005760355852544308
nhỏ nhặt nhưng ý nghĩa và hạnh phúc 😊,0,0,0.0005855343188159168
chúc trump chuyến bay thật may mắn nhớ tới thăm hà nội nhé xin chào,0,0,0.0005378692876547575
chắc kiếp trước gieo nghiệp kiếp này phải gánh thôi,1,0,0.0015714368782937527
"ôi mệt quá , một ngày buồn tẻ",1,0,0.014459013938903809
"thôi không níu giữ kí ức xa vời , và chẳng bao giờ thuộc về nơi em",1,0,0.0016190537717193365
có cả chiêu của per trong đấu trường thú nè :))),0,0,0.0005629252991639078
chẳng hiểu sao tao cười sặc sụa,0,0,0.0014304426731541753
địt mẹ đời tao,1,0,0.004492497071623802
đúng là nhân tài luôn ở khắp mọi nơi kkkk,0,0,0.0007754043326713145
có tiền chưa chắc đã ngọt nhưng nếu không có tiền chắc chắn là đắng .,1,0,0.0013858538586646318
per có thằng bị tao bắn từ đó không thấy họa mi hót nữa luôn,0,0,0.0006142391939647496
khuôn mặt đáng thương,1,0,0.0007353209075517952
kinh khủng thật :((,1,0,0.0005453179473988712
mày lấy sỏi xếp thành tên dume khôn như tao này .,0,0,0.0007319322321563959
tao thì muốn là đéo bao giờ . nhưng mẹ tao thì muốn ngay bây giờ 😢,1,0,0.0017050900496542454
em vẫn nhớ cái bếp này kkk,0,0,0.0011962685966864228
có ai không sợ nhưng giật mình như tao không :) dumehuhonchimen,0,0,0.0005745496600866318
diễm quỳnh haha em không biết,0,0,0.0007473909645341337
clm đêm rồi tha cho tao 🙂 tao đéo muốn chạy xuống dưới nhà hoặc là nhịn đến sáng mai đâu 🙂 con gì thì con kệ mẹ 🙂 đừng nhắc đến nhện 🙂,1,0,0.0006196426111273468
"hí hí . tiến sĩ cừu , thạc sĩ cừu ... chẹp chẹp 😃",0,0,0.0004931078874506056
chưa khi mô biết cảm giác đi nhởi trung thu với người yêu như răng,1,0,0.0013623455306515098
khá quá nhể :))),0,0,0.000452268635854125
tình anh em thật đáng khâm phục 😍😍😍,0,0,0.00041804680950008333
ngày trước mình qua singapore cũng vậy . dư hành lý 2 chi em mă ̣ c 4 bộ lên người kkk,0,0,0.0009155741427093744
cứ sợ rớt điện thoại :)))) sợ nhất là lỡ khúc nào khó là té không thể tả nổi,1,0,0.00045949776540510356
"ôiii vãi , dume nhìn thôi tao đã sợ rồi . từ nhện nhỏ đến nhện to không con nào là tao không sợ :((",1,0,0.0005592280649580061
chủ như này lại chăm làm vãi =)),0,0,0.0005070656770840287
per nhìn nó gớm những vẫn khoái coi . thú vui biến thái dễ sợ,0,0,0.000661649217363447
âu cũng là kiếp người . tại sao ông trời lại đày đoạ con người ta đến như vậy,1,0,0.0008883383707143366
"per hồi học đại học , điện hỏi xin tiền bố , bố ra ngân hàng gửi tiền rồi điện em hỏi stk rồi hỏi "" tên mày là gì ??"" 😭😭",1,0,0.0005676972796209157
"tao cưới rồi , cưới nữa cho vợ tao chém tao chết à",1,0,0.001020651077851653
gì mà ghê vậy 😑 sởn gai ốc,1,0,0.0006758732488378882
moá . tao muốn chết quách cho rồi,1,1,0.9987051486968994
nói thật :)) tao chỉ buồn cười khi chúng nó chia tay thôi :)),0,0,0.0005691047990694642
"những hành động đẹp , đáng được trân trọng , và sẽ được lan tỏa ở mọi nơi , thật tuyệt vời 😍",0,0,0.0004924348322674632
nhìn mà nổi hết da gà,1,0,0.0015117120929062366
:v tới đây đi anh chịu trách nhiệm cho :v,0,0,0.0008720787591300905
chúc bạn thành công < 3,0,0,0.0004286887124180794
"per lại nhớ chiều nay , buồn cười sấp mặt luôn . :v dù mệt nhưng ngày nào tan làm cũng muốn được đèo đưa đi ăn kem , ăn đồ chua , ăn miến trộn như hôm nay cerrrr :v",0,0,0.0005073799402453005
"thấy bảo sang năm được tủi , nhưng mà năm nay vẫn chưa có người êu",1,0,0.0007601593970321119
"khổ thân người dân , trước dự án cao su là dự án cà phê , làm thêm dự án nữa coi như một đời bỏ phí",1,0,0.0009672183077782393
trong mv mà có tao đứng dưới mưa nữa thì buồn phải biết,1,0,0.0007655213121324778
đố ai định nghĩa được tình yêu . có khó gì đâu một buổi chiều . nó chiếm hồn ta bằng nắng hạ . bằng mây nhè nhẹ gío hiu hiu 👏,0,0,0.0006127608357928693
sợ nhất con quỷ này trên đời,1,0,0.008725140243768692
tự hào ngồi mâm dưới,0,0,0.002487665507942438
10 đứa bạn thì có 9 đứa là con trai rồi . sau nhiều năm kinh nghiệm thì chơi với nhiều trai thì sẽ bị ế muôn đời muôn kiếp . haizaaa ...,1,0,0.0006255532498471439
"làm bác sĩ sướng thật , bảo cở là cởi , bảo cưới là cưới . lắc đầu cái là cả nhà khóc .",0,0,0.0005677985027432442
đầu mùa chua chua ăn ngon vãi_chưởng . thích vải lắm luôn . trong khi nhà toàn nhãn .,0,0,0.0006094466079957783
chị ấy được đào tạo qua lớp người nhện bắn tơ nên không biết sợ 😂😂😂,0,0,0.0012563129421323538
xem mà cuối phim thấy tội chị ma nữ 😂,1,0,0.0004601050168275833
😐😐 phê hơn lá chuối,0,0,0.00047357124276459217
bên đây thấy yên bình hơn nhỉ,0,0,0.0006012087687849998
cần lắm những nhà tuyển dụng như vầy :)))),0,0,0.0006162123754620552
một giây rung động con tim :))))),0,0,0.0004872546123806387
nhìn giống hai anh đang tỉnh tò với nhau ghê ( mình là hủ đừng ném đá nha 😅😅😅),0,0,0.0006215409375727177
chúng ta thật hạnh phúc và luôn đi chung với nhau suốt chặn đường dài rồi đó nà ?,0,0,0.0007588508306071162
mong bé sớm được mua lại,1,0,0.0019069368718191981
sao lại bất công thế,1,0,0.001442591892555356
"một lúc nào đó chúng ta sẽ không nói chuyện nữa , lúc đó có lẽ em thật sự đã buông bỏ được rồi ...",1,0,0.004750219639390707
học xong 12 như hết thanh xuân có lẽ phải bỏ lỡ 1 người,1,0,0.0007200883119367063
"cv không áp lực , môi trường xung quanh mới dễ tạo áp lực",1,0,0.001967758871614933
"ngày xưa có đĩa phim này . bố đi công tác về thấy cái đĩa tên là "" cô dâu 15 tuổi "" . má ăn chửi sấp mặt ...",1,0,0.0005766750546172261
per bị chì chiết từ 6h sang đến 23h phia . vẫn sống vui 😊😉,0,0,0.0005375976325012743
e thắc mắc là cố gắng 1 năm mà rủi ro khách hàng hay bên nhà sx dây không cảm động là ăn cám ạ 😌,1,0,0.0009216044563800097
cưng xỉu ~~??,0,0,0.000474350992590189
chắc là uncrush thôi . bố mẹ thì còng lưng ra làm cho con đi học .,1,0,0.0010443312348797917
và sếp tốt có thể giúp ta vui vẻ từ sáng thứ hai cho đến tối chủ nhật 😀,0,0,0.0007042603101581335
hay lắm chàng trai trẻ,0,0,0.0005073383799754083
"đang coi thấy nghi nghi , tắt vô xem bình luận , đoán ngay là sẽ giật mình , nên thôi không xem nữa haha , dễ gì bị dụ haha",0,0,0.0008265568176284432
chưa bao giờ b đến đích là gì cả,1,0,0.00259043974801898
không cướp ở đâu đi cướp ngân hàng của nhà nước 🤣🤣🤣🤣,0,0,0.0005659841117449105
nhiều lúc sợ bị pê đi,1,0,0.0032739362213760614
dù thời tiết nóng bức ... nhưng ăn vải vẫn là ngon nhất,0,0,0.0012788932071998715
bà tôi giờ mất mấy năm rồi giờ lớn lên rồi mà chả tặng được bà món quà nào cả 😭😭😭,1,0,0.0006186512182466686
chỉ mong thương nhau đến đầu bạc răng long . vậy là đủ 👌,0,0,0.0006173783331178129
éo biết sai hay đúng nhưng thanh niên này chất .. bản lĩnh bình tĩnh !!,0,0,0.0004191098269075155
"fa lâu năm có biết 14 / 2 hay 15 / 2 là ngày gì đâu , chỉ biết là ngày đi làm về và rất mệt",1,0,0.0008363412925973535
nụ cười của crush kích thích vãi :)))))),0,0,0.00045204063644632697
tao cười tao ỉa =)))))) hâhhahhahahahaha,0,0,0.0005022687837481499
cái cảm giác nhìn người thân mình khổ còn mình lại chẳng làm được gì giúp .,1,0,0.02426658757030964
may mình đi làm rồi chứ 10 năm trước chắc sẽ phát khổ với bố mẹ vì mấy tin con nhà người ta như thế nào,0,0,0.0011353078298270702
"moá nó , cười đau hết cả ruột",0,0,0.0007788030197843909
tuyệt vời quá cần nhiều tấm lòng tốt hơn nua thật là ý nghĩa,0,0,0.00041190622141584754
"tên của tao nghe rất bình thương , không có gì đặc sắc nên nhiều khi nghĩ cùng buồn tẹo .",1,0,0.0014814066234976053
nhanh lẹ hiệu quả cao 😂😂,0,0,0.0004966029664501548
được đấy tao thích,0,0,0.001085291849449277
"chúng ta những tháng ngày sau đó vẫn gặp nhau , vẫn nói chuyện nhưng không phải những cô cậu của hồi c3 nữa . chúng ta đều khác",1,0,0.0018004750600084662
tao còn độc thân này :((,1,0,0.0008473630878143013
"ám ảnh vãi :)) hồi bé tao với chị tao trên đường đi học về thấy có mấy con ngỗng , thấy hay ra nhìn thử dume xong nó dí tao với chị tao về gần nhà :)))",1,0,0.0004969621659256518
"nhiều kỷ niệm đẹp , giờ nhìn mấy đứa nhóc đi học mà muốn quay về quá khứ .",1,0,0.0005653427797369659
"chắc ông chồng hạnh phúc lắm khi sống chung với người vợ như vậy , những đứa con chắc cũng yêu mẹ họ lắm ! mà thặc ra là giống với mẹ tớ lắm kkk",0,0,0.0006086850771680474
tao sẽ chỉ tự an ủi là đấy chỉ có trong phim truỵên ngôn tình :),1,0,0.0005927266320213675
e lên mang câu chuyện này đi thi thách thức danh hài . rất duyên,0,0,0.0005099881091155112
per :)))) buồn cười vãi,0,0,0.000468018144601956
"quá đơn rản , bạn thân yêu ơi ,",0,0,0.0005840759840793908
"tiêu đề bộ phim cứ ngỡ là thể loại hài , nhưng nếu xem hết thì các bạn sẽ rút ra rất nhiều điều và cái hay trong phim này",0,0,0.0006839921115897596
đù . ?????? sợ tụt lol,1,0,0.0005249938112683594
trích mà như vầy rồi . sao dám coi phim đây 😢,1,0,0.0011004888219758868
dù có nói thích mày thì cũng đừng có tin .. xã hội giờ nguy hiểm lắm,1,0,0.0016768049681559205
khi bạn bất cần vãi đời ... làm việc xấu mà cảm thấy thanh thản vãi 😁,0,0,0.0011616905685514212
tuyển ngay về làm nghiên cứu viên cao cấp cho các hãng khóa :d,0,0,0.0005656941793859005
năm nay chạnh lòng quá . haizz,1,0,0.0005476379883475602
bài mà từng nghe khi tổn thương lần đầu,1,0,0.013295182958245277
đang tập hát 😶😶 hay thật 😔😔,0,0,0.0004075298202224076
"chồng biết không , hihi",0,0,0.0011857518693432212
sẽ hấp dẫn hơn khi dưới sông có cá sấu :)) lót dép hóng,0,0,0.0005573751986958086
người lớn tuổi nhiều lúc rất dễ thương 😊❤,0,0,0.0006442987942136824
tao thề . nhìn bạn ấy xong tao muốn rụng mấy quả trứng luôn 😓,1,0,0.0007922836230136454
tao cừi tao ỉa 🤣🤣🤣,0,0,0.0004664337320718914
dù ra sao vẫn giữ nụ cười và sự tự tin,0,0,0.004170325584709644
cưng hết sức nà,0,0,0.0013715963577851653
sợ đến lúc đó muốn lấy vợ phải sang nước khác nhập khẩu về quá,1,0,0.0010347377974539995
"t nghe nói : đi tập gym sẽ có người yêu ...! awwww . điều đó không sai , điều đó là có thật 😂😂😂",0,0,0.0006058485014364123
per trung thu chia tay gấu à ? bất hạnh nhỉ,1,0,0.0005107895703986287
xem xong hết cái video mà cảm thấy buồn cho cái xã hội bây giờ,1,0,0.0007548134308308363
em nó đây nha các bác . kkkkk :))))),0,0,0.0005650139646604657
per mày phải thấy may mắn khi cuộc đời mày được gặp tao :))),0,0,0.0006133649731054902
anh đánh mất thật rồi,1,0,0.0017026610439643264
điện cho đứa bạn . đem mũ ra . coi ai hơn ai . kakaa .,0,0,0.0007297491538338363
người yêu tao bỏ tao rồi :(,1,0,0.000760307942982763
boss có bộ đồ ngủ đĩ thõa ghê gớm 😅,0,0,0.0005411606398411095
"má , mặt đúng ngáo luôn 😂",0,0,0.0009715905180200934
móng của bố tao . hồi trước và bây giờ đã cắt vì lý do . sức khoẻ .,1,0,0.0021412118803709745
hồi xưa anh hay bị chửi trẻ trâu này nọ ... giờ anh là tổng giám đốc rồi 😁😎,0,0,0.0009841826977208257
trước em cũng hắt xì 1 cái lưng khụ xuống như ông già đau vãi,1,0,0.0008926201844587922
hay ý nghĩa sâu sắc 🙂,0,0,0.0005020798998884857
yêu quá nè nè,0,0,0.0004996900679543614
vỉa hè to thế vẫn còn muốn ăn cả ồ hố nữa hả =)),0,0,0.0005480567342601717
ngồi nhiều quá nhìn họ đau mắt,1,0,0.0010271378559991717
t chỉ thấy tình yêu của tao nó tan vỡ thôi,1,0,0.001136285369284451
dễ thương quá !!!,0,0,0.00040630227886140347
năm nào cũng phải ở nhà trông nhà :((,1,0,0.0007551379385404289
nguy hiểm đến với bao nhiêu bất cứ lúc nào,1,1,0.9907646179199219
"có mà bữa chạy ngược chiều trên qlo 1a tại có hẻm nhỏ để quẹo tắt , chưa kịp quẹo bị 6 anh csgt + 1 xe bắt xe tấp vô chặn đầu xe , hoảng hồn cmnl .",1,0,0.0008797311456874013
thương anh bạn kia quá .,0,0,0.0007935627945698798
trông rợn vãi :)),1,0,0.0005921685369685292
giọng lại còn ấm nữa chứ ♥️,0,0,0.0005273612914606929
"ngày xưa toàn bị mẹ đánh bằng dây điện , vụt phát nào ứa máu phát đấy . giờ nghĩ lại tự nhiên lại thấy hay , vì ngày xưa mẹ nghiêm khắc như thế giờ mình mới ngoan 🙂",0,0,0.0007009418332017958
chắc mình là thánh nguy hiểm,0,0,0.0017436560010537505
nhớ lần nấu cơm thần thánh này không ? per chỉ là mải nghịch nước thôi mà …,0,0,0.0007290508947335184
cảm ơn bố !,0,0,0.0010394392302259803
nháy mắt cũng đáng yêu kkkk,0,0,0.0005450284807011485
lãng mạn vãi_chưởng =)))))) 0,0,0,0.0004284403403289616
vâng chú ah haha,0,0,0.0012106414651498199
tôi cũng muốn được cảm thấy như vậy ??,1,0,0.004491650033742189
đáng yêu quá . chúc ông bà thật mạnh khỏe mãi hạnh phúc như vậy 😍,0,0,0.00044485231046564877
nhờ đó mà tôi cảm thấy nhẹ nhõm và trở nên mạnh mẽ,0,0,0.00739115197211504
giun này mà xào thêm ít xả ớt thì tuyệt cú mèo 🤣,0,0,0.0006351997144520283
tớ chỉ an ủi bạn í thôi mà :(,1,0,0.0006942492327652872
"per giỏi phết đấy mỗi tội nghịch thôi , được cái làm từ thiện nhiều .",0,0,0.0005602814489975572
nhưng mà từ giờ trở đi đéo được tiếp xúc rồiii,1,0,0.001269214553758502
"hồi nhỏ thì tao bị cả bầy dí , được fine :)))))) đến khi tao 12 và đi học đh năm nhất , sau 1 tháng xa nhà , về nhà và cái kết là tao không còn bước ra khỏi cửa nữa , n dí everywhere :)))))))",1,0,0.0005672137485817075
per gần nhà c ơi . hic hic,1,0,0.000524279021192342
nếu tao được gặp ba tôi 1 lần nửa thì tao sẻ nói con thw ba nhìu lắm . nhưng lời nói này chẳng pao giờ được nói nửa vì tao và ông ấy đã xa nhau mãi mãi,1,0,0.0014675648417323828
bố đi đường mà sợ quá,1,0,0.0008037902880460024
lúc dỗi thì càng dễ thương hơn,0,0,0.0006813422660343349
đm lừa đảo hằng năm cả trăm tỉ . giờ phạt có 5 triệu :))) chán vãi,1,0,0.000607321853749454
"ko nói nhiều chỉ ủng hộ anh per vì thấy thái độ trước tòa là hiểu anh per hoàn toàn chân chất , không có thủ đoạn gì hết",1,0,0.0005427286960184574
mình toàn làm ba mẹ buồn,1,0,0.0017809751443564892
vui tính quá ?? vừa kết bạn xong ??,0,0,0.00044679464190267026
chỉ biết xem và ngậm ngùi lướt qua,1,0,0.006352430209517479
cách tạo nghiệp chướng nhanh và hiệu quả :)),0,0,0.000625637941993773
ký ức 1 thời . nhớ,0,0,0.0005304607911966741
chị lỡ mất 1 nhịp tim vì cưng đấy ❤️❤️❤️,0,0,0.0005006934516131878
đẻ sao mà cu con đẹp quá vậy trời 😍,0,0,0.0005452226032502949
mát lồng lộng mày ạ,0,0,0.0005896034417673945
"bỏ qua mấy dòg chữ , nhìn khuôn mặt con bé không thể nhịn cười per :))",0,0,0.00046849396312609315
"có ai nhìn thấy giun đang bò trong ảnh không , sợ vãi",1,0,0.0012998507590964437
nấu có cháy mới ngon :)) còn nước cơm hoà với đường thì toẹt vời,0,0,0.0005324711091816425
chắc thôi tao đéo ra đường luôn :))) sợ vãi,1,0,0.0006434089737012982
khi nào tao thấy thích . mà thích rồi chưa có người thích cùng .,1,0,0.0008769927080720663
gắn bó thời sinh viên á !,0,0,0.000688855245243758
bà ngày xưa đẹp quá ❤️,0,0,0.0004736163537018001
buồn vì mình không giúp được gì cho ai . nhìn những người khác khổ hơn mình mà thấy thương họ,1,0,0.0010074899764731526
tao cũng vậy nè . lắm lúc đi với chồng mà cứ hỏi bên này bên phải nhỉ bên này bên trái nhỉ . mệt mỏi,1,0,0.0008603695896454155
haha con mấy cái video toàn đóng vào mỏ nhau không . cười tụt quần 🤣,0,0,0.0006049881340004504
ui đáng yêu gheê,0,0,0.0005498180980794132
rồi đất nước mình sẽ đi về đâu .:'(,1,0,0.0006745803402736783
"chắc tại từ nhỏ tới lớn mình "" man "" quá nên không gặp được gã nào ga lăng dư này :(",1,0,0.0005927346064709127
đang thất tình mà dume cứ bắt đi bán xoài @@,1,0,0.000583604967687279
"per may có con bạn đang giảm cân nhưng nó hiền , nó sẽ lao vào ăn cùng tao chứ không tát sấp mặt tao như vậy , phải không ?",0,0,0.0010308523196727037
hồi xưa làm fanpage được gạ kèo 7 triệu nhưng nhất quyết không bán . cảm thấy quyết định đúng đắn nhất trong đời,0,0,0.000825286959297955
ụa cho fa đọc chi rựa huhu,1,0,0.0006626535905525088
tao coi tao sợ nó lọt quá bây,1,0,0.0010353925172239542
các bác dẫn crush qua cây sữa nay mà hứng nước đái ve nha haha,0,0,0.0006258761859498918
nếu để ý kĩ thì lái tàu có thể bước xuống và kéo đường ray qua một bên rồi cho tàu bẻ tay lái một chút là cứu được cái xe . tiếc cái xe quá,1,0,0.0007612910703755915
buồn vương mi !!!,1,0,0.0005824473919346929
chuyên cơ tt quá đẹp ! bao giờ má mua được chiêc như vâ ̀ y trơi ̀ !!,0,0,0.00044996480573900044
chắc chắn bố của bạn này là một người vui tính chứ không phải khó tính . khiếu khôi hài bạn ấy ảnh hưởng từ bố .,0,0,0.0005265852087177336
tuổi thơ bất hạnh .. học mẫu giáo mà cạnh trường học là 1 bầy ngỗng . sáng nào tao cũng được chạy bộ tập thể dục nhờ bọn nó,1,0,0.0009305719286203384
thấy anh đấy làm tùm lum mà con nhện vẫn đứng im là tao biết có chiêu rồi . định gạt anh ak,0,0,0.0008976412937045097
per đi bộ ở trường về thì dcm nổi ám ảnh đúng giờ tao về là dcm nó ra nó dí ngày nào cũng dí chạy cái luôn,1,0,0.0007591202156618237
"per sợ chưa , ông bác hơi bị cứng nhé :))))",0,0,0.0004987164866179228
tiếc quá đẹp trai mờ không có chim,1,0,0.0005671756807714701
bài viết hay quá !,0,0,0.0004226976598147303
cái nay nhận ra lâu roài . mà đi làm toàn gặp đồng nghiệp đáng yêu hi,0,0,0.00046426220797002316
lại được làm thêm quả nhà nữa . ngon,0,0,0.0006504339398816228
"coi 3 lần mà vẫn cười , phim hay nhân vật dễ thương",0,0,0.0004462921933736652
bản thân cố gắng cũng chẳng dễ dàng gì :((,1,0,0.0006672839517705142
coi phim này xong thì nhỏ bạn tao bắt chước giống vầy với crush nó . sau đó thì ... à mà đéo có sau đó nữa :v,0,0,0.0006376061355695128
nó cười với người khác chứ * beep * phải tao :((,1,0,0.0007442289497703314
"mong là bố mẹ mình không đọc được tin này , sợ vãi",1,0,0.0011492087505757809
"còn tôi thì lại khác , thanh xuân của tôi chả có bây giờ gặp được aiii và hạnh phúc bền lâu cả :(",1,0,0.0005603368044830859
mỗi phút bên em thật tuyệt vời . chỉ em mới cho anh cái cảm giác đó,0,0,0.000705614045727998
"trước đây mình không thích xem phim việt , nhưng mấy năm nay phim việt chiếu phim nào cũng hay . tự dưng không thích xem phim hàn quốc nữa .",0,0,0.0006780201802030206
khoảng gần chục năm về trước thì còn vàng trắng .... giờ thì bán còn không đủ không đủ để trả công nữa là,1,0,0.0018376907100901008
đứt quả chuối trong mồm . đéo dám nghĩ kết quả lun,1,0,0.0005087909521535039
tao kìm nén lâu qá rồi mà 😌😌 tức nước vỡ bờ thôi,1,0,0.0009892573580145836
đúng cát bà rồiii ~,0,0,0.0005363940144889057
"đến lúc yêu nhạt cực :) tao thề ! kiểu chán chán , muốn quay về đơn phương hơn",1,0,0.0005428261938504875
"những thứ tưởng chừng như rất đẹp nhưng kbh được trọn vẹn , cuối cùng để lại chỉ là những kỉ niệm đã từng :))",1,0,0.0005677070585079491
"chuẩn , thấy đa phần nam chính vẫn được lòng hơn .",0,0,0.0007689379272051156
đi làm quán nước mà mỗi cái bịch nay long đựng ống hút nó cũng xé nhỏ ra rồi để bay tứ tung đi quét đã muốn lòi lồn,1,0,0.0008164774044416845
sởn gai ốc với chị ấy,1,0,0.0008061020635068417
chủ kiểu lol gì đáng yêu vãi ?? :)))),0,0,0.0004247155738994479
"lúc trước ông với bà tao cũng thế , bây giờ thì ông bỏ bà đi trước rồi .",1,0,0.001114702201448381
hôm nay bạn đi làm . tiền đâu mà mua 😌,1,0,0.0012732472969219089
dễ thương vãiiiiiiiii,0,0,0.00042663837666623294
dume nó hết con mẹ nó hồn ....😭😭😭😭,1,0,0.0004361557657830417
còn tôi tự nhủ dù lớp học tự ý bỏ về hết tôi cũng phải ở lại học đến tiết cuối cùng . hết giờ tôi cứ ngồi đó rồi từ từ bước chậm ra cửa ngoái đầu nhìn lại .,1,0,0.0027565814089030027
bạn trai thì chưa . nhưng mỗi lần thằng bạn nó cắt tóc cạo râu thì auto nhìn đẹp trai,0,0,0.0007106998236849904
ngày đi học . có lúc đang ăn cơm . bố hỏi . per năm nay học lớp mấy rồi con ☺ t không hiểu bố tao hỏi cái gì 😭,1,0,0.0009061141172423959
lớp 5 mà viết kiểu này cô đánh gãy tay .,1,0,0.0009565508808009326
đi chơi xong về cũng buồn như chó cắn tiếp thôi,1,0,0.0009875086834654212
dume cười vãi luôn trời :)))),0,0,0.0004489975399337709
còn người yêu tao : một hơi có một anh đẹp trai bay lơ lửng rồi ôm lấy em khi em tắm :(((,0,0,0.00048311377759091556
hạnh phúc là đây chứ đâu =))),0,0,0.0005467463633976877
và cứ thế tôi khóa lại 3 năm thanh xuân tươi đẹp của mình :),0,0,0.0006017964333295822
sáng nay mình cũng gặp 1 anh công an dễ thương lắm,0,0,0.0009525306522846222
tất cả đã đều quá hoàn hảo rồi . trừ pha nhảy cuối thôiiii :v,0,0,0.0005203503533266485
per :)) chắc giống cảm nhận của ông lái oto hôm qua,0,0,0.0006660196231678128
hãy nên trân trọng những người bạn như vậy .,0,0,0.0013785162009298801
ngoài mấy phim về vật lý ra thì phim nào của ấn cũng có những ý nghĩa sâu sắc .,0,0,0.001907575991936028
cuối cùng per cũng thành công rồi nha per nha,0,0,0.0005295178852975368
cũng thơm mà . kì thị quá à .,0,0,0.0005881831748411059
hình vui mà sao đọc lại muốn khóc nhĩ ...,1,0,0.0006215498433448374
"per thể loại mới nè , có vẻ phê",0,0,0.0005784293753094971
bạn này yêu bố nhiều lắm mới vui vì bị bố mắng . chứ ai đời bị la mắng mà kể lại cho người khác nghe mà vui đến thế,0,0,0.0004991383757442236
"tình đến , rồi tình cũng điii 🙂🙂🙂",1,0,0.00044363696360960603
mấy má đang có kinh rồi mặc áo đầm nhảy qua thì nhuộm đỏ 1 dòng sông cmnl 😳,1,0,0.0006137918098829687
ủa là đụme video hài hay deep vậy . chớ tao thấy buồn cười vãi vì nhây đéo tả được :))),0,0,0.0005006521241739392
thanh xuân rồi cũng sẽ qua có những người trong ta mãi chẳng thể xoá nhoà !,1,0,0.0011151471408084035
cậu bạn mẫu giáo năm ấy chép bài cho tao để tao khỏi bị thẻ tay giờ đang nơi đâu ???,1,0,0.0006225096876733005
nhà thì không xa lắm nhưng chưa bao giờ đi vì sợ bị đè bẹp luôn người =))))),1,0,0.0004886274109594524
"từ nhỏ tới lớn đi học toàn ngồi chung bàn với nam , toàn phải đương đầu chiến đấu với vạch phấn chia đôi bàn ghế . 🤣🤣",0,0,0.0007262100116349757
buổi tối vui vẻ và ấm áp nhé đại kỷ nguyên ! tương tác cho hằng khỏi trôi bài nhé !,0,0,0.00043182430090382695
họ hành động quá đẹp,0,0,0.0005416697240434587
rất chuẩn hãy sống làm người cơn luôn luôn co hiểu thảo với cha mẹ của mình nhé moi người ơi,0,0,0.00044330887612886727
nói chuyện yêuu thế đmaaaa ??,0,0,0.000562989735044539
anh thích em rồi đấy 😂,0,0,0.0011554318480193615
tội quá ! nuôi mà không chăm sóc,1,0,0.0006607975228689611
3 thằng ngốc . xem ý nghĩa lắm,0,0,0.0005175370024517179
"có người cả đời ăn không hết lại có người thiếu ăn , thiếu mặc nhìn chán đời vãi",1,0,0.0005699929315596819
người tài như vậy lại không được sử dụng đúng mục đích … quá buồn,1,0,0.000761397706810385
t đã cố tình che mặt nhưng vẫn giật mình,1,0,0.008937953971326351
khi nào đón bé về nhà nhớ chụp đăng lên cho bọn tao coi dung nhan thằng bé nha :vv,0,0,0.0005495486548170447
haha cứ lên xuống thấp thỏm kìa ..,0,0,0.0006970051326788962
tao chả nhớ ngày tháng năm sinh của mẹ tao và ngược lại :((,1,0,0.0007071103900671005
có tiến bộ ! kkk,0,0,0.0014786651590839028
ngày buồn hôm ấy tôi cũng là người rời khỏi lớp cuối cùng .!!!,1,0,0.0008842148818075657
vâng ah nên em cũng sợ quá mà :-),1,0,0.0011308237444609404
cái mặt xinh quá,0,0,0.0005508074536919594
tao toàn bạn gái mà sao vẫn tưng tửng nhể ???,1,0,0.0005388216231949627
xong bỗng nhiên một ngày mất hút không để lại 1 hạt bụi,1,0,0.0015645049279555678
một nỗi buồn thầm lặng,1,0,0.038061197847127914
cưng nhỉ,0,0,0.0007507248665206134
"năm nay mua cân na về nhà ăn dần , tối ra đường xem chúng nó dẫn vợ thằng khác đi chơi ... kaka",0,0,0.0007767907227389514
bà ma nữ nhập vào nv chính thấy dễ thương dã man 😍😍,0,0,0.0004866700037382543
nhớ thời sinh viên 😃,0,0,0.0005608299979940057
"cái ông này mới xem thì thấy bình thường , mà càng xem lại càng đẹp trai 😂",0,0,0.0005048264865763485
dù cậu làm tôi tổn thương mỗi ngày nhưng chả hiểu sao vẫn thương cậu,1,0,0.001423907931894064
làm phục vụ xong 4 tháng đi hà nội 1 lần chỉ để gặp người yêu xong giờ thì mới biết là nó cắm nguyên cây sừng lên đầu mình,1,0,0.0008740374469198287
buồn quá buồn,1,0,0.0006072958349250257
còn gì đau xót hơn 🙂🙂,1,0,0.0035820247139781713
đơn giản nha .. cơm này ngon hơn cơm điện nhiều . không tin thì cứ thử,0,0,0.0006782525451853871
tội nghiệp thằng bé :)))) chúng mày bốc đâu mấy cái thẻ hay thế ??? :v,1,0,0.0004449672414921224
"và sau mùa vải , tàn dư còn lại là những nốt mụn 😌😌😌",1,0,0.0009016439435072243
haha thì ra trên đời này tao không cu đơn đâu đó vẫn có những đứa con ghẻ như tao cùng bắt tay chào hỏi nhau nà,0,0,0.0007497325423173606
per haha cái t2 hợp với em nè ;)),0,0,0.000504045223351568
hết tiền rồi này,1,0,0.0031747259199619293
"tại giống nhau quá , nhưng đừng như người ta nha , nghĩ đến tự tử các thứ chẳng có gì là hay cả",1,0,0.0020384746603667736
chợt nhận ra mình yếu đuối như một đứa con gái vậy 😢,1,0,0.0011866219574585557
buồn nhỉ 😴😴😴,1,0,0.0004236948734614998
tuổi thơ cũng từng trải qua nhiều lời cay nghiệt hơn vậy .. nên c hiểu được cảm giác của em ..,1,0,0.0013231176417320967
muốn nhanh thì cứ phải từ từ =))))),0,0,0.00071172189200297
cái giọng anh quay phim nghe ngọt quá 😘😘,0,0,0.00048496812814846635
khiếp ăn tạp chẳng chết,1,0,0.0012656896142289042
lại là án oan sai 😔😔😔,1,0,0.0008052457123994827
cũng muốn vứt giày cũ nhưng lại không có tiền mua giày mới . đành chấp nhận đau chân vậy,1,0,0.0009906970662996173
thế mới làm nên nghiệp lớn chứ,0,0,0.0010827508522197604
chưa bao giờ được nge câu này 😞,1,0,0.0014721391489729285
chả có tiền mua 😩😩😩,1,0,0.000796120148152113
"thời thanh xuân tôi từng yêu quý nét hiền thục của chị hiền mai . và đúng như cái tên hiền mai của chị , tên và tâm tính đều đẹp , hiếu thảo khó ai bằng . em xin chúc bác có thêm nhiều sức khoẻ để chị có được nhg tháng ngày hạnh phúc , ấm áp bên mẹ ạ .",0,0,0.000484997290186584
nói gì thì tụi bây cũng không tin đâu ..😌😌,1,0,0.001392575679346919
"thật tốt vì chú chó ấy đã tìm được người yêu thương nó , kiên trì để nó tin tưởng thật sự :"">",0,0,0.0005692675476893783
đkm lại diễn rồi pr cho game aumobile chứ gì tuổi lol qua mắt tao =)),0,0,0.0005396476481109858
"công nhận năm nay tiến triển hơn , đợi 2 bà chị đi hẹn hò về còn có scl mà ăn ké :v",1,0,0.0004603480629157275
đoạn cuối hình như nó khóc,1,0,0.0014960798434913158
em hết ngáo rồi nha =))),0,0,0.0005184226320125163
chỉ là muốn cạnh mà chỉ có 2 người . nói đủ chuyện trên đời dưới biển rồi đi vào giấc ngủ ngon . vậy thoii,0,0,0.0009038972202688456
ngồi cười như dại =))),0,0,0.0004877692263107747
nhiều khi cũng muốn chọc cho người yêu giận nhưng mới nhớ ra mình đéo có người yêu 😌,1,0,0.0006362545536831021
tag vô cho xem mấy đứa xấu tánh thôi chứ ghệ anh tánh cực kỳ dt,0,0,0.0005514170625247061
kiếp trước sống lỗi quá nên kiếp này nghiệp quật :((,1,0,0.0005553344381041825
"một đời chẳng mong phải nhà lầu 4 tầng , xe hơi hàng tỉ , chỉ mong người đàn ông đi cùng mình đến cuối đời sẽ luôn nâng niu yêu thương mình 😊",0,0,0.0007009826367720962
t nhận ra mình đã sai,1,0,0.003518135519698262
"tại như vầy nên bố tao không cho đi cùng . cụ bảo có năm còn lăn cả xuống ruộng , trèo lên mái nhà của người ta để đi ??",1,0,0.0011858948273584247
per tạo hóa thật đáng sợ :))))),1,0,0.0004947588895447552
"những việc này , mang lên đây chả giải quyết được gì cả .",1,0,0.003453960409387946
đọc cái mà cười rớt cả hàm .... cuộc đọ sức giữa xe lửa và ô tô,0,0,0.0007048585684970021
mấy con yêu nghiệt ngày xưa nội có nuôi 2 con cứ ra đằng sau là nó dí chạy muốn tuột mẹ quần 🙄🙄,1,0,0.0006141570047475398
kaka cái mặt bà kìa,0,0,0.0007585561834275723
con bé cưng gì đâu . vk ơi anh muốn có cục bảo bối như vậy per,0,0,0.0008333208970725536
"thật sự mình rất thích bạn này , xem phim mỗi tập cứ canh đúng cảnh có bạn ý , dễ thương quá 😗😚😚😚😚😚",0,0,0.00040419030119664967
má tao xem mà lo thằng quay phim tét không à ? có ai như tao không ?,1,0,0.0009956748690456152
"đúng mất vài giay để nói lời yêu thương , nhưng phải mất cả đời mới chứng minh được , cháu rất ngưỡng mộ ông bà !",0,0,0.0005608283681795001
"dù thế nào thì anh tôi luôn bất hạnh , ai khóc cho anh khấc tôi đây 😢",1,0,0.0014894534833729267
có đứa nào xem mà thèm đi biển như tao không ?,0,0,0.0014079349348321557
nghe nói dạo này bạn dưỡng da để kiếm người yêu per,0,0,0.0008866002899594605
per trai hay gái thì vẫn thấy tữn như thường kk,0,0,0.0006693004979752004
"ngày xưa nhà nuôi mấy con điên này cái giọng thì đã khó nghe thì chớ suốt ngày ngoạc ra , hễ về đến nhà là thấy giọng bọn n đầu tiên . xong cho ăn , rõ ràng là cho n ăn đàng hoàng mà đến n + 1 lần bị n mổ với đuổi bợt mạng . chốt là tao ghét cái bọn nì dã man . ám ảnh cả 1 tuổi thơ :(( cái thứ yêu nghiệt .",1,0,0.0005510603077709675
hổng gặp cái buồn luôn ><,1,0,0.0005621946766041219
"đừng nên thích mấy ông anh cơ bắp , sợ lắm 😆",1,0,0.000846252718474716
"chấp nhận đau khổ , để đổi lấy hạnh phúc , mà tìm mãi hạnh phúc không đến thế mới đau em .",1,0,0.0011084619909524918
"đần mặt ra nhìn nó y như con ngu , còn cười theo nó nữa , xong bị nó phát hiện .",0,0,0.0011986609315499663
"tập thể năm nay lại làm mình tiếc nuối từ thành viên đến gvcn :,((",1,0,0.0005246908403933048
mai đấu giá thử cai lap cua mình chứa toàn tài liệu tiếng nhật 😂😂,0,0,0.0005196388810873032
làm công nhân đã bị vắt kiệt sức khỏe cho đến khi bị thải,1,0,0.002405637875199318
hồi đó tao lấy cái đó kẻ tập luôn kiểu làm màu mè cho đẹp xong lên trả bài bị bà cô trừ điểm ????,1,0,0.0005744849913753569
"con nghiệt súc này mỗi lần tao đi đá bóng là 2 vợ chồng nó dí theo cắn bầm hết chân , thứ này thù dai kinh khủng , chiều nào nó cũng khởi động cho tao trước khi đá bóng ... con mẹ nó giờ tao lớn rồi , tay nghề nấu nướng cũng không tệ gặp mà dí theo là xác định tao quay nó vàng ương luôn =]]",0,0,0.0005524500156752765
"hút điếu cần xong nhìn nó ăn mà muốn phá cái tủ lạnh vô dụng của nhà mình quá , đéo đủ sức đựng thịt bò toàn rau .",1,0,0.0007477264734916389
cuộc sống mà đành chịu thôi =(((,1,0,0.0025238769594579935
"có rồi mà , nghén rồi nè hihi",0,0,0.001319287926889956
"và mày chỉ cần lùi về sau , như ít quan tâm và nhắn tin lại mày sẻ cua được crush 😎😎",0,0,0.0006860406720079482
cặp nay dth ghê luôn 😍,0,0,0.0005612393142655492
thương thương con =)) yêu ghê cơ ý cái mẹt hờn dỗi,0,0,0.00043700647074729204
"ngày chia tay , chúng tôi đã ôm nhau khóc",1,0,0.001319811912253499
đứng dưới cây này chỉ sợ ngột vì mùi hoa sữa 😂😂😂,1,0,0.0006123940693214536
hãy cảm ơn vì chúa đã ban em cho chị 😂😂,0,0,0.0005555289098992944
"ước mơ của tao , thích vẽ lắm luôn , nhưng mỗi tội vẽ xong cho lên màu thì lại tệ 🙄",1,0,0.0007581525715067983
23 năm rồi tao còn chưa được đi chơi với bồ trung thu lần nào cả :(,1,0,0.0005747807445004582
ngọt hơn cả người yêu haaaaa,0,0,0.0005538518889807165
em chưa có người yêu . có ai yêu em không . em cô đơn quá,1,0,0.005753000732511282
có gặp cũng đéo dám ngẩng đầu lên nhìn,1,0,0.001525580883026123
rớt giá kinh khủng khiếp huhu,1,0,0.0023404767271131277
huhu đéo muốn đi học đâu,1,0,0.0009889634093269706
anh vui thì anh ngồi thôi ... chú cự để mặc anh . :v,0,0,0.0007122756796889007
tiếc là 23 cái xuân rồi chưa gặp được em . có ai giống tôi không,1,0,0.0007094702450558543
per mi phải học con nay bán hàng lai chim mới chạy hàng này,0,0,0.0008082187850959599
công nhận sáng tạo thật đấy,0,0,0.0005512975039891899
tự nhiên mình lại không muốn làm single mum nữa -.-,1,0,0.0010095298057422042
cắt tóc xong rùi gội đầu xong tóc còn ướt ý nhìn đẹp trai lắm luôn ý,0,0,0.0005463967681862414
tao thấy đéo có cái gì để tao cầm được cơn cười cđcm nó ! :)),0,0,0.0007182655390352011
tội quá . thương em,1,0,0.0005183543544262648
tình yêu là sự mù quáng mà hix,1,0,0.0008898916421458125
dòm sợ thiệt 🤐,1,0,0.0005971819628030062
hicc thương em,1,0,0.0004756468697451055
"cảm ơn các em , tuổi học sinh lắm nghịch ngợm nhưng có lòng yêu thương con vật nhỏ bé đã giúp bé cún được sống 😘😘",0,0,0.0005136827821843326
t cũng buồn lắm chớ bộ 😓😓,1,0,0.0014749257825314999
per nhớ hội chị em vinmec quá :((,1,0,0.00046320041292347014
"đi viện mà tưng tưng ăn uống được là tốt rồi , mừng mày sớm ra viện nhé cô",0,0,0.0006273602484725416
ngày bé nấu hoài không chín . tức rủ mấy đứa ra đốt cả đống rơm nhà hàng xóm,0,0,0.000778965069912374
nếu không gãy đó la 1 bài quyền đẹp rồi :((,1,0,0.0004970997688360512
ý nghĩa và đáng suy ngẫm thật,0,0,0.0005498210084624588
"bố bạn ý chửi nhẹ đấy , bố mình chửi là chỉ mong đầu thai vào nhà khác 😬",1,0,0.0008710382389836013
nhớ gia đình nhỏ nhiều lắm … mà không được về thăm,1,0,0.000783355615567416
coi xong đoan này . tao thấy nhớ nhà vô cùng 😭,1,0,0.0004815205466002226
chuột nhìn thấy mèo sợ là đúng rồi =)),0,0,0.0006015670369379222
nhìn rợn vãi,1,0,0.0019194629276171327
per thịt nướng lò xô ne ăn z mà không chết 😎😎😎😎,0,0,0.0005122384172864258
nhọc lòng :(((,1,0,0.0006130800466053188
a per doi dap rat tuyet voi . chuc anh thanh cong trong vu nay .,0,0,0.0006266990676522255
chỉ mới hỏi về người khác giới cái là bị gán là thích bạn đó luôn mí sợ :(,1,0,0.0007113334140740335
trò này cũng nguy hiểm chết người đừng đùa theo mà mang họa,1,0,0.0007849957910366356
ai như tao nghe tự nhiên thấy ấm lòng vãi không,0,0,0.0014746077358722687
ỏ đáng yêu =))),0,0,0.00042449377360753715
"mình nghĩ sẽ không bao giờ là một thương hiệu quốc gia , là khát vọng về cà phê vn nữa ...",1,0,0.0009609294938854873
nhẹ nhàng bay lên và hạ cánh thất bại do lổi kỹ thuật,1,0,0.0005583130987361073
"cưng vậy trời , anh cho em xin ảnh nha ạ",0,0,0.0008798270719125867
chuẩn không can chinh,0,0,0.0013989168219268322
nhưng kp cười với mày đâu :) ảo tưởng vãi,1,0,0.0007364239427261055
mua con lợn 50k được lì xì 40k . ok em ổn,1,0,0.0006330726318992674
ra vậy . nguy hiểm thật :(((,1,0,0.0005765925161540508
khổ tâm ghê =)),1,0,0.0005026959697715938
"giả bộ vô tình gặp nhìn lén rồi đi , lại còn tìm hiểu cả gia phả người ta nữa chứ ... một thời ngu ngốc đáng yêu .",0,0,0.0006313689518719912
có ai chỉ tự yêu bản thân như tôi không :(,1,1,0.5500744581222534
per hẹn xem phim này nữa nha mày 😛,0,0,0.0005991060752421618
đau ghê,1,0,0.0011861937819048762
dễ thương vầy :>,0,0,0.00045434755156747997
rất nguy hiểm nhé nhảy không qua là xác định dập mặt,1,0,0.0009431042708456516
ha ha ....,0,0,0.001129504176788032
nhiều lúc ngáo ngáo thoải mái đến mức người yêu cũng đéo bằng nó và đến khi nó thổ lộ tình cảm thì tao đéo tin :v,0,0,0.0007277653785422444
phải tao tao vứt luôn xe ??,1,0,0.0008918159874156117
là con bé con điên khùng và phiền vãi nhưng bạn vẫn yêu nó vãi chưởng :)))))),0,0,0.0004551151650957763
"mong ai đó sẽ không nghe được bài hát này . xin lỗi , ngàn lần xin lỗi 😢",1,0,0.0007324478356167674
chuẩn đét . t nghỉ công ty cũ cũng vì đồng nghiệp 😭😭😭,1,0,0.0004728481580968946
ủa mắc gì gỡ fan cứng của em ? huhu,1,0,0.00066547398455441
chả bù cho con ml này . đợi mãi không thấy nó về . hy vọng em không bị bọn xấu bắt lên dĩa là tốt rồi :(,1,0,0.00046587095130234957
má cười ỉa luônn,0,0,0.0007413034327328205
từ lúc đấy tao không ăn được các loại thịt ngan - ngỗng - vịt lun 😞 ám ảnh vãi,1,0,0.0008559529087506235
nhớ nhé đồng nghiệp haha,0,0,0.0006719115190207958
cứu em nó với,1,0,0.0013304105959832668
đã nguy hiểm vậy sao không hủy mà bán 0 . 0,1,0,0.0012146843364462256
ông mặt trời dễ thương hha,0,0,0.000536770501639694
không hiểu sao xem đi xem lại bao nhiêu lần vẫn khóc được,1,0,0.005171816796064377
kiểu em sai rồi . a xin lỗi em đi 😂😂,0,0,0.0006345338770188391
gáy sớm để làm gì cơ chứ haizz,1,0,0.0008650812669657171
đái mẹ ra quần ??,1,0,0.0005861645331606269
đọc xong nước mắt ứa ra,1,0,0.0009817031677812338
tao cũng hay sử dụng chiêu này và bọn đàn ông vẫn cứ bị lừa ????,0,0,0.0006922648753970861
dễ thương mà,0,0,0.0005794719909317791
per anh tải cái này về cho per học nè . thú vị ghê,0,0,0.0005780358333140612
"cố gắng lên mọi lỗ lực và công lao của em sẽ được đền đáp một cách thật là sứng đáng , cố gắng lên em nhé 👍",0,0,0.0006731270696036518
nhưng nói thì cứ bảo hay than thở 😢,1,0,0.3743246793746948
nhìn quả mặt của nó thì tao công nhận thất tình thật đáng thương ?,1,0,0.0006679545622318983
đằng này họ nghĩ tao muốn giết người rồi chửi tao bị thần kinh rồi cho trôi qua mọi chuyện,1,0,0.002985958941280842
"chân ta cũng là chân đi và giờ bị đứt dây chằng , nằm một chỗ đợi mổ rồi mày . đồng cảm vãi",1,0,0.0007408846286125481
xấu mà đáng yêuc quá,0,0,0.0005381518276408315
thế nên bán hàng có tâm là đừng bao giờ nài nỉ khách mua thêm vì biết đâu bạn vô tình làm cho nỗi đau của họ trở nên tồi tệ hơn .,1,0,0.001067268312908709
dưới cái nóng 40 độ ngày hôm này xem video này xong thất mát lòng vãi_chưởng :)),0,0,0.00047155001084320247
"cái thứ ba , trời nhìn mà rơi nước mắt thay cho luôn công cả một mùa mà đi tong chỉ vì một trận mưa",1,0,0.000951876980252564
"thấy bình sữa của em thấy ham quá , chị sinh em bé chả có sữa gì hết .",1,0,0.0006758177187293768
nhiều lúc buồn đến nỗi coi những vid thế này . đéo thể cười nỗi .,1,0,0.006515747867524624
sư phụ giả vờ ngã để thử lòng các đồ đệ và cái kết ngã sấp mặt luôn 😢,1,0,0.0005825232365168631
đéo có người thương để mà làm ấy chứ :(,1,0,0.0006561157642863691
"đồng nghiệp tốt , chị em tốt đi làm như đi chơi :)) chứ làm cùng với mấy con mlz đáng sợ lắm :))",1,0,0.0004885743255726993
rồi khi mày có 1 ít tiền :)) mày mới phát hiện ra còn đéo cả có người đi cùng cơ,1,0,0.0006509552476927638
các b học sinh đáng yêu quá,0,0,0.00040792280924506485
cuộc đời bà đã nấu hơn 50 nồi bánh chưng rồi nhưng bà chưa bao giờ thấy ai cắt tóc ngắn đi mà xinh như thế này các cháu ạ .,0,0,0.0007099700742401183
đây là một câu chuyện buồn không chỉ riêng tao,1,0,0.015204192139208317
"cảm ơn nói chuyện nhật ! 1 nền khoa học , giáo dục , trí tuệ văn minh !! 😘",0,0,0.00039829869638197124
bạn có bố thật hạnh phúc,0,0,0.0006436853436753154
"per trong vòng 4 tháng chắc anh chụp hơn trăm tấm , huhu , sợ quá 😱😱😱😢😢😢",1,0,0.000556570419576019
chuỗi ngày tủi nhục cũng từ đó mà bắt đầu,1,1,0.9724352955818176
hàng xóm cũ của tao cũng thế may mà bà ý chuyển nhà rồi 😃,0,0,0.0008571117650717497
không biết vì sao họ vẫn cười nhưng mình thì khóc ...,1,0,0.0058028181083500385
"đúng vậy , có họ ở bên cạnh nuôi nấng ta từng ngày đã là quý lắm rồi",0,0,0.0009772330522537231
5 năm nữa tao phải đẻ được 3 đứa 😂😂😂,0,0,0.000634646974503994
ôi cưng cưng quá,0,0,0.0005489561590366066
dù s đi nữa thì mày vẫn xinh . cố lên,0,0,0.0007171346805989742
hay lắm :))),0,0,0.00044817078742198646
buôn bỏ nhưng tình cảm ko thuoc về mình nua . bat đầu kiem tiên,1,1,0.8059937953948975
nó cười mà muốn rụng tim 😂💔,0,0,0.0005681826150976121
"vì luật áp dụng đối với vụ án phân chia tài sản trên 4 tỷ thì mức án phí là 0 , 01 %. suy ra vụ này trên 8 nghìn tỷ thì mức án phí là 81 tỷ là đúng rồi .",0,0,0.001143817906267941
"per đi làm với c mình vui hết xẩy , trừ những lúc khó tính :))",0,0,0.0005166993360035121
1 thời gắn bó với nó . nhớ lại ngày xưa cực khổ,1,0,0.0011139558628201485
per nên mày hãy yên tâm về mấy con nhện nhé :))),0,0,0.0005297443130984902
:) cảm giác đó đau lắm các mày ạ,1,0,0.0010770438238978386
đề kháng của tao với mọi loại thính rồi cơ 😂,0,0,0.0017254056874662638
cái này ghê vãi mày sẽ hiểu cảm giác khi nó lún xuống 😅😅,1,0,0.0014251894317567348
🤣 lau mặt bằng quần chíp của vợ à ?,0,0,0.0010341312736272812
mất rồi có lấy lại được đâu :)) cái gì nó cũng chỉ là quá khứ,1,0,0.0007468036492355168
quay vào ô mất lượt :)),1,0,0.0005332031869329512
:))) có thật nhiều tiền là vui,0,0,0.0005285990191623569
mình rất rất muốn đi nhưng trong túi kô còn xu mẹ nào vân kiều ơi,1,0,0.0006598315667361021
các bạn trẻ ! người lớn có thể nghe thấy tiếng chó kêu mà không hành động gì để cứu vớt . các em thật đáng khen . cần những bạn trẻ nhân ái như các bạn .,0,0,0.0005892316112294793
"em đỗ 6 trường đại học ở mỹ , còn hàng trăm thằng đổ em luôn rồi đó , em biết không . trong đó có anh 🤪",0,0,0.0007700290298089385
thật đáng khâm phục các bạn ... chúc các bạn gặp nhiều may mắn trong cuộc sống ...,0,0,0.0005985096213407815
phim cực hay và cực cảm động lòng người,0,0,0.0003918344445992261
chai này mới ghi được nhìu chữ kkk,0,0,0.000825335388071835
per cố đợi đi nha để em mua bảo hiểm cho anh 🙂,0,0,0.0006320354295894504
"có ai nhìn thấy hình như người đàn ông này đang rất đau khổ không nhỉ ? mình nhận thấy hình như ông ấy đang rất đau khổ , mà không thể or không muốn nói ra .",1,0,0.0011719770263880491
per đáng sợ quá,1,0,0.000595895922742784
tao chỉ lên ngắm cảnh tí xíu mà mày cũng dìm tao :)))),1,0,0.0005507008754648268
chúc mừng,0,0,0.0007218073587864637
thằng hack game nó gặp trùm cuối rồi 😭😭 truyện đến đây là kết thúc sao 😭,1,0,0.0005798114580102265
"đang tính đi nhổ răng khôn ( à quên , nó ngu chứ khôn đéo gì ..) nghe được cảnh báo này chắc không dám đi nhổ luôn .",1,0,0.0006652231677435338
hú hồn con chồn chạy ngang 😑,1,0,0.0006449948996305466
đây là bạn tao . =)),0,0,0.0006819379050284624
là mỗi buổi sáng thức dậy ta có thêm 1 ngày mới để yêu thương ❤️.,0,0,0.0006258079083636403
đáng lẽ bệnh của tao đã không nặng đến thế,1,0,0.006619530729949474
tự nhiên nhớ cái cảnh 2 con bánh bèo bị ngỗng dí quá 😅😅 per,0,0,0.00048437307123094797
🤣🤣🤣🤣 bo tay chấm cơm . hahaha,0,0,0.0004674702067859471
và từ đó bà cụ sống trong hạnh phúc :)),0,0,0.0006929530645720661
"cmt buồn cười vll , nhớ mình cừng có kinh nghiệm chạy ngỗng :)))",0,0,0.0005007688305340707
chưa bao giờ nghe ngươ ̀ i ta chửi thề mà đáng êu đến vậy lun =))!,0,0,0.0005588226485997438
đọc xong tao muốn khóc luôn,1,0,0.0008954100194387138
t còn được nghỉ 1 tuần :)))),0,0,0.0005535534583032131
xem phim cười gần chết . mà thích cái bạn ma nữ hơn là na bong,0,0,0.0005228790105320513
"cải tạo được , có tái tạo được 100 % nguyên trạng rồi sao ? giá trị lịch sử văn hoá gần nghìn năm đã mất đi rồi :((",1,0,0.0006339560495689511
sợ thì vkl,1,0,0.001287129009142518
per :)) hiểu được nỗi lòng anh chưa ! mốt đừng giận anh nhiều nữa nha,0,0,0.000490903272293508
thất vọng và áp lực tích tụ hằng ngày với tao,1,1,0.9986732006072998
nếu địa phương không xây cầu thì người dân cũng có thể tự làm cầu cây mà . phóng lỡ hụt chân thì xác định nát người .,1,0,0.0009517844300717115
ngày chủ nhiệm cu nhà mình cô nhẹ nhàng nết na lắm mà ! giờ thì sao cô lại hành xử như vậy chứ ! thật buồn !,1,0,0.0005774788442067802
t quá mệt mỏi với cuộc sống này rồi 😓,1,1,0.9989762306213379
per - chan đáng yêu zl =)))))),0,0,0.0004177314694970846
khuôn mặt đậm chất giải trí 🙂,0,0,0.0005194306140765548
tao nhìn sợ vãi,1,0,0.0019572817254811525
gia đình có nhưng tình yêu không thì sao,1,0,0.0012404060689732432
sau mỗi cuộc chia ly người ở lại vẫn là người đau lòng nhất :((,1,0,0.0006157640600576997
đúng là chân thật luôn luôn tổn thương !,1,0,0.000926139997318387
"từ khi lấy vợ , làm vlog thiếu muối hẳn huhu",1,0,0.0006581706111319363
sad cực mạnh,1,0,0.0006056977435946465
nhất định sẽ có một ngày tao sẽ thành công và tự nói bản thân rằng mày làm tốt lắm,0,0,0.008145377971231937
phim hay vãi ra . đến giờ vẫn thấy mình giống bạn ma nữ quá trời 😂😂😂,0,0,0.0004191397747490555
tội nghiệp các bé đạp xe đi học,1,0,0.0006859030690975487
thế nên tao với mày không thể làm người yêu nhau được,1,0,0.0017926746513694525
sinh viên năm 3 rồi nhưng vẫn chưa định hướng ra trường làm cái giống gì đây :(,1,0,0.0006450262735597789
khóc hết nước mắt 😞😞,1,0,0.00047176811494864523
"wtf , tao đã làm gì sai ☹️☹️☹️",1,0,0.0007214888464659452
"bọn tàu copy kịch bản phương tây , chắc bữa sau lại có mấy video make in việt nam như vậy và kịch bản tàu haha",0,0,0.0006266888813115656
mình không áo mưa rồi 😞,1,0,0.001211143913678825
còn mềnh thì ra quán mua bim bim đều chỉ để nhì em mà cười,0,0,0.0007982198731042445
"biết chỉ là phim thôi , xem con bé hôn bố lần cuối nước mắt tự rơi , híc híc",1,0,0.0005935118533670902
tao lại bị mọc lông chân rồi :((,1,0,0.0007300492143258452
mua thêm vài trăm con cá xấu thả chắc vui hơn,0,0,0.0006833396037109196
per hôn nhẹ lên má nha 🤣,0,0,0.0006412375951185822
góp phần xây dựng đất nước chứ gì kkk đóng nhiếu rứa,0,0,0.001177790341898799
dume mặc dù tao rất yêu chó nhưng tao cũng sợ chó nữa :((,1,0,0.000517599459271878
cứ mỗi lần cắt tóc xong tao lại thấy biết ơn bố mẹ vì đã sinh ra tao đzai vãi :))),0,0,0.00048600794980302453
đó cũng là giải pháp hay để lừa một thèn ngu :))),0,0,0.0006006245384924114
thương các con quá đi,1,0,0.0006390053313225508
khổ thân con mèo :((,1,0,0.000553652411326766
một người đàn ông bản lĩnh thực sự 👍,0,0,0.0005098699475638568
"per bởi , đéo dám tán ai hay tỏ tình",1,0,0.0008705785730853677
ấm áp ghê =)),0,0,0.00043409926001913846
phim ấn độ duy nhất tao xem mà không cảm thấy vật lý logic quá khó hiểu dù thật ra trong phim này nhiều kiến thức hại não thật ; )),0,0,0.0005575786926783621
giọng chú hơi bị dễ thương nhá :)),0,0,0.0005869782180525362
pháp năm nay nhiều biến quá :((,1,0,0.00063101522391662
hèn dì mấy nay đi học thấy bạn của crush nhìn mình cười,0,0,0.0009327422012574971
cũng muốn đi xem lắm 😭,1,0,0.0008954875520430505
có lẽ vậy là tốt nhất,1,0,0.007463214918971062
per đến con nít chúng ta cũng không bằng là sao ......... tuổi thơ và tuổi thanh xuân nợ chúng ta quá nhiều thứ rồi 😭😭😭😭,1,0,0.0004842230409849435
gv có tâm vãi 😂,0,0,0.0005609599174931645
mình thi xong còn không khóc được 😢,1,0,0.0006345843430608511
một bộ phim quá suất sắc,0,0,0.000960869190748781
tao mừng quá vì tao biết chắc chắn hôm nay crush của tao không bị thịt . ahihi .,0,0,0.0007034554146230221
"chị thích con gái mạnh mẽ , cá tính .",0,0,0.0008691355469636619
cho dù em có dành được bao nhiêu học bổng đi chăng nữa nhưng mãi mãi em sẽ không thể có được tôi 😅,0,0,0.0018857644172385335
cười ỉa :)),0,0,0.0004967902204953134
lợi ích của việc giữ vững quan điểm 😄,0,0,0.0009338053059764206
"chời , dễ thương quá",0,0,0.0004566762363538146
t cười đấy . thế tao thả haha nhé . mà dume đấy là cháu tao . thế bây giờ không có icon vừa khóc vừa cười à :]],0,0,0.0005329984705895185
nếu là tao thì tao sẽ không ăn được miếng nào,1,0,0.017069295048713684
nghe mát lòng mát gan thế ????,0,0,0.0004642409330699593
lúc bé mình rất sợ,1,0,0.002175895730033517
chưa bao giờ bắn trúng thứ gì 😆.,0,0,0.0011093446519225836
thôi xong . chia buồn cùng quý quốc,1,0,0.0011729258112609386
thấy tội nó ghê ????,1,0,0.0005957130924798548
ngày bé tao bị nó dí thế là tao cho nó 1 gậy 🙂 hôm đó tao được ăn thịt ngỗng,0,0,0.0008584738825447857
đã sáng suốt hơn năm ngoái nhiều . ka ka,0,0,0.0006801180425100029
tưởng tao sợ ư từ cái lần mày dọa rắn tao và tao rơi điện thoại cuối cùng vỡ màn hình là tao đéo sợ nữa nhớ,0,0,0.0007386305369436741
"công trình 850 năm tuổi , xây dựng 100 năm mới hoàn thành chỉ còn là đống cháy sắt vụn .",1,0,0.0006857547559775412
đau bụng quá ự ự,1,0,0.001003856654278934
"đang ỉa xem cười như điên , kkk",0,0,0.006691833958029747
hành động đẹp,0,0,0.000507393735460937
đúng là vàng trắng .. nhưng mà trắng tay :(((,1,0,0.0006062043248675764
thanh niên co ́ em hoan hy ̉ qua ́ :))),0,0,0.0004901899956166744
buồn cô lắm,1,0,0.0010503262747079134
"thích cái câu "" em không yêu anh nữa ""😊😊",0,0,0.0005730014527216554
"anh luôn nghĩ thế giới này không có gì đáng sợ , cho đến khi anh không còn thấy em nữa",1,0,0.005584994796663523
mình chụp mấy lần liền chả thấy bác sĩ cho mặc lớp áo gì cả 😭😭😭,1,0,0.0007548127323389053
"hồi bé đi mua xôi bị một đàn ngỗng đuổi 🙂 may mình đi xe đạp không thì ăn lol ** với chúng nó , cái thứ mất dậy 🙎🏻‍♀️🙎🏻‍♀️🙎🏻‍♀️",1,0,0.0004108268185518682
a đến sớm hơn nhé 😆,0,0,0.0007214483339339495
tao ấn tượng anh đầm hường ghê 😂,0,0,0.0006386887398548424
đáng yêu thế bà đẹp gê,0,0,0.0004643132851924747
cười ỉa phút 1 : 11,0,0,0.0006951440591365099
sao không cắt móng chân cho em ... nhìn mặt cute mà thấy móng chân em sợ phết,1,0,0.0006913935649208724
per cđ chỉ cần đơn giản như thế đã ấm lòng thế ... rơi cả nói chuyện mắt ...,0,0,0.0005638008587993681
huhu sợ vãi luôn á,1,0,0.0009736375650390983
per mày cũng cắt tóc giống thế đi cho đẹp =)))),0,0,0.0004992003669030964
ráng ăn cho nhìu vô ỉa cục cức dài hơn móng tay ổng luôn kk,0,0,0.0006436114781536162
tiền nhiều để làm gì khi tình không còn,1,0,0.001693272846750915
cài lò xô huyền thoại,0,0,0.0006639785133302212
sở khanh như boss chịu liền .. đẹp trai quá trời ui,0,0,0.000508572265971452
chỉ còn lại tro tàn,1,0,0.010525709949433804
huhu lần trước đi chụp răng . thằng kĩ thuật viện cho bạn vào cái máy to đùng xong nó bảo ngồi im . nó bật máy xong chạy ra ngoài đóng cửa với tốc độ ánh sáng .,1,0,0.0008880248642526567
mẹ tao vừa đọc xong còn tag tên tao vào . bọn mày có cách nào trưa nay không về nhà mà vẫn có tiền ăn cơm không chỉ tao với,1,0,0.0010648247553035617
độc nhất vô nhị . kkkk,0,0,0.0009708456345833838
thề nhìn họ hôn nhau thôi mà nổi hết gai ốc . chưa dám nghĩ tới xxx . chắc thốn lắm . lạnh sống lưng thật .,1,0,0.000726369849871844
là gặp đúng người nhưng lại chẳng đúng thời điểm . cuối cùng vẫn là chúng ta bỏ lỡ nhau 😥😥😥,1,0,0.0006537442095577717
quả nhiên chồng con nhà người ta đéo bao giờ làm tao thất vọng 😄,0,0,0.0007356139249168336
họ đã cho ta có mặt ở trên cột đời này rồi còn gì bằng nữa chứ,0,0,0.002068065805360675
tôi đã giữ lại mấy cái giấy note đã ghi chú khi nào kiểm tra =))))),0,0,0.0005371489678509533
"suốt ngày trật ray , còn hay không sự phù hợp hệ thống ray - tàu với hệ thống đường sắt vn",1,0,0.001080878428183496
một mình tao ăn hết 1 nồi lẩu từ lúc tối 😭,1,0,0.0009604022488929331
"thời buổi bây chừ chuyện gì cũng có thể xảy ra , vậy nên thôi trất , đừng nên tin ai",1,0,0.0019255540100857615
mỗi lần quyết tâm bỏ mà lại thấy cười . đm đời,1,0,0.0006968961679376662
có những ngày làm tới đâu là sai tới đó :)) muốn tát vào mặt hết sức,1,0,0.0007302812882699072
nhìn vừa tội vừa thương ????,1,0,0.00045731375575996935
giao lưu tí không . tự bấm chứ không mua =))),0,0,0.0005041278782300651
nhà tao còn nè,0,0,0.0010244377190247178
bữa cơm trưa nay tăm tối như cái ava của tao vầy :((((((,1,0,0.0005579375429078937
t thấy nó cười hoài mà không bao giờ nó cười với tao cả :((,1,0,0.0006182080251164734
2 năm rồi và đã kết thúc rồi,1,0,0.0011367578990757465
cách tốt nhất là đứng lên và chọn 1 nơi khác để tìm 1 thứ tốt đẹp hơn và dễ viết hơn :)),0,0,0.0006972170085646212
"xã hội thật phức tợp , huhu . không muốn sống chung loài người nữa , tao về núi đây",1,0,0.0006639725179411471
tội cả con quá 😭😭 một lũ vô nhân tính đã hủy hoại những mầm non tương lai .,1,0,0.0005812689778394997
"tao nói té 1 cái không dập mề thua gì cũg thua , trĩ nội trĩ ngọai nguyên chùm =)))",1,0,0.0004808212979696691
"per tải thử cái này cho cún đi chị , hay phết này",0,0,0.0004938894999213517
cổ tích thôi nhé . tao mới bị hỏi vì rẽ không xi nhan . và anh chỉ nhẹ nhàng phán 1 câu : ‘’ 2 triệu đưa đây không thôi mai cầm 3 triệu lên đồn nhận xe nhé ’’ anh thật là dễ thương 🙂,0,0,0.0004954795585945249
cưng quá :))),0,0,0.0004982893588021398
nơi ấy giữ lại những kí ức tuyệt vời,0,0,0.000562377565074712
cô gái này thật dễ thương “ anh cứ nhắm mắt làm đại một lần thôi mà “ 😂😂,0,0,0.0006094925920479
tao nhớ không nhầm hôm nay nó đến tháng vậy là sẽ không bị đâu nhỉ,0,0,0.0011439704103395343
má toàn truyện trong mơ không hà mắc cười quá 😂,0,0,0.0005215746932663023
"động lực là tình yêu . vì sau khi chia tay , tôi đã thấy mình vô dụng trong một thời gian dài .",1,0,0.0022641969844698906
ngày xưa cũng như này trong lúc mối quan hệ bắt đầu nhạt :) haiz,1,0,0.0006140571786090732
nay buồn :(((,1,0,0.0005572134396061301
tối mà tắt đèn gặp mặt nó với cặp mắt nó là tao còn sợ hơn thấy ma,1,0,0.0012395759113132954
per ối bạn ơi quà sinh nhật mình đây rồiiiii,0,0,0.0005569741479121149
câu chuyện mọc sừng được bắt nguồn từ đó 😀,0,0,0.0010200487449765205
và vui mừng hơn khi biết tin chị vợ ở nhà vừa sinh hạ em bé được 1 tuần,0,0,0.0007279404671862721
nghe ngọt thế :((,0,0,0.000461688352515921
thích thật,0,0,0.0007650973275303841
tao xem mà cứ sợ nó ngã vãi 🙂,1,0,0.0008923685527406633
bỏ thế lồn nào được :(,1,0,0.0007286431500688195
"thanh xuân của tớ gặp cậu rồi , 4 năm rồi , chỉ có điều vẫn là 2 đường thẳng song song",1,0,0.0008670493843965232
xem hết mới biết cái video nó không phải video hài thấy buồn buồn 😪,1,0,0.000577857659664005
nghe nguồn tao biết được độ chân thực của câu chuyện rồi 😂😂😂,0,0,0.0007589453016407788
hạnh phúc thật :)),0,0,0.0004621656844392419
kiểu định share vì thấy tinh thần khá hơn nhưng đọc bình luận xong kiểu nhiều đứa còn tiêu cực hơn mình :<,1,0,0.0004958298522979021
t nghe thấy nó nói gì tao chết liền,1,0,0.004525632131844759
mong ông bà được nhiu sức khỏe,0,0,0.0005946329911239445
đó là những nơi khác . chứ chỗ làm của em . anh chị đáng yêu v đáng quý . em học tập được rất nhìu kinh nghiệm .,0,0,0.00047749621444381773
hết hồn chim én,1,0,0.000899501726962626
con đường này chắc dành cho mấy người như tôi,0,0,0.0029900483787059784
chắc là năm lớp 4 5 gì đó :)) tao mua bánh kẹo đem vô lớp bán lẻ lại ... mỗi lần đem bán như vậy chắc cũng kiếm được lãi 2 - 30k 😂,0,0,0.0007410304970107973
già còn thích phi công =)),0,0,0.0005482759443111718
chuyện tình huyền thoại của per với per :(,1,0,0.0005798103520646691
để tao nấu thì quên luôn . xác định tối đó đói :((,1,0,0.0005845619016326964
mình trả phòng là chăn ga gấp gọn gàng . đồ đạc hẳn hoi trả người ta . dù sao mình cũng như người ta bẩn dọn mãi không sạch ai chẳng điên,0,0,0.000603542837779969
chỉ cần thích cái là muốn rụng tim,0,0,0.0017250017262995243
công an béo như lợn không đuổi nổi tội phạm 😂😂,0,0,0.0006863996968604624
khổ người lao động thôi,1,0,0.0022626325953751802
moá nhìn rùng hết cả mình,1,0,0.0007724977913312614
"trước tao cũng tin vào tình yêu chân thành lắm , niềm tin chết rồi",1,0,0.006494690664112568
vcb thu phí dịch vụ cao có khác . lương nv cũng hơn chỗ khác :)),0,0,0.0006341045955196023
bư ̃ anh trước mới nghi ̉ xong tao đi đa ̀ nă ̃ người chơi 3 nga ̀ y xong vê ̀ kho ̉ em re =))),0,0,0.0005376350018195808
có thì tốt nhất đừng có giận vì ngoài kia bất cứ thằng nào cũng sẵn sàng dỗ dành bạn gái của bạn 😋,1,0,0.0008009342127479613
"đấy gọi là biết ngu mà vẫn đâm đầu vào , giống tao :)",0,0,0.0006292324396781623
tao cũng có 1 người bà như trong video nhưng bà ấy qua đời rồi 🙁🙁🙁,1,0,0.0008354611927643418
bắt võng nằm cho sướng,0,0,0.0010676444508135319
phim này ý nghĩa lắm,0,0,0.0005597778945229948
thú vui đặc biệt vãi :v .,0,0,0.0005789226852357388
ny tao đbh dỗi . chọc kiểu gì cũng không dỗi . đáng yêu vãi 😂,0,0,0.0004494090098887682
ko sợ gì chỉ sợ con ml ý 😞,1,0,0.0007144276169128716
quá hay cho admin,0,0,0.00045112502994015813
per gặp tao chắc tao đái trong vần 😅😅,1,0,0.0005293102003633976
ngày nào cũng ngủ với mẹ rồi mà vẫn còn tiếc :))))),0,0,0.00045811288873665035
tao thích vẽ . nhưng vẽ xấu từ đó chuyển hẳn sang mê chụp ảnh .,0,0,0.0012963106855750084
t thấy dễ mà . không biết thì học khác biết . ez vãi,0,0,0.0005559664568863809
còn gì hơn lòng dạ đàn bà ... cũng may tao là một con đàn ông :)),0,0,0.0005983721348457038
thôi xong tao rồi :((,1,0,0.0008469299646094441
cảm ơn bạn vì đã chia sẻ cũng như đã luôn sáng suốt để không làm gì sai,0,0,0.0006249103462323546
bộ phim hay ý nghĩa nhất từng xem,0,0,0.0004904920933768153
bài viết đọc rất sướng .,0,0,0.000492017949000001
con này chăm sóc n là n bao đẹp ><,0,0,0.0005219957092776895
ừ thì là chuyện cổ tích . cháu đang đi đường thẳng gặp mấy chú thì phải rẽ ngang . 😢😢,1,0,0.000731145148165524
cưng gì đâu,0,0,0.0012250281870365143
lâu quá mới nghe lại bài này buồn thế,1,0,0.0006628462579101324
per eo ôi làm nhớ hồi nhỏ đi học mẫu giáo quá :))),1,0,0.00045795529149472713
ngày cuối cùng thực sự buồn,1,0,0.0032665503676980734
hú hồn hà,1,0,0.0009523677872493863
aw giống tao vậy =))) mấy thứ linh tinh tao còn để nguyên vào 1 cái hộp bự cơ,0,0,0.0005154720274731517
khóc muốn rơi cả mắt,1,0,0.06992301344871521
có những ngày mọi thứ nó bỗng ập đến,1,1,0.9967164397239685
bộ phim đáng xem đó mấy man,0,0,0.0005618944414891303
một đứa sợ sấm chớp không thích hình ảnh này huhu,1,0,0.0009729614830575883
per đây . cô gái bán hàng thú vị đây . phải xem cho hết,0,0,0.0009223971865139902
nuốt được cục tiền đó cũng hay đó ( y ),0,0,0.0008051885524764657
rất nguy hiểm,1,0,0.0023895269259810448
:((( tôi vẫn chưa sẵn sàng để đi học mà,1,0,0.001975949155166745
khang khang 1 thời cùng nhau vui say ! bjo thì khác rồi thân ai nấy lo hở chị hố hố ;)),0,0,0.00043257788638584316
"nhìn cảnh này mình nhớ lại cảnh ông ngoại mình đứng ngay quan tài bà ngoại khóc nức nở . bà đi rồi để ông ở lại một mình , đau lòng quá",1,0,0.0006839102716185153
"tụi mày có hiểu được cảm giác , muốn bắt chuyện mà không dám bắt không ?? tụi mày có hiểu được cảm giác vờ ngủ gục để nhìn nó không ?? tụi mày đã từng nhìn nó thật kỉ , thật tỉ mỉ chưa ?",1,0,0.0007146111456677318
"sao vẫn còn người tốt trong xã hội này , đáng khâm phục",0,0,0.0009083979530259967
rất tiếc cho 1 bài quyền,1,0,0.0007411015103571117
nhện này trong nhà tao chắc tao bỏ nhà đi mất 😱🤯,1,0,0.0008201118907891214
mình cũng có con mèo đực nuôi được 1 năm thì nó biệt tích 1 năm sau nó về rồi 1 năm sau thì nó mất .... buồn,1,0,0.000807744509074837
"mẹ kể hồi nhỏ nuôi con ngỗng thay chó canh nhà . ăn trộm mà vào thì chạy đằng trời với nó , cả bầy lao ra quạt với táp , khi gia đình vác gậy chạy ra thì thằng ăn trộm nó ôm cây trên tít cành cao , áo quần tóc tai lủng máu me tè le . gia đình phải cứu ăn trộm má mấy mẻ còn không tha , 2 3 con vẫn dí nhảy hàng rào dí theo ăn trộm . phải nói dí bao dai mà cục súc vê lờ .",0,0,0.0006421746220439672
cái kết có hậu quá :)),0,0,0.0005055365618318319
thấy cờ rút trên tờ polime là tim rụng rời liền,0,0,0.000763901392929256
chuẩn bài =)))),0,0,0.0004782173200510442
"per huhu đúng quá nè :< sư phụ đi rồi , còn per thôi , đừng đi đâu nữa nhaaa 😢",1,0,0.0005116296233609319
"chuẩn luôn , áp lực công việc cũng không bằng mối quan hệ với đồng nghiệp",0,0,0.0010741829173639417
ui sồi ôi đốn tim vãiiiiiiii,0,0,0.000521958339959383
per tao mãi mãi bị con này ám ảnh từ bé đến giờ . thứ gì mà đéo thể yêu thương nỗi . nghe tiếng nó kêu là tao bỏ chạy trăm mét 😒,1,0,0.001674824976362288
per hết tiền thật sự :(,1,0,0.0006979934987612069
chuyển từ thất tình sang muốn chết vì quá chán :((,1,0,0.0006998932803981006
"mong là chuyện không có thật , chứ có thật thì đau lòng vãi ra 😪😪",1,0,0.000961779966019094
đơn giản 🙂,0,0,0.0006476353155449033
tại trà sữa làm tao mập chứ tao có muốn đâu :(,1,0,0.000901254010386765
"vui nhất là câu "" lấy ghế ra ngồi nhìn """,0,0,0.001027149148285389
xem video cu ̃ người cho ́ người hê ́ tao ca ̉ mă ̣ tao,1,0,0.0006629589479416609
"tan rã hết rồi , giờ toàn đánh lẻ thôi 😭😭😭",1,0,0.0007397551671601832
hên là đụng nhầm người chứ đụng trúng cái là rụng trứng cả bày cả lũ -)),0,0,0.0005236341967247427
trông anh thần thái vãi :v,0,0,0.0005280753830447793
cười muốn tắt thở 😂😂😂,0,0,0.001533318543806672
khiếp quá đi tụi con ơi,1,0,0.0016511989524587989
bây giờ nhìn vào cứ kiện tụng mà nãn :((,1,0,0.0006098671001382172
uiii xinh gái thế ...,0,0,0.0004861780325882137
per ê xem đi phim này lâu rồi nhưng mà hay lắm,0,0,0.00045657085138373077
"xem phim mà cứ nhìn cặp chân của ổng , chân gì mà dài thường thượt . chồi ôi 1m87",0,0,0.0005602596793323755
thất tình đi nghe nhạc chúng nó còn ngồi trước mặt ôm nhau . hận,1,0,0.0006213510641828179
ha ha chịu không nổi luôn !,0,0,0.0007865363731980324
cắt cả thắt lưng da của bố để làm ná 😂😂,0,0,0.0006120612379163504
học giỏi lại xinh xắn hì,0,0,0.00047108615399338305
đú quan trọng bởi người tao yêu củng không đi chơi valungtung thế là tao vui rồi :)),0,0,0.0004698893171735108
"bị chó rượt cũng không đáng sợ bằng mẹ này . gặp chó mà có ý định rượt thì đứng im hoặc đi nhẹ nhàng nó nghỉ rượt . còn mẹ này chạy mẻ rượt , đi nhẹ mẻ rượt , đứng im mẻ mổ như mổ thức ăn . thiếu điều muốn quỳ lạy van xin mẻ luôn .",1,0,0.000569867726881057
cái video đầu làm hết hồn per per,1,0,0.0007901584031060338
người gì đâu mà dễ thương quá chờiiiii,0,0,0.000564062618650496
chủ tịch đi nặn mụn ở tai và cái kết khóc thét,1,0,0.0010455901501700282
"mất đi một di sản , chứng tích của lịch sử 😓",1,0,0.000980580342002213
em đi bộ chết mẹ đây này,1,0,0.001630984479561448
chuẩn con mẹ nó cơm oy 😂😂😂,0,0,0.0005180882290005684
không biết đến 2021 tao có lấy được chồng không nữa :((,1,0,0.0007198931416496634
chia buồn cùng nước pháp,1,0,0.0013364307815209031
thiếu cái que chấm dầu là ổn 😂,0,0,0.0009449233184568584
🙂 thanh xuân của em đã từng có khoảng time tươi đẹp,0,0,0.000664867227897048
ai cho mình xin page của con này với thích xem nó live stream bán đồ gê,0,0,0.0007390727405436337
vl bố tao đang ở đây mà chắc sáng mai mới về mất ??,1,0,0.0006974329007789493
"tao là trùm nấu cơm kiểu này rồi ,, còn bây giờ mất điện thi nấu bằng bếp ga :))",0,0,0.0005608818028122187
per huhu nhất là mấy bài không cho chất thử á :(,1,0,0.0005728211835958064
tán gái hay vãi,0,0,0.0006217669579200447
cười vãi :))) tếu thật sự luôn ý,0,0,0.0004320157750044018
khớp vãi =))))))) mặt con bé,0,0,0.00045132459490559995
nhưng nó giỏi và bản lĩnh đó,0,0,0.0012711903546005487
tuyệt vời,0,0,0.000428718572948128
t thề hồi nhỏ qua nhà ông hàng xóm vá xe tao bị con ngỗng dí chạy xúc quần quanh nhà ổng vừa chạy vừa la làng tới giờ nhớ lại vẫn còn hãi 😧😧😧,1,0,0.0006923790788277984
thông minh lắm,0,0,0.0006631077849306166
bà ngoại của em đáng yêu hơn thế này nhiều,0,0,0.0006477760034613311
bé gái đáng yêu quá ??,0,0,0.0003913027176167816
buồn thật ấy,1,0,0.0007873395225033164
uớc gì sau này về già vẫn có thể như cụ này :)),0,0,0.0006600331398658454
cư ́ như kiê ̉ u =))) ngươ ̀ i yêu,0,0,0.0005266374791972339
tao sợ ma nên không dám coi lun,1,0,0.0033608111552894115
ai muốn đi thái hè này với tôiii nào cũng chim ưng phết đấyy :))),0,0,0.0005110384081490338
"phim này quá hay . xem đi xem lại mãi không chán . đặt tay lên ngực "" mọi chuyện đều ổn "" câu nói kinh điển",0,0,0.0005128069897182286
tại sao anh cứ mất công giận dỗi trong khi người xin lỗi vẫn là anh =)),0,0,0.0006395758828148246
giống y bố tao 🤣 ngoa khủng khiếp nhưng mà nhà tao vui vãi_chưởng 🤣🤣. điểm danh nhà bố học giỏi văn nào 🤦🏻‍♀️,0,0,0.00045967233018018305
à thì ra là như v =)))),0,0,0.0006409980705939233
"per anh không nặn đi , mai mốt nó sẽ chaii dầy nè hihii :)))",0,0,0.0004890430718660355
ngã nhìn cũng thấy yêu 🤣,0,0,0.00048767580301500857
"cũng chuẩn , giờ khởi nghiệp vậy phá sản chỉ mấy tháng đầu",0,0,0.0009716803324408829
"hôm trước tao đi chơi về đường vắng nên chạy nhanh , vừa qua cua anh cảnh sát chạy ra chặn làm tao sợ chetme vì giấy tờ không có bằng lái thì chưa thi lại còn thiếu abcxyz",1,0,0.0007286609034053981
rớt vô đây chắc chắc khóc tiếng thái lan,1,0,0.0009260622900910676
đỉnh của đỉnh 🙂,0,0,0.0013608678709715605
bà nuốt quả chuối tao cười tao ẻ,0,0,0.0006336291553452611
"có những con người luôn phải chịu đắng cay , cta không được chọn gia đình , bạn bè và càng không có quyền lựa chọn cuộc sống này . hãy vui lên với tất cả những gì ta đang có dù là hai bàn tay trắng",1,0,0.0010794650297611952
đi bao xa mới thoát đựoc kiếp không có người yêu ? :<,1,0,0.000621502404101193
"gặp cái này "" sun "" mẹ nó vào ... :))",1,0,0.0006184425437822938
tội bà vợ,1,0,0.0009119539754465222
per 😢😢 miss you .. chính xác luôn ak hậu,1,0,0.00043653015745803714
chắc ỉa ra quần chứ đéo đùa -.-,1,0,0.000689423643052578
tôi cùng hoàn cảnh với bạn má tôi củng bệnh và từng ngày từng ngày tôi bên má tôi sợ giây phút má bỏ tôi ra đi và ngày đó củng đến ai còn mẹ hảy quí từng giây từng khắc bên mẹ,1,1,0.9986866116523743
thua cả người ta 😞,1,0,0.0008091434719972312
tính ra tao lúc nào cũng hài hước vui vẻ luôn đó trời :)))),0,0,0.0004688388726208359
thật đáng sợ,1,0,0.0019420700846239924
sợ xanh mắt mèo,1,0,0.0014054712373763323
ấy thế mà đã 6 năm rồi . bây giờ còn không nhớ được những đứa nào đã học cùng mình nữa rồi 😪,1,0,0.0009451236692257226
"per lại nữa , tao dg suy nghĩ có nên đi bằng rap về không",1,0,0.0007719929562881589
per tao thấy tao trong đó ahahahaha,0,0,0.0012635792372748256
"em ơi , hết rồi 😔 hết rồi , chẳng còn chi nữa đâu em ...",1,0,0.0017476135399192572
hello đồng nghiệp ;)))) không biết nghiệp gì thôi haha,0,0,0.00047068396816030145
"cái này ở shop đồng giá 40k aeon có nè , tê tới dái luôn",0,0,0.0007194877252914011
nhìn stt đồng cảm khủng khiếp .,1,0,0.0009988092351704836
một câu chuyện bi đát :((,1,0,0.0005664417403750122
haizzz ... thế là chưa có kq gì tốt đẹp cả ..,1,0,0.0008503675926476717
để có được cái nắm tay tuổi già là bao giông bão của tuổi trẻ . mấy ai qua được bão giông ?,0,0,0.0008172278176061809
"đấy , nó đấy . con tim tao đau quá .",1,0,0.0033980475272983313
gặp em đúng lúc nhưng sao anh vẫn thấy mình cô đơn quá .,1,0,0.0009241979569196701
nhớ lại thời đi học xa nhà . bếp dầu ... :(,1,0,0.0005531220231205225
"con gấu trúc , cho nó ăn trúc đi =))) tướng ngồi nhìn cưng vãi",0,0,0.0004981193342246115
nhưng nó sẽ to và rộng ra :(,1,0,0.001723780413158238
haha còn tao thì thấy nó lúc nào cũng đáng yêuc 😄😄😄,0,0,0.0004984630504623055
"đừng tin vào lời ong bướm , đó là hố sâu , là cạm bẫy tình yêu =))",1,0,0.0006003440939821303
bây chửi kệ bây ! riêng tao thik phá trong trường hợp này 😂,0,0,0.0007796038407832384
ở chỗ khác chắc gì có đứa béo như mình !,0,0,0.0010445939842611551
"yeahh ! tao giờ đã là khách quen quán trà sữa đó rồi , về nhà cũng phải ráng tạt qua",0,0,0.0008526942110620439
cái miệng nói chuyện không có người phụ nữ nào có trời ơi thật là có duyên khiếp quá đi thôi,0,0,0.0005825706757605076
cưng quá đi,0,0,0.0008405657135881484
một phút huy hoàng rồi chợt tắt còn hơn le lói giữa ngàn thu,0,0,0.0007677787798456848
"bộ phim này xem rất sướng . và rút ra được khám phá là thứ tuyệt vời nhất chứ không phải bằng cấp . giá như mấy ông "" bộ "" và mấy ông "" ngành "" dành thời gian xem phim này một lần .",0,0,0.0005694857100024819
aeon tâm lý thế :)) mày . n vào mua que kem tránh nóng,0,0,0.0005445773131214082
per vui quá .. đi dạo được ven hồ rồi 🙂,0,0,0.0005881626857444644
thế làm sao dỗ bạn gái đang giận :(,1,0,0.0006004760507494211
vãi :)) độc đấy,1,0,0.0005129761411808431
tao bị bỏ rơi rồi,1,0,0.0026692093815654516
🙁 bị rớt tiền,1,0,0.0009519605082459748
phần còn lại là nỗi nhớ và những lần thở dài :((,1,0,0.00100431009195745
"tao rợn hết người luôn , ghi công mày 😑😑",1,0,0.0005864120903424919
"đây là tao khi bảo "" tao biết đường mà , tin tao ."" 🙂",0,0,0.0012401852291077375
đã sợ chó rồi thì chớ lại còn bị đùa zai như này . ai sợ chó đã từng trải sẽ hiểu :v,1,0,0.0007630938198417425
hic hic mình còn chả bao giờ được giận lại ấy chứ :((,1,0,0.0005599983269348741
gãy tay,1,0,0.00239764922298491
cho em xin tên facebook của c trong video để khi buồn em có thứ mua vui ạ . cám ơn mọi người,0,0,0.0006019093561917543
đợi đến ngày họp lớp đi 😪,1,0,0.0008637016289867461
"võ nghệ cao siêu đến mấy cũng phụ thuộc vào hung khí , em biết được điều này lên không bao giờ em học võ mà tự xắm cho mình khẩu hoa cải !",0,0,0.000791767321061343
chia buồn cùng người dân và đất nước pháp,1,0,0.000994786387309432
và khi quay lại nói chuyện với nhau .... biết nói gì giờ huhu,1,0,0.0009416255634278059
"lớp 2 xí mót được cái chong chóng , bán lại cho thằng hàng xóm 500d .",0,0,0.0008293885039165616
yêu sắp 2 năm rồi mà không biết người yêu kể chuyện cho nghe là gì 😢 đòi mấy lần toàn kêu không bình thường xịu xịu,1,0,0.0006425538449548185
buồn cười nhất cái đoạn cã lũ bạn đồng thanh * chó nó lấy * 😂,0,0,0.0005087810568511486
ờ công nhận đáng sợ vãi 😭,1,0,0.000770328042563051
đọc nhiều chuyện cổ tích vầy thấy yêu cuộc sống hẳn :)),0,0,0.0004366799257695675
giun xào đĩa luộc là ngon ngay 😂😂😂,0,0,0.0005384775577113032
mỉa mai cực mạnh =)),0,0,0.0004566170391626656
chia buồn với gã lưng gù 😥😢,1,0,0.0005787519621662796
con gái hay ảo tưởng như vậy lắm 😌,1,0,0.0008764826343394816
có ai thấy tội ông cụ như tao không 😭,1,0,0.0009096486610360444
"ê tao cũng hay giữ mấy cái linh tinh lại như vậy để vài năm sau mở ra xem lại có cảm giác hoài niệm , mà mẹ tao bắt tao vứt hết rồi 😢",1,0,0.0009153124410659075
"đấy , chỉ có sale như tao mới tốt thôi , tao không bao giờ hỏi về nỗi đau của khách hàng : x",0,0,0.0010575983906164765
lâu rất lâu mới gặp được lần rồi liết mắt nhìn cái :)))) chưa thấy nó cười,1,0,0.0005134272505529225
ra xong bảo anh ý ship em về nhà luôn được không . xe em bị hỏng mất tiêu rồi =)),0,0,0.0005520096747204661
per cảm ơn tôi đi . thấy tầm quan trọng của máy chém gió chưa,0,0,0.0006980108446441591
mỗi lần coi lại sởn gai ốc,1,0,0.0009955666027963161
khổ nhân viên,1,0,0.0009206284303218126
thật sự đọc xong thấy hơi rưng rưng,1,0,0.0007503296947106719
phim này hay dã man luôn - có ai biết phim nào kiểu dạng này nữa o 😍😍😍,0,0,0.00045113966916687787
nói xong còn chả dám ăn nữa 😂😂,1,0,0.001920428010635078
người trái đất thật đáng sợ mà - _ -,1,0,0.0007934066816233099
nhớ hồi mình làm đồng nghiệp ghê :))),0,0,0.0004918397753499448
bếp dầu ngày xưa thật ý nghĩa,0,0,0.0007756881532259285
có khi nào kết hôn xong nó giết lấy tiền bảo hiểm không,1,0,0.0010838210582733154
"per như một cú tát vào mặt , đau lòng quá đi",1,0,0.0008146123145706952
lâu lắm rồi chưa ăn được miếng cơm cháy .,1,0,0.002623734762892127
"ước gì con về với mẹ .... đợi mấy tháng rồi vẫn chưa thấy bóng dáng con , mong con vẫn sống ...",1,0,0.00236679520457983
cả ngàn tin nhắn không đổi lại được 1 lần xem :((,1,0,0.000570101838093251
cảm thấy sợ mấy thứ suy nghĩ cổ hủ của người lớn :(,1,0,0.000674620212521404
để nó vậy không thấy tội sao,1,0,0.0017721775220707059
nhìn qua ảnh thôi cũng thích =)),0,0,0.0005619113799184561
con bé xinh ghê,0,0,0.0005849383305758238
"yep . chính tao . đi vệ sinh thôi cũng phải đảo qua , mà giờ thì người ta sắp đi lấy chồng rồi",1,0,0.0009496241109445691
cũng dể thương đấy chứ,0,0,0.0006746620056219399
phải có bao nhiêu tình cảm mới có thể viết ra được những dòng này ...,1,0,0.0015652069123461843
buồn dễ sợ mà huhu,1,0,0.0009321821271441877
đẹp trai quá,0,0,0.0004889520932920277
"trời đụ , tội bé",1,0,0.0007288223714567721
mang anh này về nhà luôn được không 😻,0,0,0.0011070669861510396
gia đình thì không còn . tình yêu thì chưa có gì chắc chắn . 😏,1,0,0.0006740086828358471
"chơi game :v cấp 2 trộm tiền bố mẹ đốt gần 10tr vào game , cuối áy náy không chơi nữa nên ngồi bán nick được khoảng 2tr cũng gọi là thu nhập đầu tiên :v",0,0,0.0004950044094584882
bà về nơi phương xa mất rồi . nhưng với tớ bà là người dễ thương nhất trên đời . chỉ muốn ngả vào lòng ngoại nghe kể về những câu chuyện cổ 😘,1,0,0.0007127108983695507
"anh giờ thích ai rồi , không còn giữ câu nói trước kia nữa đâu nhỉ . ừ gần 1 năm rồi cơ mà :((",1,0,0.0007780715823173523
nhớ lại kỷ niệm này buồn quá,1,0,0.0007899325573816895
còn tao thì 14 / 2 này trở đi tao không còn fa nữa mà chuyển sang những người già neo đơn .. kkk,0,0,0.001072704209946096
chả vị nước mắt à 😔,1,0,0.0009746713913045824
ngưỡng mộ quá đi ạ . chúc 2 ac mãi mãi hạnh phúc như này nha :))),0,0,0.00040812662336975336
phìm này rất rất hay đôi với ai sống hướng nội !,0,0,0.00043799629202112556
:v crush có người yêu rồi,1,0,0.0006480726879090071
"trên đường tao đi làm cũng có 2 con , mỗi lần chay tới là nó vương cổ ra như kiểu muốn hút tao trong khi tao không làm gì nó , cứ mỗi lần chạy tới là tao cách ly cả "" nghìn mét "" với nó , thấy nó sợ bỏ mẹ . đúng chất con ngang",1,0,0.0008669139351695776
cầu mong chú có cuộc sống tốt hơn ❤,0,0,0.0014686582144349813
thề lun anh ấy rất kĩ thuật lun á,0,0,0.0011665619676932693
moẹ ! nghe cái tên đã hấp con mẹ nó dẫn lắm rồi đây này ! đjln ??????,0,0,0.0005641125608235598
được bác ạ !! cứ lấy vợ giàu là được tuốt =))),0,0,0.0004992389585822821
hên là chay ra kip,0,0,0.0006561877089552581
per tìm ông bán xoài này ngay cho em 😂😂😂,0,0,0.0005473060882650316
cười ỉa 😂😂 thây nó thét mà tao nghĩ dọn xong nó đi luôn cái cổ họng,0,0,0.0006230631843209267
hay lắm cậu bé,0,0,0.0005210060044191778
có biết bao người có mảnh đời như vậy !,1,0,0.0020768221002072096
per =)))) đáng sợ vãi,1,0,0.0004970123409293592
hhaahhaah ! t đã may mắn như thế 😂,0,0,0.0005083961295895278
maii ban thanh nhung nhớ cái này không hic 😭😭😭😭😭,1,0,0.000499908986967057
uề ... lại li hôn không thành công ... 😂😂. t buồn cười câu này quá per,0,0,0.0005279956385493279
per thông minh là đây chớ đâu,0,0,0.0010348927462473512
mai xem lại phim nay . phim rất hay .,0,0,0.00047147629084065557
khi em nói 2 chữ muốn dừng là nước mắt không bao giờ ngưng . . . đau,1,0,0.0019516998436301947
đa ́ người yêuc quá ́,0,0,0.00047706899931654334
per anh ơi đừng gym nữa . boxing là đụ rùi :((,1,0,0.000557393825147301
nhà tao vẫn nấu . à mà lâu lâu tao về nấu một lần thì không cháy cũng nát,1,0,0.0008766196551732719
tội cho cô gái ;((,1,0,0.0005104267620481551
có những người đi qua đời bao nhiêu như 1 cơn gió vậy . vô tình nhìn lại . nó lại là quá khứ ...!,1,0,0.0009653079905547202
"rất dũng cảm , đáng yêu quá",0,0,0.00041164830327033997
"per ít bửa đi coi , trailer thấy hấp dẫn quá",0,0,0.0005656974390149117
per kỷ niệm nè !!!,0,0,0.0005401427042670548
cảm ơn mày đã khai phá cho tao thêm một nét văn hoá đẹp :)),0,0,0.00046450321679003537
ít nhất con nhện nó còn yêu mày 🙂🙂🙂,0,0,0.0007715920219197869
người ghép có tâm 😁😁,0,0,0.0006358256796374917
tao cute mà các mày,0,0,0.000909739697817713
cưng ghê,0,0,0.000863423163536936
per chán quá,1,0,0.0013756414409726858
yêu làm mẹ gì rồi phải chia tay người ơi,1,0,0.0008590822108089924
"ôi những con người dễ bị ám ảnh với quá khứ , ôm nhau cái nào",0,0,0.001030084560625255
định tag anh vào nhưng chợt nhớ ra làm gì có anh nào 😑,1,0,0.0009818129474297166
nhớ không em lời hứa ngày xưa mình bên nhau dưới ánh trăng đã nguyện thề :)),0,0,0.0005814916803501546
"sau 15 năm cắp sách đi học và 2 , 5 năm không động đến sách thì bây giờ đang tự hỏi đây là gì sao mà giải được . huhu",1,0,0.0008578029228374362
cay đắng và mặn :(,1,0,0.0007860977784730494
đm thực tế như này còn hay . tiếc là đéo ở gần mình =)),1,0,0.0005597880808636546
tuy chưa viết hết nhưng tao người khác sẽ hiểu là viết cái gì,0,0,0.0016170610906556249
lúc tối mày cũng nằm mơ nèo nhà mày về . ước gì nó là sự thật 😢,1,0,0.0006781413685530424
per dume đái trong quần,1,0,0.0006516833091154695
mắt 2 mí dễ thương quá,0,0,0.00045572384260594845
tuổi thơ tôi toàn gặp những thằng mất dậy và toàn đánh nhau với chúng . tuổi thơ nợ tôi quá nhiều,1,0,0.0008353704470209777
"nhớ lúc trước có thằng bạn học rất giỏi và đẹp trai , lớp phó kỷ luật lạnh lùng và tàn ác không thương sót ai , ghi hết vào sổ . chỉ riêng mình là có thể giật tập nó để chép bài và đánh nó không thương tiếc mà nó vẫn im lặng , không bao giờ bị nó ghi tên vào sổ . kiểm tra quay phao nó giục bỏ và canh cô đưa bài cho chép",0,0,0.0006052690441720188
"muốn hun , muốn ngắt , muốn nhéo , muốn tán vào cái mặt nó ghê , yêu vãi ??????",0,0,0.0005505916778929532
mình làm ở sài gòn gặp nhiều bạn ở miền ngoài nhưng thích nghe nhất giọng ở phú yên nghe hay hay sau ah có ai vậy không,0,0,0.0006732534966431558
lớn lên sẽ rất đẹp chaiii ??,0,0,0.0005395025946199894
dễ thương ha,0,0,0.0005254671559669077
nhưng đảm bảo coi cái nào là cười sặc cái đó :)) vì nó diễn tệ đến nỗi nó hay,0,0,0.0005329156410880387
xem cả chục lần vẫn thấy hạnh phúc lây với cụ bà 😊 không biết mai sau mình có được vậy không,0,0,0.0005041230469942093
cho thơm miếng nào yêu quá cơ,0,0,0.0004942045197822154
để được maiz ngắm nhìn nụ cười đó nên quyết định chỉ crush mà thôi :3,0,0,0.000843699264805764
đối với tình yêu thì thời gian có tác dụng xây đắp chứ không còn là phá huỷ mọi thứ nữa . ngưỡng mộ hai ông bà ❤️❤️❤️,0,0,0.0004952011513523757
kinh dị v,1,0,0.0010552825406193733
hồi nhỏ cứ đi qua chỗ nào mà nhìn từ xa thấy bóng dáng mấy con đuỹ này là chuẩn bị tinh thần chạy chứ nó dí sấp mặt luôn dù mình đéo làm gì nó hết 😂 vừa dí vừa ngoác mỏ hét sợ vãi ra,1,0,0.0006556131993420422
"em cũng đi lead này , nhưng đừng gọi em là ninja được không , xin luôn đấy",1,0,0.0014134673401713371
sợ vãi linh hồn,1,0,0.0014915023930370808
giống ml em tao hồi n nhỏ vãi . muốn ngủ với mẹ nhưng bị tao nịnh nọt bắt lên ngủ với tao :)),0,0,0.000503774790558964
ôi vãi mình lên fan cứng rồi cơ 🤗,0,0,0.0008357812184840441
bé gái đáng yêuc quá :))). dth nữa,0,0,0.0004078446072526276
hôm nay anh xin lỗi em về những việc anh đã làm hôm nay .. anh không thể kiểm soát não anh được nữa rồi 🤫,1,0,0.0025243819691240788
từ nay tôi quết định nuôi dưỡng con chim tôi tới già . và tôi mong được unesco công nhận kỳ quan thứ 8 của thế giới,0,0,0.001059389323927462
và đó đéo phải là tao =))),1,0,0.0008991256472654641
ngọt sớt :))),0,0,0.00042037537787109613
một sinh vật xinh đẹp và hiền lành . tiếc cho nó quá,1,0,0.00045910829794593155
sau khi bố xem video của con xong thì bố rút ra 1 điều . bố không chỉ chửi con lúc con cầm đũa mà bố sẽ chửi con cả ngày thân ái ... yêu con,0,0,0.0006664539105258882
đẹp quá v 😍😍,0,0,0.00041063479147851467
xin đi chơi với bạn ngày tổng kết không cho cứ bắt học miết :)) khá mệt,1,0,0.000498203095048666
cảm động quá hjxhjx,1,0,0.1664963811635971
cuối ngày hình ảnh của ông bà là đẹp nhất ... chúc ông bà mãi hạnh phúc sống thật lâu lâu nhé 😘😘😘,0,0,0.0004541271482594311
nhìn đôi bàn tay đã biết phải lao động rồi . chị có lấy trai việt không :)),0,0,0.0006082368199713528
là crush ông nào thì chạy ra bế vào nhà dễ dàng có người yêu :),0,0,0.0004950829898007214
ngáo cỏ này đáng yêu nhỉ,0,0,0.0005072831991128623
ai cũng nói tao đẹp troai . hiền lành nhưng chưa biết lúc tao lên cơn 😂😂😁,0,0,0.016980398446321487
nó mới ghé nhà tao đây :)),0,0,0.0006882479065097868
đái mẹ ra quần,1,0,0.0007152508478611708
tao ngồi tao khóc 1 buổi ☹️,1,0,0.001888789003714919
ra xã hội rồi mới biết mình còn may mắn hơn rất nhiều người vậy nên hãy trân trọng những gì mình có 😊,0,0,0.0006661332445219159
cưng thiệt chớ ????,0,0,0.0004755611880682409
ý tưởng hay 😂,0,0,0.0004457662289496511
nó thả thính xong nó chạy mất ..,1,0,0.001112275174818933
đang chán đời cắt tóc xong là chán cái mặt hơn chán đời luôn :((,1,0,0.0005200989544391632
ai thấy pha cuối phê vãi không,0,0,0.0007760814623907208
lo cho thang bé lỡ rớt điện thoại xuống nước thì ....,1,0,0.0006500865565612912
tim vỡ nát,1,0,0.0017139763804152608
per em hiểu sao anh đưa em quyển sổ rồi nha kkk,0,0,0.0007090288563631475
bộ phim truyền cảm hứng hay nhất =),0,0,0.0004630240146070719
"mai tao ăn gà , chụp hình bình luận lại cho mày thèm chơi ??",0,0,0.0005485759465955198
"theo mình thì không nên vì định kiến xã hội quá khắc nghiệt , họ sẽ bị tổn thương và nghĩ quẩn",1,0,0.0014700881438329816
"hôm nay ai có vàng bán hết đi , tuần sau mua lại , lời vãi .",0,0,0.001240178127773106
ai hát tao cho tao nge bài này chắc tao say quá,0,0,0.0006874943501316011
thằng đoạn cuối mặc áo hồng đang định gải đít nhưng vì thấy rắn nên anh ấy đã hết ngứa,0,0,0.0008199125295504928
khoảnh khắc mày nhận ra mày còn đéo bằng 1 thằg nhóc còn trong bụng mẹ :((,1,0,0.0006502217147499323
đem người đó ra biển cho biển cuốn đi lun .. hihii,0,0,0.0010822635376825929
hên crush nay ăn chơi lành mạnh,0,0,0.0004963107639923692
nhiê ̀ u biê ́ n đô ̣ người kha ́ thu ́ vi ̣ =)),0,0,0.0008751091081649065
nhiều lúc em di từ từ chưa kịp đỗ đã có n ra bảo không được đỗ ở đây chán qúa,1,1,0.8940257430076599
phim này là người cha zombie yêu thương con nè . xúc động quá 😢😢,1,0,0.00043060840107500553
nhìn giống mấy đặc vụ của cia . sợ thế :)),1,0,0.0007365159108303487
per vậy cug nghĩ ra được haha,0,0,0.0006348108872771263
có lúc ngồi một mình mà cảm thấy lạc lõng lắm các cậu ak,1,0,0.0013115735491737723
buồn cười vãi ý,0,0,0.0008501466945745051
"gắng , nhanh khỏi bệnh rồi về bên anh",0,0,0.0008169373613782227
per giải trí =))),0,0,0.0004914899473078549
nụ cười của tôi thiên thần vãi,0,0,0.0006404626183211803
per người yêu công sở nè 😂😂,0,0,0.0005135083920322359
gd năm nay chán,1,0,0.0008777549955993891
chúng ta mất 3s để nói yêu nhau vài 30p để phịch nhau phải không nào,0,0,0.0007375301793217659
phim hay thật nhưng cái kết hơi khó hiểu :v chốt lại là đáng đồng tiền bát gạo :v,0,0,0.0004631975607480854
em không muốn chúng ta già đi chút nào . điều đó đồng nghĩa với việc cta sắp xa nhau 😔# n,1,0,0.0013915178133174777
"khi bạn làm con b sẽ khóc , nhưng khi bạn đã làm cha mẹ bạn sẽ thấy đau lòng .",1,0,0.001280264463275671
ông trời cho mình lũ bạn cờ hó quá ấy mà :),0,0,0.0004915025783702731
biết là đau lòng nhưng sao bản thân vẫn muốn biết nó,1,0,0.004887023940682411
có duyên nhưng không có phận ... người ở lại vẫn luôn là người đau nhất !,1,0,0.0010505304671823978
nào tao cũng phải thử =)))),0,0,0.0006046929629519582
"đỡ mua 5k tiền sổ rồi , kaka",0,0,0.0007742749876342714
đẹp người đẹp cả giấc mơ 😊,0,0,0.0005072421627119184
per tao cứ thấy giống giống mày :))))),0,0,0.0005561201251111925
phận làm con trai haizz,1,0,0.0011948347091674805
thà chia tay rồi ghét hận nhau còn hơn là đang lúc dang dở thì mất nhau 🙂,1,0,0.000663272337988019
phim xem hay ... nhẹ nhàng tình cảm ... và cười vkl,0,0,0.00040600396459922194
không thấy không biết lòng không đau,1,0,0.0014478940283879638
"úi sời , gần chỗ mình này",0,0,0.0017980806296691298
"từ nay sẽ không cap màn hình ib nưa , thật tội lỗi tội lỗi",1,0,0.0006254614563658834
uất quá anh ấy cũng phản ứng cãi lại . hì hì đáng yêu quá,0,0,0.00046778065734542906
hahah tao chưa nghe hoàn chỉnh bài này lần nào,0,0,0.0011522290296852589
"những người trẻ với tấm lòng nhân hậu , các bạn thật đáng yêu .",0,0,0.0005336470785550773
đến năm cuối đại học rồi lúc nhớ lại đéo có gì :)),1,0,0.000607940019108355
đm nhậu say gặp cái cầu lol này chắc tao nằm xuống mẹ cho rồi per,1,0,0.000773114210460335
là nhìn người ta đi cạnh 1 cô gái mà bất lực không thể làm gì ngoài việc ngồi nhìn và mỉm cười,1,0,0.0032884064130485058
đoạn phim này tốn khá nhiều nước mắt của người xem,1,0,0.0015463049057871103
đọc bình luận cười ẻ,0,0,0.00043849425856024027
t có 2 con bạn thân nó thì cao trọc trời còn tao thì ... . buồn,1,0,0.0006357336533255875
dẫu hiên ngang giữa đất trời gặp con vợ đểu thì đời cũng xong,1,0,0.000773176085203886
"hahaa , đợi em ngủ chút tí ròii buôn :))",0,0,0.000497451750561595
t định thả sad nhưng đọc bình luận buồn cười vailon 😂 nên thả hahaa :v,0,0,0.00039719537016935647
sao nỡ lòng nào khiển trách bác ấy . còn họp kiểm điểm nữa . tội quá .,1,0,0.0007529276190325618
t gặp quả này thì bỏ xe mà chạy ??,1,0,0.0005479279789142311
"phải nói là hài tàu hay thật đấy , luôn li kì và khó đoán kết quả , ý nghĩa thì thâm sau . hihi thích rồi đó",0,0,0.0005522880819626153
"đúng rồi , kiên trì thêm một chút nữa đi ! :v",0,0,0.0007686198805458844
ngoài kia ! còn có rất nhiều điều tốt đẹp vẫn còn trên thế giớ này ! hy vọng những điều tốt đẹp luôn diễn ra từng giây phút ..,0,0,0.0007111354498192668
đã check rồi lại còn đoán :)) em vui tính giống anh đấy :)),0,0,0.0004990979214198887
per cảm ơn mọi người . do em thích mấy cái văn hoá tưng vùng để tìm hiểu,0,0,0.0004988384316675365
bé tí mà đã có múi rồi :))),0,0,0.0005276202573440969
thấy hơi sợ sợ rồi đấy :(,1,0,0.0010558863868936896
nhìn lũ trẻ yêu nhau mà lòng già xao xuyến,1,0,0.0006899593281559646
per hồi ở tam kì hay nghe ... giờ nghe lại buồn ds,1,0,0.0005002748221158981
"crush đi nhậu rồi say , rồi bị thịt ... hic hic",1,0,0.0005340556963346899
lùn lùn làm sao sống qua nổi những chuyến đi phiêu lưu như vậy,1,0,0.0010820215102285147
cảm động người thầy đưa học sinh đi làm hồ sơ 🙄,0,0,0.000713916146196425
hôm nay đi qua vẫn thấy nói chuyện thải chảy thẳng ra sông thì bao giờ mới sạch được ... haiz,1,0,0.0010009563993662596
tao còn không dám ăn nói chi ruồi .,1,0,0.008428792469203472
việc đớn đau nhất . là nhường người mình yêuu nhất cho 1 người khác 😔😔😔. chỉ vì đơn giản không muốn ai phải đau buồn,1,0,0.0006806319579482079
cách xử lý thông minh,0,0,0.0008570958161726594
má nó thú dị thôi rồi 😂😂😂,0,0,0.0005277429590933025
thì đúng là sẽ không buồn vì thất tình nữa :((,1,0,0.0005891564069315791
sợ vãi tè ăn độc 2 quả mọc luôn 2 cái nhọt ở mông đíu hỉu,1,0,0.0005366330733522773
"tao thì chưa cắt thì đã đéo có sức hút rồi cắt , bùn vãi",1,0,0.0009934889385476708
xui thôi chứ quyền đang hay mà 😢,1,0,0.0007284171879291534
một năm đầy biến động và thăng trầm của nước pháp ☹️,1,1,0.9975044131278992
per nhờ mất bạn nên mình mới biết 😂😂😂😂,0,0,0.0005193100078031421
chạm đáy nỗi đau 😞,1,0,0.0020541315898299217
"nhìn một cái rồi thôi , chuyện của những năm trước",1,0,0.002084015868604183
không ngờ tin nhắn riêng tư cũng phải kiêng nể nhắn tin để lỡ có bị chụp vẫn thấy chả sao,1,0,0.0008408461580984294
mỗi mùa trung thu đến nhìn người ta mua bánh tặng nhau mình lại thấy chạnh lòng ! 😞,1,0,0.000581245927605778
t chắc bỏ nhà ra đi khi ở với bố mẹ kiểu này quá . vẫn may bố mẹ tao không hề giống này tí nào,0,0,0.0008403703686781228
per ơi nhột nhẹ kkkkk,0,0,0.0005961594288237393
t thề với mày là tối thấy cái này chắc đái con mẹ nó ra quần,1,0,0.0009850346250459552
dự là 30 mà 30 sợ già quá chả chó nào nó rước . năm nay đã 26 rồi mà vẫn chả ai thèm yêu 😔😔😔,1,0,0.0005993762169964612
nhớ con gái tao quá :((((,1,0,0.0005057180533185601
per nhìn mặt cưng gê,0,0,0.0008046094444580376
mỗi lần chạy xe ngang kv bình chánh là cảm thấy sợ,1,0,0.0013553299941122532
còn gì đau hơn,1,0,0.001589427120052278
"mới đây thôi mà đa 3 năm rồi , những ngày chia tay buồn đó :((",1,0,0.0006897989078424871
các anh chị hãy nói với em đó chỉ là diễn xuất mà thôi . và tình yêu như vậy chỉ có trong tiểu thuyết mà thôi .,0,0,0.0011148927733302116
nhỏ ngầu lớn lên nhìn bê đi =))),0,0,0.00046005810145288706
"chia sẻ cho anh em , haha",0,0,0.0008523095748387277
per đứa nào nghĩ ra được cái qcao hay vãi ...,0,0,0.0006890990771353245
trời ơi tao chóng mặt quá đi :((,1,0,0.0006227639387361705
"công ty nào nhận bạn không quan trọng , quan trọng là ai giới thiệu bạn vào công ty 🤣🤣🤣🤣",0,0,0.0009168665274046361
tao học nhân sự đây còn đang lo thất nghiệp đây này,1,0,0.0014302035560831428
"mình sợ nhất đến bữa ăn mà bố mình vác cái thớt vào mâm cơm , bố mình biết mình sợ vậy nên mọi chiện giải quyết sau khi ăn cơm xong ,",1,0,0.001254382892511785
tôi đã xem đi xem lại 3 lần và xem lại lần hai mới hiểu hết nội dung và thấy hay hơn khi xem lại lần 3 . ai chưa xem hãy vào xem thử 2 lần !,0,0,0.0007416079752147198
"cả 2 bà đều mất khi mình nhỏ , không hưởng thụ cảm giác này rồi",1,0,0.0019233257044106722
per được đi thi chưa babe 😂,0,0,0.0006277036154642701
"cảm ơn cha mẹ đã cho mình hình hài này , xin được khôn ngoan để đừng làm đau người khác",0,0,0.0005900037358514965
cười lộn ruột,0,0,0.0009975163266062737
hôm đấy bổn cung về quê báo hiếu cha mẹ .,0,0,0.0011508831521496177
"a nói là anh làm ngay đấy , các chú đừng đùa với anh 😂",0,0,0.0008746939129196107
nếu 1 ngày per theo thằng khác và per cũng có bỏ bạn mà đi thôi huhu,1,0,0.0011086208978667855
nghe hay,0,0,0.0005343173397704959
"khi xưa bị rượt 1 lần mà nhớ đời , còn mổ tao nữa chứ 😨😨😨",1,0,0.0006488937651738524
nó sẽ thì thầm tai mày “ dượng đây “ 🤣🤣,0,0,0.013917390257120132
mất bà cái tuổi thơ -.-,1,0,0.0008757609757594764
"hồi nhỏ đi học phải ngang qua nhà nuôi ngỗng nó dí chạy thấy bà luôn , ngày nào cũng phải cầm cái cây theo . thề luôn tới giờ tao vẫn còn sợ con này khiếp luôn 😭",1,0,0.0008347808616235852
"má , dume cười ỉa :))))",0,0,0.0004877348546870053
"per đây là thằng con trai vừa đẹp còn có não , mong per học hỏi ! xin cảm ơn",0,0,0.0005072373314760625
thông minh vãi,0,0,0.0007151871104724705
nhìn mặt là cười phọt rồi,0,0,0.0020212933886796236
chắc là vì em .. đi lấy chồng 😥,1,0,0.001056819804944098
nghe lại bài này thấy chột dạ vãi,1,0,0.0006184053490869701
dễ thương kinh khủng . bởi vậy mới nói mấy đứa yêu nhau là lầy nhất,0,0,0.0005524837179109454
khi đã đổ vỡ hàn gắn lại chắc gì đã được như lúc đầu :'<,1,0,0.0006098115700297058
ngày xưa mìh cũng thế . dume thấy mấy ông đứng đầu đường nhòm nhòm cũng phải lượn qua cái :)),0,0,0.0005774502060376108
per ê tao với mày mà đi cái cầu này chắc rớt ngay bước đầu quá 😢😢 đã mặp rồi chân lùn nữa đi qua bằng niềm tin,1,0,0.0005475468933582306
ae phục vụ ngày xưa của mình đâu rồi . sao thấy thương bạn này,1,0,0.0006229687132872641
phim chuẩn chưa này =)))),0,0,0.00048656953731551766
t chỉ muốn khoe là tao vẫn được nghỉ 1 tuần nữa =))))),0,0,0.0005611261585727334
hi vọng hòa bình ở triều tiên sẽ không còn xa nữa . goodbye ! # per,1,0,0.0005129585624672472
có móng tay dài cũng khổ,1,0,0.000983016099780798
sau nay em cung uoc duoc nhu vay ❤,0,0,0.0007766763446852565
có đứa nào vừa xem vừa sờ tai mình không ? sợ vãi :<<<,1,0,0.000547136296518147
"tự nhiên nhớ đến hồi bé , đi kiểu nào cũng bị ngỗng rượt chạy té sấp mặt luôn , nhiều khi nghĩ sợ nó dí hơn sợ mẹ đánh",1,0,0.0007666672463528812
tao lại sợ mày quá cơ :))),1,0,0.0006346554146148264
hay bị giật khô trên đó rồi :(,1,0,0.0007653226493857801
"phim hay , nhưng mà lần đầu xem là cùng nyc nên .. 😐",1,0,0.00048770930152386427
"em cũng như con chó thôi , nếu anh đủ kiên nhẫn thì mọi chuyện đã khác rồi 😪",1,0,0.0011601257137954235
làm công nhân đã khổ rồi mà tụi nó còn nỡ lòng nào hại người ta nhắn tin,1,0,0.0008813377353362739
ngày trước nấu cơm . đun rơm . đốt được hơn 10p mới nhớ ra chưa cho nước . hỏng cả nổi cơm huhu,1,0,0.0006618031184189022
lúc ra hà nội ở ngay phố đào tấn mà không biết chổ này 😢,1,0,0.0007499951752834022
má lỡ té xuống 1 cái tao nói lên tắm 8 năm cũng đéo sạch nữa,1,0,0.0007062070071697235
tận cùng của nỗi đau 😑😑😑,1,0,0.05661826208233833
chuột mà làm như người vậy .. ít hôm nó gặm cả rắn cả dây thì thấy mẹ ..,1,0,0.0007446400704793632
em này xinh vãi các bác ạ .,0,0,0.0007356776623055339
ai bảo con trai yêu không nặng tình ? :'(,1,0,0.0005185693735256791
tao thì ngược lại .. cắt xong nhìn như thằng trốn trại vậy,1,0,0.000869607727508992
tên thì tất nhiên nhớ nhưng ngày sinh của tao thì ông bà bô nhà tao không một ai nhớ cả ^^,1,0,0.0010739262215793133
"nhớ trung thu năm ngoái , đứng nhìn các cặp tình nhân ôm hôn , nắm tay nhau ... chạnh lòng lắm !😞",1,0,0.0005737968604080379
thôi mày cố lên . đỡ rồi cũng tốt,0,0,0.0011703962227329612
🙄🙄🙄🙄 tao cũng thích kiểu kể chuyện trước khi đi ngủ . cho đến khi tao ngủ luôn . mà đéo có ai hết . buồn đời,1,0,0.0004930162685923278
"nhìn 1 cái , cười 1 cái rồi về thôi",0,0,0.0015423079021275043
thật chứ thấy bạn nam kia cứu con chó không cần nhìn mặt cũng biết đẹp trai rồi 😆,0,0,0.0006758410017937422
:))) mình sướng mà mình không biết hưởng nhìn lại những mảnh đời bất hạnh mình nguối mặt thẹn gấp 100 lần,1,0,0.00047453708248212934
oaaaaaaa ...... thực sự rất tạo động lực và niềm tin cho người khác đó < 3 rất thích nụ cười và sự thoải mái tự tin của anh chị < 3,0,0,0.00043863788596354425
"per nhà giáo áp lực quá nhỉ , giống làm dâu trăm họ .",1,0,0.0005970046622678638
"thường thì người thuận tay trái sẽ bị bệnh này :v , riêng tao thuận vả 2 tay nên chả sao",0,0,0.0006731885951012373
trò cười . :v,0,0,0.00057184137403965
tội cho mấy thằng đang xoay tiền mua bánh trung thu cho vợ thằng khác ăn,1,0,0.0008594000246375799
tội thằng per vãi,1,0,0.0007904728990979493
nhìn con bé thấy cưng ghê chị ơi,0,0,0.0006586757954210043
tao cũng ước mình có 1 tình yêu như ông bà ❤,0,0,0.0006097801961004734
đi chơi lụm được tờ 2k rách mua băng keo 5k dán lại tờ 2k 🤔,0,0,0.0005328409606590867
"các cháu thật tốt , hãy thương yêu mọi người và cả loài vật nhé , may mắn và niềm vui sẽ đến với các cháu .",0,0,0.0005481160478666425
per con nhện cản bước bé xuống cầu thang =))))),1,0,0.0004643509164452553
"chẳng phải chuyện hài nhưng sao tao thấy buồn cười quá , chắc thần kinh có vấn đề",0,0,0.001190030132420361
đồng cảnh ngộ :(,1,0,0.0004984969273209572
con ước mình cũng có 1 tình yêu đẹp như ông bà vậy < 3,0,0,0.0005597248091362417
per phải nói là hiền quá hiền luônnn 🤣,0,0,0.00046249249135144055
cô ấy hết thương tao rồi,1,0,0.0017049446469172835
phải tự cho mình đau lòng nhất thì mới bỏ được,1,0,0.0019204526906833053
"đang học sử buồn ngủ , xem cái này tỉnh rụi liền =))",0,0,0.0005119581473991275
thớt là gu của tôi :))) yêu quá hiuhiu,0,0,0.0004337369173299521
mới có 3 năm thôi mà ... vậy mà chúng ta còn không tụ họp được lần nào cả,1,0,0.001324899960309267
đấy mới là điều càn đó . huhu,1,0,0.001013933215290308
thanh niên leo lên cao để theo dõi thời tiết để thông báo cho người dân đi cấy thật cảm động,0,0,0.0006257530767470598
quen với quên rồi thì hết đau thôi mà,1,0,0.0011711277766153216
"động lực là tình yêu , gia đình là nơi để về hihi",0,0,0.0007211685297079384
nếu chịu khó đặt vào hoàn cảnh của nhau mà sống thì cuộc sống đơn giản hơn rồi đó,1,0,0.0016402415931224823
vì bạn chỉ là con trai nắng hoặc em gái mưa thô :(,1,0,0.0011690777027979493
"quỷ cái chứ ma đâu mà ma , haha",0,0,0.0009528410737402737
cười ị :v,0,0,0.0005250325775705278
"vãi cả phí , có ... 81 tỷ hoy 😓",1,0,0.0008786625694483519
có lẽ vì vậy nên moi thứ trở nên thật khó khăn lúc này :(((,1,0,0.0010021261405199766
ai giúp bé với hix,1,0,0.0006513904663734138
ôi cháu taooo =)))),0,0,0.0004822361806873232
chỉ có được cái chữ đẹp . hihihi ...,0,0,0.0011338801123201847
nhớ đến lại buồn . chuyện tình chúng ta chẳng đi được đến đâu cả,1,0,0.0007335913833230734
tao lại thích chua lè chua loét chứ :))),0,0,0.0005115001695230603
dume đêm ròii =))) tao cười vãi tí hàng xóm qua đánh bỏ mẹ,1,0,0.0004602076660376042
gặp tao cũng thế :))),0,0,0.0006036590784788132
năm xưa mày cũng ôm gối đứng cửa phòng c như này này per 🤣🤣🤣,0,0,0.0005930476472713053
"nói chung thánh này không ai ghét được , trừ hlv kkk , dễ thương gắp trăm thằng pogba ,,, mong cho thằng đó nhanh biến khỏi mu",0,0,0.000572876597288996
per nhớ cái này không bây kk,0,0,0.0009509959490969777
"vợ mình cũng thế , mấy lần đắp mặt nạ dọa chồng :v được cái mình chơi game kinh dị nhiều nên đếch sợ =))",0,0,0.0005244493950158358
vèo cái đã 7 năm 😕,1,0,0.0006316867657005787
các mày trốn đi bọn chủ tịch đang đến kìa 😨😨😨,1,0,0.0007842805935069919
kích thích vãi,0,0,0.0005681815091520548
tao hiểu rất rõ cảm giác của em ấy ....,1,0,0.0024018590338528156
cay đắng cuộc đời 😞 một chút vị mặn của mồ hôi nước mắt,1,0,0.0007237117970362306
cãi tay đôi luôn hahhaa,0,0,0.0007199030951596797
có hôm tao đang vương nỏ tính bắn vào con họa mi đang đậu trên cành thì ai ngờ nó phản đame đứt thun dội ngược vào mặt từ đó tao không còn chơi nữa,1,0,0.0007859584293328226
"per hồi nhỏ bị con đỉ này dí lòi lol 😂, bị cắn bầm đen muốn thúi thịt luôn cả tháng hơn mới hết . mà đươ ̣ c cái con này nuôi nó giữ nhà cửa hay , có nó không sợ ma quỷ gì hết",1,0,0.000615880242548883
nốt hôm nay thui . thui không ngĩ đến và bắt đầu từ bỏ 1 thói quen,1,0,0.000928841414861381
"không biết khuyên thế nào , nhưng chỉ cần bình tĩnh 1 xíu , dù gì thì cũng đừng tự sát , đời người chỉ sống 1 lần thôi ...",1,0,0.001350278384052217
"tôi xin nhắc lại , đây là một câu chuyện buồn",1,0,0.007794673554599285
chưa cho ba mẹ được gì . vậy có quyền gì mà đòi phàn nàn về những thứ ba mẹ đã rành rụng bao nhiêu năm để lại cho mình,1,0,0.0019787419587373734
vì tao xấu và chúng nó chỉ thích gái đẹp,1,0,0.0030216146260499954
năm nào mà tao chã cô đơn,1,0,0.000926454144064337
"cũng như đàn ông gục ngã trước cô gái nhiều sắc ! đặc biệt là 50 "" sắc "" thái 😂😂",0,0,0.00047320843441411853
tui nhớ anh quá à :(((,1,0,0.0005220727762207389
tập có lỗi với thằng quay phim mà tao xem ba lần tao vẫn cười đứt ruột,0,0,0.0006383558502420783
per mới bắt đầu tuần thánh mà chúa ơii,1,0,0.0007746336632408202
hiện tại mình chưa người yêu bạn nam nào chưa có người yêu thì lo cua mình đi nhá đến khi mình có người yêu rồi thì đừng hối hận đấy huhu,1,0,0.0006498267175629735
hahaa ngọt vãiii :)),0,0,0.000433539564255625
vl đánh đòn hic :))))),1,0,0.0005081564886495471
tôi khóc lun ... huhu,1,0,0.0014344247756525874
"hồi nhỏ đi ngang nhà hàng xóm con quỷ này dí tao từ ngoài đường vô tới trong nhà tao nó vẫn không tha , ba mẹ tao nghe tao la chạy ra chụp cổ nó quăng ra sân nó mới chịu đi . ám ảnh tuổi thơ 😅😅😅",1,0,0.00046707733417861164
moá hồi hợp chờ main thắng ai dè thua bởi cái mông huhu,1,0,0.00047161339898593724
nói thật gia lai nói riêng tây nguyên nói chung xưa nhờ vàng đen '' hồ tiêu ' và vàng trắng ' cao su ' mà người dân có dư cái ăn cái mặt bây giờ thì thua rồi bỏ đi tứ xứ .. một thời,1,0,0.0006824691081419587
per tôi đợi ngày nhận thiệp cưới của ông,0,0,0.0006750337779521942
ngoài mấy cảnh nhảy múa hát hò vớ vẩn ra thì phim hay,0,0,0.0005032991175539792
đm chơi mất dạy vãi . tưởng khúc cuối là gì dume làm giật mình 😒😒😒,1,0,0.00043607447878457606
quá nguy hiểm,1,0,0.0011588754132390022
dume con ế đọc tổn thương sâu con mẹ nó sắc :((,1,0,0.0004379789752420038
hoá nhện tỏ tình đấy :)))),0,0,0.00043941379408352077
đây mới là công an của nhân dân việt nam cảm ơn bạn nhiều điều tốt đẹp hơn nhé vanew,0,0,0.0005352905718609691
per nguy hiểm luôn rình rập xung quanh chúng ta :((,1,0,0.000794401450548321
per coi phim này chắc chết luôn trong rạp 😂,1,0,0.0006804561126045883
per :))) không bù cho nhũng người như cta,1,0,0.0005000474047847092
ghét nhất mấy loại bép xép thế thôi . nhanh gọn lẹ 😂😂😂,0,0,0.0005527273169718683
chúng mày có thể bỏ ra 30s thả tim vào avatar coi như lì xì muộn cho tao được không ? chưa bao giờ được 30 tim buồn v . lol 😭😭😭😭,1,0,0.00048734634765423834
:) đàn ông mà nặng tình vãi lol ra,1,0,0.0005473741330206394
sợ ngỗng còn hơn sợ chó :))),1,0,0.0005732073332183063
per tao thấy mấy ảnh thật đẹp trai,0,0,0.0005878426600247622
per người đừng hành hạ tuôi như thế nào nữa,1,0,0.0008597320993430912
còn quá nhiều mảnh đời bất hạnh ☹️,1,0,0.0006997545133344829
per mệt quá mấy con ơi,1,0,0.001411502598784864
cười vui vãi,0,0,0.0006425479659810662
"ai nói kết có hậu , đầu khấc mất vợ tương lai kia kìa",1,0,0.0006713255424983799
từ đầu năm giờ chắc chụp 10 lần rồi huhu sợ quá 😭😭😭,1,0,0.0006182141951285303
"kết mỗi câu ru con ngủ để vợ đắp mặt nạ làm đẹp , 10đ chồng tốt =))))",0,0,0.0004172241024207324
bếp ga hj hj 🤣🤣🤣🤣🤣🤣,0,0,0.0004951435839757323
ly hôn cũng phải hoành tráng chứ .. còn phải làm to hơn kết hôn mới được 🤣,0,0,0.0005892355111427605
chuẩn rồi bác . :)))),0,0,0.0005347614642232656
gia đình ổn tình yêu không có thì cần gì động lực ... kaka,0,0,0.0011981603456661105
giờ anh gù lấy đâu ra chỗ ở :'(,1,0,0.000607515568844974
hồi đó khoái cái này lắm,0,0,0.0012849627528339624
"chưa nói chuyện thân thiết quan tâm , mới xã giao thôi đã lầm tưởng rồi ấy chứ , haizz khổ lắm",1,0,0.0013105752877891064
buồn cười 😂😂,0,0,0.0005881167599000037
"muốn em vui vẻ đơn giản lắm , chỉ cần bao ăn bao xem phim tuần 1 lần thôi hỡi các đồng nghiệp ơiii 🤣",0,0,0.0005141385481692851
"còn tao nhé , hơi bị ngon",0,0,0.0010878584580495954
muốn bảo vệ và chăm sóc người đấy,0,0,0.0010496452450752258
địt mẹ vừa đi ép lại kính xong giờ tan con mẹ nó cái kính rồi 200k của bà mày đấyyyyy !!!!!,1,0,0.0005168387433513999
đây là video hay và ý nghĩa 😊,0,0,0.00041255305404774845
"t thề mỗi lần dọn phòng sn này thì banh kem , pháo kim tuyến . đủ các thứ . khóc mà bụt nó đéo lên",1,0,0.0006086755311116576
dịch vụ tận tâm . đáng yêu quá ! : x,0,0,0.00042883239802904427
khoảnh khắc nhận ra đồng nghiệp mình is the best :)) nguyễn ngọc thái hiền,0,0,0.0004440037300810218
mai đi học mà mình quên cách cầm bút rồi huhu :<,1,0,0.0005840127705596387
thật đúng đắn khi đã follow page này !,0,0,0.0008214562549255788
tình yêu lớn lên sẽ mang người con gái ta yêu thành gia đình . family is all,0,0,0.0006767446175217628
đồng nai mùa chim nướng yên xe kaka,0,0,0.0010199066018685699
phần này dù xem lại 100 lần vẫn bật khóc tình cha thật phi thường,1,0,0.0005666410434059799
cũng có nơi gia đình khá giả mới có nó !,0,0,0.0015877269906923175
cứ mỗi lần có phim hay là xách nhau đi 🤣,0,0,0.0007282585138455033
tao thề tao rất sợ ma quỷ nên tao rất không dám xem phim,1,0,0.00223466451279819
- mấy bạn đừng có đổ mình nữa nha 😞😞. mình ngại lắm 😞🤣,0,0,0.0008584305178374052
sợ vãi =))),1,0,0.0005950955674052238
per nguy hiểm quá mày ơi 😩😩,1,0,0.0009566565859131515
t thì thik cầu này vãi ... kiểu mấy người năng động thì sáng nào đi qua cầu này cũng vui,0,0,0.0005797629128210247
khung cảnh ấy cuộc sống đấy mỗi lần được xem yên bình nhẹ nhàng cực ! yêu bạn ấy,0,0,0.0004555275081656873
"đẹp , dẽ thương mà",0,0,0.0004758504801429808
"bỏ ghê người ta ngồi ngại đều phải mua nước thoii , ý tưởng hay :)))",0,0,0.0005120489513501525
mười mấy năm nữa tao cũng sẽ đạt kỉ lục thôi 😂😂😂,0,0,0.0007163801928982139
thanh xuân là để bỏ lỡ 😔,1,0,0.0009746007854118943
mấy chị làm chung rất ư là dễ thương luôn,0,0,0.0005712345591746271
"trượt rồi , còn đâu mà rủ 😞",1,0,0.0009893091628327966
tự nhiên thấy cảm động hic,0,0,0.0009139245958067477
ngầu vãi lìn luôn á :))),0,0,0.0004576724604703486
cay đắng vãi 😌,1,0,0.0006620229105465114
giờ tao mới nhớ tao đã từng :)),0,0,0.0007544111576862633
nhìn cái ngành giáo dục việt nam bây giờ ai cũng mệt mỏi,1,0,0.0022708424367010593
:( cầu chúa ơn nhiều ban bình an cho những người kém may mắn như vậy,1,0,0.0005007017753086984
moá . vẫn nhớ hồi nhỏ bị ngỗng đuổi . đù má tao mới là đứa bé ngây thơ hồn nhiên thôi mà dume tao sợ tao ám ảnh đến bao giờ huhu 😭😭😭,1,0,0.0005247489316388965
vk em nó bảo bếp gas các bác ạ 🤣🤣🤣🤣,0,0,0.00048398514627479017
xem tới đây dume ứa nước mắt 😞,1,0,0.0005701939226128161
an ủi cũng ghen à :(,1,0,0.0006303903646767139
không may thụt chân xuống thì sẽ như thế nào nhỉ chắc là thốn đến tận rốn,1,0,0.0010919315973296762
"per một thời mình ở bên nhau 😘😘😘😘, nhớ ghê",0,0,0.00045135259279049933
thề chứ .. phim nay xem đi xem lại không thấy chán ... vẫn như mớinxem vậy,0,0,0.0005450075259432197
họ đáp vì phép lịch sự còn mình vì yêu mà chủ động vì quan tâm mà hỏi đủ điều ..🙁,1,0,0.0007690294878557324
hạnh phúc to nè,0,0,0.0005739431362599134
"thôi xong , biết thế tém tém lại .",1,0,0.001850306405685842
"ba cái đồ yêu , 1 ngày 2 lần nấu đây , ngon bá cháy bọ chét nhé , thơm mùi khói nữa …",0,0,0.0005204317858442664
thân là người yêu mình mong cậu có thể giống được như đôi mặc áo nâu ❤️,0,0,0.0006151091656647623
"ngàn cân treo sợi tóc nhỉ , csong mong manh quá",1,0,0.000530525459907949
"năm nào cũng đi cho có không khí xuân vậy , không đi thì thấy thiếu thiếu . nhà tao cách chợ 10km",0,0,0.0010838644811883569
":))) ở đoạn đó hồi năm nhất tao "" được "" họ lấy 100k , vì sáng sớm đem duy nhất 100k trong túi , thế là nộp luôn :))))",1,0,0.0005060649709776044
dã man quá ..,1,0,0.0005923392018303275
"èo , ngọt quá đi",0,0,0.000496522756293416
per hay xàm xàm mà zui hè,0,0,0.0005172552191652358
giờ tao mới hiểu được hết những gì mà trước đây đọc bình luận tao đéo ’ hiểu 😂😂😂,0,0,0.001091292593628168
không nổi thì mình chìm haha,0,0,0.00213913107290864
thật ra cách quét hạt xốp rất dễ mà có thể các bạn chưa biết . đó là . tẩm xăng những chỗ có xốp và đốt 😂,0,0,0.0010336263803765178
đỡ mua cuốn sổ 5 ngàn =)),0,0,0.0005152764497324824
chính xác ! nơi làm việc anh em mà đoàn kết với nhau cỡ nào cũng thấy mau hết giờ làm . 😊😊😊,0,0,0.0005796890472993255
chuẩn luôn khi ở công tình yêu toàn là các anh chị em đồng nghiệp tốt he he,0,0,0.0004463087534531951
"cười đấy , sau lưng nó đâm con mẹ nó dao vô hình cho chết mà vẫn sống nhăn răng luôn .",1,0,0.0007755832048133016
nín đi . sang ngủ với mẹ đi đêm nay anh chông chị cho =))),0,0,0.0004980894736945629
"1 chút đắng , chút chua cay , với 1 chút ngọt ngào ở đâu đó 😞",1,0,0.004700979683548212
hàng nông sản việt nam là thứ bị cạnh tranh và phá hoại nhìu nhất 😣,1,0,0.0007997276843525469
kẻ ô điểm lời phê :((,1,0,0.0005855076597072184
"hòi nhỏ nhà ngoại bị rượt muốn chết , sợ tới giờ 😭😭",1,0,0.0006480730371549726
người ta chỉ muốn dụ mày rồi xin một trái thận . 😪,1,0,0.0009030785295180976
nó cưng quá mày,0,0,0.0008472911431454122
đứng tim luôn,1,0,0.002551791025325656
cười xĩu,0,0,0.0006073418189771473
tao thề từ giờ đến cuối năm mà tao không lấy được vợ thì tao quyết định sag năm lấy 😊,0,0,0.000853610341437161
nhìn bà cười thấy hạnh phúc quá ❤️❤️,0,0,0.0003826525353360921
"per làm ở đâu không quan trọng , quan trọng là vẫn buôn chuyện đều 😂😂😂",0,0,0.0012554132845252752
năm nay được nhận hoa và được ngồi nhìn người ta hạnh phúc,1,0,0.0010479120537638664
tao muốn mèo nhà tao cũng tìm về được như này 😭,1,0,0.0009393682703375816
đã đẹp trai còn khôn 🙂,0,0,0.0004984679399058223
hi vọng câu chuyện admin vừa bịa ra giúp các bạn có thêm niềm tin trong cuộc sống 😂.,0,0,0.0006165204686112702
lớp chúng mình rất rất vui anh em ta chan hòa tình thân =))),0,0,0.0004899140913039446
đấy thấy chưa con người ta khổ như thế,1,0,0.0012311694445088506
tầm tuổi này . họ không còn những áp lực cuộc sống nữa . mà chỉ còn thứ tình cảm gắn bó với họ từ những ngày khó khăn nhất . ngưỡng mộ và ước được chút phúc đức của ông bà,0,0,0.0007958653150126338
tạm biệt ông cám ơn tất cả những gì ông đã làm cho vn,0,0,0.0005920296534895897
per huhu trời ơiii,1,0,0.0006184194935485721
lấy ghế ra ngồi thật tuyệt,0,0,0.0006180491764098406
per không lấy được vợ thì có thể đi tâp gym đêt lấy chồng 😁😁,0,0,0.0005641935276798904
ám ảnh đến bây giờ 24 tuổi vẫn sợ ngỗng :))),1,0,0.0004996219649910927
cưng v trờiiiiii .,0,0,0.0005125734605826437
nguy hiểm lắm,1,0,0.009434186853468418
chỉ tại tôi không nói nên không còn cơ hội,1,0,0.1828596144914627
anh đã mơ về một ngôi nhà và những đứa trẻ 🤦🏻‍♂️,0,0,0.0006625553360208869
em ấy còn cười được chứng tỏ em rất mạnh mẽ,0,0,0.0016009401297196746
tao cũng phải về mở cho mẹ tao coi 😂😂,0,0,0.0006992069538682699
móng này mày ra uống chữa yếu sinh lý với ung thư ... khá tuyệt !,0,0,0.0005541080026887357
chuẩn lun,0,0,0.0013705636374652386
chỉ khổ thân bọn trẻ thôi đau sót lắm,1,0,0.0009059859439730644
per ngóng cuộc đấu tranh công nghệ này . tq đồng lòng ghê nhỉ,1,0,0.0005196534912101924
"hành động đẹp chứ sao , đằng nào cũng tiệt kiệm hơn :)) 0",0,0,0.0005244999192655087
tao đa khóc khi xem phim này 😭😭😭😭😭,1,0,0.0004529958823695779
per tao đã làm cho mày đau lòng nhiều lắm ư 🤔,1,0,0.00090028066188097
có ai luyện mới được như mình không dạ,0,0,0.0020814547315239906
cực phẩm luôn kìa,0,0,0.0006395969539880753
t ngắm người yêu tao cười mà càng ngắm tao càng yêu lúc giận cơ nhìn muốn cắn cho mấy phát tao bị cuồng người yêu rồi cái,0,0,0.0005028775776736438
"thề , coi rồi mà xem lại vẫn buồn",1,0,0.000947842956520617
thằng nhỏ mạnh vãi,0,0,0.0007506815600208938
tao sợ thật sự :(((,1,0,0.0007070942665450275
lại tạo điều kiện cho mấy chị fa vào thả thính . :)),0,0,0.0005889121093787253
per haha sao tôi nghĩ tới em liền luôn á,0,0,0.0007124633411876857
vn là vậy . bn công chăm sóc của tao đổ sông đổ biển .,1,0,0.000959680590312928
thật cảm động,0,0,0.00046415533870458603
có chuyện gì thê bố . bố đừng làm con sợ :((,1,0,0.000548274430911988
per =))) nó kể chuyện buồn mà cười vãi cười =))),0,0,0.0004614474601112306
m nói chuyện cũng cute ngoan ngoãn cơ chứ tao toàn okay anh =))),0,0,0.0004623221466317773
"bồ tao cũng đang đi cái này , từ nhà nó lên đây cỡ 2 tiếng mấy và dume nó bảo tao ngủ đi vì nó đi đến sáng :)))))",0,0,0.0006130358669906855
nhìn vậy nhớ ông ngoại quá 😞,1,0,0.0005488759488798678
xem lâu rồi giờ xem lại vẫn buồn cười,0,0,0.0006101749022491276
t không phàn nàn . t sẽ cố gắng giúp bố mẹ có được nhiều hơn 💪💪💪,0,0,0.0006676725461147726
không biết crush có thích uống nước mắm không để còn tặng nàng chai nam ngư 900ml :)),0,0,0.0004944323445670307
đáng yêu quá,0,0,0.0005121202557347715
chính những người như thế họ rất cẩn trọng khi bật xi nhan đấy,1,0,0.001180313411168754
lấy chồng như 1 canh bạc . ko hoa . ko lời chúc không gì hết . pải chăng số ta chỉ được vậy . cô đơn quen rồi,1,0,0.0006259744404815137
mai người ta đi học mai tao đi du lịch ố la la =))))))))))))),0,0,0.0004539650399237871
bài học rút ra là học cách buông bỏ những thứ không thuộc về mình,0,0,0.0019063252257183194
có đồng nghiệp đáng yêuc thì sếp có khó tánh mình vẫn cảm thấy vui rất nhiều . nhớ những ngày tháng đéo thèm tăng ca đi ăn bất chấp,0,0,0.0005443201516754925
"anw , vote cho anh vũ",0,0,0.0006556478911079466
tự nhiên muốn có con 😐 dume,0,0,0.0006487338687293231
nhìn con mắt thấy đau đớn . tội em quá ????,1,0,0.0005648485384881496
chỉ cần sống thật với cảm xúc .. với chính con người bạn là hạnh phúc nhất,0,0,0.0006232330342754722
xem nà ra chiêu nà gẫy cây nà sấp mặt luôn nà 😂😆,0,0,0.0004992787726223469
tội cho chàng trai ấy,1,0,0.0009368794853799045
mỗi lần về quê mà sắp sửa đi qua chuồng ngỗng tao phải cầm cây chổi lông gà mới đi được đấy dume . quơ quơ vòng vòng cho mấy đĩ ngỗng né xa ra rồi chạy thụt lol luôn :=]]]],1,0,0.0004909271374344826
azz :3 mặt cưng xĩu,0,0,0.000559793901629746
"chờ mãi mà không thấy , cứ thấy trống vắng vãi :((",1,0,0.0006770303589291871
cưng vãi ấy,0,0,0.0008444026461802423
"nhớ lại ngày đó , làm pg bán giấy , cười suốt ngày , khách chửi cũng cười , mà nhớ thời đó ghê , mới 1 , 2 năm chứ mấy",0,0,0.0010699497070163488
tôi làm trades . lương tôi không có .. chỉ có thu nhập thôi có tính là cao nhất việt nam không ??? tháng tôi kiếm từ 3000 - 5000,0,0,0.0009083079639822245
tao ở thanh hà và nhà tao không quả vải nào hết 😂,1,0,0.0010997464414685965
ước gì có ai để tao tag vào .,1,0,0.0022576595656573772
mong ông bà nhiều sức khoẻ . đáng yêu thực sự 😍😍😍,0,0,0.00040433253161609173
phim này rất hay .,0,0,0.0005495038931258023
ôi trời nguy hiểm thế,1,0,0.24176138639450073
"haha dần dần phải kiềm chế , khắc phục sẽ không đáng sợ không bằng vũ lực hành động mà nói đâu chết đó :)) kaka",0,0,0.000582529348321259
sao mình gặp toàn thằng mất dạy hay bắt nạt mình nhỉ ? tuổi thơ bất hạnh :),1,0,0.0006395381642505527
ước gì ba còn sống để làm điều đó với má . nhớ ba ❤️,1,0,0.0006778702954761684
tiền cắt tóc như kia đủ mua giày rồi :v,1,0,0.0006681544473394752
"per đang định đi chụp , thấy cái này sợ quá đéo đi nữa",1,0,0.0008410817245021462
bt mà tao vẫn lạng lách ở đây suốt,0,0,0.0014734644209966063
nhiệt tình + ngu dốt là phải trả giá bằng tiền mặt 😂😂,0,0,0.0006110286340117455
"má gần nhà có nuôi 1 cặp ngày nào đi ngang nó nhìn thấy nó quay đầu bỏ chạy , con gì mà dữ thấy mẹ hà",1,0,0.0013025060761719942
bạn trai tao đéo biết giận dai nên không phải dỗ,0,0,0.0007510185823775828
hú hồn,1,0,0.001021179254166782
bò ra mà cười :)),0,0,0.000545513175893575
"ai cho mình xin tên phim với , mình không xem được 😢",1,0,0.000807353644631803
per đi tong một năm học ... nhưng vẫn tốt nghiệp ... :(,1,0,0.0005022120312787592
ngoài ra còn một số cái buồn nữa . không giải quyết kịp thời thì ??,1,0,0.0008916605729609728
cay đắng đến cùng cực và hạnh phúc đến tột đỉnh . chỉ là mình có quyền lựa chọn nó hay không thôi,1,0,0.0010290851350873709
ở đâu cho tao làm vớiiiiii,0,0,0.0017799192573875189
như con đười ươi :)))))),0,0,0.0005908236489631236
coi mà cái tay nó rung trái tim nó đập sợ cái thằng đó té sấp mặt luôn thì không bình thường họa mi còn hót được không :)))),1,0,0.0004556078347377479
"ngày em đến anh mất ngủ suốt mấy đêm vì vui sướng , ngày em nói dừng lại nước mắt anh rơi trên đường chạy về nhà",1,0,0.0008956950041465461
per nhớ ghê á nha 😂,0,0,0.0005632939864881337
cái tháng học sấp mặt luôn,1,0,0.0010632247431203723
trên đời sợ nhất mấy con trùn trùn như ri ! nhất là giun đất với rắn !!! đã từng bỏ tiết học sinh học mổ giun đất 😞😞,1,0,0.0006544262287206948
hồi xưa còn bị vén tà áo dài nằm lên bàn rồi đánh . chứ quỳ thế này có là gì đâu . giờ mới thấy cảm ơn thầy cô vì hồi đó đã như vậy .,0,0,0.001000762335024774
dume nghe kể mà đau cổ họng vãi :),1,0,0.0005292390706017613
"công nhận lãng mạn thật , nhưng tao đang tưởng tượng cái cảnh động phòng , eo ơi ......",1,0,0.0005479548708535731
"per bất hạnh vãi , mà tao với mày đéo tạo được niềm vui :v",1,0,0.0005480719264596701
nghĩ mà buồn vãi =)),1,0,0.0005176914273761213
không biết có ai ở trong ngôi nhà không,1,0,0.006482788827270269
dcm . ngày bé tao sợ nhện vãi . xem phim thấy yêu tinh nhện,1,0,0.0006119011668488383
quá nguy hiểm .,1,0,0.0014848518185317516
tuổi trẻ tài cao mà :)))))))),0,0,0.00046142921200953424
"t chẳng muốn phải nói "" suýt nữa thì .."" một lần nào nữa trong đời của nhau nữa đâu ... vì vậy sẽ trân trọng khi người tới .",1,0,0.0012179648037999868
nam nhân nhà người ta kbh làm tôi thất vọng,0,0,0.0009768137242645025
per mày này . nhưng mà lúc già sắp chết 😕,1,0,0.0011647975770756602
cụ bà đẹp lão quá cậu,0,0,0.0005594805115833879
per không bao giờ quên được hihi,0,0,0.0006109651876613498
per đúng rồi mình đây =)),0,0,0.0006434905808418989
năm nay tao không còn cảm thấy cô đơn và mỏi chân nữa ... vì tao được ngồi mát và ăn ké socola of bọn có người yêu 😁😂...# mun 😘,0,0,0.0005239247693680227
đm quả gật đầu quả quyết vãi 😂,0,0,0.00048379492363892496
"chuẩn rồi . nhiều khi mệt muốn xỉu , xong đồng nghiệp đùa nhau đôi ba câu hay kể cho nhau vài câu chuyện thế là lại vui trở lại 😂😂😂 đồng nghiệp quan trọng thật sự",0,0,0.00044936107588000596
tụi nhỏ dễ thương quá,0,0,0.00047528656432405114
con bé bị quơ trúng nhìn đẹp như búp bê ấy < 3,0,0,0.0006174053996801376
thương em :(,1,0,0.0005108737386763096
nó bỏ mình đi rồi mỗi lần nghĩ tới nó ôi sao mà xót tim gan hơn mất người yêu,1,0,0.0008179211290553212
tao bắt đầu sợ nó ròi đấy :)) ám ảnh vãi,1,0,0.0005550361820496619
nó vẫn luôn hiện hữu xung quanh chúng ta . hãy dùng tình yêu thương đó và cho đi ❤,0,0,0.001220987061969936
thấy tội em thỏ bị ăn đòn tới tấp,1,0,0.0008427643333561718
có đủ mọi gia vị :< em thấy vị đắng của sự chua sót quá nhiều :),1,0,0.0009502048487775028
"năm nào cả sinh nhật âm hay dương mẹ cũng gọi điện cho mình , bà ngoại trên 80 , bác ruột mình đều nhớ hết 😂😂😂",0,0,0.0007105453405529261
"chán thật , dạo này hồi xuân hay sao đọc mấy cái kiểu này ấm lòng vãi :(",1,0,0.00046543177450075746
tks admin ... tôi muốn tìm phim này lâu rồi mà không nhớ tên phim ... tks admin nhiều,0,0,0.0006835428066551685
crush tao mất rồi .,1,0,0.0014291071565821767
per xem xong hình như tao mới bị thêm bệnh tiểu đường,1,0,0.0006199228810146451
câu chyện cổ tích thật ý nghĩa 😂😂,0,0,0.00040480130701325834
"ôi trời ơi , buồn cười quá đi mất 😂😂😂😂😂😂",0,0,0.00044388906098902225
vui quá ta ơi ......,0,0,0.000534387188963592
"bởi vì anh đã gặp em đúng lúc , đúng lúc đó em đã có người thương ...",1,0,0.0009959603194147348
"tàn nhẫn thế nào , là khi mình trao họ hết hy vọng rồi họ lại dập tắt đi nó",1,0,0.0012602426577359438
cỡ nào anh cũng có thể chịu đựng được vì anh yêu em,0,0,0.0022378498688340187
"thôi em sợ lắm , tha em bác",1,0,0.002881875727325678
"sướng nhờ , bên trung chúng nó yêu nhau toàn sống chung . 😂😂😂 toàn richkid :>",0,0,0.0005389733705669641
ngưỡng mộ mấy cậu vẽ đẹp quá,0,0,0.00044276955304667354
cảm ơn bạn đã yêu đất nước việt nam tôi,0,0,0.0007369298255071044
mình sống ảo quen rồi nên đắp mặt nạ cũng đắp bằng app luôn :)))),0,0,0.0004968366120010614
cuteeeeeee 😊😊😊😊😊,0,0,0.0004395187133923173
nhưng nó cười với đứa khác không phải mày .... 💔,1,0,0.0013434477150440216
per c . bị tinh thần đi xem đi 👻,0,0,0.0005977725377306342
vậy mình xin chúc đk n năm tới không còn cô đơn nữa nha kkkkklk,0,0,0.0007091950974427164
ấn tượng vãi :v bàn tay vàng trong làng vẩy khế :v,0,0,0.00050846126396209
"học xong cấp 3 , ngoài mừng vì được thoát khỏi đó thì không hề có lưu luyến 1 chút nào :))))))",0,0,0.000523397175129503
tao đang đi phân khối lớn đây . ai cũng kêu nhìn cá tính vãi 😁,0,0,0.00101733289193362
"mới đây mẹ tao giúp tao làm lại giấy khai sinh . mẹ có hỏi "" mày sinh ngày mấy để mẹ làm ""😑",1,0,0.000824865186586976
"công nhận , thời xưa bệnh mà cũng vui vãi . :)))",0,0,0.0004570459423121065
chỉ mong ông trời sẽ bù đắp cho con cháu của họ sau này 😔😔,1,0,0.0008594070095568895
không biết phải mình lúa không . chứ mỗi lần đi du lịch trước khi trả phòng là mình phải dọn sạch sẽ . cứ nghĩ nhận phòng sao thì trả phòng vậy . bị anh chồng la hoài là vậy,1,0,0.0009535195422358811
và tôi đã mất đi 1 người như thế .,1,0,0.0068572768941521645
nguyễn thị hồng phấn cũng may tao không thấy cặp nao hêtd,1,0,0.0005640200688503683
per hãy cứ vững tâm tập điều độ rồi sẽ có thôi,0,0,0.0009563722996972501
úi giời khiếp quá !!!!,1,0,0.0005666814977303147
sao tao thấy đa phần mấy đứa con trai cắt tóc xong nhìn ngáo đéo chịu được vậy =))).. cười tét cả hàm chứ đùa,0,0,0.0005224297055974603
t mà bị như này thì chắc tao chết luôn c ạ 😂😂 per,1,0,0.0006626159884035587
per thể loại tao thích nè nhưng mày đi coi với tao nha không tao khóc thét rạp,1,0,0.0006398585392162204
giờ cắt bộ móng đi cái tay vẫn cứ bị phế khó mà phục hồi được,1,0,0.0006678670761175454
:(( tội bé,1,0,0.000753577274736017
thật là một câu chuyện buồn 😌,1,0,0.0012630114797502756
xỉu lên xỉu xuống :(,1,0,0.000738835777156055
vãi linh hồn .,1,0,0.000860893283970654
các cháu giờ lợi hại quá :<,0,0,0.0005123844603076577
nỗi đau ấy ai thấy giúp tôi,1,1,0.9982505440711975
per sau này con bư lớn cũng vậy đó mẹ hahaa,0,0,0.001044530188664794
per hồi nhỏ chuyên gia đi ngang nhà hàng xóm là bị nguyên bầy ngỗng nó dí nó rượt chạy khóc la um xùm .. giờ còn ám ảnh 😭,1,0,0.000780878122895956
boss dễ thương vãi lúa,0,0,0.0004957195487804711
cảm thấy mình thất bại :((,1,1,0.981830894947052
bộ phim đầu tiên làm tao khóc thành tiếng,1,0,0.0008490248001180589
bá đạo vậy chơi sao lại 🤣,1,0,0.0007087646517902613
per huhu em không biết phải đi xem phim với ai nữa 😭,1,0,0.0005460091633722186
gần 1h đêm là con trai mà xem xong nói chuyện mắt vẫn rỡi 😔😔,1,0,0.0005799120990559459
mấy đứa chân ngắn qua sao,1,0,0.0008469957974739373
hahahaha,0,0,0.0014165315078571439
đúng vậy dù có mệt mà đồng nghiệp nhiệt tình vui vẻ là cùng muốn đi hoài,0,0,0.0005963537842035294
tiếc là chưa thấy cậu cười ngoài đời bao giờ,1,0,0.0022068952675908804
per tao không gửi cho mọi người . tao chỉ đăng lên facebook cho thiên hạ biết thôi :))),0,0,0.0006231973529793322
đúng là yêu tới đầu bạc răng long .,0,0,0.0005700564361177385
vậy là hên rồi,0,0,0.0007960625807754695
per bị phạt 10tr à c 🤣🤣,0,0,0.0006021096487529576
mình còn chưa kịp đến :((,1,0,0.0008488726452924311
mình không quan tâm giá trị học bổng bao nhiêu . mà tớ q . tâm em đó sẽ dành những gì cho đất nước sau khi học xong thôi . hee . chúc mừng em .,0,0,0.0006034490652382374
per trailer không có tiếng thôi mà đã thấy ghê rồi đó !,1,0,0.0008903030538931489
"per chồng xem đi , hài lắm",0,0,0.0005891925538890064
"cả thế giới biết toau crush mày , còn mày thì íu nhận ra 😐",1,0,0.0009922642493620515
dễ thở hơn so với đề văn sáng nay 😂😂😂,0,0,0.000555423554033041
mèo người ta đi lạc về nó còn nhớ chủ chủ còn được đụng nó còn mèo nhà tao đi tán trai có mấy tháng về nhà thấy chủ như thấy ma 😌😌,1,0,0.0009065330377779901
"ôi vãi , mày thật bất hạnh vì có lũ bạn như thế",1,0,0.00130657316185534
:))) đồng nghiệp đáng yêu,0,0,0.0004274824168533087
gần nhà tao lại chẳng còn sót lại anh nào huhu,1,0,0.0007642815471626818
cảm ơn các anh tình nguyện viên .,0,0,0.000848719384521246
hồi xưa tao bị tiêu chảy kèm ho đã sợ vãi . giờ ho không thôi cũng sợ nhỉ . ??,1,0,0.0005494300276041031
hoá ra chúng ta không biết nhiều về tình yêu như ta vẫn nghĩ 😢,1,0,0.0013365816557779908
nghe bài này đau lòng quá mà,1,0,0.0004851565172430128
đáng yêu mà sợ gì,0,0,0.0006104256026446819
còn tệ hơn năm ngoái,1,0,0.0011176089756190777
gần thôi :))) giờ nhìn lại đề thi và không hiểu sao mình ra trường được :))),0,0,0.0005254035349935293
có một sự tổn thương không hề nhẹ ở đây,1,1,0.9825807213783264
"học chán phèo , chả có gì đáng nhớ",1,0,0.0010161593090742826
tao thấy dễ thương màaaa,0,0,0.0007264813175424933
"mình theo dõi mấy nick quân nhân , tập trận , pccc ... hay vãi luôn á .",0,0,0.0007152617909014225
sau khi có vợ anh per đã có đồ giả gái xinh và tinh tế hơn 😆,0,0,0.0005343082011677325
giận ngược lại rồi giận luôn chứ có huề đéo đâu :(((,1,0,0.0005416278727352619
ấm lòng vãi huhu,0,0,0.0006794788641855121
per cười đau bụng luôn 🤣🤣,0,0,0.0004981706151738763
"mình thấy sợ mấy con rắn quá trời , mà cái gì mình sợ là mình hay muốn tiêu diệt -))",1,0,0.0008583434973843396
đợi chúng nó đang ăn lấy xe cứu hỏa phun nước ôi tao hình dung ra cảnh đó thật tuyệt,0,0,0.0005818964564241469
ba mẹ tao chửi tao tao chỉ biết câm họng và bưng tô cơm ra chỗ khác vừa ngồi ăn vừa khóc một mình cho dù biết răng mình k có lỗi 😭😭 !?,1,1,0.9951949715614319
dạ đây là chị gái em nha không phải chồng đâu ạ người trong hình là em huhu ?,1,0,0.0007468530093319714
đoạn cuối yêu mún chết,0,0,0.0005369999562390149
"tao buồn quá , tao đang khóc !!!",1,0,0.0014984003501012921
per đây là chúng mềnh 🤪🤪,0,0,0.0007661767303943634
per đóng vai chính đúng xuất sắc lun,0,0,0.0004546449054032564
ngày xưa mừn cũng hay thế lắm .,0,0,0.0005343601806089282
má hồi xưa về ngoại chơi đi đường bị nguyên đàn yêu nghiệt này dí chạy té đái giờ vẫn sợ bọn nó 😨😨😨,1,0,0.0006639276398345828
😑 sao cái kết gì mà buồn vậy,1,0,0.0006580614717677236
tuổi trẻ tài cao là đây,0,0,0.0006945321802049875
đùa ... cảnh sát việt nam tài thật . vụ gì cũng bắt trong 48 giờ,0,0,0.0006538420566357672
"ôi đời vẫn là chịu không nỗi đời mà , chán",1,0,0.001493142219260335
sợ con này lắm :((,1,0,0.0015262434026226401
rồi lại im thôi . 200k hay 5tr thì cũng vậy,1,0,0.0013874394353479147
nghe mãi mà vẫn thấy hay,0,0,0.000663621409330517
"gập đúng người mà mình muốn thương , muốn yêu , muốn chăm sóc . nhưng thật tiếc khi trong tay vẫn chưa có gì",1,0,0.0006050593219697475
tới lúc chia tay rồi khóc :(,1,0,0.0006940047605894506
"có lần tao thổi cơm không đổ nước lúc khét mở vung ra mới biết , làm đánh đít xong cả tiếng trời không hết",1,0,0.0009035200346261263
bố mẹ cho ta đx tồn tại trên cuộc đời này biết nhận thức thì tự đi lên từ đôi tay của mình nhé 😘,0,0,0.0008131767390295863
per nhớ bột mì chiên huhuhu,1,0,0.000703453435562551
chắc hẳn trước kia em bị đối xử tồi tệ lắm nên mới vậy :(,1,0,0.0008809306309558451
chuẩn luôn :)),0,0,0.0005463265115395188
"giờ bà già lắm rồi , nhổ sợ hết tóc , nghĩ tao lại thấy buồn quá 😞😞",1,0,0.000691836467012763
như kiểu người yêu luôn ấy =))) nhẹ nhàng,0,0,0.00045541508006863296
chạy xe hơn 40 ' chỉ để chạy ngang chỗ crush làm nhìn 1 cái rồi về :) đến giờ vẫn vậy cứ rảnh là chạy vô nhìn cái rồi về :),0,0,0.000531275465618819
đừng ai lấy cả hộp kẹp của anh ý nhé :(((,1,0,0.0005719101172871888
cuối cùng là hai mình ăn được ngủ được :))) đứa nào cũng lên vài kí,0,0,0.0005135818501003087
haha mắc cười quá ... nhưng thật chúng mày là tao rất sợ rắn ...,1,0,0.0008650635136291385
yêu nghề chuẩn mẹ rồi,0,0,0.0006267444114200771
"tao khuyên mày , bật lên mr . siro lên mà nghe , đời sẽ vui vẻ hơn =))",0,0,0.000512960774358362
per chị ơi còn học được cả tiếng anh nữa luôn này :v hịn quá,0,0,0.00043964380165562034
"mới xem 1 đoạn xíu này mà cũng khóc hết hơi , nhìn em bé mất bố mà quay ra nhìn lại con mình đỏ hỏn nằm bên cạnh , thấy thương quá 😭",1,0,0.0005324977682903409
xem đi xem lại mà khóc sướt mướt 😭😭😭,1,0,0.00043442833703011274
t nhớ tao đang xem xxx thì chưa cắm tai nghe 😭😭😭,1,0,0.0005518074613064528
< 3 chuyện lạ có thật :))),0,0,0.0005124246818013489
ông thần nhây vãi đái 😂😂,0,0,0.000491629121825099
nói chung là ai nào buông tay thì người chết vẫn là mấy đứa con gái như tao 😭,1,0,0.0008685142383910716
mày định lướt qua rồi nhưng khi đọc bình luận của các bạn và xem kĩ lại thì mày đã rớt nước mắt 😭😭😭.... người cha thật vĩ đại,1,0,0.0005089389160275459
câu chuyện vui ha =]],0,0,0.00046024052426218987
tao cũng muốn học vẽ lắm :( cơ mà không có điều kiện để đi học,1,0,0.0006710648885928094
21 năm chưa crush ai thì có gọi là ế thâm niêm không hả các bác,1,0,0.0007004413637332618
em đừng đi tập gym em nhé . bth em đã mê trai lắm rồi . em mà đi tập nữa chị không biết em như thế nào luôn 😢 per,1,0,0.0006765936268493533
giòi béo lắm :)),0,0,0.0005655817803926766
lũ kiến ở nhà mày thích vậy .,0,0,0.0013423919444903731
thích bài này lắm lun . thuộc lun,0,0,0.0005448994925245643
dù chỉ là 1 cây bông nhưng nó là tất cả tình yêu của ông dành cho bà ❤❤❤,0,0,0.0006193762528710067
"per đấu nhau to rồi , phen này hay",0,0,0.0005453358753584325
chạy ios cho máu 😂,0,0,0.0005178259452804923
nấu mì 2 tôm là vô địch,0,0,0.0014732946874573827
nghe thấm câu vàng trắng nhưng thực tế là trắng tay thôi nghe mà buồn,1,0,0.0007365306373685598
ngồi suy nghĩ 1 hồi xem trái hay phải rồi mới nói được . khổ vãi mà !,1,0,0.0008234860724769533
nghe kể mà thèm ạ :'(,1,0,0.0004763576143886894
cầu trời phật cho đại gia đình con sức khỏe !,0,0,0.0007383230258710682
xem lại quá nhiều lần đến nỗi không nhớ nổi . vì phim quá hay và ý nghĩa .,0,0,0.0005485885194502771
t tin crush của tao không bị thịt vì tao đéo crush ai cả =)),0,0,0.0005402420065365732
hôm qua xem cười lộn ruột,0,0,0.0008348046103492379
và ông đã có nỗi buồn mới thay vì buồn thất tình,1,0,0.001051033497788012
giá mà có ai để giận :v,1,0,0.0005980266723781824
ngộ nghĩnh nhỉ ! lạ lờ nhỉ !,0,0,0.00047270438517443836
lúc thì cuốc đất è cổ ra không có giun mà câu cá 😒,1,0,0.0005470004980452359
"còn giữ 2 cái đĩa cổ này luôn á , ghê hông",0,0,0.0008751578279770911
có 1 đứa hợp tác vậy là cũg quý hoá quá rồi,0,0,0.0004642526910174638
tao đã đóng dấu cấm đứa nào rớ vào =)))),0,0,0.0006286944844760001
nguy hiểm vãi chưởng luôn ý,1,0,0.0011184824397787452
em tìm link phim mà sao nó ra phim khác chứ không phải phim này zay mọi người 😞,1,0,0.0006773950299248099
24 tuổi thấy đời đắng và khá mặn,1,0,0.0012650171993300319
per coi phim này chắc chết luôn trong rạp,1,0,0.0007049603154882789
bán hàng online hồi năm cấp 3 :))) tháng hè ấy đi quanh hạnh phúc để giao hàng với bố . được lãi 4 tr :)))),0,0,0.00044649303890764713
cười sái mẹ quai hàm,0,0,0.0007801028550602496
"cần gì xa hoa đâu , thế này là hạnh phúc , thấy thương và ngưỡng mộ ông bà quá",0,0,0.000584469991736114
bài nhạc hay khi nó đúng tâm trạng ... nhạc hay !!!!!,0,0,0.00044575793435797095
thế là dấu ấn lịch sử và hình tượng thằng gù nhà thờ đức bà của nước pháp đã thành tàn tro :(,1,0,0.0006769635365344584
"cậu ấy tán tôi , tôi từ chối . thế là từ đó chúng tôi đéo làm bạn được nữa !!!",1,0,0.0013119527138769627
"bánh tráng trộn năm đó ở roai ờ ti , ruột đau như cắt nói chuyện mắt đầm đìa đền thg dưa gang cốc dưa hấu kem chi per",1,0,0.0007831984548829496
như chết đi sống lại 🙂,1,1,0.9965478777885437
ai chưa xem thì nên xem 1 lần đi . đảm bảo không phí 3h đồng hồ của các bạn 😃,0,0,0.0006454317481257021
đáng yêu vậy =))),0,0,0.00046306487638503313
độc mà lần nào đi viện cũng bắt chụp 😭😭,1,0,0.000586087757255882
từ bé đến giờ mình chưa bao giờ xếp được 1 cái rubic nào thế mà cu nhóc kia xếp xong trong vài giây ! xấu hổ quá,1,0,0.0006228173151612282
nếu ai cũng có ý thức tốt đẹp thì đất nước này còn gì để nói . đâu có ai hoàn toàn hoàn hảo đâu bạn . dù là moi tần lớp,0,0,0.0006569823599420488
mày xinh thế ? tao ốm tí đã xấu hoắc,1,0,0.0009206139948219061
một cái tết nhiều tiền,0,0,0.001403297414071858
per cách này coi bộ hay nha 😂,0,0,0.0005356046603992581
đừng có thấy 6 múi mà ham nha nha 😂😂,0,0,0.0007255016826093197
cái ông aamir khan đóng phim nao cũng hay và ý nghia het,0,0,0.00048614185652695596
ở đâu cũng có người tốt nè anh kkkk,0,0,0.0009067030623555183
lại mưa 😞,1,0,0.0007716442923992872
xong là phê lắm mày,0,0,0.0007425771909765899
bên aeon hay thật đấy =))))),0,0,0.000491373531986028
không có bạn trai ... thì giận ai 😑😑,1,0,0.0008695712313055992
chia buồn cùng khổ chủ,1,0,0.0013651689514517784
"quan trọng là lòng tin , bạn bè mình một số người mình đã mất lòng tin thì đừng bao giờ nói chuyện tiền nong . khâm phục anh",0,0,0.0007058467599563301
thật khó để có cả 2 khi chúng ta còn trẻ :),1,0,0.000842411071062088
phim ấn thì của lão amir khan là hay vol,0,0,0.0004814913554582745
ừ mỗi lần thế lần buồn kinh lắm mày ạ,1,0,0.003283691592514515
cảm ơn . anh .,0,0,0.0017065615393221378
per kết truyện chất ghê :)))))),0,0,0.0004188793245702982
chúng mày đã bao giờ bị hất cả cốc nước vào mặt vì mặt không bao giờ tươi cười niềm nở chưa ?,1,0,0.0032356036826968193
t đã soi gương suốt ngày chỉ để gặp crush và ngắm nụ cười tỏa nắng của nó,0,0,0.0013755779946222901
chẳng đủ dịu dàng để níu bước chân anh,1,0,0.04068608582019806
rủ được crush đi thì không cần qua đây nữa rồi admin ưiiii :(((,1,0,0.0005085700540803373
per nghe lại buồn vãi,1,0,0.0006086914800107479
"bọn nó nhỏ mà đã có người yêu , còn tao thì ế :((",1,0,0.0006383610307238996
"người đàn ông ốm đau nói với vợ mình :” ở lại với anh ” rồi cầm tay bà . đó là tình yêu , vỏn vẹn 20 năm ngắn ngủi . tình yêu bố dành cho mẹ",0,0,0.0005221683531999588
tao ám ảnh việc lau sàn,1,0,0.0019311817595735192
ra chỗ khác sóng không tới viết đi cậu :((( nhìn buồn vãi,1,0,0.0005915324436500669
nhói lòng lớp tôi,1,0,0.0016562538221478462
nhìn ma tiếc từng hạt trân châu,1,0,0.0008801352232694626
năm nay vào quán net ngồi cho đỡ phải nhìn .....☺️,1,0,0.0005396283231675625
per sợ ghê bây .,1,0,0.001044185017235577
tao coi xong tao khóc .,1,0,0.0014782710932195187
tao nhiều tài lắm .. nhưng tài sản còn cái mạng què và đôi tay trắng 😭😭,1,0,0.0005346638499759138
"per 😥 cảm thấy tội lỗi quá , từ nay không chụp nữa thiệt luôn",1,0,0.0005439851083792746
đã biết là thế nhưng không còn cách nào khác :(,1,0,0.0046495720744132996
chưa bao giờ bắn trúng 😬,1,0,0.0009046583436429501
đăng khoa lê lò dầu của mẹ nè anh 😘😘😘,0,0,0.0004833929124288261
per phim này thấy trailer hấp dẫn ghê 😁,0,0,0.0004889307310804725
bó tay luôn á,1,0,0.0007759926957078278
"hai đứa chia tay , tao nhảy vào .",0,0,0.0010751074878498912
thương nhau còn chả hết dỗi nhau làm chi 😂,0,0,0.0009550246177241206
"ôi thôi , cưng quá :v",0,0,0.0005737968604080379
đó là một câu chuyện buồn,1,0,0.013119018636643887
"động lực là lo được cho gdinh , tự chủ bản thân",0,0,0.0018392710480839014
"buồn cho những ai thờ ơ , vô cảm trước một sự việc như thế .",1,0,0.047517336905002594
cuối cùng tao cũng được xem hết mấy cái video mà trước đọc comt đéo hiểu gì 🤣🤣,0,0,0.0007171332836151123
đọc tin nhắn đầu thấy cay cay ngay mũi,1,0,0.0007927450351417065
chỉ dân đen là khổ thôi . chả trách được họ khi cố gắng đi tìm may mắn ở nơi chùa chiền,1,0,0.0009202780784107745
tinh trùng của người ngoài hành tinh thật đáng sợ 👏🏻👏🏻👏🏻,1,0,0.0006690131267532706
haha :))) nãy giờ mấy tiếng rồi mà các bác vẫn còn căng :))),0,0,0.000491822196636349
chút mua ... hehe,0,0,0.0009782541310414672
ra sông mò đồng xu cùng ông anh hàng xóm được khoản kếch xù :))),0,0,0.0004891087883152068
cái chứng minh hình kia dễ vãi . cứ vẽ hình lên bài xong người chấm điểm người ta thấy là biết chứ sao :)),0,0,0.0006294153863564134
thế này lại thành xây nhà cho nhà hàng xóm rồi 😰,1,0,0.000889026909135282
tôi từng trách bố mẹ sao sinh tôi ra trong hoàn cảnh này,1,0,0.002389955800026655
em xin lỗi anh,1,0,0.0025387771893292665
"đến cả khi nó nói thích mình , 1 phút sau nó lại nói chỉ trêu . mệt mỏi",1,1,0.873477578163147
mày nói thôi mà tao nghĩ cũng thấy buồn rồi :(((,1,0,0.0006074778502807021
tao ghét và tao sợ nó,1,0,0.01979701779782772
buồn hơn thế là đối với 1 đứa con gái năm lần bảy lượt chủ động ib họ nhưng vẫn bị xem thường ... xem mà đéo rep ... hết thương là vậy ... 😞😞😞,1,0,0.0005017605726607144
đúng là nói thì dễ hành động không bao giờ làm được ))),1,0,0.0006181490607559681
add cứ khoe đi . mai lại chặt hết như nguyễn trãi mà 😂😂😂,0,0,0.0005349602433852851
cả một bầu trời đáng yêu :))))),0,0,0.00046853238018229604
đến câu nào có đáp số quen thì khoanh :)),0,0,0.0006719400407746434
hoan hô . công nhân đâu phải trẻ mầm non,0,0,0.0008725799852982163
hỏi sao bác sĩ hay bị người nhà bệnh nhân chém :)),0,0,0.0006582766072824597
per nguy hiểm vãi,1,0,0.0010281178401783109
nhìn thôi cũng đau lòng :)),1,0,0.0005717820022255182
tao bị quỳ cột cờ mới ác . cả trường biết mặt luôn . nhục vãi,1,0,0.0008783282828517258
per sau hôm sinh nhật là có cái này . ngon vãi,0,0,0.000529216427821666
per đúng chất em lun hâha,0,0,0.0004886362003162503
thích mấy đứa này,0,0,0.0010954963508993387
viết tên anh trên cát cho sóng đập nát cái matlon anh :)),0,0,0.0005661524483002722
"má .., ruồi bay qua táp chết tươi :)))",0,0,0.000499795307405293
"tao có một nỗi sợ khác cũng khá giống con yêu tinh này đó là con yêu nghiệt ngan đực :3 con này thành tinh hung ác vãi_chưởng , đi ra vườn đéo làm gì nó , nó cũng rượt mình . đậu ! đó là tao kể ngày bé thôi =) chứ lớn lên tao biết vơ cây củi theo để đi ra vườn rồi =))",1,0,0.0005717413732782006
"ai mang đồ ăn cho anh ấy đi , kẻo đói tội nghiệp",1,0,0.0008524472359567881
vì mình chỉ là giờ giải lao trong một hiệp chơi chính của họ,1,0,0.0021352346520870924
sắp có thực đơn món mới 😍,0,0,0.0006083504413254559
tình yêu cha mẹ dành cho con cái là vô điều kiện . mình đã khóc,1,0,0.0007486669346690178
cơ mà tao bị thần kinh thật,1,0,0.0017618956044316292
hay cực,0,0,0.0005377277848310769
má tao coi mà cứ sợ nó bay ra 😌😌,1,0,0.0007073932210914791
hãy cười thật tươi để cho cuộc sống của bạn trở nên thật tuyệt vời 😁,0,0,0.0008242633775807917
hơi bị nhanh trí :)),0,0,0.0005842004320584238
thô nhưg thật :)),0,0,0.0006700442172586918
nhớ lúc trước tao cũng có học quyền và múa tứ linh đao bay thẳng vào trán . :),1,0,0.0006807843456044793
còn chả có ai nói chuyện thân thiết quan tâm đến tôi :<,1,1,0.9981984496116638
tao cũng có 1 con đi lạc 1 tuần xong nó về bắt cho tao 2 con chuột làm tao mất ngủ xong hôm sau nó đi tiếp 😞 tao mong nó về lắm 😞,1,0,0.0009493573452346027
"hôm nào đi học về cũng phải đi qa , nhà nuôi lũ này ở đỉnh dốc , đi học về tới chân dốc thôi là nghe lũ quỷ đó đứng đầu dốc đón đường bọn tao rồi . méo đạp xe lên dốc nổi , dắt xe lên dốc mà muốn vứt mẹ cái xe đạp để chạy lấy thân cho rồi :((",1,0,0.0005039896932430565
dễ thương quá,0,0,0.00046044396003708243
dm ông cầm cam cho cẩn thận vào tôi cũng muốn ngã mẹ nó rồi này,1,0,0.0007600829703733325
con nào cũng là con nhé . con trai tao tập từ nhỏ đã biết tự lo và phụ mẹ rồi :)),0,0,0.0006075844285078347
người ta thật thà phết,0,0,0.0013116908958181739
bị từ chối rồi,1,0,0.004370597656816244
ngày xưa cũng vui lắm mà giờ mỗi đứa 1 nơi rồi,1,0,0.001317901536822319
nghe tình vãi =)))),0,0,0.0004553434846457094
"3s để tôi nói tôi yêu em và cả quãng đời còn lại để tôi chứng minh lời tôi nói :"" tôi yêu em """,0,0,0.0015153606655076146
mình bình luận chủ yếu muốn khoe mình là fan cứng thôi :)) các bạn không cần để ý,0,0,0.0006004531169310212
"gặp một nhà nuôi 1 con chó với 2 con ngỗng , trời ơi chưa kịp vào nhà , con chó còn chưa sủa mà con ngỗng đã đuổi chạy vắt chân lên cổ rồi :'( nhục",1,0,0.0005730313714593649
câu chuyện của mày làm tao buồn quá,1,0,0.0009562429622747004
"per này , thích thì xem cho đã con mắt đi 🙁 đáng sợ quá mà",1,0,0.0005079581751488149
mau khoẻ nhé :d,0,0,0.0006150262197479606
công nhận chữ đẹp . 🤧,0,0,0.0005485121509991586
nhìn mày thế kia đến tao còn thích ngủ cùng huống gì em mày,0,0,0.0007920770440250635
"thiện tai , thế giới này khi nào mới được yên bình",1,0,0.00337366946041584
làm tao liên tưởng đển phượng hoàng cổ trấn :))),0,0,0.0004990432062186301
tiền nhiều để làm gì ? để rồi lại chia ly,1,0,0.00161585898604244
điềm báo gì đây,1,0,0.003185719484463334
per huhu mất đi đồng nghiệp 😭,1,0,0.0006139842444099486
chẳng những hư xe mà còn bị phạt nặng nữa,1,0,0.0009199309861287475
nhất là lúc 16h chuẩn bị đến giờ đá bóng . chất rơm đầy bếp cho nó mau chín 🥰🥰 yêu quá thời đó,0,0,0.000505128875374794
bắt ve cho nó điiii . trông khổ quá,1,0,0.0006703729159198701
khi nào mình già rồi cũng như v nha per kkkkkkkkkk,0,0,0.015874819830060005
những người có tài như này công nhận giỏi,0,0,0.0005446802824735641
😞 đó sẽ là những kỉ niệm thật đẹp,1,0,0.0006552609847858548
tao bị biến dạng luôn một tay,1,0,0.0025478701572865248
chời má . ngọt chết tao rồi :)))))),0,0,0.000466289056930691
chạy ngay đi 😱😱😱 sợ quá .,1,0,0.0008366266265511513
"nhìn cảnh 2 bố con hôn từ biệt , em bé cũng rướn mặt theo hôn bố mà chảy nước mắt , em bé như thế chắc không biết diễn , đúng là cảnh đẹp quá",1,0,0.0005385148106142879
rất tiếc em vẫn chưa gặp được anh :((((,1,0,0.000615247874520719
"e ấy đang khóc , nhưng vì hàm răng không thể thụt vào nên mọi người nghĩ là em đang cười :))))",0,0,0.0005376606131903827
per thì tốt nhỉ quá đỉnh luôn ... nhưng không biết được trọng dụng không nữa buồn quá,1,0,0.0004675252130255103
"cấp 3 , đáng tiếc nhất trong thời học sinh ^^",1,0,0.000611079391092062
đm nhìn ngầu vãi,0,0,0.0006926242494955659
em đang ở đâu mà mấy năm rồi chưa thấy xuất hiện :),1,0,0.0007486944668926299
phải chi có người để giận mình nhỉ :(((,1,0,0.0005938499234616756
dễ thương vậy,0,0,0.0007867481326684356
vào sg 50k / không cũng mua . 100k / không cũng mua ! ha ha,0,0,0.0006481384625658393
"tao cũng là người cuối cùng ra khỏi căn phòng ấy , ngắm nghía lần cuối rồi rời đi , khép lại 3 năm đẹp nhất của đời người . tao không khóc nhưng trong lòng rối bời , muốn ôm hết all vào mình .",1,0,0.0020553008653223515
14 / 2 năm sau tau sẽ là ông già cô đơn ....,1,0,0.001148156588897109
"ra đi là lựa chọn đúng , ở lại incheon để gánh team làm gì cho mệt ra lại bị tiếng xấu .",0,0,0.0009015155374072492
"ôi dume giật nảy mình , tí thì rơi điện thoại",1,0,0.0005517801037058234
hiện tại cảm thấy hạnh phúc khi môi trường làm việc toàn người lầy ....,0,0,0.0006156490417197347
k cần biết nội dung ... nhìn mặt con bé thoy muốn cưới về cho con trai mình ngay rồi 😂😂,0,0,0.0005974352825433016
vụ này chắc xử nhanh hơn vụ trong thang máy .... 😂😂😂,0,0,0.0005373353487811983
"đặt mình vào vị trí của nhau , biết lo lắng suy nghĩ san sẻ cho nhau vậy là đủ rồi . có quá khó không ?",1,0,0.0010600514942780137
per mã mẹ biết hôm qua quay video sớm hơn ự,1,0,0.0005833162576891482
"cả phim trừ anh dv chính ra thì thấy anh này là đáng yêu nhất , dù nhìn hơi hâm hâm tý",0,0,0.000612608389928937
may mà không mua laptop này không thì ăn lìn lâu rồi :(,0,0,0.0005980973364785314
câu chuyện của em làm anh cảm động quá …,1,0,0.0010403105989098549
ý tưởng hay,0,0,0.0005110057536512613
"xem mà đau lòng , đau lòng nhưng vẫn xem :((((",1,0,0.0004504280805122107
con dựt gái đây sao hahaha,0,0,0.0006279030931182206
thế hóa ra nguy cơ trầm cảm của tao cao lắm,1,1,0.9972459077835083
có ai thừa biết nó sẽ nhảy vào điện thoại nhưng cuối cùng là vẫn giật mình không 🤣,0,0,0.001086216070689261
per nghe chưa nhân viên mới ... kk,0,0,0.000751145591493696
đáng yêu vãi =))))),0,0,0.00044707991764880717
nó bể 1 phát lúng tới cổ dume tởn tới già,1,0,0.0006255026091821492
cảm ơn những người thả 😡 nên mình biết là đéo hay nên mình đéo xem . may vãi,0,0,0.0004779548035003245
đồng nghiệp nhắng nhít nhất hệ mặt trời =))),0,0,0.0004502644878812134
giống thằng này vãi :))),0,0,0.0005496044177561998
lò xo chắc giờ không còn nữa rồi,1,0,0.0011753803119063377
đơn giản là thấy họ cười 😂😂,0,0,0.0007447937387041748
hú hồn lon vẫn còn,1,0,0.0013233248610049486
"diễn còn cứng quá à , kiểu biết rồi mà còn giả bộ bất ngờ :))",0,0,0.0005177732091397047
công nhận nó phê như vậy thật 😂,0,0,0.0006809689803048968
per đã hiểu sao hè năm ngoái có quả lịch học vãi chưa =)),0,0,0.0005471089389175177
chúng ta nói với nhau nhiều quá nên bao giờ không còn gì để nói với nhau 🙂,1,0,0.0016704776789993048
hôm ấy tao chân ướt chân ráo từ quận 6 lên quận 3 cũng rẽ trái đoạn ntmk và cmt8 . mất 3 lít :( khôn hẳn ra,1,0,0.0006481733289547265
rồi mấy đứa chân ngắn đi chắc dập người hết . bay qua sao nổi =)))),1,0,0.0004884927766397595
vui tính tí cũng khó cơ,1,0,0.0007944994722492993
"dân vũng tàu có khác , toàn người nhân cách cao",0,0,0.0009303250117227435
"dăm ba cái thể hiện tình cảm này ngày xưa tao đầy , nhưng từ ngày cưới xong đi qua đường chắc chồng tao rơi mất não nên chưa thấy lặp lại bao giờ . 😌",1,0,0.0006621841457672417
chưa kịp đặt chân đến chiêm ngưỡng nó ...,1,0,0.003642363240942359
per thế đéo nào mình chơi với toàn gái mà tính vẫn giống con trai . _ .,1,0,0.0006175733869895339
đã sợ rồi .. cố gắng hí mắt để xa ra để coi như thế nào .. khúc cuối hết hồn dục luôn cái điện thoại :))),1,0,0.0005455919890664518
per xem đi haha,0,0,0.0005950706545263529
chỉ mong có người đến cuối đời vẫn yêu mình như ngày đầu tiên ❤,0,0,0.000588657334446907
per viêm màn túi cấp nghiêm trọng,1,0,0.0005993816303089261
chiều mưa hứa tự sẽ tự đi mua đôi giầy mới 😂,0,0,0.0005589555366896093
vâng em gặp anh rồi mà giờ đây em vẫn cô đơn đi lang thang tìm những thứ vô nghĩa lấp vào nỗi cô đơn ấy,1,0,0.0016534840688109398
mình cũng một thời gắn bó với nó,0,0,0.013488260097801685
nhện thông minh quá per,0,0,0.0004744267207570374
mình thiì chưa năm nào được trọn vẹn,1,0,0.0010755141265690327
số hưởng rồi tránh sao nổi :d,0,0,0.0006506484351120889
ước mơ nhỏ nhoi của tao là được làm chị mà không thể nào làm được huhu,1,0,0.0010574986226856709
cô ấy không yêu tôi,1,0,0.006376392208039761
tạm biệt ông 😢,1,0,0.0011299046454951167
nguy hiểm thật ... suýt nữa tao ảo tưởng con mẹ nó luôn rồi ..,1,0,0.0009132178383879364
"nhà tao bên cạnh phòng tập gym , lúc trước bán dụng cụ thể thao ế vãi ra , nợ nần chồng chất ! từ ngày chuyển sang làm đại lý dầu ăn , gia đình tao phất lên trông thấy !😂😂",0,0,0.000742186326533556
per hồi đó mua điểm đại học nè 😂😂😂,0,0,0.0005754670710302889
nó lại hợp lí vãi,0,0,0.0006379301194101572
"per hihi học ở đâu không quan trọng , quan trọng là bọn mình luôn có nhau hihi",0,0,0.0005597536219283938
"may công an đến bắt chứ không thì dân chỗ đó cho vào nồi cả rồi , đã có người cắt cử nhau đi mua giềng mẻ rồi đó chứ 😆",0,0,0.001174475997686386
"eo ôi thằng nhóc áo xanh cuối cùng , sao này lớn lên chắc là sói ca haha",0,0,0.0006392965442501009
"thôi bảo em gái xuống ngủ với mẹ đi , còn em percó sợ ma không ? thì ngủ với anh . hehe",0,0,0.0006359669496305287
càng thân thiết khi quay lưng càng đau lòng .,1,0,0.19191157817840576
per nhìn đẹp thiệt mày,0,0,0.00048811061424203217
😭😭😭 sinh lão bệnh tử hẹn gặp kiếp sau,1,0,0.0004323661560192704
nghiệp hơi nặng nha !. làm hết hồn,1,0,0.0008481042459607124
đúng là khổ trước sướng sau thế mới giàu =))),0,0,0.00048047013115137815
nt thêm cái dạ vâng thấy quý vãi,0,0,0.0004917575279250741
"200 năm xây dựng , tồn tại 800 năm , thật là tiếc cho nước pháp .",1,0,0.0012446981854736805
hú hồn chim én :)),1,0,0.00048056148807518184
đừng bỏ tao ra đi mà,1,0,0.002633657306432724
"gặp tao , tao ré cái hoảng mất :(( đáng sợ qué",1,0,0.0007431298145093024
tự nhiên mình xem và mỉm cười theo .,0,0,0.002510532271116972
cái máy này có thật thì bọn chính trị gia sẽ ăn cứt hết 😂😂,0,0,0.0008508112514391541
per hãy cảm ơn tao đi hâhah,0,0,0.0006419019773602486
chú nghĩ cháu rất giỏi văn và là người có suy nghĩ trưởng thành rồi 💐 rất đáng yêu và tếu giống mấy con giặc nhà chú ❤️,0,0,0.0004490497231017798
cần lắm nhiều vụ ly hôn như thế 😂😀😀😁🤣🤣,0,0,0.0004937103949487209
cái đoạn nướng cháy pizza để phốt công nhận là chuyên nghiệp thật :),0,0,0.0005226190551184118
và mày chợt nhận ra người yêu củ của mày có người yêu mới huhu,1,0,0.0006940580788068473
"con bé xinh nhờ , khốn nạn là cái thằng edit video ý :)))",0,0,0.0004857481108047068
đây chính là lý do tao giảm cân toàn thất bại,1,0,0.0023888545110821724
chưa bao giờ còn yêu nhiều hơn thế 😍😍 bởi cha mẹ cho tôi tất cả,0,0,0.0008236222784034908
"giờ nghĩ lại mới thấy vui thế , đến nay bạn bè lập gia đình cả rồi :(((",1,0,0.0004776871937792748
per đồng nghiệp tốt giúp ta dễ vào nhà thương điên kkkk,0,0,0.0005431168247014284
thằng nào chưa bước vào quán bar hay karaoke giống tao không 😂 trai ngoan điểm danh 😄,0,0,0.0007654703222215176
per đưa anh nè không cần năn nỉ . chỉ cần em cởi hết đồ ra thôi . đúng không,0,0,0.0006429922068491578
tuyệt vời . aeon mall có khác,0,0,0.0005750051350332797
trải qua một cuộc bể dâu . những điều trông thấy mà đau đớn lòng,1,0,0.0012017745757475495
hè về chỉ thích ăn cái này .,0,0,0.0013295949902385473
tư ̀ hô ̀ i ba ̣ n â ́ y chuyê ̉ n trươ ̀ người thi ̀ chă ̉ người co ̀ n ai đô ́ i xư ̉ tô ́ tao vơ ́ i tao như vâ ̣ y nư ̃ anh . :(,1,0,0.000966607010923326
"mặt đúng kiểu , em hiểu cảm giác phê của anh không kkk",0,0,0.0020828458946198225
thỉnh thoảng lại xem lại phim này quá hay và ý nghĩa,0,0,0.00041529498412273824
tận cùng của tan vỡ ah có biết là gì không ?,1,1,0.9977940320968628
không muốn huhu,1,0,0.009549499489367008
đầu năm chúc đại kỷ nguyên vạn sự như ý nhé,0,0,0.0005665014032274485
loài này bé như ngón tay phàm ăn lắm sợ luôn,1,0,0.0009534667478874326
rút kinh nghiệm năm ngoái 😂😂😂😂😂👍👍👍,0,0,0.00045654046698473394
trông tội vãi,1,0,0.000752363121137023
yêu dã man kkk,0,0,0.0008391664596274495
nước mình chả í thức gì cả xả rác bừa bãi để trôi rác đầy đường thể này thật buồn,1,0,0.000979274627752602
nghiệt ngã hơn là phi hành gia đéo tuyển mấy đứa lùn :((,1,0,0.0005474821664392948
kiểu gì chả chết ? đá to như kia thoát sao nổi ?,1,0,0.001596264075487852
per 2 ly trà sữa bạn làm rơi mà chưa thấy bồi thường lại mình 😞,1,0,0.0005371125298552215
cái này thì ai chả đau lòng trời,1,0,0.0010151496389880776
mày làm tao buồn đó per ??,1,0,0.0005659642047248781
tao không sợ đi làm mệt mỏi tao chỉ sợ không có niềm vui với nó,1,0,0.001354963518679142
tao đã khóc khi xem phim nay,1,0,0.0013462463393807411
mong manh dể vở 😂😂,1,0,0.0007236130768433213
"chúng ta hầu như ai cũng dùng đôi mắt bao dung để nhìn một người xa lạ , mà đối với người thân bên cạnh lại chỉ nhìn thấy khuyết điểm mà thôi ..",1,0,0.0017726430669426918
ewww mình chẳng giữ được gì huhu,1,0,0.00212883111089468
nhìn nó cưng quá,0,0,0.0007266356842592359
mẹ thằng này nói tiếng việt tốt thật lại còn nói được cả giọng phú yên nữa chứ,0,0,0.0005375604378059506
tiếc quá ! nguyên nhân,1,0,0.0006424231687560678
con mèo đág yêuc quá 🤣,0,0,0.0004362876061350107
khổ thân em ý .,1,0,0.0013862744672223926
cưng quá mà,0,0,0.0007041015778668225
per sao tội vạy em,1,0,0.0004992809263058007
"per :))) tuy anh hay bắt nạt , giấu đồ và ăn bòn đồ ăn của em nhưng nếu thiếu anh thì công việc sẽ trở nên căng thẳng phết đó 😭",1,0,0.000516342930495739
má như người yêu ??,0,0,0.0004966514534316957
chỉ để nhìn cái thôi :)),0,0,0.0006708183791488409
có người đến gần cuối đời rồi vẫn còn khổ ! :(,1,0,0.0005908399471081793
ôi gu mình !! mà phim lâu quá rùi giờ mà đóng lại bản khác thì không biết sao haaa,0,0,0.0006460832082666457
kinh khủng,1,0,0.004858312662690878
c trai như thế nào tuyệt chủng rồi :),1,0,0.0005905599100515246
tao cũng đang là con ghẻ của tạo hoá,1,0,0.0023893816396594048
lấy ống hút mỗi đứa cắm xuống mà hút thôi :)),0,0,0.0005825606640428305
sau khi đọc bài của mày tao cười nhiều quá và gãy mẹ hàm cái à,0,0,0.0007941339281387627
mệt vãi .. mà cừời cũng vãi ??????,0,0,0.00048280373448506
đã từng nên tao hiểu cảm giác ấy . vừa tiếc ly trà sữa vừa phải lết xác đi giặt cái balo,1,0,0.0013192716287449002
tạm biệt ánh sáng của đời tao,1,0,0.10022205114364624
đau bụng vãi hix,1,0,0.0006766213336959481
"ai cũng chỉ muốn cho con tất cả nhưng vì được không có mà thôi , có con thì mới biết lòng cha mẹ",1,0,0.0009252327727153897
"nhớ quá , độ chục năm không đi soi ve rồi :((((",1,0,0.000565420079510659
"k có con gì ác bằng con người , các con bé như thế mà nó không tha",1,0,0.0010450356639921665
đáng tiếc đời không như là mơ . thực tế sẽ vả vào mặt cho mày tỉnh ra :(,1,0,0.000640104350168258
nhờ cái bếp như này . mà hồi nhỏ tao suýt đốt cả nhà và bị chửi đó :((,1,0,0.0006872772355563939
còn tao thì còn không có nổi 1 người tỏ ra thân thiết quan tâm cơ . _ .,1,0,0.002841739682480693
và hơn hết là tụi nó không còn coi mình là con gái nữa,1,0,0.003280503209680319
nhà có người già vui thật nhỉ 🤣👍,0,0,0.00047545420238748193
hiếu nghĩa . nhìn cái này nhớ mắc cười má đào chúc quá 😀😀😀,0,0,0.0003973430721089244
cách người ta phản ứng cũng văn minh ghê ❤️,0,0,0.0005861622630618513
rồi lỡ ai có bầu mà đi qua không biết nhảy kiểu gì nữa 😂😂,0,0,0.0006403395673260093
"cứ thấy nó là đi đường vòng , dù đường hơi xa vẫn đỡ hơn bị nó dí =)))",1,0,0.0005356138572096825
cũng muốn kết hôn lắm mà đến giờ vẫn chưa có người yêu 😭,1,0,0.0006625606911256909
2 đg thẳng mãi mãi song song không bao giờ cắt nhau hix hix,1,0,0.0005032190820202231
mẹ thấy đơn giản không ? đấy giờ chỉ việc lên số cái .... lên ...☝️☝️,0,0,0.0005114061059430242
thực ra chỉ cần nhập đúng input là được thôi mà :d,0,0,0.0008255028515122831
coi phim này không .. dễ thương lắm ..,0,0,0.0005436642677523196
thương mấy anh quá mà tao không kiềm được vẫn phải thả haha,0,0,0.0006511773099191487
này gọi là theo kịp thời đại :)))),0,0,0.000669934437610209
có người sinh ra đã giàu có người làm cực khổ cũng không thể giàu . thương ông,1,0,0.0006224927492439747
"hồi lớp 1 đú theo lũ bạn về học nấu . thế là cơm sống , sợ quá vùi gạo trong đống tro",1,0,0.0009311630274169147
"tao cũng hay nằm mơ con mèo của mình nó về , tao tưởng thật nên khóc cả trong mơ lẫn ngoài đời . nhưng nó đâu có thể về được nữa ...",1,0,0.001147179864346981
mình nghĩ đợt này bà per thua rồi . đuối lý lẫn truyền thông yếu,1,0,0.0009895438561215997
đến gần đoạn cuối tao tắt âm xong vào xem bình luận rồi mới tua xem lại để minvolum . iq + vô cực chuẩn mẹ rồi,0,0,0.0004453463479876518
vừa sếp vừa đồng nghiệp tốt thì đi làm như là đi chơi 💃 bonus 6h chưa hẳn đã muốn về,0,0,0.0005658207228407264
coi phim này mà ứa nước mắt 😢,1,0,0.0004922480438835919
đm hú hồn,1,0,0.0006426285835914314
lâu rồi không được nhìn nụ cười ấy,1,0,0.0036721357610076666
"đỉnh rồi , hiệu ứng tốt :))) ấn tượng vãi_chưởng luôn",0,0,0.000459786708233878
nó mà nhập viện thì xong đời tao . n 😂😂,0,0,0.0007473884616047144
"hồi nhỏ bà mày có cho một con ngỗng mình tự tay nuôi nó . từ ngày đó nó đeo mày như chó mèo vậy . nhưng khi lớn nó lại mắc bệnh mà mất . giờ cũng hơn 4 , 5 năm rồi những nhớ nó lắm 😓",1,0,0.0007916537579149008
"cùng cười cùng khóc cùng vượt qua khó khăn , đau khổ nhưng cuối cùng lại là con số 0 :)",1,0,0.0007102347444742918
"sống trong một gia đình nhiều áp lực và lúc nào cũng chửi bới như vậy , tạo hóa đã ban tặng cho em bộ nhá khá là tươi để cân bằng cuộc sống",0,1,0.9981319308280945
trời . cưng chết được,0,1,0.9961339235305786
ám ảnh thật sự,1,0,0.001495093572884798
sống 17 năm chưa crush ai bao giờ,1,0,0.0008000032976269722
lụm điều cho ba má . 2 ngàn 1 ngày bỏ heo đất . thằng hàng xóm vô trộm mất . khóc lóc mấy ngày .,1,0,0.0008088317117653787
"miễn sao có tiền ăn bánh trung thu , mua lồng đèn , đi du lịch =))))",0,0,0.0004808565427083522
"hôm bữa 2 bình siro dâu thấy tiếc , nay bình mật ong còn tiếc hơn",1,0,0.0007113994215615094
tao còn phải đợi 3 tháng nữa là đủ 1 gia đình nhỏ rồi,0,0,0.0015123289776965976
chú này tội lắm á :(,1,0,0.0005200127488933504
"yeahh , được mở lại fan cứng rồi =)))",0,0,0.0005081489798612893
dỗ lại dễ thôi mà . nhỉ nhỉ 🤣🤣🤣,0,0,0.0004490170395001769
"tao nghĩ chắc do kiếp trước mình tu chưa thành tâm nên kiếp này cuộc đời tao như 1 trò đùa , tạo hóa ghẻ lạnh . chán đời :)))))",1,0,0.000535524741280824
ph :)) phê hơn cả cần nhé . nên mua cái này về dùng tốt cho chó và người :))),0,0,0.00045132223749533296
ưới gì honey của mình sau này cũng thế,0,0,0.0010456991149112582
"per nhớ ngày tháng cta bên nhau ghê , giờ thì chả còn gì",1,0,0.000553527323063463
tao . đôi lúc nghĩ lại thì tao vẫn thấy sợ tao lúc tức giận .,1,0,0.0034574149176478386
mùa mưa đến sớm rồi huhu,1,0,0.001163905719295144
xem video không buồn cười lắm vì chửi thề quá xá .. cơ mà đọc bình luận của các bạn cười đã luôn . kkkkk,0,0,0.0004951983573846519
"tuổi thơ của tao sợ nhất là con này , không làm gì mà nó cũng rược , suốt ngày thì kêu um sùm",1,0,0.000989626976661384
giỏi thật chứ đùa . biểu cảm gần như 90 % chuẩn mẹ rồi . thằng quay và edit cũng ghê luôn . nhảy cũng tốt ra phét chứ -.- ác thật,0,0,0.00043845141772180796
"cay mắt lắm , mà nhìn nó lại nhớ nhiều kỉ niệm",1,0,0.000676527910400182
"tau sẽ phun thuốc kích thích , 2 nam nữa sẽ dài hơn ong nay ... sẽ được vào viện bảo tàng .. 😂😂😂",0,0,0.0006131789996288717
"vị nước mắt , dù cảm xúc như nào thì khi có nó cũng thật đáng nhớ !",1,0,0.0008733285940252244
thế này mà mày vẫn còn buồn thì ...,1,0,0.0017388402484357357
anh thíck kiểu tra tấn hằng ngày :))),0,0,0.0005070315673947334
per em đã tìm ra giải pháp thiết kế rồi nhé :))),0,0,0.00046163558727130294
chủ tịch giả vờ luyện vỏ và cái kết sấp mặt luôn haha,0,0,0.0007297804695554078
per ru con để vợ đắp mặt nạ kìa ?? đúng là chồng người ta chưa bao giờ làm mình thất vọng ??,0,0,0.00043504044879227877
"ở trên mái sảnh nhà tao cũng có một con nhện mẹ tao bảo tao giết nó ( hờ hờ ) , còn bố tao bảo "" mày cứ đi qua là nó rơi giữa đầu """,1,0,0.0012428482295945287
per hàng hiếm nhà mình,0,0,0.0008530672057531774
cung quá ak,0,0,0.0008393755415454507
sao bao nhiêu năm kể từ ngày đó em đã không còn nghe lại nữa :((,1,0,0.0008957061800174415
đôi khi đi tù chỉ để thoả mãi thú vui,0,0,0.0014745332300662994
nhà tao có nhưng nó rỉ sét hết rồi :((,1,0,0.0007431308622471988
per không cho anh đi tập đâu nha mất bồ như chơi,1,0,0.0006655601901002228
trong nhà không biết có ai không nữa ? sập quả này sợ thật đấy,1,0,0.0009084611083380878
ăn vào lại thức dậy ở một nơi xa thì bỏ mẹ :)),1,0,0.0005770713905803859
per tiếc cái gì đấy bố nó,1,0,0.0007128776633180678
chuẩn bị kiểm tra hình huhu :((,1,0,0.0006561395130120218
mèo nhà tao gửi 10 ngày về ăn tết lên nó thành mèo hàng xóm này ( nhà hàng xóm bán cá ) :((,1,0,0.0005887453444302082
giờ mới hiểu tại sao lúc đầu nhà hàng không cho đặt chỗ ..... má nó li hôn 3 lần rồi lần nào cũng phải giảm giá 30 % nó ly hôn thêm vài lần nữa chắc sập bà nó tiệm,0,0,0.000618386548012495
"đêm hôm coi lại , cười mún rụg rún",0,0,0.0005818298668600619
tao cũng hao mòn nhan sắc như này,1,0,0.0007507188129238784
người ta kê bàn ghế ra chả nhẽ lại vẫn nằm đất để nhìn mông người khác ngồi :))) pha xử lý rất cao tayyy,0,0,0.0005165551556274295
chỉ cần nhìn họ thì đã thấy tim đập mạnh rồi =))),0,0,0.0005574729293584824
"khuôn mặt ngây thơ vô số tội , trái tim nhỏ bé của tao sao chịu được ❤❤❤",0,0,0.0006087433430366218
"có lần ba tao mua bánh kem sinh nhật cho tao , lúc đấy tao 13t nhưng khi ba tao mua về thì lại là 15t 😶",1,0,0.0009035823750309646
nghe nói 2020 hơn 4tr đàn ông sẽ ế vợ . mình chỉ việc chờ thêm 1 năm nữa thôi là đăng tin tuyển chồng 😂😂,0,0,0.0007658930844627321
"vừa về xong , phải nói là đông vãi đông chứ không phải đông bình thường =))))",0,0,0.0004978767829015851
disss giật hết cả mình .:)),1,0,0.0004499289789237082
ăn vải nóng lở hết miệng ra đây này,1,0,0.000981961260549724
idol có skill mới chất quá 😂 1 cú đánh mông thôi mà đối thủ bay sấp mặt luôn luôn 🤣,0,0,0.00043424617615528405
tan tành rồi .,1,0,0.0014281519688665867
rồi tôi sẽ hết được uống nước ở đây nữa :((,1,0,0.000878920138347894
per coi chừng bị vậy nha chưa haha,0,0,0.0010324125178158283
tao không theo dõi phim . xem bập bõm mấy tập mới biết em nó là con gái 😅.,0,0,0.0007046805694699287
chỉ thấy dễ thương và xinh khi crush thôi khi hết crush thì có cười nấy cười nữa cũng không có cảm giác,1,0,0.0005593437817879021
chị khổ mấy cô giáo viên giám đứng ra tố cáo . sau này bị làm khó hoặc trả thù,1,0,0.001117564388550818
đi đâu cũng ngó ngang ngó dọc để được nhìn thấy crush 😂 ngóng nó đến mức cổ dài ra hẳn mấy cái 😂,0,0,0.0006058251019567251
tác phẩm nghệ thuật chất lượng cao hiếm hoi của điện ảnh việt nam nhưng không được công chúng quê nhà đón nhận,1,0,0.0006898215506225824
thương .. hy vọng sớm có người cưu mang bé,1,0,0.0004784169723279774
tao thấy cảm động vãi .,0,0,0.02548114024102688
bây giờ mình 56 tuổi vẫn dùng để bắn bọn chuột neo dình sơi chim cảnh rất hiệu quả các bạn ơi,0,0,0.0005413219332695007
êu ơi sao con mụ này không gặp mình nhờ :))) ước gì có con mụ thế này tông vào mình ý :)))) klq mà giọng bé quay video đáng yêu thế ❤️,0,0,0.0004228693142067641
per xem đi mày sẽ sướng thi nhìn con nhện bị giết 😂,0,0,0.0006244257092475891
tôi đã đúng khi đọc bình luận thay vì đọc bài :),0,0,0.0006124658975750208
mạnh vỗ tay 👏,0,0,0.0007414044812321663
couple cuối . yêu chết đi được,0,0,0.0005771178985014558
"t đã hối hận vì nói ra , để rồi bao giờ tao với cô ấy chẳng còn thể nói chuyện như trước nữa",1,0,0.001501574064604938
k nuôi thì cho người muốn nuôi đi chứ để em nó bọ ve tùm lum sót quá ????,1,0,0.0005167644121684134
đây là lần cuối cùng các bạn nhìn thấy anh ấy :d,1,0,0.0015715979970991611
tao ngự ở trong uống nước cho nhàn thân rồi,0,0,0.0013033169088885188
không phải crush :v nhưng mà nhìn ổng cười mỉm nhìn cute vãi -.-😑😆❤,0,0,0.0004317027051001787
có ai như tao không đọc đề thì quen nhưng lại quên phương pháp giải . chắc mất gốc rồi :((,1,0,0.0006124483770690858
hahahaha tao mắc cười ghê . nhớ cái hôm sinh nhật tao ghê . chắc mấy mẹ ở guru cũng rủa dữ lắm hahaha per,0,0,0.0006999738980084658
chờ có người giận mà không được,1,0,0.0018987710354849696
per khi ế nhưng vẫn phải giương mắt nhìn bọn nó ân ái,1,0,0.0006416496471501887
có ai ngu như tao không đơn phương con nhỏ cạnh nhà 4 năm mặc dù nó ngồi chung bàn với tao suốt mấy năm cấp 3 :(((,1,0,0.0005358612979762256
1 lần thôi cũng đủ xao xuyến anh rồi,0,0,0.0014545248122885823
nhớ lắm .. cay mắt lắm ....,1,0,0.0007347682258114219
bà xinh thật sự ❤️,0,0,0.0004123533144593239
nếu là tao thì nhảy cẩng lên chuẩn mẹ rồi :)) má nhìn trong hình tưởng ma thật ở ngoài đéo biết như lào luôn ớ,1,0,0.0005291268462315202
yêu thế nhè 😍😍😍 có em gái chắc cũng vui lắm,0,0,0.00042165888589806855
tuổi gì so với anh ! :) haha,0,0,0.0006606992683373392
"làm pv quán karaoke đi rồi khổ hơn nữa , toilet danh cho nam chỉ đứng tè , vậy mà nỡ lòng nào mấy anh ngồi ỉa 😢 thiệt chứ gặp cái mún khóc lun …",1,0,0.0007046778919175267
"đến giờ , em vẫn đang đợi anh , người sẽ đúng và thời điểm sẽ đúng",0,0,0.0012073599500581622
mấy lần đi ngang hết hồn,1,0,0.0007179353851824999
đúng là tấm gương xáng để con cháu noi theo =)))))),0,0,0.00048648397205397487
hôm qua tao xem xong ngất xỉu tới giờ mới tĩnh chúng mày ạ 😌😌😌,1,0,0.0007825646316632628
"giọng nói , ngữ khí đi vào lòng người vãi . mắt chị gái đẹp thế 😻",0,0,0.0005049107712693512
không khoe thì không sao . khoe ra mai lại còn cái gốc ... haha 😁,0,0,0.0007225787849165499
hoan hô anh 😂😄,0,0,0.0005113115184940398
căng thẳg quá mà,1,0,0.0007701060967519879
"phàm việc quan trọng trong thiên hạ , cứ về hỏi vợ , vợ nói sao cứ làm ngược lại chắc chắc sẽ đúng !",0,0,0.0009447712218388915
cũng xinh mà ?? lai cỏ có lẽ sẽ khỏe mạnh và đỡ ngáo hơn ??,0,0,0.0005116013344377279
thế giới này thật đáng sợ ai chả đĩa bay cho tao về hành tinh tao đi,1,0,0.0010301503352820873
mình bị say xe bạn à :(((,1,0,0.000586463778745383
tí nữa vợ nó vắt chân lên cổ bò thì hú hồn,1,0,0.0008801118237897754
tao cay mẹ khoé mắt,1,0,0.0008858681540004909
mấy anh thiệt là nóng bỏng !!,0,0,0.0007157530635595322
per chị rep khách hàng thế ấy hả 😞 bị bóc phốt rồi,1,0,0.0006059767329134047
tao buồn mấy năm nay rồi,1,0,0.09342936426401138
"lúc nhỏ nấu bằng này không , nấu hơi bị ngon , tạo cơm cháy ăn bao riềng",0,0,0.0007135236519388855
yêu em mọa mọa 😘😘,0,0,0.0004329429648350924
tình yêu là một thứ cao đẹp hãy trân trọng nó .,0,0,0.0021420156117528677
yêu quá đi mất . tuổi thơ của mình toàn nện mấy thằng con trai . trong lớp mình toàn làm xếp nên chẳng được giúp đỡ,1,0,0.0005978192202746868
per đồng nghiệp không tốt ta có thể bị chửi và ăn đòn từ sáng đến tối 🙄,1,0,0.0006448233616538346
những cử chỉ đẹp làm từ thiện cho người nghèo hay thiếu đến lấy thừa đi đến cho,0,0,0.0006015055696479976
"nói gì , em trai tao cắt tóc xong là tao đè nó ra chụp hình . cảm thấy nó cắt tóc xong là đứa nào chứ không phải em tao =)))))",0,0,0.0005661891773343086
nghe cũng đúng đúng :)),0,0,0.0005625452613458037
ngưỡn mộ chi lâu lắm oy . mà giờ biết thêm nhiều về chj nữa nên càng yêuc chj nhiều hơn 😍😍😍,0,0,0.0004694376257248223
còn nhiều người có cuộc sống khốn khổ hơn ta :),1,0,0.0008940510451793671
""" vậy là đủ tuổi ngồi tù rồi nhỉ ?"" , mặt anh rất tỉnh và đẹp zai =))",0,0,0.00045054746442474425
nghe lại mà nhớ những ngày tháng say đắm trong nỗi cô đơn,1,0,0.005156505852937698
công nhận ngầu thật,0,0,0.0005314896116033196
đến ngày sinh nhật mà còn không nhớ thì còn nói gì nũa,1,0,0.0010593230836093426
"là thằng đàn ông phải có bản lĩnh từ khi còn bé , thay vì hay bắt nạt , quát tháo đàn bà thì hãy là người che chở , yêu thương !!!! mong con zai của mẹ sau này cũng như mấy anh này .!!!",0,0,0.0004595461068674922
tao thì nói xong lại thấy người ta không hứng thú thì lại lượn,1,0,0.0008608456701040268
khi bạn muốn lầy và cũng có người lầy cùng bạn =)),0,0,0.000596609665080905
"ba mẹ mình nhớ tất cả ngày tháng năm sinh âm lịch , giờ sinh , tên tuổi ...... của 4 chị em .....",0,0,0.0006071832031011581
"per nếu có khi nào thấy bản thân vô dụng hay là thất bại , thì hãy nhớ có những người chế tạo ra mấy cái của nợ này . =))",0,0,0.0008447180152870715
bể mẹ cái kính cường lực mới dán :#,1,0,0.0005867505678907037
per cái gì mình không làm được chứ đánh cái lũ đéo phải người thì mình làm tốt kkk,0,0,0.0006344138528220356
"lúc trước chạy xe đạp đi ngang qua đàn vịt có mấy con ngỗng lẫn trong đó . thế là dume tụi nó rượt tao vừa chạy vừa la cái thứ âm thanh nghe "" ứ ứ "" "" hiếp em đi "" làm tao sợ tụt lol :))",1,0,0.0005833919276483357
cưng hết phần thiên hạ,0,0,0.0006382901920005679
được cái công tác truyền thông tốt,0,0,0.0006473960820585489
crush ở nhà chơi gane rồi haha,0,0,0.0007318781572394073
dễ thươnggg,0,0,0.0005733955185860395
nhìn sợ vãi ra,1,0,0.0015901536680758
đồng đội tốt ... nhưnh rất tiết chúng ta không có duyên 😀 kaka,0,0,0.0005783659871667624
ơ tao đang mơ 🤩,0,0,0.0008095688535831869
rất cá tính :v,0,0,0.00045696189044974744
nhắn mà ấm lòng nhờ :))) ra gặp anh shipper đẹp trai nữa thì chủ thớt rụng hết buồng trứng :))),0,0,0.00042336745536886156
tưởng tượng mà dưới sông có cá sấu nữa chắc hết dám đi,1,0,0.0010739915305748582
"xời tưởng gì , cái này tao làm được =)))",0,0,0.0006370861665345728
xây 1 được 2 nhà :)) chủ nhà ấm vãi :)),0,0,0.00046562455827370286
giống tao . nhưng cô ấy có hiểu đâu,1,0,0.0024042376317083836
đau đớn hơn còn là khi làm bạn cũng khó và gặp nhau coi như người dưng nước lã,1,0,0.0009260622900910676
"hồi đó đã undercut , bảnh vãi .",0,0,0.0007833421695977449
đau lòng qá huhu,1,0,0.0011187178315594792
mong anh có thể đạt được ước mơ của mình .... cố lên,0,0,0.0012633019359782338
còn gì hạnh phúc hơn trong cuộc sống này ♥️,0,0,0.005141137633472681
thèm được bố chửi 1 lần 🤤🤤,0,0,0.0007902910001575947
tao lại sợ ngôn tình quá cơ 😒,1,0,0.0008263757335953414
đỉnh cao :)),0,0,0.0005745386006310582
waooooo . hợp lí ghe,0,0,0.0005339437630027533
tao mới mọc răng khôn huhu,1,0,0.0006738295196555555
thực ra em mới đang phải là sự lựa chọn chứ không phải là người được lựa chọn đâu 😌.,1,0,0.0031798030249774456
đã từng . hix,1,0,0.0013002959312871099
"nói chứ uống đi , 1 ly thì giảm ăn một bữa sẽ không khiến mày phì đâu .",0,0,0.0012601262424141169
quan trọng là có per luôn tạo độ khó game cho tôi :))) và không thể thiếu sự trợ giúp của các anh em trong team 😂,0,0,0.0005621997988782823
tao thấy buồn cười vãi :)),0,0,0.0005533426883630455
tao biết là có ý tốt gởi thông điệp ý nghĩa nhưng nhìn cứ sợ sợ lại còn sấm chớp :<,1,0,0.0005837484495714307
vừa thấy thương vừa buồn cười vãi :))))))),0,0,0.0004128539876546711
ước mơ tao 🙂 chỉ có thể sao chép lại và tao lên màu cực xấu !,1,0,0.0006814075168222189
per đau hơn chia tay người yêu nữa,1,0,0.0006024224567227066
mở máy lên .. rồii lại đặt xuống ... cả ngày nay tôi đều như vậy để chờ anh nhắn chúc tôi .. giờ này chắc anh quên ngày này thật rồi .. cô đơn quá mức rồi đấy 😭😭,1,0,0.0006796553498134017
mink chỉ lo là nhà nước không đủ gạo nuôi mấy anh,1,0,0.0012401249259710312
dell hiểu sao ngày sưa tao có thể cầm nó trưen tay đi câu cá 😳😳😳 nhớ lại vẫn thấy ớn 😂,1,0,0.0005878082010895014
khi tắt đi mới thấy ngạt thở .,1,0,0.001943618175573647
trung thu là tết thiếu nhi cớ sao người lớn lại vi vu thế nhỉ,0,0,0.0007336318958550692
mình sống không đủ tốt hay sao mà vẫn chưa gặp được anh người yêu tốt như này,1,0,0.0007651267806068063
chỉ cần yên bình như thế này thôi . ❤️❤️❤️,0,0,0.0006266912678256631
"tỉ năm mới thấy cười một lần người gì đâu mà khó cười đến thế 🤨 chả bù cho mình , lúc đéo nào cũng cười , cuộc sống tràn ngập niềm vui < 3",0,0,0.0004877704195678234
đau ruột với thằng số 9 🤣🤣🤣,0,0,0.0005414158222265542
"dễ thương , đáng yêu , cưng ...",0,0,0.0004687150940299034
"nhiều nước quá , lấy bát về múc nước ra thêm tí đường vào là có 1 bát nước gạo ngon lành",0,0,0.0006551702972501516
tao nhìn tao thấy ghê vcd ấy 😂😂,1,0,0.0007300801808014512
chính xác ! chỉ cần đồng nghiệp tốt thì mọi ngày đi làm đều vui 😊😊😊,0,0,0.000563404115382582
tin vui cho bà con nông dân chuân bi vào ngày gặt lúa sắp tới,0,0,0.0006007239571772516
một cái ỉn mông xong hết 😂😂😂 dăm ba cái võ thuật 😂😂😂🤣🤣🤣,0,0,0.00041424325900152326
"chiến tranh có gì vui đâu nhỉ , chỉ gây đâu thương",1,0,0.0007820733590051532
đâu phải ai muốn thích tao cũng được đâu,0,0,0.003576200222596526
3 idiots ! phim hay nhất mọi thời đại .,0,0,0.0005503485444933176
cuộc sống mà mấy ai được trọn vẹn 😢😢,1,1,0.8322576880455017
""" học từ bỏ những thứ trời không cho "" nói thì dễ nhưng nhiều lúc quyết tâm lắm vẫn không làm được .. 😢😢😢",1,0,0.0007813858101144433
ngày xưa mỗi lần tao làm ồn là ngoại tao liền la hoặc lấy roi đánh 😅 nhưng lúc đó vui lắm 😊,0,0,0.0013518906198441982
nàng ấy chả yêu ta gì cả,1,0,0.0016888203099370003
mặt dày lại ôm cứng ngắt cho chị . 😆,0,0,0.0006245299009606242
tâm sự không đúng người ngoài việc họ cười vào mặt bạn,1,0,0.0051780520007014275
xem chỉ đợi đến đọan nó ngã để cười :)))),0,0,0.0005365077522583306
nấu kiểu này ngon lắm luôn 😋😋,0,0,0.0005686851218342781
kím cớ nói chuyện chỉ để biết người đó làm gì đang như nào . có vui hay buồn . rồi lại thôi,1,0,0.0020588457118719816
per may cho bạn 😄😄😄,0,0,0.0004520792281255126
"đù . tròn ung ủng , chân tay ngẵn cũn như tao nhảy sao",1,0,0.0005526288296096027
xinh mà còn ngáo nữa thì người yêu mới cưng =)),0,0,0.0004975408664904535
ông nào viết vui tính thế =)) cưng thật,0,0,0.0005253541748970747
tuổi trẻ tài cao :)),0,0,0.0004632878117263317
đó là những câu chuyện buồn mà :((,1,0,0.0007676383829675615
per cái dume mày thấy tác hại của tập gym chưa,1,0,0.0006632225122302771
thứ mà dễ dàng qa cũng nguy hiểm,1,0,0.0030296077020466328
ngày ấy chỉ vì quá ngu ngơ mà để lạc mất .,1,0,0.001049528131261468
anh lấy đi niềm tin trả lại cho em những gì,1,0,0.0011916941730305552
"hồi xưa vào trông nhà cho ông bà , thuê đĩa võ thuật này xem cho mạnh mé đỡ sợ mà thuê ngay đĩa này . ám ảnh quả nhạc tao tao téo vãi",1,0,0.0005512323114089668
tủi hổ với bản thân ghê khi tao vẽ người mà mẹ tao hỏi : hóa ra đây là hình dạng thực của quỷ sao ?😑,1,0,0.0005910060717724264
án mà cứ xử như vậy thì sao có được lòng dân,1,0,0.00154310988727957
đã thất tình xem pim này khóc cả đêm mất thôi mới đề mô mà đã khóc thút thít rồi chắc xem hết thì không biết pai làm sao ..,1,0,0.0006587282405234873
áo phông dễ thương quá anh ơiiii,0,0,0.0005329502164386213
đi chơi mẹ tao cũng không tha cho tao :) chửi tao làm mất buổi vui luôn á,1,0,0.0005565944593399763
còn 1 tháng nữa thôi khép lại những ngày tháng vui buồn nhưng luôn có người bên cạnh sẻ chia không lo lắng của tuổi thanh xuân cái tuổi đẹp nhất của cng,0,0,0.0009111702092923224
"vừa lắm ... cho chừa nè , ahihi đồ ngốc 😊😊😊",0,0,0.0005039097741246223
"hồi xưa đi học mình ngồi gần lớp trưởng , tên này được cái rất ga lăng với bạn gái trừ mình .. huhu ..",1,0,0.0008726116502657533
nếu chịu khó đặt vào hoàn cảnh của nhau mà sống thì mọi chuyện đã đơn giản hơn rồi .,1,0,0.0036609037779271603
chỉ mong cảnh này sẽ không còn xãy ra ở xã hội này nữa . bất hạnh vậy đủ rồi 😞🙁,1,0,0.0008690658723935485
đẹp trai v :((((,0,0,0.0004777998838108033
gắp đúng lúc nhưng hình như đúng lúc người ta không muốn y ai ???? đó là 1 câu chuyện buồn,1,0,0.0006386802415363491
boss dễ thương hết sức,0,0,0.0007830315735191107
đến ông cũng chẳng dám xơi,1,0,0.002492798026651144
bộ phim việt lần đầu xem thấy hay cảnh quay đẹp !!,0,0,0.0003912570246029645
vỡ tan là như thế ấy,1,0,0.005532212555408478
đúng . a có tầm nhìn . tâm nữa . mình biết,0,0,0.0011907377047464252
nhìn mặt ông thầy cay lắm :)),0,0,0.0005907565355300903
anh thứ 2 cute thế =))),0,0,0.0005026842118240893
cả tuổi trẻ bỏ công cày . có cơ ngơi ổn định . r về già con cháu đuổi ra đường bắt đầu 2 bàn tay trắng . đời 😅😅,1,0,0.00046112100244499743
năm nay không được ăn dồi :((,1,0,0.0007197823724709451
cưng xỉu ??,0,0,0.0005719210603274405
tốt quá,0,0,0.0010122002568095922
cứ thấy cute cưng cưng sao á .... có ai thấy giống per như tao không ??,0,0,0.0006465485785156488
cảm ơn đoi tình nguyện viên nhớ có các bạn mà người dân bớt vất vả hơn,0,0,0.0005948403850197792
per cho vợ đi cầu này để giảm cân nhá 🤣🤣,0,0,0.0005418794462457299
hahaa nhìn mắc cười vãi per,0,0,0.000580577936489135
cái mặt cưng xĩu,0,0,0.0006808819598518312
tao mà ở đây là sợ rụng trứng luôn chứ đừng nói ăn,1,0,0.001372208003886044
mình thì # mình chỉ mong chồng tốt thương yêu vợ con gia đình ! gia đình lúc nào cũng vui vẻ hạnh phúc thì ngày nào cũng là ngày ( tình yêu ),0,0,0.0005032979534007609
rồi chưng ngắn như tao sao nhảy qua 😿,1,0,0.0005894374335184693
đó là 1 câu chuyện buồn 😤,1,0,0.0016810313099995255
kkk tao chọn anh đầu tiên,0,0,0.0009018814889714122
kha ́ thông minh :)))),0,0,0.00044924262329004705
per cố lên gần đến nơi rồi . vào trong này mời nói chuyện nhé . ngay cửa đền chính . có bãi gửi xe . hehe,0,0,0.0008088671020232141
thật dume nge yêu thương gì đâu :)) bắn tim bụp bụp,0,0,0.00043201431981287897
diễn viên có cá tính hay nhât từng xem,0,0,0.0005478981765918434
per nhớ cái bếp huyền thoại của 2 đứa mình he,0,0,0.0005685057258233428
haizzzz đó là 1 câu chuyện khá bùn,1,0,0.0010687740286812186
per nghe đi rồi khóc 1 trận cho thoải mái . đừng cố gồng mình lên nữa,1,0,0.0008062857668846846
gap kiểu này chắc đái ra quần quá,1,0,0.0008613109239377081
"per đọc vài dòng là lướt xuống cuối để xem có phải "" hi vọng câu chuyện mình vừa bịa ra ...."" nhưng không phải . kkk",0,0,0.000982165220193565
hú hồn cái lồn còn nguyên :),1,0,0.0005990032805129886
chờ tý tao đi thay bỉm xíu tao quay lại .,1,0,0.0011863925028592348
đại học vui lắm cậu :)) weeee,0,0,0.00045869662426412106
"những chuyện trọng đại trong đời ... ta cứ nghe lời vợ khuyên , và làm ngược lại ắt thành công ????",0,0,0.0006203091470524669
liệu có còn tồn tại cô gái nào chấp nhận một thằng vừa nghèo vừa xấu đặc biệt lại còn yếu sinh lý như tôi không,1,0,0.0012790749315172434
"thật là romantic , mà mà mà ... sao nghĩ tới cảnh động phòng hoa chúc tao thấy nhột nhột lỗ đít 😧😧",1,0,0.0005797466146759689
nhiều lúc tủi thân vãi_chưởng huhu,1,0,0.000625480548478663
dễ thương vãi ♥♥♥,0,0,0.00044805434299632907
tình chỉ đẹp khi còn dang dở lấy nhau rồi nham nhỉ lắm ai ơi ...,1,0,0.0005199081497266889
thật buồn khi mình thịt vợ thang khác mà thằng khác thịt vợ tưong lai mình,1,0,0.0007930797291919589
tiên sư cái thằng ghép nhạc cười rớt mồm quả ghép,0,0,0.0006623845547437668
đáng yêuc vãi anh ơi,0,0,0.000497190048918128
một cái vẫy tay đầy luyến tiếc từ cuộc họp tới đất nước việt nam,1,0,0.0009394693770445883
"chỉ cần cho em nó 1 điểm tựa , em nó sẽ không ngán cả thế giới :))",0,0,0.0006152302375994623
đứa con gái nào mà đề nghị là biết bị ma nhập mà né nha mấy cha,1,0,0.0007360443705692887
1967 mà cụ ông đẹp trai phong độ ăn mặc thời trang quá :)),0,0,0.00043077877489849925
"tội mày quá , lần sau mày bình tĩnh hơn nhé",1,0,0.0006271429592743516
per b trà ơi . năm nay là pải mạnh dạn và bất chấp nhé 🤣🤣🤣,0,0,0.0004580001987051219
chính xác là con gái xinh auto đáng yêu =)))),0,0,0.0004496005713008344
thích quá mấy má ơi ! @@@,0,0,0.00046884198673069477
xinh quá !,0,0,0.0005517290555872023
ước là 1 ngày mai thức dậy dụi mắt mãi chưa hết tuổi thanh xuân =)))),0,0,0.00046161250793375075
cay mắt,1,0,0.00143783341627568
đụ mẹ cười ỉa ????????,0,0,0.0004412459675222635
t không phải con sến súa . ko cần quá cầu kì lãng mạn . cầu hôn tao thế này là tao đổ rồi per,0,0,0.0005148189375177026
đã từng . và bị phũ như 1 con chó 🐶😂😂😂😂,1,0,0.0042372653260827065
tao đau lòng quá,1,0,0.0010055560851469636
"ngày xưa toàn ăn cơm với nước mắt , ngày trước giận bố lắm , nhưng giờ mới cảm ơn bố vì như thế mới có mình ngày nay",0,0,0.0008538861875422299
và cuối cùng là được đối xử như một thằng con trai luôn ..,1,0,0.0014197282725945115
đứa nào bị táo bón thâm niên cứ ra cầu này mà nhảy đảm bảo hiệu quả ngay lần đầu trải nghiệm 🤣🤣🤣,0,0,0.0005495805526152253
ê có khi nào đọc bài này xong buồn cười quá cười toác hàm có khi nào đi bệnh viện không các cụ :v,0,0,0.0005513849901035428
cũng đỡ tắc hơn 1 tí,0,0,0.0008148809429258108
áo xinh thế .. cho tớ mượn đi tiệc nhé !,0,0,0.0006933751865290105
còn tao mỗi lần cắt tóc là y như rằng … nó tệ vãi :(,1,0,0.0008350712014362216
per nhện kìa haha,0,0,0.0006702039390802383
cả tuần không được nói chuyện,1,0,0.0032458913046866655
ông này đẹp vãi,0,0,0.000738250557333231
nó cười với tất cả mng trừ tao 🙂,1,0,0.0011837499914690852
"cấp 1 hiền lành ít nói , ngồi gần 1 cô bé cái gì cũng nhường cô ấy , nhường đến mức nhường luôn tập sách , để bà già phải dẫn ra nhà nó lấy lại ! 😂😂😂",0,0,0.00046309971367008984
ng dân biết phải làm sao bệnh chồng bệnh,1,0,0.0007532136514782906
2 thế kỷ mới xây được vậy mà chỉ trong 63 phút tiêu tan hết :(,1,0,0.0006427942425943911
per trung thu đéo liên quan đến việc có gấu cho lắm bạn nhể .... nhưng mà lễ gì cũng thế thì đúng là bất hạnh mà huhu,1,0,0.0006225096876733005
mình còn để ảnh bạn ấy trong thẻ học sinh xong bị thấy cơ,0,0,0.0008950056508183479
per nhất định chị em mê tín mình p đi xem phim này rồi,0,0,0.0005500215338543057
"gần 2 năm đến sớm nhất để mở cửa lớp , lúc về cũng là người là sau cùng để khóa cửa . đến giờ ra trường được 3 năm vẫn không muốn vứt chìa khóa của lớp ...",1,0,0.0013375392882153392
khổ thân các cháu,1,0,0.0012199374614283442
t mong nó té quá chời :v,0,0,0.000515532388817519
điều tồi tệ nhất là kiểm tra code trên giấy .,1,0,0.004377042409032583
đã xem 2 lần bộ phim này 😁,0,0,0.0007406491786241531
cũng tên quỳnh nhưng 2 số phận thật khác nhau 😢( chỉ mong được 1 góc nhỏ xiu xíu của b ),1,0,0.0006271519814617932
cho con được thay ông bán vé đi 😔,1,0,0.0009783701971173286
thế giới này thật đáng sợ :3 trả đĩa bay cho tôi về đi :3,1,0,0.0006803523865528405
gì cũng được ?????? dễ vãi,0,0,0.0006114623975008726
t nói té 1 cái không dập mề thua gì cũg thua ..,1,0,0.0006012711673974991
"tao cũng như mày đây . không sao cả , hãy tự hào vì tên mày vẫn rất đẹp",0,0,0.0013089212588965893
trách ai bây giờ đây huhu,1,0,0.002439577365294099
không lau sạch về bà chủ mắng thì sao . nhiều người họ kinh lắm . trước mẹ minh đi làm cho nhà 5 tầng . họ chỉ ở 3 tầng còn 2 tầng bỏ không . mà ngày nào cũng phải lau hết,1,0,0.001256377436220646
phim kinh dị vào cái trời âm u 😒,1,0,0.0005807949346490204
mẹ mắng lúc sáng sớm là xui cả ngày :(,1,0,0.0006094104028306901
phụ nữ ngày xưa toàn cực phẩm :v,0,0,0.0004894258454442024
cứ tưởng là người yêu =)),0,0,0.0005993525264784694
đàn bà ở nhà thế kia không sợ ngoại tình à ? tao đang lo vợ tao đây này,1,0,0.001132766017690301
thời xưa yêu nhau đến chết vẫn yêu ... thời nay yêu không biết chết lúc nào 🤣 cuộc sống nay đáng sợ lắm 🤪,1,0,0.000589781382586807
lại mất tiền ngu,1,0,0.0016592947067692876
làm bộ mặt ngầu cho thằng thỏ để ý mà thằng này láo ăn thiệt đéo cho mình ăn ké quê thiệt là quê luôn,1,0,0.0005702252383343875
moá cưng quá ??,0,0,0.00041256603435613215
"ai ở gần đó xin hãy giúp chú , thương chú",1,0,0.0019738373812288046
bố là số 1 vĩ đại hơn những gì con cần,0,0,0.001376864267513156
"lâu lắm đéo được gặp nhện trong wc , quên mất cảm giác nhịn ỉa như nào rồi 😂",1,0,0.001414290745742619
sau cùng cả 2 đều bị ảnh hưởng trầm trọng :((,1,1,0.9981310963630676
lời được cánh của sắt tàu hỏa ngon rồi,0,0,0.0006227467092685401
:v trời giờ mới biết thế giới có dạng hợp thể vầy đấy :v,0,0,0.0005348054692149162
có ai đéo hiểu gì như mình không mình trong sáng vãi heee,0,0,0.020860418677330017
bà già đau khổ,1,0,0.000928385357838124
đag đi học mà gặp cảnh này :)) chắc chạy về cúp học luôn,1,0,0.0005472343182191253
"bây giờ con đã sai vì đã chưa làm gì được cho cha , con thật sự xin lỗi cha và mẹ ,",1,0,0.002284304704517126
uầy . ngọt thế ??????,0,0,0.00044154172064736485
nhìn muốn tè ra quần rồi,1,0,0.002517467364668846
quá giỏi . đạp đến ngất đi mà không quay đầu . sau này em sẽ thành công . chắc chắn vậy,0,0,0.000585486413910985
"dễ thương ghê =)) nói y như mấy ông ngồi nhậu trong bàn v "" đúng không "" "" đúng chưa "" "" vui rầu "" =)))",0,0,0.0004426877130754292
per chuyện cổ tích nè ! haha !,0,0,0.0005478789680637419
bây giờ thế mới biết tác dụng của con cái 😢,1,0,0.00077534414594993
bà mẹ nó @@ xem rùng con mẹ nó mình hơn cả phim ma .,1,0,0.00062208017334342
yêu thế,0,0,0.000756056746467948
"thôi xong 1 chiếc ôto . chắc tối nay ăn không ngon , nhậu không yên rồi .",1,0,0.0009402896976098418
ấm áp vãi .,0,0,0.0005824119434691966
per móc lên tới não :)),1,0,0.0006006245384924114
bình yên thật,0,0,0.000599985767621547
"nói mưa là mưa v chời , tôi còn đi chơi đi học nữa mừ .",1,0,0.0008501111879013479
lần đầu gặp anh cũng là phòng gym =)))),0,0,0.0006068896618671715
có sáng tạo :)),0,0,0.0006454982794821262
nhây qua ́ nhaaaa 😂😆,0,0,0.0005031120381318033
per trời đựu cầu hôn nó phải thế . đã đẹp trai còn có não,0,0,0.000538159511052072
ăn ngon nhưng nóng không chịu được,1,0,0.0017106248997151852
thế mà cũng 5 năm rồi . ❤️,0,0,0.0006525430944748223
cám ơn đã cho tôi cuộc sống này,0,1,0.9982838034629822
cuộc sống thật chua cay với tao,1,1,0.9979265928268433
ôi đáng yêu quá . đến bao giờ người đàn ông như thế nào mới xuất hiện trong cuộc đời tôi đây,0,0,0.0006761892000213265
t thua cả đứa con nít nữa ám ảnh vãi,1,0,0.0005956607637926936
nóng như này ăn vải là thích nhất còn gì ... auto mát,0,0,0.000693424663040787
mê trai hơn bạn có thật :(,0,0,0.0008262883638963103
nghe bạn này nói dễ thương zị,0,0,0.0005617153365164995
nhanh ghê mới đó đã 9 năm rồi 😢,1,0,0.0006959119345992804
bố mẹ tao đọc được tin này + xem cặp lá yêu thương nữa thì bữa trưa nay tao không dám ăn cơm mất .,1,0,0.0006232366431504488
lựa chọn cách thức tuyển như thế nào thì tốt quá rồi,0,0,0.0015549800591543317
"per cần thêm những trái dâu xinh xắn để ngăn chặn sự u ám này , huhu",1,0,0.0005804091924801469
mày khá là may mắn khi không học tiếng huế đấy =)),0,0,0.0005577248521149158
mình còn chưa được nắm tay,1,0,0.0026348275132477283
con đáng yêu quá,0,0,0.0004587903094943613
"per huyền thoại , kkkk",0,0,0.0008084079017862678
có vợ nên lắm . váy mới ngày trước toàn áo chấm bi của mẹ 🤣🤣,0,0,0.0005094664520584047
nhìn cái ngành gd việt nam bây giờ ai cũng mệt mỏi,1,0,0.0014317203313112259
từ lúc có vợ nhiều váy mặc để quay video hẳn :)))))),0,0,0.00046516940346919
per mỏi chân quái :v,1,0,0.0005387019482441247
"phim này nên xem và thuộc mấy đoạn thoại , rất hay",0,0,0.0004908798728138208
cầu mong những công ơn sinh thành luôn mạnh khỏe .,0,0,0.0005461911205202341
năm nào chả vậy :))),0,0,0.0005293495487421751
anh chân thành nên anh tổn thương :((,1,0,0.0006520526367239654
cả 1 đời người chẳng mong gì chỉ mong từ đây đến phút cuối vẫn có người không quên mình đã từng tồn tại,1,0,0.0015037882840260863
xin lỗi mày nhưng tao đọc buồn cười,0,0,0.0010459462646394968
vì tiền mà làm đau làm khổ người khác như thế này sao 😔,1,0,0.0010003147181123495
"con mong bác dù nghèo nhưng sống luôn luôn vv , chúc bác 1 đời bình an",0,0,0.0006638751365244389
tình cờ gặp nó và đột nhiên cắm mặt bỏ chạy như điên,1,0,0.0015574005665257573
bà mẹ nó giật mình,1,0,0.0009187077521346509
mấy nay tao cũng bị ám ảnh,1,0,0.0030037248507142067
cái ngành tài chính của mình có chỗ dụng võ tốt rồi đây :)))),0,0,0.0005563422455452383
":)))) cuộc sống mà . ngày càng thấy bản thân quá nhạt và "" duyên "" :v",1,0,0.0005252613336779177
"per tặng quà cáp gì tặng hộp nhỏ thôi nha . đi hát hò gì đừng đem thùng quà to như vậy nha , nó biết nó nhổ trụi lông nó ngắt mép chết đó :((",1,0,0.0004732975212391466
xin lỗi đây mình vẫn nấu nhé,0,0,0.001165688270702958
"ông sống trên vũ trụ , vợ ông sống ở trái đất , ông cao thêm 5cm là chuyện bthg 😂",0,0,0.001184995984658599
tao đã bị nó làm cho lầm tưởng rồi . tao thật ngu ngốc - _ -,1,0,0.0010380548192188144
bấy bề ơi . thật là đáng yêu,0,0,0.00041352128027938306
"con quỷ này hồi nhỏ tao khóc vì nó hoài , thấy nó không dám đi , bỏ đường phải vòng đường khác ,",1,0,0.0013852284755557775
gắn bó thời sinh viên nè,0,0,0.0006641700165346265
"per thấy chế thủ sẵn hộp mặt nạ rồi thì phải . tim em mong manh lắm , đừng để em hoạng sợ nhá chị ??",1,0,0.0005722055793739855
"quần áo với xe thế kia là biết gia đình điều kiện tnao rồi 😂 anw , mong ông bà luôn khỏe mạnh , vui vẻ < 3",0,0,0.00044316056300885975
sau khi xem ảnh này xong tôi quyết định ... mua honda :v,0,0,0.000656302145216614
"hiện tại mình cũng muốn kết hôn lắm . ngặt nỗi hai gia đình ngăn cản giữ dội , phản đối kịch liệt chuyện hai bọn mình đến với nhau :( nhất là chồng cô ý",1,0,0.004918040242046118
"khoảnh khắc anh quay mặt đi , con tim em tan nát vãi ra",1,0,0.0011235473211854696
cảm giác tóc sau gáy bắt đầu dựng lên :))),1,0,0.000609729322604835
tao đã từng viết như thế này . bây giờ không muốn ai đọc chỉ có đốt mà lười đốt,1,0,0.0021782449912279844
bộ phim ấn độ duy nhất xem được lol,0,0,0.0005591694498434663
tuần sau nữa mới học =))),0,0,0.0005213793483562768
mối nguy hại đó,1,0,0.005950883496552706
nhiều khi cũng muốn người yêu chọc để dỗi phát cho bằng người ta . mà nhận ra mình làm gì có người yêu 😌,1,0,0.0009480096050538123
nguy hiểm thật,1,0,0.0011679677991196513
per nhà mày mà nuôi thêm con này nữa là ám ảnh cuộc đời tao,1,0,0.0008268695673905313
