comment_text,label,prediction,score_depression
ngày buồn nhất trời đổ cơn mưa :(,1,0,0.17418215030244183
per kỷ niệm khó quên nhỉ kkk,0,0,0.03232804309256615
em ý cute vãi !,0,0,0.08873991821938783
làm khách đi qua lại mắc mệt lun,1,0,0.4017808667253056
năm nay thì đở hơn rồi kkkk,0,0,0.10387696230589274
số tao không được ăn uống mà :((,1,0,0.1398976186072214
đang buồn cần 1 người nhắn tin tâm sự hằng đêm,1,0,0.3331091333717259
lâu lâu được nghe truyện cổ tích thấy còn niềm tin vào cuộc sống 🤣🤣,0,0,0.16790421910004735
anh này còn phim pk nữa rất hay và ý nghĩa,0,0,0.03307877804166976
lại thêm một con ngáo bất hạnh,1,0,0.1880916910500436
thiếu hình ăn gà rán rồi,1,0,0.09507106299407543
ăn ở cái gì huhu,1,0,0.0542231962144743
"điều đó không quan trọng , quan trọng là đéo xác nhận lời mời kết bạn",1,0,0.06894849049728262
"em sẽ mãi không biết có lúc tôi gọi chỉ để nghe câu "" ai vậy ?""",1,0,0.4170520431814635
thế giới giờ đáng sợ quá rồi 😌😌 tâm phải tịnh không là tiêu nha mấy ông 😢,1,0,0.3711946787735696
t gặp ngỗng chạy bỏ dép,1,0,0.06428086564820937
"chưa muốn lấy , cơ hội vẫn chia đều cho tất cả các anh : ))",0,0,0.11832606485808257
"per đúng rồi , không muốn xa cách đâu 😞",1,0,0.4209695558359327
"bọn 6 múi yêu nhau hết rồi , tao bụng mỡ đây , tao vẫn thích con gái đây !!!!!",0,0,0.05647365302147456
họ vui là được rồi :))),0,0,0.04810776006171942
per ồ ồ chân chính chạnh lòng rồi 😂,0,0,0.07942388881991164
còn các bạn đặt bánh của mình toàn gửi cho người yêu . chắc câu chuyện này còn buồn hơn :((,1,0,0.09275266264596355
per rồi sẽ có 1 ngày vừa cười tao vừa kể chuyện khiến tao rơi nước mắt,1,0,0.4280664618892806
ngôn lù thế hahaaa :))) đáng yêuc vãi,0,0,0.051641268842289235
nhìn ông với bà chất hơn thanh niên bây giờ,0,0,0.02618372288303681
"phim hay dã man diễn viên chính đẹp trai , xem đi xem lại không chán",0,0,0.024126952678659587
"mình đang thất tình đéo hiểu sao đi cafe còn toàn tận cùng nỗi nhớ , chạm đáy nỗi đau , đừng như thói quen ... dume :)",1,0,0.16841231346272578
"per vãi xem phải cỡ này . , đoạn nó nhếch môi bố mày sợ suýt đái ra quần dume 😑",1,0,0.1883843045708396
cám ơn mấy chế nhiều nhiều nhé 😗,0,0,0.07969247613895135
hồi bé tôi cũng bị chửi cả ngày từ sáng chí tối ! nhưng không phải bố tôi mà là bà nội tôi !,1,1,0.5272483221628984
cuộc sống tạo ta áp lực ..,1,1,0.7801482972923811
cười vãi ???????? mặt con bé cũng hài ghê,0,0,0.11014016606563234
tuổi thơ tôi bị ám ảnh mấy con ngỗng này . mấy con màu xám cứ mỗi lần đi học ngang qua ngõ nhà hàng xóm là nó đuổi . tao lại chạy thục mạng . cứ phải đắn đo mỗi lần qua đó xem có chúng nó không rồi ù chạy như ma đuổi . haizz tuổi thơ tôi ....,1,0,0.4723653054450523
ổng bị bắt rồi :( rồi lấy gì coi,1,0,0.2743226406415854
"ai thì tao không biết , chứ tao thấy tiền là đã có động lực phấn đấu rồi",0,0,0.31393269320814254
đã check in thành công và mãi vẫn chưa gặp được người ấy là ai :((,1,0,0.08947752402313176
":)) đang ăn mỳ , không có trứng nhạt lắm , có rụnng thì xin vài quả !",0,0,0.09045883982761457
đáng yêu quá ! tình yêu ông bà thật đẹp !,0,0,0.009680159192915086
per sắm 1 cái cho công túa ngồi nhà kêu gu gu hí =))))))))))),0,0,0.050073373844433736
"ăn 1 miếng bò mà giết thêm đàn kiến . chưa biết ngon thế nào nhưng một đàn kiến về cõi vĩnh hằng , tội cho đàn kiến .",1,0,0.14325279155395526
thứ ba mẹ cho con và con nhận thấy đó là sự đức hạnh tấm lòng cao cả cam on ba mẹ rất nhìu,0,0,0.1152734110194844
per my nè kkk,0,0,0.09882087344334099
tớ cũng muốn có mối tình như vậy ??,1,0,0.3788344945344717
hết buồn cũng phải có tiền mới hết được :)),0,0,0.0988760016440121
ng ta cuối cùng thì cũng được còn tôi thì never 😞,1,0,0.308743872826792
phim nay và phim triệu phú ổ chuột là 2 phim của ấn mà mình thích nhất,0,0,0.04056606832649836
bình dị vậy thôi .. mà sao mãi tao chưa tìm được ? hix,1,0,0.14177975800723577
biết nấu cơm bếp củi từ lớp 2_3 gì đó,0,0,0.13207656601426282
"ám ảnh hồi bé của c , con này trông nhà oke hơn cả chó luôn",1,0,0.10925236860577899
t mới tính tới bước thất bại chưa tính tới thành công :)),1,0,0.06873643518488991
"em lấy đi niềm tin chả lại cho anh những gì , cũng vì anh vụng về đánh rơi hay càng xa vời càng dễ mất .. anh chân thành nên anh tổn thương",1,0,0.19300392170416802
dễ thương . cứ yêu đi ngại gì .,0,0,0.033855083278817866
hí . dễ thương quá,0,0,0.03299169087892285
"1 đoạn phim được trích ra tuy ngắn nhưng , chứa 1 thông điệp rất có tầm quan trọng",0,0,0.05128066453469938
tối nay chồng tương lai sẽ đưa con khác đi chơi 😆😆😆,1,0,0.0933899906452043
"bất cứ lúc nào nghĩ về đời tao chỉ thấy vị cay , nồng nơi khóe mắt :))",1,0,0.30888262766532953
tự nhiên coi tới khúc th bé kéo hết bạn bè tới chụp hình tao buồn cười vãi ! ông kia nghĩ ! thôi chết mẹ rồi ! kiểu này tối mới lau xong 😂,0,1,0.5417948877552992
"per cố gắng lên nha anh , mọi điều tốt đep đang chờ anh 💓💓",0,0,0.044247565581832606
gặp được em nhưng sẽ chỉ quan tâm và bảo vệ em từ xa,1,0,0.37255550331002274
thêm đường hay cho thêm bánh gato về tẩm bổ :),1,0,0.04824955599571832
thấy cái thèm ts quá,0,0,0.03383304037154168
"hiện tại mình cần tìm người yêu , bạn nữ nào chưa có chồng hay chưa người yêu thì bình luận bên dưới để mình lựa một bạn may mắn nhất nhé :)))",0,0,0.055594390277040606
a per ..... nhìn những hình ảnh này ... sao em nhớ về anh quá .... 15 năm ròng rã .. giờ anh lưu lạc nơi đâu . 😭😭😭😭,1,0,0.10415403562117294
chữ tao từ lớp 3 đã kiểu như thế nào và còn đẹp hơn nhé .,0,0,0.1434732379034721
per quẹo lựa mấy đứa ơi . để lễ nay đặt vé luôn cho rồi . nóng quá rồi :)))),0,0,0.05681008400989309
xem đi xem lại bao nhiêu lần cũng không chán ... vẫn cảm giác hồi hộp :),1,0,0.31998782150314503
bé có năng khiếu làm cô giáo dạy văn ... nghe thì nghĩ tục nhưng đời thường là có thật ... bác nghe thấy đồng cảm với các cháu,1,0,0.06477978923619133
chết luôn .. tình yêu không phân biệt . giới tính .. tình yêu ơi là tình yêu .. tao đau khổ vì mày lắm rồi ...,1,0,0.2877460113375502
"mức thu cao nhất - đồng ý vì số liệu nó thể hiện như vậy , chứ còn hiệu quả thì mình không biết đúng không 😂 mỗi lần vô vcb là hiểu phải đợi mỏi mòn , không như những nh khác",1,0,0.29320115827783955
"thà biết rồi đau 1 lần cho tởn rồi thôi , chứ đừng để nỗi đau cứ day dẳn giằng xé mãi cả đời ☻",1,0,0.2927768279288132
nghe anh ấy nới chuyện rất thuyết phục,0,0,0.01744186798994495
thông minh :v,0,0,0.07645943905103542
oimeoi tao thấy được tao ngày xưa đây rồi =))))),0,0,0.09077294401524962
con mong cụ cuộc sống sẽ tốt hơn 😔,0,0,0.2413928856720093
sau mưa ra đường sợ nhất gặp giun,1,0,0.09350192205427901
nên gan ngỗng ăn ngon đó,0,0,0.10245297614789702
"ngày nào cũng thấy tàu trật bánh , khá buồn",1,0,0.19589461916409018
nhìn đẹp quá đi mất,0,0,0.035986352622594246
tao đang cố un crush nhưng khi xem xong video trên thì ..........( khóc không ra nước mắt ),1,0,0.22390015472328992
đó là khi anh per cưới vợ đó 🤣,1,0,0.06107846380405254
ngoài những bài chia tay vì lí do vớ vẩn ra thì neu cũng có những bài đăng đọc rồi còn nhớ mãi .,1,0,0.0687046907075409
mặt nhỏ dễ thương vãi =)),0,0,0.04907983238044194
béo tí đáng yêu mà =)),0,0,0.023034984082704022
"hy vọng chừng đó con đã đi mẫu giáo lớn , 1 xe bảy chổ và nhà hai tấm 🤣",0,0,0.1451745345758745
1 năm không biết bao nhiêu lần x - quang :(,1,0,0.2929139603999589
cả người nhà người yêu cũng không đồng ý :((,1,0,0.059519825283840304
"mình nói thật nhìn từ trên cao xuống đã thấy chóng mặt rồi , vãi",1,0,0.18873272559377635
tao giận bạn trai tao và 5 ngày rồi nó đéo dỗ tao luôn hix,1,0,0.1422239018199518
dăm ba cái kỉu đây hồi nhỏ tao đốt chấy vài á mà 😃,0,0,0.054959590833262836
per lên lịch hẹn hò nhanh,0,0,0.047007047358529806
chia buồn cùng nước pháp .,1,0,0.14464852610247847
nta vẩy tay mấy cái cũng ra tranh còn tao thì 😪,1,0,0.12762095948132934
mặt chúng bạn kiểu lại đéo được trả tiền rồi 😞,1,0,0.08137818143708779
"hắt xì mệt quá , muốn bắn , muốn làm việc :(",1,0,0.49998729150554994
"t xin nhắc lại một lần nữa , đây là một câu chuyện buồn nhé",1,0,0.203104064222204
"tội nghiệp , có rất nhiều em ở nông thôn bị như vậy 😢.",1,0,0.0980222338001387
buồn thay cho lớp tao,1,0,0.08494894408648118
hi vọng trưa nay lúc ăn cơm vtv24 sẽ không đưa tin về bạn này ạ,1,0,0.15495854536787812
per sự thích thể hiện của các bạn mà bóng đá per tốn một món tiền không nhỏ ! 😩🙏🤕,1,0,0.10044231433547536
đáng iêu vãi =]],0,0,0.07030937028303831
quá ý nghĩa . mình trẻ mà chắc gì làm được vậy,1,0,0.07305925304926675
bộ phim hay nhất từng xem,0,0,0.0092621225349533
bạn đã hiểu nổi khổ của mario khi mua vui cho bạn chưa :)),1,0,0.1312784708678535
boss hổng có 6 múi hả :( buồn dị,1,0,0.11043310648146856
chân tao không đu ̉ da ̀ i đi ̉ đi con đươ ̀ người na ̀ y :((((,1,0,0.12036970315074291
nước ngoài có đầy mà :)),0,0,0.06256204232986261
cái gì mà rớt hột le tè vậy em gái 😁😁😁,0,0,0.05362254857275981
có người yêu coi bộ cũng vui 🙂,0,0,0.045931626047660955
14 / 2 năm ngoái tao mọc sừng . nên 14 / 2 năm nay tao quyết định cưa sừng 😊,0,0,0.09705564433663223
"vui vẻ chút , lạc quan chút cho đời thêm vui cũng là một cách 😂😂",0,0,0.204983290950132
"lại là lào cai , tự hào quê mình quá :))",0,0,0.07455584455417386
nói tiếng tuy hoà phú yên làm tao nhớ đến nyc . giọng nó sao ngọt không thể tả . buồn,1,0,0.08623482458589767
yêu quá hóa điên 🤣,0,0,0.016515267840889972
nhìn nữa sao . hỏng yêu đi . cho doi . vui vẻ,0,0,0.0421946309404555
cứ thấy trai đẹp là tao hạnh phúc :),0,0,0.026983901774378444
đậu . tao mê nhất là giọng tuy hòa phú yên . nó luôn mang một ấn tượng sâu sắc . nghe cứ thích thế nào ấy,0,0,0.0477091703953819
cái con đồ chơi đó mua ở đâu nhỉ . cười đéo nhặt được mồm . 😂😂😂,0,0,0.10692565998958993
sao lại cưng đến thế này ^^,0,0,0.13181115779634217
per gặp thần tượng mỗi ngày kkk,0,0,0.067941406974246
xem mấy lần rồi vẫn thấy hay,0,0,0.0609535667593743
đcm ngôn tình vãiiii,0,0,0.047671074564139285
dân kinh doanh khoái đi chợ này lắm nè,0,0,0.0844424042266193
đã trải qua và thấy chuẩn cơm má nấu,0,0,0.07485174388685045
crush mới thích ảnh tao mà tao đã . nghĩ đến chuyện đặt tên con rồi,0,0,0.21920388290580028
cái gì vui vậy mọi người :)),0,0,0.052040169528595186
má chủ dễ thương vậy tao cũng muốn xin,0,0,0.22357161353156058
câu chuyện dễ thương thật ^^,0,0,0.0477766594643033
điều tồi tệ là học nửa vời chã ra làm sao,1,0,0.12554331898446155
trước khi lấy vợ boss có một thân hình hoàn mĩ thế này đây,1,0,0.12980227182699777
cô quét đi cô cho cháu hốt về với =))),0,0,0.04944042101741612
này thì câu thích 😂😂😂,0,0,0.0784302600130803
bốc toàn trúng may mắn lần sau,1,0,0.17668675841403292
định mệnh tao lại quên mang áo mưa,1,0,0.21761485723861423
xem xong video tự thấy mình còn không bằng con chó ...,1,0,0.2682023014955958
chúc mừng cp . cố lên cp .,0,0,0.02279823500180535
per huhuu không biết lúc đấy thực tập chưa :(((,1,0,0.12758936326148815
"con này còn hại hơn cả ốc bươu vàng . cấm nhanh còn kịp , để nó ra ngoài thì chỉ có người nông dân thiệt thôi",1,0,0.11883391411728317
liên quan à . cr mày đéo thương mày đâu . nó có crush mới rồi . 🙂,1,0,0.1434613787846204
thật là đáng sợ,1,0,0.14109818933514726
em chờ được mà 🙂,0,0,0.10993336681059551
"mình nhận thấy hình như ông ấy đang rất đau khổ , mà không thể or không muốn nói ra .",1,0,0.4513079159586974
"giá trị lịch sử văn hoá gần nghìn năm đã mất đi rồi :((""",1,0,0.24665882548939472
em nuôi con lợn mấy năm rồi mà vẫn trống rỗng huhu 😭😭😭,1,0,0.48251716248182036
sợ thế,1,0,0.2654176870891265
hay à ngheng,0,0,0.010785332124203743
"t cũng thế . đang ngồi chơi với con , vợ nó đắp mặt nạ lù lù bước vào . xém đái trog quần ??????",1,0,0.23149639487808313
"đúng rồi , vàng là phải vàng mới có giá trị , vàng trắng làm gì có giá trị 😥",1,0,0.17261110061739454
toàn tặng đồ gây sát thương thế kia khả năng bị phản damage là rất cao,1,0,0.06420319224497135
mệt mõi 😥,1,0,0.46544176496697875
tao không biết tao đủ ổn để đi học thêm không nữa,1,0,0.32100580613968965
ai đó hãy tát trà sữa vào mặt tao đi 😭😭,1,0,0.19075574638329038
trông tội quá,1,0,0.03812361145958307
"thanh diễm giờ tao hiểu tại sao cứ sáng vô là tao trông tới đi về , đầu tuần trông tới cuối tuần và đầu tháng trông tới cuối tháng rồi 🤣🤣🤣🤭",0,0,0.2505504354858378
làm đéo gì có ai nói chuyện thân thiết với tao đâu mà,1,0,0.24305425624490787
ad cho hỏi nghệ an lúc nào mưa vậy ah 🌧🌧.. ốm cũng cam lòng chứ vã lắm rồi 🥵🥵,1,0,0.3203279548584744
"chửi vậy cũng bình thường mà mọi người cứ làm quá . mẹ tao cũng suốt ngày chửi tao , tao thấy vui mà .",0,0,0.24528580526295693
"đừng ám tao nữa , sợ lắm",1,0,0.29771991935186415
ý là giọng quê tao đó hã,0,0,0.04450073286181149
"đang định đi nhổ răng khôn , nghe được tin này thấy ghê răng 😁",1,0,0.07384662156621936
nhờ mất bạn nên mình mới biết 😂😂😂😂,0,0,0.09871101624096441
vừa đây về đông kinh hồn càng về đêm càng đông,1,0,0.34219736659473216
"mày làm tao nhớ em gái ghê , mai sinh nhật con bé rồi mà tao đang đi làm xa nhà , không về được .......... 😑",1,0,0.22798781996421358
ui nghe ấm thế,0,0,0.12503437553632854
chắc từ giờ tao đéo giám ho nữa quá .,1,0,0.2435457529781545
đau lòng quá,1,0,0.13790904708115778
không những hạnh phúc tao còn cứng nữa :)),0,0,0.062488338920773594
chúc mừng các anh . các anh giỏi quá . chuc các anh mạnh khỏe .,0,0,0.006620374076595421
"thương quá . giờ con đi học ở lại cả ngày thì hên xui thôi chứ biết làm sao , không ăn thịt heo thì ăn gì . mong sao có lệnh tạm dừng ăn thịt heo trong thời gian này cho các trường mầm non thì hay biết mấy .",1,0,0.2646676513551299
tội em gái đó,1,0,0.07826926081909809
ăn cơm mốc có khả năng bị ung thư gan cao . hít,1,0,0.061063436610701675
làm người khác thỏa mãn bằng mùi hương của chính bản thân,0,0,0.0887113723159879
anh đừng bỏ em đi mà 😢,1,0,0.06083381164568385
muộn rồi :))),1,0,0.03778860397153661
dễ thương hết sức ??,0,0,0.12165669434963149
cái khó ló cái khôn :))),0,0,0.03634408184495609
a độc thân nè không có ai để nắm tay gọi là thử coi .. hihihi chúc em luon vui ve em nhé ...,0,0,0.17229929189862692
hồi nhỏ đọc tao đã nghi nghi rồi =)))))))),0,0,0.05885914040765822
per tìm được đối tượng nào để cầu hôn chưa :))),0,0,0.08876640076858304
cũng đúng :)),0,0,0.06072570499145621
"thích cái câu , có mỗi thằng con rể đểu mà cứ xoắn cả lên 😂😂😂",0,0,0.0893755310855025
"coi khúc đầu không hiểu , đến lúc ổng bước ra khỏi làn khói , thật không thể cầm được nước mắt",1,0,0.35819861010838344
per thích quáaaaa,0,0,0.089439783953848
tao cũng ho trật mẹ khớp vai mà đéo phải 1 lần đầu nhé,1,0,0.20250576871908427
hú hồn chim én :) nào làm ra này chắc cũng ngáo dữ :) chắc add không sợ nhện :),1,0,0.07122924584109858
biết trân trọng những gì mình đang có ☺️,0,0,0.29887341309999566
có gì đâu bé vậy mới cool đó anh thích 😉😉😉,0,0,0.05099861159505782
"aaaaa con nhện 😨 "" aaaaaaa con ế !"" - nhện said 😂😂😂",0,0,0.2039082577927147
tiếc cho mối tình ấy ....,1,0,0.06526227564707596
phim nay xem rất nhiều lân nhưng quá hay vẫn muốn sẽ tiếp tục xem,0,0,0.08231260422719085
"đúng thế , ở đâu cũng được đâu nhất thiết phải ở đây",0,0,0.09192216560213153
gu của tôi trời ơi . tiếc mới có chồng với đứa con thôi . huhu,1,0,0.19003384249813976
rồi mấy đứa chân không được dài như tao phóng qua kiểu gì :),1,0,0.12317923141282816
trời ơi . dễ thương quá luôn ❤️❤️,0,0,0.029266958100613666
per sáng mai kiểu gì cũng về tới nhà :)),0,0,0.099243357166971
để anh dẫn em đi ăn nha :)),0,0,0.03011824719448938
vậy là thế giới mất đi không biết bao nhiêu món nướng rồi :(,1,0,0.45071603539156885
"tui đây vừa vô phòng thì con vợ mặt trắng bóc nhảy ra đây , tưởng là ma",1,1,0.6834535063270947
những điều đơn giản nhưng thật hạnh phúc 😘,0,0,0.07952480758176798
phải chi có người yêu nhắn tin ngọt ngào như này,0,0,0.07342678304181316
"hồi học lớp 5 bảo bố đi mua sgk cho , xong bố đi mua nguyên bộ lớp 4 đầy đủ từ sgk đến vở bài tập 😂",1,0,0.0555771797633563
cả 2 loại người này đều đáng sợ !,1,0,0.11693680048920525
per mỗi ngày đi làm thấy per là như có thêm power cho 1 ngày siêng năng !!!!,0,0,0.06397126319374433
"bị ám ảnh hồi bé đi nhổ răng , không dám đi nha sĩ nữa :((( huhu 😭😭",1,0,0.22509697321594377
quá đau lòng nhưng chúng ta phải chấp nhận với điều đó,1,0,0.08121692467215981
"per hồi nhỏ bị ngỗng dí riết ám ảnh , giờ mà bị dí chắc cầm cổ quay thấy moẹ nó luôn hehe",0,0,0.11229737600687399
per sợ nhện đúng không :)),1,0,0.07891571621614729
em chân thành nên em tổn thương !,1,0,0.29140517301981717
"per ăn tết xong , cần cây cầu này để giảm cân 😆😆",0,0,0.13226536882039377
"ngày cuối cùng còn ở lại , bản thân không có bất cứ một cảm xúc gì , trong lòng chỉ độc một mảnh phẳng lặng .",1,0,0.43749795300045535
anh chờ ... đáng yêu ghê,0,0,0.021618188224953747
vẫn chọn tech là ngân hàng đồng hành,0,0,0.05082434332470253
đây là 1 câu chuyện buồn,1,0,0.12755873316615077
duyên quá nói chuyện hay,0,0,0.027725472977379234
móe . con nhện . cười đau cả ruột .,0,0,0.3389752610160401
thề cứ 1 lần trượt là tao cười to hơn 😆😆,0,0,0.16094963715368607
chị đầu tiên buồn v :((,1,0,0.2192341428785794
tao đã rất muốn làm bạn tốt anh em tri kỉ với tụi hắn nhưng không ai muốn làm bạn với tao - _ -,1,0,0.3343876609060027
con gái tao thì suốt ngày hêy siri bắt chước mẹ 😂,0,0,0.11000332847773993
"đi hát văn nghệ cho trường nguyên cấp 1 , kiếm được kha khá . cấp 2 vỡ giọng , khỏi hát 🤣",0,0,0.022027745506540644
tao rất thích nhạc trung từ giai điệu đến ý nghĩa rất hay 😁😁😁,0,0,0.040102325894638434
nhà tao cũng gần mà tao không bao giờ dám đi đêm,1,0,0.3545465206259928
per có ai còn nhớ thời đầu băng xem đi xem lại xuốt ngày không kakak,0,0,0.08073015991000905
thế là hết những gì đẹp nhất của nước pháp sao không phun nước cứ để cháy rần rật nhỉ,1,0,0.06046590069230113
tại vì anh trót nói lời thương em mà em không đáp lại,1,0,0.1535448292626756
mới ngày nào bidv còn đứng nhất mà .. haizzz,1,0,0.18935849847405445
bị nó chặn đầu mấy lần khóc sướt mướt luôn . mấy con yêu nghiệt này còn dữ hơn chó,1,0,0.21729182428190824
per tuổi thơ của mềnh đi học là lúc nào bạn tao cũng ngồi trên và khi nào múa giờ ra chơi cũng múa chung với mềnh 😅😅😅,0,0,0.2637712183734419
nhìn là yêu roi muốn nuôi quá trời mà sợ không chăm được em 😢,1,0,0.1976096231170579
đôi khi hạnh phúc chỉ là những điều giản dị nhất mà chả ai nghĩ tới 😊,0,0,0.12127802030371015
huhu xem mà muốn khóc vãi,1,0,0.2317437804666324
tao thấy tai nạn giao thông là tao nói với mẹ .. con chạy ra đó để tối lên ti vi ... mẹ tao chửi sấp mặt luôn,1,0,0.32505732267566917
nó giống tao ghê . gặp tao tao cũng chọn mày,0,0,0.14049029789280076
"per hay đó bro , trừ điểm bro chưa bao ăn :)) - 10",1,0,0.05002073715850024
cũng sợ mấy con ngoe nguẩy như giòi 😰,1,0,0.2840827182554255
"ước gì mèo nhà mình cũng có thể về nhà như vậy , mất ẻm được 2 năm rồi :(((",1,0,0.3944712754790374
tự dưng cay mẹ mắt,1,0,0.2454196448398437
bác vẽ làm tao nhớ con cá này vãi =))),0,0,0.052632765752401924
trường gửi điểm về và mẹ cũng điện chửi :(,1,0,0.29589757963181534
nói chuyện như người yêu ??,0,0,0.04399572399769656
đó là một câu chuyện buồn 😀,1,0,0.12133608120742768
xem xong tôi cảm thấy còn u ám hơn :)),1,0,0.15824244537959367
chúng mày cứ cười . dm mai gần đấy có biến lại thấy anh ấy trong bộ cảnh phục thì lại tung hô quả nằm vùng quá đẳng cấp 😂😂😂,0,0,0.06729465951496329
không phải không thích mà bản thân chưa đủ tốt để sánh vai . phải chi anh có thể đợi em khôn lớn !,1,0,0.1216558131040479
rất có tố chất . liên đoàn xe đạp việt nam có thể liên hệ để đào tạo được đấy,0,0,0.02869209685914104
"đếu thể đỡ được "" tiền mừng , tiền mừng "" hahaha",0,0,0.060381349367955785
còn buồn hơn là cố quan tâm thế nào họ vẫn không hề rep lại,1,0,0.18165271515864426
đáng yêu phết nhể,0,0,0.024278854690965388
tuổi trẻ tài cao =))),0,0,0.02445264422022236
ước gì được giận lại 😐,1,0,0.14469618782720794
sợ vãi linh hồn 😞,1,0,0.1119824276777346
thôi chết haha ...,0,0,0.42173062617445867
cái này phải hơn 20 năm rồi . lần đầu không biết canh lửa nên cơm khét hoài 🤣🤣🤣🤣🤣,0,0,0.19499310793351923
anh lỡ mất em rồi huhu,1,0,0.18289956112110953
per ly trà sen của anh đem qua có ngày nó thành như v đó 😭😭 hức hức ...,1,0,0.09458336487404063
ngầu lắm bạn ạ ^^,0,0,0.0673814290146045
đã gặp được em đúng lúc . nhưng lại không phải thời điểm em muốn ....,1,1,0.6194570321961987
những người em thích đều đi nơi đâu rồi còn con ml bên cạnh song hành,1,0,0.18322280266085533
ơ thế hoá ra tao không bị ngu một mình ?,1,0,0.3826548720313939
ngày xưa mẹ tao dạy ở miền núi . năm tao học lớp 3 lần đầu tiên lên trường với mẹ . đaumoa mấy con ngỗng mất dạy rượt tao leo lên cây phượng cao chót vót cả tiếng không dám xuống .,1,0,0.32590290681181733
món này ngon vãi,0,0,0.12008134832776038
cầu cho chú luôn mạnh khoẻ ạ 😢,1,0,0.03891347751066754
chỉ ước về sau mình được vay,0,0,0.23506607837912297
không muốn yêu ai cả,1,0,0.36612084985692656
minh biết nữa ne,0,0,0.3407827958912392
trên đời vẫn còn nhiều điều tốt đẹp ❤️,0,0,0.06902677488238036
mai tao cũng đi ship mới được . có bài này áp dụng luôn .,0,0,0.09629222683262571
thằng ben thật tội nghiệp,1,0,0.029408346879997705
cả đời mình chỉ ước có 500tr trả nợ ngân hàng cái xe để chạy kiếm ăn ...😥😥😥,1,0,0.18770050866432728
t cười ỉa ...🤣🤣,0,0,0.27991223838202745
em buông tay anh nhé .... quá khứ ấy anh hãy xoá hết đi .......,1,0,0.06709526251725237
rụng tim 😭,1,0,0.05044843500517127
tao không tin đâu hiccc =(((,1,0,0.1396375000555164
ngày hôm ấy tuyệt đẹp nhưng lại đượm một nỗi buồn ngày mai thôi chg được gặp thầy cô bb lũ chúng tôi khép cánh cửa ấy lại nhìn lại toàn bộ khung cảnh ôi thân thương biết mấy cảnh vật quen thuộc sẽ không được trông thấy nữa,1,0,0.08003325491726024
chúc mày mau khoẻ nhá chủ thớt ạ =)),0,0,0.05059697247377543
được . đỡ tốn 5 nghìn,0,0,0.06196131273858282
muốn nhanh thì phải từ từ =))))),0,0,0.2122662706874541
ốm mà xinh thế :3,0,0,0.06483204306186215
dạ cho em hỏi cái đường này ở đâu z ạ . để em đéo tới đây ạ . đm bước cái chắc tét háng,1,0,0.1079275487310441
"dù chỉ để nhìn 1 cái , để biết người ấy vẫn ổn , người ấy còn tồn tại . ít nhất là nv 😔",1,0,0.13451615662346741
má . đang định đi chụp :((,1,0,0.11861415045237092
bày đặt viết trên cát khắc luôn vào đá cho tạt thoải mái,0,0,0.11552621741957975
cho em canh với . hehe,0,0,0.09280258240319213
"anh sau đó , không còn là anh nữa ...",1,0,0.11472061258855576
sao giống phim good doctor của hàn vậy ?? cũng bệnh tự kỉ và có khả năng nhìn được 3d !,0,0,0.045406195447230555
đẹp trai thật .,0,0,0.041898341871176484
hay . đỡ mệt,0,0,0.30580966344109256
per bài tủ 1 thời =)),0,0,0.03131991417983032
tôi cắn bất chấp =)))))))) chắc là tôi yêu tụi nó cuồng si rồi,0,0,0.09960827403736117
mở ra mà thấy vậy chắc tao sợ quá mà chết luôn mất :),1,0,0.1807423399120819
đồng đội chơi tốt quá hahaaa,0,0,0.02380440957334027
giọng cute phết,0,0,0.04297551662394132
tao sợ ăn xong nóng đêm gãi toét chân,1,0,0.12347382996481719
"con gái không thích con trai đầu hói , vì cưới về dễ nhầm đầu :d",0,0,0.15621518389357586
chuẩn bị prayforparis thôi 23 tuần kể từ khi phe áo vàng làm loạn rồi mà vẫn chưa dẹp được .,1,0,0.1585093286906706
đau đớn quá sao phải tham mấy đồng tiền đó nhỉ,1,0,0.04728461418346964
"hăm hở đón nhận tất cả , thậm chí là nỗi buồn , nếu điều ấy khiến việc tồn tại của bạn mang một hương vị đáng nhớ ...",1,0,0.3555075269205855
buồn nhất là crush cũng chả có để mà thả 😞,1,0,0.09726271182925311
"tao sợ chó lắm .""",1,0,0.1936904595191682
"tuổi thơ tao gặp toàn trai bánh bều , mít ướt . toàn là tao galang , dỗ dành . ôi cái cuộc đời này per",1,0,0.12853941661485122
"ngày đẹp trời là ngày được nghỉ làm , đi những nơi mình thích , với người mình thương , ăn những món ăn ngon . xong về ôm nhau ngủ :)))",0,0,0.12606114500681215
"nhớ hồi euro 2012 rực sáng trong màu áo tuyển ý , ghi mấy bàn mà bàn nào cũng thấy phê .",0,0,0.042980499646033954
chồng tương lai lại nuôi vợ thằng khác,1,0,0.0812530017211845
"thương các con quá , lũ khốn nạn vì lợi trước mắt ma tội cho bọn trẻ , bọn này cho chết het",1,0,0.11678726674317404
t thấy tội nghiệp thằng cải,0,0,0.031717481047491614
hồi bé bị ngỗng dí hoài =)) sợ vãi,1,0,0.08501586488009234
má chắc gặp tao chạy mất giày,1,0,0.12629461081448742
"bữa tao coi cái video này nhưng nó ghép nhạc bựa vãi ... mỗi lần mỗi anh té là first blood , double kill ,... các kiểu =))))",0,0,0.046938540702566214
bạn gái nào xinh xinh mà bị lạc thì vào nhà mình cho ngủ nhờ này . ??,0,0,0.1861096737993255
đúng là càng ngày càng chán . cứ theo luật mà làm thì chán cực kỳ luôn,1,0,0.2632562584398572
cái cuối phê vãi,0,0,0.0431882029893746
ê tao đi nhật chưa được 1 năm mà xem video này làm tao loạn ngôn ngữ ghê . thỉnh thoảng phải dừng video ngẫm câu nó nói nghĩa gì,1,0,0.17131673626542318
per kinh dị thấy mệ luôn nè,1,0,0.0700107248007039
làm chó khổ lắm chứ bộ :((,1,0,0.24127677104099557
bức ảnh này lại làm mình bị ám ảnh . haz,1,0,0.3868561003085943
dân chơi nhìn cái biết ngay 🤣🤣,0,0,0.037532268143687306
đáng yêuc quá,0,0,0.026731935047738842
tiếng guitar thật tuyệt,0,0,0.033017738142656836
mỗi lần tao ăn đu đủ bằng thìa thì bố tao lại chửi tao . bố tao bảo loại mày ăn đu đủ không cần thìa đâu .,1,0,0.2561094866660697
mệt như chó :3 nhưng mà hoan hỉ đầu năm đi xin lộc :v,0,0,0.406864847036996
đáng yêu quá . phải thằng trai nhà tao thì nó sẽ nhẩy vào tính ôm luôn cái máy ấy về =)),0,0,0.0364805226265194
đau nếu còn nghĩ về nhau thì hãy quay về bên nhau :)),1,0,0.04019256265217627
một hành động đẹp đầy tính nhân văn ☺️☺️,0,0,0.029008700031453227
"hôm bữa đi ngang qua , thấy hết con mẹ nó hồn",1,0,0.14029199232323392
nhìn một cái rồi quay đi là thấy mãn nguyện rồi .,0,0,0.035340822737334195
ôi hạnh phúc quá 😄😄😄,0,0,0.02038200362202618
biết ngay anh per lại mượn đầm của vợ :)))),0,0,0.03530009492795436
sợ vãi,1,0,0.11275305967417984
tao ho rụng hết tóc rồi 😭,1,0,0.0928725462116525
dù có sống được mấy đời thì cũng nợ mẹ cha trọn cả mấy đời .,1,0,0.1872063073649052
đây là một câu chuyện buồn 🙁,1,0,0.13267178073486974
má ơi đây chính là thứ ám ảnh nhất cuộc đời con . kẻ thù 😢😢😢,1,0,0.30517167308206744
per bị chữi thì ráng nghe mà vui đi nghe . cứ như nghe hát miễn phí 🤣🤣 còn bị chữi là còn hạnh phúc . nguoi ngoài ngọt ngào nhưng chắc gì đã thật lòng đâu,0,0,0.16276589970129332
tao tưởng tượng sau này sẽ có 1 thằng bồ vừa điên vừa ngáo giống tao .. chắc vui hết sảy 🤣,0,0,0.12584233480269347
sợ quá đi,1,0,0.07443068110085724
cay và đắng nghe mấy ông lớn tuổi toàn kêu thế thôi,0,0,0.062087535725400815
thấy dòng này quen quen . thấy đọc bình luận của ai á . haha . buồn cười 🤣 🤣 🤣,0,0,0.09240340542069247
và đương nhiên sẽ có ngày cô ấy sốc vì giới tính thật của cô ấy !!!,1,0,0.07923144812389467
là nhân duyên trời ban cớ sao chẳng thành đôi :(,1,0,0.17376867990920225
tau đã được bà nội vá quần 🙂🙂🙂,0,0,0.07082549838027405
page bị hack rồi . video hay nhất mình từg xem,0,0,0.04680346097882551
""" tụi mình tuy không yêu nhau hai lần , nhưng nếu có cơ hội ... anh chắc chắn vẫn tặng em đoá hồng đẹp nhất """,0,0,0.05700904481051103
chỉ khổ các con thôi !! sao người ta lại có thể mất nhân tính như vậy,1,0,0.14875722340041922
crush của tao cười hơi bị xinh :3 xinh + cười = đỗ mãi • 3 •,0,0,0.16471210139344128
dễ thương quá à ????????,0,0,0.02950096584172853
chuẩn kkk 😁,0,0,0.05009483104116662
ukm . nguy hiểm thật :'<,1,0,0.049258557508738705
"đi chơi gặp 3 con mất dậy này vừa bị dí vừa bị cạp đít đau không chịu được sau phải nhảy lên cây để trốn , giờ gặp là sợ 😭😭",1,1,0.7090287046083764
per mày cứ kén chọn đi chúng nó yêuc nhaooo hết rồi kia kìa ahuhu .. không tin vào mấy thằng ông nội cơ bắpppp nữaaa,1,0,0.10407506029640996
câu chuyện lấy đi nước mắt của tao,1,0,0.10584981833083634
"thằng bạn ngồi kế bên lớp 2 nhà bán vàng mà nó học dốt , thế là làm bình thường về nhà cho nó , 1 bài 2k , mồi ngày kiếm 8 - 10k 🤑",0,0,0.07809938596799158
sự thật thì cố suy nghĩ vui vẻ hạnh phúc mà trong túi không có tiền chỉ sợ đất cũng không có mà ăn,1,0,0.15586982943788225
nhưng tao đéo có crush,1,0,0.13123534454566504
tận cùng của nỗi đau :(,1,0,0.1400762011069304
cần tìm gấp bạn trai đáng yêuc như anh này trời đất ơi =)),0,0,0.04188563189105193
đố ai định nghĩa được tình yêu . có khó gì đâu một buổi chiều . kề dao vào cổ yêu không hả . gật đầu lia lịa thế là yêu 🤣🤣🤣🤣🤣🤣,0,0,0.07873396886827935
chẳng biết nói gì . xem video em cười suốt mà lòng tôi không thấy vui tẹo nào . thương em,1,0,0.4368941426139891
cẩn thận mày lại có cháu sớm 🤣,0,0,0.10957137786517512
cái dây ở ảnh đầu xinh vãi vậy,0,0,0.08597689006736944
"lúc nhỏ mẹ nấu cơm bằng bếp củi , ttao thì không biết gì thấy lửa tắt thì chụm vô : )) mẹ ra quánh cho trận vì nồi cơm khét nghẹt 😑",1,0,0.23534391757435422
"ngày xưa đi học gần trường có bày ngỗng , hôm nào nó cũng cà khía rượt tụi học sinh chạy sấp mặt luôn",1,0,0.13513171882316047
tao thầy mày cười hí hửng vại mà ?,0,0,0.2691961069176328
nhìn đáng yêu vãi :))),0,0,0.010531176365802883
buồn thế nhỉ . t mới mua con per chưa nổi 1 năm . thế này thì biết sống sao 😨😨,1,0,0.39292869513899786
đồng nghiệp của tôi thật tuyệt vời,0,0,0.013399628901070755
per luôn yêu đời và luôn yêu công việc em nhé,0,0,0.033157643555205805
"sợ nhất mấy đứa ảo tưởng sức mạnh , nhắn tin nhiều chút là auto mình thích nó",1,0,0.14386328506538715
mẹ đang buồn ỉa mà trên đường về gặp mớ gờ giảm tốc kia thì phọt bà ra quần 😨,1,0,0.2139997053044259
hay lắm . thằng anh giúp 2e thêm yêu lao động,0,0,0.022705212013971184
"cô ấy rất tốt , nhưng tôi biết thứ nào tốt đều không dành cho mình",1,0,0.23482853758466013
"nhổ tóc sâu cho bố , hình như được 500đ để mua kẹo dồi 😂",0,0,0.0617430905192999
rất vui mừng khi ông ấy rời việt nam an toàn tuyệt đối ....,0,0,0.05710616563578484
"vợ người ta chưa bao giờ làm tôi thất vọng , còn vợ tôi thì ..... đi hết 1 / 3 cuộc đời rồi vẫn chưa tìm thấy 😓",1,0,0.39848029430684423
tao thì sợ nhất lúc nó mới cắt tóc,1,0,0.13538724995183282
"sau 1 thời còm men dạo khắp muôn nơi , cháu đã lên được fan cứng rất rất cứng 😆😆",0,0,0.08311970192444047
thằng nào sửa xe này dễ đau tim mà chết lắm . :)). nhất là những thằng sợ rắn .,1,0,0.14449780138807214
ừ công nhận == không có tiền mua,1,0,0.051969346011946846
chỉ là không có ai để nhắn thì mới nhắn cho mình . công nhận nguy hiểm,1,0,0.15436662673316387
có tâm mới có tầm haha,0,0,0.11903193579718042
"ngày xưa nuôi mấy con mèo . đêm hôm nó cứ lựa lúc cửa mở là chạy đi chơi mất . những lần nó không về buồn thối ruột , tối cứ mở cửa để đợi tiếng meo meo 😥",1,0,0.3242716468738408
per ơ tao còn chưa kịp đến bắt tay mà :((,1,0,0.12680690034524184
"chống mắt mà xem này khi bồ nói anh muốn đi tập gym thì dẹp ngay và luôn , măc công nó yêu thằng khác mất quá per",1,0,0.08026863764038256
đúng chất dân miền tây hahaha,0,0,0.041728363667339764
sống với nhau đến cuối đời người ta cũng chỉ mong có vậy .,0,0,0.17104146672718434
đang trong lớp mà ứa nước mắt,1,0,0.2817990487099644
nhìn quả mặt nó làm tao thoả mãn vãi,0,0,0.05789768070129792
"😔 tao không lấy chồng nữa , ở nhà nấu cơm cho mẹ , tao sợ lắm",1,0,0.19543440712579788
"chuẩn thế còn gì , phải có uy tín trong nghề mới thành công được",0,0,0.09538598650443252
per ngôn tình luôn ở quanh ta nhưng nó đéo đến với chúng ta 😏,1,0,0.05970897059958199
vận may s cứ xua đuổi mình hoài chứ có bao giờ tự tìm đến đâu ? đen thôi chứ đỏ quên điii nha . đời thường giết chết kẻ mộng mer như mình .,1,0,0.3987902975293664
"nguy hiểm lắm , ngồi nhà lướt facebook thôi mà không cẩn thận thì mất tim lúc nào không biết",1,0,0.23436386193240896
per tập gym đi mày có người yêu đấyyyy =))))),0,0,0.03456320591796738
rõ ràng vẫn là một người mà cắt tóc xong nhìn đáng yêu vãi :v,0,0,0.0318975406886911
tuổi lồn hù được bố m,1,0,0.095628077561528
dume sởn gai ốc 😭,1,0,0.07195629603538836
giờ thì chả dám nhìn nữa hic :((,1,0,0.1716004655581196
"không phù hợp thổ nhưỡng , khí hậu . vậy mà vẫn tung hô , dải ngân để làm khổ dân . quả bóng trách nhiệm chẳng thuộc về ai cả . 😢😢",1,0,0.14508748572883243
khóc vãi 😭,1,0,0.22752865759016408
thề luôn con ngáo nó thích trêu mấy đứa sợ sợ như này =)),0,0,0.1294036983612374
bố mày đã sợ nhện rồi xem cái video này ... vãi đái :(((,1,0,0.15839061297851287
chỉ những người độc thân thôi,1,0,0.18808520774048118
giữ mãi lòng nhân ái các em nhé ! tấm lòng các em đẹp biết bao .,0,0,0.06792666770938081
hay quá,0,0,0.0015613890476826916
không cẩn thận phát là ngậm bả như chơi,1,0,0.09092209357105362
"trải qua một cuộc bể dâu , rồi bể ong ???? lót dép hóng :v",0,0,0.09516677738926187
xem mà rơi nói chuyện mắt khi ăn luôn 😭😭😢,1,0,0.13077742173718138
má :))) đoạn đeo mặt nạ kinh dị vkl :)),1,0,0.05640212283502151
mỗi tao thấy hồi xưa còn đẹp hơn à :))) bây giờ nhìn như bóng long xuyên vậy,0,0,0.055619003512025436
hạnh phúc . mà hạnh phúc của đàn ông thì khó nói lắm . kaka,0,0,0.028337707401555653
hahah thú vị ghê hen,0,0,0.06954136919104387
yêu quá ! xinh quá ??????,0,0,0.01480319844240492
đọc chả hiểu gì :( mất gốc rồi :(,1,0,0.2884234821934892
bức ảnh xuất sắc ❤️,0,0,0.04634289358398954
"có tớ nhé , bạn không cô đơn đâu .",0,0,0.28595932675972474
dăm ba con nhện nghĩ tao sợ (((=,0,0,0.22074075094995785
có tiền sẽ thấy các vị gọi là thượng hạng còn không tiền sẽ chỉ thấy vị mặn của mồ hôi + nước mắt,1,0,0.07955848519816837
"ước gì boss không co chân lên , tao vẫn sẽ nghĩ là boss thật khí chất =)))",1,0,0.054178971260202
per dạo này béo quá rùi :(,1,0,0.06433023986446677
"làm ca nào không quan trọng , quan trọng là có đồng bọn bảo yến nguyễn hạnh 🤣🤣🤣",0,0,0.04226670685594192
thật tình là rất xin lỗi anh ở trog video . hi vọng sẽ gặp đuợc anh để xin lỗi và tạ tội với anh . thật ra hộp quà trong video là của con lol per với người yêu nó tặng nhau dịp sinh nhật . híccc,1,0,0.08532237533403393
"sời , lừa làm sao được tao :))",0,0,0.09038836278156386
may quá tao không xài huawei kkk,0,0,0.07446666414727202
thôi thì đi xem avenger lần 3 để tránh nóng nốt chiều nay không mai mưa rồi hehee,0,0,0.15310448755601394
bác này nói hay,0,0,0.06447816546775464
đối với thế giới này bà lão chỉ là một ai đó . nhưng đối với ông lão đó bà lão là cả thế giới 😊,0,0,0.28024854447297676
pháp không còn khoảng thời gian bình yên nữa rồi,1,0,0.24549232305785343
"trời mẹ phim gì vậy thớt ơi , cười ná thở",0,0,0.10689024846386275
"tui thi ́ ch va ̉ i lă ́ mày ma ̀ ăn nhỉ ̀ u no ́ người lă ́ mày mọi người anh ̣ , bi ̣ lơ ̉ miê ̣ người",1,0,0.2347006173596604
dễ thương vậy chời,0,0,0.052200822701146364
bằng tuổi em các bạn đang ôn thi mà em phân vân không biết chọn trường nào :((,1,0,0.16697865993165018
"ngày xưa , ngoài thú vui chọc chó dí , còn chọc cho ngỗg rượt . cách giảm cân hịu quả nhất cho mấy đứa lười 😂. nhớ lại vui thật , đúg là thời sửu nhi .",0,0,0.057764053262593484
buồn hơn khi tôi còn là gái 🙄,1,0,0.2608669256246723
sau vụ 200k thì vụ 5tr này có nội dung hài hước y hịt :)))),0,0,0.02349994806424561
per không lẽ sau này kím bạn trai không tập gym 😖,1,0,0.09354447239727305
per làm gì quên được kkkkk,0,0,0.10996356056877585
tao của ngày này năm trước đang ước đừng lấy quỳ tím đem ra thử nghiệm . :(,1,0,0.08581825929808774
"giống hệt mình , nhưng bạn may mắn hơn vì bên này quyết trốn nợ tận cùng",1,0,0.17613275733100908
cái mặt hoang mang thấy thương 😆❤️,0,0,0.1802722077687165
"tháng 10 đến rồi , em đừng buồn nữa nhé ❤",0,0,0.2196622526781341
có đứa nào hồi bé không biết nấu còn tranh làm rồi quên không đổ nước như tao không :))),1,0,0.12790132749586972
trời má cute vãi lozzzz,0,0,0.0859711391436918
"quá bản lĩnh luôn , người đáng nể , tiếc là anh ấy sắp bị tử hình rồi",1,0,0.08067018802747983
ngày tao chia tay tao khóc quá trời luôn,1,0,0.13531866353807123
thật may em đã gặp được người tài xế tốt 🌸🌸,0,0,0.048723160195182434
per giống cái bữa mình viết ghê,0,0,0.14124138822374568
chưa có cơ hội nói cảm ơn và xin lỗi . vì chúng ta xứng đáng được bình yên,1,0,0.049411153652974264
các bạn đã xuất sắc hoàn thành nhiệm vụ,0,0,0.016615409364578435
định share mà đọc bình luận tắt con mẹ nó cảm xúc :(((((,1,0,0.13603787668950532
per kinh nghiệm nha,0,0,0.017699539364263474
chàng trai vàng trong làng bấm biển =))),0,0,0.09269744447949453
chuyện buồn quá chúng mày à . tao không dám đọc sợ làm quyết tâm có người yêu của tao lung lay 🙄,1,0,0.12402729740358479
giống chó này hình như không có lông ạ ?? chó nhà em lông rụng đầy nhà .. huhu,1,0,0.12620096717208937
chời ơi mới chụp răng 2 bữa trước về không ngủ được tới nay luôn,1,0,0.06383496854349704
trời ơi cái đoạn này em khóc tu tu luôn 😪.. trong khoảnh khắc rời xa một ai đó mãi mãi cơn đau thấu ngực trái huhu,1,0,0.2354483076006512
sao giốg với mình v . nhưg mình từ bỏ rồi người ta hình như cũng có người khác . từ đầu là do mình ảo tưởg thôi giờ thì tỉnh đi cô gái ạ,1,0,0.32529642643817214
tư duy của họ hơn hẳn 1 cái đầu 👍,0,0,0.05203192424539613
rất thuyết phục,0,0,0.03495015057523486
chỗ tao cũng có cây tình yêu < 3,0,0,0.06504448434204986
1 % kìa rồi ra cổng gọi thế nào :)),1,0,0.1092670888251367
hạnh phúc ghê,0,0,0.021272864371477827
ba ́ o giâ ̣ tao ti ́ tao la ̀ mày hoa ̉ người loa ̣ n ngươ ̀ i dân . haizzz,1,0,0.222438336986331
đm main mới hay quá đi,0,0,0.02311210374027764
per kỉ niệm nhất là những ngày trốn học cùng nhau đi xem phim 😂😂😂,0,0,0.011706202986124813
nhìn cái bà này tôi chỉ muốn xoạc bà 1 cái . sao bà không là con trai nhỉ . ông trời quá là trêu người rồi,1,0,0.16584848292636484
sư tử chứ dễ thương q . q gì,1,0,0.16044319181872432
trai tài gái sắc .. danh ngôn rồi tài sản chứ tài gì !! 🤣🤣,0,0,0.05898240535332319
"chịu hay không không quan trọng , quan trọng là không có ai lấy",1,0,0.15077845876008034
điên khùng . nhưng hahahah . nhiều tiền quá mạ ơi,0,0,0.10748105273120288
"thiệt là cao minh , hahaaa",0,0,0.0814447517694474
"đôi khi cũng muốn dỗi lắm , nhưng nghĩ lại đéo có người yêu mà dỗi",1,0,0.21768872550234075
trồi ôi mới đọc tưởng đâu người yêu,0,0,0.07202815292076957
em mình là con trai viết đẹp y chang thế này nhé,0,0,0.16355293733106133
"haha ,,, sao không kêu tao ..",0,0,0.07160544421992586
mặt tao như này ai mê cho nổiiiii,1,0,0.15059893872762303
"thứ yêu nghiệt , nhỏ g vẫn sợ nó nhất sau mấy con lắm chân t . t",1,0,0.06172662118117935
anh tây này đáng yêu chết được cứ tiếng tuy hoà phú yên ma học đi nhá ☺️☺️,0,0,0.11807547581780452
per sao bố lại đủ bình tĩnh để xem hết cái trailer này nhỉ . _ . sợ vãi,1,0,0.06995663259052574
"xem đi xem lại không chán , best của best 😭",0,0,0.09288900218749173
"cả đống người trên đường , mà nó chỉ dí mình tao 😭. t đã làm nên tội gì 😭😭",1,0,0.22370230101277017
chàng trai mạnh mẽ !,0,0,0.044001789706719384
tìm đối tác 😔,0,0,0.07699488643635843
thấy cưng gì đâu,0,0,0.08736921703273354
ngôn tình từ anh mà ra,0,0,0.05993550256696834
tao được thấy nói chuyện mắt của bố tao khi tao bệnh và khi tao lấy chồng,1,0,0.1621787581037741
không biết thật mà hix .,1,0,0.13973794373359344
per =)))))))))))) tao cười không biết chỗ nín lun,0,0,0.11896478173296426
cứu tao :(( tao sợ rắn,1,0,0.27035226208270774
bộ cuối nhìn đau lòng thật :(,1,0,0.07636713910447007
còn mình nhìn như thằng ngu,1,0,0.0977664008577446
thương chỉ sợ em không cho anh cơ hội thôi,1,0,0.19238561068091284
per má có điểm cho sướng vãi,0,0,0.07636375281273072
ôi không đừng vậy mà :((,1,0,0.06847970902785572
phim hay vãi ấy xem lâu lắm rồi,0,0,0.03931110742557668
chỉ cần 1 cây hoa . nói lên tất cả .. hi,0,0,0.3394176349202525
điều hối tiếc nhất cấp 3 là chưa kí lên áo của nhau 😢,1,0,0.024372712311149954
"ôi zồi ôi , nhìn cái mặt của ẻm kìa , yêu ghê :))",0,0,0.025333662853862474
chào tháng 10 !! tháng sanh thần của tôi .. hi vọng mọi chuyện tốt đẹp,0,0,0.21684082171270036
bây giờ tao lấy chồng rồi còn không có cơ hội ngủ với em gái 😫,1,0,0.3476513739402149
đáng yêuc quad 🤤🤤🤤,0,0,0.055592138165059105
có đứa nào đéo giật mình như tao không :))),0,0,0.13528673907978492
môn này đéo dành cho những người chân ngắn như tao :) bay qua chắc lọt mẹ xuống sông ^^,1,0,0.06967735272767317
góp vui cho chủ thớt 😂😂,0,0,0.03475868981218739
trông mặt buồn chưa kìa per :(,1,0,0.14437599307703067
30s mặc niệm bắt đầu ...,1,0,0.052929246393365964
"mà sếp cũng duyệt , cũng in rồi haha",0,0,0.11405756644569193
đm ngồi chờ đã rồi các tổng đài viên đều bận 😭😭😭,1,0,0.10451557854481051
con gái chả thế :)))) con trai đi dume mày có nhận hàng không,0,0,0.09918939208733987
ánh mắt thằng con muốn nói : cứu cháu hình như ba sắp ném con ùi,1,0,0.46129352313461336
"không được uống đã đành , ngồi dọn sấp mặt luôn , như con cáo và chùm nho xanh per",1,0,0.1584366480719965
"kỳ nghỉ hè muộn của anh mà , xõa hết đi anh .",0,0,0.03062064709671938
per chơi với con trai riết nên giờ đéo có người yêu nổi vì tính tình không khác gì con trai,1,0,0.10161881141451094
chán mấy ông thanh niên .,1,0,0.05247523869094952
má đáng yêuc quá dạyyyy ??,0,0,0.03938402664182313
phim này mới ra được có tập 1 thôi . hay phết,0,0,0.03363807833680284
mẹ đi ngầu chết mẹ đi được chứ kì quặc gì =)))),0,0,0.21740677823653262
"per mày nhìn thành long hồi này có thấy giống mặt anh chung nhung hồi xưa không :))))). thề luôn , tao thấy giống vãi 🤣",0,0,0.029568585466240298
t đã thử rồi mà dume vẫn la :)))),1,0,0.05708787899635129
thạ timmmmm đùa tao yêu mặt nó lúc ôm đầu vlllll xinh quá con ưiiiiiiii,0,0,0.10739998497347739
dự định tao là 28 nhưng giờ mà có bồ là bắt cưới luôn chớ sợ ế haha,0,0,0.09440976633397041
"chủ động nói chuyện , nhắn tin khi có time . nhưng đời không như mơ",1,0,0.1915980927667655
tuổi thơ của tôi =)),0,0,0.16027952522228486
"cũng tùy , đôi khi không cần vật chất mà chỉ cần động viên , san sẽ những khi con mình vấp ngã hay khó khăn trong cuộc sống thì ...",1,0,0.1733093272348489
khoảnh khắc tao nhận ra tao đã từng rơi vào hoàn cảnh bế tắc này 😌😌,1,0,0.2253522654244518
"per chị mày đánh lộn từ đầu làng đến cuối xóm thì cần chi bọn con trai , nhưng nhìn bọn nó dễ thương hén",0,0,0.16702266838271118
"crush một ai đó là điều không bao giờ có rồi , vì mình vừa béo , vừa xấu gái , vừa vv and vv . auto nhục 😞😞😞",1,0,0.18371079963000933
"chúng mày nhìn , tao nuốt cũng không xuống nổi , ông địa",1,0,0.1326400880217087
và rồi cô ấy sẽ mãi mãi không có người yêu =((,1,0,0.09019130990003964
"đau lòng vãi . cứ tưởng là đùa . ai ngờ , bồ nhau thiệt . ơ . tớ có sừng không",1,0,0.24322938789454024
nhiều khi nghĩ mình không phải con gái mà là 1 thằng đàn ông chính hiệu kkkk ....,0,0,0.21360607906189852
vẫn ế bền vững,1,0,0.03059003889340733
sao mình lại không xem được vậy admin 😭,1,0,0.1109946278361819
"khóc không chịu được luôn , và mình cũng sẽ làm được nếu phải đánh đổi tính mạng cho 2 cô con gái bé nhỏ của gia đình mình",1,0,0.2934019044461883
ảnh đẹp quá 😍,0,0,0.03377530906367176
ui còn chưa kịp đi xem đã rút rồi :((,1,0,0.1431271400461328
per bếp lò xo huyền thoại của ngoại hay nấu nè,0,0,0.027061546961969773
cả 2 kẻ này đều đáng sợ !,1,0,0.1773906702755746
muốn tạo ra niềm tin đôi khi bạn cần sự dối trá 😉,0,0,0.251009295946241
xài vietcombank sinh nhật cũng không được chúc luôn :((,1,0,0.06251928651589739
buồn cho số phận 😢,1,0,0.09846781405971335
"lâu rồi mới thấy trailer chất như lày , so excited",0,0,0.11997656653709314
quả mắt nhìn sợ vãi,1,0,0.04157479667223711
quê vải mà chưa được ăn quả nào . huhu,1,0,0.052551833332480036
chẳng bằng bố tao 13 năm tự nhiên hỏi bố biết tên con là gì không thì chần chừ một lúc rồi phun ra tên chị tao,1,1,0.5299671994096664
vì chúng ta không nên nói chuyện với nhau nữa,1,0,0.04108366862268326
"sợ vãi , mém xỉu",1,0,0.0894606541488627
"tự nhiên thấy tụi con gái khóc tu tu , thế là mình lủi ra ghế đá trước lớp ngồi . tự nhiên cô dạy văn cũng ra theo xong ôm mình khóc ,",1,0,0.41887192389527317
"bị ngỗng mổ sợ vãi_chưởng , hồi bé tao đã không sang nhà b tao cả tuần trời vì nhà nó mới nuôi ngỗng mà bình thường tao toàn ăn chùa cơm nhà nó thiếu điều làm con nuôi nhà nó nữa thôi :))) nhắc lại mới thấy sợ vãi",1,0,0.18912179056571446
mùa thu năm ấy cta đã gặp nhau ?,1,0,0.05784975388611246
thích :)))) đi làm vui hay không là có đồng nghiệp tốt đừng chơi xấu mình là được :)),0,0,0.01782584165399838
chỉ sợ lúc nó dí,1,0,0.2107136754667646
tao là thằng chưa bao giờ giận người yêu vì người yêu tao không bao giờ làm gì có lỗi hết,0,0,0.08467371749600419
ai sẽ cùng tôi mang nỗi đau này cơ chứ,1,1,0.5312801308383085
tao rất sợ mất đứa tỏ ra như thế,1,0,0.2706651929131246
rơi mất tim . nguy hiểm thiệt ^^,1,0,0.11393969431641969
phim này xem rồi ý nghĩa vài,0,0,0.06570867566712721
chắc học từ bỏ quá,1,0,0.1029059085998895
t đu ́ theo thôi :v tao biê ́ tao thư ̀ anh no ́ la ̀ shipper,0,0,0.10216733755899225
bởi vì gặp nhau sai thời điểm nên tôi mất người mãi mãi ...,1,0,0.2285245307768575
cưng ghê ❤️,0,0,0.06711917677090029
mới đi nhổ răng số 8 và chụp 😞,1,0,0.050530689756608946
chưa được đi pháp mà huhu,1,0,0.05543087715520077
"t không tiếc mấy ly trà sữa , chỉ thấy tội cho mấy cô lao công dọn dẹp mà thôi 😔",1,0,0.09566749309674669
qua chạy xe nẹt nẹt bốc đầu bố ai dám dô,1,0,0.2583636367560168
thế chân ngắn như tao thì phải làm sao với cái cầu,1,0,0.24159064566739186
đó là khi tao muốn cắn ai đó điên cuồng :),0,0,0.20630839905108694
"ước gì mày được quay về tuổi thơ , trước mày cũng có 1 b trai như vậy đó",1,0,0.16433343056052002
chuẩn luôn :3 độc vô tình bắt gặp thôi cơ mà giờ tao bị ăn bơ rồi 😭,1,0,0.19167217525146205
hình như sau boss bị chết ạ,1,1,0.6627647085446393
per thế mà cháu tôi không biết chơi 😭😭,1,0,0.2426085972568303
mẹ nó chứ xem xong mình khóc hết cả nước mắt,1,0,0.37654979110738235
chả mong gì nhiều chỉ mong về già được như hai ông bà ! 😊😊😊,0,0,0.2051579158047007
dăm ba cái trò nấu cơm này sao làm khó tao .,0,0,0.10186997805048405
"công ăn việc làm còn chưa ổn định , bố mẹ già còn chưa lo được thì kết hôn để làm gì 😪",1,0,0.22449752599685044
sợ vãi nồi tao còn tg thằng kia bay ra cơ :)))),1,0,0.07622195171412649
khổ nhất người có bầu,1,0,0.07985330513671302
thế thì nó lại tốt quá,0,0,0.030432626989330545
với mình đoạn mấy thằng đỡ đẻ là hay nhất,0,0,0.03314521781684782
mày xinh ghê vậy :d,0,0,0.08498083324639383
lâu lắm rồi mới nghe lại bài này 😀,0,0,0.0669691891453327
bình thương tao hay cười lắm . nhưng khi tức tên ... tao lại khóc . quá yếu đuối,1,0,0.29648863719348906
hmm hãy tưởng tượng nó là một chú gián xink xắm xoè cánh thiên thần bay đến ... 😞,0,0,0.1531716246199888
em chân thành nên em tổn thương,1,0,0.2909618870310714
ngày xưa hồi còn học mẫu giáo mỗi lần đi qua là nó rượt tao chạy té khói dume còn thiếu nước chạy lại quỳ xuống van xin nó nữa thôi . đến giờ nó vẫn là nỗi ám ảnh với tao :)),1,0,0.1777452256909182
ko 1 từ nào để diễn tả bộ phim này ...,0,0,0.07712712654536778
"per đó là lý do tại sao em luôn nói với anh , có gì cũng phải nói ra",1,0,0.21102252590769124
xem video nay sao mà sướng hết thằng người,0,0,0.031471706062797464
coi ảnh này nổi cả gai ốc,1,0,0.17964171931775086
cưng chết,0,0,0.456389453077498
thề dume c còn hết hồn nói chi đến khách =)))) sáng sớm ra mở cửa với tối đóng cửa thôi độ gan dạ cũng phải tăng lên mấy chân kính =)))),1,0,0.0835557414203258
"per trừ điểm , trừ điểm",1,0,0.1072525068277022
"chị ấy cười với tao kìa chúng mày , hạnh phúc ghê 😊",0,0,0.06946502513342907
lại đến giờ giải trí rồi mềnh ơiiii per =))))),0,0,0.05725014627516149
nhìn thôi đã đau lòng,1,0,0.14367534625997674
per có sub rồi nè . má coi đi coi lại vẫn mắc cười . với đưa anh stk đi,0,0,0.11166915567421233
câu được chục con heo vàng chả được cái gì,1,0,0.13107814604886858
thú vị vậy =)),0,0,0.042636489733700385
ngày xưa đi học đạp xe qua cứ tưởng được quay phim đưa lên truyền hình :)),0,0,0.0407416432177521
bằng tuổi người ta mình vẫn còn mải nghĩ chiều nay ăn gì 😢,1,0,0.09904986406072744
các bạn nữ đập đầu vào tường chết hết rồi,1,0,0.26592560021410666
cặp này lầy mà dễ thương,0,0,0.06530346321248867
nhìn hói mà thấy thương gê ??,1,0,0.03757170961023507
móng tay và tóc theo thời gian thì mọc càng dài tại sao chỉ có con chim là nó không mọc dài hơn nữa ta,1,0,0.18672181455011141
cao quá cũng khổ chứ sung sướng đéo gì 😓,1,0,0.14464055101358614
per một thời nè 😃,0,0,0.09995004834896441
tôi ở phú yên và anh này nói rất chuẩn < 3,0,0,0.056887318990573546
có đứa nào vừa coi vừa nuốt nước miếng như tao không ?,0,0,0.2561895879682388
đó là 1 câu chuyện buồn,1,0,0.1228172327732474
nó mà cắn ai 1 phát thì ... nghĩ thôi đã rùng mình,1,0,0.2652299212141916
không phải thích của cải mà là thích ý chí của họ . đàn ông có chí tiến thủ bao giờ cũng quyến rũ,0,0,0.07100203474779448
"có tài nhưng đôi lúc muốn làm diễn viên hài 🤣🤣🤣, khoái thanh niên này buồn cười vkl",0,0,0.15409869021337122
siêu phẩm để đời .,0,0,0.038903362178248115
đựng túi nilon là chất rồi 🤣,0,0,0.11445618699865362
😭😭😭😭😭😭,1,0,0.1316022352075195
đúng . biết là sự thật tàn nhẫn nhưng vẫn muốn biết rõ cho nhẹ lòng hơn :(,1,0,0.26197648549447916
"nhỏ thấy qua 1 lần , nó bị cột ngay trước cửa nhà người ta ở trong hẻm , mỗi lần đi ngang qua là nó lại định lao tới cà khịa",1,0,0.1408881399673546
per thần thái còn phải thua haha,0,0,0.181494722866082
per dã man,1,0,0.0711868233373733
"ở nói chuyện ngoài hộ không khì thị về giới tính , họ cho được kết hôn . chứ họ không kì thị như ở việt nam mình hai người kia họ thật dũng cảm khi sống thật với giới tính của mình",0,0,0.37581189564778994
tao đang chờ xem bà ấy được nghe nhạc ý mà hết video 🤣,0,0,0.0277080907327916
"1 bộ phim phải nói trên cả tuyệt vời , xem đi xem lại cả chục lần rồi mà không ngán",0,0,0.06246020348016727
tận cùng của tan vỡ,1,0,0.06499108515970915
làm kiểu không cần bẻ phê hơn =))),0,0,0.04493010128823122
còn gì đau đớn hơn cảnh này :(((,1,0,0.11965287914529464
tuổi thơ của tôi cũng từng có 1 người c . trai bỏ mặc tất cả để bảo vệ tôi 😘😘😘😘,0,0,0.3747446805758314
per ông xã xem khúc nó kéo xe chở con chó nè :)) đọc bình luận hài hước ghê,0,0,0.09089364625604707
đáng yêu như em tao ý . cứ mỗi lần nó quyết định ngủ ở đâu là nó lại đấu tranh tư tưởng 🤣🤣,0,0,0.18994807800651817
không có gì là tồn tại mãi nhỉ,1,0,0.30142584653909815
nhưng tôi đéo có bạn trai thì phải làm sao ?,1,0,0.3831432216439254
giờ mới biết =)),0,0,0.08320403711390523
cần gì những thứ xa hoa lộng lẫy đâu . dù chỉ 1 bông hoa nhưng đong đầy yêu thương nhắn tin đã cảm thấy đủ hạnh phúc rồi 😊😊😊,0,0,0.15494296285046422
hồi bé bị ghiền mùi này :)))),0,0,0.05765418612692449
may mà còn gỡ lại được 1 miếng sắt lớn của tàu hỏa nó bung ra nên bán đi cũng đỡ được vài đồng . kaka,0,0,0.07028464266347621
"đẹp quá mày , còn không cho tao xin ít",0,0,0.16568099663516123
:))) 1 phần của bài quyền là phải gẫy gậy và té sấp mặt luôn để đỡ bị đối phương đâm lòi phèo,1,0,0.04588527023421
chất lượng âm thanh bản này hình như nghe hay hơn bản gốc hồi mấy năm trước nhiều < 3,0,0,0.03719277659383197
hay lắm,0,0,0.024051478425708782
kết thúc 3 năm cấp 3 là khoảng tg đẹp nhất nhưng nó cho ta nhiều kỷ niệm đầy tiếc nuối 🤔,1,0,0.03855510950874251
cái này chỉ sướng mấy anh đèo mấy em ngực bự đi đường này nẩy tâng tâng,0,0,0.09164638889024057
ơ tao cũng học ông này hướng dẫn hay sao ấy :))))),0,0,0.03385512724326557
anh em để tao hưởng trước nào,0,0,0.11266139421902018
"giờ đây chúng ta , những con người của ngày ấy giờ không còn nữa ... những lời nói về mai sau nhưng ta đâu ngờ sau này chúng ta càng trở lên xa lạ",1,0,0.19440738108222347
lâu lắc chưa xem lại !!! 😳. một bộ phim vừa ý nghĩa vừa hài hước ! 👍,0,0,0.07341175452618458
e quê bg mà mùa vải còn không có vải mà ăn @@@,1,0,0.08961972946330517
"kéo bấc mòn cả tay , ma nghĩ lai thấy nhớ thời đó nhỉ 😂😂😂",0,0,0.08835246358046175
lấy vợ xong béo quá rồi . hình như ai cũng v à 🙃,1,0,0.16360547306338916
đi học về thấy bán hoa đây đường mà cảm thấy tội cho bọn có gấu ... lại tốn tiền,1,0,0.06835504488104391
"mọa , mình nhà thanh hóa mà đéo biết gì luôn @@ :((((",1,0,0.09597003502004396
đám tụi tao đi chơi xưa nay đều dọn sạch đồ mình kêu hoặc xếp lại gọn một chút cho người ta đỡ dọn .. cái này là sự ý thức thôi …,0,0,0.0598437796533454
xem không dưới 3 lần chia sẻ không dưới 2 lần nhưng mỗi lần nhìn thấy lại xem lại buồn,1,0,0.14017775181886163
per năm nay 2 đứa quyết định ngồi hay đứng kkk,0,0,0.07983962016711103
nắng cũng đã sắp tàn sao mà chả thấy em đâu ...,1,0,0.20272215541779684
bình tĩnh vãi_chưởng =)),0,0,0.03196089695406246
bà tao mất rồi :<,1,0,0.16819934839853207
"đuma tao đang ở đấy nè , vừa đi vừa ôm túi sợ cướp :((",1,0,0.2816809133350554
câu nói quá chuẩn và ý nghĩa 👍,0,0,0.06706310245287168
một bình luận của người trong cuộc . đọc xong thấy ấm lòng cho per !,0,0,0.11147130937037171
đã thử và rất thích thú 😆.,0,0,0.07407218343627381
tao tưởng nó té cái đùng chứ . làm ngồi chờ mãi mỏi cả mắt,1,0,0.3263486997673435
"mà hiệu quả bất ngờ quá , quá đỉnh .",0,0,0.02517393987775442
cuộc sống mà =)),0,0,0.17964878290458555
"nó gieo cho tao mầm hi vọng , hi vọng vừa chớm nở nó đạp xẹp lép sự hi vọng bằg sự lặng im",1,0,0.2627548565795518
đề nghị admin xóa bài đi ạ . chứ bố mẹ em sắp đi chợ về rồi ạ :(((,1,0,0.10945788934001366
mèo nhà tao cũng từng đi lạc vì bị chó rượt tưởng mất rồi . sau mấy tháng thấy nó trở về nhà mừng vãi 😁,0,0,0.36552070955427723
chắc phát khóc mất 😭,1,0,0.2822296987646726
chủ quán này xinh gái lắm nha !,0,0,0.029394438477241113
nghe bài này nhớ nyc vãi,1,0,0.015224208957901927
lúc rài không gặp được mặt cờ rút nữa 😪,1,0,0.15915144483437915
tao phải công nhận là nó giỏi vãi . từ đứa diễn đến đứa quay và edit video .. giỏi vãi 🤣,0,0,0.042577808848853545
cười đau bụng :))),0,0,0.11818433585571207
tê tê phê phê sung sướng vãi 😌,0,0,0.06057501352660992
tao có hiểu đéo gì đau,1,0,0.23519775026508427
rồi nhận ra chỉ mình là cảm thấy như thế thôi hả :(,1,0,0.2615984633847559
thôi mình nói đùa đấy :(,1,0,0.14511851403750028
thiệt là dễ thương quá đi mất . 💕,0,0,0.06917380563824478
ghê quá đi,1,0,0.03342231220379857
"thương tra ̀ o nươ ́ c mă ́ tao ... cuô ́ i cu ̀ người thi ̀ ban la ̃ nh đa ̣ o bă ́ c ninh đa ̃ lên tiê ́ người giu ́ p đơ ̃ ca ́ c be ́, du ̀ qua ́ muô ̣ n @",1,0,0.16773267838952832
cha mẹ tao còn cãi lộn nhau vì không biết ngày sinh tháng sinh của tao là dương hay âm 😢😢,1,0,0.12761647822592226
per đã nhẫn nhịn lắm ... đến khi con sen tao cứu tao thì tao đách có sợ đâu nhaaaaaaaa 😂😂😂,0,0,0.30510945335798334
"có bao nhiêu đôi ngôn tình , cớ sao lìa xa mình ta :((",1,0,0.1239254326237141
dăm ba chuyện hẹn hò có gì hay ho 😌 nhưng mà thi thoảng có dăm ba cái chuyện này cũng hay 🙂 tóm lại xem để giải trí đỡ buồn cũng tốt 🙂,0,0,0.06900379103934288
lâu quá rồi mới nghe lại bài này . từ lúc ctay mối tình đầu :((,1,0,0.1000748383200216
bị bắt nạt im re hà hiền khô luôn thấy tội nghiệp ai dè tới chừng ...... ha ha ha,0,0,0.08448674908293
dể thương quá ah,0,0,0.04132815342532261
chị em mình giờ nói ít thôi haha,0,0,0.23185970941647271
không biết nói sao ... nghiện chuẩn mẹ rồi ... crush ợ . mà nó nhẫn tâm lắm hồi trước còn hay call video . từ hôm tao cạo trọc y như là mất tích luôn . chắc phải để tóc mọc lại tao mới dám gọi . 🤭,0,0,0.13253021230826467
con dang yêuc qua ha,0,0,0.1983324297323334
pháp luật là bạn của nó rồi anh ah vì quen anh anh chị b trên quận ah nên em cũng sợ lắm ah :-(,1,0,0.05015000160135111
con lai xinh phết ??????,0,0,0.08367537261171366
muốn được đi một lần 😆😆😆,0,0,0.3299646146045608
đm tao biết trước cả sự việc kiểu lìn gì cũng có nhện nhảy lên màn hình . vì mấy năm trước cũng có 1 thể loại giống như vậy . đm hú nhồn,1,0,0.1549445120714785
t thích nhìn mắt của crush hơn là nhìn nó cười,0,0,0.045278406895094846
hihi : chúc mừng đại kỷ nguyên có lắm người yêu,0,0,0.014551521226313919
cần lắm những sẻ chia . cần lắm những thấu hiểu,1,0,0.110631779061087
làm ở đâu không quan trọng . quan trọng là có chị em tốt để tạo nghiệp :)))),0,0,0.034371071659471605
hơn cả bộ phim kinh dị !,1,0,0.033030263615061006
ngồi nhìn nó ngủ cũng thấy dth vler đừng nói cười 😌,0,0,0.11472536633460795
"kết nhất cái điệu "" xời quá là điều bình thường luôn """,0,0,0.036006527435006874
hời ơi ... cưng xĩu,0,0,0.09679025261660729
"thích chị này nhất phim í , bé bé xinh xinh lại diễn rất đạt :3 . hy vọng mai sau sẽ có bước tiến lớn và thành công hơn nữa < 3",0,0,0.02442301272677786
nguy hiểm,1,0,0.05382056273375654
per giờ thằng gù nhà thờ chạy đi đâu đây :(,1,0,0.12554937017726106
haiz nuôi được nuôi không thì thôi chứ nuôi mà để v coi được haizz,1,0,0.17830685940518842
lương cũng sắp về rồi 😉,0,0,0.08940221204048678
mình đã về đến nhà an toàn hihi,0,0,0.20582125774902077
trồi ôi bài hát đỉnh caooooo,0,0,0.018929658428476933
per anh tặng vợ cái bát nha kaka,0,0,0.025409016792485837
boss mắc bệnh nghiện vợ 🤣🤣😭,0,0,0.07481130166763038
vì tao hay bị chúng nó chọc nên thấy buồn,1,0,0.07769451139380965
ko biết crush bây giờ có ở nhà không nữa 😭😭😭😭,1,0,0.3283140705913845
per đem rác về nhà vứt luôn haha,0,0,0.06323051590864157
xem xong tao đã khóc rất nhiều,1,0,0.25987233182462316
"nước mắt tự trào ra , thật sự rất cảm động 😢",1,0,0.2659033392839525
không hiểu sao đoạn này rất kích thích trái tim hủ nữa của tao =)))),0,0,0.12101664218994711
nhìn cái muốn cong :d,0,0,0.11253593229124344
mới gọi điện thoại xong mới cười với tuii xong heheh anh đáng yêu vãi,0,0,0.05324378087820832
đi đường buổi đêm nhìn thấy hãi vãi ??,1,0,0.0450516722386935
"có ai lần đầu bắn kéo ngược ra phía trước đạn bay vào mặt giống tao không , đau điếng",1,0,0.30881992435325206
đôi khi có tiền cũng không đi được đâu vì đéo có ai đi cùng,1,0,0.23807447070449714
cưng quá,0,0,0.05521091153245088
khi cô đơn lòng em nhớ ai :((,1,0,0.3929197825869505
"cha quay phim cũng không phải dạng vừa , mẹ diễn viên thần thái vãi",0,0,0.05598355143567738
"1 câu mà người ta hay nói , đắng như vị đời 😌",1,0,0.0602630515116844
mẹ tao cũng thix em này 😅,0,0,0.23741743149844227
rất ghét phim ấn nhưng phải nói phim này hay 👍,0,0,0.06942288525042087
tôi trưởng thành vclll,0,0,0.16405472667612378
hy vọng sẽ mau tìm được anh người yêu thật tốt để 5 năm sau có một gia đình như vậy ❤️❤️,0,0,0.06876983058357349
thực ra chủ nó cũng bẩn vãi :) vầy quá kinh dị rồi :),1,0,0.05877963191053052
cuộc sống là cho đi ❤ đôi khi chỉ cần được thấy họ cười là bản thân thấy vui rồi ..,0,0,0.462352487694466
cực kì bản lĩnh lẫn liều lĩnh,0,0,0.09364144066191575
tôi còn chẳng lấy ảnh lớp cho nữa,1,1,0.6160077546247574
nấu cơm như vậy xong đi lên nhà xem hoạt hình .. đến lúc hết phim xuống để xới cơm thì .... khét lẹt,1,0,0.09246825774929779
tớ có thấy con ngáo đấy nhưng không dám lại sờ huhu tt,1,0,0.33588688610640455
muốn share về mà sợ bị bạn nè phẫn nộ quá,1,0,0.21857233045741556
kiểu lâu lâu cũng không được nhắn tin cho ai như thế nên cũng muốn tình cảm xíu =)))) biết đâu,0,0,0.3357175694618084
tao tháy gái nguy hiểm vãi,1,0,0.0535171100396466
câu hỏi thú vị 😃😃😃,0,0,0.1423629948819004
đcm ác mộng,1,0,0.11579628852632606
xem phát khóc mẹ luôn 😭😭😭,1,0,0.16545095296183143
"per nhớ ngày xưa gần nhà mày có đàn ngỗng , tụi khốn nạn đó toàn đi dàn hàng ngang chắn hết đường hết lối , mỗi lần tao đạp xe qua là rượt tao gần chết :v ám ảnh vãi",1,0,0.3342796089050063
crush của tao đi làm rồi . hihee . sáng mai mới về cơ 🤣🤣,0,0,0.10660961513701576
dễ thương 😂,0,0,0.048516904145496705
khổ thân vãi :)) xong bà lườm luôn :)),1,0,0.05702810966925027
có con gái thật tuyệt ! 😍,0,0,0.04808422977343159
"nhạc buồn quá . bài này là bài "" chia tay trong chiều hoàng hôn nắng úa màu "" - justin bieber cho bạn nào chưa biết nhé . :'(",1,0,0.06033510481391059
mày giận lại tao hả tốt quá bố mày được đi chơi game rồi . tối về dỗ nó sau . chờ mãi câu giận của mày :)),0,0,0.13213851245813088
đag bị cuồng mấy video của chế này . ai có ngoài video này tag cho mình xem với nhé 😂😂,0,0,0.10190017191067782
nhìn dáng đi mà nhớ ông nội 😞,1,0,0.020790191061157558
per hihi nhớ không,0,0,0.050338856112571634
3 giờ sáng nằm xem xong khóc miên man 😢😢,1,0,0.23579719772689
đm trí tuệ vãi,0,0,0.043713505754178664
"sau khi kết hôn , anh sẽ thuê người giết cô để hưởng trọn tiền bảo hiểm 😌",1,0,0.07653968574005333
"đó là lý do tại sao tao chẳng bao giờ đi hùa mấy bài bóc phốt , xem cho vui rồi lướt thôi :))",0,0,0.10128408186918657
t phải tìm bạn trai là nhiếp ảnh gia mới được 😆,0,0,0.12981011378798119
hình như anh nay đóng phim ngây ngô thì fải ... phim đó hay lắm các bạn nên xem,0,0,0.022436345957973065
cảm thấy bị tổn thương,1,1,0.688503303015785
động lực của phan con gái,0,0,0.14457792593628002
anh ấy không thương tao,1,0,0.0728812160238826
ha ha ❤️ chất lắm,0,0,0.038077008448586865
yêu chết đi được .,0,0,0.2418837434414762
một cách bán hàng nta gọi là đẳng cấp,0,0,0.07072743824167527
cute vậyyyyy,0,0,0.05742736756569617
"bắt cóc như chơi đó mậy , be careful",1,0,0.10690678019050225
xem đi xem lại vẫn hay ;)))))),0,0,0.017609939034638408
không biết s chứ ngày lúc 17t tao đi phục vụ phòng karaoke ... mình tao 2 phòng chạy qua chạy lại mệt quá vì xỉn ... kkk . thế là tao nghỉ trong ngày đầu vào phục vụ karaoke .🤣🤣🤣,0,0,0.35149964278890006
nghe quả tên nó đã khét vãi rồi . :))),0,0,0.06342579974595526
cho nó cắn phát xem có thành spider man không 😂,0,0,0.059997559286744426
nó ốm nhom thương ghê :(,1,0,0.0775324821110828
trẻ trâu việt nam thật đáng sợ,1,0,0.1371408294018191
per hóng phim này dụ dỗ mọi người xem tiếp nè anh :v,0,0,0.04939527676625203
cíu tao khỏi hai tên đồng nghiệp bị crazy huhu,1,0,0.12221290356438182
tuổi thơ mình lớp 4 đã cảm nắng 1 anh chàng từ 1 viên phấn vôi .,0,0,0.1945455602654215
"per chưa bị rượt mà đọc bình luận thấy sợ quá , chắc tao sợ chó không là gì với con này :)",1,0,0.16201241734101
người ta có bạn bè nhìn vui thật,1,0,0.031035805784484276
"đã dùng , nhớ quá ngày xưa",0,0,0.047715733244040826
tiền mất tật mang . xe đã nát rồi giờ còn phải đền cách cửa cho tàu nửa,1,0,0.2239886882816817
người gì đâu mà đẹp trai hết sức !,0,0,0.08593580113414975
"haa ... haa ... ! đúng là có thay đổi lớn ! ngồi nhâm nhi ly cafe , phì phèo điếu thuốc nhìn thiên hạ cũng vui kkk ... !",0,0,0.0805756368835175
"tao toàn thế giận tao tao dỗi lại , lại phải dỗ tao . hahahaha",0,0,0.13724928850160298
lại công cốc rồi . cả thế giới kì vọng,1,1,0.5169723622536422
ước gì tôi cũng được kiên trì như anh ấy để dạy con gào mất nết nhà tôi 😪,1,0,0.20057065874297836
lạy ông nào nghĩ ra kịch này !!!,0,0,0.13541217954220838
đứng trước mặt nó tụt quần ra auto hết giận,0,0,0.15697465398634006
công nhận 😌😌😌 đồng nghiệp hạp hạp tí có khi ngồi buôn cả ngày bám hơn cả bám người yêu . đi làm hôm nào cảm thấy hôm đó ý nghĩa vãi,0,0,0.10160410232683448
chủ thớt sấp mặt rồi,1,0,0.07727009759040625
ngày ấy cũng từng như vậy ☺️,0,0,0.13318463691192856
quan trọng là đỉnh ^.,0,0,0.044509555358085914
"mình chưa từng thấy phim nào ý nghĩa như phim này cả , nó dạy cho ta về nhiều mặt trong cuộc sống , khi vui , khi buồn",0,0,0.2792273700482295
tính ra con bé đó chuyên nghiệp ấy chứ,0,0,0.04557619834094781
những người thả phẫn nộ xứng đáng là thiên thần . dăm ba cái yêu đương vớ vẩn . ahuhuhu,1,0,0.036224390576453956
"per anh nào nhắn vậy là tao yêuc luôn đéo suy nghĩ , ngọt vãi",0,0,0.11001183740567085
đm cười ĩa,0,0,0.31447366510894376
nhớ tới mối tình đơn phương !,1,0,0.05456963886981325
mỗi lần có video của con là cứ coi đi coi lại hoài . cưng con quá .,0,0,0.12171314045887766
là do bản thân tao ngu thôi,1,0,0.26218726304690737
per đã hiểu tại sao thằng bạn mình đam mê gym .. thì ra đây là nơi nó được sống thật với giới tính của mình ..🤣🤣🤣,0,0,0.3248675414357913
"3 idiots , bộ phim rất đáng xem",0,0,0.02232812892717168
"cái quá phơi lúa xong mưa , tao đang cười vì bà béo thì phải ngậm mồm .",0,0,0.12035885832742589
nhà tôi còn nè,0,0,0.30196978672054714
"mấy anh làm video đầu tư ghê , nội dung diễn xuất hay",0,0,0.009438170666364369
"kinh nghiệm được truyền lại là khi nào nấu xong bỏ tí "" tro "" vào lần sau không phải nấu 😊",0,0,0.0912477775823146
"đó là 1 câu chuyện buồn , tao không có bạn trai hix hix",1,0,0.13031401118535374
haha . dễ thương gê 😊😘😘,0,0,0.04897906077075363
"đúng vại , với ai nó cũng tỏ ra như thế . hihi 😂",0,0,0.22681567065272468
hạnh phúc phát khóc,0,0,0.07165288522604306
ông thần tài cũng không dám ăn luôn,1,0,0.21752814329773168
thương quá . géc nhất những người nuôi chó mà không chăm ... tội cho kiếp em nó gặp phải 1 người chủ như vầy . thân thương !,1,0,0.09020644339139813
"hồi nhỏ hay bị ngỗng rượt , vừa chạy vừa khóc la 🤣🤣",1,0,0.2816872689431385
1 câu chuyện buồn :)) khuôn mặt biểu cảm :((,1,0,0.12328752177528238
đúng là tốt quá lai thành lạm dụng 😶,1,0,0.08664172783416986
ngô ̀ i đo ̣ c bình luận chu ́ người no ́ tag người yêu va ̀ o ma ̀ sô ́ người mu ̃ i la ̣ i cay =)),1,0,0.06509799209794563
hôm qua tao cũng xem chục lần :))) bài đếch gì hay vãi :)))))),0,0,0.03402604733301689
cmt thế thôi chứ thật ra còn trả dám ấn vào video để xem . đời tao tởm nhất là lũ nhện mà hay gặp vãi :((((,1,0,0.1037440681782979
tưởng mai đi họp phụ huynh mới bị u ám . ai ngờ hôm nay mới biết điểm anh 9 . 5 thôi đã u ám rồi :),1,0,0.2929434190752752
cả tết được có 400k :(,1,0,0.10212919197525662
xem xong thấy buồn quá,1,0,0.07759562883052616
mai đến phòng đi tập luôn,0,0,0.11623397854756078
per ông đó có đôi mắt đẹp ghê,0,0,0.07095687324033897
tao đéo ghê con rắn tao ghê mấy cái trồi lên kìa :))),1,0,0.0929235528423368
"mới đầu mày sẽ thấy vui , từ từ nó quậy cho mày ????",1,0,0.2022420856528241
tanh bành cuộc đời rồi,1,0,0.17883326249168605
cảm giác vừa uống cà phê vừa hát mỗi ngày bình an lắm,0,0,0.22905639246800608
dm . đồ dạo này lắm tạp chất hay s í nó đéo phê nhg mà vẫn bị ngáo,1,0,0.06885304311445402
đến giờ tao vẫn chưa biết biển là cái gì ad ạ .,1,0,0.12054863234326232
là đi phát tờ rơi ngay mấy ngã tư và cổng trường đại học ! được 200k về mua skin yasuo siêu phẩm 2016,0,0,0.050146337692334265
có ai xem xong không sợ với không giật mình như tao không @@,0,0,0.27456290964321683
nổii da gà hic,1,0,0.09053524971117097
bạn trai người khác không bao giờ làm tao thất vọng =))))),0,0,0.13759324800380074
cám ơn các anh,0,0,0.008706587228113842
tuyệt thật,0,0,0.034630242903871324
crush bị thịt hay không không quan trọng . t chỉ sợ vợ tao đang bị thg nào đó gạ địt thôi . nghĩ mà buồn,1,0,0.4172387628707544
per có nên áp dụng với anh hàng xóm không nhể 😆😆😆,0,0,0.1717029082756978
t chỉ sợ cảnh đấu kiếm :((,1,0,0.09789046973271416
bà của tôi đã không còn khi tôi còn chưa biết gg là gì,1,0,0.3628451470969786
"mỗi ngày đi làm về , tôi không vội vào thang ngay mà thường ngồi sảnh tầm 20p chỉ để ngắm gái xinh cùng tòa 😆.",0,0,0.17093731235174844
đau còn hơn tỏ tình bị từ chối per,1,0,0.2652706070107206
khổ thân em nó . ??,1,0,0.2610980934111898
nhìn đoạn ổng tránh nó cắn mà nhảy tưng tưng rất chi là điệu nghệ và mang trong đó cả sự tấu hài nữa 🤣🤣,0,0,0.14722156674433426
per cười tức bụng nà vợ 😄,0,0,0.17561828922729839
hôm nay thật tệ :((,1,0,0.16430298347415906
người ta đỗ giữa 2 cửa thế kia là rất ý thức rồi,0,0,0.0653035651091951
nhìn mặt con chó tội vãi,1,0,0.09870408104258584
đã khóc . cha mẹ là người luôn yêu thương minh nhất,1,0,0.10269854287355684
nó lại hợp lí vãi :v,0,0,0.0525054817664182
may nó không đâm cho lòi ruột,0,0,0.08027234359440517
và người đó đang ở nơi đâu về với em đi . đợi người rồi người sẽ đến chứ ?,1,0,0.2093436462276915
"tui ở tuy hòa , phú yên mà chả nhận ra luôn .",1,0,0.05245083476107122
con thương ông quá,1,0,0.10572463750225888
mặt ô kia khát nước nhìn buồn cườ thế 😂😂,0,0,0.16206253638635854
e vừa bị điện cao thế giật hôm 17 chạp . bh nhìn cái ông này mà sợ .,1,0,0.12048114867702342
hihi lâu lắm rùi mới thấy nó,0,0,0.08240744178072548
"phải chi có ai đối với tao như này ha . nghĩ lại , mình không bằng cả chó . aiyo ....",1,0,0.4218823343008291
"như đi hiến máu chẳng hạn :3 , suýt thì được gặp :(",1,0,0.2898805191984529
"thương các bác quá , vất vả 10 năm trời mà bị như vậy 😭",1,0,0.11737141142620985
cưng quá trời luôn,0,0,0.05667750126124903
mua con lợn 5 chục lì xì được có 40 nghìn mất thời gian tốn cả tiền bạc 😂,1,0,0.11977017058929809
đã từng xem em là tất cả . mỗi khi mỏi mệt về thấy em và con cười là anh hạnh phúc rồi,0,1,0.5455115230844378
đầu óc đến giờ vẫn còn nặng và đang né tránh mọi người .,1,0,0.3262498202798225
per bit cái nay không . hihi,0,0,0.08257739933118663
tội em vợ thế :(,1,0,0.16846176921043646
tôi từng được sống . nhưng đấy là truyện của năm ngoái rồi,1,0,0.22241170329864668
per không biết còn nhớ tên tao không nữa 😑,1,0,0.23434317614688194
"hồi lúc tao ăn lạp xưởng mắc xương , nói mà cũng đéo ai tin . tao hiểu cảm giác của mày lắm ?",0,0,0.42107825876452787
"cái đáng nói là chủ không có thương , dòm em husky này ốm nhom , mắt lờ đờ thấy tội lắm",1,0,0.13423657474101555
nhìn em mà thương roi nói chuyện mắt,1,0,0.1483063098431124
hu hu đã bị chụp,1,0,0.10856080235174036
:)) bật nhạc lên và quẩy thôi,0,0,0.025562843609383386
"chuẩn . tao mà chơi hoặc làm việc cùng bọn con gái tính công chúa một thời gian thì tao ngày nào cũng sờ troét , sau đó bị trầm cảm .",1,1,0.5824817989821537
aii may mắn thì có vị ngọt còn aii thiếu may mắn thì họ chỉ toàn gặp những vị cay vị đắng của đờii :)),1,0,0.10305214967044868
lúc đấy là mình mình cũng lắng liền rồi chắc trào nước mắt mất,1,0,0.36829018394032537
mới ho mà đã như thế nào thì lấy chồng chắc sống trong bệnh viện cả đời mất thôi,1,1,0.5336430307002327
chạy ngay đi 😒 trước khi bọn chủ tịch vào đây và giả làm con cặc gì đó rồi bị coi thường và chúng mày phải nhận cái kết đấy !!,1,0,0.08472895501725446
tao dễ thương nhưng vẫn ế đây này mơ mộng ít thôi,1,0,0.23663618626950256
"ngày trước đi mua cái này cho chó của đứa bạn thân . mà 2 thằng thử xong phê quá quyết định mua mỗi đứa 1 cái , và chó 1 cái :))",0,0,0.02997779068873863
bản thân quá hạnh phúc khi trong cs này rất . rất nhiều người mơ ước được như mình hiện tại . 😊😊😊,0,0,0.211062339759993
h chỉ pk nhìn họ bên người khác :((,1,0,0.08862056034693025
per =))))) hahaaaa,0,0,0.049715997166216996
đau lòng lắm khi tối nay chồng tương lai của tao lại cống hiến sức lực để chăm sóc vợ thằng khác ..,1,0,0.2689921335559427
per về xem anh :v đái ra quần chuẩn mẹ rồi,1,0,0.08352462636584079
mày không được ăn đồ chua nhưng phòng toàn xoài chua :(,1,0,0.25657420629532596
phim này rất hay . tình cảm nhẹ nhàng . toàn zai đẹp . hehe,0,0,0.025628054626758257
khi nhỏ còn bị nghiện mùi khói này nữa chớ . 😄,0,0,0.1508124901367262
"vietcombank 1 tháng trừ hết 22k phí inter với mobile banking , dù tháng đó kau chả xài tới cái nào :((",1,0,0.17729782751638715
per =)))))) hít đi cho no chứ mắc công lại chửi tao không biết điều giở trò trước mặt cẩu fa như mày :),0,0,0.19566652705365584
dume cười muốn chết người ta ~~,0,1,0.7342257542137428
why ???? ai đã cướp boss 6 múi của tao vậy 😭😭😭😭,1,0,0.15831569208609514
"đã từng nhưng 10 năm về trước cơ , buồn ghê",1,0,0.26445560359149123
"giỏi mà 😁, đúng là thằng tây duy nhất ở vn học tiếng việt mà giọng tuy hoà ( giỏi )🤩",0,0,0.027112766662750074
"có hôm nó lo đọc cho mình nên không chép kịp bài , cô giáo bắt phạt đánh đòn cả hai đứa . năm sau bạn í chuyển trường mất , nhớ bạn quá !",1,0,0.060179557605129254
per đợi rụng răng rồi anh tặng quà cho em luôn háy . hhha,0,0,0.042343088789316995
tìm mọi lí do để có thể chạy xe ngang nhà nhìn nhà nó phát xong cười mãn nguyện đi về :)),0,0,0.07151458137757645
phận làm trai nào sung sướng gì 😂,1,0,0.10459951253255682
buồn cho 1 đất nước .,1,0,0.08496773805780472
"per 2 con hay cap màn hình nhất thế giới , nói chuyện với nhau toàn cười ỉ 🙄🙄🙄",0,0,0.13047932585721372
hy vọng mọi điều tốt đẹp sẽ tới,0,0,0.11642139102193558
có ai xem đi xem lại như tao mà vẫn cười đéo nhặt được mồm không ạ :)),0,0,0.1085872175819522
cứ thấy nó là ăn không còn xác thì lấy gì chúng kịp phá . nhìn thèm ứ chịu được 😔😔😔,1,0,0.0809061268688912
nản kèo vãi,1,0,0.09316095688271928
vì yêu người khác nên biết là ngu nhưng vẫn làm :(,1,0,0.07991383991718624
nhỏ nhặt nhưng ý nghĩa và hạnh phúc 😊,0,0,0.05637573980653994
chúc trump chuyến bay thật may mắn nhớ tới thăm hà nội nhé xin chào,0,0,0.02730585140994507
chắc kiếp trước gieo nghiệp kiếp này phải gánh thôi,1,0,0.07435788819752095
"ôi mệt quá , một ngày buồn tẻ",1,0,0.4573548716590708
"thôi không níu giữ kí ức xa vời , và chẳng bao giờ thuộc về nơi em",1,0,0.1539213512769857
có cả chiêu của per trong đấu trường thú nè :))),0,0,0.06163541151456937
chẳng hiểu sao tao cười sặc sụa,0,1,0.54363592244617
địt mẹ đời tao,1,0,0.20261945616414004
đúng là nhân tài luôn ở khắp mọi nơi kkkk,0,0,0.060071323056403995
có tiền chưa chắc đã ngọt nhưng nếu không có tiền chắc chắn là đắng .,1,0,0.0580653525556503
per có thằng bị tao bắn từ đó không thấy họa mi hót nữa luôn,0,0,0.16374730938196722
khuôn mặt đáng thương,1,0,0.08471405406987666
kinh khủng thật :((,1,0,0.09846090174789167
mày lấy sỏi xếp thành tên dume khôn như tao này .,0,0,0.19443730437140347
tao thì muốn là đéo bao giờ . nhưng mẹ tao thì muốn ngay bây giờ 😢,1,1,0.5480991401987588
em vẫn nhớ cái bếp này kkk,0,0,0.05160627922489839
có ai không sợ nhưng giật mình như tao không :) dumehuhonchimen,0,0,0.27114222257990256
diễm quỳnh haha em không biết,0,0,0.11678622668868084
clm đêm rồi tha cho tao 🙂 tao đéo muốn chạy xuống dưới nhà hoặc là nhịn đến sáng mai đâu 🙂 con gì thì con kệ mẹ 🙂 đừng nhắc đến nhện 🙂,1,0,0.2923891486389514
"hí hí . tiến sĩ cừu , thạc sĩ cừu ... chẹp chẹp 😃",0,0,0.07850162402160579
chưa khi mô biết cảm giác đi nhởi trung thu với người yêu như răng,1,0,0.1233431497318376
khá quá nhể :))),0,0,0.02824364858796358
tình anh em thật đáng khâm phục 😍😍😍,0,0,0.04237596258598467
ngày trước mình qua singapore cũng vậy . dư hành lý 2 chi em mă ̣ c 4 bộ lên người kkk,0,0,0.1264298864131012
cứ sợ rớt điện thoại :)))) sợ nhất là lỡ khúc nào khó là té không thể tả nổi,1,0,0.10578276080207837
"ôiii vãi , dume nhìn thôi tao đã sợ rồi . từ nhện nhỏ đến nhện to không con nào là tao không sợ :((",1,0,0.2589174649656641
chủ như này lại chăm làm vãi =)),0,0,0.0652602491933074
per nhìn nó gớm những vẫn khoái coi . thú vui biến thái dễ sợ,0,0,0.09358736048990639
âu cũng là kiếp người . tại sao ông trời lại đày đoạ con người ta đến như vậy,1,0,0.1775368440915727
"per hồi học đại học , điện hỏi xin tiền bố , bố ra ngân hàng gửi tiền rồi điện em hỏi stk rồi hỏi "" tên mày là gì ??"" 😭😭",1,0,0.17087070790978742
"tao cưới rồi , cưới nữa cho vợ tao chém tao chết à",1,0,0.2683241775451471
gì mà ghê vậy 😑 sởn gai ốc,1,0,0.060108202505892244
moá . tao muốn chết quách cho rồi,1,1,0.5603846350572391
nói thật :)) tao chỉ buồn cười khi chúng nó chia tay thôi :)),0,0,0.12014906452503585
"những hành động đẹp , đáng được trân trọng , và sẽ được lan tỏa ở mọi nơi , thật tuyệt vời 😍",0,0,0.0293600704246228
nhìn mà nổi hết da gà,1,0,0.07033913722145395
:v tới đây đi anh chịu trách nhiệm cho :v,0,0,0.05899764427152714
chúc bạn thành công < 3,0,0,0.024216174275607398
"per lại nhớ chiều nay , buồn cười sấp mặt luôn . :v dù mệt nhưng ngày nào tan làm cũng muốn được đèo đưa đi ăn kem , ăn đồ chua , ăn miến trộn như hôm nay cerrrr :v",0,0,0.4367924659377846
"thấy bảo sang năm được tủi , nhưng mà năm nay vẫn chưa có người êu",1,0,0.10873459256620145
"khổ thân người dân , trước dự án cao su là dự án cà phê , làm thêm dự án nữa coi như một đời bỏ phí",1,0,0.1703637039287319
trong mv mà có tao đứng dưới mưa nữa thì buồn phải biết,1,0,0.30132775373550663
đố ai định nghĩa được tình yêu . có khó gì đâu một buổi chiều . nó chiếm hồn ta bằng nắng hạ . bằng mây nhè nhẹ gío hiu hiu 👏,0,0,0.06845828225936758
sợ nhất con quỷ này trên đời,1,0,0.16350325168850025
tự hào ngồi mâm dưới,0,0,0.169820475249388
10 đứa bạn thì có 9 đứa là con trai rồi . sau nhiều năm kinh nghiệm thì chơi với nhiều trai thì sẽ bị ế muôn đời muôn kiếp . haizaaa ...,1,0,0.1808580233427966
"làm bác sĩ sướng thật , bảo cở là cởi , bảo cưới là cưới . lắc đầu cái là cả nhà khóc .",0,0,0.15697257544052376
đầu mùa chua chua ăn ngon vãi_chưởng . thích vải lắm luôn . trong khi nhà toàn nhãn .,0,0,0.1559310604937023
chị ấy được đào tạo qua lớp người nhện bắn tơ nên không biết sợ 😂😂😂,0,0,0.10213732332263258
xem mà cuối phim thấy tội chị ma nữ 😂,1,0,0.032237206758410644
😐😐 phê hơn lá chuối,0,0,0.045218737745057004
bên đây thấy yên bình hơn nhỉ,0,0,0.055330093909355164
cần lắm những nhà tuyển dụng như vầy :)))),0,0,0.06274361759811341
một giây rung động con tim :))))),0,0,0.0631657251093544
nhìn giống hai anh đang tỉnh tò với nhau ghê ( mình là hủ đừng ném đá nha 😅😅😅),0,0,0.055763262194559786
chúng ta thật hạnh phúc và luôn đi chung với nhau suốt chặn đường dài rồi đó nà ?,0,0,0.024003489112587754
mong bé sớm được mua lại,1,0,0.09467609134676712
sao lại bất công thế,1,0,0.13200255197670677
"một lúc nào đó chúng ta sẽ không nói chuyện nữa , lúc đó có lẽ em thật sự đã buông bỏ được rồi ...",1,0,0.299258181080248
học xong 12 như hết thanh xuân có lẽ phải bỏ lỡ 1 người,1,0,0.07316358139629676
"cv không áp lực , môi trường xung quanh mới dễ tạo áp lực",1,0,0.4141161385418624
"ngày xưa có đĩa phim này . bố đi công tác về thấy cái đĩa tên là "" cô dâu 15 tuổi "" . má ăn chửi sấp mặt ...",1,0,0.15416945635705978
per bị chì chiết từ 6h sang đến 23h phia . vẫn sống vui 😊😉,0,0,0.17569979263847924
e thắc mắc là cố gắng 1 năm mà rủi ro khách hàng hay bên nhà sx dây không cảm động là ăn cám ạ 😌,1,0,0.10068814500902701
cưng xỉu ~~??,0,0,0.07670238165344467
chắc là uncrush thôi . bố mẹ thì còng lưng ra làm cho con đi học .,1,0,0.18870427889088867
và sếp tốt có thể giúp ta vui vẻ từ sáng thứ hai cho đến tối chủ nhật 😀,0,0,0.06559775828368124
hay lắm chàng trai trẻ,0,0,0.0416649673399193
"đang coi thấy nghi nghi , tắt vô xem bình luận , đoán ngay là sẽ giật mình , nên thôi không xem nữa haha , dễ gì bị dụ haha",0,0,0.2524578274964978
chưa bao giờ b đến đích là gì cả,1,0,0.10164048089872738
không cướp ở đâu đi cướp ngân hàng của nhà nước 🤣🤣🤣🤣,0,0,0.10723135851252649
nhiều lúc sợ bị pê đi,1,1,0.6009058964825261
dù thời tiết nóng bức ... nhưng ăn vải vẫn là ngon nhất,0,0,0.11078096929788667
bà tôi giờ mất mấy năm rồi giờ lớn lên rồi mà chả tặng được bà món quà nào cả 😭😭😭,1,0,0.3401841347152056
chỉ mong thương nhau đến đầu bạc răng long . vậy là đủ 👌,0,0,0.1099077498499607
éo biết sai hay đúng nhưng thanh niên này chất .. bản lĩnh bình tĩnh !!,0,0,0.035483326528749824
"fa lâu năm có biết 14 / 2 hay 15 / 2 là ngày gì đâu , chỉ biết là ngày đi làm về và rất mệt",1,0,0.3286853327201623
nụ cười của crush kích thích vãi :)))))),0,0,0.08864693473392414
tao cười tao ỉa =)))))) hâhhahhahahahaha,0,0,0.10130237508112999
cái cảm giác nhìn người thân mình khổ còn mình lại chẳng làm được gì giúp .,1,1,0.544708706704338
may mình đi làm rồi chứ 10 năm trước chắc sẽ phát khổ với bố mẹ vì mấy tin con nhà người ta như thế nào,0,0,0.3551412122874838
"moá nó , cười đau hết cả ruột",0,0,0.24861466613248448
tuyệt vời quá cần nhiều tấm lòng tốt hơn nua thật là ý nghĩa,0,0,0.0270829916156116
"tên của tao nghe rất bình thương , không có gì đặc sắc nên nhiều khi nghĩ cùng buồn tẹo .",1,0,0.22440054746803456
nhanh lẹ hiệu quả cao 😂😂,0,0,0.01975068283184972
được đấy tao thích,0,0,0.0668518880983249
"chúng ta những tháng ngày sau đó vẫn gặp nhau , vẫn nói chuyện nhưng không phải những cô cậu của hồi c3 nữa . chúng ta đều khác",1,0,0.04116789858076711
tao còn độc thân này :((,1,0,0.2686076712822056
"ám ảnh vãi :)) hồi bé tao với chị tao trên đường đi học về thấy có mấy con ngỗng , thấy hay ra nhìn thử dume xong nó dí tao với chị tao về gần nhà :)))",1,0,0.0791317467285205
"nhiều kỷ niệm đẹp , giờ nhìn mấy đứa nhóc đi học mà muốn quay về quá khứ .",1,0,0.036145101082276004
"chắc ông chồng hạnh phúc lắm khi sống chung với người vợ như vậy , những đứa con chắc cũng yêu mẹ họ lắm ! mà thặc ra là giống với mẹ tớ lắm kkk",0,0,0.11654972331287188
tao sẽ chỉ tự an ủi là đấy chỉ có trong phim truỵên ngôn tình :),1,0,0.14090059018549472
e lên mang câu chuyện này đi thi thách thức danh hài . rất duyên,0,0,0.05418596939484989
per :)))) buồn cười vãi,0,0,0.11137931631420722
"quá đơn rản , bạn thân yêu ơi ,",0,0,0.0664478489016606
"tiêu đề bộ phim cứ ngỡ là thể loại hài , nhưng nếu xem hết thì các bạn sẽ rút ra rất nhiều điều và cái hay trong phim này",0,0,0.05618530529032406
đù . ?????? sợ tụt lol,1,0,0.1090943275064955
trích mà như vầy rồi . sao dám coi phim đây 😢,1,0,0.1253937296179361
dù có nói thích mày thì cũng đừng có tin .. xã hội giờ nguy hiểm lắm,1,0,0.18220319127051077
khi bạn bất cần vãi đời ... làm việc xấu mà cảm thấy thanh thản vãi 😁,0,0,0.06754378891397829
tuyển ngay về làm nghiên cứu viên cao cấp cho các hãng khóa :d,0,0,0.03798842686092445
năm nay chạnh lòng quá . haizz,1,0,0.09353971610516551
bài mà từng nghe khi tổn thương lần đầu,1,0,0.3173684060041805
đang tập hát 😶😶 hay thật 😔😔,0,0,0.03225870627615787
"chồng biết không , hihi",0,0,0.1406998175097987
sẽ hấp dẫn hơn khi dưới sông có cá sấu :)) lót dép hóng,0,0,0.04491445457008287
người lớn tuổi nhiều lúc rất dễ thương 😊❤,0,0,0.08477644923898846
tao thề . nhìn bạn ấy xong tao muốn rụng mấy quả trứng luôn 😓,1,0,0.05620380867666922
tao cừi tao ỉa 🤣🤣🤣,0,0,0.09148308939177184
dù ra sao vẫn giữ nụ cười và sự tự tin,0,0,0.24748194345710994
cưng hết sức nà,0,0,0.17108588757973095
sợ đến lúc đó muốn lấy vợ phải sang nước khác nhập khẩu về quá,1,0,0.2816784333206025
"t nghe nói : đi tập gym sẽ có người yêu ...! awwww . điều đó không sai , điều đó là có thật 😂😂😂",0,0,0.0485603261048899
per trung thu chia tay gấu à ? bất hạnh nhỉ,1,0,0.04380475311924095
xem xong hết cái video mà cảm thấy buồn cho cái xã hội bây giờ,1,0,0.10174786434284969
em nó đây nha các bác . kkkkk :))))),0,0,0.031140000430498083
per mày phải thấy may mắn khi cuộc đời mày được gặp tao :))),0,0,0.17188996390221178
anh đánh mất thật rồi,1,0,0.2341938253688868
điện cho đứa bạn . đem mũ ra . coi ai hơn ai . kakaa .,0,0,0.07165657937049114
người yêu tao bỏ tao rồi :(,1,0,0.07273606055139561
boss có bộ đồ ngủ đĩ thõa ghê gớm 😅,0,0,0.05601257519996145
"má , mặt đúng ngáo luôn 😂",0,0,0.07577875605141339
móng của bố tao . hồi trước và bây giờ đã cắt vì lý do . sức khoẻ .,1,0,0.17063895675802787
hồi xưa anh hay bị chửi trẻ trâu này nọ ... giờ anh là tổng giám đốc rồi 😁😎,0,0,0.2215096062151149
trước em cũng hắt xì 1 cái lưng khụ xuống như ông già đau vãi,1,0,0.12903225181342248
hay ý nghĩa sâu sắc 🙂,0,0,0.05575001196415691
yêu quá nè nè,0,0,0.021741267008637273
vỉa hè to thế vẫn còn muốn ăn cả ồ hố nữa hả =)),0,0,0.15695477171720085
ngồi nhiều quá nhìn họ đau mắt,1,0,0.1253683681958989
t chỉ thấy tình yêu của tao nó tan vỡ thôi,1,0,0.06354335795235423
dễ thương quá !!!,0,0,0.033770101875034715
năm nào cũng phải ở nhà trông nhà :((,1,0,0.13934864486945436
nguy hiểm đến với bao nhiêu bất cứ lúc nào,1,0,0.25754378140068807
"có mà bữa chạy ngược chiều trên qlo 1a tại có hẻm nhỏ để quẹo tắt , chưa kịp quẹo bị 6 anh csgt + 1 xe bắt xe tấp vô chặn đầu xe , hoảng hồn cmnl .",1,0,0.18174370372212104
thương anh bạn kia quá .,0,0,0.039717813357345526
trông rợn vãi :)),1,0,0.037582432941391165
giọng lại còn ấm nữa chứ ♥️,0,0,0.1310655328620424
"ngày xưa toàn bị mẹ đánh bằng dây điện , vụt phát nào ứa máu phát đấy . giờ nghĩ lại tự nhiên lại thấy hay , vì ngày xưa mẹ nghiêm khắc như thế giờ mình mới ngoan 🙂",0,0,0.246461302966669
chắc mình là thánh nguy hiểm,0,0,0.09823611161013786
nhớ lần nấu cơm thần thánh này không ? per chỉ là mải nghịch nước thôi mà …,0,0,0.1473878703133343
cảm ơn bố !,0,0,0.048549274024019734
nháy mắt cũng đáng yêu kkkk,0,0,0.0752641983644969
lãng mạn vãi_chưởng =)))))) 0,0,0,0.043835894464952056
vâng chú ah haha,0,0,0.06014495389134389
tôi cũng muốn được cảm thấy như vậy ??,1,0,0.46722822093286837
đáng yêu quá . chúc ông bà thật mạnh khỏe mãi hạnh phúc như vậy 😍,0,0,0.007547385461276716
nhờ đó mà tôi cảm thấy nhẹ nhõm và trở nên mạnh mẽ,0,0,0.12377569323723953
giun này mà xào thêm ít xả ớt thì tuyệt cú mèo 🤣,0,0,0.11183983751241396
tớ chỉ an ủi bạn í thôi mà :(,1,0,0.41934511944818337
"per giỏi phết đấy mỗi tội nghịch thôi , được cái làm từ thiện nhiều .",0,0,0.09099130172598494
nhưng mà từ giờ trở đi đéo được tiếp xúc rồiii,1,0,0.31581173213916375
"hồi nhỏ thì tao bị cả bầy dí , được fine :)))))) đến khi tao 12 và đi học đh năm nhất , sau 1 tháng xa nhà , về nhà và cái kết là tao không còn bước ra khỏi cửa nữa , n dí everywhere :)))))))",1,0,0.12729399105226546
per gần nhà c ơi . hic hic,1,0,0.11107745672065047
nếu tao được gặp ba tôi 1 lần nửa thì tao sẻ nói con thw ba nhìu lắm . nhưng lời nói này chẳng pao giờ được nói nửa vì tao và ông ấy đã xa nhau mãi mãi,1,0,0.3206522128892548
bố đi đường mà sợ quá,1,0,0.08121864861140063
lúc dỗi thì càng dễ thương hơn,0,0,0.09053308057188154
đm lừa đảo hằng năm cả trăm tỉ . giờ phạt có 5 triệu :))) chán vãi,1,0,0.19747240166374525
"ko nói nhiều chỉ ủng hộ anh per vì thấy thái độ trước tòa là hiểu anh per hoàn toàn chân chất , không có thủ đoạn gì hết",1,0,0.06065141719411115
mình toàn làm ba mẹ buồn,1,0,0.3572179929596561
vui tính quá ?? vừa kết bạn xong ??,0,0,0.07481792483862683
chỉ biết xem và ngậm ngùi lướt qua,1,0,0.09790254494083037
cách tạo nghiệp chướng nhanh và hiệu quả :)),0,0,0.01930108215428809
ký ức 1 thời . nhớ,0,0,0.04090425371975262
chị lỡ mất 1 nhịp tim vì cưng đấy ❤️❤️❤️,0,0,0.08694905930537081
đẻ sao mà cu con đẹp quá vậy trời 😍,0,0,0.0881134332364312
mát lồng lộng mày ạ,0,0,0.09052910956805536
"bỏ qua mấy dòg chữ , nhìn khuôn mặt con bé không thể nhịn cười per :))",0,0,0.12895898379025283
"có ai nhìn thấy giun đang bò trong ảnh không , sợ vãi",1,0,0.20015802915949374
nấu có cháy mới ngon :)) còn nước cơm hoà với đường thì toẹt vời,0,0,0.059565770901616466
chắc thôi tao đéo ra đường luôn :))) sợ vãi,1,0,0.10292495857125246
khi nào tao thấy thích . mà thích rồi chưa có người thích cùng .,1,0,0.11765106505020938
gắn bó thời sinh viên á !,0,0,0.05528215476541456
bà ngày xưa đẹp quá ❤️,0,0,0.03623194747840855
buồn vì mình không giúp được gì cho ai . nhìn những người khác khổ hơn mình mà thấy thương họ,1,0,0.14426922575185436
tao cũng vậy nè . lắm lúc đi với chồng mà cứ hỏi bên này bên phải nhỉ bên này bên trái nhỉ . mệt mỏi,1,0,0.42987836592316886
haha con mấy cái video toàn đóng vào mỏ nhau không . cười tụt quần 🤣,0,0,0.11850326978010998
ui đáng yêu gheê,0,0,0.04190749016483332
rồi đất nước mình sẽ đi về đâu .:'(,1,0,0.1553123046534692
"chắc tại từ nhỏ tới lớn mình "" man "" quá nên không gặp được gã nào ga lăng dư này :(",1,0,0.20748898266951862
đang thất tình mà dume cứ bắt đi bán xoài @@,1,0,0.09401645123356361
"per may có con bạn đang giảm cân nhưng nó hiền , nó sẽ lao vào ăn cùng tao chứ không tát sấp mặt tao như vậy , phải không ?",0,0,0.3301893791911944
hồi xưa làm fanpage được gạ kèo 7 triệu nhưng nhất quyết không bán . cảm thấy quyết định đúng đắn nhất trong đời,0,0,0.10699336294152924
ụa cho fa đọc chi rựa huhu,1,0,0.05008767831485031
tao coi tao sợ nó lọt quá bây,1,0,0.1611493225636571
các bác dẫn crush qua cây sữa nay mà hứng nước đái ve nha haha,0,0,0.06446838988066315
nếu để ý kĩ thì lái tàu có thể bước xuống và kéo đường ray qua một bên rồi cho tàu bẻ tay lái một chút là cứu được cái xe . tiếc cái xe quá,1,0,0.1210079962252348
buồn vương mi !!!,1,0,0.1342676025668309
chuyên cơ tt quá đẹp ! bao giờ má mua được chiêc như vâ ̀ y trơi ̀ !!,0,0,0.05793377261991
chắc chắn bố của bạn này là một người vui tính chứ không phải khó tính . khiếu khôi hài bạn ấy ảnh hưởng từ bố .,0,0,0.13299932265738734
tuổi thơ bất hạnh .. học mẫu giáo mà cạnh trường học là 1 bầy ngỗng . sáng nào tao cũng được chạy bộ tập thể dục nhờ bọn nó,1,0,0.08309737496937196
thấy anh đấy làm tùm lum mà con nhện vẫn đứng im là tao biết có chiêu rồi . định gạt anh ak,0,0,0.056572406948818585
per đi bộ ở trường về thì dcm nổi ám ảnh đúng giờ tao về là dcm nó ra nó dí ngày nào cũng dí chạy cái luôn,1,0,0.2008635210704407
"per sợ chưa , ông bác hơi bị cứng nhé :))))",0,0,0.06956748374399895
tiếc quá đẹp trai mờ không có chim,1,0,0.036716275001138166
bài viết hay quá !,0,0,0.0075181372968654665
cái nay nhận ra lâu roài . mà đi làm toàn gặp đồng nghiệp đáng yêu hi,0,0,0.020397183095080203
lại được làm thêm quả nhà nữa . ngon,0,0,0.1388479517115955
"coi 3 lần mà vẫn cười , phim hay nhân vật dễ thương",0,0,0.03900446340856144
bản thân cố gắng cũng chẳng dễ dàng gì :((,1,0,0.40084158056649605
coi phim này xong thì nhỏ bạn tao bắt chước giống vầy với crush nó . sau đó thì ... à mà đéo có sau đó nữa :v,0,0,0.08294859063092637
nó cười với người khác chứ * beep * phải tao :((,1,0,0.2297550978167427
"mong là bố mẹ mình không đọc được tin này , sợ vãi",1,0,0.2609183371095027
"còn tôi thì lại khác , thanh xuân của tôi chả có bây giờ gặp được aiii và hạnh phúc bền lâu cả :(",1,0,0.1582355669002654
mỗi phút bên em thật tuyệt vời . chỉ em mới cho anh cái cảm giác đó,0,0,0.0677996508168793
"trước đây mình không thích xem phim việt , nhưng mấy năm nay phim việt chiếu phim nào cũng hay . tự dưng không thích xem phim hàn quốc nữa .",0,0,0.060986983002902194
khoảng gần chục năm về trước thì còn vàng trắng .... giờ thì bán còn không đủ không đủ để trả công nữa là,1,0,0.3012048520781593
đứt quả chuối trong mồm . đéo dám nghĩ kết quả lun,1,0,0.1542454804286113
tao kìm nén lâu qá rồi mà 😌😌 tức nước vỡ bờ thôi,1,0,0.10377242921215346
đúng cát bà rồiii ~,0,0,0.04652014368644648
"đến lúc yêu nhạt cực :) tao thề ! kiểu chán chán , muốn quay về đơn phương hơn",1,0,0.23848995162917716
"những thứ tưởng chừng như rất đẹp nhưng kbh được trọn vẹn , cuối cùng để lại chỉ là những kỉ niệm đã từng :))",1,0,0.06747972280705133
"chuẩn , thấy đa phần nam chính vẫn được lòng hơn .",0,0,0.05517250090648601
đi làm quán nước mà mỗi cái bịch nay long đựng ống hút nó cũng xé nhỏ ra rồi để bay tứ tung đi quét đã muốn lòi lồn,1,0,0.20020454058622733
sởn gai ốc với chị ấy,1,0,0.07307934981890533
chủ kiểu lol gì đáng yêu vãi ?? :)))),0,0,0.01871696612130899
"lúc trước ông với bà tao cũng thế , bây giờ thì ông bỏ bà đi trước rồi .",1,0,0.13526906293640759
hôm nay bạn đi làm . tiền đâu mà mua 😌,1,0,0.060549707679500055
dễ thương vãiiiiiiiii,0,0,0.03741114343219904
dume nó hết con mẹ nó hồn ....😭😭😭😭,1,0,0.23122178195662355
còn tôi tự nhủ dù lớp học tự ý bỏ về hết tôi cũng phải ở lại học đến tiết cuối cùng . hết giờ tôi cứ ngồi đó rồi từ từ bước chậm ra cửa ngoái đầu nhìn lại .,1,1,0.5760885805633461
bạn trai thì chưa . nhưng mỗi lần thằng bạn nó cắt tóc cạo râu thì auto nhìn đẹp trai,0,0,0.07533913560490438
ngày đi học . có lúc đang ăn cơm . bố hỏi . per năm nay học lớp mấy rồi con ☺ t không hiểu bố tao hỏi cái gì 😭,1,0,0.3761768566952754
lớp 5 mà viết kiểu này cô đánh gãy tay .,1,0,0.12293323623751012
đi chơi xong về cũng buồn như chó cắn tiếp thôi,1,0,0.2982151801932602
dume cười vãi luôn trời :)))),0,0,0.06981788148754034
còn người yêu tao : một hơi có một anh đẹp trai bay lơ lửng rồi ôm lấy em khi em tắm :(((,0,0,0.12310795221962952
hạnh phúc là đây chứ đâu =))),0,0,0.03846163952669226
và cứ thế tôi khóa lại 3 năm thanh xuân tươi đẹp của mình :),0,0,0.1456183928520925
sáng nay mình cũng gặp 1 anh công an dễ thương lắm,0,0,0.08577578507281247
tất cả đã đều quá hoàn hảo rồi . trừ pha nhảy cuối thôiiii :v,0,0,0.11001264936361793
per :)) chắc giống cảm nhận của ông lái oto hôm qua,0,0,0.04391205231893625
hãy nên trân trọng những người bạn như vậy .,0,0,0.06873391439562468
ngoài mấy phim về vật lý ra thì phim nào của ấn cũng có những ý nghĩa sâu sắc .,0,0,0.08431035374660573
cuối cùng per cũng thành công rồi nha per nha,0,0,0.05237778463432587
cũng thơm mà . kì thị quá à .,0,0,0.11452611397282891
hình vui mà sao đọc lại muốn khóc nhĩ ...,1,0,0.2949760176310779
"per thể loại mới nè , có vẻ phê",0,0,0.06449436506089773
bạn này yêu bố nhiều lắm mới vui vì bị bố mắng . chứ ai đời bị la mắng mà kể lại cho người khác nghe mà vui đến thế,0,0,0.2705170074683622
"tình đến , rồi tình cũng điii 🙂🙂🙂",1,0,0.09938662230144747
mấy má đang có kinh rồi mặc áo đầm nhảy qua thì nhuộm đỏ 1 dòng sông cmnl 😳,1,0,0.2582625371371538
ủa là đụme video hài hay deep vậy . chớ tao thấy buồn cười vãi vì nhây đéo tả được :))),0,0,0.04520410246885522
thanh xuân rồi cũng sẽ qua có những người trong ta mãi chẳng thể xoá nhoà !,1,0,0.20185427922886365
cậu bạn mẫu giáo năm ấy chép bài cho tao để tao khỏi bị thẻ tay giờ đang nơi đâu ???,1,0,0.10968193016733978
nhà thì không xa lắm nhưng chưa bao giờ đi vì sợ bị đè bẹp luôn người =))))),1,0,0.13251280415692543
"từ nhỏ tới lớn đi học toàn ngồi chung bàn với nam , toàn phải đương đầu chiến đấu với vạch phấn chia đôi bàn ghế . 🤣🤣",0,0,0.09255428190278761
buổi tối vui vẻ và ấm áp nhé đại kỷ nguyên ! tương tác cho hằng khỏi trôi bài nhé !,0,0,0.024822631166161374
họ hành động quá đẹp,0,0,0.027120083065485256
rất chuẩn hãy sống làm người cơn luôn luôn co hiểu thảo với cha mẹ của mình nhé moi người ơi,0,0,0.0810498497625365
nói chuyện yêuu thế đmaaaa ??,0,0,0.11430527729077401
anh thích em rồi đấy 😂,0,0,0.07475839879420608
tội quá ! nuôi mà không chăm sóc,1,0,0.08166385676477357
3 thằng ngốc . xem ý nghĩa lắm,0,0,0.06254364675469512
"có người cả đời ăn không hết lại có người thiếu ăn , thiếu mặc nhìn chán đời vãi",1,0,0.14135057272242402
người tài như vậy lại không được sử dụng đúng mục đích … quá buồn,1,0,0.10019907778966677
t đã cố tình che mặt nhưng vẫn giật mình,1,0,0.2377133975845338
khi nào đón bé về nhà nhớ chụp đăng lên cho bọn tao coi dung nhan thằng bé nha :vv,0,0,0.03779232889857239
haha cứ lên xuống thấp thỏm kìa ..,0,0,0.1346775569035784
tao chả nhớ ngày tháng năm sinh của mẹ tao và ngược lại :((,1,0,0.15537625585765985
có tiến bộ ! kkk,0,0,0.06621801485739431
ngày buồn hôm ấy tôi cũng là người rời khỏi lớp cuối cùng .!!!,1,0,0.27032432907531373
vâng ah nên em cũng sợ quá mà :-),1,0,0.1187271901682784
cái mặt xinh quá,0,0,0.057756530564311646
tao toàn bạn gái mà sao vẫn tưng tửng nhể ???,1,0,0.047220727020365
xong bỗng nhiên một ngày mất hút không để lại 1 hạt bụi,1,0,0.10242618354560404
một nỗi buồn thầm lặng,1,0,0.34436453961840535
cưng nhỉ,0,0,0.07258309578605888
"năm nay mua cân na về nhà ăn dần , tối ra đường xem chúng nó dẫn vợ thằng khác đi chơi ... kaka",0,0,0.1413380828685867
bà ma nữ nhập vào nv chính thấy dễ thương dã man 😍😍,0,0,0.08172587150476415
nhớ thời sinh viên 😃,0,0,0.021653314191245537
"cái ông này mới xem thì thấy bình thường , mà càng xem lại càng đẹp trai 😂",0,0,0.05202372059784007
dù cậu làm tôi tổn thương mỗi ngày nhưng chả hiểu sao vẫn thương cậu,1,0,0.4853333270513762
làm phục vụ xong 4 tháng đi hà nội 1 lần chỉ để gặp người yêu xong giờ thì mới biết là nó cắm nguyên cây sừng lên đầu mình,1,0,0.14039411401673663
buồn quá buồn,1,0,0.21278714943805002
còn gì đau xót hơn 🙂🙂,1,0,0.08559780094545592
đơn giản nha .. cơm này ngon hơn cơm điện nhiều . không tin thì cứ thử,0,0,0.09444261376573887
tội nghiệp thằng bé :)))) chúng mày bốc đâu mấy cái thẻ hay thế ??? :v,1,0,0.022472614055086042
"và sau mùa vải , tàn dư còn lại là những nốt mụn 😌😌😌",1,0,0.07789168690474549
haha thì ra trên đời này tao không cu đơn đâu đó vẫn có những đứa con ghẻ như tao cùng bắt tay chào hỏi nhau nà,0,0,0.20593248396589814
per haha cái t2 hợp với em nè ;)),0,0,0.08467898723335818
hết tiền rồi này,1,0,0.11056793421943495
"tại giống nhau quá , nhưng đừng như người ta nha , nghĩ đến tự tử các thứ chẳng có gì là hay cả",1,0,0.29347365992958335
chợt nhận ra mình yếu đuối như một đứa con gái vậy 😢,1,0,0.06681515812387633
buồn nhỉ 😴😴😴,1,0,0.15326754048258906
tuổi thơ cũng từng trải qua nhiều lời cay nghiệt hơn vậy .. nên c hiểu được cảm giác của em ..,1,1,0.5034608037741836
muốn nhanh thì cứ phải từ từ =))))),0,0,0.22328706037769083
cái giọng anh quay phim nghe ngọt quá 😘😘,0,0,0.0068764333254680765
khiếp ăn tạp chẳng chết,1,1,0.5283717035294134
lại là án oan sai 😔😔😔,1,0,0.07833246810657639
cũng muốn vứt giày cũ nhưng lại không có tiền mua giày mới . đành chấp nhận đau chân vậy,1,0,0.14662745699689547
thế mới làm nên nghiệp lớn chứ,0,0,0.05353067863666008
chưa bao giờ được nge câu này 😞,1,0,0.16557416751521106
chả có tiền mua 😩😩😩,1,0,0.06560050744927129
"thời thanh xuân tôi từng yêu quý nét hiền thục của chị hiền mai . và đúng như cái tên hiền mai của chị , tên và tâm tính đều đẹp , hiếu thảo khó ai bằng . em xin chúc bác có thêm nhiều sức khoẻ để chị có được nhg tháng ngày hạnh phúc , ấm áp bên mẹ ạ .",0,0,0.19089038406319842
nói gì thì tụi bây cũng không tin đâu ..😌😌,1,0,0.31479269017245765
"thật tốt vì chú chó ấy đã tìm được người yêu thương nó , kiên trì để nó tin tưởng thật sự :"">",0,0,0.05946900338024185
đkm lại diễn rồi pr cho game aumobile chứ gì tuổi lol qua mắt tao =)),0,0,0.07188636318737279
"công nhận năm nay tiến triển hơn , đợi 2 bà chị đi hẹn hò về còn có scl mà ăn ké :v",1,0,0.05567264781120715
đoạn cuối hình như nó khóc,1,0,0.14660487985510343
em hết ngáo rồi nha =))),0,0,0.05818159811453196
chỉ là muốn cạnh mà chỉ có 2 người . nói đủ chuyện trên đời dưới biển rồi đi vào giấc ngủ ngon . vậy thoii,0,0,0.3266004298592082
ngồi cười như dại =))),0,0,0.13719059243491744
nhiều khi cũng muốn chọc cho người yêu giận nhưng mới nhớ ra mình đéo có người yêu 😌,1,0,0.2122916603605724
tag vô cho xem mấy đứa xấu tánh thôi chứ ghệ anh tánh cực kỳ dt,0,0,0.0947391388679281
kiếp trước sống lỗi quá nên kiếp này nghiệp quật :((,1,0,0.07224577308268208
"một đời chẳng mong phải nhà lầu 4 tầng , xe hơi hàng tỉ , chỉ mong người đàn ông đi cùng mình đến cuối đời sẽ luôn nâng niu yêu thương mình 😊",0,0,0.3077138684890696
t nhận ra mình đã sai,1,0,0.2018479439355146
"tại như vầy nên bố tao không cho đi cùng . cụ bảo có năm còn lăn cả xuống ruộng , trèo lên mái nhà của người ta để đi ??",1,0,0.15300584219237734
per tạo hóa thật đáng sợ :))))),1,0,0.09714054240776204
"những việc này , mang lên đây chả giải quyết được gì cả .",1,0,0.11555091225674086
đọc cái mà cười rớt cả hàm .... cuộc đọ sức giữa xe lửa và ô tô,0,0,0.20825410076603676
mấy con yêu nghiệt ngày xưa nội có nuôi 2 con cứ ra đằng sau là nó dí chạy muốn tuột mẹ quần 🙄🙄,1,0,0.19398355200544076
kaka cái mặt bà kìa,0,0,0.06641517288002571
con bé cưng gì đâu . vk ơi anh muốn có cục bảo bối như vậy per,0,0,0.15176498329217916
"thật sự mình rất thích bạn này , xem phim mỗi tập cứ canh đúng cảnh có bạn ý , dễ thương quá 😗😚😚😚😚😚",0,0,0.03704150508926253
má tao xem mà lo thằng quay phim tét không à ? có ai như tao không ?,1,0,0.11242306490944934
"đúng mất vài giay để nói lời yêu thương , nhưng phải mất cả đời mới chứng minh được , cháu rất ngưỡng mộ ông bà !",0,0,0.20772053785805492
"dù thế nào thì anh tôi luôn bất hạnh , ai khóc cho anh khấc tôi đây 😢",1,0,0.33733272379790896
có đứa nào xem mà thèm đi biển như tao không ?,0,0,0.13637524283234786
nghe nói dạo này bạn dưỡng da để kiếm người yêu per,0,0,0.044107301272613364
per trai hay gái thì vẫn thấy tữn như thường kk,0,0,0.03218216654925255
"ngày xưa nhà nuôi mấy con điên này cái giọng thì đã khó nghe thì chớ suốt ngày ngoạc ra , hễ về đến nhà là thấy giọng bọn n đầu tiên . xong cho ăn , rõ ràng là cho n ăn đàng hoàng mà đến n + 1 lần bị n mổ với đuổi bợt mạng . chốt là tao ghét cái bọn nì dã man . ám ảnh cả 1 tuổi thơ :(( cái thứ yêu nghiệt .",1,0,0.20248540357551706
hổng gặp cái buồn luôn ><,1,0,0.0709637896216689
"đừng nên thích mấy ông anh cơ bắp , sợ lắm 😆",1,0,0.048782538072584834
"chấp nhận đau khổ , để đổi lấy hạnh phúc , mà tìm mãi hạnh phúc không đến thế mới đau em .",1,0,0.0972421848623678
"đần mặt ra nhìn nó y như con ngu , còn cười theo nó nữa , xong bị nó phát hiện .",0,0,0.18157877353788685
"tập thể năm nay lại làm mình tiếc nuối từ thành viên đến gvcn :,((",1,0,0.16865856443452398
mai đấu giá thử cai lap cua mình chứa toàn tài liệu tiếng nhật 😂😂,0,0,0.0849746109418738
làm công nhân đã bị vắt kiệt sức khỏe cho đến khi bị thải,1,0,0.3862061643395194
hồi đó tao lấy cái đó kẻ tập luôn kiểu làm màu mè cho đẹp xong lên trả bài bị bà cô trừ điểm ????,1,0,0.05881967542081008
"con nghiệt súc này mỗi lần tao đi đá bóng là 2 vợ chồng nó dí theo cắn bầm hết chân , thứ này thù dai kinh khủng , chiều nào nó cũng khởi động cho tao trước khi đá bóng ... con mẹ nó giờ tao lớn rồi , tay nghề nấu nướng cũng không tệ gặp mà dí theo là xác định tao quay nó vàng ương luôn =]]",0,0,0.22376882530284323
"hút điếu cần xong nhìn nó ăn mà muốn phá cái tủ lạnh vô dụng của nhà mình quá , đéo đủ sức đựng thịt bò toàn rau .",1,0,0.2908314446223407
cuộc sống mà đành chịu thôi =(((,1,0,0.34419713077668396
"có rồi mà , nghén rồi nè hihi",0,0,0.0951516175633684
"và mày chỉ cần lùi về sau , như ít quan tâm và nhắn tin lại mày sẻ cua được crush 😎😎",0,0,0.19627238437035296
cặp nay dth ghê luôn 😍,0,0,0.04511134960090364
thương thương con =)) yêu ghê cơ ý cái mẹt hờn dỗi,0,0,0.05916634124307462
"ngày chia tay , chúng tôi đã ôm nhau khóc",1,0,0.17322971560609574
đứng dưới cây này chỉ sợ ngột vì mùi hoa sữa 😂😂😂,1,0,0.09792842279929555
hãy cảm ơn vì chúa đã ban em cho chị 😂😂,0,0,0.046973967970984104
"ước mơ của tao , thích vẽ lắm luôn , nhưng mỗi tội vẽ xong cho lên màu thì lại tệ 🙄",1,0,0.10331986743788878
23 năm rồi tao còn chưa được đi chơi với bồ trung thu lần nào cả :(,1,0,0.2379959181169933
ngọt hơn cả người yêu haaaaa,0,0,0.043292247182609364
em chưa có người yêu . có ai yêu em không . em cô đơn quá,1,0,0.1144423707939523
có gặp cũng đéo dám ngẩng đầu lên nhìn,1,0,0.16216318569744392
rớt giá kinh khủng khiếp huhu,1,0,0.1109880250598537
huhu đéo muốn đi học đâu,1,0,0.26058645546853787
anh vui thì anh ngồi thôi ... chú cự để mặc anh . :v,0,0,0.08667939338606123
tiếc là 23 cái xuân rồi chưa gặp được em . có ai giống tôi không,1,0,0.22454532508276837
per mi phải học con nay bán hàng lai chim mới chạy hàng này,0,0,0.10332775376661903
công nhận sáng tạo thật đấy,0,0,0.03964356462330044
tự nhiên mình lại không muốn làm single mum nữa -.-,1,1,0.5601905899361995
cắt tóc xong rùi gội đầu xong tóc còn ướt ý nhìn đẹp trai lắm luôn ý,0,0,0.06305889736989137
tao thấy đéo có cái gì để tao cầm được cơn cười cđcm nó ! :)),0,0,0.11009631113892758
tội quá . thương em,1,0,0.09157342078571856
tình yêu là sự mù quáng mà hix,1,0,0.03447354519560217
dòm sợ thiệt 🤐,1,0,0.09373541921785083
hicc thương em,1,0,0.1688302492332355
"cảm ơn các em , tuổi học sinh lắm nghịch ngợm nhưng có lòng yêu thương con vật nhỏ bé đã giúp bé cún được sống 😘😘",0,0,0.12017968183807588
t cũng buồn lắm chớ bộ 😓😓,1,0,0.16936283906551453
per nhớ hội chị em vinmec quá :((,1,0,0.04735918685982963
"đi viện mà tưng tưng ăn uống được là tốt rồi , mừng mày sớm ra viện nhé cô",0,0,0.07745369995974964
ngày bé nấu hoài không chín . tức rủ mấy đứa ra đốt cả đống rơm nhà hàng xóm,0,0,0.09803840928280293
nếu không gãy đó la 1 bài quyền đẹp rồi :((,1,0,0.03304293342579824
ý nghĩa và đáng suy ngẫm thật,0,0,0.08823522959678219
"bố bạn ý chửi nhẹ đấy , bố mình chửi là chỉ mong đầu thai vào nhà khác 😬",1,0,0.4775879486677281
nhớ gia đình nhỏ nhiều lắm … mà không được về thăm,1,0,0.13522713078495627
coi xong đoan này . tao thấy nhớ nhà vô cùng 😭,1,0,0.10879814250908658
chuột nhìn thấy mèo sợ là đúng rồi =)),0,0,0.055362263677316566
nhìn rợn vãi,1,0,0.02984920727438214
per thịt nướng lò xô ne ăn z mà không chết 😎😎😎😎,0,0,0.2688041405690478
nhọc lòng :(((,1,0,0.08436769866013293
a per doi dap rat tuyet voi . chuc anh thanh cong trong vu nay .,0,0,0.05026269464265625
chỉ mới hỏi về người khác giới cái là bị gán là thích bạn đó luôn mí sợ :(,1,0,0.25521510019276883
trò này cũng nguy hiểm chết người đừng đùa theo mà mang họa,1,0,0.1702950251613596
ai như tao nghe tự nhiên thấy ấm lòng vãi không,0,0,0.25712257670106103
ỏ đáng yêu =))),0,0,0.013247105756017062
"mình nghĩ sẽ không bao giờ là một thương hiệu quốc gia , là khát vọng về cà phê vn nữa ...",1,0,0.3230745065848347
nhẹ nhàng bay lên và hạ cánh thất bại do lổi kỹ thuật,1,0,0.11220618307898675
"cưng vậy trời , anh cho em xin ảnh nha ạ",0,0,0.0773327628381037
chuẩn không can chinh,0,0,0.05038815374057251
nhưng kp cười với mày đâu :) ảo tưởng vãi,1,0,0.38013373323774946
mua con lợn 50k được lì xì 40k . ok em ổn,1,0,0.13115571580469806
ra vậy . nguy hiểm thật :(((,1,0,0.06774173001512016
khổ tâm ghê =)),1,0,0.10483279183016983
"giả bộ vô tình gặp nhìn lén rồi đi , lại còn tìm hiểu cả gia phả người ta nữa chứ ... một thời ngu ngốc đáng yêu .",0,0,0.11861757588303937
có ai chỉ tự yêu bản thân như tôi không :(,1,1,0.6263805725993296
per hẹn xem phim này nữa nha mày 😛,0,0,0.056890232488427436
đau ghê,1,0,0.09877594012064773
dễ thương vầy :>,0,0,0.057109811351545095
rất nguy hiểm nhé nhảy không qua là xác định dập mặt,1,0,0.13871294368542353
ha ha ....,0,0,0.07018972753030338
nhiều lúc ngáo ngáo thoải mái đến mức người yêu cũng đéo bằng nó và đến khi nó thổ lộ tình cảm thì tao đéo tin :v,0,0,0.16396248859094367
phải tao tao vứt luôn xe ??,1,0,0.07211928852789476
là con bé con điên khùng và phiền vãi nhưng bạn vẫn yêu nó vãi chưởng :)))))),0,0,0.0554168915391249
"mong ai đó sẽ không nghe được bài hát này . xin lỗi , ngàn lần xin lỗi 😢",1,0,0.19732313568664323
chuẩn đét . t nghỉ công ty cũ cũng vì đồng nghiệp 😭😭😭,1,0,0.05204292481638744
ủa mắc gì gỡ fan cứng của em ? huhu,1,0,0.08008535285055825
chả bù cho con ml này . đợi mãi không thấy nó về . hy vọng em không bị bọn xấu bắt lên dĩa là tốt rồi :(,1,0,0.22270399505262245
má cười ỉa luônn,0,0,0.1554125450605144
từ lúc đấy tao không ăn được các loại thịt ngan - ngỗng - vịt lun 😞 ám ảnh vãi,1,0,0.15019402512084265
nhớ nhé đồng nghiệp haha,0,0,0.009965815679169288
cứu em nó với,1,0,0.37612674151750375
đã nguy hiểm vậy sao không hủy mà bán 0 . 0,1,0,0.06084688288054015
ông mặt trời dễ thương hha,0,0,0.0803794065610578
không hiểu sao xem đi xem lại bao nhiêu lần vẫn khóc được,1,0,0.31467736824921644
kiểu em sai rồi . a xin lỗi em đi 😂😂,0,0,0.2271522267166086
gáy sớm để làm gì cơ chứ haizz,1,0,0.17057683820018624
đái mẹ ra quần ??,1,0,0.14011911693466517
đọc xong nước mắt ứa ra,1,0,0.075502181605864
tao cũng hay sử dụng chiêu này và bọn đàn ông vẫn cứ bị lừa ????,0,0,0.06100703418186465
dễ thương mà,0,0,0.05475238863259568
per anh tải cái này về cho per học nè . thú vị ghê,0,0,0.03980505736109687
"cố gắng lên mọi lỗ lực và công lao của em sẽ được đền đáp một cách thật là sứng đáng , cố gắng lên em nhé 👍",0,0,0.16372524183535397
nhưng nói thì cứ bảo hay than thở 😢,1,0,0.18004081004980588
nhìn quả mặt của nó thì tao công nhận thất tình thật đáng thương ?,1,0,0.0386709461466772
đằng này họ nghĩ tao muốn giết người rồi chửi tao bị thần kinh rồi cho trôi qua mọi chuyện,1,0,0.4344051468586868
"chân ta cũng là chân đi và giờ bị đứt dây chằng , nằm một chỗ đợi mổ rồi mày . đồng cảm vãi",1,0,0.15357347490686046
xấu mà đáng yêuc quá,0,0,0.019541615292076434
thế nên bán hàng có tâm là đừng bao giờ nài nỉ khách mua thêm vì biết đâu bạn vô tình làm cho nỗi đau của họ trở nên tồi tệ hơn .,1,0,0.39151711691576446
dưới cái nóng 40 độ ngày hôm này xem video này xong thất mát lòng vãi_chưởng :)),0,0,0.04992088278516367
"cái thứ ba , trời nhìn mà rơi nước mắt thay cho luôn công cả một mùa mà đi tong chỉ vì một trận mưa",1,0,0.15173596760780478
"thấy bình sữa của em thấy ham quá , chị sinh em bé chả có sữa gì hết .",1,0,0.06289587749301485
nhiều lúc buồn đến nỗi coi những vid thế này . đéo thể cười nỗi .,1,0,0.4047382615641576
sư phụ giả vờ ngã để thử lòng các đồ đệ và cái kết ngã sấp mặt luôn 😢,1,0,0.05768090012201456
đéo có người thương để mà làm ấy chứ :(,1,0,0.12429481037234894
"đồng nghiệp tốt , chị em tốt đi làm như đi chơi :)) chứ làm cùng với mấy con mlz đáng sợ lắm :))",1,0,0.07409320335796551
rồi khi mày có 1 ít tiền :)) mày mới phát hiện ra còn đéo cả có người đi cùng cơ,1,0,0.165644247279602
các b học sinh đáng yêu quá,0,0,0.00921679424517719
cuộc đời bà đã nấu hơn 50 nồi bánh chưng rồi nhưng bà chưa bao giờ thấy ai cắt tóc ngắn đi mà xinh như thế này các cháu ạ .,0,0,0.16705099661491596
đây là một câu chuyện buồn không chỉ riêng tao,1,0,0.12151990370070419
"cảm ơn nói chuyện nhật ! 1 nền khoa học , giáo dục , trí tuệ văn minh !! 😘",0,0,0.057350998041697326
bạn có bố thật hạnh phúc,0,0,0.025825293951359074
"per trong vòng 4 tháng chắc anh chụp hơn trăm tấm , huhu , sợ quá 😱😱😱😢😢😢",1,0,0.1292817717629619
chuỗi ngày tủi nhục cũng từ đó mà bắt đầu,1,0,0.2162089047599046
hàng xóm cũ của tao cũng thế may mà bà ý chuyển nhà rồi 😃,0,0,0.11702629163491085
không biết vì sao họ vẫn cười nhưng mình thì khóc ...,1,1,0.6546367867706226
"đúng vậy , có họ ở bên cạnh nuôi nấng ta từng ngày đã là quý lắm rồi",0,0,0.08082691894424092
5 năm nữa tao phải đẻ được 3 đứa 😂😂😂,0,0,0.11158231504257332
ôi cưng cưng quá,0,0,0.07048694091659508
dù s đi nữa thì mày vẫn xinh . cố lên,0,0,0.13851884139550832
hay lắm :))),0,0,0.01582151318225662
buôn bỏ nhưng tình cảm ko thuoc về mình nua . bat đầu kiem tiên,1,0,0.3458088450323164
nó cười mà muốn rụng tim 😂💔,0,0,0.20468280427679303
"vì luật áp dụng đối với vụ án phân chia tài sản trên 4 tỷ thì mức án phí là 0 , 01 %. suy ra vụ này trên 8 nghìn tỷ thì mức án phí là 81 tỷ là đúng rồi .",0,0,0.19361797367151823
"per đi làm với c mình vui hết xẩy , trừ những lúc khó tính :))",0,0,0.09935403251046236
1 thời gắn bó với nó . nhớ lại ngày xưa cực khổ,1,0,0.15152734932842882
per nên mày hãy yên tâm về mấy con nhện nhé :))),0,0,0.08253549915637874
:) cảm giác đó đau lắm các mày ạ,1,0,0.30396043609513246
đề kháng của tao với mọi loại thính rồi cơ 😂,0,0,0.1076793363575596
cái này ghê vãi mày sẽ hiểu cảm giác khi nó lún xuống 😅😅,1,0,0.33796589249241804
🤣 lau mặt bằng quần chíp của vợ à ?,0,0,0.12374794219671102
mất rồi có lấy lại được đâu :)) cái gì nó cũng chỉ là quá khứ,1,0,0.1905060456652482
quay vào ô mất lượt :)),1,0,0.08169738890361773
:))) có thật nhiều tiền là vui,0,0,0.04632884356554096
mình rất rất muốn đi nhưng trong túi kô còn xu mẹ nào vân kiều ơi,1,0,0.438743095764196
các bạn trẻ ! người lớn có thể nghe thấy tiếng chó kêu mà không hành động gì để cứu vớt . các em thật đáng khen . cần những bạn trẻ nhân ái như các bạn .,0,0,0.054067879629322246
"em đỗ 6 trường đại học ở mỹ , còn hàng trăm thằng đổ em luôn rồi đó , em biết không . trong đó có anh 🤪",0,0,0.16949019179076674
thật đáng khâm phục các bạn ... chúc các bạn gặp nhiều may mắn trong cuộc sống ...,0,0,0.12212696183448252
phim cực hay và cực cảm động lòng người,0,0,0.045397707067796875
chai này mới ghi được nhìu chữ kkk,0,0,0.10395535654179848
per cố đợi đi nha để em mua bảo hiểm cho anh 🙂,0,0,0.04498103456413362
"có ai nhìn thấy hình như người đàn ông này đang rất đau khổ không nhỉ ? mình nhận thấy hình như ông ấy đang rất đau khổ , mà không thể or không muốn nói ra .",1,0,0.3370694120283943
per đáng sợ quá,1,0,0.119753168370725
tao chỉ lên ngắm cảnh tí xíu mà mày cũng dìm tao :)))),1,0,0.10532351944429498
chúc mừng,0,0,0.010473924881576408
thằng hack game nó gặp trùm cuối rồi 😭😭 truyện đến đây là kết thúc sao 😭,1,0,0.09166449205099383
"đang tính đi nhổ răng khôn ( à quên , nó ngu chứ khôn đéo gì ..) nghe được cảnh báo này chắc không dám đi nhổ luôn .",1,0,0.10598913167311466
hú hồn con chồn chạy ngang 😑,1,0,0.09276306076348945
đây là bạn tao . =)),0,0,0.04519502889801703
là mỗi buổi sáng thức dậy ta có thêm 1 ngày mới để yêu thương ❤️.,0,0,0.040662520255461944
đáng lẽ bệnh của tao đã không nặng đến thế,1,0,0.37182579714768654
tự nhiên nhớ cái cảnh 2 con bánh bèo bị ngỗng dí quá 😅😅 per,0,0,0.11440703135969796
🤣🤣🤣🤣 bo tay chấm cơm . hahaha,0,0,0.07906482101080345
và từ đó bà cụ sống trong hạnh phúc :)),0,0,0.10879920401022057
"cmt buồn cười vll , nhớ mình cừng có kinh nghiệm chạy ngỗng :)))",0,0,0.05390002689122041
chưa bao giờ nghe ngươ ̀ i ta chửi thề mà đáng êu đến vậy lun =))!,0,0,0.11105893302117682
đọc xong tao muốn khóc luôn,1,0,0.2371356280846754
t còn được nghỉ 1 tuần :)))),0,0,0.07067908473845053
xem phim cười gần chết . mà thích cái bạn ma nữ hơn là na bong,0,0,0.19588414101019
"cải tạo được , có tái tạo được 100 % nguyên trạng rồi sao ? giá trị lịch sử văn hoá gần nghìn năm đã mất đi rồi :((",1,0,0.2671603838843425
sợ thì vkl,1,0,0.12289723349089228
per :)) hiểu được nỗi lòng anh chưa ! mốt đừng giận anh nhiều nữa nha,0,0,0.12185166033504657
thất vọng và áp lực tích tụ hằng ngày với tao,1,1,0.5450268619109057
nếu địa phương không xây cầu thì người dân cũng có thể tự làm cầu cây mà . phóng lỡ hụt chân thì xác định nát người .,1,0,0.11942507972114383
ngày chủ nhiệm cu nhà mình cô nhẹ nhàng nết na lắm mà ! giờ thì sao cô lại hành xử như vậy chứ ! thật buồn !,1,0,0.17770776664849894
t quá mệt mỏi với cuộc sống này rồi 😓,1,1,0.8737601610409449
per - chan đáng yêu zl =)))))),0,0,0.021828315296273083
khuôn mặt đậm chất giải trí 🙂,0,0,0.04305745646853021
tao nhìn sợ vãi,1,0,0.06713643377566425
gia đình có nhưng tình yêu không thì sao,1,0,0.1824634574483226
sau mỗi cuộc chia ly người ở lại vẫn là người đau lòng nhất :((,1,0,0.08782793393595321
đúng là chân thật luôn luôn tổn thương !,1,0,0.1480763125086952
"từ khi lấy vợ , làm vlog thiếu muối hẳn huhu",1,0,0.1436652212191385
sad cực mạnh,1,0,0.05619411998740698
nhất định sẽ có một ngày tao sẽ thành công và tự nói bản thân rằng mày làm tốt lắm,0,0,0.18305803547458988
phim hay vãi ra . đến giờ vẫn thấy mình giống bạn ma nữ quá trời 😂😂😂,0,0,0.04860208455112617
tội nghiệp các bé đạp xe đi học,1,0,0.024035776548481994
thế nên tao với mày không thể làm người yêu nhau được,1,0,0.13184399524722643
sinh viên năm 3 rồi nhưng vẫn chưa định hướng ra trường làm cái giống gì đây :(,1,0,0.1274655378538053
khóc hết nước mắt 😞😞,1,0,0.3573387266070684
"wtf , tao đã làm gì sai ☹️☹️☹️",1,0,0.16154575376376967
"bọn tàu copy kịch bản phương tây , chắc bữa sau lại có mấy video make in việt nam như vậy và kịch bản tàu haha",0,0,0.05068834619615696
mình không áo mưa rồi 😞,1,0,0.3208339295792866
còn mềnh thì ra quán mua bim bim đều chỉ để nhì em mà cười,0,0,0.21694831336023868
"biết chỉ là phim thôi , xem con bé hôn bố lần cuối nước mắt tự rơi , híc híc",1,0,0.3192615389386063
tao lại bị mọc lông chân rồi :((,1,0,0.20592561340736995
mua thêm vài trăm con cá xấu thả chắc vui hơn,0,0,0.11819305606063955
per hôn nhẹ lên má nha 🤣,0,0,0.05701838914526225
góp phần xây dựng đất nước chứ gì kkk đóng nhiếu rứa,0,0,0.08722968382615899
dume mặc dù tao rất yêu chó nhưng tao cũng sợ chó nữa :((,1,0,0.21748992760714073
cứ mỗi lần cắt tóc xong tao lại thấy biết ơn bố mẹ vì đã sinh ra tao đzai vãi :))),0,0,0.13748840843806925
đó cũng là giải pháp hay để lừa một thèn ngu :))),0,0,0.038352569156661354
thương các con quá đi,1,0,0.08633172561521006
khổ thân con mèo :((,1,0,0.39321851393133544
một người đàn ông bản lĩnh thực sự 👍,0,0,0.07935704274551464
"per bởi , đéo dám tán ai hay tỏ tình",1,0,0.1451634046245328
ấm áp ghê =)),0,0,0.09067346263733671
phim ấn độ duy nhất tao xem mà không cảm thấy vật lý logic quá khó hiểu dù thật ra trong phim này nhiều kiến thức hại não thật ; )),0,0,0.05114326671171377
giọng chú hơi bị dễ thương nhá :)),0,0,0.07254728644605041
pháp năm nay nhiều biến quá :((,1,0,0.16688420702712306
hèn dì mấy nay đi học thấy bạn của crush nhìn mình cười,0,0,0.07195849047245952
cũng muốn đi xem lắm 😭,1,0,0.3340626420650995
có lẽ vậy là tốt nhất,1,0,0.03913306200580621
per đến con nít chúng ta cũng không bằng là sao ......... tuổi thơ và tuổi thanh xuân nợ chúng ta quá nhiều thứ rồi 😭😭😭😭,1,0,0.11241277197434006
gv có tâm vãi 😂,0,0,0.0818364384926712
mình thi xong còn không khóc được 😢,1,0,0.37576420210158945
một bộ phim quá suất sắc,0,0,0.02621813575153329
tao mừng quá vì tao biết chắc chắn hôm nay crush của tao không bị thịt . ahihi .,0,0,0.086258516359235
"chị thích con gái mạnh mẽ , cá tính .",0,0,0.02957637670276231
cho dù em có dành được bao nhiêu học bổng đi chăng nữa nhưng mãi mãi em sẽ không thể có được tôi 😅,0,0,0.3056599515706774
cười ỉa :)),0,0,0.13261065537370723
lợi ích của việc giữ vững quan điểm 😄,0,0,0.056201551642570985
"chời , dễ thương quá",0,0,0.03490955965118716
t cười đấy . thế tao thả haha nhé . mà dume đấy là cháu tao . thế bây giờ không có icon vừa khóc vừa cười à :]],0,0,0.36154135950788
nếu là tao thì tao sẽ không ăn được miếng nào,1,0,0.09008813757726966
nghe mát lòng mát gan thế ????,0,0,0.04997844202147499
lúc bé mình rất sợ,1,0,0.191484806428536
chưa bao giờ bắn trúng thứ gì 😆.,0,0,0.13040827598820337
thôi xong . chia buồn cùng quý quốc,1,0,0.07023778835856058
thấy tội nó ghê ????,1,0,0.041728786982047024
ngày bé tao bị nó dí thế là tao cho nó 1 gậy 🙂 hôm đó tao được ăn thịt ngỗng,0,0,0.16400285796663974
đã sáng suốt hơn năm ngoái nhiều . ka ka,0,0,0.11023191622877342
tưởng tao sợ ư từ cái lần mày dọa rắn tao và tao rơi điện thoại cuối cùng vỡ màn hình là tao đéo sợ nữa nhớ,0,0,0.2536117454304385
"công trình 850 năm tuổi , xây dựng 100 năm mới hoàn thành chỉ còn là đống cháy sắt vụn .",1,0,0.08175550810791328
đau bụng quá ự ự,1,0,0.07887084602609996
"đang ỉa xem cười như điên , kkk",0,0,0.17922395412677955
hành động đẹp,0,0,0.038317543345185764
đúng là vàng trắng .. nhưng mà trắng tay :(((,1,0,0.17037703264867674
thanh niên co ́ em hoan hy ̉ qua ́ :))),0,0,0.028391421549795997
buồn cô lắm,1,0,0.29576547582414286
"thích cái câu "" em không yêu anh nữa ""😊😊",0,0,0.06944269262435727
"anh luôn nghĩ thế giới này không có gì đáng sợ , cho đến khi anh không còn thấy em nữa",1,0,0.29694648714127203
mình chụp mấy lần liền chả thấy bác sĩ cho mặc lớp áo gì cả 😭😭😭,1,0,0.17799047077171923
"hồi bé đi mua xôi bị một đàn ngỗng đuổi 🙂 may mình đi xe đạp không thì ăn lol ** với chúng nó , cái thứ mất dậy 🙎🏻‍♀️🙎🏻‍♀️🙎🏻‍♀️",1,0,0.1126810566715931
a đến sớm hơn nhé 😆,0,0,0.043550762013354616
tao ấn tượng anh đầm hường ghê 😂,0,0,0.04599013171074685
đáng yêu thế bà đẹp gê,0,0,0.019409210422272102
cười ỉa phút 1 : 11,0,0,0.15068976071286908
sao không cắt móng chân cho em ... nhìn mặt cute mà thấy móng chân em sợ phết,1,0,0.11085360996075659
per cđ chỉ cần đơn giản như thế đã ấm lòng thế ... rơi cả nói chuyện mắt ...,0,0,0.4483592920359883
huhu sợ vãi luôn á,1,0,0.07609092322472481
per mày cũng cắt tóc giống thế đi cho đẹp =)))),0,0,0.09549422215643923
ráng ăn cho nhìu vô ỉa cục cức dài hơn móng tay ổng luôn kk,0,0,0.09482401380655248
tiền nhiều để làm gì khi tình không còn,1,0,0.17346758760605854
cài lò xô huyền thoại,0,0,0.04230126110178938
sở khanh như boss chịu liền .. đẹp trai quá trời ui,0,0,0.12295282141619414
chỉ còn lại tro tàn,1,0,0.21113679965481327
huhu lần trước đi chụp răng . thằng kĩ thuật viện cho bạn vào cái máy to đùng xong nó bảo ngồi im . nó bật máy xong chạy ra ngoài đóng cửa với tốc độ ánh sáng .,1,0,0.08935718029626742
mẹ tao vừa đọc xong còn tag tên tao vào . bọn mày có cách nào trưa nay không về nhà mà vẫn có tiền ăn cơm không chỉ tao với,1,0,0.2574598498080713
độc nhất vô nhị . kkkk,0,0,0.11119007133853523
thề nhìn họ hôn nhau thôi mà nổi hết gai ốc . chưa dám nghĩ tới xxx . chắc thốn lắm . lạnh sống lưng thật .,1,0,0.13644297901637353
là gặp đúng người nhưng lại chẳng đúng thời điểm . cuối cùng vẫn là chúng ta bỏ lỡ nhau 😥😥😥,1,0,0.09182347578180224
quả nhiên chồng con nhà người ta đéo bao giờ làm tao thất vọng 😄,0,0,0.25276653493873474
họ đã cho ta có mặt ở trên cột đời này rồi còn gì bằng nữa chứ,0,0,0.24238264107917776
tôi đã giữ lại mấy cái giấy note đã ghi chú khi nào kiểm tra =))))),0,0,0.16211090245914633
"suốt ngày trật ray , còn hay không sự phù hợp hệ thống ray - tàu với hệ thống đường sắt vn",1,0,0.07372733596728692
một mình tao ăn hết 1 nồi lẩu từ lúc tối 😭,1,0,0.3602776760127583
"thời buổi bây chừ chuyện gì cũng có thể xảy ra , vậy nên thôi trất , đừng nên tin ai",1,0,0.12049954670067978
mỗi lần quyết tâm bỏ mà lại thấy cười . đm đời,1,0,0.16718622981556366
có những ngày làm tới đâu là sai tới đó :)) muốn tát vào mặt hết sức,1,0,0.36800309176430474
nhìn vừa tội vừa thương ????,1,0,0.10103460929092066
giao lưu tí không . tự bấm chứ không mua =))),0,0,0.0962161946522697
nhà tao còn nè,0,0,0.1607250911782468
bữa cơm trưa nay tăm tối như cái ava của tao vầy :((((((,1,0,0.10174473187601182
t thấy nó cười hoài mà không bao giờ nó cười với tao cả :((,1,0,0.29704434289600634
2 năm rồi và đã kết thúc rồi,1,0,0.31162265769321196
cách tốt nhất là đứng lên và chọn 1 nơi khác để tìm 1 thứ tốt đẹp hơn và dễ viết hơn :)),0,0,0.023215647052091906
"xã hội thật phức tợp , huhu . không muốn sống chung loài người nữa , tao về núi đây",1,0,0.2657363589792609
tội cả con quá 😭😭 một lũ vô nhân tính đã hủy hoại những mầm non tương lai .,1,0,0.10664827678427473
"tao nói té 1 cái không dập mề thua gì cũg thua , trĩ nội trĩ ngọai nguyên chùm =)))",1,0,0.11365473790533445
"per tải thử cái này cho cún đi chị , hay phết này",0,0,0.03518807475029062
cổ tích thôi nhé . tao mới bị hỏi vì rẽ không xi nhan . và anh chỉ nhẹ nhàng phán 1 câu : ‘’ 2 triệu đưa đây không thôi mai cầm 3 triệu lên đồn nhận xe nhé ’’ anh thật là dễ thương 🙂,0,0,0.15383213706086177
cưng quá :))),0,0,0.030345033092596042
nơi ấy giữ lại những kí ức tuyệt vời,0,0,0.020052853883562344
cô gái này thật dễ thương “ anh cứ nhắm mắt làm đại một lần thôi mà “ 😂😂,0,0,0.09136718347360773
tao nhớ không nhầm hôm nay nó đến tháng vậy là sẽ không bị đâu nhỉ,0,0,0.17137618059693605
má toàn truyện trong mơ không hà mắc cười quá 😂,0,0,0.14836285900442892
"động lực là tình yêu . vì sau khi chia tay , tôi đã thấy mình vô dụng trong một thời gian dài .",1,1,0.5529953313284334
ngày xưa cũng như này trong lúc mối quan hệ bắt đầu nhạt :) haiz,1,0,0.22857462946762236
nay buồn :(((,1,0,0.21281708250216733
tối mà tắt đèn gặp mặt nó với cặp mắt nó là tao còn sợ hơn thấy ma,1,0,0.15781845461320318
per ối bạn ơi quà sinh nhật mình đây rồiiiii,0,0,0.10688799094058556
câu chuyện mọc sừng được bắt nguồn từ đó 😀,0,0,0.09306987901379792
và vui mừng hơn khi biết tin chị vợ ở nhà vừa sinh hạ em bé được 1 tuần,0,0,0.13600216160652914
nghe ngọt thế :((,0,0,0.07514074478513422
thích thật,0,0,0.06295629024656645
tao xem mà cứ sợ nó ngã vãi 🙂,1,0,0.15928618433258465
bỏ thế lồn nào được :(,1,0,0.19530573561647838
"thanh xuân của tớ gặp cậu rồi , 4 năm rồi , chỉ có điều vẫn là 2 đường thẳng song song",1,0,0.1871841846461411
xem hết mới biết cái video nó không phải video hài thấy buồn buồn 😪,1,0,0.08281545066614163
nghe nguồn tao biết được độ chân thực của câu chuyện rồi 😂😂😂,0,0,0.05102029969963882
hạnh phúc thật :)),0,0,0.014108350746394053
kiểu định share vì thấy tinh thần khá hơn nhưng đọc bình luận xong kiểu nhiều đứa còn tiêu cực hơn mình :<,1,0,0.22465198656893928
t nghe thấy nó nói gì tao chết liền,1,0,0.23462804324944828
mong ông bà được nhiu sức khỏe,0,0,0.07817714968909363
đó là những nơi khác . chứ chỗ làm của em . anh chị đáng yêu v đáng quý . em học tập được rất nhìu kinh nghiệm .,0,0,0.03072263559402327
hết hồn chim én,1,0,0.060484802631257925
con đường này chắc dành cho mấy người như tôi,0,0,0.13620303811481155
chắc là năm lớp 4 5 gì đó :)) tao mua bánh kẹo đem vô lớp bán lẻ lại ... mỗi lần đem bán như vậy chắc cũng kiếm được lãi 2 - 30k 😂,0,0,0.10784847991194231
già còn thích phi công =)),0,0,0.0417333803933111
chuyện tình huyền thoại của per với per :(,1,0,0.041476793950379516
để tao nấu thì quên luôn . xác định tối đó đói :((,1,0,0.09171287450813147
mình trả phòng là chăn ga gấp gọn gàng . đồ đạc hẳn hoi trả người ta . dù sao mình cũng như người ta bẩn dọn mãi không sạch ai chẳng điên,0,0,0.18166762550917767
chỉ cần thích cái là muốn rụng tim,0,0,0.19371472542378015
công an béo như lợn không đuổi nổi tội phạm 😂😂,0,0,0.0631917113534538
khổ người lao động thôi,1,0,0.16943372804282578
moá nhìn rùng hết cả mình,1,0,0.09673697714170337
"trước tao cũng tin vào tình yêu chân thành lắm , niềm tin chết rồi",1,0,0.20610273654817865
vcb thu phí dịch vụ cao có khác . lương nv cũng hơn chỗ khác :)),0,0,0.049680244762525305
bư ̃ anh trước mới nghi ̉ xong tao đi đa ̀ nă ̃ người chơi 3 nga ̀ y xong vê ̀ kho ̉ em re =))),0,0,0.0653610141658746
có thì tốt nhất đừng có giận vì ngoài kia bất cứ thằng nào cũng sẵn sàng dỗ dành bạn gái của bạn 😋,1,0,0.0862428974937983
"đấy gọi là biết ngu mà vẫn đâm đầu vào , giống tao :)",0,0,0.10453967218246815
tao cũng có 1 người bà như trong video nhưng bà ấy qua đời rồi 🙁🙁🙁,1,0,0.171738690731017
bắt võng nằm cho sướng,0,0,0.08682224114561429
phim này ý nghĩa lắm,0,0,0.0554041131802513
thú vui đặc biệt vãi :v .,0,0,0.07202091470424052
ny tao đbh dỗi . chọc kiểu gì cũng không dỗi . đáng yêu vãi 😂,0,0,0.05260778812143048
ko sợ gì chỉ sợ con ml ý 😞,1,1,0.5060266241560392
quá hay cho admin,0,0,0.019192713133756513
per gặp tao chắc tao đái trong vần 😅😅,1,0,0.13111128787219029
ngày nào cũng ngủ với mẹ rồi mà vẫn còn tiếc :))))),0,0,0.11674640037433735
tao thích vẽ . nhưng vẽ xấu từ đó chuyển hẳn sang mê chụp ảnh .,0,0,0.08171296785013785
t thấy dễ mà . không biết thì học khác biết . ez vãi,0,0,0.0967633088603142
còn gì hơn lòng dạ đàn bà ... cũng may tao là một con đàn ông :)),0,0,0.11591799455667222
thôi xong tao rồi :((,1,0,0.17572206822144334
cảm ơn bạn vì đã chia sẻ cũng như đã luôn sáng suốt để không làm gì sai,0,0,0.10200732845824999
bộ phim hay ý nghĩa nhất từng xem,0,0,0.01527042301891853
bài viết đọc rất sướng .,0,0,0.029753106427407913
con này chăm sóc n là n bao đẹp ><,0,0,0.13016772645552585
ừ thì là chuyện cổ tích . cháu đang đi đường thẳng gặp mấy chú thì phải rẽ ngang . 😢😢,1,0,0.07186086261765282
cưng gì đâu,0,0,0.10945954841643478
lâu quá mới nghe lại bài này buồn thế,1,0,0.06573102742960095
per eo ôi làm nhớ hồi nhỏ đi học mẫu giáo quá :))),1,0,0.019660458682673628
ngày cuối cùng thực sự buồn,1,0,0.26410013857326525
hú hồn hà,1,0,0.07022829515190154
aw giống tao vậy =))) mấy thứ linh tinh tao còn để nguyên vào 1 cái hộp bự cơ,0,0,0.14581593628141373
khóc muốn rơi cả mắt,1,1,0.8233048066576182
có những ngày mọi thứ nó bỗng ập đến,1,0,0.16218448458982462
bộ phim đáng xem đó mấy man,0,0,0.03420728917829358
một đứa sợ sấm chớp không thích hình ảnh này huhu,1,0,0.10603755569121125
per đây . cô gái bán hàng thú vị đây . phải xem cho hết,0,0,0.08377694016457496
nuốt được cục tiền đó cũng hay đó ( y ),0,0,0.046973252543961994
rất nguy hiểm,1,0,0.04361672765398508
:((( tôi vẫn chưa sẵn sàng để đi học mà,1,0,0.1004947146134995
khang khang 1 thời cùng nhau vui say ! bjo thì khác rồi thân ai nấy lo hở chị hố hố ;)),0,0,0.12633165300196586
"nhìn cảnh này mình nhớ lại cảnh ông ngoại mình đứng ngay quan tài bà ngoại khóc nức nở . bà đi rồi để ông ở lại một mình , đau lòng quá",1,0,0.05760853854515684
"tụi mày có hiểu được cảm giác , muốn bắt chuyện mà không dám bắt không ?? tụi mày có hiểu được cảm giác vờ ngủ gục để nhìn nó không ?? tụi mày đã từng nhìn nó thật kỉ , thật tỉ mỉ chưa ?",1,0,0.48197321524799475
"sao vẫn còn người tốt trong xã hội này , đáng khâm phục",0,0,0.06669041675091823
rất tiếc cho 1 bài quyền,1,0,0.016268255259492874
nhện này trong nhà tao chắc tao bỏ nhà đi mất 😱🤯,1,0,0.24643537401860394
mình cũng có con mèo đực nuôi được 1 năm thì nó biệt tích 1 năm sau nó về rồi 1 năm sau thì nó mất .... buồn,1,0,0.49064164345684286
"mẹ kể hồi nhỏ nuôi con ngỗng thay chó canh nhà . ăn trộm mà vào thì chạy đằng trời với nó , cả bầy lao ra quạt với táp , khi gia đình vác gậy chạy ra thì thằng ăn trộm nó ôm cây trên tít cành cao , áo quần tóc tai lủng máu me tè le . gia đình phải cứu ăn trộm má mấy mẻ còn không tha , 2 3 con vẫn dí nhảy hàng rào dí theo ăn trộm . phải nói dí bao dai mà cục súc vê lờ .",0,0,0.29946925881780273
cái kết có hậu quá :)),0,0,0.030033237155907895
thấy cờ rút trên tờ polime là tim rụng rời liền,0,0,0.05858306624252043
chuẩn bài =)))),0,0,0.011069487803485243
"per huhu đúng quá nè :< sư phụ đi rồi , còn per thôi , đừng đi đâu nữa nhaaa 😢",1,0,0.10475780938588826
"chuẩn luôn , áp lực công việc cũng không bằng mối quan hệ với đồng nghiệp",0,0,0.17559279895006308
ui sồi ôi đốn tim vãiiiiiiii,0,0,0.06687730148866272
per tao mãi mãi bị con này ám ảnh từ bé đến giờ . thứ gì mà đéo thể yêu thương nỗi . nghe tiếng nó kêu là tao bỏ chạy trăm mét 😒,1,0,0.33324424362909305
per hết tiền thật sự :(,1,0,0.11833810703958357
chuyển từ thất tình sang muốn chết vì quá chán :((,1,1,0.5670056270186161
"mong là chuyện không có thật , chứ có thật thì đau lòng vãi ra 😪😪",1,0,0.18296812487954264
đơn giản 🙂,0,0,0.11664848081624751
tại trà sữa làm tao mập chứ tao có muốn đâu :(,1,0,0.2734665790223
"vui nhất là câu "" lấy ghế ra ngồi nhìn """,0,0,0.07134229816778996
xem video cu ̃ người cho ́ người hê ́ tao ca ̉ mă ̣ tao,1,0,0.03994100534785306
"tan rã hết rồi , giờ toàn đánh lẻ thôi 😭😭😭",1,0,0.20788053745106044
hên là đụng nhầm người chứ đụng trúng cái là rụng trứng cả bày cả lũ -)),0,0,0.11317279305528835
trông anh thần thái vãi :v,0,0,0.05803923360669489
cười muốn tắt thở 😂😂😂,0,0,0.4025512606471847
khiếp quá đi tụi con ơi,1,0,0.1346152990949016
bây giờ nhìn vào cứ kiện tụng mà nãn :((,1,0,0.1965691544106349
uiii xinh gái thế ...,0,0,0.061333208415661804
per ê xem đi phim này lâu rồi nhưng mà hay lắm,0,0,0.06935783628097887
"xem phim mà cứ nhìn cặp chân của ổng , chân gì mà dài thường thượt . chồi ôi 1m87",0,0,0.03408580239281906
thất tình đi nghe nhạc chúng nó còn ngồi trước mặt ôm nhau . hận,1,0,0.02208267131395852
ha ha chịu không nổi luôn !,0,0,0.15401128448809503
cắt cả thắt lưng da của bố để làm ná 😂😂,0,0,0.14206053673500996
học giỏi lại xinh xắn hì,0,0,0.06564628061947414
đú quan trọng bởi người tao yêu củng không đi chơi valungtung thế là tao vui rồi :)),0,0,0.080718918264898
"bị chó rượt cũng không đáng sợ bằng mẹ này . gặp chó mà có ý định rượt thì đứng im hoặc đi nhẹ nhàng nó nghỉ rượt . còn mẹ này chạy mẻ rượt , đi nhẹ mẻ rượt , đứng im mẻ mổ như mổ thức ăn . thiếu điều muốn quỳ lạy van xin mẻ luôn .",1,0,0.2109871261155859
cái video đầu làm hết hồn per per,1,0,0.08109397699826831
người gì đâu mà dễ thương quá chờiiiii,0,0,0.033606991847365326
chủ tịch đi nặn mụn ở tai và cái kết khóc thét,1,0,0.13557362422080269
"mất đi một di sản , chứng tích của lịch sử 😓",1,0,0.12091458185885764
em đi bộ chết mẹ đây này,1,1,0.5780376824657869
chuẩn con mẹ nó cơm oy 😂😂😂,0,0,0.0672990032593164
không biết đến 2021 tao có lấy được chồng không nữa :((,1,0,0.27974229916250926
chia buồn cùng nước pháp,1,0,0.15271854427787962
thiếu cái que chấm dầu là ổn 😂,0,0,0.07618519494477599
🙂 thanh xuân của em đã từng có khoảng time tươi đẹp,0,0,0.08803833692928383
ai cho mình xin page của con này với thích xem nó live stream bán đồ gê,0,0,0.1678865619275495
vl bố tao đang ở đây mà chắc sáng mai mới về mất ??,1,0,0.2075316479306058
"tao là trùm nấu cơm kiểu này rồi ,, còn bây giờ mất điện thi nấu bằng bếp ga :))",0,0,0.12777218410712543
per huhu nhất là mấy bài không cho chất thử á :(,1,0,0.026465152749297612
tán gái hay vãi,0,0,0.02321203282159378
cười vãi :))) tếu thật sự luôn ý,0,0,0.08279991170165889
khớp vãi =))))))) mặt con bé,0,0,0.056736758639518874
nhưng nó giỏi và bản lĩnh đó,0,0,0.12044101245077907
tuyệt vời,0,0,0.0022119015047379277
t thề hồi nhỏ qua nhà ông hàng xóm vá xe tao bị con ngỗng dí chạy xúc quần quanh nhà ổng vừa chạy vừa la làng tới giờ nhớ lại vẫn còn hãi 😧😧😧,1,0,0.24904082408441178
thông minh lắm,0,0,0.10379037543100801
bà ngoại của em đáng yêu hơn thế này nhiều,0,0,0.04267181773885724
bé gái đáng yêu quá ??,0,0,0.012732309487507434
buồn thật ấy,1,0,0.1488514939773145
uớc gì sau này về già vẫn có thể như cụ này :)),0,0,0.049384827406262176
cư ́ như kiê ̉ u =))) ngươ ̀ i yêu,0,0,0.029718403763435416
tao sợ ma nên không dám coi lun,1,0,0.43404949903314405
ai muốn đi thái hè này với tôiii nào cũng chim ưng phết đấyy :))),0,0,0.21994751287108721
"phim này quá hay . xem đi xem lại mãi không chán . đặt tay lên ngực "" mọi chuyện đều ổn "" câu nói kinh điển",0,0,0.1155018477038918
tại sao anh cứ mất công giận dỗi trong khi người xin lỗi vẫn là anh =)),0,0,0.23391316368070098
giống y bố tao 🤣 ngoa khủng khiếp nhưng mà nhà tao vui vãi_chưởng 🤣🤣. điểm danh nhà bố học giỏi văn nào 🤦🏻‍♀️,0,0,0.18556891297001313
à thì ra là như v =)))),0,0,0.04598064967086971
"per anh không nặn đi , mai mốt nó sẽ chaii dầy nè hihii :)))",0,0,0.052418505156017085
ngã nhìn cũng thấy yêu 🤣,0,0,0.023796047151820238
"cũng chuẩn , giờ khởi nghiệp vậy phá sản chỉ mấy tháng đầu",0,0,0.09567487824793248
"hôm trước tao đi chơi về đường vắng nên chạy nhanh , vừa qua cua anh cảnh sát chạy ra chặn làm tao sợ chetme vì giấy tờ không có bằng lái thì chưa thi lại còn thiếu abcxyz",1,0,0.08065673688220446
rớt vô đây chắc chắc khóc tiếng thái lan,1,0,0.21345201040664394
đỉnh của đỉnh 🙂,0,0,0.035337886872382124
bà nuốt quả chuối tao cười tao ẻ,0,0,0.0971429543592202
"có những con người luôn phải chịu đắng cay , cta không được chọn gia đình , bạn bè và càng không có quyền lựa chọn cuộc sống này . hãy vui lên với tất cả những gì ta đang có dù là hai bàn tay trắng",1,0,0.38552066361788107
đi bao xa mới thoát đựoc kiếp không có người yêu ? :<,1,0,0.12629809360067887
"gặp cái này "" sun "" mẹ nó vào ... :))",1,0,0.0860206320829879
tội bà vợ,1,0,0.05555110370860679
per 😢😢 miss you .. chính xác luôn ak hậu,1,0,0.06276398421873775
chắc ỉa ra quần chứ đéo đùa -.-,1,0,0.12755943828913985
tôi cùng hoàn cảnh với bạn má tôi củng bệnh và từng ngày từng ngày tôi bên má tôi sợ giây phút má bỏ tôi ra đi và ngày đó củng đến ai còn mẹ hảy quí từng giây từng khắc bên mẹ,1,0,0.29294166942420513
thua cả người ta 😞,1,0,0.09704297875038352
tính ra tao lúc nào cũng hài hước vui vẻ luôn đó trời :)))),0,0,0.06907595251108478
thật đáng sợ,1,0,0.20184117586109346
sợ xanh mắt mèo,1,0,0.17524738712732302
ấy thế mà đã 6 năm rồi . bây giờ còn không nhớ được những đứa nào đã học cùng mình nữa rồi 😪,1,0,0.4179376025359596
"per lại nữa , tao dg suy nghĩ có nên đi bằng rap về không",1,0,0.20997215174534056
per tao thấy tao trong đó ahahahaha,0,0,0.12006370736081355
"em ơi , hết rồi 😔 hết rồi , chẳng còn chi nữa đâu em ...",1,1,0.5738446415817489
hello đồng nghiệp ;)))) không biết nghiệp gì thôi haha,0,0,0.04084258530867639
"cái này ở shop đồng giá 40k aeon có nè , tê tới dái luôn",0,0,0.07048084798291207
nhìn stt đồng cảm khủng khiếp .,1,0,0.04823873809039646
một câu chuyện bi đát :((,1,0,0.23686811772937677
haizzz ... thế là chưa có kq gì tốt đẹp cả ..,1,0,0.08476179033718703
để có được cái nắm tay tuổi già là bao giông bão của tuổi trẻ . mấy ai qua được bão giông ?,0,0,0.1332641799821215
"đấy , nó đấy . con tim tao đau quá .",1,0,0.07899067585707939
gặp em đúng lúc nhưng sao anh vẫn thấy mình cô đơn quá .,1,0,0.20596024739316163
nhớ lại thời đi học xa nhà . bếp dầu ... :(,1,0,0.07238661177842784
"con gấu trúc , cho nó ăn trúc đi =))) tướng ngồi nhìn cưng vãi",0,0,0.07183389113522927
nhưng nó sẽ to và rộng ra :(,1,0,0.16387297548592
haha còn tao thì thấy nó lúc nào cũng đáng yêuc 😄😄😄,0,0,0.14395874134291134
"đừng tin vào lời ong bướm , đó là hố sâu , là cạm bẫy tình yêu =))",1,0,0.048031694837550536
bây chửi kệ bây ! riêng tao thik phá trong trường hợp này 😂,0,0,0.19762867814697718
ở chỗ khác chắc gì có đứa béo như mình !,0,0,0.12260593352712952
"yeahh ! tao giờ đã là khách quen quán trà sữa đó rồi , về nhà cũng phải ráng tạt qua",0,0,0.140281598791982
cái miệng nói chuyện không có người phụ nữ nào có trời ơi thật là có duyên khiếp quá đi thôi,0,0,0.11300286993844372
cưng quá đi,0,0,0.05544390287285517
một phút huy hoàng rồi chợt tắt còn hơn le lói giữa ngàn thu,0,0,0.051596293545260886
"bộ phim này xem rất sướng . và rút ra được khám phá là thứ tuyệt vời nhất chứ không phải bằng cấp . giá như mấy ông "" bộ "" và mấy ông "" ngành "" dành thời gian xem phim này một lần .",0,0,0.029428532415048586
aeon tâm lý thế :)) mày . n vào mua que kem tránh nóng,0,0,0.18960247408423686
per vui quá .. đi dạo được ven hồ rồi 🙂,0,0,0.0678553503230532
thế làm sao dỗ bạn gái đang giận :(,1,0,0.2002596309547429
vãi :)) độc đấy,1,0,0.03891318580015251
tao bị bỏ rơi rồi,1,0,0.39620588797810785
🙁 bị rớt tiền,1,0,0.17158836372446917
phần còn lại là nỗi nhớ và những lần thở dài :((,1,0,0.23831404748921614
"tao rợn hết người luôn , ghi công mày 😑😑",1,0,0.10746452894834513
"đây là tao khi bảo "" tao biết đường mà , tin tao ."" 🙂",0,0,0.1445702671258625
đã sợ chó rồi thì chớ lại còn bị đùa zai như này . ai sợ chó đã từng trải sẽ hiểu :v,1,0,0.40236915141391155
hic hic mình còn chả bao giờ được giận lại ấy chứ :((,1,0,0.24739121709543863
gãy tay,1,0,0.05507982362066486
cho em xin tên facebook của c trong video để khi buồn em có thứ mua vui ạ . cám ơn mọi người,0,0,0.16711783253027884
đợi đến ngày họp lớp đi 😪,1,0,0.08853135679648438
"võ nghệ cao siêu đến mấy cũng phụ thuộc vào hung khí , em biết được điều này lên không bao giờ em học võ mà tự xắm cho mình khẩu hoa cải !",0,0,0.1460629698249945
chia buồn cùng người dân và đất nước pháp,1,0,0.0663888408860893
và khi quay lại nói chuyện với nhau .... biết nói gì giờ huhu,1,0,0.08777231681413096
"lớp 2 xí mót được cái chong chóng , bán lại cho thằng hàng xóm 500d .",0,0,0.07485146603782293
yêu sắp 2 năm rồi mà không biết người yêu kể chuyện cho nghe là gì 😢 đòi mấy lần toàn kêu không bình thường xịu xịu,1,0,0.06253151134306476
buồn cười nhất cái đoạn cã lũ bạn đồng thanh * chó nó lấy * 😂,0,0,0.0690850386353398
ờ công nhận đáng sợ vãi 😭,1,0,0.09269279865576349
đọc nhiều chuyện cổ tích vầy thấy yêu cuộc sống hẳn :)),0,0,0.05153084209286048
giun xào đĩa luộc là ngon ngay 😂😂😂,0,0,0.058319759517347226
mỉa mai cực mạnh =)),0,0,0.038587200325231795
chia buồn với gã lưng gù 😥😢,1,0,0.19772064017481022
con gái hay ảo tưởng như vậy lắm 😌,1,0,0.0866688896309457
có ai thấy tội ông cụ như tao không 😭,1,0,0.13417629977451875
"ê tao cũng hay giữ mấy cái linh tinh lại như vậy để vài năm sau mở ra xem lại có cảm giác hoài niệm , mà mẹ tao bắt tao vứt hết rồi 😢",1,0,0.10444346738368322
"đấy , chỉ có sale như tao mới tốt thôi , tao không bao giờ hỏi về nỗi đau của khách hàng : x",0,0,0.1908286253477999
lâu rất lâu mới gặp được lần rồi liết mắt nhìn cái :)))) chưa thấy nó cười,1,0,0.08345930501139341
ra xong bảo anh ý ship em về nhà luôn được không . xe em bị hỏng mất tiêu rồi =)),0,0,0.32553997291097303
per cảm ơn tôi đi . thấy tầm quan trọng của máy chém gió chưa,0,0,0.08820086154171965
mỗi lần coi lại sởn gai ốc,1,0,0.1191693633533918
khổ nhân viên,1,0,0.05838026614780256
thật sự đọc xong thấy hơi rưng rưng,1,0,0.055434193547156785
phim này hay dã man luôn - có ai biết phim nào kiểu dạng này nữa o 😍😍😍,0,0,0.06563397509765913
nói xong còn chả dám ăn nữa 😂😂,1,0,0.32024236051959615
người trái đất thật đáng sợ mà - _ -,1,0,0.06395333495362143
nhớ hồi mình làm đồng nghiệp ghê :))),0,0,0.0139577162544382
bếp dầu ngày xưa thật ý nghĩa,0,0,0.10540375719405816
có khi nào kết hôn xong nó giết lấy tiền bảo hiểm không,1,0,0.15878182705443317
"per như một cú tát vào mặt , đau lòng quá đi",1,0,0.2441297083611643
lâu lắm rồi chưa ăn được miếng cơm cháy .,1,0,0.12239207988932255
"ước gì con về với mẹ .... đợi mấy tháng rồi vẫn chưa thấy bóng dáng con , mong con vẫn sống ...",1,0,0.3557166154352898
cả ngàn tin nhắn không đổi lại được 1 lần xem :((,1,0,0.1670090655503497
cảm thấy sợ mấy thứ suy nghĩ cổ hủ của người lớn :(,1,0,0.11777233379675985
để nó vậy không thấy tội sao,1,0,0.06746165359245082
nhìn qua ảnh thôi cũng thích =)),0,0,0.058874101008269855
con bé xinh ghê,0,0,0.0810601608533195
"yep . chính tao . đi vệ sinh thôi cũng phải đảo qua , mà giờ thì người ta sắp đi lấy chồng rồi",1,0,0.08193840190730564
cũng dể thương đấy chứ,0,0,0.11093146918428919
phải có bao nhiêu tình cảm mới có thể viết ra được những dòng này ...,1,0,0.17592319657220387
buồn dễ sợ mà huhu,1,0,0.13020553007347827
đẹp trai quá,0,0,0.030558997322479502
"trời đụ , tội bé",1,0,0.07238565804992238
mang anh này về nhà luôn được không 😻,0,0,0.12542735042602216
gia đình thì không còn . tình yêu thì chưa có gì chắc chắn . 😏,1,0,0.1072023411571829
"chơi game :v cấp 2 trộm tiền bố mẹ đốt gần 10tr vào game , cuối áy náy không chơi nữa nên ngồi bán nick được khoảng 2tr cũng gọi là thu nhập đầu tiên :v",0,0,0.1467215746050579
bà về nơi phương xa mất rồi . nhưng với tớ bà là người dễ thương nhất trên đời . chỉ muốn ngả vào lòng ngoại nghe kể về những câu chuyện cổ 😘,1,0,0.32585444098043115
"anh giờ thích ai rồi , không còn giữ câu nói trước kia nữa đâu nhỉ . ừ gần 1 năm rồi cơ mà :((",1,0,0.3536049314505389
nhớ lại kỷ niệm này buồn quá,1,0,0.02180096696127243
còn tao thì 14 / 2 này trở đi tao không còn fa nữa mà chuyển sang những người già neo đơn .. kkk,0,0,0.1365425949373981
chả vị nước mắt à 😔,1,0,0.15574126461756274
ngưỡng mộ quá đi ạ . chúc 2 ac mãi mãi hạnh phúc như này nha :))),0,0,0.0162216834425536
phìm này rất rất hay đôi với ai sống hướng nội !,0,0,0.11515297116907754
:v crush có người yêu rồi,1,0,0.03070476418703212
"trên đường tao đi làm cũng có 2 con , mỗi lần chay tới là nó vương cổ ra như kiểu muốn hút tao trong khi tao không làm gì nó , cứ mỗi lần chạy tới là tao cách ly cả "" nghìn mét "" với nó , thấy nó sợ bỏ mẹ . đúng chất con ngang",1,0,0.35765122806567057
cầu mong chú có cuộc sống tốt hơn ❤,0,0,0.13300118270180333
thề lun anh ấy rất kĩ thuật lun á,0,0,0.050429740035615615
moẹ ! nghe cái tên đã hấp con mẹ nó dẫn lắm rồi đây này ! đjln ??????,0,0,0.2215374247164165
được bác ạ !! cứ lấy vợ giàu là được tuốt =))),0,0,0.060398075775519845
hên là chay ra kip,0,0,0.07394847986135154
per tìm ông bán xoài này ngay cho em 😂😂😂,0,0,0.04431144500107191
cười ỉa 😂😂 thây nó thét mà tao nghĩ dọn xong nó đi luôn cái cổ họng,0,0,0.10838975641810503
hay lắm cậu bé,0,0,0.03685706535408545
có biết bao người có mảnh đời như vậy !,1,0,0.09468945765952577
per =)))) đáng sợ vãi,1,0,0.08798454967954664
hhaahhaah ! t đã may mắn như thế 😂,0,0,0.13924056367319818
maii ban thanh nhung nhớ cái này không hic 😭😭😭😭😭,1,0,0.04652827589883808
uề ... lại li hôn không thành công ... 😂😂. t buồn cười câu này quá per,0,0,0.3060195436383335
per thông minh là đây chớ đâu,0,0,0.08656040271034855
mai xem lại phim nay . phim rất hay .,0,0,0.007402976099857541
khi em nói 2 chữ muốn dừng là nước mắt không bao giờ ngưng . . . đau,1,0,0.46102466183595997
đa ́ người yêuc quá ́,0,0,0.025554188071854486
per anh ơi đừng gym nữa . boxing là đụ rùi :((,1,0,0.06797820154543768
nhà tao vẫn nấu . à mà lâu lâu tao về nấu một lần thì không cháy cũng nát,1,0,0.18474116887375652
tội cho cô gái ;((,1,0,0.052118743920475344
có những người đi qua đời bao nhiêu như 1 cơn gió vậy . vô tình nhìn lại . nó lại là quá khứ ...!,1,0,0.1054832562023128
"rất dũng cảm , đáng yêu quá",0,0,0.027433199525909516
"per ít bửa đi coi , trailer thấy hấp dẫn quá",0,0,0.06577077387516606
per kỷ niệm nè !!!,0,0,0.020784238897135907
cảm ơn mày đã khai phá cho tao thêm một nét văn hoá đẹp :)),0,0,0.08294143129704988
ít nhất con nhện nó còn yêu mày 🙂🙂🙂,0,0,0.09462176702814665
người ghép có tâm 😁😁,0,0,0.08493635699971805
tao cute mà các mày,0,0,0.08555258862564738
cưng ghê,0,0,0.07154389357867547
per chán quá,1,0,0.1558455752117954
yêu làm mẹ gì rồi phải chia tay người ơi,1,0,0.049042224273026104
"ôi những con người dễ bị ám ảnh với quá khứ , ôm nhau cái nào",0,0,0.18202538553020564
định tag anh vào nhưng chợt nhớ ra làm gì có anh nào 😑,1,0,0.08997981587472412
nhớ không em lời hứa ngày xưa mình bên nhau dưới ánh trăng đã nguyện thề :)),0,0,0.1124488973552556
"sau 15 năm cắp sách đi học và 2 , 5 năm không động đến sách thì bây giờ đang tự hỏi đây là gì sao mà giải được . huhu",1,0,0.2169861105432294
cay đắng và mặn :(,1,0,0.09635138300773204
đm thực tế như này còn hay . tiếc là đéo ở gần mình =)),1,0,0.16745642425851534
tuy chưa viết hết nhưng tao người khác sẽ hiểu là viết cái gì,0,0,0.14532086478350856
lúc tối mày cũng nằm mơ nèo nhà mày về . ước gì nó là sự thật 😢,1,0,0.35818341803388776
per dume đái trong quần,1,0,0.18912089270222598
mắt 2 mí dễ thương quá,0,0,0.04283458957297604
tuổi thơ tôi toàn gặp những thằng mất dậy và toàn đánh nhau với chúng . tuổi thơ nợ tôi quá nhiều,1,0,0.2023529579446991
"nhớ lúc trước có thằng bạn học rất giỏi và đẹp trai , lớp phó kỷ luật lạnh lùng và tàn ác không thương sót ai , ghi hết vào sổ . chỉ riêng mình là có thể giật tập nó để chép bài và đánh nó không thương tiếc mà nó vẫn im lặng , không bao giờ bị nó ghi tên vào sổ . kiểm tra quay phao nó giục bỏ và canh cô đưa bài cho chép",0,0,0.07719933925265736
"muốn hun , muốn ngắt , muốn nhéo , muốn tán vào cái mặt nó ghê , yêu vãi ??????",0,0,0.15449586855407926
mình làm ở sài gòn gặp nhiều bạn ở miền ngoài nhưng thích nghe nhất giọng ở phú yên nghe hay hay sau ah có ai vậy không,0,0,0.06883602959130046
lớn lên sẽ rất đẹp chaiii ??,0,0,0.034287916173804917
dễ thương ha,0,0,0.04441764326049975
nhưng đảm bảo coi cái nào là cười sặc cái đó :)) vì nó diễn tệ đến nỗi nó hay,0,0,0.16106450032596129
xem cả chục lần vẫn thấy hạnh phúc lây với cụ bà 😊 không biết mai sau mình có được vậy không,0,0,0.10605993083271949
cho thơm miếng nào yêu quá cơ,0,0,0.04356069231646523
để được maiz ngắm nhìn nụ cười đó nên quyết định chỉ crush mà thôi :3,0,0,0.10023591001885435
đối với tình yêu thì thời gian có tác dụng xây đắp chứ không còn là phá huỷ mọi thứ nữa . ngưỡng mộ hai ông bà ❤️❤️❤️,0,0,0.08563134784827463
kinh dị v,1,0,0.07672962660416204
hồi nhỏ cứ đi qua chỗ nào mà nhìn từ xa thấy bóng dáng mấy con đuỹ này là chuẩn bị tinh thần chạy chứ nó dí sấp mặt luôn dù mình đéo làm gì nó hết 😂 vừa dí vừa ngoác mỏ hét sợ vãi ra,1,0,0.3839870508341037
"em cũng đi lead này , nhưng đừng gọi em là ninja được không , xin luôn đấy",1,0,0.1919537541696
sợ vãi linh hồn,1,0,0.09562972439655737
giống ml em tao hồi n nhỏ vãi . muốn ngủ với mẹ nhưng bị tao nịnh nọt bắt lên ngủ với tao :)),0,0,0.28743851261999065
ôi vãi mình lên fan cứng rồi cơ 🤗,0,0,0.12215563060476398
bé gái đáng yêuc quá :))). dth nữa,0,0,0.03379018371314302
hôm nay anh xin lỗi em về những việc anh đã làm hôm nay .. anh không thể kiểm soát não anh được nữa rồi 🤫,1,0,0.2778532358682628
từ nay tôi quết định nuôi dưỡng con chim tôi tới già . và tôi mong được unesco công nhận kỳ quan thứ 8 của thế giới,0,0,0.2907345180987267
và đó đéo phải là tao =))),1,0,0.08073769187508352
ngọt sớt :))),0,0,0.03663747194671525
một sinh vật xinh đẹp và hiền lành . tiếc cho nó quá,1,0,0.017012070965547084
sau khi bố xem video của con xong thì bố rút ra 1 điều . bố không chỉ chửi con lúc con cầm đũa mà bố sẽ chửi con cả ngày thân ái ... yêu con,0,0,0.2972380812056154
đẹp quá v 😍😍,0,0,0.023284148260833297
xin đi chơi với bạn ngày tổng kết không cho cứ bắt học miết :)) khá mệt,1,0,0.25277053284580586
cảm động quá hjxhjx,1,0,0.0645568905182659
cuối ngày hình ảnh của ông bà là đẹp nhất ... chúc ông bà mãi hạnh phúc sống thật lâu lâu nhé 😘😘😘,0,0,0.03190629345719541
nhìn đôi bàn tay đã biết phải lao động rồi . chị có lấy trai việt không :)),0,0,0.10538431286236467
là crush ông nào thì chạy ra bế vào nhà dễ dàng có người yêu :),0,0,0.08036882340875647
ngáo cỏ này đáng yêu nhỉ,0,0,0.032834438974370495
ai cũng nói tao đẹp troai . hiền lành nhưng chưa biết lúc tao lên cơn 😂😂😁,0,0,0.18045705676022258
nó mới ghé nhà tao đây :)),0,0,0.07057255568529937
đái mẹ ra quần,1,0,0.15263380086725978
tao ngồi tao khóc 1 buổi ☹️,1,0,0.22897078784855976
ra xã hội rồi mới biết mình còn may mắn hơn rất nhiều người vậy nên hãy trân trọng những gì mình có 😊,0,0,0.22585700845634166
cưng thiệt chớ ????,0,0,0.03923909215868371
ý tưởng hay 😂,0,0,0.062078550711327035
nó thả thính xong nó chạy mất ..,1,0,0.10791704465874973
đang chán đời cắt tóc xong là chán cái mặt hơn chán đời luôn :((,1,0,0.30697915335292525
ai thấy pha cuối phê vãi không,0,0,0.07683950834447131
lo cho thang bé lỡ rớt điện thoại xuống nước thì ....,1,0,0.09533465717851333
tim vỡ nát,1,0,0.11176097125871216
per em hiểu sao anh đưa em quyển sổ rồi nha kkk,0,0,0.10341313869774262
bộ phim truyền cảm hứng hay nhất =),0,0,0.016154134250337994
"mai tao ăn gà , chụp hình bình luận lại cho mày thèm chơi ??",0,0,0.08571450895706843
"theo mình thì không nên vì định kiến xã hội quá khắc nghiệt , họ sẽ bị tổn thương và nghĩ quẩn",1,0,0.3267926436067933
"hôm nay ai có vàng bán hết đi , tuần sau mua lại , lời vãi .",0,0,0.07630288795080915
ai hát tao cho tao nge bài này chắc tao say quá,0,0,0.031490080616585654
thằng đoạn cuối mặc áo hồng đang định gải đít nhưng vì thấy rắn nên anh ấy đã hết ngứa,0,0,0.0910845133525739
khoảnh khắc mày nhận ra mày còn đéo bằng 1 thằg nhóc còn trong bụng mẹ :((,1,0,0.2794444001103752
đem người đó ra biển cho biển cuốn đi lun .. hihii,0,0,0.09347435785043706
hên crush nay ăn chơi lành mạnh,0,0,0.03928476859519085
nhiê ̀ u biê ́ n đô ̣ người kha ́ thu ́ vi ̣ =)),0,0,0.06439479053357314
nhiều lúc em di từ từ chưa kịp đỗ đã có n ra bảo không được đỗ ở đây chán qúa,1,0,0.4513196326898727
phim này là người cha zombie yêu thương con nè . xúc động quá 😢😢,1,0,0.047290690410600855
nhìn giống mấy đặc vụ của cia . sợ thế :)),1,0,0.046916789957475453
per vậy cug nghĩ ra được haha,0,0,0.07628419759925192
có lúc ngồi một mình mà cảm thấy lạc lõng lắm các cậu ak,1,0,0.23396277579097138
buồn cười vãi ý,0,0,0.22677511462723998
"gắng , nhanh khỏi bệnh rồi về bên anh",0,0,0.09871675103034579
per giải trí =))),0,0,0.031008047552903706
nụ cười của tôi thiên thần vãi,0,0,0.29002351361573475
per người yêu công sở nè 😂😂,0,0,0.04035388329089122
gd năm nay chán,1,0,0.24528349993382387
chúng ta mất 3s để nói yêu nhau vài 30p để phịch nhau phải không nào,0,0,0.042769149497090625
phim hay thật nhưng cái kết hơi khó hiểu :v chốt lại là đáng đồng tiền bát gạo :v,0,0,0.05862896159948913
em không muốn chúng ta già đi chút nào . điều đó đồng nghĩa với việc cta sắp xa nhau 😔# n,1,0,0.10286186284590323
"khi bạn làm con b sẽ khóc , nhưng khi bạn đã làm cha mẹ bạn sẽ thấy đau lòng .",1,0,0.3558763922216207
ông trời cho mình lũ bạn cờ hó quá ấy mà :),0,0,0.046181003310729385
biết là đau lòng nhưng sao bản thân vẫn muốn biết nó,1,1,0.5749421817729815
có duyên nhưng không có phận ... người ở lại vẫn luôn là người đau nhất !,1,0,0.07371214828122104
nào tao cũng phải thử =)))),0,0,0.07169160170519748
"đỡ mua 5k tiền sổ rồi , kaka",0,0,0.06351784926069592
đẹp người đẹp cả giấc mơ 😊,0,0,0.06391485045109158
per tao cứ thấy giống giống mày :))))),0,0,0.09669725520362803
phận làm con trai haizz,1,0,0.13308398314123618
thà chia tay rồi ghét hận nhau còn hơn là đang lúc dang dở thì mất nhau 🙂,1,0,0.18971114480158285
phim xem hay ... nhẹ nhàng tình cảm ... và cười vkl,0,0,0.07813861400712932
không thấy không biết lòng không đau,1,0,0.2585154615500647
"úi sời , gần chỗ mình này",0,0,0.2734179658781076
"từ nay sẽ không cap màn hình ib nưa , thật tội lỗi tội lỗi",1,0,0.08732370930774755
uất quá anh ấy cũng phản ứng cãi lại . hì hì đáng yêu quá,0,0,0.023674681043899505
hahah tao chưa nghe hoàn chỉnh bài này lần nào,0,0,0.07714306853539313
"những người trẻ với tấm lòng nhân hậu , các bạn thật đáng yêu .",0,0,0.026228889957819124
đến năm cuối đại học rồi lúc nhớ lại đéo có gì :)),1,0,0.0680415973975957
đm nhậu say gặp cái cầu lol này chắc tao nằm xuống mẹ cho rồi per,1,0,0.13591787787265552
là nhìn người ta đi cạnh 1 cô gái mà bất lực không thể làm gì ngoài việc ngồi nhìn và mỉm cười,1,0,0.22302935328911644
đoạn phim này tốn khá nhiều nước mắt của người xem,1,0,0.06512188925514688
đọc bình luận cười ẻ,0,0,0.11830097178048998
t có 2 con bạn thân nó thì cao trọc trời còn tao thì ... . buồn,1,0,0.24789229295071727
dẫu hiên ngang giữa đất trời gặp con vợ đểu thì đời cũng xong,1,0,0.11058923808818914
"hahaa , đợi em ngủ chút tí ròii buôn :))",0,0,0.09026678308441957
t định thả sad nhưng đọc bình luận buồn cười vailon 😂 nên thả hahaa :v,0,0,0.20450072779842296
sao nỡ lòng nào khiển trách bác ấy . còn họp kiểm điểm nữa . tội quá .,1,0,0.16237735889527735
t gặp quả này thì bỏ xe mà chạy ??,1,0,0.05246110993127437
"phải nói là hài tàu hay thật đấy , luôn li kì và khó đoán kết quả , ý nghĩa thì thâm sau . hihi thích rồi đó",0,0,0.07979972413522776
"đúng rồi , kiên trì thêm một chút nữa đi ! :v",0,0,0.1191133513888956
ngoài kia ! còn có rất nhiều điều tốt đẹp vẫn còn trên thế giớ này ! hy vọng những điều tốt đẹp luôn diễn ra từng giây phút ..,0,0,0.09214157558162393
đã check rồi lại còn đoán :)) em vui tính giống anh đấy :)),0,0,0.05920555368487696
per cảm ơn mọi người . do em thích mấy cái văn hoá tưng vùng để tìm hiểu,0,0,0.13382209566981057
bé tí mà đã có múi rồi :))),0,0,0.052137823865395914
thấy hơi sợ sợ rồi đấy :(,1,0,0.14440220053346278
nhìn lũ trẻ yêu nhau mà lòng già xao xuyến,1,0,0.0177621293315532
per hồi ở tam kì hay nghe ... giờ nghe lại buồn ds,1,0,0.11220487440846989
"crush đi nhậu rồi say , rồi bị thịt ... hic hic",1,0,0.1368532437881632
lùn lùn làm sao sống qua nổi những chuyến đi phiêu lưu như vậy,1,0,0.12304049739169222
cảm động người thầy đưa học sinh đi làm hồ sơ 🙄,0,0,0.08546397180793561
hôm nay đi qua vẫn thấy nói chuyện thải chảy thẳng ra sông thì bao giờ mới sạch được ... haiz,1,0,0.17680545392052355
tao còn không dám ăn nói chi ruồi .,1,0,0.32784826250685634
việc đớn đau nhất . là nhường người mình yêuu nhất cho 1 người khác 😔😔😔. chỉ vì đơn giản không muốn ai phải đau buồn,1,0,0.31940545665727405
cách xử lý thông minh,0,0,0.10925737887214163
má nó thú dị thôi rồi 😂😂😂,0,0,0.0849921801742925
thì đúng là sẽ không buồn vì thất tình nữa :((,1,0,0.1595909673096344
sợ vãi tè ăn độc 2 quả mọc luôn 2 cái nhọt ở mông đíu hỉu,1,0,0.03778895168077602
"tao thì chưa cắt thì đã đéo có sức hút rồi cắt , bùn vãi",1,0,0.20498032784574333
xui thôi chứ quyền đang hay mà 😢,1,0,0.09147513981150136
một năm đầy biến động và thăng trầm của nước pháp ☹️,1,0,0.4056639946150883
per nhờ mất bạn nên mình mới biết 😂😂😂😂,0,0,0.10099725104362793
chạm đáy nỗi đau 😞,1,0,0.14220760409906322
"nhìn một cái rồi thôi , chuyện của những năm trước",1,0,0.04421532364727798
không ngờ tin nhắn riêng tư cũng phải kiêng nể nhắn tin để lỡ có bị chụp vẫn thấy chả sao,1,0,0.08369330205278531
mỗi mùa trung thu đến nhìn người ta mua bánh tặng nhau mình lại thấy chạnh lòng ! 😞,1,0,0.026758446612953225
t chắc bỏ nhà ra đi khi ở với bố mẹ kiểu này quá . vẫn may bố mẹ tao không hề giống này tí nào,0,0,0.1890584723419179
per ơi nhột nhẹ kkkkk,0,0,0.06946731020254918
t thề với mày là tối thấy cái này chắc đái con mẹ nó ra quần,1,0,0.16574723812890904
dự là 30 mà 30 sợ già quá chả chó nào nó rước . năm nay đã 26 rồi mà vẫn chả ai thèm yêu 😔😔😔,1,0,0.08469122650907364
nhớ con gái tao quá :((((,1,0,0.04697506052927523
per nhìn mặt cưng gê,0,0,0.06539122773035592
mỗi lần chạy xe ngang kv bình chánh là cảm thấy sợ,1,0,0.13349572767881251
còn gì đau hơn,1,0,0.12491642680563067
"mới đây thôi mà đa 3 năm rồi , những ngày chia tay buồn đó :((",1,0,0.23356850125599293
các anh chị hãy nói với em đó chỉ là diễn xuất mà thôi . và tình yêu như vậy chỉ có trong tiểu thuyết mà thôi .,0,0,0.07646178186800648
nhỏ ngầu lớn lên nhìn bê đi =))),0,0,0.03620491823568737
"chia sẻ cho anh em , haha",0,0,0.043649242664291
per đứa nào nghĩ ra được cái qcao hay vãi ...,0,0,0.08987053259759091
trời ơi tao chóng mặt quá đi :((,1,0,0.10728616479375858
"công ty nào nhận bạn không quan trọng , quan trọng là ai giới thiệu bạn vào công ty 🤣🤣🤣🤣",0,0,0.11581009822960152
tao học nhân sự đây còn đang lo thất nghiệp đây này,1,0,0.14566790184957337
"mình sợ nhất đến bữa ăn mà bố mình vác cái thớt vào mâm cơm , bố mình biết mình sợ vậy nên mọi chiện giải quyết sau khi ăn cơm xong ,",1,0,0.1584985635897417
tôi đã xem đi xem lại 3 lần và xem lại lần hai mới hiểu hết nội dung và thấy hay hơn khi xem lại lần 3 . ai chưa xem hãy vào xem thử 2 lần !,0,0,0.17700496080709124
"cả 2 bà đều mất khi mình nhỏ , không hưởng thụ cảm giác này rồi",1,1,0.6089104564479016
per được đi thi chưa babe 😂,0,0,0.04731549257649401
"cảm ơn cha mẹ đã cho mình hình hài này , xin được khôn ngoan để đừng làm đau người khác",0,0,0.11926992846662418
cười lộn ruột,0,0,0.1289155518987952
hôm đấy bổn cung về quê báo hiếu cha mẹ .,0,0,0.08812103814874149
"a nói là anh làm ngay đấy , các chú đừng đùa với anh 😂",0,0,0.0250775920940434
nếu 1 ngày per theo thằng khác và per cũng có bỏ bạn mà đi thôi huhu,1,0,0.06516740085765785
nghe hay,0,0,0.009027724629833332
"khi xưa bị rượt 1 lần mà nhớ đời , còn mổ tao nữa chứ 😨😨😨",1,0,0.2705347542973573
nó sẽ thì thầm tai mày “ dượng đây “ 🤣🤣,0,0,0.23354512292982357
mất bà cái tuổi thơ -.-,1,0,0.1666691912812856
"hồi nhỏ đi học phải ngang qua nhà nuôi ngỗng nó dí chạy thấy bà luôn , ngày nào cũng phải cầm cái cây theo . thề luôn tới giờ tao vẫn còn sợ con này khiếp luôn 😭",1,0,0.12840469982551686
"má , dume cười ỉa :))))",0,0,0.08125407991471156
"per đây là thằng con trai vừa đẹp còn có não , mong per học hỏi ! xin cảm ơn",0,0,0.13849813299171515
thông minh vãi,0,0,0.07865569724702903
nhìn mặt là cười phọt rồi,0,0,0.14310354597740207
chắc là vì em .. đi lấy chồng 😥,1,0,0.11815667037770206
nghe lại bài này thấy chột dạ vãi,1,0,0.02490371626056169
dễ thương kinh khủng . bởi vậy mới nói mấy đứa yêu nhau là lầy nhất,0,0,0.03245506169593354
khi đã đổ vỡ hàn gắn lại chắc gì đã được như lúc đầu :'<,1,0,0.15800038921806392
ngày xưa mìh cũng thế . dume thấy mấy ông đứng đầu đường nhòm nhòm cũng phải lượn qua cái :)),0,0,0.06640627532053656
per ê tao với mày mà đi cái cầu này chắc rớt ngay bước đầu quá 😢😢 đã mặp rồi chân lùn nữa đi qua bằng niềm tin,1,0,0.19785633488948284
ae phục vụ ngày xưa của mình đâu rồi . sao thấy thương bạn này,1,0,0.13246675893016885
phim chuẩn chưa này =)))),0,0,0.01617279314573851
t chỉ muốn khoe là tao vẫn được nghỉ 1 tuần nữa =))))),0,0,0.2092400008747903
hi vọng hòa bình ở triều tiên sẽ không còn xa nữa . goodbye ! # per,1,0,0.1798183717249635
có móng tay dài cũng khổ,1,0,0.20594388274709022
sau nay em cung uoc duoc nhu vay ❤,0,0,0.1343474965634975
có đứa nào vừa xem vừa sờ tai mình không ? sợ vãi :<<<,1,0,0.27345640891269973
"tự nhiên nhớ đến hồi bé , đi kiểu nào cũng bị ngỗng rượt chạy té sấp mặt luôn , nhiều khi nghĩ sợ nó dí hơn sợ mẹ đánh",1,0,0.2793682184394302
tao lại sợ mày quá cơ :))),1,0,0.08258532216125161
hay bị giật khô trên đó rồi :(,1,0,0.17420168791046067
"phim hay , nhưng mà lần đầu xem là cùng nyc nên .. 😐",1,0,0.07520794455414159
"em cũng như con chó thôi , nếu anh đủ kiên nhẫn thì mọi chuyện đã khác rồi 😪",1,0,0.17962321150242225
làm công nhân đã khổ rồi mà tụi nó còn nỡ lòng nào hại người ta nhắn tin,1,0,0.1966325358526035
ngày trước nấu cơm . đun rơm . đốt được hơn 10p mới nhớ ra chưa cho nước . hỏng cả nổi cơm huhu,1,0,0.0459140805999904
lúc ra hà nội ở ngay phố đào tấn mà không biết chổ này 😢,1,0,0.1319788544807485
má lỡ té xuống 1 cái tao nói lên tắm 8 năm cũng đéo sạch nữa,1,0,0.23783913353327923
tận cùng của nỗi đau 😑😑😑,1,0,0.13085515831124836
chuột mà làm như người vậy .. ít hôm nó gặm cả rắn cả dây thì thấy mẹ ..,1,0,0.12739045741585608
em này xinh vãi các bác ạ .,0,0,0.06840714849271344
ai bảo con trai yêu không nặng tình ? :'(,1,0,0.15186581398203047
tao thì ngược lại .. cắt xong nhìn như thằng trốn trại vậy,1,0,0.11850428428381322
tên thì tất nhiên nhớ nhưng ngày sinh của tao thì ông bà bô nhà tao không một ai nhớ cả ^^,1,0,0.12091207451612673
"nhớ trung thu năm ngoái , đứng nhìn các cặp tình nhân ôm hôn , nắm tay nhau ... chạnh lòng lắm !😞",1,0,0.03771572544790427
thôi mày cố lên . đỡ rồi cũng tốt,0,0,0.15667165522121893
🙄🙄🙄🙄 tao cũng thích kiểu kể chuyện trước khi đi ngủ . cho đến khi tao ngủ luôn . mà đéo có ai hết . buồn đời,1,0,0.16624797731179064
"nhìn 1 cái , cười 1 cái rồi về thôi",0,0,0.1449640766026983
thật chứ thấy bạn nam kia cứu con chó không cần nhìn mặt cũng biết đẹp trai rồi 😆,0,0,0.2811612784401348
:))) mình sướng mà mình không biết hưởng nhìn lại những mảnh đời bất hạnh mình nguối mặt thẹn gấp 100 lần,1,0,0.13874325843485746
oaaaaaaa ...... thực sự rất tạo động lực và niềm tin cho người khác đó < 3 rất thích nụ cười và sự thoải mái tự tin của anh chị < 3,0,0,0.2458016130195373
"per nhà giáo áp lực quá nhỉ , giống làm dâu trăm họ .",1,0,0.24340894021414933
"thường thì người thuận tay trái sẽ bị bệnh này :v , riêng tao thuận vả 2 tay nên chả sao",0,0,0.0976439436658952
trò cười . :v,0,0,0.203757186381038
tội cho mấy thằng đang xoay tiền mua bánh trung thu cho vợ thằng khác ăn,1,0,0.04748430115996016
tội thằng per vãi,1,0,0.05544747371704062
nhìn con bé thấy cưng ghê chị ơi,0,0,0.04798181599840556
tao cũng ước mình có 1 tình yêu như ông bà ❤,0,0,0.09631471063719903
đi chơi lụm được tờ 2k rách mua băng keo 5k dán lại tờ 2k 🤔,0,0,0.0667840505242999
"các cháu thật tốt , hãy thương yêu mọi người và cả loài vật nhé , may mắn và niềm vui sẽ đến với các cháu .",0,0,0.024374410753607353
per con nhện cản bước bé xuống cầu thang =))))),1,0,0.07456274442782468
"chẳng phải chuyện hài nhưng sao tao thấy buồn cười quá , chắc thần kinh có vấn đề",0,0,0.33827746148537646
đồng cảnh ngộ :(,1,0,0.02166876833591053
con ước mình cũng có 1 tình yêu đẹp như ông bà vậy < 3,0,0,0.08163233656701929
per phải nói là hiền quá hiền luônnn 🤣,0,0,0.05274933329062524
cô ấy hết thương tao rồi,1,0,0.207993542603013
phải tự cho mình đau lòng nhất thì mới bỏ được,1,0,0.23421249477148195
"đang học sử buồn ngủ , xem cái này tỉnh rụi liền =))",0,0,0.07945222882075789
thớt là gu của tôi :))) yêu quá hiuhiu,0,0,0.02997836365249363
mới có 3 năm thôi mà ... vậy mà chúng ta còn không tụ họp được lần nào cả,1,0,0.1306456830883067
đấy mới là điều càn đó . huhu,1,0,0.06302355731637424
thanh niên leo lên cao để theo dõi thời tiết để thông báo cho người dân đi cấy thật cảm động,0,0,0.020168757976505605
quen với quên rồi thì hết đau thôi mà,1,0,0.13848522457528128
"động lực là tình yêu , gia đình là nơi để về hihi",0,0,0.19274129953345878
nếu chịu khó đặt vào hoàn cảnh của nhau mà sống thì cuộc sống đơn giản hơn rồi đó,1,0,0.142566575195125
vì bạn chỉ là con trai nắng hoặc em gái mưa thô :(,1,0,0.18757372363076602
"quỷ cái chứ ma đâu mà ma , haha",0,0,0.09183057048538953
cười ị :v,0,0,0.21059925344996774
"vãi cả phí , có ... 81 tỷ hoy 😓",1,0,0.11141527728450124
có lẽ vì vậy nên moi thứ trở nên thật khó khăn lúc này :(((,1,0,0.23011483364601965
ai giúp bé với hix,1,0,0.10589163117809987
ôi cháu taooo =)))),0,0,0.0332247909959102
chỉ có được cái chữ đẹp . hihihi ...,0,0,0.0980771891418599
nhớ đến lại buồn . chuyện tình chúng ta chẳng đi được đến đâu cả,1,0,0.0907261069878071
tao lại thích chua lè chua loét chứ :))),0,0,0.09256755504090473
dume đêm ròii =))) tao cười vãi tí hàng xóm qua đánh bỏ mẹ,1,0,0.2563801397091969
gặp tao cũng thế :))),0,0,0.06619778901355018
năm xưa mày cũng ôm gối đứng cửa phòng c như này này per 🤣🤣🤣,0,0,0.3345861614745608
"nói chung thánh này không ai ghét được , trừ hlv kkk , dễ thương gắp trăm thằng pogba ,,, mong cho thằng đó nhanh biến khỏi mu",0,0,0.17531932084468071
per nhớ cái này không bây kk,0,0,0.09002335606632557
"vợ mình cũng thế , mấy lần đắp mặt nạ dọa chồng :v được cái mình chơi game kinh dị nhiều nên đếch sợ =))",0,0,0.17815817440978665
vèo cái đã 7 năm 😕,1,0,0.10083094075318914
các mày trốn đi bọn chủ tịch đang đến kìa 😨😨😨,1,0,0.11599278009114314
kích thích vãi,0,0,0.13341313853808065
tao hiểu rất rõ cảm giác của em ấy ....,1,0,0.3674553816356307
cay đắng cuộc đời 😞 một chút vị mặn của mồ hôi nước mắt,1,0,0.16806983460165673
cãi tay đôi luôn hahhaa,0,0,0.08107283502528005
có hôm tao đang vương nỏ tính bắn vào con họa mi đang đậu trên cành thì ai ngờ nó phản đame đứt thun dội ngược vào mặt từ đó tao không còn chơi nữa,1,0,0.29714347686761156
"per hồi nhỏ bị con đỉ này dí lòi lol 😂, bị cắn bầm đen muốn thúi thịt luôn cả tháng hơn mới hết . mà đươ ̣ c cái con này nuôi nó giữ nhà cửa hay , có nó không sợ ma quỷ gì hết",1,0,0.34826269111961267
nốt hôm nay thui . thui không ngĩ đến và bắt đầu từ bỏ 1 thói quen,1,0,0.12610804856551613
"không biết khuyên thế nào , nhưng chỉ cần bình tĩnh 1 xíu , dù gì thì cũng đừng tự sát , đời người chỉ sống 1 lần thôi ...",1,0,0.49535244377099513
"tôi xin nhắc lại , đây là một câu chuyện buồn",1,0,0.22709663391377208
chưa cho ba mẹ được gì . vậy có quyền gì mà đòi phàn nàn về những thứ ba mẹ đã rành rụng bao nhiêu năm để lại cho mình,1,0,0.1390426804691607
vì tao xấu và chúng nó chỉ thích gái đẹp,1,0,0.027541286879766796
năm nào mà tao chã cô đơn,1,0,0.25189955495330224
"cũng như đàn ông gục ngã trước cô gái nhiều sắc ! đặc biệt là 50 "" sắc "" thái 😂😂",0,0,0.17843025534679555
tui nhớ anh quá à :(((,1,0,0.04076982837117023
tập có lỗi với thằng quay phim mà tao xem ba lần tao vẫn cười đứt ruột,0,0,0.088006158705245
per mới bắt đầu tuần thánh mà chúa ơii,1,0,0.07336928872532447
hiện tại mình chưa người yêu bạn nam nào chưa có người yêu thì lo cua mình đi nhá đến khi mình có người yêu rồi thì đừng hối hận đấy huhu,1,0,0.08340395131027774
hahaa ngọt vãiii :)),0,0,0.039282117930524565
vl đánh đòn hic :))))),1,0,0.056924161064304354
tôi khóc lun ... huhu,1,0,0.39996285236161866
"hồi nhỏ đi ngang nhà hàng xóm con quỷ này dí tao từ ngoài đường vô tới trong nhà tao nó vẫn không tha , ba mẹ tao nghe tao la chạy ra chụp cổ nó quăng ra sân nó mới chịu đi . ám ảnh tuổi thơ 😅😅😅",1,0,0.3506670534262184
moá hồi hợp chờ main thắng ai dè thua bởi cái mông huhu,1,0,0.05733862534314918
nói thật gia lai nói riêng tây nguyên nói chung xưa nhờ vàng đen '' hồ tiêu ' và vàng trắng ' cao su ' mà người dân có dư cái ăn cái mặt bây giờ thì thua rồi bỏ đi tứ xứ .. một thời,1,0,0.15729208415349896
per tôi đợi ngày nhận thiệp cưới của ông,0,0,0.06225977665842435
ngoài mấy cảnh nhảy múa hát hò vớ vẩn ra thì phim hay,0,0,0.0430382672006522
đm chơi mất dạy vãi . tưởng khúc cuối là gì dume làm giật mình 😒😒😒,1,0,0.1646889365179323
quá nguy hiểm,1,0,0.03733714128462192
dume con ế đọc tổn thương sâu con mẹ nó sắc :((,1,0,0.4012290261337561
hoá nhện tỏ tình đấy :)))),0,0,0.03531999752684436
đây mới là công an của nhân dân việt nam cảm ơn bạn nhiều điều tốt đẹp hơn nhé vanew,0,0,0.01893235136695529
per nguy hiểm luôn rình rập xung quanh chúng ta :((,1,0,0.02851961447139429
per coi phim này chắc chết luôn trong rạp 😂,1,0,0.17251003022488381
per :))) không bù cho nhũng người như cta,1,0,0.05904402034125396
ghét nhất mấy loại bép xép thế thôi . nhanh gọn lẹ 😂😂😂,0,0,0.035790131173208846
chúng mày có thể bỏ ra 30s thả tim vào avatar coi như lì xì muộn cho tao được không ? chưa bao giờ được 30 tim buồn v . lol 😭😭😭😭,1,0,0.2000425951796504
:) đàn ông mà nặng tình vãi lol ra,1,0,0.08040292357173208
sợ ngỗng còn hơn sợ chó :))),1,0,0.11160498443632767
per tao thấy mấy ảnh thật đẹp trai,0,0,0.06349098845214701
per người đừng hành hạ tuôi như thế nào nữa,1,0,0.1491330731899981
còn quá nhiều mảnh đời bất hạnh ☹️,1,0,0.10655507768186694
per mệt quá mấy con ơi,1,1,0.5142465178897105
cười vui vãi,0,0,0.1634827432406512
"ai nói kết có hậu , đầu khấc mất vợ tương lai kia kìa",1,0,0.26033956429504673
từ đầu năm giờ chắc chụp 10 lần rồi huhu sợ quá 😭😭😭,1,0,0.21300847545606263
"kết mỗi câu ru con ngủ để vợ đắp mặt nạ làm đẹp , 10đ chồng tốt =))))",0,0,0.06454114747934506
bếp ga hj hj 🤣🤣🤣🤣🤣🤣,0,0,0.06114716459470888
ly hôn cũng phải hoành tráng chứ .. còn phải làm to hơn kết hôn mới được 🤣,0,0,0.19078349867821645
chuẩn rồi bác . :)))),0,0,0.03677350549726208
gia đình ổn tình yêu không có thì cần gì động lực ... kaka,0,0,0.2327796714890402
giờ anh gù lấy đâu ra chỗ ở :'(,1,0,0.15043364340316853
hồi đó khoái cái này lắm,0,0,0.0666240248625396
"chưa nói chuyện thân thiết quan tâm , mới xã giao thôi đã lầm tưởng rồi ấy chứ , haizz khổ lắm",1,0,0.4058441280041947
buồn cười 😂😂,0,0,0.25804903457449535
"muốn em vui vẻ đơn giản lắm , chỉ cần bao ăn bao xem phim tuần 1 lần thôi hỡi các đồng nghiệp ơiii 🤣",0,0,0.13373305826953796
"còn tao nhé , hơi bị ngon",0,0,0.19686891765062814
muốn bảo vệ và chăm sóc người đấy,0,0,0.1370681890051622
địt mẹ vừa đi ép lại kính xong giờ tan con mẹ nó cái kính rồi 200k của bà mày đấyyyyy !!!!!,1,0,0.21346658720729858
đây là video hay và ý nghĩa 😊,0,0,0.016066912491132762
"t thề mỗi lần dọn phòng sn này thì banh kem , pháo kim tuyến . đủ các thứ . khóc mà bụt nó đéo lên",1,0,0.16094709875180105
dịch vụ tận tâm . đáng yêu quá ! : x,0,0,0.03253884784957672
khoảnh khắc nhận ra đồng nghiệp mình is the best :)) nguyễn ngọc thái hiền,0,0,0.0375954877339797
mai đi học mà mình quên cách cầm bút rồi huhu :<,1,0,0.1565751450470556
thật đúng đắn khi đã follow page này !,0,0,0.0771189701846226
tình yêu lớn lên sẽ mang người con gái ta yêu thành gia đình . family is all,0,0,0.07949384539846858
đồng nai mùa chim nướng yên xe kaka,0,0,0.04605279114173086
phần này dù xem lại 100 lần vẫn bật khóc tình cha thật phi thường,1,0,0.10401777219816093
cũng có nơi gia đình khá giả mới có nó !,0,0,0.1654151095627837
cứ mỗi lần có phim hay là xách nhau đi 🤣,0,0,0.03075410431101698
tao thề tao rất sợ ma quỷ nên tao rất không dám xem phim,1,0,0.11277386370056323
- mấy bạn đừng có đổ mình nữa nha 😞😞. mình ngại lắm 😞🤣,0,0,0.09644806210546315
sợ vãi =))),1,0,0.06406470349427308
per nguy hiểm quá mày ơi 😩😩,1,0,0.0752496433988348
t thì thik cầu này vãi ... kiểu mấy người năng động thì sáng nào đi qua cầu này cũng vui,0,0,0.1459061152532504
khung cảnh ấy cuộc sống đấy mỗi lần được xem yên bình nhẹ nhàng cực ! yêu bạn ấy,0,0,0.07579012132473413
"đẹp , dẽ thương mà",0,0,0.0521031682401447
"bỏ ghê người ta ngồi ngại đều phải mua nước thoii , ý tưởng hay :)))",0,0,0.06661579749420735
mười mấy năm nữa tao cũng sẽ đạt kỉ lục thôi 😂😂😂,0,0,0.11024054272692622
thanh xuân là để bỏ lỡ 😔,1,0,0.05807233015681873
mấy chị làm chung rất ư là dễ thương luôn,0,0,0.035491324192315016
"trượt rồi , còn đâu mà rủ 😞",1,0,0.09528431933901808
tự nhiên thấy cảm động hic,0,0,0.1513514994337859
ngầu vãi lìn luôn á :))),0,0,0.03315054385036179
cay đắng vãi 😌,1,0,0.07815174686464318
giờ tao mới nhớ tao đã từng :)),0,0,0.06960566496937144
nhìn cái ngành giáo dục việt nam bây giờ ai cũng mệt mỏi,1,0,0.4717326111620827
:( cầu chúa ơn nhiều ban bình an cho những người kém may mắn như vậy,1,0,0.06089199918659216
moá . vẫn nhớ hồi nhỏ bị ngỗng đuổi . đù má tao mới là đứa bé ngây thơ hồn nhiên thôi mà dume tao sợ tao ám ảnh đến bao giờ huhu 😭😭😭,1,0,0.16550930560479465
vk em nó bảo bếp gas các bác ạ 🤣🤣🤣🤣,0,0,0.05979770208910659
xem tới đây dume ứa nước mắt 😞,1,0,0.15108138797877282
an ủi cũng ghen à :(,1,0,0.20756952914309432
không may thụt chân xuống thì sẽ như thế nào nhỉ chắc là thốn đến tận rốn,1,0,0.11282881535630612
"per một thời mình ở bên nhau 😘😘😘😘, nhớ ghê",0,0,0.04988456374028406
thề chứ .. phim nay xem đi xem lại không thấy chán ... vẫn như mớinxem vậy,0,0,0.08912580550574066
họ đáp vì phép lịch sự còn mình vì yêu mà chủ động vì quan tâm mà hỏi đủ điều ..🙁,1,0,0.08443308362170963
hạnh phúc to nè,0,0,0.028128873190581858
"thôi xong , biết thế tém tém lại .",1,0,0.13771190066786554
"ba cái đồ yêu , 1 ngày 2 lần nấu đây , ngon bá cháy bọ chét nhé , thơm mùi khói nữa …",0,0,0.11835788659338206
thân là người yêu mình mong cậu có thể giống được như đôi mặc áo nâu ❤️,0,0,0.2360946328962465
"ngàn cân treo sợi tóc nhỉ , csong mong manh quá",1,0,0.10979016292147314
"năm nào cũng đi cho có không khí xuân vậy , không đi thì thấy thiếu thiếu . nhà tao cách chợ 10km",0,0,0.11183213679365414
":))) ở đoạn đó hồi năm nhất tao "" được "" họ lấy 100k , vì sáng sớm đem duy nhất 100k trong túi , thế là nộp luôn :))))",1,0,0.052775023919342176
dã man quá ..,1,0,0.05352426977195651
"èo , ngọt quá đi",0,0,0.04415423381252642
per hay xàm xàm mà zui hè,0,0,0.046133853681928315
giờ tao mới hiểu được hết những gì mà trước đây đọc bình luận tao đéo ’ hiểu 😂😂😂,0,0,0.1676389018930195
không nổi thì mình chìm haha,0,0,0.15590979920659925
thật ra cách quét hạt xốp rất dễ mà có thể các bạn chưa biết . đó là . tẩm xăng những chỗ có xốp và đốt 😂,0,0,0.04713965200863926
đỡ mua cuốn sổ 5 ngàn =)),0,0,0.041946776817396114
chính xác ! nơi làm việc anh em mà đoàn kết với nhau cỡ nào cũng thấy mau hết giờ làm . 😊😊😊,0,0,0.08752463006491058
chuẩn luôn khi ở công tình yêu toàn là các anh chị em đồng nghiệp tốt he he,0,0,0.014033921090179938
"cười đấy , sau lưng nó đâm con mẹ nó dao vô hình cho chết mà vẫn sống nhăn răng luôn .",1,0,0.2720157691410508
nín đi . sang ngủ với mẹ đi đêm nay anh chông chị cho =))),0,0,0.040760607075183294
"1 chút đắng , chút chua cay , với 1 chút ngọt ngào ở đâu đó 😞",1,0,0.17289478567517022
hàng nông sản việt nam là thứ bị cạnh tranh và phá hoại nhìu nhất 😣,1,0,0.06421664114754447
kẻ ô điểm lời phê :((,1,0,0.08122979311158372
"hòi nhỏ nhà ngoại bị rượt muốn chết , sợ tới giờ 😭😭",1,1,0.6019161048162767
người ta chỉ muốn dụ mày rồi xin một trái thận . 😪,1,0,0.3269775203562698
nó cưng quá mày,0,0,0.11206024085656405
đứng tim luôn,1,0,0.04668627580395657
cười xĩu,0,0,0.2664149785673585
tao thề từ giờ đến cuối năm mà tao không lấy được vợ thì tao quyết định sag năm lấy 😊,0,0,0.18135933276712352
nhìn bà cười thấy hạnh phúc quá ❤️❤️,0,0,0.016054369547032658
"per làm ở đâu không quan trọng , quan trọng là vẫn buôn chuyện đều 😂😂😂",0,0,0.058345356532399424
năm nay được nhận hoa và được ngồi nhìn người ta hạnh phúc,1,0,0.02861252209879846
tao muốn mèo nhà tao cũng tìm về được như này 😭,1,0,0.3684589854548642
đã đẹp trai còn khôn 🙂,0,0,0.103845700466252
hi vọng câu chuyện admin vừa bịa ra giúp các bạn có thêm niềm tin trong cuộc sống 😂.,0,0,0.3506936181937536
lớp chúng mình rất rất vui anh em ta chan hòa tình thân =))),0,0,0.03340376778816389
đấy thấy chưa con người ta khổ như thế,1,0,0.10824565681666365
tầm tuổi này . họ không còn những áp lực cuộc sống nữa . mà chỉ còn thứ tình cảm gắn bó với họ từ những ngày khó khăn nhất . ngưỡng mộ và ước được chút phúc đức của ông bà,0,0,0.36450818236325894
tạm biệt ông cám ơn tất cả những gì ông đã làm cho vn,0,0,0.13148288001769587
per huhu trời ơiii,1,0,0.0720015742013415
lấy ghế ra ngồi thật tuyệt,0,0,0.10146411439477863
per không lấy được vợ thì có thể đi tâp gym đêt lấy chồng 😁😁,0,0,0.12935631360038308
ám ảnh đến bây giờ 24 tuổi vẫn sợ ngỗng :))),1,0,0.18542741849107142
cưng v trờiiiiii .,0,0,0.06384089449887807
nguy hiểm lắm,1,0,0.06303661668635216
chỉ tại tôi không nói nên không còn cơ hội,1,0,0.46712901390644745
anh đã mơ về một ngôi nhà và những đứa trẻ 🤦🏻‍♂️,0,0,0.0562543038045364
em ấy còn cười được chứng tỏ em rất mạnh mẽ,0,0,0.20352293535930419
tao cũng phải về mở cho mẹ tao coi 😂😂,0,0,0.11388461611385649
móng này mày ra uống chữa yếu sinh lý với ung thư ... khá tuyệt !,0,0,0.13236273843207738
chuẩn lun,0,0,0.05409933025772165
chỉ khổ thân bọn trẻ thôi đau sót lắm,1,0,0.25563506318314133
per ngóng cuộc đấu tranh công nghệ này . tq đồng lòng ghê nhỉ,1,0,0.07153370020141984
"hành động đẹp chứ sao , đằng nào cũng tiệt kiệm hơn :)) 0",0,0,0.05777983488975635
tao đa khóc khi xem phim này 😭😭😭😭😭,1,0,0.19647926685449466
per tao đã làm cho mày đau lòng nhiều lắm ư 🤔,1,0,0.3450727730222776
có ai luyện mới được như mình không dạ,0,0,0.24241690388296974
cực phẩm luôn kìa,0,0,0.05230071804364744
t ngắm người yêu tao cười mà càng ngắm tao càng yêu lúc giận cơ nhìn muốn cắn cho mấy phát tao bị cuồng người yêu rồi cái,0,0,0.13423802600609763
"thề , coi rồi mà xem lại vẫn buồn",1,0,0.08903560481210679
thằng nhỏ mạnh vãi,0,0,0.033929010949920645
tao sợ thật sự :(((,1,0,0.23110850174068834
lại tạo điều kiện cho mấy chị fa vào thả thính . :)),0,0,0.06976774554291254
per haha sao tôi nghĩ tới em liền luôn á,0,0,0.21468490947201124
vn là vậy . bn công chăm sóc của tao đổ sông đổ biển .,1,0,0.07593442932904486
thật cảm động,0,0,0.11095801342354075
có chuyện gì thê bố . bố đừng làm con sợ :((,1,0,0.13082283538445227
per =))) nó kể chuyện buồn mà cười vãi cười =))),0,0,0.10192317546370955
m nói chuyện cũng cute ngoan ngoãn cơ chứ tao toàn okay anh =))),0,0,0.06826384966587119
"bồ tao cũng đang đi cái này , từ nhà nó lên đây cỡ 2 tiếng mấy và dume nó bảo tao ngủ đi vì nó đi đến sáng :)))))",0,0,0.0922010954801745
nhìn vậy nhớ ông ngoại quá 😞,1,0,0.010730181738554426
xem lâu rồi giờ xem lại vẫn buồn cười,0,0,0.1984062084436745
t không phàn nàn . t sẽ cố gắng giúp bố mẹ có được nhiều hơn 💪💪💪,0,0,0.09591348043880006
không biết crush có thích uống nước mắm không để còn tặng nàng chai nam ngư 900ml :)),0,0,0.10708477995169564
đáng yêu quá,0,0,0.010244245297439626
chính những người như thế họ rất cẩn trọng khi bật xi nhan đấy,1,0,0.05741186722383599
lấy chồng như 1 canh bạc . ko hoa . ko lời chúc không gì hết . pải chăng số ta chỉ được vậy . cô đơn quen rồi,1,0,0.13888875823753857
mai người ta đi học mai tao đi du lịch ố la la =))))))))))))),0,0,0.0523872629573153
bài học rút ra là học cách buông bỏ những thứ không thuộc về mình,0,0,0.09494520099445919
có đồng nghiệp đáng yêuc thì sếp có khó tánh mình vẫn cảm thấy vui rất nhiều . nhớ những ngày tháng đéo thèm tăng ca đi ăn bất chấp,0,0,0.06472970836716246
"anw , vote cho anh vũ",0,0,0.018467144507757424
tự nhiên muốn có con 😐 dume,0,1,0.6106902993592235
nhìn con mắt thấy đau đớn . tội em quá ????,1,0,0.12599691567735408
chỉ cần sống thật với cảm xúc .. với chính con người bạn là hạnh phúc nhất,0,0,0.12564474831809896
xem nà ra chiêu nà gẫy cây nà sấp mặt luôn nà 😂😆,0,0,0.06966668386752554
tội cho chàng trai ấy,1,0,0.055060876457041504
mỗi lần về quê mà sắp sửa đi qua chuồng ngỗng tao phải cầm cây chổi lông gà mới đi được đấy dume . quơ quơ vòng vòng cho mấy đĩ ngỗng né xa ra rồi chạy thụt lol luôn :=]]]],1,0,0.0912608021777464
azz :3 mặt cưng xĩu,0,0,0.12505579999325542
"chờ mãi mà không thấy , cứ thấy trống vắng vãi :((",1,0,0.20080239957836998
cưng vãi ấy,0,0,0.071392044032506
"nhớ lại ngày đó , làm pg bán giấy , cười suốt ngày , khách chửi cũng cười , mà nhớ thời đó ghê , mới 1 , 2 năm chứ mấy",0,0,0.21416117839178106
tôi làm trades . lương tôi không có .. chỉ có thu nhập thôi có tính là cao nhất việt nam không ??? tháng tôi kiếm từ 3000 - 5000,0,0,0.18402287691094377
tao ở thanh hà và nhà tao không quả vải nào hết 😂,1,0,0.06750291816773668
ước gì có ai để tao tag vào .,1,0,0.26077878802110444
mong ông bà nhiều sức khoẻ . đáng yêu thực sự 😍😍😍,0,0,0.09936395073840455
phim này rất hay .,0,0,0.006238011257823945
ôi trời nguy hiểm thế,1,0,0.0862106934452811
"haha dần dần phải kiềm chế , khắc phục sẽ không đáng sợ không bằng vũ lực hành động mà nói đâu chết đó :)) kaka",0,0,0.4198831313101176
sao mình gặp toàn thằng mất dạy hay bắt nạt mình nhỉ ? tuổi thơ bất hạnh :),1,0,0.1062418694246087
ước gì ba còn sống để làm điều đó với má . nhớ ba ❤️,1,0,0.21980458696334618
tiền cắt tóc như kia đủ mua giày rồi :v,1,0,0.1550762990541548
"per đang định đi chụp , thấy cái này sợ quá đéo đi nữa",1,0,0.13470217656919203
bt mà tao vẫn lạng lách ở đây suốt,0,0,0.11788165443782249
nhiệt tình + ngu dốt là phải trả giá bằng tiền mặt 😂😂,0,0,0.0639816159180406
"má gần nhà có nuôi 1 cặp ngày nào đi ngang nó nhìn thấy nó quay đầu bỏ chạy , con gì mà dữ thấy mẹ hà",1,0,0.0998113335348977
bạn trai tao đéo biết giận dai nên không phải dỗ,0,0,0.18115206778016893
hú hồn,1,0,0.08026000925720304
bò ra mà cười :)),0,0,0.09797124446034869
"ai cho mình xin tên phim với , mình không xem được 😢",1,0,0.25547551830204474
per đi tong một năm học ... nhưng vẫn tốt nghiệp ... :(,1,0,0.07287588468901632
ngoài ra còn một số cái buồn nữa . không giải quyết kịp thời thì ??,1,0,0.19197382709716737
cay đắng đến cùng cực và hạnh phúc đến tột đỉnh . chỉ là mình có quyền lựa chọn nó hay không thôi,1,0,0.11357055280297602
ở đâu cho tao làm vớiiiiii,0,0,0.07606196649097716
như con đười ươi :)))))),0,0,0.08086240533606155
coi mà cái tay nó rung trái tim nó đập sợ cái thằng đó té sấp mặt luôn thì không bình thường họa mi còn hót được không :)))),1,0,0.06151338244951416
"ngày em đến anh mất ngủ suốt mấy đêm vì vui sướng , ngày em nói dừng lại nước mắt anh rơi trên đường chạy về nhà",1,0,0.24219252287895007
per nhớ ghê á nha 😂,0,0,0.016335426676144217
cái tháng học sấp mặt luôn,1,0,0.10471307732781292
trên đời sợ nhất mấy con trùn trùn như ri ! nhất là giun đất với rắn !!! đã từng bỏ tiết học sinh học mổ giun đất 😞😞,1,0,0.10117864890330468
hồi xưa còn bị vén tà áo dài nằm lên bàn rồi đánh . chứ quỳ thế này có là gì đâu . giờ mới thấy cảm ơn thầy cô vì hồi đó đã như vậy .,0,0,0.21592428411134798
dume nghe kể mà đau cổ họng vãi :),1,0,0.04836804580198867
"công nhận lãng mạn thật , nhưng tao đang tưởng tượng cái cảnh động phòng , eo ơi ......",1,0,0.13118146189299837
"per bất hạnh vãi , mà tao với mày đéo tạo được niềm vui :v",1,0,0.156529127155965
nghĩ mà buồn vãi =)),1,0,0.10230407502194676
không biết có ai ở trong ngôi nhà không,1,0,0.30043750405893255
dcm . ngày bé tao sợ nhện vãi . xem phim thấy yêu tinh nhện,1,0,0.037413129360383206
quá nguy hiểm .,1,0,0.03511517036021823
tuổi trẻ tài cao mà :)))))))),0,0,0.022759130580830716
"t chẳng muốn phải nói "" suýt nữa thì .."" một lần nào nữa trong đời của nhau nữa đâu ... vì vậy sẽ trân trọng khi người tới .",1,1,0.71460747242509
nam nhân nhà người ta kbh làm tôi thất vọng,0,0,0.25732326442284015
per mày này . nhưng mà lúc già sắp chết 😕,1,0,0.37865150626184935
cụ bà đẹp lão quá cậu,0,0,0.031938563770803376
per không bao giờ quên được hihi,0,0,0.12192295551284556
per đúng rồi mình đây =)),0,0,0.12456521710711599
năm nay tao không còn cảm thấy cô đơn và mỏi chân nữa ... vì tao được ngồi mát và ăn ké socola of bọn có người yêu 😁😂...# mun 😘,0,0,0.2575560345812004
đm quả gật đầu quả quyết vãi 😂,0,0,0.035779675674805646
"chuẩn rồi . nhiều khi mệt muốn xỉu , xong đồng nghiệp đùa nhau đôi ba câu hay kể cho nhau vài câu chuyện thế là lại vui trở lại 😂😂😂 đồng nghiệp quan trọng thật sự",0,0,0.10734431107505782
tụi nhỏ dễ thương quá,0,0,0.04928473393405815
con bé bị quơ trúng nhìn đẹp như búp bê ấy < 3,0,0,0.11610149063889964
thương em :(,1,0,0.22446361516228513
nó bỏ mình đi rồi mỗi lần nghĩ tới nó ôi sao mà xót tim gan hơn mất người yêu,1,0,0.14361049879697796
tao bắt đầu sợ nó ròi đấy :)) ám ảnh vãi,1,0,0.1422617811506933
nó vẫn luôn hiện hữu xung quanh chúng ta . hãy dùng tình yêu thương đó và cho đi ❤,0,0,0.010943690992157662
thấy tội em thỏ bị ăn đòn tới tấp,1,0,0.14361629593265657
có đủ mọi gia vị :< em thấy vị đắng của sự chua sót quá nhiều :),1,0,0.1437739700206334
"năm nào cả sinh nhật âm hay dương mẹ cũng gọi điện cho mình , bà ngoại trên 80 , bác ruột mình đều nhớ hết 😂😂😂",0,0,0.10590552512752602
"chán thật , dạo này hồi xuân hay sao đọc mấy cái kiểu này ấm lòng vãi :(",1,0,0.09287231283358671
tks admin ... tôi muốn tìm phim này lâu rồi mà không nhớ tên phim ... tks admin nhiều,0,0,0.14889772150000466
crush tao mất rồi .,1,0,0.13820121309280878
per xem xong hình như tao mới bị thêm bệnh tiểu đường,1,0,0.31735576829271483
câu chyện cổ tích thật ý nghĩa 😂😂,0,0,0.056199202415000794
"ôi trời ơi , buồn cười quá đi mất 😂😂😂😂😂😂",0,0,0.1490185098241047
vui quá ta ơi ......,0,0,0.051370858907477626
"bởi vì anh đã gặp em đúng lúc , đúng lúc đó em đã có người thương ...",1,0,0.1497756858826887
"tàn nhẫn thế nào , là khi mình trao họ hết hy vọng rồi họ lại dập tắt đi nó",1,0,0.441720862641698
cỡ nào anh cũng có thể chịu đựng được vì anh yêu em,0,0,0.16382499554981855
"thôi em sợ lắm , tha em bác",1,0,0.30335742687009926
"sướng nhờ , bên trung chúng nó yêu nhau toàn sống chung . 😂😂😂 toàn richkid :>",0,0,0.018940803198221213
ngưỡng mộ mấy cậu vẽ đẹp quá,0,0,0.032183079670436626
cảm ơn bạn đã yêu đất nước việt nam tôi,0,0,0.048861905373331724
mình sống ảo quen rồi nên đắp mặt nạ cũng đắp bằng app luôn :)))),0,0,0.07496164829134451
cuteeeeeee 😊😊😊😊😊,0,0,0.06642085266665537
nhưng nó cười với đứa khác không phải mày .... 💔,1,0,0.401865189256676
per c . bị tinh thần đi xem đi 👻,0,0,0.22334737178710068
vậy mình xin chúc đk n năm tới không còn cô đơn nữa nha kkkkklk,0,0,0.24895063116339652
ấn tượng vãi :v bàn tay vàng trong làng vẩy khế :v,0,0,0.06687662717255337
"học xong cấp 3 , ngoài mừng vì được thoát khỏi đó thì không hề có lưu luyến 1 chút nào :))))))",0,0,0.10856975816041473
tao đang đi phân khối lớn đây . ai cũng kêu nhìn cá tính vãi 😁,0,0,0.06584516987376213
"mới đây mẹ tao giúp tao làm lại giấy khai sinh . mẹ có hỏi "" mày sinh ngày mấy để mẹ làm ""😑",1,0,0.19068428701997828
"công nhận , thời xưa bệnh mà cũng vui vãi . :)))",0,0,0.059520173635309065
chỉ mong ông trời sẽ bù đắp cho con cháu của họ sau này 😔😔,1,0,0.0753747780093279
không biết phải mình lúa không . chứ mỗi lần đi du lịch trước khi trả phòng là mình phải dọn sạch sẽ . cứ nghĩ nhận phòng sao thì trả phòng vậy . bị anh chồng la hoài là vậy,1,0,0.2789788019144392
và tôi đã mất đi 1 người như thế .,1,1,0.5162405933340223
nguyễn thị hồng phấn cũng may tao không thấy cặp nao hêtd,1,0,0.13179503261629816
per hãy cứ vững tâm tập điều độ rồi sẽ có thôi,0,0,0.134569953850684
úi giời khiếp quá !!!!,1,0,0.05687706973743822
sao tao thấy đa phần mấy đứa con trai cắt tóc xong nhìn ngáo đéo chịu được vậy =))).. cười tét cả hàm chứ đùa,0,0,0.16759316037430108
t mà bị như này thì chắc tao chết luôn c ạ 😂😂 per,1,0,0.34388060385160346
per thể loại tao thích nè nhưng mày đi coi với tao nha không tao khóc thét rạp,1,0,0.2631514539849065
giờ cắt bộ móng đi cái tay vẫn cứ bị phế khó mà phục hồi được,1,0,0.10464135573287378
:(( tội bé,1,0,0.07016276040696776
thật là một câu chuyện buồn 😌,1,0,0.10369692284368504
xỉu lên xỉu xuống :(,1,0,0.09850123828392648
vãi linh hồn .,1,0,0.06034686122452262
các cháu giờ lợi hại quá :<,0,0,0.02520944491742206
nỗi đau ấy ai thấy giúp tôi,1,0,0.2748384772553782
per sau này con bư lớn cũng vậy đó mẹ hahaa,0,0,0.1300328866622172
per hồi nhỏ chuyên gia đi ngang nhà hàng xóm là bị nguyên bầy ngỗng nó dí nó rượt chạy khóc la um xùm .. giờ còn ám ảnh 😭,1,0,0.2738906506951796
boss dễ thương vãi lúa,0,0,0.06354834117694988
cảm thấy mình thất bại :((,1,0,0.3640467967585573
bộ phim đầu tiên làm tao khóc thành tiếng,1,0,0.11865689530314666
bá đạo vậy chơi sao lại 🤣,1,0,0.06538215708198154
per huhu em không biết phải đi xem phim với ai nữa 😭,1,0,0.21710318411230484
gần 1h đêm là con trai mà xem xong nói chuyện mắt vẫn rỡi 😔😔,1,0,0.12645895468928445
mấy đứa chân ngắn qua sao,1,0,0.07283910003840847
hahahaha,0,0,0.07114455759617498
đúng vậy dù có mệt mà đồng nghiệp nhiệt tình vui vẻ là cùng muốn đi hoài,0,0,0.1468831258796109
tiếc là chưa thấy cậu cười ngoài đời bao giờ,1,0,0.2264834951116503
per tao không gửi cho mọi người . tao chỉ đăng lên facebook cho thiên hạ biết thôi :))),0,0,0.12868452308869754
đúng là yêu tới đầu bạc răng long .,0,0,0.038282917592087636
vậy là hên rồi,0,0,0.09781324759068677
per bị phạt 10tr à c 🤣🤣,0,0,0.14578291672597213
mình còn chưa kịp đến :((,1,0,0.21536215851143642
mình không quan tâm giá trị học bổng bao nhiêu . mà tớ q . tâm em đó sẽ dành những gì cho đất nước sau khi học xong thôi . hee . chúc mừng em .,0,0,0.15130964684171402
per trailer không có tiếng thôi mà đã thấy ghê rồi đó !,1,0,0.12394064499401584
"per chồng xem đi , hài lắm",0,0,0.07489794291843963
"cả thế giới biết toau crush mày , còn mày thì íu nhận ra 😐",1,0,0.274818732919447
dễ thở hơn so với đề văn sáng nay 😂😂😂,0,0,0.056699643398508304
mèo người ta đi lạc về nó còn nhớ chủ chủ còn được đụng nó còn mèo nhà tao đi tán trai có mấy tháng về nhà thấy chủ như thấy ma 😌😌,1,0,0.12081570859042952
"ôi vãi , mày thật bất hạnh vì có lũ bạn như thế",1,0,0.12252544580293323
:))) đồng nghiệp đáng yêu,0,0,0.0072780233354377685
gần nhà tao lại chẳng còn sót lại anh nào huhu,1,0,0.2367293446970942
cảm ơn các anh tình nguyện viên .,0,0,0.012664619521453821
hồi xưa tao bị tiêu chảy kèm ho đã sợ vãi . giờ ho không thôi cũng sợ nhỉ . ??,1,0,0.25881058757511055
hoá ra chúng ta không biết nhiều về tình yêu như ta vẫn nghĩ 😢,1,0,0.06525182426540536
nghe bài này đau lòng quá mà,1,0,0.04295094303678128
đáng yêu mà sợ gì,0,0,0.04577497817084625
còn tệ hơn năm ngoái,1,0,0.19381494242142017
gần thôi :))) giờ nhìn lại đề thi và không hiểu sao mình ra trường được :))),0,0,0.12613856340704746
có một sự tổn thương không hề nhẹ ở đây,1,0,0.3370192892860889
"học chán phèo , chả có gì đáng nhớ",1,0,0.09870896334599472
tao thấy dễ thương màaaa,0,0,0.0684208776323302
"mình theo dõi mấy nick quân nhân , tập trận , pccc ... hay vãi luôn á .",0,0,0.041183241253028385
sau khi có vợ anh per đã có đồ giả gái xinh và tinh tế hơn 😆,0,0,0.04712673215981558
giận ngược lại rồi giận luôn chứ có huề đéo đâu :(((,1,0,0.21959808117317897
ấm lòng vãi huhu,0,0,0.10000299289420563
per cười đau bụng luôn 🤣🤣,0,0,0.15264854464739533
"mình thấy sợ mấy con rắn quá trời , mà cái gì mình sợ là mình hay muốn tiêu diệt -))",1,0,0.3384993502328763
đợi chúng nó đang ăn lấy xe cứu hỏa phun nước ôi tao hình dung ra cảnh đó thật tuyệt,0,0,0.07512886644366022
ba mẹ tao chửi tao tao chỉ biết câm họng và bưng tô cơm ra chỗ khác vừa ngồi ăn vừa khóc một mình cho dù biết răng mình k có lỗi 😭😭 !?,1,1,0.6540668738278514
dạ đây là chị gái em nha không phải chồng đâu ạ người trong hình là em huhu ?,1,0,0.12919029026271406
đoạn cuối yêu mún chết,0,0,0.14688469583762342
"tao buồn quá , tao đang khóc !!!",1,0,0.3602798721329076
per đây là chúng mềnh 🤪🤪,0,0,0.035066783546184976
per đóng vai chính đúng xuất sắc lun,0,0,0.05704040151698252
ngày xưa mừn cũng hay thế lắm .,0,0,0.07732488219063265
má hồi xưa về ngoại chơi đi đường bị nguyên đàn yêu nghiệt này dí chạy té đái giờ vẫn sợ bọn nó 😨😨😨,1,0,0.07129184369552198
😑 sao cái kết gì mà buồn vậy,1,0,0.13828808585122945
tuổi trẻ tài cao là đây,0,0,0.04551093197074114
đùa ... cảnh sát việt nam tài thật . vụ gì cũng bắt trong 48 giờ,0,0,0.09728733691113174
"ôi đời vẫn là chịu không nỗi đời mà , chán",1,0,0.2682582374104172
sợ con này lắm :((,1,0,0.289613354600381
rồi lại im thôi . 200k hay 5tr thì cũng vậy,1,0,0.06591185112125028
nghe mãi mà vẫn thấy hay,0,0,0.01724558709347126
"gập đúng người mà mình muốn thương , muốn yêu , muốn chăm sóc . nhưng thật tiếc khi trong tay vẫn chưa có gì",1,0,0.3205846476378912
tới lúc chia tay rồi khóc :(,1,0,0.2877707151908886
"có lần tao thổi cơm không đổ nước lúc khét mở vung ra mới biết , làm đánh đít xong cả tiếng trời không hết",1,0,0.2821215726155672
bố mẹ cho ta đx tồn tại trên cuộc đời này biết nhận thức thì tự đi lên từ đôi tay của mình nhé 😘,0,0,0.3747318222946283
per nhớ bột mì chiên huhuhu,1,0,0.037639935831701075
chắc hẳn trước kia em bị đối xử tồi tệ lắm nên mới vậy :(,1,0,0.3382502221104399
chuẩn luôn :)),0,0,0.017451591936896913
"giờ bà già lắm rồi , nhổ sợ hết tóc , nghĩ tao lại thấy buồn quá 😞😞",1,0,0.18734579884815983
như kiểu người yêu luôn ấy =))) nhẹ nhàng,0,0,0.02338577491527933
chạy xe hơn 40 ' chỉ để chạy ngang chỗ crush làm nhìn 1 cái rồi về :) đến giờ vẫn vậy cứ rảnh là chạy vô nhìn cái rồi về :),0,0,0.08222124315769944
đừng ai lấy cả hộp kẹp của anh ý nhé :(((,1,0,0.0688268337164165
cuối cùng là hai mình ăn được ngủ được :))) đứa nào cũng lên vài kí,0,0,0.12714919575286576
haha mắc cười quá ... nhưng thật chúng mày là tao rất sợ rắn ...,1,0,0.1802840363926783
yêu nghề chuẩn mẹ rồi,0,0,0.04678356934333602
"tao khuyên mày , bật lên mr . siro lên mà nghe , đời sẽ vui vẻ hơn =))",0,0,0.04682902134855837
per chị ơi còn học được cả tiếng anh nữa luôn này :v hịn quá,0,0,0.049895953194958514
"mới xem 1 đoạn xíu này mà cũng khóc hết hơi , nhìn em bé mất bố mà quay ra nhìn lại con mình đỏ hỏn nằm bên cạnh , thấy thương quá 😭",1,0,0.17222883005463893
xem đi xem lại mà khóc sướt mướt 😭😭😭,1,0,0.10468621447627516
t nhớ tao đang xem xxx thì chưa cắm tai nghe 😭😭😭,1,0,0.07488788273569807
< 3 chuyện lạ có thật :))),0,0,0.038907676063027884
ông thần nhây vãi đái 😂😂,0,0,0.06909754317781333
nói chung là ai nào buông tay thì người chết vẫn là mấy đứa con gái như tao 😭,1,0,0.2336365575613258
mày định lướt qua rồi nhưng khi đọc bình luận của các bạn và xem kĩ lại thì mày đã rớt nước mắt 😭😭😭.... người cha thật vĩ đại,1,0,0.1518436708467257
câu chuyện vui ha =]],0,0,0.049889450130206556
tao cũng muốn học vẽ lắm :( cơ mà không có điều kiện để đi học,1,0,0.21466773005383988
21 năm chưa crush ai thì có gọi là ế thâm niêm không hả các bác,1,0,0.07761997498558332
em đừng đi tập gym em nhé . bth em đã mê trai lắm rồi . em mà đi tập nữa chị không biết em như thế nào luôn 😢 per,1,0,0.22189620620207007
giòi béo lắm :)),0,0,0.05191289363485143
lũ kiến ở nhà mày thích vậy .,0,0,0.08076038240516879
thích bài này lắm lun . thuộc lun,0,0,0.05639918051523046
dù chỉ là 1 cây bông nhưng nó là tất cả tình yêu của ông dành cho bà ❤❤❤,0,0,0.058467599447400084
"per đấu nhau to rồi , phen này hay",0,0,0.03852858183159954
chạy ios cho máu 😂,0,0,0.03611276738290198
nấu mì 2 tôm là vô địch,0,0,0.10783871411238069
nghe thấm câu vàng trắng nhưng thực tế là trắng tay thôi nghe mà buồn,1,0,0.18759730378345985
ngồi suy nghĩ 1 hồi xem trái hay phải rồi mới nói được . khổ vãi mà !,1,0,0.15249210698690036
nghe kể mà thèm ạ :'(,1,0,0.04227768417314137
cầu trời phật cho đại gia đình con sức khỏe !,0,0,0.2257196876827928
xem lại quá nhiều lần đến nỗi không nhớ nổi . vì phim quá hay và ý nghĩa .,0,0,0.05088643848085351
t tin crush của tao không bị thịt vì tao đéo crush ai cả =)),0,0,0.1454047441793765
hôm qua xem cười lộn ruột,0,0,0.11934942338186923
và ông đã có nỗi buồn mới thay vì buồn thất tình,1,0,0.11099136322694578
giá mà có ai để giận :v,1,0,0.21082567387587728
ngộ nghĩnh nhỉ ! lạ lờ nhỉ !,0,0,0.0670233078722841
lúc thì cuốc đất è cổ ra không có giun mà câu cá 😒,1,0,0.07503032970182914
"còn giữ 2 cái đĩa cổ này luôn á , ghê hông",0,0,0.06693061555182131
có 1 đứa hợp tác vậy là cũg quý hoá quá rồi,0,0,0.04744750973041486
tao đã đóng dấu cấm đứa nào rớ vào =)))),0,0,0.11700458106208851
nguy hiểm vãi chưởng luôn ý,1,0,0.05194256666391752
em tìm link phim mà sao nó ra phim khác chứ không phải phim này zay mọi người 😞,1,0,0.0671762183917819
24 tuổi thấy đời đắng và khá mặn,1,0,0.07600353174924711
per coi phim này chắc chết luôn trong rạp,1,0,0.1831211120912695
bán hàng online hồi năm cấp 3 :))) tháng hè ấy đi quanh hạnh phúc để giao hàng với bố . được lãi 4 tr :)))),0,0,0.02831988598521843
cười sái mẹ quai hàm,0,0,0.20315634778837574
"cần gì xa hoa đâu , thế này là hạnh phúc , thấy thương và ngưỡng mộ ông bà quá",0,0,0.03863046378599507
bài nhạc hay khi nó đúng tâm trạng ... nhạc hay !!!!!,0,0,0.03654223522005339
thế là dấu ấn lịch sử và hình tượng thằng gù nhà thờ đức bà của nước pháp đã thành tàn tro :(,1,0,0.053894751986443556
"cậu ấy tán tôi , tôi từ chối . thế là từ đó chúng tôi đéo làm bạn được nữa !!!",1,0,0.29629064451427994
"bánh tráng trộn năm đó ở roai ờ ti , ruột đau như cắt nói chuyện mắt đầm đìa đền thg dưa gang cốc dưa hấu kem chi per",1,0,0.19716418594276622
như chết đi sống lại 🙂,1,1,0.6935271761720092
ai chưa xem thì nên xem 1 lần đi . đảm bảo không phí 3h đồng hồ của các bạn 😃,0,0,0.06745037231854556
đáng yêu vậy =))),0,0,0.016742725881209432
độc mà lần nào đi viện cũng bắt chụp 😭😭,1,0,0.14145859104470923
từ bé đến giờ mình chưa bao giờ xếp được 1 cái rubic nào thế mà cu nhóc kia xếp xong trong vài giây ! xấu hổ quá,1,0,0.20149856417304368
nếu ai cũng có ý thức tốt đẹp thì đất nước này còn gì để nói . đâu có ai hoàn toàn hoàn hảo đâu bạn . dù là moi tần lớp,0,0,0.07314298899588899
mày xinh thế ? tao ốm tí đã xấu hoắc,1,0,0.12145738686850192
một cái tết nhiều tiền,0,0,0.07703442914668124
per cách này coi bộ hay nha 😂,0,0,0.036074452778523225
đừng có thấy 6 múi mà ham nha nha 😂😂,0,0,0.02004652110952693
cái ông aamir khan đóng phim nao cũng hay và ý nghia het,0,0,0.04225717377745781
ở đâu cũng có người tốt nè anh kkkk,0,0,0.04053602348771788
lại mưa 😞,1,0,0.15896083722789814
xong là phê lắm mày,0,0,0.10623012720597157
bên aeon hay thật đấy =))))),0,0,0.019582659692966756
không có bạn trai ... thì giận ai 😑😑,1,0,0.23273810026905212
chia buồn cùng khổ chủ,1,0,0.25163208245578134
"quan trọng là lòng tin , bạn bè mình một số người mình đã mất lòng tin thì đừng bao giờ nói chuyện tiền nong . khâm phục anh",0,0,0.14330249889024957
thật khó để có cả 2 khi chúng ta còn trẻ :),1,0,0.03223843087889167
phim ấn thì của lão amir khan là hay vol,0,0,0.021001094432013572
ừ mỗi lần thế lần buồn kinh lắm mày ạ,1,0,0.466983433075106
cảm ơn . anh .,0,0,0.00904557983864899
per kết truyện chất ghê :)))))),0,0,0.024950981471201575
chúng mày đã bao giờ bị hất cả cốc nước vào mặt vì mặt không bao giờ tươi cười niềm nở chưa ?,1,0,0.35331101267019044
t đã soi gương suốt ngày chỉ để gặp crush và ngắm nụ cười tỏa nắng của nó,0,0,0.16194722374480722
chẳng đủ dịu dàng để níu bước chân anh,1,0,0.0911647083464801
rủ được crush đi thì không cần qua đây nữa rồi admin ưiiii :(((,1,0,0.12302029093399525
per nghe lại buồn vãi,1,0,0.10370916535720763
"bọn nó nhỏ mà đã có người yêu , còn tao thì ế :((",1,0,0.05598475673108045
"người đàn ông ốm đau nói với vợ mình :” ở lại với anh ” rồi cầm tay bà . đó là tình yêu , vỏn vẹn 20 năm ngắn ngủi . tình yêu bố dành cho mẹ",0,0,0.09179547269080437
tao ám ảnh việc lau sàn,1,0,0.20072650451980678
ra chỗ khác sóng không tới viết đi cậu :((( nhìn buồn vãi,1,0,0.13192191701165343
nhói lòng lớp tôi,1,0,0.19420664866255224
nhìn ma tiếc từng hạt trân châu,1,0,0.06796245923252113
năm nay vào quán net ngồi cho đỡ phải nhìn .....☺️,1,0,0.11660219314041036
per sợ ghê bây .,1,0,0.17551681468156774
tao coi xong tao khóc .,1,0,0.2170446885853165
tao nhiều tài lắm .. nhưng tài sản còn cái mạng què và đôi tay trắng 😭😭,1,0,0.2326219908633513
"per 😥 cảm thấy tội lỗi quá , từ nay không chụp nữa thiệt luôn",1,0,0.086002491263947
đã biết là thế nhưng không còn cách nào khác :(,1,1,0.5328902281392823
chưa bao giờ bắn trúng 😬,1,0,0.11074660520305418
đăng khoa lê lò dầu của mẹ nè anh 😘😘😘,0,0,0.08221386917250459
per phim này thấy trailer hấp dẫn ghê 😁,0,0,0.04583210031133429
bó tay luôn á,1,0,0.04349773440609484
"hai đứa chia tay , tao nhảy vào .",0,0,0.18287565953559545
thương nhau còn chả hết dỗi nhau làm chi 😂,0,0,0.08910243799159259
"ôi thôi , cưng quá :v",0,0,0.07703299048827009
đó là một câu chuyện buồn,1,0,0.1276984570417855
"động lực là lo được cho gdinh , tự chủ bản thân",0,0,0.3466671198817715
"buồn cho những ai thờ ơ , vô cảm trước một sự việc như thế .",1,0,0.3025272110883958
cuối cùng tao cũng được xem hết mấy cái video mà trước đọc comt đéo hiểu gì 🤣🤣,0,0,0.07715816453407741
đọc tin nhắn đầu thấy cay cay ngay mũi,1,0,0.09154464958226145
chỉ dân đen là khổ thôi . chả trách được họ khi cố gắng đi tìm may mắn ở nơi chùa chiền,1,0,0.1971816348163177
tinh trùng của người ngoài hành tinh thật đáng sợ 👏🏻👏🏻👏🏻,1,0,0.22664908301277895
haha :))) nãy giờ mấy tiếng rồi mà các bác vẫn còn căng :))),0,0,0.044900495655548565
chút mua ... hehe,0,0,0.11853491436604381
ra sông mò đồng xu cùng ông anh hàng xóm được khoản kếch xù :))),0,0,0.05968859133662126
cái chứng minh hình kia dễ vãi . cứ vẽ hình lên bài xong người chấm điểm người ta thấy là biết chứ sao :)),0,0,0.0819268448648936
thế này lại thành xây nhà cho nhà hàng xóm rồi 😰,1,0,0.11381825506424625
tôi từng trách bố mẹ sao sinh tôi ra trong hoàn cảnh này,1,0,0.2337293870598664
em xin lỗi anh,1,0,0.1733321503512974
"đến cả khi nó nói thích mình , 1 phút sau nó lại nói chỉ trêu . mệt mỏi",1,1,0.6339825141827149
mày nói thôi mà tao nghĩ cũng thấy buồn rồi :(((,1,0,0.3708744840879653
tao ghét và tao sợ nó,1,0,0.16584398648444218
buồn hơn thế là đối với 1 đứa con gái năm lần bảy lượt chủ động ib họ nhưng vẫn bị xem thường ... xem mà đéo rep ... hết thương là vậy ... 😞😞😞,1,0,0.26165930301195084
đúng là nói thì dễ hành động không bao giờ làm được ))),1,0,0.09383650098723058
add cứ khoe đi . mai lại chặt hết như nguyễn trãi mà 😂😂😂,0,0,0.07600910150421235
cả một bầu trời đáng yêu :))))),0,0,0.03468172788161224
đến câu nào có đáp số quen thì khoanh :)),0,0,0.0877681063444391
hoan hô . công nhân đâu phải trẻ mầm non,0,0,0.0686503335603354
hỏi sao bác sĩ hay bị người nhà bệnh nhân chém :)),0,0,0.08736476996105605
per nguy hiểm vãi,1,0,0.05592520423047354
nhìn thôi cũng đau lòng :)),1,0,0.08588671168684886
tao bị quỳ cột cờ mới ác . cả trường biết mặt luôn . nhục vãi,1,0,0.13613525282163988
per sau hôm sinh nhật là có cái này . ngon vãi,0,0,0.0635746679375824
per đúng chất em lun hâha,0,0,0.0950563273070288
thích mấy đứa này,0,0,0.06804819937884166
viết tên anh trên cát cho sóng đập nát cái matlon anh :)),0,0,0.05954165851333382
"má .., ruồi bay qua táp chết tươi :)))",0,0,0.15315429901706126
"tao có một nỗi sợ khác cũng khá giống con yêu tinh này đó là con yêu nghiệt ngan đực :3 con này thành tinh hung ác vãi_chưởng , đi ra vườn đéo làm gì nó , nó cũng rượt mình . đậu ! đó là tao kể ngày bé thôi =) chứ lớn lên tao biết vơ cây củi theo để đi ra vườn rồi =))",1,0,0.20410849759208674
"ai mang đồ ăn cho anh ấy đi , kẻo đói tội nghiệp",1,0,0.05641439982900439
vì mình chỉ là giờ giải lao trong một hiệp chơi chính của họ,1,0,0.1996221908012849
sắp có thực đơn món mới 😍,0,0,0.12465910451151711
tình yêu cha mẹ dành cho con cái là vô điều kiện . mình đã khóc,1,0,0.1899798002655828
cơ mà tao bị thần kinh thật,1,0,0.24898288044784178
hay cực,0,0,0.038463780905358506
má tao coi mà cứ sợ nó bay ra 😌😌,1,0,0.14430092721347032
hãy cười thật tươi để cho cuộc sống của bạn trở nên thật tuyệt vời 😁,0,0,0.09076350711639886
hơi bị nhanh trí :)),0,0,0.06339081757195858
thô nhưg thật :)),0,0,0.07780001728021038
nhớ lúc trước tao cũng có học quyền và múa tứ linh đao bay thẳng vào trán . :),1,0,0.0503983078060556
còn chả có ai nói chuyện thân thiết quan tâm đến tôi :<,1,0,0.4104986285667074
tao cũng có 1 con đi lạc 1 tuần xong nó về bắt cho tao 2 con chuột làm tao mất ngủ xong hôm sau nó đi tiếp 😞 tao mong nó về lắm 😞,1,0,0.29134063381335873
"hôm nào đi học về cũng phải đi qa , nhà nuôi lũ này ở đỉnh dốc , đi học về tới chân dốc thôi là nghe lũ quỷ đó đứng đầu dốc đón đường bọn tao rồi . méo đạp xe lên dốc nổi , dắt xe lên dốc mà muốn vứt mẹ cái xe đạp để chạy lấy thân cho rồi :((",1,0,0.1967275803486016
dễ thương quá,0,0,0.03280151390236689
dm ông cầm cam cho cẩn thận vào tôi cũng muốn ngã mẹ nó rồi này,1,1,0.5652119673544853
con nào cũng là con nhé . con trai tao tập từ nhỏ đã biết tự lo và phụ mẹ rồi :)),0,0,0.34141508372571944
người ta thật thà phết,0,0,0.04143694644443244
bị từ chối rồi,1,0,0.3805732575875412
ngày xưa cũng vui lắm mà giờ mỗi đứa 1 nơi rồi,1,0,0.13203134644843595
nghe tình vãi =)))),0,0,0.025270348965035848
"3s để tôi nói tôi yêu em và cả quãng đời còn lại để tôi chứng minh lời tôi nói :"" tôi yêu em """,0,0,0.3467689624318125
mình bình luận chủ yếu muốn khoe mình là fan cứng thôi :)) các bạn không cần để ý,0,0,0.12885907829907875
"gặp một nhà nuôi 1 con chó với 2 con ngỗng , trời ơi chưa kịp vào nhà , con chó còn chưa sủa mà con ngỗng đã đuổi chạy vắt chân lên cổ rồi :'( nhục",1,0,0.23799427420881486
câu chuyện của mày làm tao buồn quá,1,0,0.1795001714708236
"per này , thích thì xem cho đã con mắt đi 🙁 đáng sợ quá mà",1,0,0.1796859632089669
mau khoẻ nhé :d,0,0,0.050276461079866504
công nhận chữ đẹp . 🤧,0,0,0.03258698974471303
nhìn mày thế kia đến tao còn thích ngủ cùng huống gì em mày,0,0,0.2954402293045253
"thiện tai , thế giới này khi nào mới được yên bình",1,0,0.21097632797306745
làm tao liên tưởng đển phượng hoàng cổ trấn :))),0,0,0.04681221365279538
tiền nhiều để làm gì ? để rồi lại chia ly,1,0,0.15853035535435986
điềm báo gì đây,1,0,0.08582648515081419
per huhu mất đi đồng nghiệp 😭,1,0,0.059031748944691
chẳng những hư xe mà còn bị phạt nặng nữa,1,0,0.48204228921437764
nhất là lúc 16h chuẩn bị đến giờ đá bóng . chất rơm đầy bếp cho nó mau chín 🥰🥰 yêu quá thời đó,0,0,0.07141957531897822
bắt ve cho nó điiii . trông khổ quá,1,0,0.0632010149828876
khi nào mình già rồi cũng như v nha per kkkkkkkkkk,0,0,0.14305071938700809
những người có tài như này công nhận giỏi,0,0,0.05524283498645646
😞 đó sẽ là những kỉ niệm thật đẹp,1,0,0.014819465946067797
tao bị biến dạng luôn một tay,1,0,0.20481578217724952
chời má . ngọt chết tao rồi :)))))),0,0,0.18014121268732172
chạy ngay đi 😱😱😱 sợ quá .,1,0,0.04609803432701163
"nhìn cảnh 2 bố con hôn từ biệt , em bé cũng rướn mặt theo hôn bố mà chảy nước mắt , em bé như thế chắc không biết diễn , đúng là cảnh đẹp quá",1,0,0.10574212679865455
rất tiếc em vẫn chưa gặp được anh :((((,1,0,0.048290221144895215
"e ấy đang khóc , nhưng vì hàm răng không thể thụt vào nên mọi người nghĩ là em đang cười :))))",0,0,0.33862093798582465
per thì tốt nhỉ quá đỉnh luôn ... nhưng không biết được trọng dụng không nữa buồn quá,1,0,0.19102662567872902
"cấp 3 , đáng tiếc nhất trong thời học sinh ^^",1,0,0.052610343574592405
đm nhìn ngầu vãi,0,0,0.038804092744610164
em đang ở đâu mà mấy năm rồi chưa thấy xuất hiện :),1,0,0.0881139056353283
phải chi có người để giận mình nhỉ :(((,1,0,0.16029327046370548
dễ thương vậy,0,0,0.051485364548272676
vào sg 50k / không cũng mua . 100k / không cũng mua ! ha ha,0,0,0.09148686738319392
"tao cũng là người cuối cùng ra khỏi căn phòng ấy , ngắm nghía lần cuối rồi rời đi , khép lại 3 năm đẹp nhất của đời người . tao không khóc nhưng trong lòng rối bời , muốn ôm hết all vào mình .",1,1,0.6492056092744505
14 / 2 năm sau tau sẽ là ông già cô đơn ....,1,0,0.09881024062195443
"ra đi là lựa chọn đúng , ở lại incheon để gánh team làm gì cho mệt ra lại bị tiếng xấu .",0,0,0.29749435110090156
"ôi dume giật nảy mình , tí thì rơi điện thoại",1,0,0.12261798535768748
hiện tại cảm thấy hạnh phúc khi môi trường làm việc toàn người lầy ....,0,0,0.0946946431953939
k cần biết nội dung ... nhìn mặt con bé thoy muốn cưới về cho con trai mình ngay rồi 😂😂,0,0,0.18697830358566686
vụ này chắc xử nhanh hơn vụ trong thang máy .... 😂😂😂,0,0,0.06877244822616534
"đặt mình vào vị trí của nhau , biết lo lắng suy nghĩ san sẻ cho nhau vậy là đủ rồi . có quá khó không ?",1,0,0.19732266063333703
per mã mẹ biết hôm qua quay video sớm hơn ự,1,0,0.05530569983774295
"cả phim trừ anh dv chính ra thì thấy anh này là đáng yêu nhất , dù nhìn hơi hâm hâm tý",0,0,0.016033422303189507
may mà không mua laptop này không thì ăn lìn lâu rồi :(,0,0,0.1255759527369059
câu chuyện của em làm anh cảm động quá …,1,0,0.05858758290975052
ý tưởng hay,0,0,0.07044731421451407
"xem mà đau lòng , đau lòng nhưng vẫn xem :((((",1,0,0.19223235277007236
con dựt gái đây sao hahaha,0,0,0.11805201406218947
thế hóa ra nguy cơ trầm cảm của tao cao lắm,1,1,0.6791055684391201
có ai thừa biết nó sẽ nhảy vào điện thoại nhưng cuối cùng là vẫn giật mình không 🤣,0,0,0.24447476326005393
per nghe chưa nhân viên mới ... kk,0,0,0.049615199178327685
đáng yêu vãi =))))),0,0,0.017660020933086634
nó bể 1 phát lúng tới cổ dume tởn tới già,1,0,0.04735944364365596
cảm ơn những người thả 😡 nên mình biết là đéo hay nên mình đéo xem . may vãi,0,0,0.0850057442112073
đồng nghiệp nhắng nhít nhất hệ mặt trời =))),0,0,0.02774107235615198
giống thằng này vãi :))),0,0,0.045404850876925314
lò xo chắc giờ không còn nữa rồi,1,0,0.24541475492268156
đơn giản là thấy họ cười 😂😂,0,0,0.1372521912632421
hú hồn lon vẫn còn,1,0,0.07021694421895791
"diễn còn cứng quá à , kiểu biết rồi mà còn giả bộ bất ngờ :))",0,0,0.05298498237440231
công nhận nó phê như vậy thật 😂,0,0,0.036354264932346884
per đã hiểu sao hè năm ngoái có quả lịch học vãi chưa =)),0,0,0.06982492476250692
chúng ta nói với nhau nhiều quá nên bao giờ không còn gì để nói với nhau 🙂,1,0,0.07460246940973278
hôm ấy tao chân ướt chân ráo từ quận 6 lên quận 3 cũng rẽ trái đoạn ntmk và cmt8 . mất 3 lít :( khôn hẳn ra,1,0,0.11556410400578597
rồi mấy đứa chân ngắn đi chắc dập người hết . bay qua sao nổi =)))),1,0,0.0731672272714678
vui tính tí cũng khó cơ,1,0,0.07940617890074045
"dân vũng tàu có khác , toàn người nhân cách cao",0,0,0.036140230568602855
"dăm ba cái thể hiện tình cảm này ngày xưa tao đầy , nhưng từ ngày cưới xong đi qua đường chắc chồng tao rơi mất não nên chưa thấy lặp lại bao giờ . 😌",1,0,0.2603063244777659
chưa kịp đặt chân đến chiêm ngưỡng nó ...,1,0,0.06939234133703998
per thế đéo nào mình chơi với toàn gái mà tính vẫn giống con trai . _ .,1,0,0.1427690294510275
đã sợ rồi .. cố gắng hí mắt để xa ra để coi như thế nào .. khúc cuối hết hồn dục luôn cái điện thoại :))),1,0,0.1487056540397869
per xem đi haha,0,0,0.05759112621351339
chỉ mong có người đến cuối đời vẫn yêu mình như ngày đầu tiên ❤,0,0,0.1548185177976759
per viêm màn túi cấp nghiêm trọng,1,0,0.03574082832061595
chiều mưa hứa tự sẽ tự đi mua đôi giầy mới 😂,0,0,0.1831566267140889
vâng em gặp anh rồi mà giờ đây em vẫn cô đơn đi lang thang tìm những thứ vô nghĩa lấp vào nỗi cô đơn ấy,1,0,0.33743867486301027
mình cũng một thời gắn bó với nó,0,0,0.2045484049373271
nhện thông minh quá per,0,0,0.05616537219629156
mình thiì chưa năm nào được trọn vẹn,1,0,0.16663121413689475
số hưởng rồi tránh sao nổi :d,0,0,0.13646773726628034
ước mơ nhỏ nhoi của tao là được làm chị mà không thể nào làm được huhu,1,0,0.19783094360265008
cô ấy không yêu tôi,1,0,0.12843116597526183
tạm biệt ông 😢,1,0,0.16610863444630897
nguy hiểm thật ... suýt nữa tao ảo tưởng con mẹ nó luôn rồi ..,1,0,0.320302028755105
"nhà tao bên cạnh phòng tập gym , lúc trước bán dụng cụ thể thao ế vãi ra , nợ nần chồng chất ! từ ngày chuyển sang làm đại lý dầu ăn , gia đình tao phất lên trông thấy !😂😂",0,0,0.1461031534510781
per hồi đó mua điểm đại học nè 😂😂😂,0,0,0.0406214939450335
nó lại hợp lí vãi,0,0,0.05590210843154391
"per hihi học ở đâu không quan trọng , quan trọng là bọn mình luôn có nhau hihi",0,0,0.0569567715693367
"may công an đến bắt chứ không thì dân chỗ đó cho vào nồi cả rồi , đã có người cắt cử nhau đi mua giềng mẻ rồi đó chứ 😆",0,0,0.1464769208299177
"eo ôi thằng nhóc áo xanh cuối cùng , sao này lớn lên chắc là sói ca haha",0,0,0.06095684299782296
"thôi bảo em gái xuống ngủ với mẹ đi , còn em percó sợ ma không ? thì ngủ với anh . hehe",0,0,0.2456160562836817
càng thân thiết khi quay lưng càng đau lòng .,1,0,0.1943437928593157
per nhìn đẹp thiệt mày,0,0,0.04332087519527439
😭😭😭 sinh lão bệnh tử hẹn gặp kiếp sau,1,0,0.16340921889200766
nghiệp hơi nặng nha !. làm hết hồn,1,0,0.09229742829563267
đúng là khổ trước sướng sau thế mới giàu =))),0,0,0.06237825839996106
nt thêm cái dạ vâng thấy quý vãi,0,0,0.06582781769006596
"200 năm xây dựng , tồn tại 800 năm , thật là tiếc cho nước pháp .",1,0,0.18462591251197974
hú hồn chim én :)),1,0,0.037147208623269104
đừng bỏ tao ra đi mà,1,0,0.08756172038269634
"gặp tao , tao ré cái hoảng mất :(( đáng sợ qué",1,0,0.24513771245651236
tự nhiên mình xem và mỉm cười theo .,0,0,0.1818206791701804
cái máy này có thật thì bọn chính trị gia sẽ ăn cứt hết 😂😂,0,0,0.10059332426085991
per hãy cảm ơn tao đi hâhah,0,0,0.04686624791771793
chú nghĩ cháu rất giỏi văn và là người có suy nghĩ trưởng thành rồi 💐 rất đáng yêu và tếu giống mấy con giặc nhà chú ❤️,0,0,0.07923375878550586
cần lắm nhiều vụ ly hôn như thế 😂😀😀😁🤣🤣,0,0,0.2721199569845022
cái đoạn nướng cháy pizza để phốt công nhận là chuyên nghiệp thật :),0,0,0.022440010350452382
và mày chợt nhận ra người yêu củ của mày có người yêu mới huhu,1,0,0.029138819823636884
"con bé xinh nhờ , khốn nạn là cái thằng edit video ý :)))",0,0,0.027208367377575766
đây chính là lý do tao giảm cân toàn thất bại,1,0,0.20453907211638378
chưa bao giờ còn yêu nhiều hơn thế 😍😍 bởi cha mẹ cho tôi tất cả,0,0,0.18880943227284888
"giờ nghĩ lại mới thấy vui thế , đến nay bạn bè lập gia đình cả rồi :(((",1,0,0.25952593686357545
per đồng nghiệp tốt giúp ta dễ vào nhà thương điên kkkk,0,0,0.02849171028663923
thằng nào chưa bước vào quán bar hay karaoke giống tao không 😂 trai ngoan điểm danh 😄,0,0,0.08565109515027973
per đưa anh nè không cần năn nỉ . chỉ cần em cởi hết đồ ra thôi . đúng không,0,0,0.11347069305750034
tuyệt vời . aeon mall có khác,0,0,0.014712085422686797
trải qua một cuộc bể dâu . những điều trông thấy mà đau đớn lòng,1,0,0.19292347507487392
hè về chỉ thích ăn cái này .,0,0,0.12072878410066112
tư ̀ hô ̀ i ba ̣ n â ́ y chuyê ̉ n trươ ̀ người thi ̀ chă ̉ người co ̀ n ai đô ́ i xư ̉ tô ́ tao vơ ́ i tao như vâ ̣ y nư ̃ anh . :(,1,0,0.09698293180119394
"mặt đúng kiểu , em hiểu cảm giác phê của anh không kkk",0,0,0.23553760905632054
thỉnh thoảng lại xem lại phim này quá hay và ý nghĩa,0,0,0.052088169528498325
tận cùng của tan vỡ ah có biết là gì không ?,1,0,0.08148833161534202
không muốn huhu,1,0,0.3133008996943298
đầu năm chúc đại kỷ nguyên vạn sự như ý nhé,0,0,0.03247795054803873
loài này bé như ngón tay phàm ăn lắm sợ luôn,1,0,0.12124874647698243
rút kinh nghiệm năm ngoái 😂😂😂😂😂👍👍👍,0,0,0.033891891793473065
trông tội vãi,1,0,0.055651098213616794
yêu dã man kkk,0,0,0.042589325707477386
nước mình chả í thức gì cả xả rác bừa bãi để trôi rác đầy đường thể này thật buồn,1,0,0.11101930138767478
nghiệt ngã hơn là phi hành gia đéo tuyển mấy đứa lùn :((,1,0,0.07453442165240248
kiểu gì chả chết ? đá to như kia thoát sao nổi ?,1,1,0.6879140474326718
per 2 ly trà sữa bạn làm rơi mà chưa thấy bồi thường lại mình 😞,1,0,0.10024189168123708
cái này thì ai chả đau lòng trời,1,0,0.2873712315528932
mày làm tao buồn đó per ??,1,0,0.24750297474068586
tao không sợ đi làm mệt mỏi tao chỉ sợ không có niềm vui với nó,1,1,0.6668928000796416
tao đã khóc khi xem phim nay,1,0,0.13629056407748558
mong manh dể vở 😂😂,1,0,0.09954021590054622
"chúng ta hầu như ai cũng dùng đôi mắt bao dung để nhìn một người xa lạ , mà đối với người thân bên cạnh lại chỉ nhìn thấy khuyết điểm mà thôi ..",1,0,0.0868843203852394
ewww mình chẳng giữ được gì huhu,1,0,0.2578190582685639
nhìn nó cưng quá,0,0,0.029215376992211592
mẹ thằng này nói tiếng việt tốt thật lại còn nói được cả giọng phú yên nữa chứ,0,0,0.10326281186005601
tiếc quá ! nguyên nhân,1,0,0.0385536412210959
con mèo đág yêuc quá 🤣,0,0,0.11046438672874316
khổ thân em ý .,1,0,0.4062200566324088
cưng quá mà,0,0,0.0523310226636699
per sao tội vạy em,1,0,0.12155629488603091
"per :))) tuy anh hay bắt nạt , giấu đồ và ăn bòn đồ ăn của em nhưng nếu thiếu anh thì công việc sẽ trở nên căng thẳng phết đó 😭",1,0,0.08224676534791964
má như người yêu ??,0,0,0.036681515093584666
chỉ để nhìn cái thôi :)),0,0,0.03963389098319379
có người đến gần cuối đời rồi vẫn còn khổ ! :(,1,0,0.26555085206857865
ôi gu mình !! mà phim lâu quá rùi giờ mà đóng lại bản khác thì không biết sao haaa,0,0,0.09495776075516173
kinh khủng,1,0,0.08311636830832538
c trai như thế nào tuyệt chủng rồi :),1,0,0.10445484934992687
tao cũng đang là con ghẻ của tạo hoá,1,0,0.22451648311293818
lấy ống hút mỗi đứa cắm xuống mà hút thôi :)),0,0,0.09056854457356373
sau khi đọc bài của mày tao cười nhiều quá và gãy mẹ hàm cái à,0,0,0.1050990637670613
mệt vãi .. mà cừời cũng vãi ??????,0,0,0.16647756110970072
đã từng nên tao hiểu cảm giác ấy . vừa tiếc ly trà sữa vừa phải lết xác đi giặt cái balo,1,0,0.33243033223275464
tạm biệt ánh sáng của đời tao,1,0,0.21815737889402115
đau bụng vãi hix,1,0,0.0967732470246266
"ai cũng chỉ muốn cho con tất cả nhưng vì được không có mà thôi , có con thì mới biết lòng cha mẹ",1,1,0.7364571688215672
"nhớ quá , độ chục năm không đi soi ve rồi :((((",1,0,0.08076492402385453
"k có con gì ác bằng con người , các con bé như thế mà nó không tha",1,0,0.14117044155668204
đáng tiếc đời không như là mơ . thực tế sẽ vả vào mặt cho mày tỉnh ra :(,1,0,0.22702344489229992
nhờ cái bếp như này . mà hồi nhỏ tao suýt đốt cả nhà và bị chửi đó :((,1,0,0.2719851315101804
còn tao thì còn không có nổi 1 người tỏ ra thân thiết quan tâm cơ . _ .,1,0,0.31443267895237914
và hơn hết là tụi nó không còn coi mình là con gái nữa,1,0,0.2787263447192417
nhà có người già vui thật nhỉ 🤣👍,0,0,0.04293138278811619
hiếu nghĩa . nhìn cái này nhớ mắc cười má đào chúc quá 😀😀😀,0,0,0.037147978137917786
cách người ta phản ứng cũng văn minh ghê ❤️,0,0,0.05967534999375233
rồi lỡ ai có bầu mà đi qua không biết nhảy kiểu gì nữa 😂😂,0,0,0.3784193615248053
"cứ thấy nó là đi đường vòng , dù đường hơi xa vẫn đỡ hơn bị nó dí =)))",1,0,0.06676872491160393
cũng muốn kết hôn lắm mà đến giờ vẫn chưa có người yêu 😭,1,0,0.18799326730541027
2 đg thẳng mãi mãi song song không bao giờ cắt nhau hix hix,1,0,0.16930529566484634
mẹ thấy đơn giản không ? đấy giờ chỉ việc lên số cái .... lên ...☝️☝️,0,0,0.1900709950566491
thực ra chỉ cần nhập đúng input là được thôi mà :d,0,0,0.14098637847978993
coi phim này không .. dễ thương lắm ..,0,0,0.07422518471406908
thương mấy anh quá mà tao không kiềm được vẫn phải thả haha,0,0,0.052085328681950496
này gọi là theo kịp thời đại :)))),0,0,0.039623027360041876
có người sinh ra đã giàu có người làm cực khổ cũng không thể giàu . thương ông,1,0,0.17343088267297121
"hồi lớp 1 đú theo lũ bạn về học nấu . thế là cơm sống , sợ quá vùi gạo trong đống tro",1,0,0.12009539156246032
"tao cũng hay nằm mơ con mèo của mình nó về , tao tưởng thật nên khóc cả trong mơ lẫn ngoài đời . nhưng nó đâu có thể về được nữa ...",1,1,0.7241419771349157
mình nghĩ đợt này bà per thua rồi . đuối lý lẫn truyền thông yếu,1,0,0.06295441030766498
đến gần đoạn cuối tao tắt âm xong vào xem bình luận rồi mới tua xem lại để minvolum . iq + vô cực chuẩn mẹ rồi,0,0,0.24773779924147676
vừa sếp vừa đồng nghiệp tốt thì đi làm như là đi chơi 💃 bonus 6h chưa hẳn đã muốn về,0,0,0.13777035849901836
coi phim này mà ứa nước mắt 😢,1,0,0.0781451347940475
đm hú hồn,1,0,0.08026000925720304
lâu rồi không được nhìn nụ cười ấy,1,0,0.16185175699285037
"đỉnh rồi , hiệu ứng tốt :))) ấn tượng vãi_chưởng luôn",0,0,0.028396007882670143
nó mà nhập viện thì xong đời tao . n 😂😂,0,0,0.06047912432441476
"hồi nhỏ bà mày có cho một con ngỗng mình tự tay nuôi nó . từ ngày đó nó đeo mày như chó mèo vậy . nhưng khi lớn nó lại mắc bệnh mà mất . giờ cũng hơn 4 , 5 năm rồi những nhớ nó lắm 😓",1,0,0.4303153577831402
"cùng cười cùng khóc cùng vượt qua khó khăn , đau khổ nhưng cuối cùng lại là con số 0 :)",1,1,0.5285812023284181
"sống trong một gia đình nhiều áp lực và lúc nào cũng chửi bới như vậy , tạo hóa đã ban tặng cho em bộ nhá khá là tươi để cân bằng cuộc sống",0,1,0.7635357752282965
trời . cưng chết được,0,0,0.3574684411421564
ám ảnh thật sự,1,0,0.25709288432729716
sống 17 năm chưa crush ai bao giờ,1,0,0.2047066526599024
lụm điều cho ba má . 2 ngàn 1 ngày bỏ heo đất . thằng hàng xóm vô trộm mất . khóc lóc mấy ngày .,1,0,0.2555371646536144
"miễn sao có tiền ăn bánh trung thu , mua lồng đèn , đi du lịch =))))",0,0,0.03474786727521575
"hôm bữa 2 bình siro dâu thấy tiếc , nay bình mật ong còn tiếc hơn",1,0,0.07597028191215668
tao còn phải đợi 3 tháng nữa là đủ 1 gia đình nhỏ rồi,0,0,0.38869411863116565
chú này tội lắm á :(,1,0,0.10637514247183841
"yeahh , được mở lại fan cứng rồi =)))",0,0,0.05575771615498116
dỗ lại dễ thôi mà . nhỉ nhỉ 🤣🤣🤣,0,0,0.059360083887767104
"tao nghĩ chắc do kiếp trước mình tu chưa thành tâm nên kiếp này cuộc đời tao như 1 trò đùa , tạo hóa ghẻ lạnh . chán đời :)))))",1,0,0.18682148772292895
ph :)) phê hơn cả cần nhé . nên mua cái này về dùng tốt cho chó và người :))),0,0,0.016884218401738506
ưới gì honey của mình sau này cũng thế,0,0,0.18817924693800236
"per nhớ ngày tháng cta bên nhau ghê , giờ thì chả còn gì",1,0,0.08713714637651589
tao . đôi lúc nghĩ lại thì tao vẫn thấy sợ tao lúc tức giận .,1,0,0.23858740726285865
mùa mưa đến sớm rồi huhu,1,0,0.15454615292908602
xem video không buồn cười lắm vì chửi thề quá xá .. cơ mà đọc bình luận của các bạn cười đã luôn . kkkkk,0,0,0.11795811357692629
"tuổi thơ của tao sợ nhất là con này , không làm gì mà nó cũng rược , suốt ngày thì kêu um sùm",1,0,0.17418004507455256
giỏi thật chứ đùa . biểu cảm gần như 90 % chuẩn mẹ rồi . thằng quay và edit cũng ghê luôn . nhảy cũng tốt ra phét chứ -.- ác thật,0,0,0.15992127806313164
"cay mắt lắm , mà nhìn nó lại nhớ nhiều kỉ niệm",1,0,0.020963263082015352
"tau sẽ phun thuốc kích thích , 2 nam nữa sẽ dài hơn ong nay ... sẽ được vào viện bảo tàng .. 😂😂😂",0,0,0.16919419313564793
"vị nước mắt , dù cảm xúc như nào thì khi có nó cũng thật đáng nhớ !",1,0,0.1851033977406483
thế này mà mày vẫn còn buồn thì ...,1,0,0.32877669523273567
anh thíck kiểu tra tấn hằng ngày :))),0,0,0.06084930435735866
per em đã tìm ra giải pháp thiết kế rồi nhé :))),0,0,0.06138447808287153
chủ tịch giả vờ luyện vỏ và cái kết sấp mặt luôn haha,0,0,0.04136068586191013
per ru con để vợ đắp mặt nạ kìa ?? đúng là chồng người ta chưa bao giờ làm mình thất vọng ??,0,0,0.23664428131519175
"ở trên mái sảnh nhà tao cũng có một con nhện mẹ tao bảo tao giết nó ( hờ hờ ) , còn bố tao bảo "" mày cứ đi qua là nó rơi giữa đầu """,1,0,0.3243535110161753
per hàng hiếm nhà mình,0,0,0.16729217278111844
cung quá ak,0,0,0.06751714869503907
sao bao nhiêu năm kể từ ngày đó em đã không còn nghe lại nữa :((,1,0,0.37930268343037477
đôi khi đi tù chỉ để thoả mãi thú vui,0,0,0.17785658745516242
nhà tao có nhưng nó rỉ sét hết rồi :((,1,0,0.2160290682353035
per không cho anh đi tập đâu nha mất bồ như chơi,1,0,0.0854285284546179
trong nhà không biết có ai không nữa ? sập quả này sợ thật đấy,1,0,0.29023632799397925
ăn vào lại thức dậy ở một nơi xa thì bỏ mẹ :)),1,0,0.08001851392354448
per tiếc cái gì đấy bố nó,1,0,0.049199217917843575
chuẩn bị kiểm tra hình huhu :((,1,0,0.13905957042633382
mèo nhà tao gửi 10 ngày về ăn tết lên nó thành mèo hàng xóm này ( nhà hàng xóm bán cá ) :((,1,0,0.18519394646320836
giờ mới hiểu tại sao lúc đầu nhà hàng không cho đặt chỗ ..... má nó li hôn 3 lần rồi lần nào cũng phải giảm giá 30 % nó ly hôn thêm vài lần nữa chắc sập bà nó tiệm,0,1,0.544981707796326
"đêm hôm coi lại , cười mún rụg rún",0,0,0.19395984765445182
tao cũng hao mòn nhan sắc như này,1,0,0.09212653588496886
người ta kê bàn ghế ra chả nhẽ lại vẫn nằm đất để nhìn mông người khác ngồi :))) pha xử lý rất cao tayyy,0,0,0.02414506961066724
chỉ cần nhìn họ thì đã thấy tim đập mạnh rồi =))),0,0,0.03674961366499168
"khuôn mặt ngây thơ vô số tội , trái tim nhỏ bé của tao sao chịu được ❤❤❤",0,0,0.10089050034657514
"có lần ba tao mua bánh kem sinh nhật cho tao , lúc đấy tao 13t nhưng khi ba tao mua về thì lại là 15t 😶",1,0,0.1767680503180374
nghe nói 2020 hơn 4tr đàn ông sẽ ế vợ . mình chỉ việc chờ thêm 1 năm nữa thôi là đăng tin tuyển chồng 😂😂,0,0,0.17601359220916662
"vừa về xong , phải nói là đông vãi đông chứ không phải đông bình thường =))))",0,0,0.180721770798379
disss giật hết cả mình .:)),1,0,0.11749627938835744
ăn vải nóng lở hết miệng ra đây này,1,0,0.21738863434673789
idol có skill mới chất quá 😂 1 cú đánh mông thôi mà đối thủ bay sấp mặt luôn luôn 🤣,0,0,0.05252989543413192
tan tành rồi .,1,0,0.10083261852272857
rồi tôi sẽ hết được uống nước ở đây nữa :((,1,0,0.30467033798009385
per coi chừng bị vậy nha chưa haha,0,0,0.08246701384374207
tao không theo dõi phim . xem bập bõm mấy tập mới biết em nó là con gái 😅.,0,0,0.05952369926454278
chỉ thấy dễ thương và xinh khi crush thôi khi hết crush thì có cười nấy cười nữa cũng không có cảm giác,1,0,0.25971655017948814
chị khổ mấy cô giáo viên giám đứng ra tố cáo . sau này bị làm khó hoặc trả thù,1,0,0.1609261251296608
đi đâu cũng ngó ngang ngó dọc để được nhìn thấy crush 😂 ngóng nó đến mức cổ dài ra hẳn mấy cái 😂,0,0,0.07626307102903197
tác phẩm nghệ thuật chất lượng cao hiếm hoi của điện ảnh việt nam nhưng không được công chúng quê nhà đón nhận,1,0,0.03358250137097421
thương .. hy vọng sớm có người cưu mang bé,1,0,0.20111264250528027
tao thấy cảm động vãi .,0,0,0.08528384986460627
bây giờ mình 56 tuổi vẫn dùng để bắn bọn chuột neo dình sơi chim cảnh rất hiệu quả các bạn ơi,0,0,0.04535632442295069
êu ơi sao con mụ này không gặp mình nhờ :))) ước gì có con mụ thế này tông vào mình ý :)))) klq mà giọng bé quay video đáng yêu thế ❤️,0,0,0.049109600739233414
per xem đi mày sẽ sướng thi nhìn con nhện bị giết 😂,0,0,0.11649078677532419
tôi đã đúng khi đọc bình luận thay vì đọc bài :),0,0,0.05467058984725924
mạnh vỗ tay 👏,0,0,0.03837590709310336
couple cuối . yêu chết đi được,0,0,0.17341848038341376
"t đã hối hận vì nói ra , để rồi bao giờ tao với cô ấy chẳng còn thể nói chuyện như trước nữa",1,0,0.4131699372703562
k nuôi thì cho người muốn nuôi đi chứ để em nó bọ ve tùm lum sót quá ????,1,0,0.10194833615944367
đây là lần cuối cùng các bạn nhìn thấy anh ấy :d,1,0,0.032170886108617194
tao ngự ở trong uống nước cho nhàn thân rồi,0,0,0.26506378573536654
không phải crush :v nhưng mà nhìn ổng cười mỉm nhìn cute vãi -.-😑😆❤,0,0,0.0632112963527461
có ai như tao không đọc đề thì quen nhưng lại quên phương pháp giải . chắc mất gốc rồi :((,1,0,0.23287084096164024
hahahaha tao mắc cười ghê . nhớ cái hôm sinh nhật tao ghê . chắc mấy mẹ ở guru cũng rủa dữ lắm hahaha per,0,0,0.09103243316480217
chờ có người giận mà không được,1,0,0.11338038274975587
per khi ế nhưng vẫn phải giương mắt nhìn bọn nó ân ái,1,0,0.04861612729744309
có ai ngu như tao không đơn phương con nhỏ cạnh nhà 4 năm mặc dù nó ngồi chung bàn với tao suốt mấy năm cấp 3 :(((,1,0,0.22849586658598833
1 lần thôi cũng đủ xao xuyến anh rồi,0,0,0.13438872652343978
nhớ lắm .. cay mắt lắm ....,1,0,0.11148013346555495
bà xinh thật sự ❤️,0,0,0.07452526442394246
nếu là tao thì nhảy cẩng lên chuẩn mẹ rồi :)) má nhìn trong hình tưởng ma thật ở ngoài đéo biết như lào luôn ớ,1,0,0.22731007236587103
yêu thế nhè 😍😍😍 có em gái chắc cũng vui lắm,0,0,0.05491634192302881
tuổi gì so với anh ! :) haha,0,0,0.04907209810282852
"làm pv quán karaoke đi rồi khổ hơn nữa , toilet danh cho nam chỉ đứng tè , vậy mà nỡ lòng nào mấy anh ngồi ỉa 😢 thiệt chứ gặp cái mún khóc lun …",1,0,0.24653384388797692
"đến giờ , em vẫn đang đợi anh , người sẽ đúng và thời điểm sẽ đúng",0,0,0.1101328571399527
mấy lần đi ngang hết hồn,1,0,0.12658916014016935
đúng là tấm gương xáng để con cháu noi theo =)))))),0,0,0.0349146323581082
hôm qua tao xem xong ngất xỉu tới giờ mới tĩnh chúng mày ạ 😌😌😌,1,0,0.057594020411126684
"giọng nói , ngữ khí đi vào lòng người vãi . mắt chị gái đẹp thế 😻",0,0,0.07943054803017328
không khoe thì không sao . khoe ra mai lại còn cái gốc ... haha 😁,0,0,0.12513952800047348
hoan hô anh 😂😄,0,0,0.030024033360905485
căng thẳg quá mà,1,0,0.056882269618870204
"phàm việc quan trọng trong thiên hạ , cứ về hỏi vợ , vợ nói sao cứ làm ngược lại chắc chắc sẽ đúng !",0,0,0.1612802069847943
cũng xinh mà ?? lai cỏ có lẽ sẽ khỏe mạnh và đỡ ngáo hơn ??,0,0,0.06450964287443954
thế giới này thật đáng sợ ai chả đĩa bay cho tao về hành tinh tao đi,1,0,0.34000741495441866
mình bị say xe bạn à :(((,1,0,0.3786139200358438
tí nữa vợ nó vắt chân lên cổ bò thì hú hồn,1,0,0.08904784595270529
tao cay mẹ khoé mắt,1,0,0.2569208378823331
mấy anh thiệt là nóng bỏng !!,0,0,0.043256962071690684
per chị rep khách hàng thế ấy hả 😞 bị bóc phốt rồi,1,0,0.1584877594215578
tao buồn mấy năm nay rồi,1,0,0.2762189651313719
"lúc nhỏ nấu bằng này không , nấu hơi bị ngon , tạo cơm cháy ăn bao riềng",0,0,0.16464430044855866
yêu em mọa mọa 😘😘,0,0,0.05384958326812985
tình yêu là một thứ cao đẹp hãy trân trọng nó .,0,0,0.04294661169051851
yêu quá đi mất . tuổi thơ của mình toàn nện mấy thằng con trai . trong lớp mình toàn làm xếp nên chẳng được giúp đỡ,1,0,0.21058969693488713
per đồng nghiệp không tốt ta có thể bị chửi và ăn đòn từ sáng đến tối 🙄,1,0,0.1250153510651634
những cử chỉ đẹp làm từ thiện cho người nghèo hay thiếu đến lấy thừa đi đến cho,0,0,0.043640612520251615
"nói gì , em trai tao cắt tóc xong là tao đè nó ra chụp hình . cảm thấy nó cắt tóc xong là đứa nào chứ không phải em tao =)))))",0,0,0.13561191098921638
nghe cũng đúng đúng :)),0,0,0.05278364736945737
ngưỡn mộ chi lâu lắm oy . mà giờ biết thêm nhiều về chj nữa nên càng yêuc chj nhiều hơn 😍😍😍,0,0,0.17857738670555223
còn nhiều người có cuộc sống khốn khổ hơn ta :),1,0,0.17899127029639442
""" vậy là đủ tuổi ngồi tù rồi nhỉ ?"" , mặt anh rất tỉnh và đẹp zai =))",0,0,0.06607697936911085
nghe lại mà nhớ những ngày tháng say đắm trong nỗi cô đơn,1,0,0.1509645539846478
công nhận ngầu thật,0,0,0.04602947940018556
đến ngày sinh nhật mà còn không nhớ thì còn nói gì nũa,1,0,0.14125821964715055
"là thằng đàn ông phải có bản lĩnh từ khi còn bé , thay vì hay bắt nạt , quát tháo đàn bà thì hãy là người che chở , yêu thương !!!! mong con zai của mẹ sau này cũng như mấy anh này .!!!",0,0,0.0641178111754456
tao thì nói xong lại thấy người ta không hứng thú thì lại lượn,1,0,0.0845077357566044
khi bạn muốn lầy và cũng có người lầy cùng bạn =)),0,0,0.11495903338830715
"ba mẹ mình nhớ tất cả ngày tháng năm sinh âm lịch , giờ sinh , tên tuổi ...... của 4 chị em .....",0,0,0.32924878732304236
"per nếu có khi nào thấy bản thân vô dụng hay là thất bại , thì hãy nhớ có những người chế tạo ra mấy cái của nợ này . =))",0,0,0.14908084345448283
bể mẹ cái kính cường lực mới dán :#,1,0,0.24104712822687271
per cái gì mình không làm được chứ đánh cái lũ đéo phải người thì mình làm tốt kkk,0,0,0.1566276061905009
"lúc trước chạy xe đạp đi ngang qua đàn vịt có mấy con ngỗng lẫn trong đó . thế là dume tụi nó rượt tao vừa chạy vừa la cái thứ âm thanh nghe "" ứ ứ "" "" hiếp em đi "" làm tao sợ tụt lol :))",1,0,0.22300064765647645
cưng hết phần thiên hạ,0,0,0.12611898458362641
được cái công tác truyền thông tốt,0,0,0.013012300863629506
crush ở nhà chơi gane rồi haha,0,0,0.06980340592222649
dễ thươnggg,0,0,0.050543399270343084
nhìn sợ vãi ra,1,0,0.06200679568088835
đồng đội tốt ... nhưnh rất tiết chúng ta không có duyên 😀 kaka,0,0,0.019493709267049773
ơ tao đang mơ 🤩,0,0,0.22683443544829693
rất cá tính :v,0,0,0.02739534181802591
nhắn mà ấm lòng nhờ :))) ra gặp anh shipper đẹp trai nữa thì chủ thớt rụng hết buồng trứng :))),0,0,0.04651002446010809
tưởng tượng mà dưới sông có cá sấu nữa chắc hết dám đi,1,0,0.1649994128395116
"xời tưởng gì , cái này tao làm được =)))",0,0,0.0801994985374271
xây 1 được 2 nhà :)) chủ nhà ấm vãi :)),0,0,0.04099086563770312
giống tao . nhưng cô ấy có hiểu đâu,1,0,0.35482772517674843
đau đớn hơn còn là khi làm bạn cũng khó và gặp nhau coi như người dưng nước lã,1,0,0.1214294555335031
"hồi đó đã undercut , bảnh vãi .",0,0,0.056464737732167425
đau lòng qá huhu,1,0,0.14989410045835008
mong anh có thể đạt được ước mơ của mình .... cố lên,0,0,0.14186666975466022
còn gì hạnh phúc hơn trong cuộc sống này ♥️,0,0,0.18995185007321072
thèm được bố chửi 1 lần 🤤🤤,0,0,0.3250015428377813
tao lại sợ ngôn tình quá cơ 😒,1,0,0.0765433924766381
đỉnh cao :)),0,0,0.02365625321690673
waooooo . hợp lí ghe,0,0,0.059693697873720496
tao mới mọc răng khôn huhu,1,0,0.0682810940576933
thực ra em mới đang phải là sự lựa chọn chứ không phải là người được lựa chọn đâu 😌.,1,0,0.3195125430845263
đã từng . hix,1,0,0.11811997537362089
"nói chứ uống đi , 1 ly thì giảm ăn một bữa sẽ không khiến mày phì đâu .",0,0,0.3783055796825548
quan trọng là có per luôn tạo độ khó game cho tôi :))) và không thể thiếu sự trợ giúp của các anh em trong team 😂,0,0,0.08926406796831832
tao thấy buồn cười vãi :)),0,0,0.13456337798681514
tao biết là có ý tốt gởi thông điệp ý nghĩa nhưng nhìn cứ sợ sợ lại còn sấm chớp :<,1,0,0.11281549681213573
vừa thấy thương vừa buồn cười vãi :))))))),0,0,0.1543706436500504
ước mơ tao 🙂 chỉ có thể sao chép lại và tao lên màu cực xấu !,1,0,0.1314645932228811
per đau hơn chia tay người yêu nữa,1,0,0.04797302712969571
mở máy lên .. rồii lại đặt xuống ... cả ngày nay tôi đều như vậy để chờ anh nhắn chúc tôi .. giờ này chắc anh quên ngày này thật rồi .. cô đơn quá mức rồi đấy 😭😭,1,0,0.24301003074354982
mink chỉ lo là nhà nước không đủ gạo nuôi mấy anh,1,0,0.14576969275391413
dell hiểu sao ngày sưa tao có thể cầm nó trưen tay đi câu cá 😳😳😳 nhớ lại vẫn thấy ớn 😂,1,0,0.08235012530637316
khi tắt đi mới thấy ngạt thở .,1,0,0.11396886899411467
trung thu là tết thiếu nhi cớ sao người lớn lại vi vu thế nhỉ,0,0,0.05978777556703074
mình sống không đủ tốt hay sao mà vẫn chưa gặp được anh người yêu tốt như này,1,0,0.03656260401447525
chỉ cần yên bình như thế này thôi . ❤️❤️❤️,0,0,0.13777336383677272
"tỉ năm mới thấy cười một lần người gì đâu mà khó cười đến thế 🤨 chả bù cho mình , lúc đéo nào cũng cười , cuộc sống tràn ngập niềm vui < 3",0,0,0.46964936651538247
đau ruột với thằng số 9 🤣🤣🤣,0,0,0.08220262401045014
"dễ thương , đáng yêu , cưng ...",0,0,0.04844697018631528
"nhiều nước quá , lấy bát về múc nước ra thêm tí đường vào là có 1 bát nước gạo ngon lành",0,0,0.12872650734700525
tao nhìn tao thấy ghê vcd ấy 😂😂,1,0,0.03642225559567325
chính xác ! chỉ cần đồng nghiệp tốt thì mọi ngày đi làm đều vui 😊😊😊,0,0,0.0679877249535283
tin vui cho bà con nông dân chuân bi vào ngày gặt lúa sắp tới,0,0,0.12936308977608033
một cái ỉn mông xong hết 😂😂😂 dăm ba cái võ thuật 😂😂😂🤣🤣🤣,0,0,0.03739211865875441
"chiến tranh có gì vui đâu nhỉ , chỉ gây đâu thương",1,0,0.11982389930495405
đâu phải ai muốn thích tao cũng được đâu,0,0,0.38745081566558215
3 idiots ! phim hay nhất mọi thời đại .,0,0,0.01789558078126853
cuộc sống mà mấy ai được trọn vẹn 😢😢,1,0,0.2542659235992269
""" học từ bỏ những thứ trời không cho "" nói thì dễ nhưng nhiều lúc quyết tâm lắm vẫn không làm được .. 😢😢😢",1,0,0.39656584779596105
ngày xưa mỗi lần tao làm ồn là ngoại tao liền la hoặc lấy roi đánh 😅 nhưng lúc đó vui lắm 😊,0,0,0.33926450725842033
nàng ấy chả yêu ta gì cả,1,0,0.03107911976352713
mặt dày lại ôm cứng ngắt cho chị . 😆,0,0,0.07118341756973903
tâm sự không đúng người ngoài việc họ cười vào mặt bạn,1,0,0.4372917784735179
xem chỉ đợi đến đọan nó ngã để cười :)))),0,0,0.10584651856950839
nấu kiểu này ngon lắm luôn 😋😋,0,0,0.0699492179032142
kím cớ nói chuyện chỉ để biết người đó làm gì đang như nào . có vui hay buồn . rồi lại thôi,1,0,0.3733218971998007
per may cho bạn 😄😄😄,0,0,0.05042157643345886
"đù . tròn ung ủng , chân tay ngẵn cũn như tao nhảy sao",1,0,0.13795829740541685
xinh mà còn ngáo nữa thì người yêu mới cưng =)),0,0,0.052623912917655634
ông nào viết vui tính thế =)) cưng thật,0,0,0.07497130932198201
tuổi trẻ tài cao :)),0,0,0.024111585875560428
đó là những câu chuyện buồn mà :((,1,0,0.11655762764073226
per cái dume mày thấy tác hại của tập gym chưa,1,0,0.04215872118775316
thứ mà dễ dàng qa cũng nguy hiểm,1,0,0.07966316451040428
ngày ấy chỉ vì quá ngu ngơ mà để lạc mất .,1,0,0.18377313174947923
anh lấy đi niềm tin trả lại cho em những gì,1,0,0.09438909057221306
"hồi xưa vào trông nhà cho ông bà , thuê đĩa võ thuật này xem cho mạnh mé đỡ sợ mà thuê ngay đĩa này . ám ảnh quả nhạc tao tao téo vãi",1,0,0.051967373279703334
tủi hổ với bản thân ghê khi tao vẽ người mà mẹ tao hỏi : hóa ra đây là hình dạng thực của quỷ sao ?😑,1,0,0.15479929845714546
án mà cứ xử như vậy thì sao có được lòng dân,1,0,0.12349131301840986
đã thất tình xem pim này khóc cả đêm mất thôi mới đề mô mà đã khóc thút thít rồi chắc xem hết thì không biết pai làm sao ..,1,0,0.4996937724098122
áo phông dễ thương quá anh ơiiii,0,0,0.023360621756443756
đi chơi mẹ tao cũng không tha cho tao :) chửi tao làm mất buổi vui luôn á,1,0,0.20342731816847245
còn 1 tháng nữa thôi khép lại những ngày tháng vui buồn nhưng luôn có người bên cạnh sẻ chia không lo lắng của tuổi thanh xuân cái tuổi đẹp nhất của cng,0,0,0.15553564394004746
"vừa lắm ... cho chừa nè , ahihi đồ ngốc 😊😊😊",0,0,0.09481633702389931
"hồi xưa đi học mình ngồi gần lớp trưởng , tên này được cái rất ga lăng với bạn gái trừ mình .. huhu ..",1,0,0.16728422458046707
nếu chịu khó đặt vào hoàn cảnh của nhau mà sống thì mọi chuyện đã đơn giản hơn rồi .,1,0,0.09217535951002882
chỉ mong cảnh này sẽ không còn xãy ra ở xã hội này nữa . bất hạnh vậy đủ rồi 😞🙁,1,0,0.24569865269040583
đẹp trai v :((((,0,0,0.0560836932998145
gắp đúng lúc nhưng hình như đúng lúc người ta không muốn y ai ???? đó là 1 câu chuyện buồn,1,0,0.2551836944327284
boss dễ thương hết sức,0,0,0.14376765156223367
đến ông cũng chẳng dám xơi,1,0,0.45136303714008036
bộ phim việt lần đầu xem thấy hay cảnh quay đẹp !!,0,0,0.018362498075046554
vỡ tan là như thế ấy,1,0,0.0977696979481359
đúng . a có tầm nhìn . tâm nữa . mình biết,0,0,0.2003897192324905
nhìn mặt ông thầy cay lắm :)),0,0,0.056128743734334685
anh thứ 2 cute thế =))),0,0,0.039860891610713725
cả tuổi trẻ bỏ công cày . có cơ ngơi ổn định . r về già con cháu đuổi ra đường bắt đầu 2 bàn tay trắng . đời 😅😅,1,0,0.1337167592654921
năm nay không được ăn dồi :((,1,0,0.11336925936459143
cưng xỉu ??,0,0,0.07559175143481627
tốt quá,0,0,0.007323495194263239
cứ thấy cute cưng cưng sao á .... có ai thấy giống per như tao không ??,0,0,0.1756708982235608
cảm ơn đoi tình nguyện viên nhớ có các bạn mà người dân bớt vất vả hơn,0,0,0.01692392597096207
per cho vợ đi cầu này để giảm cân nhá 🤣🤣,0,0,0.1121886106552705
hahaa nhìn mắc cười vãi per,0,0,0.07857314637780995
cái mặt cưng xĩu,0,0,0.10877835750668775
tao mà ở đây là sợ rụng trứng luôn chứ đừng nói ăn,1,0,0.10137580076612772
mình thì # mình chỉ mong chồng tốt thương yêu vợ con gia đình ! gia đình lúc nào cũng vui vẻ hạnh phúc thì ngày nào cũng là ngày ( tình yêu ),0,0,0.3080698759330108
rồi chưng ngắn như tao sao nhảy qua 😿,1,0,0.3137391802320755
đó là 1 câu chuyện buồn 😤,1,0,0.1228172327732474
kkk tao chọn anh đầu tiên,0,0,0.08388180317566923
kha ́ thông minh :)))),0,0,0.05292103036416864
per cố lên gần đến nơi rồi . vào trong này mời nói chuyện nhé . ngay cửa đền chính . có bãi gửi xe . hehe,0,0,0.2348353252827706
thật dume nge yêu thương gì đâu :)) bắn tim bụp bụp,0,0,0.03152206450074002
diễn viên có cá tính hay nhât từng xem,0,0,0.012759971859613362
per nhớ cái bếp huyền thoại của 2 đứa mình he,0,0,0.042586983006377525
haizzzz đó là 1 câu chuyện khá bùn,1,0,0.08597047394857818
per nghe đi rồi khóc 1 trận cho thoải mái . đừng cố gồng mình lên nữa,1,0,0.325367900940826
gap kiểu này chắc đái ra quần quá,1,0,0.07004042964412162
"per đọc vài dòng là lướt xuống cuối để xem có phải "" hi vọng câu chuyện mình vừa bịa ra ...."" nhưng không phải . kkk",0,0,0.25656032517640714
hú hồn cái lồn còn nguyên :),1,0,0.07064287246533871
chờ tý tao đi thay bỉm xíu tao quay lại .,1,0,0.036754465835319466
đại học vui lắm cậu :)) weeee,0,0,0.04373469427785675
"những chuyện trọng đại trong đời ... ta cứ nghe lời vợ khuyên , và làm ngược lại ắt thành công ????",0,0,0.06986331621078229
liệu có còn tồn tại cô gái nào chấp nhận một thằng vừa nghèo vừa xấu đặc biệt lại còn yếu sinh lý như tôi không,1,0,0.3221497953387039
"thật là romantic , mà mà mà ... sao nghĩ tới cảnh động phòng hoa chúc tao thấy nhột nhột lỗ đít 😧😧",1,0,0.07326321338544411
nhiều lúc tủi thân vãi_chưởng huhu,1,0,0.33966423203300444
dễ thương vãi ♥♥♥,0,0,0.0550976908394381
tình chỉ đẹp khi còn dang dở lấy nhau rồi nham nhỉ lắm ai ơi ...,1,0,0.21612917527295128
thật buồn khi mình thịt vợ thang khác mà thằng khác thịt vợ tưong lai mình,1,0,0.1736691309476895
tiên sư cái thằng ghép nhạc cười rớt mồm quả ghép,0,0,0.03407650632721747
đáng yêuc vãi anh ơi,0,0,0.03311235480319244
một cái vẫy tay đầy luyến tiếc từ cuộc họp tới đất nước việt nam,1,0,0.0832906523657336
"chỉ cần cho em nó 1 điểm tựa , em nó sẽ không ngán cả thế giới :))",0,0,0.2432644503026408
đứa con gái nào mà đề nghị là biết bị ma nhập mà né nha mấy cha,1,0,0.16698065329266534
1967 mà cụ ông đẹp trai phong độ ăn mặc thời trang quá :)),0,0,0.07087465129786566
"tội mày quá , lần sau mày bình tĩnh hơn nhé",1,0,0.07151247827566413
per b trà ơi . năm nay là pải mạnh dạn và bất chấp nhé 🤣🤣🤣,0,0,0.04538480071659649
chính xác là con gái xinh auto đáng yêu =)))),0,0,0.028531260829497838
thích quá mấy má ơi ! @@@,0,0,0.05567981157638819
xinh quá !,0,0,0.037160637397290405
ước là 1 ngày mai thức dậy dụi mắt mãi chưa hết tuổi thanh xuân =)))),0,0,0.0748726395571899
cay mắt,1,0,0.15786479887643498
đụ mẹ cười ỉa ????????,0,0,0.12656131103903695
t không phải con sến súa . ko cần quá cầu kì lãng mạn . cầu hôn tao thế này là tao đổ rồi per,0,0,0.2454140313050548
đã từng . và bị phũ như 1 con chó 🐶😂😂😂😂,1,0,0.2506169045394442
tao đau lòng quá,1,0,0.1475577787502742
"ngày xưa toàn ăn cơm với nước mắt , ngày trước giận bố lắm , nhưng giờ mới cảm ơn bố vì như thế mới có mình ngày nay",0,0,0.22733959100930853
và cuối cùng là được đối xử như một thằng con trai luôn ..,1,0,0.12028874703830883
đứa nào bị táo bón thâm niên cứ ra cầu này mà nhảy đảm bảo hiệu quả ngay lần đầu trải nghiệm 🤣🤣🤣,0,0,0.2049607716981056
ê có khi nào đọc bài này xong buồn cười quá cười toác hàm có khi nào đi bệnh viện không các cụ :v,0,0,0.13868101037896532
cũng đỡ tắc hơn 1 tí,0,0,0.2093119026927578
áo xinh thế .. cho tớ mượn đi tiệc nhé !,0,0,0.0844160787264307
còn tao mỗi lần cắt tóc là y như rằng … nó tệ vãi :(,1,0,0.21374215221360884
per nhện kìa haha,0,0,0.06326063881720871
cả tuần không được nói chuyện,1,0,0.1115147654263394
ông này đẹp vãi,0,0,0.040542180306008535
nó cười với tất cả mng trừ tao 🙂,1,0,0.3000684641571597
"cấp 1 hiền lành ít nói , ngồi gần 1 cô bé cái gì cũng nhường cô ấy , nhường đến mức nhường luôn tập sách , để bà già phải dẫn ra nhà nó lấy lại ! 😂😂😂",0,0,0.10381207597925592
ng dân biết phải làm sao bệnh chồng bệnh,1,0,0.4406769894951992
2 thế kỷ mới xây được vậy mà chỉ trong 63 phút tiêu tan hết :(,1,0,0.16970519740811527
per trung thu đéo liên quan đến việc có gấu cho lắm bạn nhể .... nhưng mà lễ gì cũng thế thì đúng là bất hạnh mà huhu,1,0,0.10412150211208633
mình còn để ảnh bạn ấy trong thẻ học sinh xong bị thấy cơ,0,0,0.17677833284152225
per nhất định chị em mê tín mình p đi xem phim này rồi,0,0,0.058255417354996314
"gần 2 năm đến sớm nhất để mở cửa lớp , lúc về cũng là người là sau cùng để khóa cửa . đến giờ ra trường được 3 năm vẫn không muốn vứt chìa khóa của lớp ...",1,0,0.23290390243578024
khổ thân các cháu,1,0,0.11659772118909703
t mong nó té quá chời :v,0,0,0.06433496911062189
điều tồi tệ nhất là kiểm tra code trên giấy .,1,0,0.21222424349816596
đã xem 2 lần bộ phim này 😁,0,0,0.0596495791659828
cũng tên quỳnh nhưng 2 số phận thật khác nhau 😢( chỉ mong được 1 góc nhỏ xiu xíu của b ),1,0,0.13024216311797687
cho con được thay ông bán vé đi 😔,1,0,0.04406917869877324
thế giới này thật đáng sợ :3 trả đĩa bay cho tôi về đi :3,1,0,0.3164538759027816
gì cũng được ?????? dễ vãi,0,0,0.04954062575261178
t nói té 1 cái không dập mề thua gì cũg thua ..,1,0,0.18839267052973546
"tao cũng như mày đây . không sao cả , hãy tự hào vì tên mày vẫn rất đẹp",0,0,0.22039352921704558
trách ai bây giờ đây huhu,1,0,0.24741172456344532
không lau sạch về bà chủ mắng thì sao . nhiều người họ kinh lắm . trước mẹ minh đi làm cho nhà 5 tầng . họ chỉ ở 3 tầng còn 2 tầng bỏ không . mà ngày nào cũng phải lau hết,1,0,0.2669354532394227
phim kinh dị vào cái trời âm u 😒,1,0,0.07912713791846976
mẹ mắng lúc sáng sớm là xui cả ngày :(,1,0,0.26496539632923716
phụ nữ ngày xưa toàn cực phẩm :v,0,0,0.0669925308962252
cứ tưởng là người yêu =)),0,0,0.06715478235719197
đàn bà ở nhà thế kia không sợ ngoại tình à ? tao đang lo vợ tao đây này,1,0,0.21996650130110962
thời xưa yêu nhau đến chết vẫn yêu ... thời nay yêu không biết chết lúc nào 🤣 cuộc sống nay đáng sợ lắm 🤪,1,1,0.5008921702304173
lại mất tiền ngu,1,0,0.14181913803339183
làm bộ mặt ngầu cho thằng thỏ để ý mà thằng này láo ăn thiệt đéo cho mình ăn ké quê thiệt là quê luôn,1,0,0.053993018690460595
moá cưng quá ??,0,0,0.058807134661154316
"ai ở gần đó xin hãy giúp chú , thương chú",1,0,0.22543812192567003
bố là số 1 vĩ đại hơn những gì con cần,0,0,0.08353397286224484
"lâu lắm đéo được gặp nhện trong wc , quên mất cảm giác nhịn ỉa như nào rồi 😂",1,1,0.5863719154516358
sau cùng cả 2 đều bị ảnh hưởng trầm trọng :((,1,1,0.7036597969908288
lời được cánh của sắt tàu hỏa ngon rồi,0,0,0.08533638648498257
:v trời giờ mới biết thế giới có dạng hợp thể vầy đấy :v,0,0,0.15846803700121223
có ai đéo hiểu gì như mình không mình trong sáng vãi heee,0,0,0.48045664440083335
bà già đau khổ,1,0,0.13357067170433978
đag đi học mà gặp cảnh này :)) chắc chạy về cúp học luôn,1,0,0.028673288267627408
"bây giờ con đã sai vì đã chưa làm gì được cho cha , con thật sự xin lỗi cha và mẹ ,",1,0,0.35832661187766
uầy . ngọt thế ??????,0,0,0.05884716701122048
nhìn muốn tè ra quần rồi,1,0,0.23255067059815576
quá giỏi . đạp đến ngất đi mà không quay đầu . sau này em sẽ thành công . chắc chắn vậy,0,0,0.06344828689438706
"dễ thương ghê =)) nói y như mấy ông ngồi nhậu trong bàn v "" đúng không "" "" đúng chưa "" "" vui rầu "" =)))",0,0,0.07679231583174513
per chuyện cổ tích nè ! haha !,0,0,0.044895011136383715
bây giờ thế mới biết tác dụng của con cái 😢,1,0,0.27695230791866526
bà mẹ nó @@ xem rùng con mẹ nó mình hơn cả phim ma .,1,0,0.10781830045398941
yêu thế,0,0,0.02803897183398466
"thôi xong 1 chiếc ôto . chắc tối nay ăn không ngon , nhậu không yên rồi .",1,0,0.08109319185942691
ấm áp vãi .,0,0,0.14792046580860094
per móc lên tới não :)),1,0,0.08879264716381854
bình yên thật,0,0,0.06001610772141946
"nói mưa là mưa v chời , tôi còn đi chơi đi học nữa mừ .",1,0,0.3269569740278983
lần đầu gặp anh cũng là phòng gym =)))),0,0,0.10447500905684694
có sáng tạo :)),0,0,0.045647256688540284
nhây qua ́ nhaaaa 😂😆,0,0,0.11472561197948772
per trời đựu cầu hôn nó phải thế . đã đẹp trai còn có não,0,0,0.15062715938461702
ăn ngon nhưng nóng không chịu được,1,0,0.3135940505047277
thế mà cũng 5 năm rồi . ❤️,0,0,0.16525792946001158
cám ơn đã cho tôi cuộc sống này,0,0,0.4102429041824812
cuộc sống thật chua cay với tao,1,0,0.3754307405941227
ôi đáng yêu quá . đến bao giờ người đàn ông như thế nào mới xuất hiện trong cuộc đời tôi đây,0,0,0.17988036535366206
t thua cả đứa con nít nữa ám ảnh vãi,1,0,0.21994089451769294
nóng như này ăn vải là thích nhất còn gì ... auto mát,0,0,0.10616531366761138
mê trai hơn bạn có thật :(,0,0,0.0513901347740621
nghe bạn này nói dễ thương zị,0,0,0.07319941381074119
nhanh ghê mới đó đã 9 năm rồi 😢,1,0,0.11194589263741564
bố mẹ tao đọc được tin này + xem cặp lá yêu thương nữa thì bữa trưa nay tao không dám ăn cơm mất .,1,0,0.2249362694990395
lựa chọn cách thức tuyển như thế nào thì tốt quá rồi,0,0,0.09952107348756828
"per cần thêm những trái dâu xinh xắn để ngăn chặn sự u ám này , huhu",1,0,0.11968908914359078
mày khá là may mắn khi không học tiếng huế đấy =)),0,0,0.07908550985498156
mình còn chưa được nắm tay,1,0,0.14139969184093465
con đáng yêu quá,0,0,0.027685440329167872
"per huyền thoại , kkkk",0,0,0.04598598716700402
có vợ nên lắm . váy mới ngày trước toàn áo chấm bi của mẹ 🤣🤣,0,0,0.18593273182628872
nhìn cái ngành gd việt nam bây giờ ai cũng mệt mỏi,1,1,0.5579577230184972
từ lúc có vợ nhiều váy mặc để quay video hẳn :)))))),0,0,0.06957873342985511
per mỏi chân quái :v,1,0,0.17473970001765932
"phim này nên xem và thuộc mấy đoạn thoại , rất hay",0,0,0.014217225072498696
cầu mong những công ơn sinh thành luôn mạnh khỏe .,0,0,0.034895807669024045
năm nào chả vậy :))),0,0,0.09932810336497606
anh chân thành nên anh tổn thương :((,1,0,0.11547172629409323
cả 1 đời người chẳng mong gì chỉ mong từ đây đến phút cuối vẫn có người không quên mình đã từng tồn tại,1,1,0.5538402116543133
xin lỗi mày nhưng tao đọc buồn cười,0,1,0.5284629130761165
vì tiền mà làm đau làm khổ người khác như thế này sao 😔,1,0,0.19041746733011072
"con mong bác dù nghèo nhưng sống luôn luôn vv , chúc bác 1 đời bình an",0,0,0.1581860850421577
tình cờ gặp nó và đột nhiên cắm mặt bỏ chạy như điên,1,0,0.07335126383446866
bà mẹ nó giật mình,1,0,0.13110548215907925
mấy nay tao cũng bị ám ảnh,1,0,0.2899097830514491
cái ngành tài chính của mình có chỗ dụng võ tốt rồi đây :)))),0,0,0.07088734806630109
":)))) cuộc sống mà . ngày càng thấy bản thân quá nhạt và "" duyên "" :v",1,0,0.12532917068758287
"per tặng quà cáp gì tặng hộp nhỏ thôi nha . đi hát hò gì đừng đem thùng quà to như vậy nha , nó biết nó nhổ trụi lông nó ngắt mép chết đó :((",1,0,0.08094467017411806
xin lỗi đây mình vẫn nấu nhé,0,0,0.09782057582885254
"ông sống trên vũ trụ , vợ ông sống ở trái đất , ông cao thêm 5cm là chuyện bthg 😂",0,0,0.07816415352417468
tao đã bị nó làm cho lầm tưởng rồi . tao thật ngu ngốc - _ -,1,0,0.2776168294598447
bấy bề ơi . thật là đáng yêu,0,0,0.025347113375747764
"con quỷ này hồi nhỏ tao khóc vì nó hoài , thấy nó không dám đi , bỏ đường phải vòng đường khác ,",1,0,0.23730296428771655
gắn bó thời sinh viên nè,0,0,0.058446852934712086
"per thấy chế thủ sẵn hộp mặt nạ rồi thì phải . tim em mong manh lắm , đừng để em hoạng sợ nhá chị ??",1,0,0.2546774666436661
"quần áo với xe thế kia là biết gia đình điều kiện tnao rồi 😂 anw , mong ông bà luôn khỏe mạnh , vui vẻ < 3",0,0,0.1748593656468625
sau khi xem ảnh này xong tôi quyết định ... mua honda :v,0,0,0.12641851377904206
"hiện tại mình cũng muốn kết hôn lắm . ngặt nỗi hai gia đình ngăn cản giữ dội , phản đối kịch liệt chuyện hai bọn mình đến với nhau :( nhất là chồng cô ý",1,0,0.31362035455821086
"khoảnh khắc anh quay mặt đi , con tim em tan nát vãi ra",1,0,0.14200897368962026
cảm giác tóc sau gáy bắt đầu dựng lên :))),1,0,0.14472077753291082
tao đã từng viết như thế này . bây giờ không muốn ai đọc chỉ có đốt mà lười đốt,1,0,0.337904153979403
bộ phim ấn độ duy nhất xem được lol,0,0,0.023865496099277097
tuần sau nữa mới học =))),0,0,0.05721544868808548
mối nguy hại đó,1,0,0.03973189797554291
nhiều khi cũng muốn người yêu chọc để dỗi phát cho bằng người ta . mà nhận ra mình làm gì có người yêu 😌,1,0,0.09339243152489578
nguy hiểm thật,1,0,0.0533285046554393
per nhà mày mà nuôi thêm con này nữa là ám ảnh cuộc đời tao,1,1,0.5991799410034298
