comment_text,label,prediction,score_depression
ngày buồn nhất trời đổ cơn mưa :(,1,0,0.3609339577244053
per kỷ niệm khó quên nhỉ kkk,0,0,0.1279612909054475
em ý cute vãi !,0,0,0.23948809276541744
làm khách đi qua lại mắc mệt lun,1,0,0.3752344272677191
năm nay thì đở hơn rồi kkkk,0,0,0.21542535845063215
số tao không được ăn uống mà :((,1,0,0.25839970761343384
đang buồn cần 1 người nhắn tin tâm sự hằng đêm,1,0,0.401197008146263
lâu lâu được nghe truyện cổ tích thấy còn niềm tin vào cuộc sống 🤣🤣,0,0,0.23908897161721382
anh này còn phim pk nữa rất hay và ý nghĩa,0,0,0.20008060805329048
lại thêm một con ngáo bất hạnh,1,0,0.3320984659022458
thiếu hình ăn gà rán rồi,1,0,0.212610848062944
ăn ở cái gì huhu,1,0,0.15922871403935943
"điều đó không quan trọng , quan trọng là đéo xác nhận lời mời kết bạn",1,0,0.16794451960239937
"em sẽ mãi không biết có lúc tôi gọi chỉ để nghe câu "" ai vậy ?""",1,0,0.37240472173238925
thế giới giờ đáng sợ quá rồi 😌😌 tâm phải tịnh không là tiêu nha mấy ông 😢,1,0,0.4923822902585438
t gặp ngỗng chạy bỏ dép,1,0,0.17235362283493158
"chưa muốn lấy , cơ hội vẫn chia đều cho tất cả các anh : ))",0,0,0.22472334036670907
"per đúng rồi , không muốn xa cách đâu 😞",1,0,0.4531055646859705
"bọn 6 múi yêu nhau hết rồi , tao bụng mỡ đây , tao vẫn thích con gái đây !!!!!",0,0,0.1437405476461854
họ vui là được rồi :))),0,0,0.13438456981084068
per ồ ồ chân chính chạnh lòng rồi 😂,0,0,0.18202690337508454
còn các bạn đặt bánh của mình toàn gửi cho người yêu . chắc câu chuyện này còn buồn hơn :((,1,0,0.213148764029877
per rồi sẽ có 1 ngày vừa cười tao vừa kể chuyện khiến tao rơi nước mắt,1,1,0.5246236753064885
ngôn lù thế hahaaa :))) đáng yêuc vãi,0,0,0.19184505285112569
nhìn ông với bà chất hơn thanh niên bây giờ,0,0,0.11855058528350508
"phim hay dã man diễn viên chính đẹp trai , xem đi xem lại không chán",0,0,0.11639140872576352
"mình đang thất tình đéo hiểu sao đi cafe còn toàn tận cùng nỗi nhớ , chạm đáy nỗi đau , đừng như thói quen ... dume :)",1,0,0.25204999753819773
"per vãi xem phải cỡ này . , đoạn nó nhếch môi bố mày sợ suýt đái ra quần dume 😑",1,0,0.37274665073913765
cám ơn mấy chế nhiều nhiều nhé 😗,0,0,0.2550559007416449
hồi bé tôi cũng bị chửi cả ngày từ sáng chí tối ! nhưng không phải bố tôi mà là bà nội tôi !,1,0,0.3942014128282694
cuộc sống tạo ta áp lực ..,1,1,0.5500648932631959
cười vãi ???????? mặt con bé cũng hài ghê,0,0,0.1847323604234864
tuổi thơ tôi bị ám ảnh mấy con ngỗng này . mấy con màu xám cứ mỗi lần đi học ngang qua ngõ nhà hàng xóm là nó đuổi . tao lại chạy thục mạng . cứ phải đắn đo mỗi lần qua đó xem có chúng nó không rồi ù chạy như ma đuổi . haizz tuổi thơ tôi ....,1,0,0.4799303914641417
ổng bị bắt rồi :( rồi lấy gì coi,1,0,0.3162740461941847
"ai thì tao không biết , chứ tao thấy tiền là đã có động lực phấn đấu rồi",0,0,0.3499451630945663
đã check in thành công và mãi vẫn chưa gặp được người ấy là ai :((,1,0,0.23043816058050948
":)) đang ăn mỳ , không có trứng nhạt lắm , có rụnng thì xin vài quả !",0,0,0.18870880014079064
đáng yêu quá ! tình yêu ông bà thật đẹp !,0,0,0.10131893612148062
per sắm 1 cái cho công túa ngồi nhà kêu gu gu hí =))))))))))),0,0,0.15596211312209968
"ăn 1 miếng bò mà giết thêm đàn kiến . chưa biết ngon thế nào nhưng một đàn kiến về cõi vĩnh hằng , tội cho đàn kiến .",1,0,0.3176129863230532
thứ ba mẹ cho con và con nhận thấy đó là sự đức hạnh tấm lòng cao cả cam on ba mẹ rất nhìu,0,0,0.19264825469322916
per my nè kkk,0,0,0.28265682006644754
tớ cũng muốn có mối tình như vậy ??,1,0,0.36018285934591443
hết buồn cũng phải có tiền mới hết được :)),0,0,0.16174163737733843
ng ta cuối cùng thì cũng được còn tôi thì never 😞,1,0,0.40856382371227645
phim nay và phim triệu phú ổ chuột là 2 phim của ấn mà mình thích nhất,0,0,0.14692015661310753
bình dị vậy thôi .. mà sao mãi tao chưa tìm được ? hix,1,0,0.33238670792683156
biết nấu cơm bếp củi từ lớp 2_3 gì đó,0,0,0.21297639866977175
"ám ảnh hồi bé của c , con này trông nhà oke hơn cả chó luôn",1,0,0.21762912827643924
t mới tính tới bước thất bại chưa tính tới thành công :)),1,0,0.17963032746343197
"em lấy đi niềm tin chả lại cho anh những gì , cũng vì anh vụng về đánh rơi hay càng xa vời càng dễ mất .. anh chân thành nên anh tổn thương",1,0,0.3180411256577791
dễ thương . cứ yêu đi ngại gì .,0,0,0.10801209622035889
hí . dễ thương quá,0,0,0.1761339747289035
"1 đoạn phim được trích ra tuy ngắn nhưng , chứa 1 thông điệp rất có tầm quan trọng",0,0,0.16190292309211812
tối nay chồng tương lai sẽ đưa con khác đi chơi 😆😆😆,1,0,0.19030298017637357
"bất cứ lúc nào nghĩ về đời tao chỉ thấy vị cay , nồng nơi khóe mắt :))",1,0,0.3302319188912061
tự nhiên coi tới khúc th bé kéo hết bạn bè tới chụp hình tao buồn cười vãi ! ông kia nghĩ ! thôi chết mẹ rồi ! kiểu này tối mới lau xong 😂,0,1,0.5183990751384647
"per cố gắng lên nha anh , mọi điều tốt đep đang chờ anh 💓💓",0,0,0.14552944367742335
gặp được em nhưng sẽ chỉ quan tâm và bảo vệ em từ xa,1,0,0.4025661169106915
thêm đường hay cho thêm bánh gato về tẩm bổ :),1,0,0.18460239726378685
thấy cái thèm ts quá,0,0,0.1416761644158133
"hiện tại mình cần tìm người yêu , bạn nữ nào chưa có chồng hay chưa người yêu thì bình luận bên dưới để mình lựa một bạn may mắn nhất nhé :)))",0,0,0.20835427437132806
a per ..... nhìn những hình ảnh này ... sao em nhớ về anh quá .... 15 năm ròng rã .. giờ anh lưu lạc nơi đâu . 😭😭😭😭,1,0,0.2603279297404658
chữ tao từ lớp 3 đã kiểu như thế nào và còn đẹp hơn nhé .,0,0,0.30095982699977414
per quẹo lựa mấy đứa ơi . để lễ nay đặt vé luôn cho rồi . nóng quá rồi :)))),0,0,0.200676701256928
xem đi xem lại bao nhiêu lần cũng không chán ... vẫn cảm giác hồi hộp :),1,0,0.34827041899780586
bé có năng khiếu làm cô giáo dạy văn ... nghe thì nghĩ tục nhưng đời thường là có thật ... bác nghe thấy đồng cảm với các cháu,1,0,0.14556575802245456
chết luôn .. tình yêu không phân biệt . giới tính .. tình yêu ơi là tình yêu .. tao đau khổ vì mày lắm rồi ...,1,0,0.3781103081505154
"mức thu cao nhất - đồng ý vì số liệu nó thể hiện như vậy , chứ còn hiệu quả thì mình không biết đúng không 😂 mỗi lần vô vcb là hiểu phải đợi mỏi mòn , không như những nh khác",1,0,0.2352654753201094
"thà biết rồi đau 1 lần cho tởn rồi thôi , chứ đừng để nỗi đau cứ day dẳn giằng xé mãi cả đời ☻",1,0,0.32366975146433324
nghe anh ấy nới chuyện rất thuyết phục,0,0,0.12190511610620534
thông minh :v,0,0,0.19228255711995076
oimeoi tao thấy được tao ngày xưa đây rồi =))))),0,0,0.214378108668641
con mong cụ cuộc sống sẽ tốt hơn 😔,0,0,0.3446430238550198
sau mưa ra đường sợ nhất gặp giun,1,0,0.2340384074050745
nên gan ngỗng ăn ngon đó,0,0,0.2503667290023075
"ngày nào cũng thấy tàu trật bánh , khá buồn",1,0,0.2795014922766186
nhìn đẹp quá đi mất,0,0,0.14625587539087428
tao đang cố un crush nhưng khi xem xong video trên thì ..........( khóc không ra nước mắt ),1,0,0.2927020555045872
đó là khi anh per cưới vợ đó 🤣,1,0,0.19571131616491313
ngoài những bài chia tay vì lí do vớ vẩn ra thì neu cũng có những bài đăng đọc rồi còn nhớ mãi .,1,0,0.21118612725642807
mặt nhỏ dễ thương vãi =)),0,0,0.15347413408024782
béo tí đáng yêu mà =)),0,0,0.10405669117681096
"hy vọng chừng đó con đã đi mẫu giáo lớn , 1 xe bảy chổ và nhà hai tấm 🤣",0,0,0.2101039574567355
1 năm không biết bao nhiêu lần x - quang :(,1,0,0.3173883354545066
cả người nhà người yêu cũng không đồng ý :((,1,0,0.1594862541319873
"mình nói thật nhìn từ trên cao xuống đã thấy chóng mặt rồi , vãi",1,0,0.2673036849370996
tao giận bạn trai tao và 5 ngày rồi nó đéo dỗ tao luôn hix,1,0,0.3392241052494083
dăm ba cái kỉu đây hồi nhỏ tao đốt chấy vài á mà 😃,0,0,0.14380224808948988
per lên lịch hẹn hò nhanh,0,0,0.18691976074464625
chia buồn cùng nước pháp .,1,0,0.2869112171201164
nta vẩy tay mấy cái cũng ra tranh còn tao thì 😪,1,0,0.28955347251105706
mặt chúng bạn kiểu lại đéo được trả tiền rồi 😞,1,0,0.2513199261703319
"hắt xì mệt quá , muốn bắn , muốn làm việc :(",1,0,0.42086391112323174
"t xin nhắc lại một lần nữa , đây là một câu chuyện buồn nhé",1,0,0.2850869225638687
"tội nghiệp , có rất nhiều em ở nông thôn bị như vậy 😢.",1,0,0.17488283144429573
buồn thay cho lớp tao,1,0,0.2297180284005083
hi vọng trưa nay lúc ăn cơm vtv24 sẽ không đưa tin về bạn này ạ,1,0,0.2014390644873403
per sự thích thể hiện của các bạn mà bóng đá per tốn một món tiền không nhỏ ! 😩🙏🤕,1,0,0.2626600992391036
đáng iêu vãi =]],0,0,0.20822380878961358
quá ý nghĩa . mình trẻ mà chắc gì làm được vậy,1,0,0.18094739300245943
bộ phim hay nhất từng xem,0,0,0.07531514587311876
bạn đã hiểu nổi khổ của mario khi mua vui cho bạn chưa :)),1,0,0.22514825294628896
boss hổng có 6 múi hả :( buồn dị,1,0,0.21990894117814672
chân tao không đu ̉ da ̀ i đi ̉ đi con đươ ̀ người na ̀ y :((((,1,0,0.23850738480364475
nước ngoài có đầy mà :)),0,0,0.16278296459750535
cái gì mà rớt hột le tè vậy em gái 😁😁😁,0,0,0.16381261274416398
có người yêu coi bộ cũng vui 🙂,0,0,0.174312208428727
14 / 2 năm ngoái tao mọc sừng . nên 14 / 2 năm nay tao quyết định cưa sừng 😊,0,0,0.23025450791659835
"vui vẻ chút , lạc quan chút cho đời thêm vui cũng là một cách 😂😂",0,0,0.37594973556761074
"lại là lào cai , tự hào quê mình quá :))",0,0,0.18516314624464011
nói tiếng tuy hoà phú yên làm tao nhớ đến nyc . giọng nó sao ngọt không thể tả . buồn,1,0,0.21404185884421398
yêu quá hóa điên 🤣,0,0,0.10011040240486366
nhìn nữa sao . hỏng yêu đi . cho doi . vui vẻ,0,0,0.13508419598481874
cứ thấy trai đẹp là tao hạnh phúc :),0,0,0.11888686463522444
đậu . tao mê nhất là giọng tuy hòa phú yên . nó luôn mang một ấn tượng sâu sắc . nghe cứ thích thế nào ấy,0,0,0.19115748357269108
cái con đồ chơi đó mua ở đâu nhỉ . cười đéo nhặt được mồm . 😂😂😂,0,0,0.21719931254573085
sao lại cưng đến thế này ^^,0,0,0.24683335516879268
per gặp thần tượng mỗi ngày kkk,0,0,0.17068772886749176
xem mấy lần rồi vẫn thấy hay,0,0,0.17814250087285596
đcm ngôn tình vãiiii,0,0,0.1386388797986732
dân kinh doanh khoái đi chợ này lắm nè,0,0,0.20975402424210857
đã trải qua và thấy chuẩn cơm má nấu,0,0,0.19476220845948283
crush mới thích ảnh tao mà tao đã . nghĩ đến chuyện đặt tên con rồi,0,0,0.33573145458301695
cái gì vui vậy mọi người :)),0,0,0.19502631695826547
má chủ dễ thương vậy tao cũng muốn xin,0,0,0.3499441303034352
câu chuyện dễ thương thật ^^,0,0,0.17525563796701465
điều tồi tệ là học nửa vời chã ra làm sao,1,0,0.28648495291902704
trước khi lấy vợ boss có một thân hình hoàn mĩ thế này đây,1,0,0.24784444637072664
cô quét đi cô cho cháu hốt về với =))),0,0,0.15589345316819475
này thì câu thích 😂😂😂,0,0,0.23355671229077846
bốc toàn trúng may mắn lần sau,1,0,0.31488064570454966
định mệnh tao lại quên mang áo mưa,1,0,0.457526477781688
xem xong video tự thấy mình còn không bằng con chó ...,1,0,0.3987578003367223
chúc mừng cp . cố lên cp .,0,0,0.13786245336308312
per huhuu không biết lúc đấy thực tập chưa :(((,1,0,0.2127502201296888
"con này còn hại hơn cả ốc bươu vàng . cấm nhanh còn kịp , để nó ra ngoài thì chỉ có người nông dân thiệt thôi",1,0,0.23590986934245983
liên quan à . cr mày đéo thương mày đâu . nó có crush mới rồi . 🙂,1,0,0.3129990437246734
thật là đáng sợ,1,0,0.30195748233885056
em chờ được mà 🙂,0,0,0.25967236494978163
"mình nhận thấy hình như ông ấy đang rất đau khổ , mà không thể or không muốn nói ra .",1,0,0.360863323371062
"giá trị lịch sử văn hoá gần nghìn năm đã mất đi rồi :((""",1,0,0.36114979029205807
em nuôi con lợn mấy năm rồi mà vẫn trống rỗng huhu 😭😭😭,1,0,0.46787097346087336
sợ thế,1,0,0.3506337820456831
hay à ngheng,0,0,0.15631830229590918
"t cũng thế . đang ngồi chơi với con , vợ nó đắp mặt nạ lù lù bước vào . xém đái trog quần ??????",1,0,0.303317738841154
"đúng rồi , vàng là phải vàng mới có giá trị , vàng trắng làm gì có giá trị 😥",1,0,0.336295589599576
toàn tặng đồ gây sát thương thế kia khả năng bị phản damage là rất cao,1,0,0.15543712870250825
mệt mõi 😥,1,1,0.5150788499399147
tao không biết tao đủ ổn để đi học thêm không nữa,1,0,0.3960962392197688
ai đó hãy tát trà sữa vào mặt tao đi 😭😭,1,0,0.3541252962169454
trông tội quá,1,0,0.1443849132476228
"thanh diễm giờ tao hiểu tại sao cứ sáng vô là tao trông tới đi về , đầu tuần trông tới cuối tuần và đầu tháng trông tới cuối tháng rồi 🤣🤣🤣🤭",0,0,0.2671683967757907
làm đéo gì có ai nói chuyện thân thiết với tao đâu mà,1,0,0.3741029481485338
ad cho hỏi nghệ an lúc nào mưa vậy ah 🌧🌧.. ốm cũng cam lòng chứ vã lắm rồi 🥵🥵,1,0,0.46924195467922925
"chửi vậy cũng bình thường mà mọi người cứ làm quá . mẹ tao cũng suốt ngày chửi tao , tao thấy vui mà .",0,0,0.3520209611846159
"đừng ám tao nữa , sợ lắm",1,0,0.4529572489688526
ý là giọng quê tao đó hã,0,0,0.1695164288709348
"đang định đi nhổ răng khôn , nghe được tin này thấy ghê răng 😁",1,0,0.14841039489939425
nhờ mất bạn nên mình mới biết 😂😂😂😂,0,0,0.1884727581159026
vừa đây về đông kinh hồn càng về đêm càng đông,1,0,0.42409135964450523
"mày làm tao nhớ em gái ghê , mai sinh nhật con bé rồi mà tao đang đi làm xa nhà , không về được .......... 😑",1,0,0.31097663430981676
ui nghe ấm thế,0,0,0.38521090339844555
chắc từ giờ tao đéo giám ho nữa quá .,1,0,0.45594533339272114
đau lòng quá,1,0,0.2886236063695261
không những hạnh phúc tao còn cứng nữa :)),0,0,0.1803239259514728
chúc mừng các anh . các anh giỏi quá . chuc các anh mạnh khỏe .,0,0,0.08539896836720719
"thương quá . giờ con đi học ở lại cả ngày thì hên xui thôi chứ biết làm sao , không ăn thịt heo thì ăn gì . mong sao có lệnh tạm dừng ăn thịt heo trong thời gian này cho các trường mầm non thì hay biết mấy .",1,0,0.3797578030838497
tội em gái đó,1,0,0.20614797041222208
ăn cơm mốc có khả năng bị ung thư gan cao . hít,1,0,0.13964467931467686
làm người khác thỏa mãn bằng mùi hương của chính bản thân,0,0,0.18170997220360688
anh đừng bỏ em đi mà 😢,1,0,0.20869075698968773
muộn rồi :))),1,0,0.09865018525194065
dễ thương hết sức ??,0,0,0.2751629788670622
cái khó ló cái khôn :))),0,0,0.1196723816084746
a độc thân nè không có ai để nắm tay gọi là thử coi .. hihihi chúc em luon vui ve em nhé ...,0,0,0.3335278764426858
hồi nhỏ đọc tao đã nghi nghi rồi =)))))))),0,0,0.17408896602321838
per tìm được đối tượng nào để cầu hôn chưa :))),0,0,0.21381230012763758
cũng đúng :)),0,0,0.18935573981048648
"thích cái câu , có mỗi thằng con rể đểu mà cứ xoắn cả lên 😂😂😂",0,0,0.21462633121181243
"coi khúc đầu không hiểu , đến lúc ổng bước ra khỏi làn khói , thật không thể cầm được nước mắt",1,0,0.36265828809251105
per thích quáaaaa,0,0,0.2815588898270143
tao cũng ho trật mẹ khớp vai mà đéo phải 1 lần đầu nhé,1,0,0.3653595816201621
hú hồn chim én :) nào làm ra này chắc cũng ngáo dữ :) chắc add không sợ nhện :),1,0,0.13628855084379404
biết trân trọng những gì mình đang có ☺️,0,0,0.35945884198687644
có gì đâu bé vậy mới cool đó anh thích 😉😉😉,0,0,0.1937709878400685
"aaaaa con nhện 😨 "" aaaaaaa con ế !"" - nhện said 😂😂😂",0,0,0.3043778818165457
tiếc cho mối tình ấy ....,1,0,0.17113447811560453
phim nay xem rất nhiều lân nhưng quá hay vẫn muốn sẽ tiếp tục xem,0,0,0.22174039614769847
"đúng thế , ở đâu cũng được đâu nhất thiết phải ở đây",0,0,0.20511295424220258
gu của tôi trời ơi . tiếc mới có chồng với đứa con thôi . huhu,1,0,0.2844100640265124
rồi mấy đứa chân không được dài như tao phóng qua kiểu gì :),1,0,0.22824101108151165
trời ơi . dễ thương quá luôn ❤️❤️,0,0,0.1559213090940184
per sáng mai kiểu gì cũng về tới nhà :)),0,0,0.1939665668576475
để anh dẫn em đi ăn nha :)),0,0,0.1277933509863385
vậy là thế giới mất đi không biết bao nhiêu món nướng rồi :(,1,1,0.5164178477566019
"tui đây vừa vô phòng thì con vợ mặt trắng bóc nhảy ra đây , tưởng là ma",1,1,0.6231508940798287
những điều đơn giản nhưng thật hạnh phúc 😘,0,0,0.183034830154972
phải chi có người yêu nhắn tin ngọt ngào như này,0,0,0.2116633560377517
"hồi học lớp 5 bảo bố đi mua sgk cho , xong bố đi mua nguyên bộ lớp 4 đầy đủ từ sgk đến vở bài tập 😂",1,0,0.1558613182681994
cả 2 loại người này đều đáng sợ !,1,0,0.2354322947858702
per mỗi ngày đi làm thấy per là như có thêm power cho 1 ngày siêng năng !!!!,0,0,0.13920992546314345
"bị ám ảnh hồi bé đi nhổ răng , không dám đi nha sĩ nữa :((( huhu 😭😭",1,0,0.313160814782669
quá đau lòng nhưng chúng ta phải chấp nhận với điều đó,1,0,0.21136588451307345
"per hồi nhỏ bị ngỗng dí riết ám ảnh , giờ mà bị dí chắc cầm cổ quay thấy moẹ nó luôn hehe",0,0,0.16585495932548144
per sợ nhện đúng không :)),1,0,0.18663552595053753
em chân thành nên em tổn thương !,1,0,0.39766083585217293
"per ăn tết xong , cần cây cầu này để giảm cân 😆😆",0,0,0.27413562723053414
"ngày cuối cùng còn ở lại , bản thân không có bất cứ một cảm xúc gì , trong lòng chỉ độc một mảnh phẳng lặng .",1,0,0.4006919891006551
anh chờ ... đáng yêu ghê,0,0,0.12921951368799672
vẫn chọn tech là ngân hàng đồng hành,0,0,0.2364450214938966
đây là 1 câu chuyện buồn,1,0,0.20616652698553484
duyên quá nói chuyện hay,0,0,0.22124816681173373
móe . con nhện . cười đau cả ruột .,0,0,0.3853342477172508
thề cứ 1 lần trượt là tao cười to hơn 😆😆,0,0,0.2519858553279523
chị đầu tiên buồn v :((,1,0,0.3618719355465362
tao đã rất muốn làm bạn tốt anh em tri kỉ với tụi hắn nhưng không ai muốn làm bạn với tao - _ -,1,0,0.3706279106633404
con gái tao thì suốt ngày hêy siri bắt chước mẹ 😂,0,0,0.20664475589406564
"đi hát văn nghệ cho trường nguyên cấp 1 , kiếm được kha khá . cấp 2 vỡ giọng , khỏi hát 🤣",0,0,0.09076166680954058
tao rất thích nhạc trung từ giai điệu đến ý nghĩa rất hay 😁😁😁,0,0,0.20194908776625373
nhà tao cũng gần mà tao không bao giờ dám đi đêm,1,0,0.44310590201116506
per có ai còn nhớ thời đầu băng xem đi xem lại xuốt ngày không kakak,0,0,0.16934245053242133
thế là hết những gì đẹp nhất của nước pháp sao không phun nước cứ để cháy rần rật nhỉ,1,0,0.15840184657488407
tại vì anh trót nói lời thương em mà em không đáp lại,1,0,0.22143107770059406
mới ngày nào bidv còn đứng nhất mà .. haizzz,1,0,0.36584070559259874
bị nó chặn đầu mấy lần khóc sướt mướt luôn . mấy con yêu nghiệt này còn dữ hơn chó,1,0,0.26349330993615044
per tuổi thơ của mềnh đi học là lúc nào bạn tao cũng ngồi trên và khi nào múa giờ ra chơi cũng múa chung với mềnh 😅😅😅,0,0,0.3854707487021297
nhìn là yêu roi muốn nuôi quá trời mà sợ không chăm được em 😢,1,0,0.30436009427700195
đôi khi hạnh phúc chỉ là những điều giản dị nhất mà chả ai nghĩ tới 😊,0,0,0.20613171804873606
huhu xem mà muốn khóc vãi,1,0,0.24322846610043475
tao thấy tai nạn giao thông là tao nói với mẹ .. con chạy ra đó để tối lên ti vi ... mẹ tao chửi sấp mặt luôn,1,0,0.3818387734840132
nó giống tao ghê . gặp tao tao cũng chọn mày,0,0,0.3240000135814302
"per hay đó bro , trừ điểm bro chưa bao ăn :)) - 10",1,0,0.16900090056918027
cũng sợ mấy con ngoe nguẩy như giòi 😰,1,0,0.27749842582686807
"ước gì mèo nhà mình cũng có thể về nhà như vậy , mất ẻm được 2 năm rồi :(((",1,0,0.3967255454447558
tự dưng cay mẹ mắt,1,0,0.33685469983843397
bác vẽ làm tao nhớ con cá này vãi =))),0,0,0.13465305252212373
trường gửi điểm về và mẹ cũng điện chửi :(,1,0,0.3465676291014432
nói chuyện như người yêu ??,0,0,0.17112761601879278
đó là một câu chuyện buồn 😀,1,0,0.2289911936550768
xem xong tôi cảm thấy còn u ám hơn :)),1,0,0.2652506382060235
chúng mày cứ cười . dm mai gần đấy có biến lại thấy anh ấy trong bộ cảnh phục thì lại tung hô quả nằm vùng quá đẳng cấp 😂😂😂,0,0,0.19972687938268185
không phải không thích mà bản thân chưa đủ tốt để sánh vai . phải chi anh có thể đợi em khôn lớn !,1,0,0.20995966849446096
rất có tố chất . liên đoàn xe đạp việt nam có thể liên hệ để đào tạo được đấy,0,0,0.11708317106556082
"đếu thể đỡ được "" tiền mừng , tiền mừng "" hahaha",0,0,0.2255126613166736
còn buồn hơn là cố quan tâm thế nào họ vẫn không hề rep lại,1,0,0.23951055427386117
đáng yêu phết nhể,0,0,0.122408730091376
tuổi trẻ tài cao =))),0,0,0.08543103586250136
ước gì được giận lại 😐,1,0,0.29141560003956385
sợ vãi linh hồn 😞,1,0,0.2598833776779562
thôi chết haha ...,0,0,0.47641494111690574
cái này phải hơn 20 năm rồi . lần đầu không biết canh lửa nên cơm khét hoài 🤣🤣🤣🤣🤣,0,0,0.30878081559429676
anh lỡ mất em rồi huhu,1,0,0.314988614621368
per ly trà sen của anh đem qua có ngày nó thành như v đó 😭😭 hức hức ...,1,0,0.24858525982177448
ngầu lắm bạn ạ ^^,0,0,0.189646110908542
đã gặp được em đúng lúc . nhưng lại không phải thời điểm em muốn ....,1,0,0.48404683039574187
những người em thích đều đi nơi đâu rồi còn con ml bên cạnh song hành,1,0,0.26074485108595286
ơ thế hoá ra tao không bị ngu một mình ?,1,0,0.39267957583185975
ngày xưa mẹ tao dạy ở miền núi . năm tao học lớp 3 lần đầu tiên lên trường với mẹ . đaumoa mấy con ngỗng mất dạy rượt tao leo lên cây phượng cao chót vót cả tiếng không dám xuống .,1,0,0.36190141848876733
món này ngon vãi,0,0,0.3111880485655299
cầu cho chú luôn mạnh khoẻ ạ 😢,1,0,0.14347983444415807
chỉ ước về sau mình được vay,0,0,0.32965542558616573
không muốn yêu ai cả,1,0,0.31590425890656587
minh biết nữa ne,0,0,0.37476199428542645
trên đời vẫn còn nhiều điều tốt đẹp ❤️,0,0,0.18183359180603614
mai tao cũng đi ship mới được . có bài này áp dụng luôn .,0,0,0.23568126834698078
thằng ben thật tội nghiệp,1,0,0.1273212089849812
cả đời mình chỉ ước có 500tr trả nợ ngân hàng cái xe để chạy kiếm ăn ...😥😥😥,1,0,0.33059705205518325
t cười ỉa ...🤣🤣,0,0,0.3983117422610774
em buông tay anh nhé .... quá khứ ấy anh hãy xoá hết đi .......,1,0,0.22763990188463204
rụng tim 😭,1,0,0.15072901884374545
tao không tin đâu hiccc =(((,1,0,0.29949891928624695
ngày hôm ấy tuyệt đẹp nhưng lại đượm một nỗi buồn ngày mai thôi chg được gặp thầy cô bb lũ chúng tôi khép cánh cửa ấy lại nhìn lại toàn bộ khung cảnh ôi thân thương biết mấy cảnh vật quen thuộc sẽ không được trông thấy nữa,1,0,0.13374513426594906
chúc mày mau khoẻ nhá chủ thớt ạ =)),0,0,0.17732505794887346
được . đỡ tốn 5 nghìn,0,0,0.20391556318485407
muốn nhanh thì phải từ từ =))))),0,0,0.3280103102589231
ốm mà xinh thế :3,0,0,0.21164549194312693
dạ cho em hỏi cái đường này ở đâu z ạ . để em đéo tới đây ạ . đm bước cái chắc tét háng,1,0,0.22105593650248953
"dù chỉ để nhìn 1 cái , để biết người ấy vẫn ổn , người ấy còn tồn tại . ít nhất là nv 😔",1,0,0.2319601710114812
má . đang định đi chụp :((,1,0,0.20426824658925813
bày đặt viết trên cát khắc luôn vào đá cho tạt thoải mái,0,0,0.2140343707611437
cho em canh với . hehe,0,0,0.21277951285492339
"anh sau đó , không còn là anh nữa ...",1,0,0.25889964709682856
sao giống phim good doctor của hàn vậy ?? cũng bệnh tự kỉ và có khả năng nhìn được 3d !,0,0,0.10680419908912905
đẹp trai thật .,0,0,0.18345443820479435
hay . đỡ mệt,0,0,0.41502920167268725
per bài tủ 1 thời =)),0,0,0.13206057118938602
tôi cắn bất chấp =)))))))) chắc là tôi yêu tụi nó cuồng si rồi,0,0,0.22566291287555204
mở ra mà thấy vậy chắc tao sợ quá mà chết luôn mất :),1,0,0.29139988969729713
đồng đội chơi tốt quá hahaaa,0,0,0.12639516710950083
giọng cute phết,0,0,0.15538410293465363
tao sợ ăn xong nóng đêm gãi toét chân,1,0,0.2753028475640306
"con gái không thích con trai đầu hói , vì cưới về dễ nhầm đầu :d",0,0,0.2266427749772268
chuẩn bị prayforparis thôi 23 tuần kể từ khi phe áo vàng làm loạn rồi mà vẫn chưa dẹp được .,1,0,0.26619978481671025
đau đớn quá sao phải tham mấy đồng tiền đó nhỉ,1,0,0.13080484504841758
"hăm hở đón nhận tất cả , thậm chí là nỗi buồn , nếu điều ấy khiến việc tồn tại của bạn mang một hương vị đáng nhớ ...",1,0,0.4630176858376449
buồn nhất là crush cũng chả có để mà thả 😞,1,0,0.22786382565590743
"tao sợ chó lắm .""",1,0,0.34188242620041165
"tuổi thơ tao gặp toàn trai bánh bều , mít ướt . toàn là tao galang , dỗ dành . ôi cái cuộc đời này per",1,0,0.2792405984894161
"ngày đẹp trời là ngày được nghỉ làm , đi những nơi mình thích , với người mình thương , ăn những món ăn ngon . xong về ôm nhau ngủ :)))",0,0,0.2692048094575315
"nhớ hồi euro 2012 rực sáng trong màu áo tuyển ý , ghi mấy bàn mà bàn nào cũng thấy phê .",0,0,0.1123635854472796
chồng tương lai lại nuôi vợ thằng khác,1,0,0.222050390977528
"thương các con quá , lũ khốn nạn vì lợi trước mắt ma tội cho bọn trẻ , bọn này cho chết het",1,0,0.21106410535684864
t thấy tội nghiệp thằng cải,0,0,0.13961958077888334
hồi bé bị ngỗng dí hoài =)) sợ vãi,1,0,0.15341325983680046
má chắc gặp tao chạy mất giày,1,0,0.31223534425921823
"bữa tao coi cái video này nhưng nó ghép nhạc bựa vãi ... mỗi lần mỗi anh té là first blood , double kill ,... các kiểu =))))",0,0,0.15256716886554647
bạn gái nào xinh xinh mà bị lạc thì vào nhà mình cho ngủ nhờ này . ??,0,0,0.2731012477350839
đúng là càng ngày càng chán . cứ theo luật mà làm thì chán cực kỳ luôn,1,0,0.36297798145071936
cái cuối phê vãi,0,0,0.15590353344002095
ê tao đi nhật chưa được 1 năm mà xem video này làm tao loạn ngôn ngữ ghê . thỉnh thoảng phải dừng video ngẫm câu nó nói nghĩa gì,1,0,0.35399726341802795
per kinh dị thấy mệ luôn nè,1,0,0.22337977908110637
làm chó khổ lắm chứ bộ :((,1,0,0.3506952329937042
bức ảnh này lại làm mình bị ám ảnh . haz,1,0,0.39055203708775277
dân chơi nhìn cái biết ngay 🤣🤣,0,0,0.1389317334128717
đáng yêuc quá,0,0,0.1707228552813829
tiếng guitar thật tuyệt,0,0,0.17445381304842328
mỗi lần tao ăn đu đủ bằng thìa thì bố tao lại chửi tao . bố tao bảo loại mày ăn đu đủ không cần thìa đâu .,1,0,0.38333446556450707
mệt như chó :3 nhưng mà hoan hỉ đầu năm đi xin lộc :v,0,0,0.40786185148276755
đáng yêu quá . phải thằng trai nhà tao thì nó sẽ nhẩy vào tính ôm luôn cái máy ấy về =)),0,0,0.1560177971564009
đau nếu còn nghĩ về nhau thì hãy quay về bên nhau :)),1,0,0.11721336138948515
một hành động đẹp đầy tính nhân văn ☺️☺️,0,0,0.10871638444832414
"hôm bữa đi ngang qua , thấy hết con mẹ nó hồn",1,0,0.19891797982976933
nhìn một cái rồi quay đi là thấy mãn nguyện rồi .,0,0,0.10798643195316365
ôi hạnh phúc quá 😄😄😄,0,0,0.12806153841395665
biết ngay anh per lại mượn đầm của vợ :)))),0,0,0.13062108185816063
sợ vãi,1,0,0.23877177914885037
tao ho rụng hết tóc rồi 😭,1,0,0.19764704233726849
dù có sống được mấy đời thì cũng nợ mẹ cha trọn cả mấy đời .,1,0,0.235644461781085
đây là một câu chuyện buồn 🙁,1,0,0.21688598704397155
má ơi đây chính là thứ ám ảnh nhất cuộc đời con . kẻ thù 😢😢😢,1,0,0.3521824432128431
per bị chữi thì ráng nghe mà vui đi nghe . cứ như nghe hát miễn phí 🤣🤣 còn bị chữi là còn hạnh phúc . nguoi ngoài ngọt ngào nhưng chắc gì đã thật lòng đâu,0,0,0.2869320778344713
tao tưởng tượng sau này sẽ có 1 thằng bồ vừa điên vừa ngáo giống tao .. chắc vui hết sảy 🤣,0,0,0.23119915000000016
sợ quá đi,1,0,0.22296430705788536
cay và đắng nghe mấy ông lớn tuổi toàn kêu thế thôi,0,0,0.1649403075741196
thấy dòng này quen quen . thấy đọc bình luận của ai á . haha . buồn cười 🤣 🤣 🤣,0,0,0.23409352349894164
và đương nhiên sẽ có ngày cô ấy sốc vì giới tính thật của cô ấy !!!,1,0,0.18660936165196834
là nhân duyên trời ban cớ sao chẳng thành đôi :(,1,0,0.33692190381963055
tau đã được bà nội vá quần 🙂🙂🙂,0,0,0.2378642884381293
page bị hack rồi . video hay nhất mình từg xem,0,0,0.15486681863153226
""" tụi mình tuy không yêu nhau hai lần , nhưng nếu có cơ hội ... anh chắc chắn vẫn tặng em đoá hồng đẹp nhất """,0,0,0.16042184084320965
chỉ khổ các con thôi !! sao người ta lại có thể mất nhân tính như vậy,1,0,0.15304030281895462
crush của tao cười hơi bị xinh :3 xinh + cười = đỗ mãi • 3 •,0,0,0.3137011413068448
dễ thương quá à ????????,0,0,0.1255942903366652
chuẩn kkk 😁,0,0,0.18617972742960398
ukm . nguy hiểm thật :'<,1,0,0.12245188182975959
"đi chơi gặp 3 con mất dậy này vừa bị dí vừa bị cạp đít đau không chịu được sau phải nhảy lên cây để trốn , giờ gặp là sợ 😭😭",1,1,0.5669651351174878
per mày cứ kén chọn đi chúng nó yêuc nhaooo hết rồi kia kìa ahuhu .. không tin vào mấy thằng ông nội cơ bắpppp nữaaa,1,0,0.2523233302270572
câu chuyện lấy đi nước mắt của tao,1,0,0.2621432750932464
"thằng bạn ngồi kế bên lớp 2 nhà bán vàng mà nó học dốt , thế là làm bình thường về nhà cho nó , 1 bài 2k , mồi ngày kiếm 8 - 10k 🤑",0,0,0.22859189053334825
sự thật thì cố suy nghĩ vui vẻ hạnh phúc mà trong túi không có tiền chỉ sợ đất cũng không có mà ăn,1,0,0.18770562683728467
nhưng tao đéo có crush,1,0,0.30174436350675393
tận cùng của nỗi đau :(,1,0,0.2616592534535163
cần tìm gấp bạn trai đáng yêuc như anh này trời đất ơi =)),0,0,0.15046705786274442
đố ai định nghĩa được tình yêu . có khó gì đâu một buổi chiều . kề dao vào cổ yêu không hả . gật đầu lia lịa thế là yêu 🤣🤣🤣🤣🤣🤣,0,0,0.17525457755058396
chẳng biết nói gì . xem video em cười suốt mà lòng tôi không thấy vui tẹo nào . thương em,1,0,0.42679908656477133
cẩn thận mày lại có cháu sớm 🤣,0,0,0.3075401236744954
cái dây ở ảnh đầu xinh vãi vậy,0,0,0.25399765788573936
"lúc nhỏ mẹ nấu cơm bằng bếp củi , ttao thì không biết gì thấy lửa tắt thì chụm vô : )) mẹ ra quánh cho trận vì nồi cơm khét nghẹt 😑",1,0,0.30988796212375447
"ngày xưa đi học gần trường có bày ngỗng , hôm nào nó cũng cà khía rượt tụi học sinh chạy sấp mặt luôn",1,0,0.29817328138453547
tao thầy mày cười hí hửng vại mà ?,0,0,0.426762739773148
nhìn đáng yêu vãi :))),0,0,0.07714171923334942
buồn thế nhỉ . t mới mua con per chưa nổi 1 năm . thế này thì biết sống sao 😨😨,1,0,0.36036151356175394
đồng nghiệp của tôi thật tuyệt vời,0,0,0.09714907455517727
per luôn yêu đời và luôn yêu công việc em nhé,0,0,0.1379462386344169
"sợ nhất mấy đứa ảo tưởng sức mạnh , nhắn tin nhiều chút là auto mình thích nó",1,0,0.22594690556314434
mẹ đang buồn ỉa mà trên đường về gặp mớ gờ giảm tốc kia thì phọt bà ra quần 😨,1,0,0.3206457609004133
hay lắm . thằng anh giúp 2e thêm yêu lao động,0,0,0.12076966602434117
"cô ấy rất tốt , nhưng tôi biết thứ nào tốt đều không dành cho mình",1,0,0.23884640769314566
"nhổ tóc sâu cho bố , hình như được 500đ để mua kẹo dồi 😂",0,0,0.13786415335025562
rất vui mừng khi ông ấy rời việt nam an toàn tuyệt đối ....,0,0,0.2577054293181653
"vợ người ta chưa bao giờ làm tôi thất vọng , còn vợ tôi thì ..... đi hết 1 / 3 cuộc đời rồi vẫn chưa tìm thấy 😓",1,0,0.3387133562885301
tao thì sợ nhất lúc nó mới cắt tóc,1,0,0.27165866706199643
"sau 1 thời còm men dạo khắp muôn nơi , cháu đã lên được fan cứng rất rất cứng 😆😆",0,0,0.2372935919932427
thằng nào sửa xe này dễ đau tim mà chết lắm . :)). nhất là những thằng sợ rắn .,1,0,0.2855968947476699
ừ công nhận == không có tiền mua,1,0,0.13462460617739463
chỉ là không có ai để nhắn thì mới nhắn cho mình . công nhận nguy hiểm,1,0,0.23812421311982748
có tâm mới có tầm haha,0,0,0.25882479998579466
"ngày xưa nuôi mấy con mèo . đêm hôm nó cứ lựa lúc cửa mở là chạy đi chơi mất . những lần nó không về buồn thối ruột , tối cứ mở cửa để đợi tiếng meo meo 😥",1,0,0.39696616147133473
per ơ tao còn chưa kịp đến bắt tay mà :((,1,0,0.2668972760120764
"chống mắt mà xem này khi bồ nói anh muốn đi tập gym thì dẹp ngay và luôn , măc công nó yêu thằng khác mất quá per",1,0,0.2047059411908563
đúng chất dân miền tây hahaha,0,0,0.15517616530527711
sống với nhau đến cuối đời người ta cũng chỉ mong có vậy .,0,0,0.2274205257239207
đang trong lớp mà ứa nước mắt,1,0,0.34814480597248804
nhìn quả mặt nó làm tao thoả mãn vãi,0,0,0.18653006141867665
"😔 tao không lấy chồng nữa , ở nhà nấu cơm cho mẹ , tao sợ lắm",1,0,0.30725006471358945
"chuẩn thế còn gì , phải có uy tín trong nghề mới thành công được",0,0,0.21742451845080826
per ngôn tình luôn ở quanh ta nhưng nó đéo đến với chúng ta 😏,1,0,0.1777977412596499
vận may s cứ xua đuổi mình hoài chứ có bao giờ tự tìm đến đâu ? đen thôi chứ đỏ quên điii nha . đời thường giết chết kẻ mộng mer như mình .,1,0,0.3767784691812286
"nguy hiểm lắm , ngồi nhà lướt facebook thôi mà không cẩn thận thì mất tim lúc nào không biết",1,0,0.25835798573062774
per tập gym đi mày có người yêu đấyyyy =))))),0,0,0.14108164749923022
rõ ràng vẫn là một người mà cắt tóc xong nhìn đáng yêu vãi :v,0,0,0.15915571396131253
tuổi lồn hù được bố m,1,0,0.24461167084832547
dume sởn gai ốc 😭,1,0,0.19244784737751125
giờ thì chả dám nhìn nữa hic :((,1,0,0.2671374453175658
"không phù hợp thổ nhưỡng , khí hậu . vậy mà vẫn tung hô , dải ngân để làm khổ dân . quả bóng trách nhiệm chẳng thuộc về ai cả . 😢😢",1,0,0.27580571827235567
khóc vãi 😭,1,0,0.3128017938981375
thề luôn con ngáo nó thích trêu mấy đứa sợ sợ như này =)),0,0,0.22615235777659431
bố mày đã sợ nhện rồi xem cái video này ... vãi đái :(((,1,0,0.3453787196588388
chỉ những người độc thân thôi,1,0,0.26304701733658137
giữ mãi lòng nhân ái các em nhé ! tấm lòng các em đẹp biết bao .,0,0,0.16387654658871342
hay quá,0,0,0.09203480937022859
không cẩn thận phát là ngậm bả như chơi,1,0,0.1925967759546105
"trải qua một cuộc bể dâu , rồi bể ong ???? lót dép hóng :v",0,0,0.16200403286638512
xem mà rơi nói chuyện mắt khi ăn luôn 😭😭😢,1,0,0.30102494932798857
má :))) đoạn đeo mặt nạ kinh dị vkl :)),1,0,0.19045237811486881
mỗi tao thấy hồi xưa còn đẹp hơn à :))) bây giờ nhìn như bóng long xuyên vậy,0,0,0.17534327300038893
hạnh phúc . mà hạnh phúc của đàn ông thì khó nói lắm . kaka,0,0,0.13403074448566482
hahah thú vị ghê hen,0,0,0.18343276780205284
yêu quá ! xinh quá ??????,0,0,0.08859372656489894
đọc chả hiểu gì :( mất gốc rồi :(,1,0,0.38401229003970616
bức ảnh xuất sắc ❤️,0,0,0.1614589770594849
"có tớ nhé , bạn không cô đơn đâu .",0,0,0.36179459586715546
dăm ba con nhện nghĩ tao sợ (((=,0,0,0.3218510247339921
có tiền sẽ thấy các vị gọi là thượng hạng còn không tiền sẽ chỉ thấy vị mặn của mồ hôi + nước mắt,1,0,0.16088581523765974
"ước gì boss không co chân lên , tao vẫn sẽ nghĩ là boss thật khí chất =)))",1,0,0.12858175136100036
per dạo này béo quá rùi :(,1,0,0.206903023374363
"làm ca nào không quan trọng , quan trọng là có đồng bọn bảo yến nguyễn hạnh 🤣🤣🤣",0,0,0.13228853793244888
thật tình là rất xin lỗi anh ở trog video . hi vọng sẽ gặp đuợc anh để xin lỗi và tạ tội với anh . thật ra hộp quà trong video là của con lol per với người yêu nó tặng nhau dịp sinh nhật . híccc,1,0,0.23172997679081117
"sời , lừa làm sao được tao :))",0,0,0.2463280356055965
may quá tao không xài huawei kkk,0,0,0.2250648426178794
thôi thì đi xem avenger lần 3 để tránh nóng nốt chiều nay không mai mưa rồi hehee,0,0,0.27198101785025003
bác này nói hay,0,0,0.2138788643236459
đối với thế giới này bà lão chỉ là một ai đó . nhưng đối với ông lão đó bà lão là cả thế giới 😊,0,0,0.37950674700729975
pháp không còn khoảng thời gian bình yên nữa rồi,1,0,0.3110219814596016
"trời mẹ phim gì vậy thớt ơi , cười ná thở",0,0,0.22167706604479528
"tui thi ́ ch va ̉ i lă ́ mày ma ̀ ăn nhỉ ̀ u no ́ người lă ́ mày mọi người anh ̣ , bi ̣ lơ ̉ miê ̣ người",1,0,0.3925135378161857
dễ thương vậy chời,0,0,0.20829638407658535
bằng tuổi em các bạn đang ôn thi mà em phân vân không biết chọn trường nào :((,1,0,0.26888302746586756
"ngày xưa , ngoài thú vui chọc chó dí , còn chọc cho ngỗg rượt . cách giảm cân hịu quả nhất cho mấy đứa lười 😂. nhớ lại vui thật , đúg là thời sửu nhi .",0,0,0.15301891559588512
buồn hơn khi tôi còn là gái 🙄,1,0,0.292574281955293
sau vụ 200k thì vụ 5tr này có nội dung hài hước y hịt :)))),0,0,0.08864765581480157
per không lẽ sau này kím bạn trai không tập gym 😖,1,0,0.20555122103976947
per làm gì quên được kkkkk,0,0,0.27598097159095136
tao của ngày này năm trước đang ước đừng lấy quỳ tím đem ra thử nghiệm . :(,1,0,0.19741702275153486
"giống hệt mình , nhưng bạn may mắn hơn vì bên này quyết trốn nợ tận cùng",1,0,0.2636261709231558
cái mặt hoang mang thấy thương 😆❤️,0,0,0.37872473219756214
"tháng 10 đến rồi , em đừng buồn nữa nhé ❤",0,0,0.23951969132002077
có đứa nào hồi bé không biết nấu còn tranh làm rồi quên không đổ nước như tao không :))),1,0,0.22940490381250067
trời má cute vãi lozzzz,0,0,0.24245866553391512
"quá bản lĩnh luôn , người đáng nể , tiếc là anh ấy sắp bị tử hình rồi",1,0,0.213486589919291
ngày tao chia tay tao khóc quá trời luôn,1,0,0.32914165736891215
thật may em đã gặp được người tài xế tốt 🌸🌸,0,0,0.14858133474864893
per giống cái bữa mình viết ghê,0,0,0.26730448605787466
chưa có cơ hội nói cảm ơn và xin lỗi . vì chúng ta xứng đáng được bình yên,1,0,0.1883060683322653
các bạn đã xuất sắc hoàn thành nhiệm vụ,0,0,0.09652324272343434
định share mà đọc bình luận tắt con mẹ nó cảm xúc :(((((,1,0,0.32410362719731084
per kinh nghiệm nha,0,0,0.09113355783058202
chàng trai vàng trong làng bấm biển =))),0,0,0.24310356057438598
chuyện buồn quá chúng mày à . tao không dám đọc sợ làm quyết tâm có người yêu của tao lung lay 🙄,1,0,0.35430565590694846
giống chó này hình như không có lông ạ ?? chó nhà em lông rụng đầy nhà .. huhu,1,0,0.21289310040003356
chời ơi mới chụp răng 2 bữa trước về không ngủ được tới nay luôn,1,0,0.14433130714058853
trời ơi cái đoạn này em khóc tu tu luôn 😪.. trong khoảnh khắc rời xa một ai đó mãi mãi cơn đau thấu ngực trái huhu,1,0,0.27625128245537095
sao giốg với mình v . nhưg mình từ bỏ rồi người ta hình như cũng có người khác . từ đầu là do mình ảo tưởg thôi giờ thì tỉnh đi cô gái ạ,1,0,0.3294361840068163
tư duy của họ hơn hẳn 1 cái đầu 👍,0,0,0.16157088807921843
rất thuyết phục,0,0,0.15367446902663284
chỗ tao cũng có cây tình yêu < 3,0,0,0.17006327161825766
1 % kìa rồi ra cổng gọi thế nào :)),1,0,0.21857887284210753
hạnh phúc ghê,0,0,0.10573877612802271
ba ́ o giâ ̣ tao ti ́ tao la ̀ mày hoa ̉ người loa ̣ n ngươ ̀ i dân . haizzz,1,0,0.42805568117231413
đm main mới hay quá đi,0,0,0.17082993171050798
per kỉ niệm nhất là những ngày trốn học cùng nhau đi xem phim 😂😂😂,0,0,0.05303581152611547
nhìn cái bà này tôi chỉ muốn xoạc bà 1 cái . sao bà không là con trai nhỉ . ông trời quá là trêu người rồi,1,0,0.2634266590732645
sư tử chứ dễ thương q . q gì,1,0,0.30352695443992694
trai tài gái sắc .. danh ngôn rồi tài sản chứ tài gì !! 🤣🤣,0,0,0.1931654292184526
"chịu hay không không quan trọng , quan trọng là không có ai lấy",1,0,0.2593729382350018
điên khùng . nhưng hahahah . nhiều tiền quá mạ ơi,0,0,0.3116815724908769
"thiệt là cao minh , hahaaa",0,0,0.2421742661052448
"đôi khi cũng muốn dỗi lắm , nhưng nghĩ lại đéo có người yêu mà dỗi",1,0,0.262503334386526
trồi ôi mới đọc tưởng đâu người yêu,0,0,0.22127524345059285
em mình là con trai viết đẹp y chang thế này nhé,0,0,0.2852442560337693
"haha ,,, sao không kêu tao ..",0,0,0.1894346343125129
mặt tao như này ai mê cho nổiiiii,1,0,0.26643116215641843
"thứ yêu nghiệt , nhỏ g vẫn sợ nó nhất sau mấy con lắm chân t . t",1,0,0.15112071313216083
anh tây này đáng yêu chết được cứ tiếng tuy hoà phú yên ma học đi nhá ☺️☺️,0,0,0.27929680061120066
per sao bố lại đủ bình tĩnh để xem hết cái trailer này nhỉ . _ . sợ vãi,1,0,0.17325186034200282
"xem đi xem lại không chán , best của best 😭",0,0,0.20173796771224248
"cả đống người trên đường , mà nó chỉ dí mình tao 😭. t đã làm nên tội gì 😭😭",1,0,0.35330675771434217
chàng trai mạnh mẽ !,0,0,0.15754345493380628
tìm đối tác 😔,0,0,0.22173273783489786
thấy cưng gì đâu,0,0,0.21456803848970468
ngôn tình từ anh mà ra,0,0,0.1707062140272872
tao được thấy nói chuyện mắt của bố tao khi tao bệnh và khi tao lấy chồng,1,0,0.28140224458144986
không biết thật mà hix .,1,0,0.23567233970779325
per =)))))))))))) tao cười không biết chỗ nín lun,0,0,0.20858493884983584
cứu tao :(( tao sợ rắn,1,0,0.42086121478909977
bộ cuối nhìn đau lòng thật :(,1,0,0.21358797011640268
còn mình nhìn như thằng ngu,1,0,0.19452579495094777
thương chỉ sợ em không cho anh cơ hội thôi,1,0,0.2737563871120145
per má có điểm cho sướng vãi,0,0,0.21141733889922473
ôi không đừng vậy mà :((,1,0,0.1941783959205616
phim hay vãi ấy xem lâu lắm rồi,0,0,0.1583430123626679
chỉ cần 1 cây hoa . nói lên tất cả .. hi,0,0,0.4109402406682898
điều hối tiếc nhất cấp 3 là chưa kí lên áo của nhau 😢,1,0,0.10290854017862888
"ôi zồi ôi , nhìn cái mặt của ẻm kìa , yêu ghê :))",0,0,0.11472479061426134
chào tháng 10 !! tháng sanh thần của tôi .. hi vọng mọi chuyện tốt đẹp,0,0,0.2946093140088495
bây giờ tao lấy chồng rồi còn không có cơ hội ngủ với em gái 😫,1,0,0.3736124927027741
đáng yêuc quad 🤤🤤🤤,0,0,0.20628693565394243
có đứa nào đéo giật mình như tao không :))),0,0,0.26803308776235774
môn này đéo dành cho những người chân ngắn như tao :) bay qua chắc lọt mẹ xuống sông ^^,1,0,0.1938001551630897
góp vui cho chủ thớt 😂😂,0,0,0.13161315573724874
trông mặt buồn chưa kìa per :(,1,0,0.2501525134179662
30s mặc niệm bắt đầu ...,1,0,0.15045272239561136
"mà sếp cũng duyệt , cũng in rồi haha",0,0,0.2504714477063807
đm ngồi chờ đã rồi các tổng đài viên đều bận 😭😭😭,1,0,0.20379544699307933
con gái chả thế :)))) con trai đi dume mày có nhận hàng không,0,0,0.18684526834350174
ánh mắt thằng con muốn nói : cứu cháu hình như ba sắp ném con ùi,1,0,0.46806016849683374
"không được uống đã đành , ngồi dọn sấp mặt luôn , như con cáo và chùm nho xanh per",1,0,0.2957727213202976
"kỳ nghỉ hè muộn của anh mà , xõa hết đi anh .",0,0,0.11476760329923742
per chơi với con trai riết nên giờ đéo có người yêu nổi vì tính tình không khác gì con trai,1,0,0.164432513766328
chán mấy ông thanh niên .,1,0,0.1702311628308001
má đáng yêuc quá dạyyyy ??,0,0,0.1810569933000847
phim này mới ra được có tập 1 thôi . hay phết,0,0,0.11390764750263371
mẹ đi ngầu chết mẹ đi được chứ kì quặc gì =)))),0,0,0.29118535619780644
"per mày nhìn thành long hồi này có thấy giống mặt anh chung nhung hồi xưa không :))))). thề luôn , tao thấy giống vãi 🤣",0,0,0.11976876564357529
t đã thử rồi mà dume vẫn la :)))),1,0,0.1515949757617654
thạ timmmmm đùa tao yêu mặt nó lúc ôm đầu vlllll xinh quá con ưiiiiiiii,0,0,0.25818131274134243
dự định tao là 28 nhưng giờ mà có bồ là bắt cưới luôn chớ sợ ế haha,0,0,0.18901791094421083
"chủ động nói chuyện , nhắn tin khi có time . nhưng đời không như mơ",1,0,0.2926067268606841
tuổi thơ của tôi =)),0,0,0.3154023123481233
"cũng tùy , đôi khi không cần vật chất mà chỉ cần động viên , san sẽ những khi con mình vấp ngã hay khó khăn trong cuộc sống thì ...",1,0,0.17464200520102627
khoảnh khắc tao nhận ra tao đã từng rơi vào hoàn cảnh bế tắc này 😌😌,1,0,0.29101827462548097
"per chị mày đánh lộn từ đầu làng đến cuối xóm thì cần chi bọn con trai , nhưng nhìn bọn nó dễ thương hén",0,0,0.26992468578784057
"crush một ai đó là điều không bao giờ có rồi , vì mình vừa béo , vừa xấu gái , vừa vv and vv . auto nhục 😞😞😞",1,0,0.2430625769158274
"chúng mày nhìn , tao nuốt cũng không xuống nổi , ông địa",1,0,0.286843526938401
và rồi cô ấy sẽ mãi mãi không có người yêu =((,1,0,0.20801767799886653
"đau lòng vãi . cứ tưởng là đùa . ai ngờ , bồ nhau thiệt . ơ . tớ có sừng không",1,0,0.3559441964085548
nhiều khi nghĩ mình không phải con gái mà là 1 thằng đàn ông chính hiệu kkkk ....,0,0,0.3283816895823288
vẫn ế bền vững,1,0,0.10957436918355443
sao mình lại không xem được vậy admin 😭,1,0,0.23406358248177805
"khóc không chịu được luôn , và mình cũng sẽ làm được nếu phải đánh đổi tính mạng cho 2 cô con gái bé nhỏ của gia đình mình",1,0,0.2627315941956476
ảnh đẹp quá 😍,0,0,0.1545785798887331
ui còn chưa kịp đi xem đã rút rồi :((,1,0,0.2921709420539044
per bếp lò xo huyền thoại của ngoại hay nấu nè,0,0,0.12397711814452675
cả 2 kẻ này đều đáng sợ !,1,0,0.29730754473694304
muốn tạo ra niềm tin đôi khi bạn cần sự dối trá 😉,0,0,0.2457843954317577
xài vietcombank sinh nhật cũng không được chúc luôn :((,1,0,0.20961592760469266
buồn cho số phận 😢,1,0,0.20395171152101343
"lâu rồi mới thấy trailer chất như lày , so excited",0,0,0.21521887167198178
quả mắt nhìn sợ vãi,1,0,0.11712382805717311
quê vải mà chưa được ăn quả nào . huhu,1,0,0.15966145034379195
chẳng bằng bố tao 13 năm tự nhiên hỏi bố biết tên con là gì không thì chần chừ một lúc rồi phun ra tên chị tao,1,1,0.5710715026451725
vì chúng ta không nên nói chuyện với nhau nữa,1,0,0.15996824354158912
"sợ vãi , mém xỉu",1,0,0.21433112926027809
"tự nhiên thấy tụi con gái khóc tu tu , thế là mình lủi ra ghế đá trước lớp ngồi . tự nhiên cô dạy văn cũng ra theo xong ôm mình khóc ,",1,0,0.43684530945530925
"bị ngỗng mổ sợ vãi_chưởng , hồi bé tao đã không sang nhà b tao cả tuần trời vì nhà nó mới nuôi ngỗng mà bình thường tao toàn ăn chùa cơm nhà nó thiếu điều làm con nuôi nhà nó nữa thôi :))) nhắc lại mới thấy sợ vãi",1,0,0.2823075678405286
mùa thu năm ấy cta đã gặp nhau ?,1,0,0.1641160266597917
thích :)))) đi làm vui hay không là có đồng nghiệp tốt đừng chơi xấu mình là được :)),0,0,0.08868853858026332
chỉ sợ lúc nó dí,1,0,0.23186243459490563
tao là thằng chưa bao giờ giận người yêu vì người yêu tao không bao giờ làm gì có lỗi hết,0,0,0.20323211357813417
ai sẽ cùng tôi mang nỗi đau này cơ chứ,1,1,0.5146578050487401
tao rất sợ mất đứa tỏ ra như thế,1,0,0.38679312700292917
rơi mất tim . nguy hiểm thiệt ^^,1,0,0.20110599239459803
phim này xem rồi ý nghĩa vài,0,0,0.17570607165314078
chắc học từ bỏ quá,1,0,0.2568372775315193
t đu ́ theo thôi :v tao biê ́ tao thư ̀ anh no ́ la ̀ shipper,0,0,0.24472592055056736
bởi vì gặp nhau sai thời điểm nên tôi mất người mãi mãi ...,1,0,0.2846238403913719
cưng ghê ❤️,0,0,0.19171849536435626
mới đi nhổ răng số 8 và chụp 😞,1,0,0.12816547701154435
chưa được đi pháp mà huhu,1,0,0.1823481436044596
"t không tiếc mấy ly trà sữa , chỉ thấy tội cho mấy cô lao công dọn dẹp mà thôi 😔",1,0,0.21876778599625268
qua chạy xe nẹt nẹt bốc đầu bố ai dám dô,1,0,0.38734652244644985
thế chân ngắn như tao thì phải làm sao với cái cầu,1,0,0.40179211774921436
đó là khi tao muốn cắn ai đó điên cuồng :),0,0,0.2708371549249077
"ước gì mày được quay về tuổi thơ , trước mày cũng có 1 b trai như vậy đó",1,0,0.33691836679528664
chuẩn luôn :3 độc vô tình bắt gặp thôi cơ mà giờ tao bị ăn bơ rồi 😭,1,0,0.2982758399903619
hình như sau boss bị chết ạ,1,1,0.5120685296673274
per thế mà cháu tôi không biết chơi 😭😭,1,0,0.3596429777860161
mẹ nó chứ xem xong mình khóc hết cả nước mắt,1,0,0.3903150231196689
chả mong gì nhiều chỉ mong về già được như hai ông bà ! 😊😊😊,0,0,0.39151848325425587
dăm ba cái trò nấu cơm này sao làm khó tao .,0,0,0.22500616643116422
"công ăn việc làm còn chưa ổn định , bố mẹ già còn chưa lo được thì kết hôn để làm gì 😪",1,0,0.3144874325533401
sợ vãi nồi tao còn tg thằng kia bay ra cơ :)))),1,0,0.19888458758180422
khổ nhất người có bầu,1,0,0.18757146371776187
thế thì nó lại tốt quá,0,0,0.1462232674638584
với mình đoạn mấy thằng đỡ đẻ là hay nhất,0,0,0.11080931458681517
mày xinh ghê vậy :d,0,0,0.23572367433752303
lâu lắm rồi mới nghe lại bài này 😀,0,0,0.1941283790258109
bình thương tao hay cười lắm . nhưng khi tức tên ... tao lại khóc . quá yếu đuối,1,0,0.4273258382161624
hmm hãy tưởng tượng nó là một chú gián xink xắm xoè cánh thiên thần bay đến ... 😞,0,0,0.2929767450271504
em chân thành nên em tổn thương,1,0,0.38705564155254096
ngày xưa hồi còn học mẫu giáo mỗi lần đi qua là nó rượt tao chạy té khói dume còn thiếu nước chạy lại quỳ xuống van xin nó nữa thôi . đến giờ nó vẫn là nỗi ám ảnh với tao :)),1,0,0.24661069136310038
ko 1 từ nào để diễn tả bộ phim này ...,0,0,0.16856695851226156
"per đó là lý do tại sao em luôn nói với anh , có gì cũng phải nói ra",1,0,0.2794041688291344
xem video nay sao mà sướng hết thằng người,0,0,0.14395120645207546
coi ảnh này nổi cả gai ốc,1,0,0.2943868245756614
cưng chết,0,0,0.47035880678735364
thề dume c còn hết hồn nói chi đến khách =)))) sáng sớm ra mở cửa với tối đóng cửa thôi độ gan dạ cũng phải tăng lên mấy chân kính =)))),1,0,0.1506626609950962
"per trừ điểm , trừ điểm",1,0,0.24111702312275068
"chị ấy cười với tao kìa chúng mày , hạnh phúc ghê 😊",0,0,0.25262530164186203
lại đến giờ giải trí rồi mềnh ơiiii per =))))),0,0,0.1328433813852565
nhìn thôi đã đau lòng,1,0,0.2458111884433874
per có sub rồi nè . má coi đi coi lại vẫn mắc cười . với đưa anh stk đi,0,0,0.23958446303065475
câu được chục con heo vàng chả được cái gì,1,0,0.25449769495895624
thú vị vậy =)),0,0,0.10793765651585673
ngày xưa đi học đạp xe qua cứ tưởng được quay phim đưa lên truyền hình :)),0,0,0.13529954771650443
bằng tuổi người ta mình vẫn còn mải nghĩ chiều nay ăn gì 😢,1,0,0.2114212656943844
các bạn nữ đập đầu vào tường chết hết rồi,1,0,0.29955463166058055
cặp này lầy mà dễ thương,0,0,0.20526267349583924
nhìn hói mà thấy thương gê ??,1,0,0.13831324880355675
móng tay và tóc theo thời gian thì mọc càng dài tại sao chỉ có con chim là nó không mọc dài hơn nữa ta,1,0,0.26475507197601306
cao quá cũng khổ chứ sung sướng đéo gì 😓,1,0,0.2987756556080587
per một thời nè 😃,0,0,0.26474968019652056
tôi ở phú yên và anh này nói rất chuẩn < 3,0,0,0.17668864045993055
có đứa nào vừa coi vừa nuốt nước miếng như tao không ?,0,0,0.3591566634092049
đó là 1 câu chuyện buồn,1,0,0.22514668713987016
nó mà cắn ai 1 phát thì ... nghĩ thôi đã rùng mình,1,0,0.3810648381168038
không phải thích của cải mà là thích ý chí của họ . đàn ông có chí tiến thủ bao giờ cũng quyến rũ,0,0,0.18945108890677792
"có tài nhưng đôi lúc muốn làm diễn viên hài 🤣🤣🤣, khoái thanh niên này buồn cười vkl",0,0,0.17682882252491847
siêu phẩm để đời .,0,0,0.12611978519603032
đựng túi nilon là chất rồi 🤣,0,0,0.23397796494929654
😭😭😭😭😭😭,1,0,0.30668485999386447
đúng . biết là sự thật tàn nhẫn nhưng vẫn muốn biết rõ cho nhẹ lòng hơn :(,1,0,0.35368210553444523
"nhỏ thấy qua 1 lần , nó bị cột ngay trước cửa nhà người ta ở trong hẻm , mỗi lần đi ngang qua là nó lại định lao tới cà khịa",1,0,0.1678619488908389
per thần thái còn phải thua haha,0,0,0.3501479294149912
per dã man,1,0,0.21615666048707344
"ở nói chuyện ngoài hộ không khì thị về giới tính , họ cho được kết hôn . chứ họ không kì thị như ở việt nam mình hai người kia họ thật dũng cảm khi sống thật với giới tính của mình",0,0,0.47049126860083806
tao đang chờ xem bà ấy được nghe nhạc ý mà hết video 🤣,0,0,0.14964517567900942
"1 bộ phim phải nói trên cả tuyệt vời , xem đi xem lại cả chục lần rồi mà không ngán",0,0,0.1907658431938591
tận cùng của tan vỡ,1,0,0.14424686383675842
làm kiểu không cần bẻ phê hơn =))),0,0,0.13566316469425035
còn gì đau đớn hơn cảnh này :(((,1,0,0.2374887058427056
tuổi thơ của tôi cũng từng có 1 người c . trai bỏ mặc tất cả để bảo vệ tôi 😘😘😘😘,0,0,0.48979162664915227
per ông xã xem khúc nó kéo xe chở con chó nè :)) đọc bình luận hài hước ghê,0,0,0.31355800759855174
đáng yêu như em tao ý . cứ mỗi lần nó quyết định ngủ ở đâu là nó lại đấu tranh tư tưởng 🤣🤣,0,0,0.361658665804843
không có gì là tồn tại mãi nhỉ,1,0,0.36504013609895175
nhưng tôi đéo có bạn trai thì phải làm sao ?,1,0,0.476742325056301
giờ mới biết =)),0,0,0.15209553382290467
cần gì những thứ xa hoa lộng lẫy đâu . dù chỉ 1 bông hoa nhưng đong đầy yêu thương nhắn tin đã cảm thấy đủ hạnh phúc rồi 😊😊😊,0,0,0.24299507266866033
hồi bé bị ghiền mùi này :)))),0,0,0.14385027330647687
may mà còn gỡ lại được 1 miếng sắt lớn của tàu hỏa nó bung ra nên bán đi cũng đỡ được vài đồng . kaka,0,0,0.1808922693079813
"đẹp quá mày , còn không cho tao xin ít",0,0,0.4134749396236837
:))) 1 phần của bài quyền là phải gẫy gậy và té sấp mặt luôn để đỡ bị đối phương đâm lòi phèo,1,0,0.12973996895415058
chất lượng âm thanh bản này hình như nghe hay hơn bản gốc hồi mấy năm trước nhiều < 3,0,0,0.14962495088206249
hay lắm,0,0,0.16294396609674838
kết thúc 3 năm cấp 3 là khoảng tg đẹp nhất nhưng nó cho ta nhiều kỷ niệm đầy tiếc nuối 🤔,1,0,0.12513787944230662
cái này chỉ sướng mấy anh đèo mấy em ngực bự đi đường này nẩy tâng tâng,0,0,0.2035457947892258
ơ tao cũng học ông này hướng dẫn hay sao ấy :))))),0,0,0.15206018636622298
anh em để tao hưởng trước nào,0,0,0.28308917606035094
"giờ đây chúng ta , những con người của ngày ấy giờ không còn nữa ... những lời nói về mai sau nhưng ta đâu ngờ sau này chúng ta càng trở lên xa lạ",1,0,0.256854825219454
lâu lắc chưa xem lại !!! 😳. một bộ phim vừa ý nghĩa vừa hài hước ! 👍,0,0,0.17205881395498177
e quê bg mà mùa vải còn không có vải mà ăn @@@,1,0,0.2176159722723964
"kéo bấc mòn cả tay , ma nghĩ lai thấy nhớ thời đó nhỉ 😂😂😂",0,0,0.17789578567427633
lấy vợ xong béo quá rồi . hình như ai cũng v à 🙃,1,0,0.3289369481190705
đi học về thấy bán hoa đây đường mà cảm thấy tội cho bọn có gấu ... lại tốn tiền,1,0,0.17453164237342692
"mọa , mình nhà thanh hóa mà đéo biết gì luôn @@ :((((",1,0,0.21288007003868648
đám tụi tao đi chơi xưa nay đều dọn sạch đồ mình kêu hoặc xếp lại gọn một chút cho người ta đỡ dọn .. cái này là sự ý thức thôi …,0,0,0.14784863320051722
xem không dưới 3 lần chia sẻ không dưới 2 lần nhưng mỗi lần nhìn thấy lại xem lại buồn,1,0,0.22100718174469908
per năm nay 2 đứa quyết định ngồi hay đứng kkk,0,0,0.23787336303185536
nắng cũng đã sắp tàn sao mà chả thấy em đâu ...,1,0,0.33536490108864475
bình tĩnh vãi_chưởng =)),0,0,0.11504156238429243
bà tao mất rồi :<,1,0,0.2739906012044098
"đuma tao đang ở đấy nè , vừa đi vừa ôm túi sợ cướp :((",1,0,0.35398292160103667
câu nói quá chuẩn và ý nghĩa 👍,0,0,0.2175074236643454
một bình luận của người trong cuộc . đọc xong thấy ấm lòng cho per !,0,0,0.31215331562935195
đã thử và rất thích thú 😆.,0,0,0.22611537327234213
tao tưởng nó té cái đùng chứ . làm ngồi chờ mãi mỏi cả mắt,1,0,0.3726934778754651
"mà hiệu quả bất ngờ quá , quá đỉnh .",0,0,0.1528948998013057
cuộc sống mà =)),0,0,0.21890394137261715
"nó gieo cho tao mầm hi vọng , hi vọng vừa chớm nở nó đạp xẹp lép sự hi vọng bằg sự lặng im",1,0,0.3031547825559398
đề nghị admin xóa bài đi ạ . chứ bố mẹ em sắp đi chợ về rồi ạ :(((,1,0,0.26533391780268767
mèo nhà tao cũng từng đi lạc vì bị chó rượt tưởng mất rồi . sau mấy tháng thấy nó trở về nhà mừng vãi 😁,0,0,0.377354040335996
chắc phát khóc mất 😭,1,0,0.338257244431997
chủ quán này xinh gái lắm nha !,0,0,0.13015393369790804
nghe bài này nhớ nyc vãi,1,0,0.08600282346324988
lúc rài không gặp được mặt cờ rút nữa 😪,1,0,0.2688598553225551
tao phải công nhận là nó giỏi vãi . từ đứa diễn đến đứa quay và edit video .. giỏi vãi 🤣,0,0,0.1622191471664085
cười đau bụng :))),0,0,0.21987343270124085
tê tê phê phê sung sướng vãi 😌,0,0,0.19624912213301426
tao có hiểu đéo gì đau,1,0,0.356450774128099
rồi nhận ra chỉ mình là cảm thấy như thế thôi hả :(,1,0,0.2628188963815137
thôi mình nói đùa đấy :(,1,0,0.22843352744826606
thiệt là dễ thương quá đi mất . 💕,0,0,0.23278764971426094
ghê quá đi,1,0,0.1387935494845254
"thương tra ̀ o nươ ́ c mă ́ tao ... cuô ́ i cu ̀ người thi ̀ ban la ̃ nh đa ̣ o bă ́ c ninh đa ̃ lên tiê ́ người giu ́ p đơ ̃ ca ́ c be ́, du ̀ qua ́ muô ̣ n @",1,0,0.3014605643001062
cha mẹ tao còn cãi lộn nhau vì không biết ngày sinh tháng sinh của tao là dương hay âm 😢😢,1,0,0.2519660953640403
per đã nhẫn nhịn lắm ... đến khi con sen tao cứu tao thì tao đách có sợ đâu nhaaaaaaaa 😂😂😂,0,0,0.4263459449188447
"có bao nhiêu đôi ngôn tình , cớ sao lìa xa mình ta :((",1,0,0.2622200094075283
dăm ba chuyện hẹn hò có gì hay ho 😌 nhưng mà thi thoảng có dăm ba cái chuyện này cũng hay 🙂 tóm lại xem để giải trí đỡ buồn cũng tốt 🙂,0,0,0.20504617739934852
lâu quá rồi mới nghe lại bài này . từ lúc ctay mối tình đầu :((,1,0,0.23228928674627988
bị bắt nạt im re hà hiền khô luôn thấy tội nghiệp ai dè tới chừng ...... ha ha ha,0,0,0.1807425763125067
dể thương quá ah,0,0,0.14607212062520142
chị em mình giờ nói ít thôi haha,0,0,0.3479505144471004
không biết nói sao ... nghiện chuẩn mẹ rồi ... crush ợ . mà nó nhẫn tâm lắm hồi trước còn hay call video . từ hôm tao cạo trọc y như là mất tích luôn . chắc phải để tóc mọc lại tao mới dám gọi . 🤭,0,0,0.24398517875905143
con dang yêuc qua ha,0,0,0.29007398727298966
pháp luật là bạn của nó rồi anh ah vì quen anh anh chị b trên quận ah nên em cũng sợ lắm ah :-(,1,0,0.1442720390357382
con lai xinh phết ??????,0,0,0.1610176665001404
muốn được đi một lần 😆😆😆,0,0,0.3224561711880578
đm tao biết trước cả sự việc kiểu lìn gì cũng có nhện nhảy lên màn hình . vì mấy năm trước cũng có 1 thể loại giống như vậy . đm hú nhồn,1,0,0.20415011995539026
t thích nhìn mắt của crush hơn là nhìn nó cười,0,0,0.15982206801258383
hihi : chúc mừng đại kỷ nguyên có lắm người yêu,0,0,0.10019604509790192
cần lắm những sẻ chia . cần lắm những thấu hiểu,1,0,0.22226311540202423
làm ở đâu không quan trọng . quan trọng là có chị em tốt để tạo nghiệp :)))),0,0,0.12988252361777633
hơn cả bộ phim kinh dị !,1,0,0.1522089529073286
ngồi nhìn nó ngủ cũng thấy dth vler đừng nói cười 😌,0,0,0.2181587878601041
"kết nhất cái điệu "" xời quá là điều bình thường luôn """,0,0,0.1444606773470354
hời ơi ... cưng xĩu,0,0,0.25353193590036394
"thích chị này nhất phim í , bé bé xinh xinh lại diễn rất đạt :3 . hy vọng mai sau sẽ có bước tiến lớn và thành công hơn nữa < 3",0,0,0.09858404599587971
nguy hiểm,1,0,0.12103555651625339
per giờ thằng gù nhà thờ chạy đi đâu đây :(,1,0,0.2623264407761841
haiz nuôi được nuôi không thì thôi chứ nuôi mà để v coi được haizz,1,0,0.32512698206573776
lương cũng sắp về rồi 😉,0,0,0.15577659499784757
mình đã về đến nhà an toàn hihi,0,0,0.30149165809843104
trồi ôi bài hát đỉnh caooooo,0,0,0.14329412565742425
per anh tặng vợ cái bát nha kaka,0,0,0.11334921310530771
boss mắc bệnh nghiện vợ 🤣🤣😭,0,0,0.17946694267784324
vì tao hay bị chúng nó chọc nên thấy buồn,1,0,0.2256514163126981
ko biết crush bây giờ có ở nhà không nữa 😭😭😭😭,1,0,0.3664428617156299
per đem rác về nhà vứt luôn haha,0,0,0.170815125605098
xem xong tao đã khóc rất nhiều,1,0,0.3651220736057283
"nước mắt tự trào ra , thật sự rất cảm động 😢",1,0,0.3794441903416613
không hiểu sao đoạn này rất kích thích trái tim hủ nữa của tao =)))),0,0,0.27458163016215476
nhìn cái muốn cong :d,0,0,0.17668443872349088
mới gọi điện thoại xong mới cười với tuii xong heheh anh đáng yêu vãi,0,0,0.19879943675007514
đi đường buổi đêm nhìn thấy hãi vãi ??,1,0,0.13438532458191962
"có ai lần đầu bắn kéo ngược ra phía trước đạn bay vào mặt giống tao không , đau điếng",1,0,0.38101805044222237
đôi khi có tiền cũng không đi được đâu vì đéo có ai đi cùng,1,0,0.31068534863875913
cưng quá,0,0,0.21785424122255964
khi cô đơn lòng em nhớ ai :((,1,0,0.4231172421597157
"cha quay phim cũng không phải dạng vừa , mẹ diễn viên thần thái vãi",0,0,0.12577537977880338
"1 câu mà người ta hay nói , đắng như vị đời 😌",1,0,0.16743894709042156
mẹ tao cũng thix em này 😅,0,0,0.3500702813439942
rất ghét phim ấn nhưng phải nói phim này hay 👍,0,0,0.20671176422878831
tôi trưởng thành vclll,0,0,0.2456282556435026
hy vọng sẽ mau tìm được anh người yêu thật tốt để 5 năm sau có một gia đình như vậy ❤️❤️,0,0,0.13308618972684513
thực ra chủ nó cũng bẩn vãi :) vầy quá kinh dị rồi :),1,0,0.1708577311919537
cuộc sống là cho đi ❤ đôi khi chỉ cần được thấy họ cười là bản thân thấy vui rồi ..,0,0,0.37895603907061914
cực kì bản lĩnh lẫn liều lĩnh,0,0,0.22318706045662595
tôi còn chẳng lấy ảnh lớp cho nữa,1,1,0.534073303275032
nấu cơm như vậy xong đi lên nhà xem hoạt hình .. đến lúc hết phim xuống để xới cơm thì .... khét lẹt,1,0,0.16127363338045325
tớ có thấy con ngáo đấy nhưng không dám lại sờ huhu tt,1,0,0.398146839773739
muốn share về mà sợ bị bạn nè phẫn nộ quá,1,0,0.2953296764316623
kiểu lâu lâu cũng không được nhắn tin cho ai như thế nên cũng muốn tình cảm xíu =)))) biết đâu,0,0,0.3552109302233399
tao tháy gái nguy hiểm vãi,1,0,0.14651366259919554
câu hỏi thú vị 😃😃😃,0,0,0.27594339240946725
đcm ác mộng,1,0,0.3117095610225004
xem phát khóc mẹ luôn 😭😭😭,1,0,0.26480453301177376
"per nhớ ngày xưa gần nhà mày có đàn ngỗng , tụi khốn nạn đó toàn đi dàn hàng ngang chắn hết đường hết lối , mỗi lần tao đạp xe qua là rượt tao gần chết :v ám ảnh vãi",1,0,0.4085943189934358
crush của tao đi làm rồi . hihee . sáng mai mới về cơ 🤣🤣,0,0,0.2617234273353718
dễ thương 😂,0,0,0.1801102545867132
khổ thân vãi :)) xong bà lườm luôn :)),1,0,0.16157348596994534
có con gái thật tuyệt ! 😍,0,0,0.19246338306427757
"nhạc buồn quá . bài này là bài "" chia tay trong chiều hoàng hôn nắng úa màu "" - justin bieber cho bạn nào chưa biết nhé . :'(",1,0,0.20863912652962205
mày giận lại tao hả tốt quá bố mày được đi chơi game rồi . tối về dỗ nó sau . chờ mãi câu giận của mày :)),0,0,0.31255437990361734
đag bị cuồng mấy video của chế này . ai có ngoài video này tag cho mình xem với nhé 😂😂,0,0,0.1895659174819323
nhìn dáng đi mà nhớ ông nội 😞,1,0,0.1099557179138915
per hihi nhớ không,0,0,0.1555211932774917
3 giờ sáng nằm xem xong khóc miên man 😢😢,1,0,0.3648675548442019
đm trí tuệ vãi,0,0,0.16353407025216019
"sau khi kết hôn , anh sẽ thuê người giết cô để hưởng trọn tiền bảo hiểm 😌",1,0,0.18626126222817815
"đó là lý do tại sao tao chẳng bao giờ đi hùa mấy bài bóc phốt , xem cho vui rồi lướt thôi :))",0,0,0.16455465212127587
t phải tìm bạn trai là nhiếp ảnh gia mới được 😆,0,0,0.24622870922563125
hình như anh nay đóng phim ngây ngô thì fải ... phim đó hay lắm các bạn nên xem,0,0,0.11447278857324522
cảm thấy bị tổn thương,1,1,0.5876928430523495
động lực của phan con gái,0,0,0.20204812247443474
anh ấy không thương tao,1,0,0.2197849300184191
ha ha ❤️ chất lắm,0,0,0.12784331078129843
yêu chết đi được .,0,0,0.3333780892119521
một cách bán hàng nta gọi là đẳng cấp,0,0,0.22867176889903026
cute vậyyyyy,0,0,0.18226033619117177
"bắt cóc như chơi đó mậy , be careful",1,0,0.23513674814823157
xem đi xem lại vẫn hay ;)))))),0,0,0.10772123773810821
không biết s chứ ngày lúc 17t tao đi phục vụ phòng karaoke ... mình tao 2 phòng chạy qua chạy lại mệt quá vì xỉn ... kkk . thế là tao nghỉ trong ngày đầu vào phục vụ karaoke .🤣🤣🤣,0,0,0.39279217798941607
nghe quả tên nó đã khét vãi rồi . :))),0,0,0.1919368225233135
cho nó cắn phát xem có thành spider man không 😂,0,0,0.21494029660213834
nó ốm nhom thương ghê :(,1,0,0.20829569997213965
trẻ trâu việt nam thật đáng sợ,1,0,0.2805257178045356
per hóng phim này dụ dỗ mọi người xem tiếp nè anh :v,0,0,0.1905167615186292
cíu tao khỏi hai tên đồng nghiệp bị crazy huhu,1,0,0.23626265146686592
tuổi thơ mình lớp 4 đã cảm nắng 1 anh chàng từ 1 viên phấn vôi .,0,0,0.38194334956968445
"per chưa bị rượt mà đọc bình luận thấy sợ quá , chắc tao sợ chó không là gì với con này :)",1,0,0.2952219832025075
người ta có bạn bè nhìn vui thật,1,0,0.1350783802869431
"đã dùng , nhớ quá ngày xưa",0,0,0.1898474947381244
tiền mất tật mang . xe đã nát rồi giờ còn phải đền cách cửa cho tàu nửa,1,0,0.3450135924777056
người gì đâu mà đẹp trai hết sức !,0,0,0.23213930726275644
"haa ... haa ... ! đúng là có thay đổi lớn ! ngồi nhâm nhi ly cafe , phì phèo điếu thuốc nhìn thiên hạ cũng vui kkk ... !",0,0,0.25326631137661226
"tao toàn thế giận tao tao dỗi lại , lại phải dỗ tao . hahahaha",0,0,0.32608962670042085
lại công cốc rồi . cả thế giới kì vọng,1,1,0.5535788968640789
ước gì tôi cũng được kiên trì như anh ấy để dạy con gào mất nết nhà tôi 😪,1,0,0.2653178215754343
lạy ông nào nghĩ ra kịch này !!!,0,0,0.2780706864788923
đứng trước mặt nó tụt quần ra auto hết giận,0,0,0.3418512554860604
công nhận 😌😌😌 đồng nghiệp hạp hạp tí có khi ngồi buôn cả ngày bám hơn cả bám người yêu . đi làm hôm nào cảm thấy hôm đó ý nghĩa vãi,0,0,0.2008316370412232
chủ thớt sấp mặt rồi,1,0,0.17454718025843577
ngày ấy cũng từng như vậy ☺️,0,0,0.24497052895266994
quan trọng là đỉnh ^.,0,0,0.17425560607825422
"mình chưa từng thấy phim nào ý nghĩa như phim này cả , nó dạy cho ta về nhiều mặt trong cuộc sống , khi vui , khi buồn",0,0,0.25684267625233514
tính ra con bé đó chuyên nghiệp ấy chứ,0,0,0.1297594570523542
những người thả phẫn nộ xứng đáng là thiên thần . dăm ba cái yêu đương vớ vẩn . ahuhuhu,1,0,0.12646161446402332
"per anh nào nhắn vậy là tao yêuc luôn đéo suy nghĩ , ngọt vãi",0,0,0.30836445516142613
đm cười ĩa,0,0,0.4220073254436824
nhớ tới mối tình đơn phương !,1,0,0.11663724997057172
mỗi lần có video của con là cứ coi đi coi lại hoài . cưng con quá .,0,0,0.2603321365486391
là do bản thân tao ngu thôi,1,0,0.33735575061604706
per đã hiểu tại sao thằng bạn mình đam mê gym .. thì ra đây là nơi nó được sống thật với giới tính của mình ..🤣🤣🤣,0,0,0.3800545220655428
"3 idiots , bộ phim rất đáng xem",0,0,0.1318602774363326
"cái quá phơi lúa xong mưa , tao đang cười vì bà béo thì phải ngậm mồm .",0,0,0.2798469176106186
nhà tôi còn nè,0,0,0.3345209578123152
"mấy anh làm video đầu tư ghê , nội dung diễn xuất hay",0,0,0.07304209238825235
"kinh nghiệm được truyền lại là khi nào nấu xong bỏ tí "" tro "" vào lần sau không phải nấu 😊",0,0,0.19416858049687044
"đó là 1 câu chuyện buồn , tao không có bạn trai hix hix",1,0,0.2432909834683875
haha . dễ thương gê 😊😘😘,0,0,0.2094534147638233
"đúng vại , với ai nó cũng tỏ ra như thế . hihi 😂",0,0,0.3215830500723342
hạnh phúc phát khóc,0,0,0.18714770609598844
ông thần tài cũng không dám ăn luôn,1,0,0.36091049152887567
thương quá . géc nhất những người nuôi chó mà không chăm ... tội cho kiếp em nó gặp phải 1 người chủ như vầy . thân thương !,1,0,0.20213033784471277
"hồi nhỏ hay bị ngỗng rượt , vừa chạy vừa khóc la 🤣🤣",1,0,0.33837890463001935
1 câu chuyện buồn :)) khuôn mặt biểu cảm :((,1,0,0.22847961219459106
đúng là tốt quá lai thành lạm dụng 😶,1,0,0.31675923262876166
ngô ̀ i đo ̣ c bình luận chu ́ người no ́ tag người yêu va ̀ o ma ̀ sô ́ người mu ̃ i la ̣ i cay =)),1,0,0.19551956069425558
hôm qua tao cũng xem chục lần :))) bài đếch gì hay vãi :)))))),0,0,0.13720231767423957
cmt thế thôi chứ thật ra còn trả dám ấn vào video để xem . đời tao tởm nhất là lũ nhện mà hay gặp vãi :((((,1,0,0.2741164779737043
tưởng mai đi họp phụ huynh mới bị u ám . ai ngờ hôm nay mới biết điểm anh 9 . 5 thôi đã u ám rồi :),1,0,0.37376691026379055
cả tết được có 400k :(,1,0,0.22432695900001035
xem xong thấy buồn quá,1,0,0.2040535031526154
mai đến phòng đi tập luôn,0,0,0.22885255400535232
per ông đó có đôi mắt đẹp ghê,0,0,0.20085621426816871
tao đéo ghê con rắn tao ghê mấy cái trồi lên kìa :))),1,0,0.2355469575833803
"mới đầu mày sẽ thấy vui , từ từ nó quậy cho mày ????",1,0,0.34804054769102827
tanh bành cuộc đời rồi,1,0,0.2592112292899983
cảm giác vừa uống cà phê vừa hát mỗi ngày bình an lắm,0,0,0.29643424138006347
dm . đồ dạo này lắm tạp chất hay s í nó đéo phê nhg mà vẫn bị ngáo,1,0,0.21765229795044905
đến giờ tao vẫn chưa biết biển là cái gì ad ạ .,1,0,0.29368736327165934
là đi phát tờ rơi ngay mấy ngã tư và cổng trường đại học ! được 200k về mua skin yasuo siêu phẩm 2016,0,0,0.13715904721454988
có ai xem xong không sợ với không giật mình như tao không @@,0,0,0.3438410488249738
nổii da gà hic,1,0,0.2393129765674901
bạn trai người khác không bao giờ làm tao thất vọng =))))),0,0,0.2244474498020591
cám ơn các anh,0,0,0.10342994605535377
tuyệt thật,0,0,0.2838643107360539
crush bị thịt hay không không quan trọng . t chỉ sợ vợ tao đang bị thg nào đó gạ địt thôi . nghĩ mà buồn,1,0,0.39736677200254916
per có nên áp dụng với anh hàng xóm không nhể 😆😆😆,0,0,0.3370356717046578
t chỉ sợ cảnh đấu kiếm :((,1,0,0.16743677621722095
bà của tôi đã không còn khi tôi còn chưa biết gg là gì,1,0,0.30691669767807006
"mỗi ngày đi làm về , tôi không vội vào thang ngay mà thường ngồi sảnh tầm 20p chỉ để ngắm gái xinh cùng tòa 😆.",0,0,0.21513099218115198
đau còn hơn tỏ tình bị từ chối per,1,0,0.32472348636330717
khổ thân em nó . ??,1,0,0.28298568136761487
nhìn đoạn ổng tránh nó cắn mà nhảy tưng tưng rất chi là điệu nghệ và mang trong đó cả sự tấu hài nữa 🤣🤣,0,0,0.2699957858697802
per cười tức bụng nà vợ 😄,0,0,0.32971988146150355
hôm nay thật tệ :((,1,0,0.3164276423172003
người ta đỗ giữa 2 cửa thế kia là rất ý thức rồi,0,0,0.17146508056997445
nhìn mặt con chó tội vãi,1,0,0.23852187401954722
đã khóc . cha mẹ là người luôn yêu thương minh nhất,1,0,0.1915783920276245
nó lại hợp lí vãi :v,0,0,0.15634426655151476
may nó không đâm cho lòi ruột,0,0,0.18556940367448618
và người đó đang ở nơi đâu về với em đi . đợi người rồi người sẽ đến chứ ?,1,0,0.27562375668480277
"tui ở tuy hòa , phú yên mà chả nhận ra luôn .",1,0,0.1712582301884513
con thương ông quá,1,0,0.27227788411366705
mặt ô kia khát nước nhìn buồn cườ thế 😂😂,0,0,0.28862928118367936
e vừa bị điện cao thế giật hôm 17 chạp . bh nhìn cái ông này mà sợ .,1,0,0.2430469016408383
hihi lâu lắm rùi mới thấy nó,0,0,0.21164856951931518
"phải chi có ai đối với tao như này ha . nghĩ lại , mình không bằng cả chó . aiyo ....",1,0,0.40978576439753756
"như đi hiến máu chẳng hạn :3 , suýt thì được gặp :(",1,0,0.4276215755240738
"thương các bác quá , vất vả 10 năm trời mà bị như vậy 😭",1,0,0.23367058273075705
cưng quá trời luôn,0,0,0.2200568584811805
mua con lợn 5 chục lì xì được có 40 nghìn mất thời gian tốn cả tiền bạc 😂,1,0,0.20467248218467773
đã từng xem em là tất cả . mỗi khi mỏi mệt về thấy em và con cười là anh hạnh phúc rồi,0,0,0.44341739999113955
đầu óc đến giờ vẫn còn nặng và đang né tránh mọi người .,1,0,0.37180395895430335
per bit cái nay không . hihi,0,0,0.20078244083021932
tội em vợ thế :(,1,0,0.3682619770875797
tôi từng được sống . nhưng đấy là truyện của năm ngoái rồi,1,0,0.28034472595751625
per không biết còn nhớ tên tao không nữa 😑,1,0,0.3495235105186635
"hồi lúc tao ăn lạp xưởng mắc xương , nói mà cũng đéo ai tin . tao hiểu cảm giác của mày lắm ?",0,0,0.3982333099813406
"cái đáng nói là chủ không có thương , dòm em husky này ốm nhom , mắt lờ đờ thấy tội lắm",1,0,0.2801115425190705
nhìn em mà thương roi nói chuyện mắt,1,0,0.28841840370577054
hu hu đã bị chụp,1,0,0.16712961797922407
:)) bật nhạc lên và quẩy thôi,0,0,0.09961303238977745
"chuẩn . tao mà chơi hoặc làm việc cùng bọn con gái tính công chúa một thời gian thì tao ngày nào cũng sờ troét , sau đó bị trầm cảm .",1,0,0.458243223464876
aii may mắn thì có vị ngọt còn aii thiếu may mắn thì họ chỉ toàn gặp những vị cay vị đắng của đờii :)),1,0,0.1908641444595614
lúc đấy là mình mình cũng lắng liền rồi chắc trào nước mắt mất,1,0,0.37771963403361053
mới ho mà đã như thế nào thì lấy chồng chắc sống trong bệnh viện cả đời mất thôi,1,0,0.4669345351861048
chạy ngay đi 😒 trước khi bọn chủ tịch vào đây và giả làm con cặc gì đó rồi bị coi thường và chúng mày phải nhận cái kết đấy !!,1,0,0.1598462246786533
tao dễ thương nhưng vẫn ế đây này mơ mộng ít thôi,1,0,0.38604423964134704
"ngày trước đi mua cái này cho chó của đứa bạn thân . mà 2 thằng thử xong phê quá quyết định mua mỗi đứa 1 cái , và chó 1 cái :))",0,0,0.12259364896379582
bản thân quá hạnh phúc khi trong cs này rất . rất nhiều người mơ ước được như mình hiện tại . 😊😊😊,0,0,0.31724338575384275
h chỉ pk nhìn họ bên người khác :((,1,0,0.2070688909877412
per =))))) hahaaaa,0,0,0.17323728008334438
đau lòng lắm khi tối nay chồng tương lai của tao lại cống hiến sức lực để chăm sóc vợ thằng khác ..,1,0,0.37754009422335316
per về xem anh :v đái ra quần chuẩn mẹ rồi,1,0,0.2432609114841672
mày không được ăn đồ chua nhưng phòng toàn xoài chua :(,1,0,0.37098630827988055
phim này rất hay . tình cảm nhẹ nhàng . toàn zai đẹp . hehe,0,0,0.1494401743539462
khi nhỏ còn bị nghiện mùi khói này nữa chớ . 😄,0,0,0.19945908188500538
"vietcombank 1 tháng trừ hết 22k phí inter với mobile banking , dù tháng đó kau chả xài tới cái nào :((",1,0,0.24031637539856357
per =)))))) hít đi cho no chứ mắc công lại chửi tao không biết điều giở trò trước mặt cẩu fa như mày :),0,0,0.27235789701706253
dume cười muốn chết người ta ~~,0,1,0.5616849015055693
why ???? ai đã cướp boss 6 múi của tao vậy 😭😭😭😭,1,0,0.29612793074117816
"đã từng nhưng 10 năm về trước cơ , buồn ghê",1,0,0.3089440252009502
"giỏi mà 😁, đúng là thằng tây duy nhất ở vn học tiếng việt mà giọng tuy hoà ( giỏi )🤩",0,0,0.1501428473395808
"có hôm nó lo đọc cho mình nên không chép kịp bài , cô giáo bắt phạt đánh đòn cả hai đứa . năm sau bạn í chuyển trường mất , nhớ bạn quá !",1,0,0.14850631585733529
per đợi rụng răng rồi anh tặng quà cho em luôn háy . hhha,0,0,0.1278875603788526
tìm mọi lí do để có thể chạy xe ngang nhà nhìn nhà nó phát xong cười mãn nguyện đi về :)),0,0,0.16121179833113003
phận làm trai nào sung sướng gì 😂,1,0,0.23744148340659302
buồn cho 1 đất nước .,1,0,0.19200181857362295
"per 2 con hay cap màn hình nhất thế giới , nói chuyện với nhau toàn cười ỉ 🙄🙄🙄",0,0,0.2980865309248481
hy vọng mọi điều tốt đẹp sẽ tới,0,0,0.16227647260406705
có ai xem đi xem lại như tao mà vẫn cười đéo nhặt được mồm không ạ :)),0,0,0.24576131602233564
cứ thấy nó là ăn không còn xác thì lấy gì chúng kịp phá . nhìn thèm ứ chịu được 😔😔😔,1,0,0.2123785919076019
nản kèo vãi,1,0,0.21192763345743934
vì yêu người khác nên biết là ngu nhưng vẫn làm :(,1,0,0.1644976353196179
nhỏ nhặt nhưng ý nghĩa và hạnh phúc 😊,0,0,0.1495524126133668
chúc trump chuyến bay thật may mắn nhớ tới thăm hà nội nhé xin chào,0,0,0.10685206794700594
chắc kiếp trước gieo nghiệp kiếp này phải gánh thôi,1,0,0.18588773487968846
"ôi mệt quá , một ngày buồn tẻ",1,0,0.47223579601966525
"thôi không níu giữ kí ức xa vời , và chẳng bao giờ thuộc về nơi em",1,0,0.20881975725265917
có cả chiêu của per trong đấu trường thú nè :))),0,0,0.13275914842167028
chẳng hiểu sao tao cười sặc sụa,0,1,0.5172875314902526
địt mẹ đời tao,1,0,0.34175397777891986
đúng là nhân tài luôn ở khắp mọi nơi kkkk,0,0,0.18475975238163617
có tiền chưa chắc đã ngọt nhưng nếu không có tiền chắc chắn là đắng .,1,0,0.13542316293210843
per có thằng bị tao bắn từ đó không thấy họa mi hót nữa luôn,0,0,0.26927686831023934
khuôn mặt đáng thương,1,0,0.1993192852720482
kinh khủng thật :((,1,0,0.22352284499862604
mày lấy sỏi xếp thành tên dume khôn như tao này .,0,0,0.35312080496475307
tao thì muốn là đéo bao giờ . nhưng mẹ tao thì muốn ngay bây giờ 😢,1,1,0.5098968624813605
em vẫn nhớ cái bếp này kkk,0,0,0.15612051038084532
có ai không sợ nhưng giật mình như tao không :) dumehuhonchimen,0,0,0.2948550896363815
diễm quỳnh haha em không biết,0,0,0.23932386861906205
clm đêm rồi tha cho tao 🙂 tao đéo muốn chạy xuống dưới nhà hoặc là nhịn đến sáng mai đâu 🙂 con gì thì con kệ mẹ 🙂 đừng nhắc đến nhện 🙂,1,0,0.3632437206385243
"hí hí . tiến sĩ cừu , thạc sĩ cừu ... chẹp chẹp 😃",0,0,0.23629049612489458
chưa khi mô biết cảm giác đi nhởi trung thu với người yêu như răng,1,0,0.20041670975676393
khá quá nhể :))),0,0,0.13931672645166895
tình anh em thật đáng khâm phục 😍😍😍,0,0,0.12189738114634288
ngày trước mình qua singapore cũng vậy . dư hành lý 2 chi em mă ̣ c 4 bộ lên người kkk,0,0,0.2652760073769771
cứ sợ rớt điện thoại :)))) sợ nhất là lỡ khúc nào khó là té không thể tả nổi,1,0,0.21137664626388342
"ôiii vãi , dume nhìn thôi tao đã sợ rồi . từ nhện nhỏ đến nhện to không con nào là tao không sợ :((",1,0,0.29436260223734256
chủ như này lại chăm làm vãi =)),0,0,0.1699513740916244
per nhìn nó gớm những vẫn khoái coi . thú vui biến thái dễ sợ,0,0,0.20134319409140858
âu cũng là kiếp người . tại sao ông trời lại đày đoạ con người ta đến như vậy,1,0,0.2539171561076496
"per hồi học đại học , điện hỏi xin tiền bố , bố ra ngân hàng gửi tiền rồi điện em hỏi stk rồi hỏi "" tên mày là gì ??"" 😭😭",1,0,0.31592724283425877
"tao cưới rồi , cưới nữa cho vợ tao chém tao chết à",1,0,0.41310144656454123
gì mà ghê vậy 😑 sởn gai ốc,1,0,0.16782284493799238
moá . tao muốn chết quách cho rồi,1,1,0.5165715761229577
nói thật :)) tao chỉ buồn cười khi chúng nó chia tay thôi :)),0,0,0.24799341234305244
"những hành động đẹp , đáng được trân trọng , và sẽ được lan tỏa ở mọi nơi , thật tuyệt vời 😍",0,0,0.15893878315232446
nhìn mà nổi hết da gà,1,0,0.1909003216889186
:v tới đây đi anh chịu trách nhiệm cho :v,0,0,0.13748309705604989
chúc bạn thành công < 3,0,0,0.16761309908580752
"per lại nhớ chiều nay , buồn cười sấp mặt luôn . :v dù mệt nhưng ngày nào tan làm cũng muốn được đèo đưa đi ăn kem , ăn đồ chua , ăn miến trộn như hôm nay cerrrr :v",0,0,0.40447645132994264
"thấy bảo sang năm được tủi , nhưng mà năm nay vẫn chưa có người êu",1,0,0.2448383158998282
"khổ thân người dân , trước dự án cao su là dự án cà phê , làm thêm dự án nữa coi như một đời bỏ phí",1,0,0.2631418447089532
trong mv mà có tao đứng dưới mưa nữa thì buồn phải biết,1,0,0.3515482261461186
đố ai định nghĩa được tình yêu . có khó gì đâu một buổi chiều . nó chiếm hồn ta bằng nắng hạ . bằng mây nhè nhẹ gío hiu hiu 👏,0,0,0.15773639187813326
sợ nhất con quỷ này trên đời,1,0,0.2540637030062898
tự hào ngồi mâm dưới,0,0,0.2585630114494897
10 đứa bạn thì có 9 đứa là con trai rồi . sau nhiều năm kinh nghiệm thì chơi với nhiều trai thì sẽ bị ế muôn đời muôn kiếp . haizaaa ...,1,0,0.27238964020030193
"làm bác sĩ sướng thật , bảo cở là cởi , bảo cưới là cưới . lắc đầu cái là cả nhà khóc .",0,0,0.265566274031336
đầu mùa chua chua ăn ngon vãi_chưởng . thích vải lắm luôn . trong khi nhà toàn nhãn .,0,0,0.30395498059611553
chị ấy được đào tạo qua lớp người nhện bắn tơ nên không biết sợ 😂😂😂,0,0,0.23297503623122767
xem mà cuối phim thấy tội chị ma nữ 😂,1,0,0.140779179815735
😐😐 phê hơn lá chuối,0,0,0.15450422323432492
bên đây thấy yên bình hơn nhỉ,0,0,0.15113031737646992
cần lắm những nhà tuyển dụng như vầy :)))),0,0,0.1653606712104136
một giây rung động con tim :))))),0,0,0.19214686112306706
nhìn giống hai anh đang tỉnh tò với nhau ghê ( mình là hủ đừng ném đá nha 😅😅😅),0,0,0.1567194449527473
chúng ta thật hạnh phúc và luôn đi chung với nhau suốt chặn đường dài rồi đó nà ?,0,0,0.10950843478207226
mong bé sớm được mua lại,1,0,0.22717537839900204
sao lại bất công thế,1,0,0.2722840451613461
"một lúc nào đó chúng ta sẽ không nói chuyện nữa , lúc đó có lẽ em thật sự đã buông bỏ được rồi ...",1,0,0.3434713929233396
học xong 12 như hết thanh xuân có lẽ phải bỏ lỡ 1 người,1,0,0.17700035356576524
"cv không áp lực , môi trường xung quanh mới dễ tạo áp lực",1,0,0.3221767100809471
"ngày xưa có đĩa phim này . bố đi công tác về thấy cái đĩa tên là "" cô dâu 15 tuổi "" . má ăn chửi sấp mặt ...",1,0,0.3034493823605976
per bị chì chiết từ 6h sang đến 23h phia . vẫn sống vui 😊😉,0,0,0.27610921040418573
e thắc mắc là cố gắng 1 năm mà rủi ro khách hàng hay bên nhà sx dây không cảm động là ăn cám ạ 😌,1,0,0.2551284478906567
cưng xỉu ~~??,0,0,0.2125470720543174
chắc là uncrush thôi . bố mẹ thì còng lưng ra làm cho con đi học .,1,0,0.31478466832055896
và sếp tốt có thể giúp ta vui vẻ từ sáng thứ hai cho đến tối chủ nhật 😀,0,0,0.1335514149415383
hay lắm chàng trai trẻ,0,0,0.1709229367297315
"đang coi thấy nghi nghi , tắt vô xem bình luận , đoán ngay là sẽ giật mình , nên thôi không xem nữa haha , dễ gì bị dụ haha",0,0,0.4013028063694953
chưa bao giờ b đến đích là gì cả,1,0,0.20998866568922459
không cướp ở đâu đi cướp ngân hàng của nhà nước 🤣🤣🤣🤣,0,0,0.2752651115043725
nhiều lúc sợ bị pê đi,1,0,0.3685905190704203
dù thời tiết nóng bức ... nhưng ăn vải vẫn là ngon nhất,0,0,0.2450199652864599
bà tôi giờ mất mấy năm rồi giờ lớn lên rồi mà chả tặng được bà món quà nào cả 😭😭😭,1,0,0.33833049014092537
chỉ mong thương nhau đến đầu bạc răng long . vậy là đủ 👌,0,0,0.2204526308646428
éo biết sai hay đúng nhưng thanh niên này chất .. bản lĩnh bình tĩnh !!,0,0,0.124736906807389
"fa lâu năm có biết 14 / 2 hay 15 / 2 là ngày gì đâu , chỉ biết là ngày đi làm về và rất mệt",1,0,0.34974360696467593
nụ cười của crush kích thích vãi :)))))),0,0,0.2684314231115158
tao cười tao ỉa =)))))) hâhhahhahahahaha,0,0,0.2674822509369267
cái cảm giác nhìn người thân mình khổ còn mình lại chẳng làm được gì giúp .,1,0,0.4146006123075303
may mình đi làm rồi chứ 10 năm trước chắc sẽ phát khổ với bố mẹ vì mấy tin con nhà người ta như thế nào,0,0,0.32535220124399117
"moá nó , cười đau hết cả ruột",0,0,0.3158574259309892
tuyệt vời quá cần nhiều tấm lòng tốt hơn nua thật là ý nghĩa,0,0,0.18402904368672524
"tên của tao nghe rất bình thương , không có gì đặc sắc nên nhiều khi nghĩ cùng buồn tẹo .",1,0,0.3955754559262439
nhanh lẹ hiệu quả cao 😂😂,0,0,0.10694656586219738
được đấy tao thích,0,0,0.21579130289587586
"chúng ta những tháng ngày sau đó vẫn gặp nhau , vẫn nói chuyện nhưng không phải những cô cậu của hồi c3 nữa . chúng ta đều khác",1,0,0.12092880769950975
tao còn độc thân này :((,1,0,0.399880920031915
"ám ảnh vãi :)) hồi bé tao với chị tao trên đường đi học về thấy có mấy con ngỗng , thấy hay ra nhìn thử dume xong nó dí tao với chị tao về gần nhà :)))",1,0,0.201243103858149
"nhiều kỷ niệm đẹp , giờ nhìn mấy đứa nhóc đi học mà muốn quay về quá khứ .",1,0,0.09462551338103245
"chắc ông chồng hạnh phúc lắm khi sống chung với người vợ như vậy , những đứa con chắc cũng yêu mẹ họ lắm ! mà thặc ra là giống với mẹ tớ lắm kkk",0,0,0.20696294255107336
tao sẽ chỉ tự an ủi là đấy chỉ có trong phim truỵên ngôn tình :),1,0,0.224234509157434
e lên mang câu chuyện này đi thi thách thức danh hài . rất duyên,0,0,0.19731088804052366
per :)))) buồn cười vãi,0,0,0.22340204482355855
"quá đơn rản , bạn thân yêu ơi ,",0,0,0.19480493035805202
"tiêu đề bộ phim cứ ngỡ là thể loại hài , nhưng nếu xem hết thì các bạn sẽ rút ra rất nhiều điều và cái hay trong phim này",0,0,0.141989307034925
đù . ?????? sợ tụt lol,1,0,0.22944871339140582
trích mà như vầy rồi . sao dám coi phim đây 😢,1,0,0.1935634031621242
dù có nói thích mày thì cũng đừng có tin .. xã hội giờ nguy hiểm lắm,1,0,0.24784567590111156
khi bạn bất cần vãi đời ... làm việc xấu mà cảm thấy thanh thản vãi 😁,0,0,0.1428705423856095
tuyển ngay về làm nghiên cứu viên cao cấp cho các hãng khóa :d,0,0,0.11310774882605444
năm nay chạnh lòng quá . haizz,1,0,0.24445228951237963
bài mà từng nghe khi tổn thương lần đầu,1,0,0.4479561224110981
đang tập hát 😶😶 hay thật 😔😔,0,0,0.1528343426834047
"chồng biết không , hihi",0,0,0.250898221010837
sẽ hấp dẫn hơn khi dưới sông có cá sấu :)) lót dép hóng,0,0,0.15673448310096497
người lớn tuổi nhiều lúc rất dễ thương 😊❤,0,0,0.2244477343892096
tao thề . nhìn bạn ấy xong tao muốn rụng mấy quả trứng luôn 😓,1,0,0.149810977110404
tao cừi tao ỉa 🤣🤣🤣,0,0,0.2645029616157712
dù ra sao vẫn giữ nụ cười và sự tự tin,0,0,0.2912474119334695
cưng hết sức nà,0,0,0.31422403251168873
sợ đến lúc đó muốn lấy vợ phải sang nước khác nhập khẩu về quá,1,0,0.3457345494663132
"t nghe nói : đi tập gym sẽ có người yêu ...! awwww . điều đó không sai , điều đó là có thật 😂😂😂",0,0,0.15735151505827571
per trung thu chia tay gấu à ? bất hạnh nhỉ,1,0,0.172633145149084
xem xong hết cái video mà cảm thấy buồn cho cái xã hội bây giờ,1,0,0.19474154319100548
em nó đây nha các bác . kkkkk :))))),0,0,0.09987974237390146
per mày phải thấy may mắn khi cuộc đời mày được gặp tao :))),0,0,0.2959343102252383
anh đánh mất thật rồi,1,0,0.30292857432790704
điện cho đứa bạn . đem mũ ra . coi ai hơn ai . kakaa .,0,0,0.1928584661882109
người yêu tao bỏ tao rồi :(,1,0,0.20936791196652224
boss có bộ đồ ngủ đĩ thõa ghê gớm 😅,0,0,0.16352239491109272
"má , mặt đúng ngáo luôn 😂",0,0,0.24167879973696738
móng của bố tao . hồi trước và bây giờ đã cắt vì lý do . sức khoẻ .,1,0,0.2924299890405243
hồi xưa anh hay bị chửi trẻ trâu này nọ ... giờ anh là tổng giám đốc rồi 😁😎,0,0,0.32478704921702
trước em cũng hắt xì 1 cái lưng khụ xuống như ông già đau vãi,1,0,0.27419937568640956
hay ý nghĩa sâu sắc 🙂,0,0,0.2405432299767304
yêu quá nè nè,0,0,0.14396897317035773
vỉa hè to thế vẫn còn muốn ăn cả ồ hố nữa hả =)),0,0,0.21038029350721416
ngồi nhiều quá nhìn họ đau mắt,1,0,0.2307921125143705
t chỉ thấy tình yêu của tao nó tan vỡ thôi,1,0,0.13310785307574982
dễ thương quá !!!,0,0,0.16689309023180604
năm nào cũng phải ở nhà trông nhà :((,1,0,0.17599397094480576
nguy hiểm đến với bao nhiêu bất cứ lúc nào,1,0,0.25065741753661225
"có mà bữa chạy ngược chiều trên qlo 1a tại có hẻm nhỏ để quẹo tắt , chưa kịp quẹo bị 6 anh csgt + 1 xe bắt xe tấp vô chặn đầu xe , hoảng hồn cmnl .",1,0,0.3179964022523563
thương anh bạn kia quá .,0,0,0.20740141361283304
trông rợn vãi :)),1,0,0.11955939656612394
giọng lại còn ấm nữa chứ ♥️,0,0,0.274482323051801
"ngày xưa toàn bị mẹ đánh bằng dây điện , vụt phát nào ứa máu phát đấy . giờ nghĩ lại tự nhiên lại thấy hay , vì ngày xưa mẹ nghiêm khắc như thế giờ mình mới ngoan 🙂",0,0,0.32037729892056227
chắc mình là thánh nguy hiểm,0,0,0.16275270474609826
nhớ lần nấu cơm thần thánh này không ? per chỉ là mải nghịch nước thôi mà …,0,0,0.24895213375175415
cảm ơn bố !,0,0,0.22686585228192663
nháy mắt cũng đáng yêu kkkk,0,0,0.2485200553922117
lãng mạn vãi_chưởng =)))))) 0,0,0,0.14036111123299835
vâng chú ah haha,0,0,0.20562323254062104
tôi cũng muốn được cảm thấy như vậy ??,1,0,0.36316384554094855
đáng yêu quá . chúc ông bà thật mạnh khỏe mãi hạnh phúc như vậy 😍,0,0,0.07883076897236775
nhờ đó mà tôi cảm thấy nhẹ nhõm và trở nên mạnh mẽ,0,0,0.20267132343059904
giun này mà xào thêm ít xả ớt thì tuyệt cú mèo 🤣,0,0,0.3255731704673601
tớ chỉ an ủi bạn í thôi mà :(,1,0,0.4844643823902311
"per giỏi phết đấy mỗi tội nghịch thôi , được cái làm từ thiện nhiều .",0,0,0.23028333993324443
nhưng mà từ giờ trở đi đéo được tiếp xúc rồiii,1,0,0.36144044182811125
"hồi nhỏ thì tao bị cả bầy dí , được fine :)))))) đến khi tao 12 và đi học đh năm nhất , sau 1 tháng xa nhà , về nhà và cái kết là tao không còn bước ra khỏi cửa nữa , n dí everywhere :)))))))",1,0,0.20028751278216905
per gần nhà c ơi . hic hic,1,0,0.25349357924746313
nếu tao được gặp ba tôi 1 lần nửa thì tao sẻ nói con thw ba nhìu lắm . nhưng lời nói này chẳng pao giờ được nói nửa vì tao và ông ấy đã xa nhau mãi mãi,1,0,0.33573741268013857
bố đi đường mà sợ quá,1,0,0.23300924136591186
lúc dỗi thì càng dễ thương hơn,0,0,0.18645301100644815
đm lừa đảo hằng năm cả trăm tỉ . giờ phạt có 5 triệu :))) chán vãi,1,0,0.393555758974757
"ko nói nhiều chỉ ủng hộ anh per vì thấy thái độ trước tòa là hiểu anh per hoàn toàn chân chất , không có thủ đoạn gì hết",1,0,0.12931428602110479
mình toàn làm ba mẹ buồn,1,0,0.3284918341789498
vui tính quá ?? vừa kết bạn xong ??,0,0,0.22082800075317094
chỉ biết xem và ngậm ngùi lướt qua,1,0,0.16966767277901296
cách tạo nghiệp chướng nhanh và hiệu quả :)),0,0,0.11076630472952946
ký ức 1 thời . nhớ,0,0,0.1556820696237667
chị lỡ mất 1 nhịp tim vì cưng đấy ❤️❤️❤️,0,0,0.2101584373471926
đẻ sao mà cu con đẹp quá vậy trời 😍,0,0,0.25826732290216875
mát lồng lộng mày ạ,0,0,0.21397052148623746
"bỏ qua mấy dòg chữ , nhìn khuôn mặt con bé không thể nhịn cười per :))",0,0,0.20284234822056027
"có ai nhìn thấy giun đang bò trong ảnh không , sợ vãi",1,0,0.2444575917883959
nấu có cháy mới ngon :)) còn nước cơm hoà với đường thì toẹt vời,0,0,0.20673239162332738
chắc thôi tao đéo ra đường luôn :))) sợ vãi,1,0,0.28972732352625147
khi nào tao thấy thích . mà thích rồi chưa có người thích cùng .,1,0,0.2748012419356622
gắn bó thời sinh viên á !,0,0,0.19679418873151672
bà ngày xưa đẹp quá ❤️,0,0,0.17793124748380307
buồn vì mình không giúp được gì cho ai . nhìn những người khác khổ hơn mình mà thấy thương họ,1,0,0.17297386544705093
tao cũng vậy nè . lắm lúc đi với chồng mà cứ hỏi bên này bên phải nhỉ bên này bên trái nhỉ . mệt mỏi,1,0,0.3698042623520119
haha con mấy cái video toàn đóng vào mỏ nhau không . cười tụt quần 🤣,0,0,0.2877776115022103
ui đáng yêu gheê,0,0,0.20447129190760097
rồi đất nước mình sẽ đi về đâu .:'(,1,0,0.2522314583986505
"chắc tại từ nhỏ tới lớn mình "" man "" quá nên không gặp được gã nào ga lăng dư này :(",1,0,0.3084029836784012
đang thất tình mà dume cứ bắt đi bán xoài @@,1,0,0.1803326854934947
"per may có con bạn đang giảm cân nhưng nó hiền , nó sẽ lao vào ăn cùng tao chứ không tát sấp mặt tao như vậy , phải không ?",0,0,0.3690620275846177
hồi xưa làm fanpage được gạ kèo 7 triệu nhưng nhất quyết không bán . cảm thấy quyết định đúng đắn nhất trong đời,0,0,0.2099284960450028
ụa cho fa đọc chi rựa huhu,1,0,0.2039397175183034
tao coi tao sợ nó lọt quá bây,1,0,0.3554245873694627
các bác dẫn crush qua cây sữa nay mà hứng nước đái ve nha haha,0,0,0.19787322547739275
nếu để ý kĩ thì lái tàu có thể bước xuống và kéo đường ray qua một bên rồi cho tàu bẻ tay lái một chút là cứu được cái xe . tiếc cái xe quá,1,0,0.2739260257730291
buồn vương mi !!!,1,0,0.21290427725364916
chuyên cơ tt quá đẹp ! bao giờ má mua được chiêc như vâ ̀ y trơi ̀ !!,0,0,0.17571613671356426
chắc chắn bố của bạn này là một người vui tính chứ không phải khó tính . khiếu khôi hài bạn ấy ảnh hưởng từ bố .,0,0,0.2547559264137362
tuổi thơ bất hạnh .. học mẫu giáo mà cạnh trường học là 1 bầy ngỗng . sáng nào tao cũng được chạy bộ tập thể dục nhờ bọn nó,1,0,0.2378409618022877
thấy anh đấy làm tùm lum mà con nhện vẫn đứng im là tao biết có chiêu rồi . định gạt anh ak,0,0,0.1428199744383569
per đi bộ ở trường về thì dcm nổi ám ảnh đúng giờ tao về là dcm nó ra nó dí ngày nào cũng dí chạy cái luôn,1,0,0.33651410384534686
"per sợ chưa , ông bác hơi bị cứng nhé :))))",0,0,0.1772977940504102
tiếc quá đẹp trai mờ không có chim,1,0,0.135404269766401
bài viết hay quá !,0,0,0.15070379598516803
cái nay nhận ra lâu roài . mà đi làm toàn gặp đồng nghiệp đáng yêu hi,0,0,0.0827804610099904
lại được làm thêm quả nhà nữa . ngon,0,0,0.24856822304151782
"coi 3 lần mà vẫn cười , phim hay nhân vật dễ thương",0,0,0.14569601663965592
bản thân cố gắng cũng chẳng dễ dàng gì :((,1,0,0.430389233833857
coi phim này xong thì nhỏ bạn tao bắt chước giống vầy với crush nó . sau đó thì ... à mà đéo có sau đó nữa :v,0,0,0.20806515539634476
nó cười với người khác chứ * beep * phải tao :((,1,0,0.4044725308248172
"mong là bố mẹ mình không đọc được tin này , sợ vãi",1,0,0.3312486716304791
"còn tôi thì lại khác , thanh xuân của tôi chả có bây giờ gặp được aiii và hạnh phúc bền lâu cả :(",1,0,0.2587261908372733
mỗi phút bên em thật tuyệt vời . chỉ em mới cho anh cái cảm giác đó,0,0,0.22582110976391345
"trước đây mình không thích xem phim việt , nhưng mấy năm nay phim việt chiếu phim nào cũng hay . tự dưng không thích xem phim hàn quốc nữa .",0,0,0.141951716563783
khoảng gần chục năm về trước thì còn vàng trắng .... giờ thì bán còn không đủ không đủ để trả công nữa là,1,0,0.34662065164133354
đứt quả chuối trong mồm . đéo dám nghĩ kết quả lun,1,0,0.26021808485669506
tao kìm nén lâu qá rồi mà 😌😌 tức nước vỡ bờ thôi,1,0,0.1794932457328729
đúng cát bà rồiii ~,0,0,0.1570403915492719
"đến lúc yêu nhạt cực :) tao thề ! kiểu chán chán , muốn quay về đơn phương hơn",1,0,0.2511874952287749
"những thứ tưởng chừng như rất đẹp nhưng kbh được trọn vẹn , cuối cùng để lại chỉ là những kỉ niệm đã từng :))",1,0,0.14971080984284021
"chuẩn , thấy đa phần nam chính vẫn được lòng hơn .",0,0,0.1741721759386709
đi làm quán nước mà mỗi cái bịch nay long đựng ống hút nó cũng xé nhỏ ra rồi để bay tứ tung đi quét đã muốn lòi lồn,1,0,0.28578978376929354
sởn gai ốc với chị ấy,1,0,0.19266852130984616
chủ kiểu lol gì đáng yêu vãi ?? :)))),0,0,0.10063627585060193
"lúc trước ông với bà tao cũng thế , bây giờ thì ông bỏ bà đi trước rồi .",1,0,0.23312727487287635
hôm nay bạn đi làm . tiền đâu mà mua 😌,1,0,0.14730642159986143
dễ thương vãiiiiiiiii,0,0,0.1472473691484034
dume nó hết con mẹ nó hồn ....😭😭😭😭,1,0,0.2955598515690895
còn tôi tự nhủ dù lớp học tự ý bỏ về hết tôi cũng phải ở lại học đến tiết cuối cùng . hết giờ tôi cứ ngồi đó rồi từ từ bước chậm ra cửa ngoái đầu nhìn lại .,1,0,0.49390420249046596
bạn trai thì chưa . nhưng mỗi lần thằng bạn nó cắt tóc cạo râu thì auto nhìn đẹp trai,0,0,0.20989413182968727
ngày đi học . có lúc đang ăn cơm . bố hỏi . per năm nay học lớp mấy rồi con ☺ t không hiểu bố tao hỏi cái gì 😭,1,0,0.3773396141156624
lớp 5 mà viết kiểu này cô đánh gãy tay .,1,0,0.24302011797312625
đi chơi xong về cũng buồn như chó cắn tiếp thôi,1,0,0.4046871681184633
dume cười vãi luôn trời :)))),0,0,0.21842401724966898
còn người yêu tao : một hơi có một anh đẹp trai bay lơ lửng rồi ôm lấy em khi em tắm :(((,0,0,0.2805008811099988
hạnh phúc là đây chứ đâu =))),0,0,0.1237211775192119
và cứ thế tôi khóa lại 3 năm thanh xuân tươi đẹp của mình :),0,0,0.24058781203946863
sáng nay mình cũng gặp 1 anh công an dễ thương lắm,0,0,0.21099803967961725
tất cả đã đều quá hoàn hảo rồi . trừ pha nhảy cuối thôiiii :v,0,0,0.24945904424950946
per :)) chắc giống cảm nhận của ông lái oto hôm qua,0,0,0.1339187876850467
hãy nên trân trọng những người bạn như vậy .,0,0,0.22794156831893217
ngoài mấy phim về vật lý ra thì phim nào của ấn cũng có những ý nghĩa sâu sắc .,0,0,0.20282838111493431
cuối cùng per cũng thành công rồi nha per nha,0,0,0.14963127247552335
cũng thơm mà . kì thị quá à .,0,0,0.3264047170083603
hình vui mà sao đọc lại muốn khóc nhĩ ...,1,0,0.28275992754966356
"per thể loại mới nè , có vẻ phê",0,0,0.17114736951989373
bạn này yêu bố nhiều lắm mới vui vì bị bố mắng . chứ ai đời bị la mắng mà kể lại cho người khác nghe mà vui đến thế,0,0,0.342088247803158
"tình đến , rồi tình cũng điii 🙂🙂🙂",1,0,0.15782964095662477
mấy má đang có kinh rồi mặc áo đầm nhảy qua thì nhuộm đỏ 1 dòng sông cmnl 😳,1,0,0.36195683510494336
ủa là đụme video hài hay deep vậy . chớ tao thấy buồn cười vãi vì nhây đéo tả được :))),0,0,0.1525912059679057
thanh xuân rồi cũng sẽ qua có những người trong ta mãi chẳng thể xoá nhoà !,1,0,0.29278729160773703
cậu bạn mẫu giáo năm ấy chép bài cho tao để tao khỏi bị thẻ tay giờ đang nơi đâu ???,1,0,0.18421074929186737
nhà thì không xa lắm nhưng chưa bao giờ đi vì sợ bị đè bẹp luôn người =))))),1,0,0.1868234824277843
"từ nhỏ tới lớn đi học toàn ngồi chung bàn với nam , toàn phải đương đầu chiến đấu với vạch phấn chia đôi bàn ghế . 🤣🤣",0,0,0.18774037485917247
buổi tối vui vẻ và ấm áp nhé đại kỷ nguyên ! tương tác cho hằng khỏi trôi bài nhé !,0,0,0.0871617822358159
họ hành động quá đẹp,0,0,0.13614431965832
rất chuẩn hãy sống làm người cơn luôn luôn co hiểu thảo với cha mẹ của mình nhé moi người ơi,0,0,0.2108327240134143
nói chuyện yêuu thế đmaaaa ??,0,0,0.32748710238951695
anh thích em rồi đấy 😂,0,0,0.21221830159379584
tội quá ! nuôi mà không chăm sóc,1,0,0.24349161517232024
3 thằng ngốc . xem ý nghĩa lắm,0,0,0.19619769763886727
"có người cả đời ăn không hết lại có người thiếu ăn , thiếu mặc nhìn chán đời vãi",1,0,0.25350780514971066
người tài như vậy lại không được sử dụng đúng mục đích … quá buồn,1,0,0.2420466632306167
t đã cố tình che mặt nhưng vẫn giật mình,1,0,0.33163525207883265
khi nào đón bé về nhà nhớ chụp đăng lên cho bọn tao coi dung nhan thằng bé nha :vv,0,0,0.12518566661110328
haha cứ lên xuống thấp thỏm kìa ..,0,0,0.3035134290663039
tao chả nhớ ngày tháng năm sinh của mẹ tao và ngược lại :((,1,0,0.27919666154180045
có tiến bộ ! kkk,0,0,0.22346952816308865
ngày buồn hôm ấy tôi cũng là người rời khỏi lớp cuối cùng .!!!,1,0,0.32806446686521457
vâng ah nên em cũng sợ quá mà :-),1,0,0.2576211899839283
cái mặt xinh quá,0,0,0.22855302643841174
tao toàn bạn gái mà sao vẫn tưng tửng nhể ???,1,0,0.14329368381836763
xong bỗng nhiên một ngày mất hút không để lại 1 hạt bụi,1,0,0.17704481667480276
một nỗi buồn thầm lặng,1,0,0.4044961503478716
cưng nhỉ,0,0,0.19622909165651384
"năm nay mua cân na về nhà ăn dần , tối ra đường xem chúng nó dẫn vợ thằng khác đi chơi ... kaka",0,0,0.3407978874813663
bà ma nữ nhập vào nv chính thấy dễ thương dã man 😍😍,0,0,0.2241378312451856
nhớ thời sinh viên 😃,0,0,0.0890993968687173
"cái ông này mới xem thì thấy bình thường , mà càng xem lại càng đẹp trai 😂",0,0,0.1735713125734548
dù cậu làm tôi tổn thương mỗi ngày nhưng chả hiểu sao vẫn thương cậu,1,0,0.43216146485556917
làm phục vụ xong 4 tháng đi hà nội 1 lần chỉ để gặp người yêu xong giờ thì mới biết là nó cắm nguyên cây sừng lên đầu mình,1,0,0.2125644671002127
buồn quá buồn,1,0,0.3196210661904887
còn gì đau xót hơn 🙂🙂,1,0,0.16796242384785973
đơn giản nha .. cơm này ngon hơn cơm điện nhiều . không tin thì cứ thử,0,0,0.19625148921193256
tội nghiệp thằng bé :)))) chúng mày bốc đâu mấy cái thẻ hay thế ??? :v,1,0,0.12633808007585703
"và sau mùa vải , tàn dư còn lại là những nốt mụn 😌😌😌",1,0,0.2138038310910803
haha thì ra trên đời này tao không cu đơn đâu đó vẫn có những đứa con ghẻ như tao cùng bắt tay chào hỏi nhau nà,0,0,0.32728534077578164
per haha cái t2 hợp với em nè ;)),0,0,0.22626896567597454
hết tiền rồi này,1,0,0.18587497863897748
"tại giống nhau quá , nhưng đừng như người ta nha , nghĩ đến tự tử các thứ chẳng có gì là hay cả",1,0,0.30499277012101766
chợt nhận ra mình yếu đuối như một đứa con gái vậy 😢,1,0,0.12831038470207393
buồn nhỉ 😴😴😴,1,0,0.22591024756599623
tuổi thơ cũng từng trải qua nhiều lời cay nghiệt hơn vậy .. nên c hiểu được cảm giác của em ..,1,1,0.597858075411753
muốn nhanh thì cứ phải từ từ =))))),0,0,0.3092803976143443
cái giọng anh quay phim nghe ngọt quá 😘😘,0,0,0.07260584045221782
khiếp ăn tạp chẳng chết,1,0,0.44672876121889943
lại là án oan sai 😔😔😔,1,0,0.21369192625496436
cũng muốn vứt giày cũ nhưng lại không có tiền mua giày mới . đành chấp nhận đau chân vậy,1,0,0.24852190205183486
thế mới làm nên nghiệp lớn chứ,0,0,0.15007478842202426
chưa bao giờ được nge câu này 😞,1,0,0.3504126597957003
chả có tiền mua 😩😩😩,1,0,0.15743445712057347
"thời thanh xuân tôi từng yêu quý nét hiền thục của chị hiền mai . và đúng như cái tên hiền mai của chị , tên và tâm tính đều đẹp , hiếu thảo khó ai bằng . em xin chúc bác có thêm nhiều sức khoẻ để chị có được nhg tháng ngày hạnh phúc , ấm áp bên mẹ ạ .",0,0,0.34069854489101764
nói gì thì tụi bây cũng không tin đâu ..😌😌,1,0,0.393342835699252
"thật tốt vì chú chó ấy đã tìm được người yêu thương nó , kiên trì để nó tin tưởng thật sự :"">",0,0,0.16044842471640475
đkm lại diễn rồi pr cho game aumobile chứ gì tuổi lol qua mắt tao =)),0,0,0.16129089720917583
"công nhận năm nay tiến triển hơn , đợi 2 bà chị đi hẹn hò về còn có scl mà ăn ké :v",1,0,0.19733465777013995
đoạn cuối hình như nó khóc,1,0,0.2040437141850612
em hết ngáo rồi nha =))),0,0,0.12585537535959862
chỉ là muốn cạnh mà chỉ có 2 người . nói đủ chuyện trên đời dưới biển rồi đi vào giấc ngủ ngon . vậy thoii,0,0,0.37103938714155416
ngồi cười như dại =))),0,0,0.21900957678349717
nhiều khi cũng muốn chọc cho người yêu giận nhưng mới nhớ ra mình đéo có người yêu 😌,1,0,0.3327975727434917
tag vô cho xem mấy đứa xấu tánh thôi chứ ghệ anh tánh cực kỳ dt,0,0,0.1905734645059882
kiếp trước sống lỗi quá nên kiếp này nghiệp quật :((,1,0,0.1896730285491287
"một đời chẳng mong phải nhà lầu 4 tầng , xe hơi hàng tỉ , chỉ mong người đàn ông đi cùng mình đến cuối đời sẽ luôn nâng niu yêu thương mình 😊",0,0,0.43324807901150275
t nhận ra mình đã sai,1,0,0.31508742352119634
"tại như vầy nên bố tao không cho đi cùng . cụ bảo có năm còn lăn cả xuống ruộng , trèo lên mái nhà của người ta để đi ??",1,0,0.2359062097142864
per tạo hóa thật đáng sợ :))))),1,0,0.26359374722924933
"những việc này , mang lên đây chả giải quyết được gì cả .",1,0,0.22136846502991595
đọc cái mà cười rớt cả hàm .... cuộc đọ sức giữa xe lửa và ô tô,0,0,0.3490828259342996
mấy con yêu nghiệt ngày xưa nội có nuôi 2 con cứ ra đằng sau là nó dí chạy muốn tuột mẹ quần 🙄🙄,1,0,0.3248241006010323
kaka cái mặt bà kìa,0,0,0.22577152304017703
con bé cưng gì đâu . vk ơi anh muốn có cục bảo bối như vậy per,0,0,0.24463468220393617
"thật sự mình rất thích bạn này , xem phim mỗi tập cứ canh đúng cảnh có bạn ý , dễ thương quá 😗😚😚😚😚😚",0,0,0.15712234425609445
má tao xem mà lo thằng quay phim tét không à ? có ai như tao không ?,1,0,0.23665398734389947
"đúng mất vài giay để nói lời yêu thương , nhưng phải mất cả đời mới chứng minh được , cháu rất ngưỡng mộ ông bà !",0,0,0.3319442587575694
"dù thế nào thì anh tôi luôn bất hạnh , ai khóc cho anh khấc tôi đây 😢",1,0,0.39695839238600555
có đứa nào xem mà thèm đi biển như tao không ?,0,0,0.32159236433215843
nghe nói dạo này bạn dưỡng da để kiếm người yêu per,0,0,0.1661511126196517
per trai hay gái thì vẫn thấy tữn như thường kk,0,0,0.13762132936588023
"ngày xưa nhà nuôi mấy con điên này cái giọng thì đã khó nghe thì chớ suốt ngày ngoạc ra , hễ về đến nhà là thấy giọng bọn n đầu tiên . xong cho ăn , rõ ràng là cho n ăn đàng hoàng mà đến n + 1 lần bị n mổ với đuổi bợt mạng . chốt là tao ghét cái bọn nì dã man . ám ảnh cả 1 tuổi thơ :(( cái thứ yêu nghiệt .",1,0,0.3266191250881698
hổng gặp cái buồn luôn ><,1,0,0.173036893706583
"đừng nên thích mấy ông anh cơ bắp , sợ lắm 😆",1,0,0.18179262276134342
"chấp nhận đau khổ , để đổi lấy hạnh phúc , mà tìm mãi hạnh phúc không đến thế mới đau em .",1,0,0.2082407561303521
"đần mặt ra nhìn nó y như con ngu , còn cười theo nó nữa , xong bị nó phát hiện .",0,0,0.24338466477601003
"tập thể năm nay lại làm mình tiếc nuối từ thành viên đến gvcn :,((",1,0,0.2343666273943209
mai đấu giá thử cai lap cua mình chứa toàn tài liệu tiếng nhật 😂😂,0,0,0.2114998034643284
làm công nhân đã bị vắt kiệt sức khỏe cho đến khi bị thải,1,0,0.4546321607846588
hồi đó tao lấy cái đó kẻ tập luôn kiểu làm màu mè cho đẹp xong lên trả bài bị bà cô trừ điểm ????,1,0,0.1615932612078933
"con nghiệt súc này mỗi lần tao đi đá bóng là 2 vợ chồng nó dí theo cắn bầm hết chân , thứ này thù dai kinh khủng , chiều nào nó cũng khởi động cho tao trước khi đá bóng ... con mẹ nó giờ tao lớn rồi , tay nghề nấu nướng cũng không tệ gặp mà dí theo là xác định tao quay nó vàng ương luôn =]]",0,0,0.32270961684535365
"hút điếu cần xong nhìn nó ăn mà muốn phá cái tủ lạnh vô dụng của nhà mình quá , đéo đủ sức đựng thịt bò toàn rau .",1,0,0.45267778022993715
cuộc sống mà đành chịu thôi =(((,1,0,0.4047984129708864
"có rồi mà , nghén rồi nè hihi",0,0,0.21367556343012659
"và mày chỉ cần lùi về sau , như ít quan tâm và nhắn tin lại mày sẻ cua được crush 😎😎",0,0,0.3195140581085096
cặp nay dth ghê luôn 😍,0,0,0.15860399748827128
thương thương con =)) yêu ghê cơ ý cái mẹt hờn dỗi,0,0,0.14529351999684992
"ngày chia tay , chúng tôi đã ôm nhau khóc",1,0,0.26449574219018723
đứng dưới cây này chỉ sợ ngột vì mùi hoa sữa 😂😂😂,1,0,0.1676216012079378
hãy cảm ơn vì chúa đã ban em cho chị 😂😂,0,0,0.19267712520038013
"ước mơ của tao , thích vẽ lắm luôn , nhưng mỗi tội vẽ xong cho lên màu thì lại tệ 🙄",1,0,0.2421731439537114
23 năm rồi tao còn chưa được đi chơi với bồ trung thu lần nào cả :(,1,0,0.3163991432840223
ngọt hơn cả người yêu haaaaa,0,0,0.19139229781766592
em chưa có người yêu . có ai yêu em không . em cô đơn quá,1,0,0.23790961551644577
có gặp cũng đéo dám ngẩng đầu lên nhìn,1,0,0.3059777942590648
rớt giá kinh khủng khiếp huhu,1,0,0.25512035056768256
huhu đéo muốn đi học đâu,1,0,0.3947819238309133
anh vui thì anh ngồi thôi ... chú cự để mặc anh . :v,0,0,0.243909916083651
tiếc là 23 cái xuân rồi chưa gặp được em . có ai giống tôi không,1,0,0.28055418697646195
per mi phải học con nay bán hàng lai chim mới chạy hàng này,0,0,0.23131233821111508
công nhận sáng tạo thật đấy,0,0,0.14017221063319787
tự nhiên mình lại không muốn làm single mum nữa -.-,1,0,0.3888683448466022
cắt tóc xong rùi gội đầu xong tóc còn ướt ý nhìn đẹp trai lắm luôn ý,0,0,0.20722230666332153
tao thấy đéo có cái gì để tao cầm được cơn cười cđcm nó ! :)),0,0,0.2561923767460073
tội quá . thương em,1,0,0.27399120734075905
tình yêu là sự mù quáng mà hix,1,0,0.14010855664209415
dòm sợ thiệt 🤐,1,0,0.22290459885543068
hicc thương em,1,0,0.32513980812134263
"cảm ơn các em , tuổi học sinh lắm nghịch ngợm nhưng có lòng yêu thương con vật nhỏ bé đã giúp bé cún được sống 😘😘",0,0,0.23743582906653318
t cũng buồn lắm chớ bộ 😓😓,1,0,0.24934486014019294
per nhớ hội chị em vinmec quá :((,1,0,0.16332013601945616
"đi viện mà tưng tưng ăn uống được là tốt rồi , mừng mày sớm ra viện nhé cô",0,0,0.21552930058250996
ngày bé nấu hoài không chín . tức rủ mấy đứa ra đốt cả đống rơm nhà hàng xóm,0,0,0.20559797680849173
nếu không gãy đó la 1 bài quyền đẹp rồi :((,1,0,0.10184659881052702
ý nghĩa và đáng suy ngẫm thật,0,0,0.231446236166095
"bố bạn ý chửi nhẹ đấy , bố mình chửi là chỉ mong đầu thai vào nhà khác 😬",1,0,0.477550585151521
nhớ gia đình nhỏ nhiều lắm … mà không được về thăm,1,0,0.1911717446706171
coi xong đoan này . tao thấy nhớ nhà vô cùng 😭,1,0,0.21279530176165698
chuột nhìn thấy mèo sợ là đúng rồi =)),0,0,0.1481729987923427
nhìn rợn vãi,1,0,0.12239223009335842
per thịt nướng lò xô ne ăn z mà không chết 😎😎😎😎,0,0,0.3763055461529377
nhọc lòng :(((,1,0,0.1885605021212591
a per doi dap rat tuyet voi . chuc anh thanh cong trong vu nay .,0,0,0.20735864889372685
chỉ mới hỏi về người khác giới cái là bị gán là thích bạn đó luôn mí sợ :(,1,0,0.3794061945367999
trò này cũng nguy hiểm chết người đừng đùa theo mà mang họa,1,0,0.2503614022434108
ai như tao nghe tự nhiên thấy ấm lòng vãi không,0,0,0.4218304078927566
ỏ đáng yêu =))),0,0,0.08614923303865869
"mình nghĩ sẽ không bao giờ là một thương hiệu quốc gia , là khát vọng về cà phê vn nữa ...",1,0,0.34502020311652404
nhẹ nhàng bay lên và hạ cánh thất bại do lổi kỹ thuật,1,0,0.23545027531949309
"cưng vậy trời , anh cho em xin ảnh nha ạ",0,0,0.2198171668409161
chuẩn không can chinh,0,0,0.14756655201321034
nhưng kp cười với mày đâu :) ảo tưởng vãi,1,0,0.47355917616808146
mua con lợn 50k được lì xì 40k . ok em ổn,1,0,0.22237755265537973
ra vậy . nguy hiểm thật :(((,1,0,0.1656921173349403
khổ tâm ghê =)),1,0,0.1554448432504732
"giả bộ vô tình gặp nhìn lén rồi đi , lại còn tìm hiểu cả gia phả người ta nữa chứ ... một thời ngu ngốc đáng yêu .",0,0,0.2070353650972204
có ai chỉ tự yêu bản thân như tôi không :(,1,0,0.37284598190075746
per hẹn xem phim này nữa nha mày 😛,0,0,0.1895591189690717
đau ghê,1,0,0.19685593293326883
dễ thương vầy :>,0,0,0.18809105324209968
rất nguy hiểm nhé nhảy không qua là xác định dập mặt,1,0,0.28153212176942777
ha ha ....,0,0,0.18062331789480038
nhiều lúc ngáo ngáo thoải mái đến mức người yêu cũng đéo bằng nó và đến khi nó thổ lộ tình cảm thì tao đéo tin :v,0,0,0.2478754450993394
phải tao tao vứt luôn xe ??,1,0,0.21795154480164144
là con bé con điên khùng và phiền vãi nhưng bạn vẫn yêu nó vãi chưởng :)))))),0,0,0.18480243229252516
"mong ai đó sẽ không nghe được bài hát này . xin lỗi , ngàn lần xin lỗi 😢",1,0,0.3856465150513853
chuẩn đét . t nghỉ công ty cũ cũng vì đồng nghiệp 😭😭😭,1,0,0.15331369014994736
ủa mắc gì gỡ fan cứng của em ? huhu,1,0,0.18011049576451021
chả bù cho con ml này . đợi mãi không thấy nó về . hy vọng em không bị bọn xấu bắt lên dĩa là tốt rồi :(,1,0,0.21146997655758598
má cười ỉa luônn,0,0,0.30822132122184126
từ lúc đấy tao không ăn được các loại thịt ngan - ngỗng - vịt lun 😞 ám ảnh vãi,1,0,0.25726081702727815
nhớ nhé đồng nghiệp haha,0,0,0.06564346418828651
cứu em nó với,1,0,0.4132168032649033
đã nguy hiểm vậy sao không hủy mà bán 0 . 0,1,0,0.14080978065845154
ông mặt trời dễ thương hha,0,0,0.2676817003756715
không hiểu sao xem đi xem lại bao nhiêu lần vẫn khóc được,1,0,0.3321713081363875
kiểu em sai rồi . a xin lỗi em đi 😂😂,0,0,0.36409794503880155
gáy sớm để làm gì cơ chứ haizz,1,0,0.34812473930042726
đái mẹ ra quần ??,1,0,0.29121712697260155
đọc xong nước mắt ứa ra,1,0,0.22919985062036868
tao cũng hay sử dụng chiêu này và bọn đàn ông vẫn cứ bị lừa ????,0,0,0.1410628173933521
dễ thương mà,0,0,0.1994920032271784
per anh tải cái này về cho per học nè . thú vị ghê,0,0,0.14298843512666157
"cố gắng lên mọi lỗ lực và công lao của em sẽ được đền đáp một cách thật là sứng đáng , cố gắng lên em nhé 👍",0,0,0.27874755311281185
nhưng nói thì cứ bảo hay than thở 😢,1,0,0.32882740139285105
nhìn quả mặt của nó thì tao công nhận thất tình thật đáng thương ?,1,0,0.1399776437712307
đằng này họ nghĩ tao muốn giết người rồi chửi tao bị thần kinh rồi cho trôi qua mọi chuyện,1,0,0.3671215634830322
"chân ta cũng là chân đi và giờ bị đứt dây chằng , nằm một chỗ đợi mổ rồi mày . đồng cảm vãi",1,0,0.2543701756192091
xấu mà đáng yêuc quá,0,0,0.0920576000983693
thế nên bán hàng có tâm là đừng bao giờ nài nỉ khách mua thêm vì biết đâu bạn vô tình làm cho nỗi đau của họ trở nên tồi tệ hơn .,1,0,0.44046796038436814
dưới cái nóng 40 độ ngày hôm này xem video này xong thất mát lòng vãi_chưởng :)),0,0,0.1699926768838613
"cái thứ ba , trời nhìn mà rơi nước mắt thay cho luôn công cả một mùa mà đi tong chỉ vì một trận mưa",1,0,0.30508669076109907
"thấy bình sữa của em thấy ham quá , chị sinh em bé chả có sữa gì hết .",1,0,0.2057089253111613
nhiều lúc buồn đến nỗi coi những vid thế này . đéo thể cười nỗi .,1,0,0.41535285751001255
sư phụ giả vờ ngã để thử lòng các đồ đệ và cái kết ngã sấp mặt luôn 😢,1,0,0.16682782662861556
đéo có người thương để mà làm ấy chứ :(,1,0,0.2856812438924418
"đồng nghiệp tốt , chị em tốt đi làm như đi chơi :)) chứ làm cùng với mấy con mlz đáng sợ lắm :))",1,0,0.14999036091956458
rồi khi mày có 1 ít tiền :)) mày mới phát hiện ra còn đéo cả có người đi cùng cơ,1,0,0.32466446206369903
các b học sinh đáng yêu quá,0,0,0.07893207707203825
cuộc đời bà đã nấu hơn 50 nồi bánh chưng rồi nhưng bà chưa bao giờ thấy ai cắt tóc ngắn đi mà xinh như thế này các cháu ạ .,0,0,0.29333129879044206
đây là một câu chuyện buồn không chỉ riêng tao,1,0,0.1922742225186877
"cảm ơn nói chuyện nhật ! 1 nền khoa học , giáo dục , trí tuệ văn minh !! 😘",0,0,0.19790097950152225
bạn có bố thật hạnh phúc,0,0,0.13026354118889222
"per trong vòng 4 tháng chắc anh chụp hơn trăm tấm , huhu , sợ quá 😱😱😱😢😢😢",1,0,0.267659702046302
chuỗi ngày tủi nhục cũng từ đó mà bắt đầu,1,0,0.3870461976477149
hàng xóm cũ của tao cũng thế may mà bà ý chuyển nhà rồi 😃,0,0,0.29096895215381224
không biết vì sao họ vẫn cười nhưng mình thì khóc ...,1,0,0.49836406140479794
"đúng vậy , có họ ở bên cạnh nuôi nấng ta từng ngày đã là quý lắm rồi",0,0,0.1713657053427444
5 năm nữa tao phải đẻ được 3 đứa 😂😂😂,0,0,0.24927165754599448
ôi cưng cưng quá,0,0,0.23209292667826176
dù s đi nữa thì mày vẫn xinh . cố lên,0,0,0.24664024455105482
hay lắm :))),0,0,0.10994969201747379
buôn bỏ nhưng tình cảm ko thuoc về mình nua . bat đầu kiem tiên,1,0,0.37932231168669356
nó cười mà muốn rụng tim 😂💔,0,0,0.2350371782882581
"vì luật áp dụng đối với vụ án phân chia tài sản trên 4 tỷ thì mức án phí là 0 , 01 %. suy ra vụ này trên 8 nghìn tỷ thì mức án phí là 81 tỷ là đúng rồi .",0,0,0.33909850137099623
"per đi làm với c mình vui hết xẩy , trừ những lúc khó tính :))",0,0,0.15556722463552466
1 thời gắn bó với nó . nhớ lại ngày xưa cực khổ,1,0,0.2748854949315057
per nên mày hãy yên tâm về mấy con nhện nhé :))),0,0,0.19912750978040458
:) cảm giác đó đau lắm các mày ạ,1,0,0.34884002604234626
đề kháng của tao với mọi loại thính rồi cơ 😂,0,0,0.19484548172728977
cái này ghê vãi mày sẽ hiểu cảm giác khi nó lún xuống 😅😅,1,0,0.3712659353498978
🤣 lau mặt bằng quần chíp của vợ à ?,0,0,0.33705247521649434
mất rồi có lấy lại được đâu :)) cái gì nó cũng chỉ là quá khứ,1,0,0.26737101017131365
quay vào ô mất lượt :)),1,0,0.18083693029372072
:))) có thật nhiều tiền là vui,0,0,0.15092034438973112
mình rất rất muốn đi nhưng trong túi kô còn xu mẹ nào vân kiều ơi,1,0,0.4244134349834195
các bạn trẻ ! người lớn có thể nghe thấy tiếng chó kêu mà không hành động gì để cứu vớt . các em thật đáng khen . cần những bạn trẻ nhân ái như các bạn .,0,0,0.13455768709003796
"em đỗ 6 trường đại học ở mỹ , còn hàng trăm thằng đổ em luôn rồi đó , em biết không . trong đó có anh 🤪",0,0,0.292622147179927
thật đáng khâm phục các bạn ... chúc các bạn gặp nhiều may mắn trong cuộc sống ...,0,0,0.1950910311149483
phim cực hay và cực cảm động lòng người,0,0,0.1517138703181646
chai này mới ghi được nhìu chữ kkk,0,0,0.2774010857004985
per cố đợi đi nha để em mua bảo hiểm cho anh 🙂,0,0,0.13666292260467533
"có ai nhìn thấy hình như người đàn ông này đang rất đau khổ không nhỉ ? mình nhận thấy hình như ông ấy đang rất đau khổ , mà không thể or không muốn nói ra .",1,0,0.3188500742946051
per đáng sợ quá,1,0,0.3230493880616892
tao chỉ lên ngắm cảnh tí xíu mà mày cũng dìm tao :)))),1,0,0.23851480055784519
chúc mừng,0,0,0.1346482771350264
thằng hack game nó gặp trùm cuối rồi 😭😭 truyện đến đây là kết thúc sao 😭,1,0,0.24723850983890594
"đang tính đi nhổ răng khôn ( à quên , nó ngu chứ khôn đéo gì ..) nghe được cảnh báo này chắc không dám đi nhổ luôn .",1,0,0.2252681989765111
hú hồn con chồn chạy ngang 😑,1,0,0.19217521568542745
đây là bạn tao . =)),0,0,0.1200932698477313
là mỗi buổi sáng thức dậy ta có thêm 1 ngày mới để yêu thương ❤️.,0,0,0.1225039834371008
đáng lẽ bệnh của tao đã không nặng đến thế,1,0,0.39130280516763394
tự nhiên nhớ cái cảnh 2 con bánh bèo bị ngỗng dí quá 😅😅 per,0,0,0.19895084495072496
🤣🤣🤣🤣 bo tay chấm cơm . hahaha,0,0,0.2596190706267044
và từ đó bà cụ sống trong hạnh phúc :)),0,0,0.2284029561328026
"cmt buồn cười vll , nhớ mình cừng có kinh nghiệm chạy ngỗng :)))",0,0,0.14092174275731084
chưa bao giờ nghe ngươ ̀ i ta chửi thề mà đáng êu đến vậy lun =))!,0,0,0.20463432865645984
đọc xong tao muốn khóc luôn,1,0,0.27811415305380066
t còn được nghỉ 1 tuần :)))),0,0,0.1982895022614632
xem phim cười gần chết . mà thích cái bạn ma nữ hơn là na bong,0,0,0.3253804953274042
"cải tạo được , có tái tạo được 100 % nguyên trạng rồi sao ? giá trị lịch sử văn hoá gần nghìn năm đã mất đi rồi :((",1,0,0.34816219460423
sợ thì vkl,1,0,0.22086223862722354
per :)) hiểu được nỗi lòng anh chưa ! mốt đừng giận anh nhiều nữa nha,0,0,0.30382539647600065
thất vọng và áp lực tích tụ hằng ngày với tao,1,0,0.47156236604197893
nếu địa phương không xây cầu thì người dân cũng có thể tự làm cầu cây mà . phóng lỡ hụt chân thì xác định nát người .,1,0,0.21410412211966945
ngày chủ nhiệm cu nhà mình cô nhẹ nhàng nết na lắm mà ! giờ thì sao cô lại hành xử như vậy chứ ! thật buồn !,1,0,0.29949653013523375
t quá mệt mỏi với cuộc sống này rồi 😓,1,1,0.599635248006872
per - chan đáng yêu zl =)))))),0,0,0.11854908528950511
khuôn mặt đậm chất giải trí 🙂,0,0,0.12049672461491856
tao nhìn sợ vãi,1,0,0.1934231787515817
gia đình có nhưng tình yêu không thì sao,1,0,0.24416604627919564
sau mỗi cuộc chia ly người ở lại vẫn là người đau lòng nhất :((,1,0,0.23311266521962548
đúng là chân thật luôn luôn tổn thương !,1,0,0.3201136009747597
"từ khi lấy vợ , làm vlog thiếu muối hẳn huhu",1,0,0.24048110834337483
sad cực mạnh,1,0,0.13685436724729896
nhất định sẽ có một ngày tao sẽ thành công và tự nói bản thân rằng mày làm tốt lắm,0,0,0.31898202175388196
phim hay vãi ra . đến giờ vẫn thấy mình giống bạn ma nữ quá trời 😂😂😂,0,0,0.17860778163892366
tội nghiệp các bé đạp xe đi học,1,0,0.10309486172295947
thế nên tao với mày không thể làm người yêu nhau được,1,0,0.3088302791318065
sinh viên năm 3 rồi nhưng vẫn chưa định hướng ra trường làm cái giống gì đây :(,1,0,0.17614567943933138
khóc hết nước mắt 😞😞,1,0,0.4478113941340389
"wtf , tao đã làm gì sai ☹️☹️☹️",1,0,0.32795423508938365
"bọn tàu copy kịch bản phương tây , chắc bữa sau lại có mấy video make in việt nam như vậy và kịch bản tàu haha",0,0,0.16803298957789603
mình không áo mưa rồi 😞,1,0,0.41364101906356643
còn mềnh thì ra quán mua bim bim đều chỉ để nhì em mà cười,0,0,0.2951658367701066
"biết chỉ là phim thôi , xem con bé hôn bố lần cuối nước mắt tự rơi , híc híc",1,0,0.339709313559084
tao lại bị mọc lông chân rồi :((,1,0,0.2871996662611047
mua thêm vài trăm con cá xấu thả chắc vui hơn,0,0,0.24102561607358086
per hôn nhẹ lên má nha 🤣,0,0,0.16520222124680695
góp phần xây dựng đất nước chứ gì kkk đóng nhiếu rứa,0,0,0.22804135703823453
dume mặc dù tao rất yêu chó nhưng tao cũng sợ chó nữa :((,1,0,0.325932504973557
cứ mỗi lần cắt tóc xong tao lại thấy biết ơn bố mẹ vì đã sinh ra tao đzai vãi :))),0,0,0.2835271609013041
đó cũng là giải pháp hay để lừa một thèn ngu :))),0,0,0.14663042558834843
thương các con quá đi,1,0,0.21114887810686053
khổ thân con mèo :((,1,0,0.4580067343639837
một người đàn ông bản lĩnh thực sự 👍,0,0,0.23214806248875855
"per bởi , đéo dám tán ai hay tỏ tình",1,0,0.3091716201624029
ấm áp ghê =)),0,0,0.17750861883029934
phim ấn độ duy nhất tao xem mà không cảm thấy vật lý logic quá khó hiểu dù thật ra trong phim này nhiều kiến thức hại não thật ; )),0,0,0.1494158793994847
giọng chú hơi bị dễ thương nhá :)),0,0,0.2356435629871635
pháp năm nay nhiều biến quá :((,1,0,0.31239199562576214
hèn dì mấy nay đi học thấy bạn của crush nhìn mình cười,0,0,0.1760214664068639
cũng muốn đi xem lắm 😭,1,0,0.3522804431648236
có lẽ vậy là tốt nhất,1,0,0.16887839634615995
per đến con nít chúng ta cũng không bằng là sao ......... tuổi thơ và tuổi thanh xuân nợ chúng ta quá nhiều thứ rồi 😭😭😭😭,1,0,0.248798430659502
gv có tâm vãi 😂,0,0,0.1847895748747226
mình thi xong còn không khóc được 😢,1,0,0.39858415384798374
một bộ phim quá suất sắc,0,0,0.1436436823936475
tao mừng quá vì tao biết chắc chắn hôm nay crush của tao không bị thịt . ahihi .,0,0,0.21598999889118364
"chị thích con gái mạnh mẽ , cá tính .",0,0,0.10923621407676641
cho dù em có dành được bao nhiêu học bổng đi chăng nữa nhưng mãi mãi em sẽ không thể có được tôi 😅,0,0,0.35202113536131774
cười ỉa :)),0,0,0.2550576536911868
lợi ích của việc giữ vững quan điểm 😄,0,0,0.16266535839890317
"chời , dễ thương quá",0,0,0.18365723115731436
t cười đấy . thế tao thả haha nhé . mà dume đấy là cháu tao . thế bây giờ không có icon vừa khóc vừa cười à :]],0,0,0.488808010570622
nếu là tao thì tao sẽ không ăn được miếng nào,1,0,0.2296075740352177
nghe mát lòng mát gan thế ????,0,0,0.12106589296073415
lúc bé mình rất sợ,1,0,0.23946806131780995
chưa bao giờ bắn trúng thứ gì 😆.,0,0,0.2345750227210095
thôi xong . chia buồn cùng quý quốc,1,0,0.18435334539572754
thấy tội nó ghê ????,1,0,0.12872831549031807
ngày bé tao bị nó dí thế là tao cho nó 1 gậy 🙂 hôm đó tao được ăn thịt ngỗng,0,0,0.308217484138544
đã sáng suốt hơn năm ngoái nhiều . ka ka,0,0,0.23282480229328453
tưởng tao sợ ư từ cái lần mày dọa rắn tao và tao rơi điện thoại cuối cùng vỡ màn hình là tao đéo sợ nữa nhớ,0,0,0.362948209881605
"công trình 850 năm tuổi , xây dựng 100 năm mới hoàn thành chỉ còn là đống cháy sắt vụn .",1,0,0.2233516422385682
đau bụng quá ự ự,1,0,0.20109681562770768
"đang ỉa xem cười như điên , kkk",0,0,0.2837118018386812
hành động đẹp,0,0,0.16060405180307671
đúng là vàng trắng .. nhưng mà trắng tay :(((,1,0,0.34981428564749606
thanh niên co ́ em hoan hy ̉ qua ́ :))),0,0,0.09696775459545856
buồn cô lắm,1,0,0.3603809768416809
"thích cái câu "" em không yêu anh nữa ""😊😊",0,0,0.1978795289492797
"anh luôn nghĩ thế giới này không có gì đáng sợ , cho đến khi anh không còn thấy em nữa",1,0,0.3783976560114393
mình chụp mấy lần liền chả thấy bác sĩ cho mặc lớp áo gì cả 😭😭😭,1,0,0.24286865918043912
"hồi bé đi mua xôi bị một đàn ngỗng đuổi 🙂 may mình đi xe đạp không thì ăn lol ** với chúng nó , cái thứ mất dậy 🙎🏻‍♀️🙎🏻‍♀️🙎🏻‍♀️",1,0,0.18761404960416223
a đến sớm hơn nhé 😆,0,0,0.15179624648105242
tao ấn tượng anh đầm hường ghê 😂,0,0,0.15571664291074033
đáng yêu thế bà đẹp gê,0,0,0.1274800128784318
cười ỉa phút 1 : 11,0,0,0.3255632323132902
sao không cắt móng chân cho em ... nhìn mặt cute mà thấy móng chân em sợ phết,1,0,0.22906518881755622
per cđ chỉ cần đơn giản như thế đã ấm lòng thế ... rơi cả nói chuyện mắt ...,0,1,0.5069883658624404
huhu sợ vãi luôn á,1,0,0.2150338280266043
per mày cũng cắt tóc giống thế đi cho đẹp =)))),0,0,0.24647039055373002
ráng ăn cho nhìu vô ỉa cục cức dài hơn móng tay ổng luôn kk,0,0,0.24228365332597632
tiền nhiều để làm gì khi tình không còn,1,0,0.2353103951602819
cài lò xô huyền thoại,0,0,0.13640494755690485
sở khanh như boss chịu liền .. đẹp trai quá trời ui,0,0,0.3433635910825164
chỉ còn lại tro tàn,1,0,0.34037245052159093
huhu lần trước đi chụp răng . thằng kĩ thuật viện cho bạn vào cái máy to đùng xong nó bảo ngồi im . nó bật máy xong chạy ra ngoài đóng cửa với tốc độ ánh sáng .,1,0,0.22650885748128868
mẹ tao vừa đọc xong còn tag tên tao vào . bọn mày có cách nào trưa nay không về nhà mà vẫn có tiền ăn cơm không chỉ tao với,1,0,0.3614979364689696
độc nhất vô nhị . kkkk,0,0,0.25646700075424733
thề nhìn họ hôn nhau thôi mà nổi hết gai ốc . chưa dám nghĩ tới xxx . chắc thốn lắm . lạnh sống lưng thật .,1,0,0.1992650159975671
là gặp đúng người nhưng lại chẳng đúng thời điểm . cuối cùng vẫn là chúng ta bỏ lỡ nhau 😥😥😥,1,0,0.2181215202433516
quả nhiên chồng con nhà người ta đéo bao giờ làm tao thất vọng 😄,0,0,0.3435141633562001
họ đã cho ta có mặt ở trên cột đời này rồi còn gì bằng nữa chứ,0,0,0.30926686901838724
tôi đã giữ lại mấy cái giấy note đã ghi chú khi nào kiểm tra =))))),0,0,0.24971007599080305
"suốt ngày trật ray , còn hay không sự phù hợp hệ thống ray - tàu với hệ thống đường sắt vn",1,0,0.2007623963737654
một mình tao ăn hết 1 nồi lẩu từ lúc tối 😭,1,0,0.38167092029667354
"thời buổi bây chừ chuyện gì cũng có thể xảy ra , vậy nên thôi trất , đừng nên tin ai",1,0,0.19392015791737593
mỗi lần quyết tâm bỏ mà lại thấy cười . đm đời,1,0,0.23869715428760793
có những ngày làm tới đâu là sai tới đó :)) muốn tát vào mặt hết sức,1,0,0.35028977180330356
nhìn vừa tội vừa thương ????,1,0,0.192904121369444
giao lưu tí không . tự bấm chứ không mua =))),0,0,0.16412058311287298
nhà tao còn nè,0,0,0.32627029806891683
bữa cơm trưa nay tăm tối như cái ava của tao vầy :((((((,1,0,0.24278749401778302
t thấy nó cười hoài mà không bao giờ nó cười với tao cả :((,1,0,0.4081503563096123
2 năm rồi và đã kết thúc rồi,1,0,0.3901828890103286
cách tốt nhất là đứng lên và chọn 1 nơi khác để tìm 1 thứ tốt đẹp hơn và dễ viết hơn :)),0,0,0.10061304102796655
"xã hội thật phức tợp , huhu . không muốn sống chung loài người nữa , tao về núi đây",1,0,0.31043285633360584
tội cả con quá 😭😭 một lũ vô nhân tính đã hủy hoại những mầm non tương lai .,1,0,0.23687765776171246
"tao nói té 1 cái không dập mề thua gì cũg thua , trĩ nội trĩ ngọai nguyên chùm =)))",1,0,0.2397836864908216
"per tải thử cái này cho cún đi chị , hay phết này",0,0,0.14983368045981243
cổ tích thôi nhé . tao mới bị hỏi vì rẽ không xi nhan . và anh chỉ nhẹ nhàng phán 1 câu : ‘’ 2 triệu đưa đây không thôi mai cầm 3 triệu lên đồn nhận xe nhé ’’ anh thật là dễ thương 🙂,0,0,0.30176605365322023
cưng quá :))),0,0,0.1504224859404224
nơi ấy giữ lại những kí ức tuyệt vời,0,0,0.13303208941421507
cô gái này thật dễ thương “ anh cứ nhắm mắt làm đại một lần thôi mà “ 😂😂,0,0,0.2105138620788979
tao nhớ không nhầm hôm nay nó đến tháng vậy là sẽ không bị đâu nhỉ,0,0,0.21431687979951278
má toàn truyện trong mơ không hà mắc cười quá 😂,0,0,0.2838182820271892
"động lực là tình yêu . vì sau khi chia tay , tôi đã thấy mình vô dụng trong một thời gian dài .",1,1,0.505574357190096
ngày xưa cũng như này trong lúc mối quan hệ bắt đầu nhạt :) haiz,1,0,0.33394869385378473
nay buồn :(((,1,0,0.3094755584394534
tối mà tắt đèn gặp mặt nó với cặp mắt nó là tao còn sợ hơn thấy ma,1,0,0.2871514304122728
per ối bạn ơi quà sinh nhật mình đây rồiiiii,0,0,0.20509211556995055
câu chuyện mọc sừng được bắt nguồn từ đó 😀,0,0,0.19986735359621344
và vui mừng hơn khi biết tin chị vợ ở nhà vừa sinh hạ em bé được 1 tuần,0,0,0.2671592186432964
nghe ngọt thế :((,0,0,0.24635158617780967
thích thật,0,0,0.2208297627938869
tao xem mà cứ sợ nó ngã vãi 🙂,1,0,0.3280910949274556
bỏ thế lồn nào được :(,1,0,0.3411944187162281
"thanh xuân của tớ gặp cậu rồi , 4 năm rồi , chỉ có điều vẫn là 2 đường thẳng song song",1,0,0.23916768268709024
xem hết mới biết cái video nó không phải video hài thấy buồn buồn 😪,1,0,0.16880924382825693
nghe nguồn tao biết được độ chân thực của câu chuyện rồi 😂😂😂,0,0,0.12823814942809536
hạnh phúc thật :)),0,0,0.08960387545280363
kiểu định share vì thấy tinh thần khá hơn nhưng đọc bình luận xong kiểu nhiều đứa còn tiêu cực hơn mình :<,1,0,0.32596484181832996
t nghe thấy nó nói gì tao chết liền,1,0,0.3642489127291117
mong ông bà được nhiu sức khỏe,0,0,0.23731937644600276
đó là những nơi khác . chứ chỗ làm của em . anh chị đáng yêu v đáng quý . em học tập được rất nhìu kinh nghiệm .,0,0,0.1475338895673204
hết hồn chim én,1,0,0.15119691498327317
con đường này chắc dành cho mấy người như tôi,0,0,0.21894752113551832
chắc là năm lớp 4 5 gì đó :)) tao mua bánh kẹo đem vô lớp bán lẻ lại ... mỗi lần đem bán như vậy chắc cũng kiếm được lãi 2 - 30k 😂,0,0,0.17313639474153755
già còn thích phi công =)),0,0,0.14566243290563569
chuyện tình huyền thoại của per với per :(,1,0,0.13733261662859056
để tao nấu thì quên luôn . xác định tối đó đói :((,1,0,0.2463473520651296
mình trả phòng là chăn ga gấp gọn gàng . đồ đạc hẳn hoi trả người ta . dù sao mình cũng như người ta bẩn dọn mãi không sạch ai chẳng điên,0,0,0.2582450661965248
chỉ cần thích cái là muốn rụng tim,0,0,0.26918174757016855
công an béo như lợn không đuổi nổi tội phạm 😂😂,0,0,0.1461562288538236
khổ người lao động thôi,1,0,0.2580244160567845
moá nhìn rùng hết cả mình,1,0,0.198366725929411
"trước tao cũng tin vào tình yêu chân thành lắm , niềm tin chết rồi",1,0,0.23267355465403422
vcb thu phí dịch vụ cao có khác . lương nv cũng hơn chỗ khác :)),0,0,0.12306597305533944
bư ̃ anh trước mới nghi ̉ xong tao đi đa ̀ nă ̃ người chơi 3 nga ̀ y xong vê ̀ kho ̉ em re =))),0,0,0.19085940845851554
có thì tốt nhất đừng có giận vì ngoài kia bất cứ thằng nào cũng sẵn sàng dỗ dành bạn gái của bạn 😋,1,0,0.22330822904333752
"đấy gọi là biết ngu mà vẫn đâm đầu vào , giống tao :)",0,0,0.19842677089104832
tao cũng có 1 người bà như trong video nhưng bà ấy qua đời rồi 🙁🙁🙁,1,0,0.26904023161734114
bắt võng nằm cho sướng,0,0,0.23640195620279733
phim này ý nghĩa lắm,0,0,0.15318839677338425
thú vui đặc biệt vãi :v .,0,0,0.18644406089952895
ny tao đbh dỗi . chọc kiểu gì cũng không dỗi . đáng yêu vãi 😂,0,0,0.16064577972988
ko sợ gì chỉ sợ con ml ý 😞,1,0,0.41963652529283096
quá hay cho admin,0,0,0.15096043242697585
per gặp tao chắc tao đái trong vần 😅😅,1,0,0.2717121505605544
ngày nào cũng ngủ với mẹ rồi mà vẫn còn tiếc :))))),0,0,0.21461060521921135
tao thích vẽ . nhưng vẽ xấu từ đó chuyển hẳn sang mê chụp ảnh .,0,0,0.1559182216047598
t thấy dễ mà . không biết thì học khác biết . ez vãi,0,0,0.1975426908962515
còn gì hơn lòng dạ đàn bà ... cũng may tao là một con đàn ông :)),0,0,0.2947013146916172
thôi xong tao rồi :((,1,0,0.3181719612422727
cảm ơn bạn vì đã chia sẻ cũng như đã luôn sáng suốt để không làm gì sai,0,0,0.23639834361927237
bộ phim hay ý nghĩa nhất từng xem,0,0,0.10102049754232677
bài viết đọc rất sướng .,0,0,0.18870475244509097
con này chăm sóc n là n bao đẹp ><,0,0,0.27462267419671943
ừ thì là chuyện cổ tích . cháu đang đi đường thẳng gặp mấy chú thì phải rẽ ngang . 😢😢,1,0,0.16896298621632855
cưng gì đâu,0,0,0.2570027479045704
lâu quá mới nghe lại bài này buồn thế,1,0,0.20678296597093615
per eo ôi làm nhớ hồi nhỏ đi học mẫu giáo quá :))),1,0,0.08316823816784731
ngày cuối cùng thực sự buồn,1,0,0.3346673097647792
hú hồn hà,1,0,0.179680902001117
aw giống tao vậy =))) mấy thứ linh tinh tao còn để nguyên vào 1 cái hộp bự cơ,0,0,0.257715875542565
khóc muốn rơi cả mắt,1,1,0.5687919650259905
có những ngày mọi thứ nó bỗng ập đến,1,0,0.23430504840921812
bộ phim đáng xem đó mấy man,0,0,0.14100322366963602
một đứa sợ sấm chớp không thích hình ảnh này huhu,1,0,0.2156411063702517
per đây . cô gái bán hàng thú vị đây . phải xem cho hết,0,0,0.19219550082498268
nuốt được cục tiền đó cũng hay đó ( y ),0,0,0.1382420256041919
rất nguy hiểm,1,0,0.12120139554292367
:((( tôi vẫn chưa sẵn sàng để đi học mà,1,0,0.22023927375989277
khang khang 1 thời cùng nhau vui say ! bjo thì khác rồi thân ai nấy lo hở chị hố hố ;)),0,0,0.24646538734274884
"nhìn cảnh này mình nhớ lại cảnh ông ngoại mình đứng ngay quan tài bà ngoại khóc nức nở . bà đi rồi để ông ở lại một mình , đau lòng quá",1,0,0.12905275421200676
"tụi mày có hiểu được cảm giác , muốn bắt chuyện mà không dám bắt không ?? tụi mày có hiểu được cảm giác vờ ngủ gục để nhìn nó không ?? tụi mày đã từng nhìn nó thật kỉ , thật tỉ mỉ chưa ?",1,0,0.4948068640494804
"sao vẫn còn người tốt trong xã hội này , đáng khâm phục",0,0,0.1337313061324309
rất tiếc cho 1 bài quyền,1,0,0.11574355343705198
nhện này trong nhà tao chắc tao bỏ nhà đi mất 😱🤯,1,0,0.3447734362369355
mình cũng có con mèo đực nuôi được 1 năm thì nó biệt tích 1 năm sau nó về rồi 1 năm sau thì nó mất .... buồn,1,0,0.4892905892915085
"mẹ kể hồi nhỏ nuôi con ngỗng thay chó canh nhà . ăn trộm mà vào thì chạy đằng trời với nó , cả bầy lao ra quạt với táp , khi gia đình vác gậy chạy ra thì thằng ăn trộm nó ôm cây trên tít cành cao , áo quần tóc tai lủng máu me tè le . gia đình phải cứu ăn trộm má mấy mẻ còn không tha , 2 3 con vẫn dí nhảy hàng rào dí theo ăn trộm . phải nói dí bao dai mà cục súc vê lờ .",0,0,0.3980503413402346
cái kết có hậu quá :)),0,0,0.15192474861944028
thấy cờ rút trên tờ polime là tim rụng rời liền,0,0,0.18259989633385756
chuẩn bài =)))),0,0,0.08509387999685906
"per huhu đúng quá nè :< sư phụ đi rồi , còn per thôi , đừng đi đâu nữa nhaaa 😢",1,0,0.260980099306624
"chuẩn luôn , áp lực công việc cũng không bằng mối quan hệ với đồng nghiệp",0,0,0.26220095863545995
ui sồi ôi đốn tim vãiiiiiiii,0,0,0.1925910681120476
per tao mãi mãi bị con này ám ảnh từ bé đến giờ . thứ gì mà đéo thể yêu thương nỗi . nghe tiếng nó kêu là tao bỏ chạy trăm mét 😒,1,0,0.3923737426264142
per hết tiền thật sự :(,1,0,0.23203951491734293
chuyển từ thất tình sang muốn chết vì quá chán :((,1,1,0.5159034721834076
"mong là chuyện không có thật , chứ có thật thì đau lòng vãi ra 😪😪",1,0,0.32082287663257536
đơn giản 🙂,0,0,0.22974972501506755
tại trà sữa làm tao mập chứ tao có muốn đâu :(,1,0,0.36469542792778076
"vui nhất là câu "" lấy ghế ra ngồi nhìn """,0,0,0.16968560429236856
xem video cu ̃ người cho ́ người hê ́ tao ca ̉ mă ̣ tao,1,0,0.20883308298180617
"tan rã hết rồi , giờ toàn đánh lẻ thôi 😭😭😭",1,0,0.24260030252041567
hên là đụng nhầm người chứ đụng trúng cái là rụng trứng cả bày cả lũ -)),0,0,0.2564513857541732
trông anh thần thái vãi :v,0,0,0.16747873171402342
cười muốn tắt thở 😂😂😂,0,0,0.39659685321183796
khiếp quá đi tụi con ơi,1,0,0.31091776640011665
bây giờ nhìn vào cứ kiện tụng mà nãn :((,1,0,0.3270480138933129
uiii xinh gái thế ...,0,0,0.17733499088860166
per ê xem đi phim này lâu rồi nhưng mà hay lắm,0,0,0.17486172698935948
"xem phim mà cứ nhìn cặp chân của ổng , chân gì mà dài thường thượt . chồi ôi 1m87",0,0,0.11905296240049004
thất tình đi nghe nhạc chúng nó còn ngồi trước mặt ôm nhau . hận,1,0,0.11494048190402453
ha ha chịu không nổi luôn !,0,0,0.2990057511413952
cắt cả thắt lưng da của bố để làm ná 😂😂,0,0,0.32318297516499483
học giỏi lại xinh xắn hì,0,0,0.2169958273528993
đú quan trọng bởi người tao yêu củng không đi chơi valungtung thế là tao vui rồi :)),0,0,0.21878104097057338
"bị chó rượt cũng không đáng sợ bằng mẹ này . gặp chó mà có ý định rượt thì đứng im hoặc đi nhẹ nhàng nó nghỉ rượt . còn mẹ này chạy mẻ rượt , đi nhẹ mẻ rượt , đứng im mẻ mổ như mổ thức ăn . thiếu điều muốn quỳ lạy van xin mẻ luôn .",1,0,0.2780729227271208
cái video đầu làm hết hồn per per,1,0,0.2346033486905807
người gì đâu mà dễ thương quá chờiiiii,0,0,0.13333996622680022
chủ tịch đi nặn mụn ở tai và cái kết khóc thét,1,0,0.2699088007682588
"mất đi một di sản , chứng tích của lịch sử 😓",1,0,0.24387935739404235
em đi bộ chết mẹ đây này,1,1,0.5027591067991937
chuẩn con mẹ nó cơm oy 😂😂😂,0,0,0.1651700352504381
không biết đến 2021 tao có lấy được chồng không nữa :((,1,0,0.3879968497887628
chia buồn cùng nước pháp,1,0,0.2950617344392386
thiếu cái que chấm dầu là ổn 😂,0,0,0.20424782403920846
🙂 thanh xuân của em đã từng có khoảng time tươi đẹp,0,0,0.20662103860709985
ai cho mình xin page của con này với thích xem nó live stream bán đồ gê,0,0,0.2985741375568396
vl bố tao đang ở đây mà chắc sáng mai mới về mất ??,1,0,0.310407588844511
"tao là trùm nấu cơm kiểu này rồi ,, còn bây giờ mất điện thi nấu bằng bếp ga :))",0,0,0.21225211255111698
per huhu nhất là mấy bài không cho chất thử á :(,1,0,0.11332330317155982
tán gái hay vãi,0,0,0.12170200883500623
cười vãi :))) tếu thật sự luôn ý,0,0,0.21782028506476128
khớp vãi =))))))) mặt con bé,0,0,0.1475026627331165
nhưng nó giỏi và bản lĩnh đó,0,0,0.23787894046104777
tuyệt vời,0,0,0.0956055772762829
t thề hồi nhỏ qua nhà ông hàng xóm vá xe tao bị con ngỗng dí chạy xúc quần quanh nhà ổng vừa chạy vừa la làng tới giờ nhớ lại vẫn còn hãi 😧😧😧,1,0,0.3221724592575246
thông minh lắm,0,0,0.22856721897954607
bà ngoại của em đáng yêu hơn thế này nhiều,0,0,0.16710357699855213
bé gái đáng yêu quá ??,0,0,0.09941502831256765
buồn thật ấy,1,0,0.24390182865701002
uớc gì sau này về già vẫn có thể như cụ này :)),0,0,0.13678073122540113
cư ́ như kiê ̉ u =))) ngươ ̀ i yêu,0,0,0.0953149059754865
tao sợ ma nên không dám coi lun,1,0,0.49762172243751807
ai muốn đi thái hè này với tôiii nào cũng chim ưng phết đấyy :))),0,0,0.2362368970155739
"phim này quá hay . xem đi xem lại mãi không chán . đặt tay lên ngực "" mọi chuyện đều ổn "" câu nói kinh điển",0,0,0.2419309188838847
tại sao anh cứ mất công giận dỗi trong khi người xin lỗi vẫn là anh =)),0,0,0.37690917785424183
giống y bố tao 🤣 ngoa khủng khiếp nhưng mà nhà tao vui vãi_chưởng 🤣🤣. điểm danh nhà bố học giỏi văn nào 🤦🏻‍♀️,0,0,0.31023153129334685
à thì ra là như v =)))),0,0,0.12301374764020587
"per anh không nặn đi , mai mốt nó sẽ chaii dầy nè hihii :)))",0,0,0.18212084530592543
ngã nhìn cũng thấy yêu 🤣,0,0,0.08157509302275182
"cũng chuẩn , giờ khởi nghiệp vậy phá sản chỉ mấy tháng đầu",0,0,0.2242035376723652
"hôm trước tao đi chơi về đường vắng nên chạy nhanh , vừa qua cua anh cảnh sát chạy ra chặn làm tao sợ chetme vì giấy tờ không có bằng lái thì chưa thi lại còn thiếu abcxyz",1,0,0.17842628130197608
rớt vô đây chắc chắc khóc tiếng thái lan,1,0,0.28976537568983807
đỉnh của đỉnh 🙂,0,0,0.17270852749555113
bà nuốt quả chuối tao cười tao ẻ,0,0,0.24518415430059487
"có những con người luôn phải chịu đắng cay , cta không được chọn gia đình , bạn bè và càng không có quyền lựa chọn cuộc sống này . hãy vui lên với tất cả những gì ta đang có dù là hai bàn tay trắng",1,0,0.41775221315675465
đi bao xa mới thoát đựoc kiếp không có người yêu ? :<,1,0,0.21739738623529928
"gặp cái này "" sun "" mẹ nó vào ... :))",1,0,0.1758048259768679
tội bà vợ,1,0,0.2359513013420578
per 😢😢 miss you .. chính xác luôn ak hậu,1,0,0.19361196295964866
chắc ỉa ra quần chứ đéo đùa -.-,1,0,0.3225918688389759
tôi cùng hoàn cảnh với bạn má tôi củng bệnh và từng ngày từng ngày tôi bên má tôi sợ giây phút má bỏ tôi ra đi và ngày đó củng đến ai còn mẹ hảy quí từng giây từng khắc bên mẹ,1,0,0.3323706504417661
thua cả người ta 😞,1,0,0.26233730645340964
tính ra tao lúc nào cũng hài hước vui vẻ luôn đó trời :)))),0,0,0.1566555275326552
thật đáng sợ,1,0,0.352319472169713
sợ xanh mắt mèo,1,0,0.3391900263479785
ấy thế mà đã 6 năm rồi . bây giờ còn không nhớ được những đứa nào đã học cùng mình nữa rồi 😪,1,0,0.41201777619695384
"per lại nữa , tao dg suy nghĩ có nên đi bằng rap về không",1,0,0.31729174703028784
per tao thấy tao trong đó ahahahaha,0,0,0.25805501361021643
"em ơi , hết rồi 😔 hết rồi , chẳng còn chi nữa đâu em ...",1,0,0.4999184182965373
hello đồng nghiệp ;)))) không biết nghiệp gì thôi haha,0,0,0.125534314794017
"cái này ở shop đồng giá 40k aeon có nè , tê tới dái luôn",0,0,0.21646576381494248
nhìn stt đồng cảm khủng khiếp .,1,0,0.12578580946781112
một câu chuyện bi đát :((,1,0,0.33403570636801755
haizzz ... thế là chưa có kq gì tốt đẹp cả ..,1,0,0.24734221601164913
để có được cái nắm tay tuổi già là bao giông bão của tuổi trẻ . mấy ai qua được bão giông ?,0,0,0.3383894515177828
"đấy , nó đấy . con tim tao đau quá .",1,0,0.1955530707827151
gặp em đúng lúc nhưng sao anh vẫn thấy mình cô đơn quá .,1,0,0.33988027558533823
nhớ lại thời đi học xa nhà . bếp dầu ... :(,1,0,0.17815263313312082
"con gấu trúc , cho nó ăn trúc đi =))) tướng ngồi nhìn cưng vãi",0,0,0.19251032819066946
nhưng nó sẽ to và rộng ra :(,1,0,0.29316393020790216
haha còn tao thì thấy nó lúc nào cũng đáng yêuc 😄😄😄,0,0,0.28145418845536313
"đừng tin vào lời ong bướm , đó là hố sâu , là cạm bẫy tình yêu =))",1,0,0.12530457532061035
bây chửi kệ bây ! riêng tao thik phá trong trường hợp này 😂,0,0,0.2858104821565962
ở chỗ khác chắc gì có đứa béo như mình !,0,0,0.23150819759775745
"yeahh ! tao giờ đã là khách quen quán trà sữa đó rồi , về nhà cũng phải ráng tạt qua",0,0,0.2546173530436677
cái miệng nói chuyện không có người phụ nữ nào có trời ơi thật là có duyên khiếp quá đi thôi,0,0,0.2729054619691553
cưng quá đi,0,0,0.20463983802870134
một phút huy hoàng rồi chợt tắt còn hơn le lói giữa ngàn thu,0,0,0.11760793677117427
"bộ phim này xem rất sướng . và rút ra được khám phá là thứ tuyệt vời nhất chứ không phải bằng cấp . giá như mấy ông "" bộ "" và mấy ông "" ngành "" dành thời gian xem phim này một lần .",0,0,0.11955984041059464
aeon tâm lý thế :)) mày . n vào mua que kem tránh nóng,0,0,0.32638752630771556
per vui quá .. đi dạo được ven hồ rồi 🙂,0,0,0.20787739697181365
thế làm sao dỗ bạn gái đang giận :(,1,0,0.31638663584991344
vãi :)) độc đấy,1,0,0.1414249837431626
tao bị bỏ rơi rồi,1,0,0.3674168695157741
🙁 bị rớt tiền,1,0,0.2853375854772332
phần còn lại là nỗi nhớ và những lần thở dài :((,1,0,0.35900835757366417
"tao rợn hết người luôn , ghi công mày 😑😑",1,0,0.27608649734464186
"đây là tao khi bảo "" tao biết đường mà , tin tao ."" 🙂",0,0,0.246782131540663
đã sợ chó rồi thì chớ lại còn bị đùa zai như này . ai sợ chó đã từng trải sẽ hiểu :v,1,0,0.3334967580125449
hic hic mình còn chả bao giờ được giận lại ấy chứ :((,1,0,0.36934262899933407
gãy tay,1,0,0.16441423286474746
cho em xin tên facebook của c trong video để khi buồn em có thứ mua vui ạ . cám ơn mọi người,0,0,0.3202755334637514
đợi đến ngày họp lớp đi 😪,1,0,0.19213976034178268
"võ nghệ cao siêu đến mấy cũng phụ thuộc vào hung khí , em biết được điều này lên không bao giờ em học võ mà tự xắm cho mình khẩu hoa cải !",0,0,0.18028004998342195
chia buồn cùng người dân và đất nước pháp,1,0,0.18858559098276712
và khi quay lại nói chuyện với nhau .... biết nói gì giờ huhu,1,0,0.1569649751805087
"lớp 2 xí mót được cái chong chóng , bán lại cho thằng hàng xóm 500d .",0,0,0.24733203371202434
yêu sắp 2 năm rồi mà không biết người yêu kể chuyện cho nghe là gì 😢 đòi mấy lần toàn kêu không bình thường xịu xịu,1,0,0.14871444318835772
buồn cười nhất cái đoạn cã lũ bạn đồng thanh * chó nó lấy * 😂,0,0,0.16898788905537973
ờ công nhận đáng sợ vãi 😭,1,0,0.23905748770025687
đọc nhiều chuyện cổ tích vầy thấy yêu cuộc sống hẳn :)),0,0,0.1237715849756341
giun xào đĩa luộc là ngon ngay 😂😂😂,0,0,0.1754262423353256
mỉa mai cực mạnh =)),0,0,0.10255212977041415
chia buồn với gã lưng gù 😥😢,1,0,0.3561876573676716
con gái hay ảo tưởng như vậy lắm 😌,1,0,0.18602880023884216
có ai thấy tội ông cụ như tao không 😭,1,0,0.28257614046318413
"ê tao cũng hay giữ mấy cái linh tinh lại như vậy để vài năm sau mở ra xem lại có cảm giác hoài niệm , mà mẹ tao bắt tao vứt hết rồi 😢",1,0,0.20161636903259225
"đấy , chỉ có sale như tao mới tốt thôi , tao không bao giờ hỏi về nỗi đau của khách hàng : x",0,0,0.2956591993397243
lâu rất lâu mới gặp được lần rồi liết mắt nhìn cái :)))) chưa thấy nó cười,1,0,0.18745962607294553
ra xong bảo anh ý ship em về nhà luôn được không . xe em bị hỏng mất tiêu rồi =)),0,0,0.4099945806071826
per cảm ơn tôi đi . thấy tầm quan trọng của máy chém gió chưa,0,0,0.22872751413409365
mỗi lần coi lại sởn gai ốc,1,0,0.21946416505832145
khổ nhân viên,1,0,0.12999381463998355
thật sự đọc xong thấy hơi rưng rưng,1,0,0.16000968614139344
phim này hay dã man luôn - có ai biết phim nào kiểu dạng này nữa o 😍😍😍,0,0,0.17368260280182615
nói xong còn chả dám ăn nữa 😂😂,1,0,0.4161473018913708
người trái đất thật đáng sợ mà - _ -,1,0,0.16805310535558732
nhớ hồi mình làm đồng nghiệp ghê :))),0,0,0.052660224770542774
bếp dầu ngày xưa thật ý nghĩa,0,0,0.24458883054624123
có khi nào kết hôn xong nó giết lấy tiền bảo hiểm không,1,0,0.24117348985909356
"per như một cú tát vào mặt , đau lòng quá đi",1,0,0.38039122061738384
lâu lắm rồi chưa ăn được miếng cơm cháy .,1,0,0.25859627383744765
"ước gì con về với mẹ .... đợi mấy tháng rồi vẫn chưa thấy bóng dáng con , mong con vẫn sống ...",1,0,0.336610374752338
cả ngàn tin nhắn không đổi lại được 1 lần xem :((,1,0,0.30601690280115
cảm thấy sợ mấy thứ suy nghĩ cổ hủ của người lớn :(,1,0,0.1353845213603273
để nó vậy không thấy tội sao,1,0,0.18134578911871363
nhìn qua ảnh thôi cũng thích =)),0,0,0.1314652357339627
con bé xinh ghê,0,0,0.18697837697392874
"yep . chính tao . đi vệ sinh thôi cũng phải đảo qua , mà giờ thì người ta sắp đi lấy chồng rồi",1,0,0.15768815112973675
cũng dể thương đấy chứ,0,0,0.2383384720556579
phải có bao nhiêu tình cảm mới có thể viết ra được những dòng này ...,1,0,0.27565914748429254
buồn dễ sợ mà huhu,1,0,0.22488921979148144
đẹp trai quá,0,0,0.17071336280798463
"trời đụ , tội bé",1,0,0.23080822997340364
mang anh này về nhà luôn được không 😻,0,0,0.30352494835086963
gia đình thì không còn . tình yêu thì chưa có gì chắc chắn . 😏,1,0,0.19676549108694255
"chơi game :v cấp 2 trộm tiền bố mẹ đốt gần 10tr vào game , cuối áy náy không chơi nữa nên ngồi bán nick được khoảng 2tr cũng gọi là thu nhập đầu tiên :v",0,0,0.2490254106131179
bà về nơi phương xa mất rồi . nhưng với tớ bà là người dễ thương nhất trên đời . chỉ muốn ngả vào lòng ngoại nghe kể về những câu chuyện cổ 😘,1,0,0.3599870604453093
"anh giờ thích ai rồi , không còn giữ câu nói trước kia nữa đâu nhỉ . ừ gần 1 năm rồi cơ mà :((",1,0,0.4093926421907191
nhớ lại kỷ niệm này buồn quá,1,0,0.08936781155449151
còn tao thì 14 / 2 này trở đi tao không còn fa nữa mà chuyển sang những người già neo đơn .. kkk,0,0,0.25505067095657535
chả vị nước mắt à 😔,1,0,0.2956125862377516
ngưỡng mộ quá đi ạ . chúc 2 ac mãi mãi hạnh phúc như này nha :))),0,0,0.08989586288402543
phìm này rất rất hay đôi với ai sống hướng nội !,0,0,0.29701942044261365
:v crush có người yêu rồi,1,0,0.11434470183319066
"trên đường tao đi làm cũng có 2 con , mỗi lần chay tới là nó vương cổ ra như kiểu muốn hút tao trong khi tao không làm gì nó , cứ mỗi lần chạy tới là tao cách ly cả "" nghìn mét "" với nó , thấy nó sợ bỏ mẹ . đúng chất con ngang",1,0,0.3239652514434215
cầu mong chú có cuộc sống tốt hơn ❤,0,0,0.21693365475733373
thề lun anh ấy rất kĩ thuật lun á,0,0,0.1754461689214284
moẹ ! nghe cái tên đã hấp con mẹ nó dẫn lắm rồi đây này ! đjln ??????,0,0,0.33981754831989885
được bác ạ !! cứ lấy vợ giàu là được tuốt =))),0,0,0.16882935475939467
hên là chay ra kip,0,0,0.22531927654326045
per tìm ông bán xoài này ngay cho em 😂😂😂,0,0,0.13740177947144788
cười ỉa 😂😂 thây nó thét mà tao nghĩ dọn xong nó đi luôn cái cổ họng,0,0,0.2427757834398453
hay lắm cậu bé,0,0,0.1616124407112991
có biết bao người có mảnh đời như vậy !,1,0,0.17669013930697755
per =)))) đáng sợ vãi,1,0,0.2290564179015465
hhaahhaah ! t đã may mắn như thế 😂,0,0,0.24297738864812896
maii ban thanh nhung nhớ cái này không hic 😭😭😭😭😭,1,0,0.15768944764720622
uề ... lại li hôn không thành công ... 😂😂. t buồn cười câu này quá per,0,0,0.45842389270805484
per thông minh là đây chớ đâu,0,0,0.15811550818324138
mai xem lại phim nay . phim rất hay .,0,0,0.068149283177979
khi em nói 2 chữ muốn dừng là nước mắt không bao giờ ngưng . . . đau,1,0,0.4769671757847398
đa ́ người yêuc quá ́,0,0,0.11972367002126574
per anh ơi đừng gym nữa . boxing là đụ rùi :((,1,0,0.21307832895633047
nhà tao vẫn nấu . à mà lâu lâu tao về nấu một lần thì không cháy cũng nát,1,0,0.3061278186696371
tội cho cô gái ;((,1,0,0.2039273747877479
có những người đi qua đời bao nhiêu như 1 cơn gió vậy . vô tình nhìn lại . nó lại là quá khứ ...!,1,0,0.233797891530927
"rất dũng cảm , đáng yêu quá",0,0,0.1870880792859217
"per ít bửa đi coi , trailer thấy hấp dẫn quá",0,0,0.1974708458183714
per kỷ niệm nè !!!,0,0,0.10038999789459167
cảm ơn mày đã khai phá cho tao thêm một nét văn hoá đẹp :)),0,0,0.28117543013696517
ít nhất con nhện nó còn yêu mày 🙂🙂🙂,0,0,0.21586436046067342
người ghép có tâm 😁😁,0,0,0.16851852765667585
tao cute mà các mày,0,0,0.24863305792325452
cưng ghê,0,0,0.1976962308029593
per chán quá,1,0,0.32543596566534644
yêu làm mẹ gì rồi phải chia tay người ơi,1,0,0.12562588666549407
"ôi những con người dễ bị ám ảnh với quá khứ , ôm nhau cái nào",0,0,0.2538199486409454
định tag anh vào nhưng chợt nhớ ra làm gì có anh nào 😑,1,0,0.19060569999694824
nhớ không em lời hứa ngày xưa mình bên nhau dưới ánh trăng đã nguyện thề :)),0,0,0.2218219247384993
"sau 15 năm cắp sách đi học và 2 , 5 năm không động đến sách thì bây giờ đang tự hỏi đây là gì sao mà giải được . huhu",1,0,0.27948604232162927
cay đắng và mặn :(,1,0,0.22867506529646586
đm thực tế như này còn hay . tiếc là đéo ở gần mình =)),1,0,0.3306308010393706
tuy chưa viết hết nhưng tao người khác sẽ hiểu là viết cái gì,0,0,0.2521636073745698
lúc tối mày cũng nằm mơ nèo nhà mày về . ước gì nó là sự thật 😢,1,0,0.43285856675782775
per dume đái trong quần,1,0,0.3432891160127904
mắt 2 mí dễ thương quá,0,0,0.17252770053534763
tuổi thơ tôi toàn gặp những thằng mất dậy và toàn đánh nhau với chúng . tuổi thơ nợ tôi quá nhiều,1,0,0.40001568991141484
"nhớ lúc trước có thằng bạn học rất giỏi và đẹp trai , lớp phó kỷ luật lạnh lùng và tàn ác không thương sót ai , ghi hết vào sổ . chỉ riêng mình là có thể giật tập nó để chép bài và đánh nó không thương tiếc mà nó vẫn im lặng , không bao giờ bị nó ghi tên vào sổ . kiểm tra quay phao nó giục bỏ và canh cô đưa bài cho chép",0,0,0.14883760219852726
"muốn hun , muốn ngắt , muốn nhéo , muốn tán vào cái mặt nó ghê , yêu vãi ??????",0,0,0.19773163628102006
mình làm ở sài gòn gặp nhiều bạn ở miền ngoài nhưng thích nghe nhất giọng ở phú yên nghe hay hay sau ah có ai vậy không,0,0,0.18311744155221354
lớn lên sẽ rất đẹp chaiii ??,0,0,0.13590874371262984
dễ thương ha,0,0,0.17607067036303806
nhưng đảm bảo coi cái nào là cười sặc cái đó :)) vì nó diễn tệ đến nỗi nó hay,0,0,0.29775895676663905
xem cả chục lần vẫn thấy hạnh phúc lây với cụ bà 😊 không biết mai sau mình có được vậy không,0,0,0.2021196341714654
cho thơm miếng nào yêu quá cơ,0,0,0.18426859247971228
để được maiz ngắm nhìn nụ cười đó nên quyết định chỉ crush mà thôi :3,0,0,0.21484790502835754
đối với tình yêu thì thời gian có tác dụng xây đắp chứ không còn là phá huỷ mọi thứ nữa . ngưỡng mộ hai ông bà ❤️❤️❤️,0,0,0.20103962503948486
kinh dị v,1,0,0.23400847627463026
hồi nhỏ cứ đi qua chỗ nào mà nhìn từ xa thấy bóng dáng mấy con đuỹ này là chuẩn bị tinh thần chạy chứ nó dí sấp mặt luôn dù mình đéo làm gì nó hết 😂 vừa dí vừa ngoác mỏ hét sợ vãi ra,1,0,0.3975071757006593
"em cũng đi lead này , nhưng đừng gọi em là ninja được không , xin luôn đấy",1,0,0.3101687047720526
sợ vãi linh hồn,1,0,0.22278508434711797
giống ml em tao hồi n nhỏ vãi . muốn ngủ với mẹ nhưng bị tao nịnh nọt bắt lên ngủ với tao :)),0,0,0.29733249034826126
ôi vãi mình lên fan cứng rồi cơ 🤗,0,0,0.2110051279912646
bé gái đáng yêuc quá :))). dth nữa,0,0,0.15171871413767152
hôm nay anh xin lỗi em về những việc anh đã làm hôm nay .. anh không thể kiểm soát não anh được nữa rồi 🤫,1,0,0.422471862355672
từ nay tôi quết định nuôi dưỡng con chim tôi tới già . và tôi mong được unesco công nhận kỳ quan thứ 8 của thế giới,0,0,0.33284226460056165
và đó đéo phải là tao =))),1,0,0.22064245946898145
ngọt sớt :))),0,0,0.13746206561869892
một sinh vật xinh đẹp và hiền lành . tiếc cho nó quá,1,0,0.09751644524809056
sau khi bố xem video của con xong thì bố rút ra 1 điều . bố không chỉ chửi con lúc con cầm đũa mà bố sẽ chửi con cả ngày thân ái ... yêu con,0,0,0.3378472264505165
đẹp quá v 😍😍,0,0,0.1415797965410236
xin đi chơi với bạn ngày tổng kết không cho cứ bắt học miết :)) khá mệt,1,0,0.29805076734494573
cảm động quá hjxhjx,1,0,0.21957890543991876
cuối ngày hình ảnh của ông bà là đẹp nhất ... chúc ông bà mãi hạnh phúc sống thật lâu lâu nhé 😘😘😘,0,0,0.1507973762183041
nhìn đôi bàn tay đã biết phải lao động rồi . chị có lấy trai việt không :)),0,0,0.19645195248884084
là crush ông nào thì chạy ra bế vào nhà dễ dàng có người yêu :),0,0,0.22505609024583537
ngáo cỏ này đáng yêu nhỉ,0,0,0.1419828439692807
ai cũng nói tao đẹp troai . hiền lành nhưng chưa biết lúc tao lên cơn 😂😂😁,0,0,0.2433624585088704
nó mới ghé nhà tao đây :)),0,0,0.18570595532727188
đái mẹ ra quần,1,0,0.3123824180876367
tao ngồi tao khóc 1 buổi ☹️,1,0,0.3317407803819881
ra xã hội rồi mới biết mình còn may mắn hơn rất nhiều người vậy nên hãy trân trọng những gì mình có 😊,0,0,0.2908930983698775
cưng thiệt chớ ????,0,0,0.09611692285549663
ý tưởng hay 😂,0,0,0.26005588127430135
nó thả thính xong nó chạy mất ..,1,0,0.27730937361219204
đang chán đời cắt tóc xong là chán cái mặt hơn chán đời luôn :((,1,0,0.43012039305328026
ai thấy pha cuối phê vãi không,0,0,0.1810230748139556
lo cho thang bé lỡ rớt điện thoại xuống nước thì ....,1,0,0.20660390992030203
tim vỡ nát,1,0,0.2413489258771414
per em hiểu sao anh đưa em quyển sổ rồi nha kkk,0,0,0.24421053800218698
bộ phim truyền cảm hứng hay nhất =),0,0,0.11796330465858125
"mai tao ăn gà , chụp hình bình luận lại cho mày thèm chơi ??",0,0,0.255529979847169
"theo mình thì không nên vì định kiến xã hội quá khắc nghiệt , họ sẽ bị tổn thương và nghĩ quẩn",1,0,0.4022983743977725
"hôm nay ai có vàng bán hết đi , tuần sau mua lại , lời vãi .",0,0,0.1587296979149113
ai hát tao cho tao nge bài này chắc tao say quá,0,0,0.16217098114876918
thằng đoạn cuối mặc áo hồng đang định gải đít nhưng vì thấy rắn nên anh ấy đã hết ngứa,0,0,0.18286035594461086
khoảnh khắc mày nhận ra mày còn đéo bằng 1 thằg nhóc còn trong bụng mẹ :((,1,0,0.36233187407275175
đem người đó ra biển cho biển cuốn đi lun .. hihii,0,0,0.2494445906818717
hên crush nay ăn chơi lành mạnh,0,0,0.1377109929928418
nhiê ̀ u biê ́ n đô ̣ người kha ́ thu ́ vi ̣ =)),0,0,0.17173766121626116
nhiều lúc em di từ từ chưa kịp đỗ đã có n ra bảo không được đỗ ở đây chán qúa,1,0,0.47435127540030414
phim này là người cha zombie yêu thương con nè . xúc động quá 😢😢,1,0,0.18450456803202256
nhìn giống mấy đặc vụ của cia . sợ thế :)),1,0,0.11751242500691043
per vậy cug nghĩ ra được haha,0,0,0.19417135583119866
có lúc ngồi một mình mà cảm thấy lạc lõng lắm các cậu ak,1,0,0.2816658076797194
buồn cười vãi ý,0,0,0.3226399627315106
"gắng , nhanh khỏi bệnh rồi về bên anh",0,0,0.1851034344410378
per giải trí =))),0,0,0.10574530639232238
nụ cười của tôi thiên thần vãi,0,0,0.4013496901649216
per người yêu công sở nè 😂😂,0,0,0.16794270417390364
gd năm nay chán,1,0,0.3582256031067377
chúng ta mất 3s để nói yêu nhau vài 30p để phịch nhau phải không nào,0,0,0.1443891538116394
phim hay thật nhưng cái kết hơi khó hiểu :v chốt lại là đáng đồng tiền bát gạo :v,0,0,0.16508924762371946
em không muốn chúng ta già đi chút nào . điều đó đồng nghĩa với việc cta sắp xa nhau 😔# n,1,0,0.19610067329103145
"khi bạn làm con b sẽ khóc , nhưng khi bạn đã làm cha mẹ bạn sẽ thấy đau lòng .",1,0,0.3034643831987449
ông trời cho mình lũ bạn cờ hó quá ấy mà :),0,0,0.18587227878237123
biết là đau lòng nhưng sao bản thân vẫn muốn biết nó,1,0,0.4316555196216749
có duyên nhưng không có phận ... người ở lại vẫn luôn là người đau nhất !,1,0,0.1941004856016042
nào tao cũng phải thử =)))),0,0,0.16323269264231424
"đỡ mua 5k tiền sổ rồi , kaka",0,0,0.1566623906979664
đẹp người đẹp cả giấc mơ 😊,0,0,0.19906708494448705
per tao cứ thấy giống giống mày :))))),0,0,0.239311186724183
phận làm con trai haizz,1,0,0.23801769719911633
thà chia tay rồi ghét hận nhau còn hơn là đang lúc dang dở thì mất nhau 🙂,1,0,0.2867071279476361
phim xem hay ... nhẹ nhàng tình cảm ... và cười vkl,0,0,0.2315813448151519
không thấy không biết lòng không đau,1,0,0.30454880623852476
"úi sời , gần chỗ mình này",0,0,0.34182046889302925
"từ nay sẽ không cap màn hình ib nưa , thật tội lỗi tội lỗi",1,0,0.1922633760775518
uất quá anh ấy cũng phản ứng cãi lại . hì hì đáng yêu quá,0,0,0.1403812349852384
hahah tao chưa nghe hoàn chỉnh bài này lần nào,0,0,0.24293952351258274
"những người trẻ với tấm lòng nhân hậu , các bạn thật đáng yêu .",0,0,0.10917240176083468
đến năm cuối đại học rồi lúc nhớ lại đéo có gì :)),1,0,0.1455535268667937
đm nhậu say gặp cái cầu lol này chắc tao nằm xuống mẹ cho rồi per,1,0,0.25994279575058243
là nhìn người ta đi cạnh 1 cô gái mà bất lực không thể làm gì ngoài việc ngồi nhìn và mỉm cười,1,0,0.2917666971205167
đoạn phim này tốn khá nhiều nước mắt của người xem,1,0,0.1855810387416804
đọc bình luận cười ẻ,0,0,0.3500894581408992
t có 2 con bạn thân nó thì cao trọc trời còn tao thì ... . buồn,1,0,0.3145541895278212
dẫu hiên ngang giữa đất trời gặp con vợ đểu thì đời cũng xong,1,0,0.22421932263749375
"hahaa , đợi em ngủ chút tí ròii buôn :))",0,0,0.2247149112485269
t định thả sad nhưng đọc bình luận buồn cười vailon 😂 nên thả hahaa :v,0,0,0.3867205708434044
sao nỡ lòng nào khiển trách bác ấy . còn họp kiểm điểm nữa . tội quá .,1,0,0.27607997828369335
t gặp quả này thì bỏ xe mà chạy ??,1,0,0.16170955612635093
"phải nói là hài tàu hay thật đấy , luôn li kì và khó đoán kết quả , ý nghĩa thì thâm sau . hihi thích rồi đó",0,0,0.1968484479217416
"đúng rồi , kiên trì thêm một chút nữa đi ! :v",0,0,0.22862902546589986
ngoài kia ! còn có rất nhiều điều tốt đẹp vẫn còn trên thế giớ này ! hy vọng những điều tốt đẹp luôn diễn ra từng giây phút ..,0,0,0.20321144068603936
đã check rồi lại còn đoán :)) em vui tính giống anh đấy :)),0,0,0.14552273659126044
per cảm ơn mọi người . do em thích mấy cái văn hoá tưng vùng để tìm hiểu,0,0,0.2820289729385082
bé tí mà đã có múi rồi :))),0,0,0.1422958470143803
thấy hơi sợ sợ rồi đấy :(,1,0,0.2293326981428541
nhìn lũ trẻ yêu nhau mà lòng già xao xuyến,1,0,0.08194820105740004
per hồi ở tam kì hay nghe ... giờ nghe lại buồn ds,1,0,0.3050131926577779
"crush đi nhậu rồi say , rồi bị thịt ... hic hic",1,0,0.2527583581993375
lùn lùn làm sao sống qua nổi những chuyến đi phiêu lưu như vậy,1,0,0.18739427591892036
cảm động người thầy đưa học sinh đi làm hồ sơ 🙄,0,0,0.20950004893594415
hôm nay đi qua vẫn thấy nói chuyện thải chảy thẳng ra sông thì bao giờ mới sạch được ... haiz,1,0,0.3281723095388219
tao còn không dám ăn nói chi ruồi .,1,0,0.47763164686738885
việc đớn đau nhất . là nhường người mình yêuu nhất cho 1 người khác 😔😔😔. chỉ vì đơn giản không muốn ai phải đau buồn,1,0,0.27931997288959476
cách xử lý thông minh,0,0,0.2586581045104733
má nó thú dị thôi rồi 😂😂😂,0,0,0.1868727308978312
thì đúng là sẽ không buồn vì thất tình nữa :((,1,0,0.24633547390519356
sợ vãi tè ăn độc 2 quả mọc luôn 2 cái nhọt ở mông đíu hỉu,1,0,0.12307879157458215
"tao thì chưa cắt thì đã đéo có sức hút rồi cắt , bùn vãi",1,0,0.4099887303040039
xui thôi chứ quyền đang hay mà 😢,1,0,0.25850018987119966
một năm đầy biến động và thăng trầm của nước pháp ☹️,1,0,0.3195522862004432
per nhờ mất bạn nên mình mới biết 😂😂😂😂,0,0,0.194670232042769
chạm đáy nỗi đau 😞,1,0,0.304822028302633
"nhìn một cái rồi thôi , chuyện của những năm trước",1,0,0.13388626160353542
không ngờ tin nhắn riêng tư cũng phải kiêng nể nhắn tin để lỡ có bị chụp vẫn thấy chả sao,1,0,0.13914375408551963
mỗi mùa trung thu đến nhìn người ta mua bánh tặng nhau mình lại thấy chạnh lòng ! 😞,1,0,0.0840771936967184
t chắc bỏ nhà ra đi khi ở với bố mẹ kiểu này quá . vẫn may bố mẹ tao không hề giống này tí nào,0,0,0.2693120121663422
per ơi nhột nhẹ kkkkk,0,0,0.21865791396193285
t thề với mày là tối thấy cái này chắc đái con mẹ nó ra quần,1,0,0.2636730609749897
dự là 30 mà 30 sợ già quá chả chó nào nó rước . năm nay đã 26 rồi mà vẫn chả ai thèm yêu 😔😔😔,1,0,0.20641901119964062
nhớ con gái tao quá :((((,1,0,0.1629613755818191
per nhìn mặt cưng gê,0,0,0.19626843645462524
mỗi lần chạy xe ngang kv bình chánh là cảm thấy sợ,1,0,0.21923800272601343
còn gì đau hơn,1,0,0.206604534771082
"mới đây thôi mà đa 3 năm rồi , những ngày chia tay buồn đó :((",1,0,0.2834342785619494
các anh chị hãy nói với em đó chỉ là diễn xuất mà thôi . và tình yêu như vậy chỉ có trong tiểu thuyết mà thôi .,0,0,0.1645193689437579
nhỏ ngầu lớn lên nhìn bê đi =))),0,0,0.10470117293820749
"chia sẻ cho anh em , haha",0,0,0.24744312707091376
per đứa nào nghĩ ra được cái qcao hay vãi ...,0,0,0.2558464041690871
trời ơi tao chóng mặt quá đi :((,1,0,0.2985628198643405
"công ty nào nhận bạn không quan trọng , quan trọng là ai giới thiệu bạn vào công ty 🤣🤣🤣🤣",0,0,0.24743928322571432
tao học nhân sự đây còn đang lo thất nghiệp đây này,1,0,0.18513331514489229
"mình sợ nhất đến bữa ăn mà bố mình vác cái thớt vào mâm cơm , bố mình biết mình sợ vậy nên mọi chiện giải quyết sau khi ăn cơm xong ,",1,0,0.24437769584217425
tôi đã xem đi xem lại 3 lần và xem lại lần hai mới hiểu hết nội dung và thấy hay hơn khi xem lại lần 3 . ai chưa xem hãy vào xem thử 2 lần !,0,0,0.28681805357130635
"cả 2 bà đều mất khi mình nhỏ , không hưởng thụ cảm giác này rồi",1,1,0.523965871169614
per được đi thi chưa babe 😂,0,0,0.13819365361917518
"cảm ơn cha mẹ đã cho mình hình hài này , xin được khôn ngoan để đừng làm đau người khác",0,0,0.25286225039858784
cười lộn ruột,0,0,0.23240800091154573
hôm đấy bổn cung về quê báo hiếu cha mẹ .,0,0,0.19103551256856852
"a nói là anh làm ngay đấy , các chú đừng đùa với anh 😂",0,0,0.10649496247546372
nếu 1 ngày per theo thằng khác và per cũng có bỏ bạn mà đi thôi huhu,1,0,0.18342008415342134
nghe hay,0,0,0.13175287744422134
"khi xưa bị rượt 1 lần mà nhớ đời , còn mổ tao nữa chứ 😨😨😨",1,0,0.3111295156831365
nó sẽ thì thầm tai mày “ dượng đây “ 🤣🤣,0,0,0.4101809819941154
mất bà cái tuổi thơ -.-,1,0,0.390885060453416
"hồi nhỏ đi học phải ngang qua nhà nuôi ngỗng nó dí chạy thấy bà luôn , ngày nào cũng phải cầm cái cây theo . thề luôn tới giờ tao vẫn còn sợ con này khiếp luôn 😭",1,0,0.17903718907548874
"má , dume cười ỉa :))))",0,0,0.21491465548124544
"per đây là thằng con trai vừa đẹp còn có não , mong per học hỏi ! xin cảm ơn",0,0,0.2738799324322754
thông minh vãi,0,0,0.21374366532790448
nhìn mặt là cười phọt rồi,0,0,0.2530415139550152
chắc là vì em .. đi lấy chồng 😥,1,0,0.2161633733821117
nghe lại bài này thấy chột dạ vãi,1,0,0.12859626238516203
dễ thương kinh khủng . bởi vậy mới nói mấy đứa yêu nhau là lầy nhất,0,0,0.1191277720120558
khi đã đổ vỡ hàn gắn lại chắc gì đã được như lúc đầu :'<,1,0,0.2662875976624351
ngày xưa mìh cũng thế . dume thấy mấy ông đứng đầu đường nhòm nhòm cũng phải lượn qua cái :)),0,0,0.14482310946695404
per ê tao với mày mà đi cái cầu này chắc rớt ngay bước đầu quá 😢😢 đã mặp rồi chân lùn nữa đi qua bằng niềm tin,1,0,0.3211415920420107
ae phục vụ ngày xưa của mình đâu rồi . sao thấy thương bạn này,1,0,0.2338642854759836
phim chuẩn chưa này =)))),0,0,0.08089047150415678
t chỉ muốn khoe là tao vẫn được nghỉ 1 tuần nữa =))))),0,0,0.29638645401856734
hi vọng hòa bình ở triều tiên sẽ không còn xa nữa . goodbye ! # per,1,0,0.25357140245116583
có móng tay dài cũng khổ,1,0,0.30959512022099556
sau nay em cung uoc duoc nhu vay ❤,0,0,0.20622923575677843
có đứa nào vừa xem vừa sờ tai mình không ? sợ vãi :<<<,1,0,0.34069725886780017
"tự nhiên nhớ đến hồi bé , đi kiểu nào cũng bị ngỗng rượt chạy té sấp mặt luôn , nhiều khi nghĩ sợ nó dí hơn sợ mẹ đánh",1,0,0.2759191865232858
tao lại sợ mày quá cơ :))),1,0,0.2456094252651565
hay bị giật khô trên đó rồi :(,1,0,0.2880718560988075
"phim hay , nhưng mà lần đầu xem là cùng nyc nên .. 😐",1,0,0.19688974635273976
"em cũng như con chó thôi , nếu anh đủ kiên nhẫn thì mọi chuyện đã khác rồi 😪",1,0,0.28183738572707995
làm công nhân đã khổ rồi mà tụi nó còn nỡ lòng nào hại người ta nhắn tin,1,0,0.308960337937439
ngày trước nấu cơm . đun rơm . đốt được hơn 10p mới nhớ ra chưa cho nước . hỏng cả nổi cơm huhu,1,0,0.14341412261013595
lúc ra hà nội ở ngay phố đào tấn mà không biết chổ này 😢,1,0,0.2546334749780323
má lỡ té xuống 1 cái tao nói lên tắm 8 năm cũng đéo sạch nữa,1,0,0.3878398821017326
tận cùng của nỗi đau 😑😑😑,1,0,0.24922710661477568
chuột mà làm như người vậy .. ít hôm nó gặm cả rắn cả dây thì thấy mẹ ..,1,0,0.2802400091936643
em này xinh vãi các bác ạ .,0,0,0.18498457445480065
ai bảo con trai yêu không nặng tình ? :'(,1,0,0.20075529460721483
tao thì ngược lại .. cắt xong nhìn như thằng trốn trại vậy,1,0,0.31714616283798625
tên thì tất nhiên nhớ nhưng ngày sinh của tao thì ông bà bô nhà tao không một ai nhớ cả ^^,1,0,0.23109897611327962
"nhớ trung thu năm ngoái , đứng nhìn các cặp tình nhân ôm hôn , nắm tay nhau ... chạnh lòng lắm !😞",1,0,0.12032029779227679
thôi mày cố lên . đỡ rồi cũng tốt,0,0,0.23912486662621543
🙄🙄🙄🙄 tao cũng thích kiểu kể chuyện trước khi đi ngủ . cho đến khi tao ngủ luôn . mà đéo có ai hết . buồn đời,1,0,0.2990423876438491
"nhìn 1 cái , cười 1 cái rồi về thôi",0,0,0.25419587448910985
thật chứ thấy bạn nam kia cứu con chó không cần nhìn mặt cũng biết đẹp trai rồi 😆,0,0,0.3587695609776802
:))) mình sướng mà mình không biết hưởng nhìn lại những mảnh đời bất hạnh mình nguối mặt thẹn gấp 100 lần,1,0,0.23767631609099815
oaaaaaaa ...... thực sự rất tạo động lực và niềm tin cho người khác đó < 3 rất thích nụ cười và sự thoải mái tự tin của anh chị < 3,0,0,0.36581903928156095
"per nhà giáo áp lực quá nhỉ , giống làm dâu trăm họ .",1,0,0.2642747131270211
"thường thì người thuận tay trái sẽ bị bệnh này :v , riêng tao thuận vả 2 tay nên chả sao",0,0,0.19117274240676987
trò cười . :v,0,0,0.3251552508574836
tội cho mấy thằng đang xoay tiền mua bánh trung thu cho vợ thằng khác ăn,1,0,0.15595854994960273
tội thằng per vãi,1,0,0.19794769400861253
nhìn con bé thấy cưng ghê chị ơi,0,0,0.15034574348827304
tao cũng ước mình có 1 tình yêu như ông bà ❤,0,0,0.22922265409326353
đi chơi lụm được tờ 2k rách mua băng keo 5k dán lại tờ 2k 🤔,0,0,0.16041083429782726
"các cháu thật tốt , hãy thương yêu mọi người và cả loài vật nhé , may mắn và niềm vui sẽ đến với các cháu .",0,0,0.09758262416604485
per con nhện cản bước bé xuống cầu thang =))))),1,0,0.1820052928142226
"chẳng phải chuyện hài nhưng sao tao thấy buồn cười quá , chắc thần kinh có vấn đề",0,0,0.3756945742770954
đồng cảnh ngộ :(,1,0,0.0820414507268375
con ước mình cũng có 1 tình yêu đẹp như ông bà vậy < 3,0,0,0.20204259976340244
per phải nói là hiền quá hiền luônnn 🤣,0,0,0.16240081205110396
cô ấy hết thương tao rồi,1,0,0.3137487729134766
phải tự cho mình đau lòng nhất thì mới bỏ được,1,0,0.31239361263180304
"đang học sử buồn ngủ , xem cái này tỉnh rụi liền =))",0,0,0.15621909630854286
thớt là gu của tôi :))) yêu quá hiuhiu,0,0,0.11809733416729162
mới có 3 năm thôi mà ... vậy mà chúng ta còn không tụ họp được lần nào cả,1,0,0.2378187367288302
đấy mới là điều càn đó . huhu,1,0,0.16968171234534554
thanh niên leo lên cao để theo dõi thời tiết để thông báo cho người dân đi cấy thật cảm động,0,0,0.09146652506204525
quen với quên rồi thì hết đau thôi mà,1,0,0.20026606372654884
"động lực là tình yêu , gia đình là nơi để về hihi",0,0,0.29566654708995765
nếu chịu khó đặt vào hoàn cảnh của nhau mà sống thì cuộc sống đơn giản hơn rồi đó,1,0,0.16195854377025623
vì bạn chỉ là con trai nắng hoặc em gái mưa thô :(,1,0,0.29645291313078204
"quỷ cái chứ ma đâu mà ma , haha",0,0,0.235438327840541
cười ị :v,0,0,0.3163041262529897
"vãi cả phí , có ... 81 tỷ hoy 😓",1,0,0.2865393955500138
có lẽ vì vậy nên moi thứ trở nên thật khó khăn lúc này :(((,1,0,0.2959982931547107
ai giúp bé với hix,1,0,0.18487870976908186
ôi cháu taooo =)))),0,0,0.16194888937502375
chỉ có được cái chữ đẹp . hihihi ...,0,0,0.2623203521247736
nhớ đến lại buồn . chuyện tình chúng ta chẳng đi được đến đâu cả,1,0,0.18472603207490787
tao lại thích chua lè chua loét chứ :))),0,0,0.25257218989741226
dume đêm ròii =))) tao cười vãi tí hàng xóm qua đánh bỏ mẹ,1,0,0.3850891021272359
gặp tao cũng thế :))),0,0,0.1901637699628586
năm xưa mày cũng ôm gối đứng cửa phòng c như này này per 🤣🤣🤣,0,0,0.44970920114608903
"nói chung thánh này không ai ghét được , trừ hlv kkk , dễ thương gắp trăm thằng pogba ,,, mong cho thằng đó nhanh biến khỏi mu",0,0,0.33289002953424757
per nhớ cái này không bây kk,0,0,0.22076295516303746
"vợ mình cũng thế , mấy lần đắp mặt nạ dọa chồng :v được cái mình chơi game kinh dị nhiều nên đếch sợ =))",0,0,0.2698185424169809
vèo cái đã 7 năm 😕,1,0,0.23321314353104078
các mày trốn đi bọn chủ tịch đang đến kìa 😨😨😨,1,0,0.23758046885587897
kích thích vãi,0,0,0.3637854972912599
tao hiểu rất rõ cảm giác của em ấy ....,1,0,0.38984304674497955
cay đắng cuộc đời 😞 một chút vị mặn của mồ hôi nước mắt,1,0,0.29302027515366613
cãi tay đôi luôn hahhaa,0,0,0.23070362462236965
có hôm tao đang vương nỏ tính bắn vào con họa mi đang đậu trên cành thì ai ngờ nó phản đame đứt thun dội ngược vào mặt từ đó tao không còn chơi nữa,1,0,0.3287983048968869
"per hồi nhỏ bị con đỉ này dí lòi lol 😂, bị cắn bầm đen muốn thúi thịt luôn cả tháng hơn mới hết . mà đươ ̣ c cái con này nuôi nó giữ nhà cửa hay , có nó không sợ ma quỷ gì hết",1,0,0.35285074607376926
nốt hôm nay thui . thui không ngĩ đến và bắt đầu từ bỏ 1 thói quen,1,0,0.22393326785752357
"không biết khuyên thế nào , nhưng chỉ cần bình tĩnh 1 xíu , dù gì thì cũng đừng tự sát , đời người chỉ sống 1 lần thôi ...",1,0,0.4151547446814345
"tôi xin nhắc lại , đây là một câu chuyện buồn",1,0,0.29874233626468244
chưa cho ba mẹ được gì . vậy có quyền gì mà đòi phàn nàn về những thứ ba mẹ đã rành rụng bao nhiêu năm để lại cho mình,1,0,0.24691289517707607
vì tao xấu và chúng nó chỉ thích gái đẹp,1,0,0.12376314315173768
năm nào mà tao chã cô đơn,1,0,0.3672101669040107
"cũng như đàn ông gục ngã trước cô gái nhiều sắc ! đặc biệt là 50 "" sắc "" thái 😂😂",0,0,0.39852187692035507
tui nhớ anh quá à :(((,1,0,0.1877249044665602
tập có lỗi với thằng quay phim mà tao xem ba lần tao vẫn cười đứt ruột,0,0,0.21759538457162414
per mới bắt đầu tuần thánh mà chúa ơii,1,0,0.1880461434545066
hiện tại mình chưa người yêu bạn nam nào chưa có người yêu thì lo cua mình đi nhá đến khi mình có người yêu rồi thì đừng hối hận đấy huhu,1,0,0.18732453709446395
hahaa ngọt vãiii :)),0,0,0.1517079766129932
vl đánh đòn hic :))))),1,0,0.146863361133706
tôi khóc lun ... huhu,1,0,0.36352296194973993
"hồi nhỏ đi ngang nhà hàng xóm con quỷ này dí tao từ ngoài đường vô tới trong nhà tao nó vẫn không tha , ba mẹ tao nghe tao la chạy ra chụp cổ nó quăng ra sân nó mới chịu đi . ám ảnh tuổi thơ 😅😅😅",1,0,0.3952328812305765
moá hồi hợp chờ main thắng ai dè thua bởi cái mông huhu,1,0,0.14148596806261474
nói thật gia lai nói riêng tây nguyên nói chung xưa nhờ vàng đen '' hồ tiêu ' và vàng trắng ' cao su ' mà người dân có dư cái ăn cái mặt bây giờ thì thua rồi bỏ đi tứ xứ .. một thời,1,0,0.27615865544216306
per tôi đợi ngày nhận thiệp cưới của ông,0,0,0.16122548517078977
ngoài mấy cảnh nhảy múa hát hò vớ vẩn ra thì phim hay,0,0,0.15811790216238591
đm chơi mất dạy vãi . tưởng khúc cuối là gì dume làm giật mình 😒😒😒,1,0,0.2854426460749684
quá nguy hiểm,1,0,0.11415462618041589
dume con ế đọc tổn thương sâu con mẹ nó sắc :((,1,0,0.45583505097679355
hoá nhện tỏ tình đấy :)))),0,0,0.13101389055324822
đây mới là công an của nhân dân việt nam cảm ơn bạn nhiều điều tốt đẹp hơn nhé vanew,0,0,0.1145146853044546
per nguy hiểm luôn rình rập xung quanh chúng ta :((,1,0,0.10479178301966857
per coi phim này chắc chết luôn trong rạp 😂,1,0,0.2311820219401645
per :))) không bù cho nhũng người như cta,1,0,0.18534987895905136
ghét nhất mấy loại bép xép thế thôi . nhanh gọn lẹ 😂😂😂,0,0,0.11435632572078289
chúng mày có thể bỏ ra 30s thả tim vào avatar coi như lì xì muộn cho tao được không ? chưa bao giờ được 30 tim buồn v . lol 😭😭😭😭,1,0,0.3095107717052011
:) đàn ông mà nặng tình vãi lol ra,1,0,0.22119734237283903
sợ ngỗng còn hơn sợ chó :))),1,0,0.2066889070549786
per tao thấy mấy ảnh thật đẹp trai,0,0,0.19464618338377557
per người đừng hành hạ tuôi như thế nào nữa,1,0,0.29384296598403437
còn quá nhiều mảnh đời bất hạnh ☹️,1,0,0.2631386149645907
per mệt quá mấy con ơi,1,1,0.5314428230920103
cười vui vãi,0,0,0.3374627995741478
"ai nói kết có hậu , đầu khấc mất vợ tương lai kia kìa",1,0,0.3799094954636499
từ đầu năm giờ chắc chụp 10 lần rồi huhu sợ quá 😭😭😭,1,0,0.25978181158534713
"kết mỗi câu ru con ngủ để vợ đắp mặt nạ làm đẹp , 10đ chồng tốt =))))",0,0,0.1741519434340257
bếp ga hj hj 🤣🤣🤣🤣🤣🤣,0,0,0.17068422981688516
ly hôn cũng phải hoành tráng chứ .. còn phải làm to hơn kết hôn mới được 🤣,0,0,0.34395243224761907
chuẩn rồi bác . :)))),0,0,0.13071836807613216
gia đình ổn tình yêu không có thì cần gì động lực ... kaka,0,0,0.2835118431119721
giờ anh gù lấy đâu ra chỗ ở :'(,1,0,0.3461093656425894
hồi đó khoái cái này lắm,0,0,0.14496409762890883
"chưa nói chuyện thân thiết quan tâm , mới xã giao thôi đã lầm tưởng rồi ấy chứ , haizz khổ lắm",1,0,0.3960606184410663
buồn cười 😂😂,0,0,0.31642711843754157
"muốn em vui vẻ đơn giản lắm , chỉ cần bao ăn bao xem phim tuần 1 lần thôi hỡi các đồng nghiệp ơiii 🤣",0,0,0.19792698670532785
"còn tao nhé , hơi bị ngon",0,0,0.36520921839012355
muốn bảo vệ và chăm sóc người đấy,0,0,0.23219481326145863
địt mẹ vừa đi ép lại kính xong giờ tan con mẹ nó cái kính rồi 200k của bà mày đấyyyyy !!!!!,1,0,0.2988934475889909
đây là video hay và ý nghĩa 😊,0,0,0.11227658571722626
"t thề mỗi lần dọn phòng sn này thì banh kem , pháo kim tuyến . đủ các thứ . khóc mà bụt nó đéo lên",1,0,0.2622209778803265
dịch vụ tận tâm . đáng yêu quá ! : x,0,0,0.1679591576032654
khoảnh khắc nhận ra đồng nghiệp mình is the best :)) nguyễn ngọc thái hiền,0,0,0.09884528310050814
mai đi học mà mình quên cách cầm bút rồi huhu :<,1,0,0.2937883023639313
thật đúng đắn khi đã follow page này !,0,0,0.1986292816032889
tình yêu lớn lên sẽ mang người con gái ta yêu thành gia đình . family is all,0,0,0.1838943947464031
đồng nai mùa chim nướng yên xe kaka,0,0,0.1620707480613513
phần này dù xem lại 100 lần vẫn bật khóc tình cha thật phi thường,1,0,0.18087502817710308
cũng có nơi gia đình khá giả mới có nó !,0,0,0.25811727438221715
cứ mỗi lần có phim hay là xách nhau đi 🤣,0,0,0.11662314852708848
tao thề tao rất sợ ma quỷ nên tao rất không dám xem phim,1,0,0.26133598211034564
- mấy bạn đừng có đổ mình nữa nha 😞😞. mình ngại lắm 😞🤣,0,0,0.178613450485307
sợ vãi =))),1,0,0.15877107408786006
per nguy hiểm quá mày ơi 😩😩,1,0,0.2074974536212424
t thì thik cầu này vãi ... kiểu mấy người năng động thì sáng nào đi qua cầu này cũng vui,0,0,0.26349846454017484
khung cảnh ấy cuộc sống đấy mỗi lần được xem yên bình nhẹ nhàng cực ! yêu bạn ấy,0,0,0.1511273986455123
"đẹp , dẽ thương mà",0,0,0.18267849549721096
"bỏ ghê người ta ngồi ngại đều phải mua nước thoii , ý tưởng hay :)))",0,0,0.1688071907625656
mười mấy năm nữa tao cũng sẽ đạt kỉ lục thôi 😂😂😂,0,0,0.23932587238768463
thanh xuân là để bỏ lỡ 😔,1,0,0.1896090668146307
mấy chị làm chung rất ư là dễ thương luôn,0,0,0.16470839541215476
"trượt rồi , còn đâu mà rủ 😞",1,0,0.18937696153677192
tự nhiên thấy cảm động hic,0,0,0.29202852582660493
ngầu vãi lìn luôn á :))),0,0,0.13321546395704578
cay đắng vãi 😌,1,0,0.21099684332810992
giờ tao mới nhớ tao đã từng :)),0,0,0.1982147271498525
nhìn cái ngành giáo dục việt nam bây giờ ai cũng mệt mỏi,1,0,0.3813373308792229
:( cầu chúa ơn nhiều ban bình an cho những người kém may mắn như vậy,1,0,0.17872774331985264
moá . vẫn nhớ hồi nhỏ bị ngỗng đuổi . đù má tao mới là đứa bé ngây thơ hồn nhiên thôi mà dume tao sợ tao ám ảnh đến bao giờ huhu 😭😭😭,1,0,0.26905405013382355
vk em nó bảo bếp gas các bác ạ 🤣🤣🤣🤣,0,0,0.1470833969390336
xem tới đây dume ứa nước mắt 😞,1,0,0.26843812231655206
an ủi cũng ghen à :(,1,0,0.3822894338146707
không may thụt chân xuống thì sẽ như thế nào nhỉ chắc là thốn đến tận rốn,1,0,0.19468510729744432
"per một thời mình ở bên nhau 😘😘😘😘, nhớ ghê",0,0,0.14170066303860457
thề chứ .. phim nay xem đi xem lại không thấy chán ... vẫn như mớinxem vậy,0,0,0.18584872600555946
họ đáp vì phép lịch sự còn mình vì yêu mà chủ động vì quan tâm mà hỏi đủ điều ..🙁,1,0,0.1394117242663753
hạnh phúc to nè,0,0,0.12989510661215198
"thôi xong , biết thế tém tém lại .",1,0,0.2381948710276614
"ba cái đồ yêu , 1 ngày 2 lần nấu đây , ngon bá cháy bọ chét nhé , thơm mùi khói nữa …",0,0,0.25049612172785574
thân là người yêu mình mong cậu có thể giống được như đôi mặc áo nâu ❤️,0,0,0.33678916185458563
"ngàn cân treo sợi tóc nhỉ , csong mong manh quá",1,0,0.29894555871536055
"năm nào cũng đi cho có không khí xuân vậy , không đi thì thấy thiếu thiếu . nhà tao cách chợ 10km",0,0,0.2071997643221208
":))) ở đoạn đó hồi năm nhất tao "" được "" họ lấy 100k , vì sáng sớm đem duy nhất 100k trong túi , thế là nộp luôn :))))",1,0,0.14995774161965994
dã man quá ..,1,0,0.218843431711026
"èo , ngọt quá đi",0,0,0.1886070843328294
per hay xàm xàm mà zui hè,0,0,0.16451160820878355
giờ tao mới hiểu được hết những gì mà trước đây đọc bình luận tao đéo ’ hiểu 😂😂😂,0,0,0.3444345473195717
không nổi thì mình chìm haha,0,0,0.27715904707543454
thật ra cách quét hạt xốp rất dễ mà có thể các bạn chưa biết . đó là . tẩm xăng những chỗ có xốp và đốt 😂,0,0,0.13617596165757978
đỡ mua cuốn sổ 5 ngàn =)),0,0,0.10407868684445727
chính xác ! nơi làm việc anh em mà đoàn kết với nhau cỡ nào cũng thấy mau hết giờ làm . 😊😊😊,0,0,0.19263178255958663
chuẩn luôn khi ở công tình yêu toàn là các anh chị em đồng nghiệp tốt he he,0,0,0.09246914489108347
"cười đấy , sau lưng nó đâm con mẹ nó dao vô hình cho chết mà vẫn sống nhăn răng luôn .",1,0,0.3147799892350837
nín đi . sang ngủ với mẹ đi đêm nay anh chông chị cho =))),0,0,0.11600712232138638
"1 chút đắng , chút chua cay , với 1 chút ngọt ngào ở đâu đó 😞",1,0,0.3639815889353129
hàng nông sản việt nam là thứ bị cạnh tranh và phá hoại nhìu nhất 😣,1,0,0.1879391501033503
kẻ ô điểm lời phê :((,1,0,0.18645808113145082
"hòi nhỏ nhà ngoại bị rượt muốn chết , sợ tới giờ 😭😭",1,0,0.41460430007529264
người ta chỉ muốn dụ mày rồi xin một trái thận . 😪,1,0,0.3693618201324894
nó cưng quá mày,0,0,0.33406797747092465
đứng tim luôn,1,0,0.15947581412833323
cười xĩu,0,0,0.38113952660148326
tao thề từ giờ đến cuối năm mà tao không lấy được vợ thì tao quyết định sag năm lấy 😊,0,0,0.30546192903988195
nhìn bà cười thấy hạnh phúc quá ❤️❤️,0,0,0.09107171550572024
"per làm ở đâu không quan trọng , quan trọng là vẫn buôn chuyện đều 😂😂😂",0,0,0.16110478370951084
năm nay được nhận hoa và được ngồi nhìn người ta hạnh phúc,1,0,0.1199477119281351
tao muốn mèo nhà tao cũng tìm về được như này 😭,1,0,0.4486137611777356
đã đẹp trai còn khôn 🙂,0,0,0.25009972605197384
hi vọng câu chuyện admin vừa bịa ra giúp các bạn có thêm niềm tin trong cuộc sống 😂.,0,0,0.30778580386880816
lớp chúng mình rất rất vui anh em ta chan hòa tình thân =))),0,0,0.13174091092455092
đấy thấy chưa con người ta khổ như thế,1,0,0.15810956107021565
tầm tuổi này . họ không còn những áp lực cuộc sống nữa . mà chỉ còn thứ tình cảm gắn bó với họ từ những ngày khó khăn nhất . ngưỡng mộ và ước được chút phúc đức của ông bà,0,0,0.34716118269477575
tạm biệt ông cám ơn tất cả những gì ông đã làm cho vn,0,0,0.38615902307887845
per huhu trời ơiii,1,0,0.20661955470037574
lấy ghế ra ngồi thật tuyệt,0,0,0.279516195057417
per không lấy được vợ thì có thể đi tâp gym đêt lấy chồng 😁😁,0,0,0.23929950982746206
ám ảnh đến bây giờ 24 tuổi vẫn sợ ngỗng :))),1,0,0.2969397792165686
cưng v trờiiiiii .,0,0,0.1795108601990947
nguy hiểm lắm,1,0,0.12985718908816404
chỉ tại tôi không nói nên không còn cơ hội,1,0,0.3764431713998932
anh đã mơ về một ngôi nhà và những đứa trẻ 🤦🏻‍♂️,0,0,0.13897030562342794
em ấy còn cười được chứng tỏ em rất mạnh mẽ,0,0,0.30239071810529583
tao cũng phải về mở cho mẹ tao coi 😂😂,0,0,0.22957217531107135
móng này mày ra uống chữa yếu sinh lý với ung thư ... khá tuyệt !,0,0,0.29507543510160644
chuẩn lun,0,0,0.17285496699836916
chỉ khổ thân bọn trẻ thôi đau sót lắm,1,0,0.23768164203147094
per ngóng cuộc đấu tranh công nghệ này . tq đồng lòng ghê nhỉ,1,0,0.19522296848618234
"hành động đẹp chứ sao , đằng nào cũng tiệt kiệm hơn :)) 0",0,0,0.18371744293514228
tao đa khóc khi xem phim này 😭😭😭😭😭,1,0,0.3368586259607559
per tao đã làm cho mày đau lòng nhiều lắm ư 🤔,1,0,0.4723324714713343
có ai luyện mới được như mình không dạ,0,0,0.32857368170398316
cực phẩm luôn kìa,0,0,0.17888187269388744
t ngắm người yêu tao cười mà càng ngắm tao càng yêu lúc giận cơ nhìn muốn cắn cho mấy phát tao bị cuồng người yêu rồi cái,0,0,0.23015870121066317
"thề , coi rồi mà xem lại vẫn buồn",1,0,0.1671551972458091
thằng nhỏ mạnh vãi,0,0,0.12875834942095046
tao sợ thật sự :(((,1,0,0.40195408262156146
lại tạo điều kiện cho mấy chị fa vào thả thính . :)),0,0,0.22333230411829016
per haha sao tôi nghĩ tới em liền luôn á,0,0,0.3779548276821576
vn là vậy . bn công chăm sóc của tao đổ sông đổ biển .,1,0,0.25056281360265703
thật cảm động,0,0,0.25058385582153386
có chuyện gì thê bố . bố đừng làm con sợ :((,1,0,0.24670701329344738
per =))) nó kể chuyện buồn mà cười vãi cười =))),0,0,0.22845698010029128
m nói chuyện cũng cute ngoan ngoãn cơ chứ tao toàn okay anh =))),0,0,0.20496040164841808
"bồ tao cũng đang đi cái này , từ nhà nó lên đây cỡ 2 tiếng mấy và dume nó bảo tao ngủ đi vì nó đi đến sáng :)))))",0,0,0.1597556181771927
nhìn vậy nhớ ông ngoại quá 😞,1,0,0.08726104284668534
xem lâu rồi giờ xem lại vẫn buồn cười,0,0,0.26149155956014025
t không phàn nàn . t sẽ cố gắng giúp bố mẹ có được nhiều hơn 💪💪💪,0,0,0.20472206339983026
không biết crush có thích uống nước mắm không để còn tặng nàng chai nam ngư 900ml :)),0,0,0.20605878740035594
đáng yêu quá,0,0,0.10577092129585178
chính những người như thế họ rất cẩn trọng khi bật xi nhan đấy,1,0,0.16067166528010593
lấy chồng như 1 canh bạc . ko hoa . ko lời chúc không gì hết . pải chăng số ta chỉ được vậy . cô đơn quen rồi,1,0,0.19606308979642473
mai người ta đi học mai tao đi du lịch ố la la =))))))))))))),0,0,0.16769535043233966
bài học rút ra là học cách buông bỏ những thứ không thuộc về mình,0,0,0.1864036290642802
có đồng nghiệp đáng yêuc thì sếp có khó tánh mình vẫn cảm thấy vui rất nhiều . nhớ những ngày tháng đéo thèm tăng ca đi ăn bất chấp,0,0,0.1572701749361108
"anw , vote cho anh vũ",0,0,0.10830033513216959
tự nhiên muốn có con 😐 dume,0,0,0.4820112809056311
nhìn con mắt thấy đau đớn . tội em quá ????,1,0,0.23754417331364747
chỉ cần sống thật với cảm xúc .. với chính con người bạn là hạnh phúc nhất,0,0,0.22304532361392646
xem nà ra chiêu nà gẫy cây nà sấp mặt luôn nà 😂😆,0,0,0.17764543628881643
tội cho chàng trai ấy,1,0,0.1875319393681918
mỗi lần về quê mà sắp sửa đi qua chuồng ngỗng tao phải cầm cây chổi lông gà mới đi được đấy dume . quơ quơ vòng vòng cho mấy đĩ ngỗng né xa ra rồi chạy thụt lol luôn :=]]]],1,0,0.18949703917169727
azz :3 mặt cưng xĩu,0,0,0.29696585216331683
"chờ mãi mà không thấy , cứ thấy trống vắng vãi :((",1,0,0.29540088583597074
cưng vãi ấy,0,0,0.21332446124382784
"nhớ lại ngày đó , làm pg bán giấy , cười suốt ngày , khách chửi cũng cười , mà nhớ thời đó ghê , mới 1 , 2 năm chứ mấy",0,0,0.28634821493174184
tôi làm trades . lương tôi không có .. chỉ có thu nhập thôi có tính là cao nhất việt nam không ??? tháng tôi kiếm từ 3000 - 5000,0,0,0.20366609180632755
tao ở thanh hà và nhà tao không quả vải nào hết 😂,1,0,0.16723432477293956
ước gì có ai để tao tag vào .,1,0,0.37622801828827585
mong ông bà nhiều sức khoẻ . đáng yêu thực sự 😍😍😍,0,0,0.26334572797209427
phim này rất hay .,0,0,0.07480208459099871
ôi trời nguy hiểm thế,1,0,0.18404781755584537
"haha dần dần phải kiềm chế , khắc phục sẽ không đáng sợ không bằng vũ lực hành động mà nói đâu chết đó :)) kaka",0,0,0.47162309962365356
sao mình gặp toàn thằng mất dạy hay bắt nạt mình nhỉ ? tuổi thơ bất hạnh :),1,0,0.26700800949681314
ước gì ba còn sống để làm điều đó với má . nhớ ba ❤️,1,0,0.2681807063813484
tiền cắt tóc như kia đủ mua giày rồi :v,1,0,0.30417096357058176
"per đang định đi chụp , thấy cái này sợ quá đéo đi nữa",1,0,0.23920967813661276
bt mà tao vẫn lạng lách ở đây suốt,0,0,0.24139001054257594
nhiệt tình + ngu dốt là phải trả giá bằng tiền mặt 😂😂,0,0,0.15295127789835233
"má gần nhà có nuôi 1 cặp ngày nào đi ngang nó nhìn thấy nó quay đầu bỏ chạy , con gì mà dữ thấy mẹ hà",1,0,0.174455314749687
bạn trai tao đéo biết giận dai nên không phải dỗ,0,0,0.32978362671713357
hú hồn,1,0,0.19519447048193747
bò ra mà cười :)),0,0,0.23783891863585524
"ai cho mình xin tên phim với , mình không xem được 😢",1,0,0.3639105935571198
per đi tong một năm học ... nhưng vẫn tốt nghiệp ... :(,1,0,0.18413823344773994
ngoài ra còn một số cái buồn nữa . không giải quyết kịp thời thì ??,1,0,0.2737075124123699
cay đắng đến cùng cực và hạnh phúc đến tột đỉnh . chỉ là mình có quyền lựa chọn nó hay không thôi,1,0,0.26134503661932695
ở đâu cho tao làm vớiiiiii,0,0,0.19685346739720874
như con đười ươi :)))))),0,0,0.1736345332574562
coi mà cái tay nó rung trái tim nó đập sợ cái thằng đó té sấp mặt luôn thì không bình thường họa mi còn hót được không :)))),1,0,0.17064479270897137
"ngày em đến anh mất ngủ suốt mấy đêm vì vui sướng , ngày em nói dừng lại nước mắt anh rơi trên đường chạy về nhà",1,0,0.3415536408098233
per nhớ ghê á nha 😂,0,0,0.07178151839469347
cái tháng học sấp mặt luôn,1,0,0.24143620927850223
trên đời sợ nhất mấy con trùn trùn như ri ! nhất là giun đất với rắn !!! đã từng bỏ tiết học sinh học mổ giun đất 😞😞,1,0,0.1740840668586887
hồi xưa còn bị vén tà áo dài nằm lên bàn rồi đánh . chứ quỳ thế này có là gì đâu . giờ mới thấy cảm ơn thầy cô vì hồi đó đã như vậy .,0,0,0.2731526112833459
dume nghe kể mà đau cổ họng vãi :),1,0,0.13508335448002454
"công nhận lãng mạn thật , nhưng tao đang tưởng tượng cái cảnh động phòng , eo ơi ......",1,0,0.20536640457401595
"per bất hạnh vãi , mà tao với mày đéo tạo được niềm vui :v",1,0,0.36406246324914177
nghĩ mà buồn vãi =)),1,0,0.18118422752801966
không biết có ai ở trong ngôi nhà không,1,0,0.2829775637626263
dcm . ngày bé tao sợ nhện vãi . xem phim thấy yêu tinh nhện,1,0,0.12836923487489654
quá nguy hiểm .,1,0,0.11048379631067122
tuổi trẻ tài cao mà :)))))))),0,0,0.097866714574539
"t chẳng muốn phải nói "" suýt nữa thì .."" một lần nào nữa trong đời của nhau nữa đâu ... vì vậy sẽ trân trọng khi người tới .",1,1,0.6288647496080679
nam nhân nhà người ta kbh làm tôi thất vọng,0,0,0.25869350238256006
per mày này . nhưng mà lúc già sắp chết 😕,1,0,0.4086426180312373
cụ bà đẹp lão quá cậu,0,0,0.1547949368274498
per không bao giờ quên được hihi,0,0,0.2625541426540212
per đúng rồi mình đây =)),0,0,0.1813110196554925
năm nay tao không còn cảm thấy cô đơn và mỏi chân nữa ... vì tao được ngồi mát và ăn ké socola of bọn có người yêu 😁😂...# mun 😘,0,0,0.2704447417795858
đm quả gật đầu quả quyết vãi 😂,0,0,0.12708095483476037
"chuẩn rồi . nhiều khi mệt muốn xỉu , xong đồng nghiệp đùa nhau đôi ba câu hay kể cho nhau vài câu chuyện thế là lại vui trở lại 😂😂😂 đồng nghiệp quan trọng thật sự",0,0,0.20503817861262738
tụi nhỏ dễ thương quá,0,0,0.22195341240845026
con bé bị quơ trúng nhìn đẹp như búp bê ấy < 3,0,0,0.20728960218254497
thương em :(,1,0,0.37142573965882947
nó bỏ mình đi rồi mỗi lần nghĩ tới nó ôi sao mà xót tim gan hơn mất người yêu,1,0,0.18921878152611943
tao bắt đầu sợ nó ròi đấy :)) ám ảnh vãi,1,0,0.28125220132695916
nó vẫn luôn hiện hữu xung quanh chúng ta . hãy dùng tình yêu thương đó và cho đi ❤,0,0,0.06647985120097703
thấy tội em thỏ bị ăn đòn tới tấp,1,0,0.21674893254988498
có đủ mọi gia vị :< em thấy vị đắng của sự chua sót quá nhiều :),1,0,0.2563166642100674
"năm nào cả sinh nhật âm hay dương mẹ cũng gọi điện cho mình , bà ngoại trên 80 , bác ruột mình đều nhớ hết 😂😂😂",0,0,0.243763434031611
"chán thật , dạo này hồi xuân hay sao đọc mấy cái kiểu này ấm lòng vãi :(",1,0,0.28791280138151426
tks admin ... tôi muốn tìm phim này lâu rồi mà không nhớ tên phim ... tks admin nhiều,0,0,0.2255513996841474
crush tao mất rồi .,1,0,0.2547932913407621
per xem xong hình như tao mới bị thêm bệnh tiểu đường,1,0,0.4246093804186664
câu chyện cổ tích thật ý nghĩa 😂😂,0,0,0.14898892640889322
"ôi trời ơi , buồn cười quá đi mất 😂😂😂😂😂😂",0,0,0.28703300829135076
vui quá ta ơi ......,0,0,0.19268715603217962
"bởi vì anh đã gặp em đúng lúc , đúng lúc đó em đã có người thương ...",1,0,0.25922103305030564
"tàn nhẫn thế nào , là khi mình trao họ hết hy vọng rồi họ lại dập tắt đi nó",1,0,0.4631425596100794
cỡ nào anh cũng có thể chịu đựng được vì anh yêu em,0,0,0.27809062298616166
"thôi em sợ lắm , tha em bác",1,0,0.400245202370082
"sướng nhờ , bên trung chúng nó yêu nhau toàn sống chung . 😂😂😂 toàn richkid :>",0,0,0.10476338407944907
ngưỡng mộ mấy cậu vẽ đẹp quá,0,0,0.12427502198056563
cảm ơn bạn đã yêu đất nước việt nam tôi,0,0,0.1814385305277685
mình sống ảo quen rồi nên đắp mặt nạ cũng đắp bằng app luôn :)))),0,0,0.14092013439532017
cuteeeeeee 😊😊😊😊😊,0,0,0.20074148660007063
nhưng nó cười với đứa khác không phải mày .... 💔,1,0,0.43625378537331244
per c . bị tinh thần đi xem đi 👻,0,0,0.30426924292087204
vậy mình xin chúc đk n năm tới không còn cô đơn nữa nha kkkkklk,0,0,0.32687498890151556
ấn tượng vãi :v bàn tay vàng trong làng vẩy khế :v,0,0,0.16696509246283286
"học xong cấp 3 , ngoài mừng vì được thoát khỏi đó thì không hề có lưu luyến 1 chút nào :))))))",0,0,0.21632655928736014
tao đang đi phân khối lớn đây . ai cũng kêu nhìn cá tính vãi 😁,0,0,0.13151672105063666
"mới đây mẹ tao giúp tao làm lại giấy khai sinh . mẹ có hỏi "" mày sinh ngày mấy để mẹ làm ""😑",1,0,0.30144734341562757
"công nhận , thời xưa bệnh mà cũng vui vãi . :)))",0,0,0.1707470854164897
chỉ mong ông trời sẽ bù đắp cho con cháu của họ sau này 😔😔,1,0,0.199855587949917
không biết phải mình lúa không . chứ mỗi lần đi du lịch trước khi trả phòng là mình phải dọn sạch sẽ . cứ nghĩ nhận phòng sao thì trả phòng vậy . bị anh chồng la hoài là vậy,1,0,0.28406969426327394
và tôi đã mất đi 1 người như thế .,1,0,0.44457515278934256
nguyễn thị hồng phấn cũng may tao không thấy cặp nao hêtd,1,0,0.26162354527559306
per hãy cứ vững tâm tập điều độ rồi sẽ có thôi,0,0,0.2174927848491596
úi giời khiếp quá !!!!,1,0,0.18326716714413038
sao tao thấy đa phần mấy đứa con trai cắt tóc xong nhìn ngáo đéo chịu được vậy =))).. cười tét cả hàm chứ đùa,0,0,0.27033650225632444
t mà bị như này thì chắc tao chết luôn c ạ 😂😂 per,1,0,0.39576538013308993
per thể loại tao thích nè nhưng mày đi coi với tao nha không tao khóc thét rạp,1,0,0.3592228499875557
giờ cắt bộ móng đi cái tay vẫn cứ bị phế khó mà phục hồi được,1,0,0.21848812786497745
:(( tội bé,1,0,0.21382321967790624
thật là một câu chuyện buồn 😌,1,0,0.2163307221739972
xỉu lên xỉu xuống :(,1,0,0.22744825593149767
vãi linh hồn .,1,0,0.18551273953609188
các cháu giờ lợi hại quá :<,0,0,0.12738490375792527
nỗi đau ấy ai thấy giúp tôi,1,0,0.29246154253468787
per sau này con bư lớn cũng vậy đó mẹ hahaa,0,0,0.23688798205272676
per hồi nhỏ chuyên gia đi ngang nhà hàng xóm là bị nguyên bầy ngỗng nó dí nó rượt chạy khóc la um xùm .. giờ còn ám ảnh 😭,1,0,0.3131265227623862
boss dễ thương vãi lúa,0,0,0.2039939915846516
cảm thấy mình thất bại :((,1,0,0.4585801310676059
bộ phim đầu tiên làm tao khóc thành tiếng,1,0,0.25078124059238655
bá đạo vậy chơi sao lại 🤣,1,0,0.186763552827077
per huhu em không biết phải đi xem phim với ai nữa 😭,1,0,0.269451309072533
gần 1h đêm là con trai mà xem xong nói chuyện mắt vẫn rỡi 😔😔,1,0,0.27848402394595556
mấy đứa chân ngắn qua sao,1,0,0.19208143479039563
hahahaha,0,0,0.2236436665955789
đúng vậy dù có mệt mà đồng nghiệp nhiệt tình vui vẻ là cùng muốn đi hoài,0,0,0.20778830391670597
tiếc là chưa thấy cậu cười ngoài đời bao giờ,1,0,0.3172534599465692
per tao không gửi cho mọi người . tao chỉ đăng lên facebook cho thiên hạ biết thôi :))),0,0,0.28859587253476165
đúng là yêu tới đầu bạc răng long .,0,0,0.12279463278139084
vậy là hên rồi,0,0,0.20420811355042515
per bị phạt 10tr à c 🤣🤣,0,0,0.2636348411387579
mình còn chưa kịp đến :((,1,0,0.3074512829845051
mình không quan tâm giá trị học bổng bao nhiêu . mà tớ q . tâm em đó sẽ dành những gì cho đất nước sau khi học xong thôi . hee . chúc mừng em .,0,0,0.2750361663358757
per trailer không có tiếng thôi mà đã thấy ghê rồi đó !,1,0,0.21071864639077081
"per chồng xem đi , hài lắm",0,0,0.19657328520996437
"cả thế giới biết toau crush mày , còn mày thì íu nhận ra 😐",1,0,0.40805615090700287
dễ thở hơn so với đề văn sáng nay 😂😂😂,0,0,0.14811028533184645
mèo người ta đi lạc về nó còn nhớ chủ chủ còn được đụng nó còn mèo nhà tao đi tán trai có mấy tháng về nhà thấy chủ như thấy ma 😌😌,1,0,0.2206267225562185
"ôi vãi , mày thật bất hạnh vì có lũ bạn như thế",1,0,0.30037935949768346
:))) đồng nghiệp đáng yêu,0,0,0.05363647646113685
gần nhà tao lại chẳng còn sót lại anh nào huhu,1,0,0.32090291003683624
cảm ơn các anh tình nguyện viên .,0,0,0.09055741616287719
hồi xưa tao bị tiêu chảy kèm ho đã sợ vãi . giờ ho không thôi cũng sợ nhỉ . ??,1,0,0.29637867763282877
hoá ra chúng ta không biết nhiều về tình yêu như ta vẫn nghĩ 😢,1,0,0.1678677562436962
nghe bài này đau lòng quá mà,1,0,0.18413039979858536
đáng yêu mà sợ gì,0,0,0.15478037574383158
còn tệ hơn năm ngoái,1,0,0.35070783562778046
gần thôi :))) giờ nhìn lại đề thi và không hiểu sao mình ra trường được :))),0,0,0.2003683238782004
có một sự tổn thương không hề nhẹ ở đây,1,0,0.35807246672494647
"học chán phèo , chả có gì đáng nhớ",1,0,0.2149283688880084
tao thấy dễ thương màaaa,0,0,0.23825357400988922
"mình theo dõi mấy nick quân nhân , tập trận , pccc ... hay vãi luôn á .",0,0,0.1568029860746466
sau khi có vợ anh per đã có đồ giả gái xinh và tinh tế hơn 😆,0,0,0.1823086070354886
giận ngược lại rồi giận luôn chứ có huề đéo đâu :(((,1,0,0.4321243020525262
ấm lòng vãi huhu,0,0,0.27652012798970677
per cười đau bụng luôn 🤣🤣,0,0,0.27506958616049304
"mình thấy sợ mấy con rắn quá trời , mà cái gì mình sợ là mình hay muốn tiêu diệt -))",1,0,0.36883189761828017
đợi chúng nó đang ăn lấy xe cứu hỏa phun nước ôi tao hình dung ra cảnh đó thật tuyệt,0,0,0.22604213594596564
ba mẹ tao chửi tao tao chỉ biết câm họng và bưng tô cơm ra chỗ khác vừa ngồi ăn vừa khóc một mình cho dù biết răng mình k có lỗi 😭😭 !?,1,1,0.5476360915591325
dạ đây là chị gái em nha không phải chồng đâu ạ người trong hình là em huhu ?,1,0,0.23942326934543287
đoạn cuối yêu mún chết,0,0,0.23386877279728904
"tao buồn quá , tao đang khóc !!!",1,0,0.39582066994111953
per đây là chúng mềnh 🤪🤪,0,0,0.13239765466880543
per đóng vai chính đúng xuất sắc lun,0,0,0.18218135658888962
ngày xưa mừn cũng hay thế lắm .,0,0,0.2415991256548544
má hồi xưa về ngoại chơi đi đường bị nguyên đàn yêu nghiệt này dí chạy té đái giờ vẫn sợ bọn nó 😨😨😨,1,0,0.1908709705871166
😑 sao cái kết gì mà buồn vậy,1,0,0.2516640027497848
tuổi trẻ tài cao là đây,0,0,0.12398420714898725
đùa ... cảnh sát việt nam tài thật . vụ gì cũng bắt trong 48 giờ,0,0,0.20959882208257424
"ôi đời vẫn là chịu không nỗi đời mà , chán",1,0,0.3185687559455774
sợ con này lắm :((,1,0,0.34004377333775593
rồi lại im thôi . 200k hay 5tr thì cũng vậy,1,0,0.17763204319065973
nghe mãi mà vẫn thấy hay,0,0,0.1256706210812041
"gập đúng người mà mình muốn thương , muốn yêu , muốn chăm sóc . nhưng thật tiếc khi trong tay vẫn chưa có gì",1,0,0.32909614850424806
tới lúc chia tay rồi khóc :(,1,0,0.28303784253527675
"có lần tao thổi cơm không đổ nước lúc khét mở vung ra mới biết , làm đánh đít xong cả tiếng trời không hết",1,0,0.3431732564957883
bố mẹ cho ta đx tồn tại trên cuộc đời này biết nhận thức thì tự đi lên từ đôi tay của mình nhé 😘,0,0,0.4132333848473192
per nhớ bột mì chiên huhuhu,1,0,0.14142382056489122
chắc hẳn trước kia em bị đối xử tồi tệ lắm nên mới vậy :(,1,0,0.4412014198680338
chuẩn luôn :)),0,0,0.10490830358587663
"giờ bà già lắm rồi , nhổ sợ hết tóc , nghĩ tao lại thấy buồn quá 😞😞",1,0,0.29218260801164997
như kiểu người yêu luôn ấy =))) nhẹ nhàng,0,0,0.10083109660344182
chạy xe hơn 40 ' chỉ để chạy ngang chỗ crush làm nhìn 1 cái rồi về :) đến giờ vẫn vậy cứ rảnh là chạy vô nhìn cái rồi về :),0,0,0.1691643140415774
đừng ai lấy cả hộp kẹp của anh ý nhé :(((,1,0,0.23312922851681303
cuối cùng là hai mình ăn được ngủ được :))) đứa nào cũng lên vài kí,0,0,0.24603412489464083
haha mắc cười quá ... nhưng thật chúng mày là tao rất sợ rắn ...,1,0,0.3901751415758463
yêu nghề chuẩn mẹ rồi,0,0,0.14925427770682564
"tao khuyên mày , bật lên mr . siro lên mà nghe , đời sẽ vui vẻ hơn =))",0,0,0.1423980371096093
per chị ơi còn học được cả tiếng anh nữa luôn này :v hịn quá,0,0,0.176406095753065
"mới xem 1 đoạn xíu này mà cũng khóc hết hơi , nhìn em bé mất bố mà quay ra nhìn lại con mình đỏ hỏn nằm bên cạnh , thấy thương quá 😭",1,0,0.25310705744492706
xem đi xem lại mà khóc sướt mướt 😭😭😭,1,0,0.20007172052245373
t nhớ tao đang xem xxx thì chưa cắm tai nghe 😭😭😭,1,0,0.1910968411342431
< 3 chuyện lạ có thật :))),0,0,0.15728172824009648
ông thần nhây vãi đái 😂😂,0,0,0.20659148400843452
nói chung là ai nào buông tay thì người chết vẫn là mấy đứa con gái như tao 😭,1,0,0.2904941113820092
mày định lướt qua rồi nhưng khi đọc bình luận của các bạn và xem kĩ lại thì mày đã rớt nước mắt 😭😭😭.... người cha thật vĩ đại,1,0,0.3139089030588168
câu chuyện vui ha =]],0,0,0.18413955912289207
tao cũng muốn học vẽ lắm :( cơ mà không có điều kiện để đi học,1,0,0.2713924551374356
21 năm chưa crush ai thì có gọi là ế thâm niêm không hả các bác,1,0,0.16740804649435087
em đừng đi tập gym em nhé . bth em đã mê trai lắm rồi . em mà đi tập nữa chị không biết em như thế nào luôn 😢 per,1,0,0.30910699811823916
giòi béo lắm :)),0,0,0.15709922011884395
lũ kiến ở nhà mày thích vậy .,0,0,0.23985571117579763
thích bài này lắm lun . thuộc lun,0,0,0.17215899885192723
dù chỉ là 1 cây bông nhưng nó là tất cả tình yêu của ông dành cho bà ❤❤❤,0,0,0.13641613521094673
"per đấu nhau to rồi , phen này hay",0,0,0.14353606404125147
chạy ios cho máu 😂,0,0,0.12995717456854045
nấu mì 2 tôm là vô địch,0,0,0.23109158557662188
nghe thấm câu vàng trắng nhưng thực tế là trắng tay thôi nghe mà buồn,1,0,0.357112476720263
ngồi suy nghĩ 1 hồi xem trái hay phải rồi mới nói được . khổ vãi mà !,1,0,0.2858550429692406
nghe kể mà thèm ạ :'(,1,0,0.16124304815634338
cầu trời phật cho đại gia đình con sức khỏe !,0,0,0.31996909987478955
xem lại quá nhiều lần đến nỗi không nhớ nổi . vì phim quá hay và ý nghĩa .,0,0,0.15379763088256887
t tin crush của tao không bị thịt vì tao đéo crush ai cả =)),0,0,0.25722904269435853
hôm qua xem cười lộn ruột,0,0,0.21385435201211211
và ông đã có nỗi buồn mới thay vì buồn thất tình,1,0,0.2082284233047005
giá mà có ai để giận :v,1,0,0.352076127433077
ngộ nghĩnh nhỉ ! lạ lờ nhỉ !,0,0,0.2011689723135383
lúc thì cuốc đất è cổ ra không có giun mà câu cá 😒,1,0,0.1230328717867319
"còn giữ 2 cái đĩa cổ này luôn á , ghê hông",0,0,0.17996393692952456
có 1 đứa hợp tác vậy là cũg quý hoá quá rồi,0,0,0.16705731080020828
tao đã đóng dấu cấm đứa nào rớ vào =)))),0,0,0.26873564926087234
nguy hiểm vãi chưởng luôn ý,1,0,0.14487357792288116
em tìm link phim mà sao nó ra phim khác chứ không phải phim này zay mọi người 😞,1,0,0.18231920007917712
24 tuổi thấy đời đắng và khá mặn,1,0,0.18000985319426324
per coi phim này chắc chết luôn trong rạp,1,0,0.24492994850140176
bán hàng online hồi năm cấp 3 :))) tháng hè ấy đi quanh hạnh phúc để giao hàng với bố . được lãi 4 tr :)))),0,0,0.09245157659321127
cười sái mẹ quai hàm,0,0,0.29919782205036466
"cần gì xa hoa đâu , thế này là hạnh phúc , thấy thương và ngưỡng mộ ông bà quá",0,0,0.16356680125997428
bài nhạc hay khi nó đúng tâm trạng ... nhạc hay !!!!!,0,0,0.19704728482342845
thế là dấu ấn lịch sử và hình tượng thằng gù nhà thờ đức bà của nước pháp đã thành tàn tro :(,1,0,0.16676127548954817
"cậu ấy tán tôi , tôi từ chối . thế là từ đó chúng tôi đéo làm bạn được nữa !!!",1,0,0.41987555581856567
"bánh tráng trộn năm đó ở roai ờ ti , ruột đau như cắt nói chuyện mắt đầm đìa đền thg dưa gang cốc dưa hấu kem chi per",1,0,0.3301528236608644
như chết đi sống lại 🙂,1,1,0.5688063712350496
ai chưa xem thì nên xem 1 lần đi . đảm bảo không phí 3h đồng hồ của các bạn 😃,0,0,0.16461051911074928
đáng yêu vậy =))),0,0,0.09290760929753647
độc mà lần nào đi viện cũng bắt chụp 😭😭,1,0,0.23200993942335865
từ bé đến giờ mình chưa bao giờ xếp được 1 cái rubic nào thế mà cu nhóc kia xếp xong trong vài giây ! xấu hổ quá,1,0,0.2953706094908185
nếu ai cũng có ý thức tốt đẹp thì đất nước này còn gì để nói . đâu có ai hoàn toàn hoàn hảo đâu bạn . dù là moi tần lớp,0,0,0.1826780383382582
mày xinh thế ? tao ốm tí đã xấu hoắc,1,0,0.2755300345158474
một cái tết nhiều tiền,0,0,0.17850750002331767
per cách này coi bộ hay nha 😂,0,0,0.17389681086570677
đừng có thấy 6 múi mà ham nha nha 😂😂,0,0,0.10077871968999357
cái ông aamir khan đóng phim nao cũng hay và ý nghia het,0,0,0.1576781204218451
ở đâu cũng có người tốt nè anh kkkk,0,0,0.1735080640951066
lại mưa 😞,1,0,0.395928959446455
xong là phê lắm mày,0,0,0.2795475239066665
bên aeon hay thật đấy =))))),0,0,0.09960152257415095
không có bạn trai ... thì giận ai 😑😑,1,0,0.35305079597301325
chia buồn cùng khổ chủ,1,0,0.3368936798409916
"quan trọng là lòng tin , bạn bè mình một số người mình đã mất lòng tin thì đừng bao giờ nói chuyện tiền nong . khâm phục anh",0,0,0.21218229022796153
thật khó để có cả 2 khi chúng ta còn trẻ :),1,0,0.09380420150706525
phim ấn thì của lão amir khan là hay vol,0,0,0.10658276571629396
ừ mỗi lần thế lần buồn kinh lắm mày ạ,1,0,0.49205835402121373
cảm ơn . anh .,0,0,0.15614624140176553
per kết truyện chất ghê :)))))),0,0,0.11766254283049378
chúng mày đã bao giờ bị hất cả cốc nước vào mặt vì mặt không bao giờ tươi cười niềm nở chưa ?,1,0,0.4097662447403524
t đã soi gương suốt ngày chỉ để gặp crush và ngắm nụ cười tỏa nắng của nó,0,0,0.27624421003701227
chẳng đủ dịu dàng để níu bước chân anh,1,0,0.1863085301966133
rủ được crush đi thì không cần qua đây nữa rồi admin ưiiii :(((,1,0,0.21612468143959637
per nghe lại buồn vãi,1,0,0.24754382337653646
"bọn nó nhỏ mà đã có người yêu , còn tao thì ế :((",1,0,0.17615090033905545
"người đàn ông ốm đau nói với vợ mình :” ở lại với anh ” rồi cầm tay bà . đó là tình yêu , vỏn vẹn 20 năm ngắn ngủi . tình yêu bố dành cho mẹ",0,0,0.22341959285178697
tao ám ảnh việc lau sàn,1,0,0.3678734385162217
ra chỗ khác sóng không tới viết đi cậu :((( nhìn buồn vãi,1,0,0.2027487420746772
nhói lòng lớp tôi,1,0,0.2722386986908231
nhìn ma tiếc từng hạt trân châu,1,0,0.18379512010340204
năm nay vào quán net ngồi cho đỡ phải nhìn .....☺️,1,0,0.2427281766564652
per sợ ghê bây .,1,0,0.278488217989253
tao coi xong tao khóc .,1,0,0.34531339625975643
tao nhiều tài lắm .. nhưng tài sản còn cái mạng què và đôi tay trắng 😭😭,1,0,0.38634589442057654
"per 😥 cảm thấy tội lỗi quá , từ nay không chụp nữa thiệt luôn",1,0,0.18042174633355354
đã biết là thế nhưng không còn cách nào khác :(,1,1,0.5363703421346668
chưa bao giờ bắn trúng 😬,1,0,0.2438871471943121
đăng khoa lê lò dầu của mẹ nè anh 😘😘😘,0,0,0.2692964721182001
per phim này thấy trailer hấp dẫn ghê 😁,0,0,0.1581598050399707
bó tay luôn á,1,0,0.1665910485565062
"hai đứa chia tay , tao nhảy vào .",0,0,0.42996182009711
thương nhau còn chả hết dỗi nhau làm chi 😂,0,0,0.18356440605765234
"ôi thôi , cưng quá :v",0,0,0.22330982938199678
đó là một câu chuyện buồn,1,0,0.2356974180317231
"động lực là lo được cho gdinh , tự chủ bản thân",0,0,0.3867687511509274
"buồn cho những ai thờ ơ , vô cảm trước một sự việc như thế .",1,0,0.29713835584383247
cuối cùng tao cũng được xem hết mấy cái video mà trước đọc comt đéo hiểu gì 🤣🤣,0,0,0.21996852963072897
đọc tin nhắn đầu thấy cay cay ngay mũi,1,0,0.2534927923275444
chỉ dân đen là khổ thôi . chả trách được họ khi cố gắng đi tìm may mắn ở nơi chùa chiền,1,0,0.28440878368562633
tinh trùng của người ngoài hành tinh thật đáng sợ 👏🏻👏🏻👏🏻,1,0,0.3881986034233408
haha :))) nãy giờ mấy tiếng rồi mà các bác vẫn còn căng :))),0,0,0.13339700029382476
chút mua ... hehe,0,0,0.27809333296658423
ra sông mò đồng xu cùng ông anh hàng xóm được khoản kếch xù :))),0,0,0.22626206352719272
cái chứng minh hình kia dễ vãi . cứ vẽ hình lên bài xong người chấm điểm người ta thấy là biết chứ sao :)),0,0,0.1950962840148489
thế này lại thành xây nhà cho nhà hàng xóm rồi 😰,1,0,0.25917529950685597
tôi từng trách bố mẹ sao sinh tôi ra trong hoàn cảnh này,1,0,0.30147704881138265
em xin lỗi anh,1,0,0.3815144165132959
"đến cả khi nó nói thích mình , 1 phút sau nó lại nói chỉ trêu . mệt mỏi",1,0,0.45568093539034416
mày nói thôi mà tao nghĩ cũng thấy buồn rồi :(((,1,0,0.40763690544472064
tao ghét và tao sợ nó,1,0,0.31116509814573623
buồn hơn thế là đối với 1 đứa con gái năm lần bảy lượt chủ động ib họ nhưng vẫn bị xem thường ... xem mà đéo rep ... hết thương là vậy ... 😞😞😞,1,0,0.33266335166600636
đúng là nói thì dễ hành động không bao giờ làm được ))),1,0,0.21348321631752717
add cứ khoe đi . mai lại chặt hết như nguyễn trãi mà 😂😂😂,0,0,0.15614489423029437
cả một bầu trời đáng yêu :))))),0,0,0.15584465976424033
đến câu nào có đáp số quen thì khoanh :)),0,0,0.16320943733226828
hoan hô . công nhân đâu phải trẻ mầm non,0,0,0.1630916786863949
hỏi sao bác sĩ hay bị người nhà bệnh nhân chém :)),0,0,0.1913578074715502
per nguy hiểm vãi,1,0,0.1399925791771845
nhìn thôi cũng đau lòng :)),1,0,0.17711921705550226
tao bị quỳ cột cờ mới ác . cả trường biết mặt luôn . nhục vãi,1,0,0.2599287957860879
per sau hôm sinh nhật là có cái này . ngon vãi,0,0,0.19232384324303042
per đúng chất em lun hâha,0,0,0.22016999350381486
thích mấy đứa này,0,0,0.20146183000591536
viết tên anh trên cát cho sóng đập nát cái matlon anh :)),0,0,0.21178492631230939
"má .., ruồi bay qua táp chết tươi :)))",0,0,0.22862154005325042
"tao có một nỗi sợ khác cũng khá giống con yêu tinh này đó là con yêu nghiệt ngan đực :3 con này thành tinh hung ác vãi_chưởng , đi ra vườn đéo làm gì nó , nó cũng rượt mình . đậu ! đó là tao kể ngày bé thôi =) chứ lớn lên tao biết vơ cây củi theo để đi ra vườn rồi =))",1,0,0.28763670629874605
"ai mang đồ ăn cho anh ấy đi , kẻo đói tội nghiệp",1,0,0.20674417133742462
vì mình chỉ là giờ giải lao trong một hiệp chơi chính của họ,1,0,0.24272906508029943
sắp có thực đơn món mới 😍,0,0,0.26638501899322353
tình yêu cha mẹ dành cho con cái là vô điều kiện . mình đã khóc,1,0,0.21382851784849655
cơ mà tao bị thần kinh thật,1,0,0.36204304682019633
hay cực,0,0,0.1697678232031147
má tao coi mà cứ sợ nó bay ra 😌😌,1,0,0.25473568578568195
hãy cười thật tươi để cho cuộc sống của bạn trở nên thật tuyệt vời 😁,0,0,0.2450010920017788
hơi bị nhanh trí :)),0,0,0.18771049397303805
thô nhưg thật :)),0,0,0.21644929835289797
nhớ lúc trước tao cũng có học quyền và múa tứ linh đao bay thẳng vào trán . :),1,0,0.10977612062761875
còn chả có ai nói chuyện thân thiết quan tâm đến tôi :<,1,0,0.3821312095020871
tao cũng có 1 con đi lạc 1 tuần xong nó về bắt cho tao 2 con chuột làm tao mất ngủ xong hôm sau nó đi tiếp 😞 tao mong nó về lắm 😞,1,0,0.4214921034225739
"hôm nào đi học về cũng phải đi qa , nhà nuôi lũ này ở đỉnh dốc , đi học về tới chân dốc thôi là nghe lũ quỷ đó đứng đầu dốc đón đường bọn tao rồi . méo đạp xe lên dốc nổi , dắt xe lên dốc mà muốn vứt mẹ cái xe đạp để chạy lấy thân cho rồi :((",1,0,0.25549113733227924
dễ thương quá,0,0,0.17794802662170972
dm ông cầm cam cho cẩn thận vào tôi cũng muốn ngã mẹ nó rồi này,1,0,0.49952470651040454
con nào cũng là con nhé . con trai tao tập từ nhỏ đã biết tự lo và phụ mẹ rồi :)),0,0,0.2778773615846741
người ta thật thà phết,0,0,0.1292096721594641
bị từ chối rồi,1,0,0.3937878083969425
ngày xưa cũng vui lắm mà giờ mỗi đứa 1 nơi rồi,1,0,0.2435503237712428
nghe tình vãi =)))),0,0,0.1117088816422295
"3s để tôi nói tôi yêu em và cả quãng đời còn lại để tôi chứng minh lời tôi nói :"" tôi yêu em """,0,0,0.3171349020162873
mình bình luận chủ yếu muốn khoe mình là fan cứng thôi :)) các bạn không cần để ý,0,0,0.23163234448614925
"gặp một nhà nuôi 1 con chó với 2 con ngỗng , trời ơi chưa kịp vào nhà , con chó còn chưa sủa mà con ngỗng đã đuổi chạy vắt chân lên cổ rồi :'( nhục",1,0,0.3034134677772764
câu chuyện của mày làm tao buồn quá,1,0,0.38064144049528276
"per này , thích thì xem cho đã con mắt đi 🙁 đáng sợ quá mà",1,0,0.3663667790758211
mau khoẻ nhé :d,0,0,0.16922990816980182
công nhận chữ đẹp . 🤧,0,0,0.14300613190567307
nhìn mày thế kia đến tao còn thích ngủ cùng huống gì em mày,0,0,0.44750388246785905
"thiện tai , thế giới này khi nào mới được yên bình",1,0,0.3843658330559108
làm tao liên tưởng đển phượng hoàng cổ trấn :))),0,0,0.12866122473701994
tiền nhiều để làm gì ? để rồi lại chia ly,1,0,0.28441607600149404
điềm báo gì đây,1,0,0.1858678825909474
per huhu mất đi đồng nghiệp 😭,1,0,0.15442487460866416
chẳng những hư xe mà còn bị phạt nặng nữa,1,0,0.4409808391369795
nhất là lúc 16h chuẩn bị đến giờ đá bóng . chất rơm đầy bếp cho nó mau chín 🥰🥰 yêu quá thời đó,0,0,0.18360016014589894
bắt ve cho nó điiii . trông khổ quá,1,0,0.16720493201866385
khi nào mình già rồi cũng như v nha per kkkkkkkkkk,0,0,0.2201578606882603
những người có tài như này công nhận giỏi,0,0,0.1776069046283561
😞 đó sẽ là những kỉ niệm thật đẹp,1,0,0.07994730770081875
tao bị biến dạng luôn một tay,1,0,0.3055961982306838
chời má . ngọt chết tao rồi :)))))),0,0,0.3096712724291882
chạy ngay đi 😱😱😱 sợ quá .,1,0,0.16705279422439462
"nhìn cảnh 2 bố con hôn từ biệt , em bé cũng rướn mặt theo hôn bố mà chảy nước mắt , em bé như thế chắc không biết diễn , đúng là cảnh đẹp quá",1,0,0.2076826677563671
rất tiếc em vẫn chưa gặp được anh :((((,1,0,0.18867576484048199
"e ấy đang khóc , nhưng vì hàm răng không thể thụt vào nên mọi người nghĩ là em đang cười :))))",0,0,0.28188842669140646
per thì tốt nhỉ quá đỉnh luôn ... nhưng không biết được trọng dụng không nữa buồn quá,1,0,0.3514652133487191
"cấp 3 , đáng tiếc nhất trong thời học sinh ^^",1,0,0.16204690462290117
đm nhìn ngầu vãi,0,0,0.13757163788328763
em đang ở đâu mà mấy năm rồi chưa thấy xuất hiện :),1,0,0.1405807619594504
phải chi có người để giận mình nhỉ :(((,1,0,0.2949587215220658
dễ thương vậy,0,0,0.20403234861899028
vào sg 50k / không cũng mua . 100k / không cũng mua ! ha ha,0,0,0.1793760704817945
"tao cũng là người cuối cùng ra khỏi căn phòng ấy , ngắm nghía lần cuối rồi rời đi , khép lại 3 năm đẹp nhất của đời người . tao không khóc nhưng trong lòng rối bời , muốn ôm hết all vào mình .",1,0,0.48623934505460653
14 / 2 năm sau tau sẽ là ông già cô đơn ....,1,0,0.20581949377557038
"ra đi là lựa chọn đúng , ở lại incheon để gánh team làm gì cho mệt ra lại bị tiếng xấu .",0,0,0.38773608415300287
"ôi dume giật nảy mình , tí thì rơi điện thoại",1,0,0.22658146069835344
hiện tại cảm thấy hạnh phúc khi môi trường làm việc toàn người lầy ....,0,0,0.17892317816886819
k cần biết nội dung ... nhìn mặt con bé thoy muốn cưới về cho con trai mình ngay rồi 😂😂,0,0,0.19104341170328207
vụ này chắc xử nhanh hơn vụ trong thang máy .... 😂😂😂,0,0,0.19037964623183967
"đặt mình vào vị trí của nhau , biết lo lắng suy nghĩ san sẻ cho nhau vậy là đủ rồi . có quá khó không ?",1,0,0.24214034996185563
per mã mẹ biết hôm qua quay video sớm hơn ự,1,0,0.1451421129183506
"cả phim trừ anh dv chính ra thì thấy anh này là đáng yêu nhất , dù nhìn hơi hâm hâm tý",0,0,0.08328456611113426
may mà không mua laptop này không thì ăn lìn lâu rồi :(,0,0,0.21640783621807605
câu chuyện của em làm anh cảm động quá …,1,0,0.22545194238541308
ý tưởng hay,0,0,0.29615326991798013
"xem mà đau lòng , đau lòng nhưng vẫn xem :((((",1,0,0.35395073780806646
con dựt gái đây sao hahaha,0,0,0.23778771190031198
thế hóa ra nguy cơ trầm cảm của tao cao lắm,1,1,0.5002750744091505
có ai thừa biết nó sẽ nhảy vào điện thoại nhưng cuối cùng là vẫn giật mình không 🤣,0,0,0.2942574490559053
per nghe chưa nhân viên mới ... kk,0,0,0.17750556719417213
đáng yêu vãi =))))),0,0,0.10339591778856164
nó bể 1 phát lúng tới cổ dume tởn tới già,1,0,0.12141764722753076
cảm ơn những người thả 😡 nên mình biết là đéo hay nên mình đéo xem . may vãi,0,0,0.26891099039482813
đồng nghiệp nhắng nhít nhất hệ mặt trời =))),0,0,0.11043113045483784
giống thằng này vãi :))),0,0,0.15797806786070917
lò xo chắc giờ không còn nữa rồi,1,0,0.2868177117908799
đơn giản là thấy họ cười 😂😂,0,0,0.24122838615687817
hú hồn lon vẫn còn,1,0,0.17443796199010517
"diễn còn cứng quá à , kiểu biết rồi mà còn giả bộ bất ngờ :))",0,0,0.13920064799319892
công nhận nó phê như vậy thật 😂,0,0,0.11471210712728071
per đã hiểu sao hè năm ngoái có quả lịch học vãi chưa =)),0,0,0.14751991666282932
chúng ta nói với nhau nhiều quá nên bao giờ không còn gì để nói với nhau 🙂,1,0,0.17038977014061973
hôm ấy tao chân ướt chân ráo từ quận 6 lên quận 3 cũng rẽ trái đoạn ntmk và cmt8 . mất 3 lít :( khôn hẳn ra,1,0,0.22430690285628962
rồi mấy đứa chân ngắn đi chắc dập người hết . bay qua sao nổi =)))),1,0,0.1625500323932928
vui tính tí cũng khó cơ,1,0,0.17210559239887152
"dân vũng tàu có khác , toàn người nhân cách cao",0,0,0.12248688757411261
"dăm ba cái thể hiện tình cảm này ngày xưa tao đầy , nhưng từ ngày cưới xong đi qua đường chắc chồng tao rơi mất não nên chưa thấy lặp lại bao giờ . 😌",1,0,0.32671004465702985
chưa kịp đặt chân đến chiêm ngưỡng nó ...,1,0,0.16235171209050125
per thế đéo nào mình chơi với toàn gái mà tính vẫn giống con trai . _ .,1,0,0.22750812632579723
đã sợ rồi .. cố gắng hí mắt để xa ra để coi như thế nào .. khúc cuối hết hồn dục luôn cái điện thoại :))),1,0,0.25303047035755555
per xem đi haha,0,0,0.2060699909195104
chỉ mong có người đến cuối đời vẫn yêu mình như ngày đầu tiên ❤,0,0,0.23013423716856315
per viêm màn túi cấp nghiêm trọng,1,0,0.1369136368108907
chiều mưa hứa tự sẽ tự đi mua đôi giầy mới 😂,0,0,0.3188530373819544
vâng em gặp anh rồi mà giờ đây em vẫn cô đơn đi lang thang tìm những thứ vô nghĩa lấp vào nỗi cô đơn ấy,1,0,0.3639068191910143
mình cũng một thời gắn bó với nó,0,0,0.3308549970029625
nhện thông minh quá per,0,0,0.1994620597046863
mình thiì chưa năm nào được trọn vẹn,1,0,0.2907747045462665
số hưởng rồi tránh sao nổi :d,0,0,0.21764076672070548
ước mơ nhỏ nhoi của tao là được làm chị mà không thể nào làm được huhu,1,0,0.36508706859406453
cô ấy không yêu tôi,1,0,0.20497686838042115
tạm biệt ông 😢,1,0,0.41077736353734073
nguy hiểm thật ... suýt nữa tao ảo tưởng con mẹ nó luôn rồi ..,1,0,0.4016919790155389
"nhà tao bên cạnh phòng tập gym , lúc trước bán dụng cụ thể thao ế vãi ra , nợ nần chồng chất ! từ ngày chuyển sang làm đại lý dầu ăn , gia đình tao phất lên trông thấy !😂😂",0,0,0.21906073305226667
per hồi đó mua điểm đại học nè 😂😂😂,0,0,0.11458973098583304
nó lại hợp lí vãi,0,0,0.16871471890757841
"per hihi học ở đâu không quan trọng , quan trọng là bọn mình luôn có nhau hihi",0,0,0.14841716409735606
"may công an đến bắt chứ không thì dân chỗ đó cho vào nồi cả rồi , đã có người cắt cử nhau đi mua giềng mẻ rồi đó chứ 😆",0,0,0.2537825028042993
"eo ôi thằng nhóc áo xanh cuối cùng , sao này lớn lên chắc là sói ca haha",0,0,0.21009083461806463
"thôi bảo em gái xuống ngủ với mẹ đi , còn em percó sợ ma không ? thì ngủ với anh . hehe",0,0,0.3044499889890679
càng thân thiết khi quay lưng càng đau lòng .,1,0,0.27147412837848434
per nhìn đẹp thiệt mày,0,0,0.18127142544703756
😭😭😭 sinh lão bệnh tử hẹn gặp kiếp sau,1,0,0.2701173938315281
nghiệp hơi nặng nha !. làm hết hồn,1,0,0.22715437774204772
đúng là khổ trước sướng sau thế mới giàu =))),0,0,0.16790759602554198
nt thêm cái dạ vâng thấy quý vãi,0,0,0.21185965191071227
"200 năm xây dựng , tồn tại 800 năm , thật là tiếc cho nước pháp .",1,0,0.35352994821011935
hú hồn chim én :)),1,0,0.12608324272070917
đừng bỏ tao ra đi mà,1,0,0.2381617536028475
"gặp tao , tao ré cái hoảng mất :(( đáng sợ qué",1,0,0.4286721167277283
tự nhiên mình xem và mỉm cười theo .,0,0,0.2574507337258922
cái máy này có thật thì bọn chính trị gia sẽ ăn cứt hết 😂😂,0,0,0.23979673521116185
per hãy cảm ơn tao đi hâhah,0,0,0.2513714116548595
chú nghĩ cháu rất giỏi văn và là người có suy nghĩ trưởng thành rồi 💐 rất đáng yêu và tếu giống mấy con giặc nhà chú ❤️,0,0,0.21157469733337303
cần lắm nhiều vụ ly hôn như thế 😂😀😀😁🤣🤣,0,0,0.42144624473736625
cái đoạn nướng cháy pizza để phốt công nhận là chuyên nghiệp thật :),0,0,0.090788901879792
và mày chợt nhận ra người yêu củ của mày có người yêu mới huhu,1,0,0.11636820722594592
"con bé xinh nhờ , khốn nạn là cái thằng edit video ý :)))",0,0,0.11446047832255647
đây chính là lý do tao giảm cân toàn thất bại,1,0,0.35951564446852774
chưa bao giờ còn yêu nhiều hơn thế 😍😍 bởi cha mẹ cho tôi tất cả,0,0,0.26451765697185875
"giờ nghĩ lại mới thấy vui thế , đến nay bạn bè lập gia đình cả rồi :(((",1,0,0.31457760159226794
per đồng nghiệp tốt giúp ta dễ vào nhà thương điên kkkk,0,0,0.10608583798148269
thằng nào chưa bước vào quán bar hay karaoke giống tao không 😂 trai ngoan điểm danh 😄,0,0,0.25091807045202674
per đưa anh nè không cần năn nỉ . chỉ cần em cởi hết đồ ra thôi . đúng không,0,0,0.21566758269825698
tuyệt vời . aeon mall có khác,0,0,0.13781132972202192
trải qua một cuộc bể dâu . những điều trông thấy mà đau đớn lòng,1,0,0.282605974227198
hè về chỉ thích ăn cái này .,0,0,0.24457176065586556
tư ̀ hô ̀ i ba ̣ n â ́ y chuyê ̉ n trươ ̀ người thi ̀ chă ̉ người co ̀ n ai đô ́ i xư ̉ tô ́ tao vơ ́ i tao như vâ ̣ y nư ̃ anh . :(,1,0,0.2478289358491944
"mặt đúng kiểu , em hiểu cảm giác phê của anh không kkk",0,0,0.33567943699656966
thỉnh thoảng lại xem lại phim này quá hay và ý nghĩa,0,0,0.2448366917520143
tận cùng của tan vỡ ah có biết là gì không ?,1,0,0.12379100409116962
không muốn huhu,1,0,0.3084647648313497
đầu năm chúc đại kỷ nguyên vạn sự như ý nhé,0,0,0.10461467969539985
loài này bé như ngón tay phàm ăn lắm sợ luôn,1,0,0.25455923824019794
rút kinh nghiệm năm ngoái 😂😂😂😂😂👍👍👍,0,0,0.13412985074740041
trông tội vãi,1,0,0.1613186715184974
yêu dã man kkk,0,0,0.17038128520238616
nước mình chả í thức gì cả xả rác bừa bãi để trôi rác đầy đường thể này thật buồn,1,0,0.14606447990548382
nghiệt ngã hơn là phi hành gia đéo tuyển mấy đứa lùn :((,1,0,0.22233764314131804
kiểu gì chả chết ? đá to như kia thoát sao nổi ?,1,1,0.5857926516486666
per 2 ly trà sữa bạn làm rơi mà chưa thấy bồi thường lại mình 😞,1,0,0.2153560252439119
cái này thì ai chả đau lòng trời,1,0,0.41086086218752915
mày làm tao buồn đó per ??,1,0,0.3734020546741202
tao không sợ đi làm mệt mỏi tao chỉ sợ không có niềm vui với nó,1,0,0.48064803744597523
tao đã khóc khi xem phim nay,1,0,0.22527018184928002
mong manh dể vở 😂😂,1,0,0.29001115502400926
"chúng ta hầu như ai cũng dùng đôi mắt bao dung để nhìn một người xa lạ , mà đối với người thân bên cạnh lại chỉ nhìn thấy khuyết điểm mà thôi ..",1,0,0.1586858554941424
ewww mình chẳng giữ được gì huhu,1,0,0.3395150642287906
nhìn nó cưng quá,0,0,0.14120684785946921
mẹ thằng này nói tiếng việt tốt thật lại còn nói được cả giọng phú yên nữa chứ,0,0,0.23391075378100243
tiếc quá ! nguyên nhân,1,0,0.14114952480552
con mèo đág yêuc quá 🤣,0,0,0.3066767633653082
khổ thân em ý .,1,0,0.3820904597215159
cưng quá mà,0,0,0.2098664548638863
per sao tội vạy em,1,0,0.26849635146765227
"per :))) tuy anh hay bắt nạt , giấu đồ và ăn bòn đồ ăn của em nhưng nếu thiếu anh thì công việc sẽ trở nên căng thẳng phết đó 😭",1,0,0.20430427738243978
má như người yêu ??,0,0,0.13975737468871213
chỉ để nhìn cái thôi :)),0,0,0.10836076556704198
có người đến gần cuối đời rồi vẫn còn khổ ! :(,1,0,0.3203780014611897
ôi gu mình !! mà phim lâu quá rùi giờ mà đóng lại bản khác thì không biết sao haaa,0,0,0.1862117862384925
kinh khủng,1,0,0.1946536260533692
c trai như thế nào tuyệt chủng rồi :),1,0,0.2587302727373857
tao cũng đang là con ghẻ của tạo hoá,1,0,0.34374619433458103
lấy ống hút mỗi đứa cắm xuống mà hút thôi :)),0,0,0.23592852118243227
sau khi đọc bài của mày tao cười nhiều quá và gãy mẹ hàm cái à,0,0,0.2908053740758968
mệt vãi .. mà cừời cũng vãi ??????,0,0,0.24072230363447308
đã từng nên tao hiểu cảm giác ấy . vừa tiếc ly trà sữa vừa phải lết xác đi giặt cái balo,1,0,0.37507198989638496
tạm biệt ánh sáng của đời tao,1,0,0.4029399838286659
đau bụng vãi hix,1,0,0.20743499634753357
"ai cũng chỉ muốn cho con tất cả nhưng vì được không có mà thôi , có con thì mới biết lòng cha mẹ",1,0,0.49339205641841666
"nhớ quá , độ chục năm không đi soi ve rồi :((((",1,0,0.19251200893882037
"k có con gì ác bằng con người , các con bé như thế mà nó không tha",1,0,0.2305210896533658
đáng tiếc đời không như là mơ . thực tế sẽ vả vào mặt cho mày tỉnh ra :(,1,0,0.35754871226662766
nhờ cái bếp như này . mà hồi nhỏ tao suýt đốt cả nhà và bị chửi đó :((,1,0,0.33600384573119874
còn tao thì còn không có nổi 1 người tỏ ra thân thiết quan tâm cơ . _ .,1,0,0.38580422357685007
và hơn hết là tụi nó không còn coi mình là con gái nữa,1,0,0.35450866426450306
nhà có người già vui thật nhỉ 🤣👍,0,0,0.16719981509855306
hiếu nghĩa . nhìn cái này nhớ mắc cười má đào chúc quá 😀😀😀,0,0,0.14965665990082488
cách người ta phản ứng cũng văn minh ghê ❤️,0,0,0.17465949358974775
rồi lỡ ai có bầu mà đi qua không biết nhảy kiểu gì nữa 😂😂,0,0,0.4185606212872724
"cứ thấy nó là đi đường vòng , dù đường hơi xa vẫn đỡ hơn bị nó dí =)))",1,0,0.14210603480563833
cũng muốn kết hôn lắm mà đến giờ vẫn chưa có người yêu 😭,1,0,0.28050201197355246
2 đg thẳng mãi mãi song song không bao giờ cắt nhau hix hix,1,0,0.25210011286855777
mẹ thấy đơn giản không ? đấy giờ chỉ việc lên số cái .... lên ...☝️☝️,0,0,0.21990662026434502
thực ra chỉ cần nhập đúng input là được thôi mà :d,0,0,0.26010759845351794
coi phim này không .. dễ thương lắm ..,0,0,0.19925141771498592
thương mấy anh quá mà tao không kiềm được vẫn phải thả haha,0,0,0.20045184874656347
này gọi là theo kịp thời đại :)))),0,0,0.14547591993254572
có người sinh ra đã giàu có người làm cực khổ cũng không thể giàu . thương ông,1,0,0.2882084328362894
"hồi lớp 1 đú theo lũ bạn về học nấu . thế là cơm sống , sợ quá vùi gạo trong đống tro",1,0,0.23474677590691653
"tao cũng hay nằm mơ con mèo của mình nó về , tao tưởng thật nên khóc cả trong mơ lẫn ngoài đời . nhưng nó đâu có thể về được nữa ...",1,1,0.6750322192008013
mình nghĩ đợt này bà per thua rồi . đuối lý lẫn truyền thông yếu,1,0,0.1478468073266583
đến gần đoạn cuối tao tắt âm xong vào xem bình luận rồi mới tua xem lại để minvolum . iq + vô cực chuẩn mẹ rồi,0,0,0.37721720610795495
vừa sếp vừa đồng nghiệp tốt thì đi làm như là đi chơi 💃 bonus 6h chưa hẳn đã muốn về,0,0,0.18920564175806973
coi phim này mà ứa nước mắt 😢,1,0,0.2113509101387152
đm hú hồn,1,0,0.19519447048193747
lâu rồi không được nhìn nụ cười ấy,1,0,0.2589046545293649
"đỉnh rồi , hiệu ứng tốt :))) ấn tượng vãi_chưởng luôn",0,0,0.13792300241588568
nó mà nhập viện thì xong đời tao . n 😂😂,0,0,0.19099206029376858
"hồi nhỏ bà mày có cho một con ngỗng mình tự tay nuôi nó . từ ngày đó nó đeo mày như chó mèo vậy . nhưng khi lớn nó lại mắc bệnh mà mất . giờ cũng hơn 4 , 5 năm rồi những nhớ nó lắm 😓",1,0,0.40183992471853713
"cùng cười cùng khóc cùng vượt qua khó khăn , đau khổ nhưng cuối cùng lại là con số 0 :)",1,0,0.4371668619559196
"sống trong một gia đình nhiều áp lực và lúc nào cũng chửi bới như vậy , tạo hóa đã ban tặng cho em bộ nhá khá là tươi để cân bằng cuộc sống",0,1,0.5377089941036325
trời . cưng chết được,0,0,0.4330700730202901
ám ảnh thật sự,1,0,0.3756735003718605
sống 17 năm chưa crush ai bao giờ,1,0,0.28962476397908715
lụm điều cho ba má . 2 ngàn 1 ngày bỏ heo đất . thằng hàng xóm vô trộm mất . khóc lóc mấy ngày .,1,0,0.35595457679627057
"miễn sao có tiền ăn bánh trung thu , mua lồng đèn , đi du lịch =))))",0,0,0.11623635464733462
"hôm bữa 2 bình siro dâu thấy tiếc , nay bình mật ong còn tiếc hơn",1,0,0.2046674712988458
tao còn phải đợi 3 tháng nữa là đủ 1 gia đình nhỏ rồi,0,0,0.39477866936772676
chú này tội lắm á :(,1,0,0.27370240847739896
"yeahh , được mở lại fan cứng rồi =)))",0,0,0.14041188238852806
dỗ lại dễ thôi mà . nhỉ nhỉ 🤣🤣🤣,0,0,0.16881524966901112
"tao nghĩ chắc do kiếp trước mình tu chưa thành tâm nên kiếp này cuộc đời tao như 1 trò đùa , tạo hóa ghẻ lạnh . chán đời :)))))",1,0,0.2999399081710978
ph :)) phê hơn cả cần nhé . nên mua cái này về dùng tốt cho chó và người :))),0,0,0.0865269313976349
ưới gì honey của mình sau này cũng thế,0,0,0.29321577064388554
"per nhớ ngày tháng cta bên nhau ghê , giờ thì chả còn gì",1,0,0.15753818686488527
tao . đôi lúc nghĩ lại thì tao vẫn thấy sợ tao lúc tức giận .,1,0,0.3584718716089397
mùa mưa đến sớm rồi huhu,1,0,0.3101162710230902
xem video không buồn cười lắm vì chửi thề quá xá .. cơ mà đọc bình luận của các bạn cười đã luôn . kkkkk,0,0,0.2871325544636049
"tuổi thơ của tao sợ nhất là con này , không làm gì mà nó cũng rược , suốt ngày thì kêu um sùm",1,0,0.2753614945170695
giỏi thật chứ đùa . biểu cảm gần như 90 % chuẩn mẹ rồi . thằng quay và edit cũng ghê luôn . nhảy cũng tốt ra phét chứ -.- ác thật,0,0,0.32073433761051573
"cay mắt lắm , mà nhìn nó lại nhớ nhiều kỉ niệm",1,0,0.08073523380604608
"tau sẽ phun thuốc kích thích , 2 nam nữa sẽ dài hơn ong nay ... sẽ được vào viện bảo tàng .. 😂😂😂",0,0,0.3496002543521649
"vị nước mắt , dù cảm xúc như nào thì khi có nó cũng thật đáng nhớ !",1,0,0.27625148282343176
thế này mà mày vẫn còn buồn thì ...,1,0,0.44639035220867873
anh thíck kiểu tra tấn hằng ngày :))),0,0,0.24014088663221222
per em đã tìm ra giải pháp thiết kế rồi nhé :))),0,0,0.16449680812851047
chủ tịch giả vờ luyện vỏ và cái kết sấp mặt luôn haha,0,0,0.1808045033235099
per ru con để vợ đắp mặt nạ kìa ?? đúng là chồng người ta chưa bao giờ làm mình thất vọng ??,0,0,0.3021583875413788
"ở trên mái sảnh nhà tao cũng có một con nhện mẹ tao bảo tao giết nó ( hờ hờ ) , còn bố tao bảo "" mày cứ đi qua là nó rơi giữa đầu """,1,0,0.3870628414080611
per hàng hiếm nhà mình,0,0,0.317506149924789
cung quá ak,0,0,0.17985721375027885
sao bao nhiêu năm kể từ ngày đó em đã không còn nghe lại nữa :((,1,0,0.4447148722521801
đôi khi đi tù chỉ để thoả mãi thú vui,0,0,0.2502568194946182
nhà tao có nhưng nó rỉ sét hết rồi :((,1,0,0.3315585358666579
per không cho anh đi tập đâu nha mất bồ như chơi,1,0,0.20368613997538404
trong nhà không biết có ai không nữa ? sập quả này sợ thật đấy,1,0,0.30963129470108725
ăn vào lại thức dậy ở một nơi xa thì bỏ mẹ :)),1,0,0.16665311695060794
per tiếc cái gì đấy bố nó,1,0,0.13520858678179346
chuẩn bị kiểm tra hình huhu :((,1,0,0.2741709885540634
mèo nhà tao gửi 10 ngày về ăn tết lên nó thành mèo hàng xóm này ( nhà hàng xóm bán cá ) :((,1,0,0.39607340781468914
giờ mới hiểu tại sao lúc đầu nhà hàng không cho đặt chỗ ..... má nó li hôn 3 lần rồi lần nào cũng phải giảm giá 30 % nó ly hôn thêm vài lần nữa chắc sập bà nó tiệm,0,0,0.4933695687428639
"đêm hôm coi lại , cười mún rụg rún",0,0,0.344675222317131
tao cũng hao mòn nhan sắc như này,1,0,0.21796144498288442
người ta kê bàn ghế ra chả nhẽ lại vẫn nằm đất để nhìn mông người khác ngồi :))) pha xử lý rất cao tayyy,0,0,0.09185318624275088
chỉ cần nhìn họ thì đã thấy tim đập mạnh rồi =))),0,0,0.08325848792124906
"khuôn mặt ngây thơ vô số tội , trái tim nhỏ bé của tao sao chịu được ❤❤❤",0,0,0.231114243979146
"có lần ba tao mua bánh kem sinh nhật cho tao , lúc đấy tao 13t nhưng khi ba tao mua về thì lại là 15t 😶",1,0,0.2484325877202715
nghe nói 2020 hơn 4tr đàn ông sẽ ế vợ . mình chỉ việc chờ thêm 1 năm nữa thôi là đăng tin tuyển chồng 😂😂,0,0,0.3456240357539274
"vừa về xong , phải nói là đông vãi đông chứ không phải đông bình thường =))))",0,0,0.3061599827382377
disss giật hết cả mình .:)),1,0,0.18884821743445393
ăn vải nóng lở hết miệng ra đây này,1,0,0.3520601241673729
idol có skill mới chất quá 😂 1 cú đánh mông thôi mà đối thủ bay sấp mặt luôn luôn 🤣,0,0,0.15276961431279806
tan tành rồi .,1,0,0.19305742119771396
rồi tôi sẽ hết được uống nước ở đây nữa :((,1,0,0.2923031647095449
per coi chừng bị vậy nha chưa haha,0,0,0.20350554878941013
tao không theo dõi phim . xem bập bõm mấy tập mới biết em nó là con gái 😅.,0,0,0.1406774312497325
chỉ thấy dễ thương và xinh khi crush thôi khi hết crush thì có cười nấy cười nữa cũng không có cảm giác,1,0,0.28662854880288136
chị khổ mấy cô giáo viên giám đứng ra tố cáo . sau này bị làm khó hoặc trả thù,1,0,0.26935966151422336
đi đâu cũng ngó ngang ngó dọc để được nhìn thấy crush 😂 ngóng nó đến mức cổ dài ra hẳn mấy cái 😂,0,0,0.17188673357372886
tác phẩm nghệ thuật chất lượng cao hiếm hoi của điện ảnh việt nam nhưng không được công chúng quê nhà đón nhận,1,0,0.15218084547873112
thương .. hy vọng sớm có người cưu mang bé,1,0,0.2994830302747171
tao thấy cảm động vãi .,0,0,0.23125255519949958
bây giờ mình 56 tuổi vẫn dùng để bắn bọn chuột neo dình sơi chim cảnh rất hiệu quả các bạn ơi,0,0,0.16029732768858898
êu ơi sao con mụ này không gặp mình nhờ :))) ước gì có con mụ thế này tông vào mình ý :)))) klq mà giọng bé quay video đáng yêu thế ❤️,0,0,0.15207972758260282
per xem đi mày sẽ sướng thi nhìn con nhện bị giết 😂,0,0,0.21788129399412384
tôi đã đúng khi đọc bình luận thay vì đọc bài :),0,0,0.20703659955544246
mạnh vỗ tay 👏,0,0,0.1282427988962472
couple cuối . yêu chết đi được,0,0,0.2924735179177288
"t đã hối hận vì nói ra , để rồi bao giờ tao với cô ấy chẳng còn thể nói chuyện như trước nữa",1,0,0.40922353104191056
k nuôi thì cho người muốn nuôi đi chứ để em nó bọ ve tùm lum sót quá ????,1,0,0.18356100056298613
đây là lần cuối cùng các bạn nhìn thấy anh ấy :d,1,0,0.11226613196678822
tao ngự ở trong uống nước cho nhàn thân rồi,0,0,0.3606577529066655
không phải crush :v nhưng mà nhìn ổng cười mỉm nhìn cute vãi -.-😑😆❤,0,0,0.13528818413079224
có ai như tao không đọc đề thì quen nhưng lại quên phương pháp giải . chắc mất gốc rồi :((,1,0,0.33887728755211877
hahahaha tao mắc cười ghê . nhớ cái hôm sinh nhật tao ghê . chắc mấy mẹ ở guru cũng rủa dữ lắm hahaha per,0,0,0.21772601763267116
chờ có người giận mà không được,1,0,0.28032348810929486
per khi ế nhưng vẫn phải giương mắt nhìn bọn nó ân ái,1,0,0.11112501984182009
có ai ngu như tao không đơn phương con nhỏ cạnh nhà 4 năm mặc dù nó ngồi chung bàn với tao suốt mấy năm cấp 3 :(((,1,0,0.26654858922171004
1 lần thôi cũng đủ xao xuyến anh rồi,0,0,0.23566286595453342
nhớ lắm .. cay mắt lắm ....,1,0,0.23803795616796336
bà xinh thật sự ❤️,0,0,0.22603033480836224
nếu là tao thì nhảy cẩng lên chuẩn mẹ rồi :)) má nhìn trong hình tưởng ma thật ở ngoài đéo biết như lào luôn ớ,1,0,0.3470600275877065
yêu thế nhè 😍😍😍 có em gái chắc cũng vui lắm,0,0,0.15216677592414388
tuổi gì so với anh ! :) haha,0,0,0.17607121956101884
"làm pv quán karaoke đi rồi khổ hơn nữa , toilet danh cho nam chỉ đứng tè , vậy mà nỡ lòng nào mấy anh ngồi ỉa 😢 thiệt chứ gặp cái mún khóc lun …",1,0,0.35113257270145
"đến giờ , em vẫn đang đợi anh , người sẽ đúng và thời điểm sẽ đúng",0,0,0.2284470764497282
mấy lần đi ngang hết hồn,1,0,0.19335203365272272
đúng là tấm gương xáng để con cháu noi theo =)))))),0,0,0.12026764828590082
hôm qua tao xem xong ngất xỉu tới giờ mới tĩnh chúng mày ạ 😌😌😌,1,0,0.17216263292848552
"giọng nói , ngữ khí đi vào lòng người vãi . mắt chị gái đẹp thế 😻",0,0,0.24167341383026766
không khoe thì không sao . khoe ra mai lại còn cái gốc ... haha 😁,0,0,0.2514761104517447
hoan hô anh 😂😄,0,0,0.14159834459594925
căng thẳg quá mà,1,0,0.2115900048868713
"phàm việc quan trọng trong thiên hạ , cứ về hỏi vợ , vợ nói sao cứ làm ngược lại chắc chắc sẽ đúng !",0,0,0.2991155518206148
cũng xinh mà ?? lai cỏ có lẽ sẽ khỏe mạnh và đỡ ngáo hơn ??,0,0,0.19255584535061532
thế giới này thật đáng sợ ai chả đĩa bay cho tao về hành tinh tao đi,1,0,0.46913435778932694
mình bị say xe bạn à :(((,1,0,0.4587690718301768
tí nữa vợ nó vắt chân lên cổ bò thì hú hồn,1,0,0.19025691373578504
tao cay mẹ khoé mắt,1,0,0.39945200379391776
mấy anh thiệt là nóng bỏng !!,0,0,0.173275236991125
per chị rep khách hàng thế ấy hả 😞 bị bóc phốt rồi,1,0,0.29924824224864977
tao buồn mấy năm nay rồi,1,0,0.3480348450968723
"lúc nhỏ nấu bằng này không , nấu hơi bị ngon , tạo cơm cháy ăn bao riềng",0,0,0.27023808915991226
yêu em mọa mọa 😘😘,0,0,0.16821390351983226
tình yêu là một thứ cao đẹp hãy trân trọng nó .,0,0,0.15578791935703765
yêu quá đi mất . tuổi thơ của mình toàn nện mấy thằng con trai . trong lớp mình toàn làm xếp nên chẳng được giúp đỡ,1,0,0.3143611071393511
per đồng nghiệp không tốt ta có thể bị chửi và ăn đòn từ sáng đến tối 🙄,1,0,0.1525073722620254
những cử chỉ đẹp làm từ thiện cho người nghèo hay thiếu đến lấy thừa đi đến cho,0,0,0.13468215122129767
"nói gì , em trai tao cắt tóc xong là tao đè nó ra chụp hình . cảm thấy nó cắt tóc xong là đứa nào chứ không phải em tao =)))))",0,0,0.27113203250693657
nghe cũng đúng đúng :)),0,0,0.2073514478913917
ngưỡn mộ chi lâu lắm oy . mà giờ biết thêm nhiều về chj nữa nên càng yêuc chj nhiều hơn 😍😍😍,0,0,0.25657679610110873
còn nhiều người có cuộc sống khốn khổ hơn ta :),1,0,0.2123997663003846
""" vậy là đủ tuổi ngồi tù rồi nhỉ ?"" , mặt anh rất tỉnh và đẹp zai =))",0,0,0.20703624883028832
nghe lại mà nhớ những ngày tháng say đắm trong nỗi cô đơn,1,0,0.21681575447019613
công nhận ngầu thật,0,0,0.14716683079864068
đến ngày sinh nhật mà còn không nhớ thì còn nói gì nũa,1,0,0.23315335560434716
"là thằng đàn ông phải có bản lĩnh từ khi còn bé , thay vì hay bắt nạt , quát tháo đàn bà thì hãy là người che chở , yêu thương !!!! mong con zai của mẹ sau này cũng như mấy anh này .!!!",0,0,0.2051864058194153
tao thì nói xong lại thấy người ta không hứng thú thì lại lượn,1,0,0.19202677797156886
khi bạn muốn lầy và cũng có người lầy cùng bạn =)),0,0,0.18739813637894012
"ba mẹ mình nhớ tất cả ngày tháng năm sinh âm lịch , giờ sinh , tên tuổi ...... của 4 chị em .....",0,0,0.3824977764134644
"per nếu có khi nào thấy bản thân vô dụng hay là thất bại , thì hãy nhớ có những người chế tạo ra mấy cái của nợ này . =))",0,0,0.2767469120672328
bể mẹ cái kính cường lực mới dán :#,1,0,0.31878830775667555
per cái gì mình không làm được chứ đánh cái lũ đéo phải người thì mình làm tốt kkk,0,0,0.23961969463094304
"lúc trước chạy xe đạp đi ngang qua đàn vịt có mấy con ngỗng lẫn trong đó . thế là dume tụi nó rượt tao vừa chạy vừa la cái thứ âm thanh nghe "" ứ ứ "" "" hiếp em đi "" làm tao sợ tụt lol :))",1,0,0.32068483635988243
cưng hết phần thiên hạ,0,0,0.2772821991827354
được cái công tác truyền thông tốt,0,0,0.10528263301587659
crush ở nhà chơi gane rồi haha,0,0,0.18628771394193602
dễ thươnggg,0,0,0.18878410251653596
nhìn sợ vãi ra,1,0,0.16504529823121084
đồng đội tốt ... nhưnh rất tiết chúng ta không có duyên 😀 kaka,0,0,0.09728885754757449
ơ tao đang mơ 🤩,0,0,0.33680636743280107
rất cá tính :v,0,0,0.10930752690675237
nhắn mà ấm lòng nhờ :))) ra gặp anh shipper đẹp trai nữa thì chủ thớt rụng hết buồng trứng :))),0,0,0.16964761674849588
tưởng tượng mà dưới sông có cá sấu nữa chắc hết dám đi,1,0,0.2680248590987917
"xời tưởng gì , cái này tao làm được =)))",0,0,0.18536482910535143
xây 1 được 2 nhà :)) chủ nhà ấm vãi :)),0,0,0.14487332316562526
giống tao . nhưng cô ấy có hiểu đâu,1,0,0.4125769965227163
đau đớn hơn còn là khi làm bạn cũng khó và gặp nhau coi như người dưng nước lã,1,0,0.22246154545776875
"hồi đó đã undercut , bảnh vãi .",0,0,0.14525932900628985
đau lòng qá huhu,1,0,0.29930755436031076
mong anh có thể đạt được ước mơ của mình .... cố lên,0,0,0.253394382027208
còn gì hạnh phúc hơn trong cuộc sống này ♥️,0,0,0.2578108641965539
thèm được bố chửi 1 lần 🤤🤤,0,0,0.3838869591551856
tao lại sợ ngôn tình quá cơ 😒,1,0,0.21223037594112637
đỉnh cao :)),0,0,0.12437348580081402
waooooo . hợp lí ghe,0,0,0.1911429507072998
tao mới mọc răng khôn huhu,1,0,0.1942558402218366
thực ra em mới đang phải là sự lựa chọn chứ không phải là người được lựa chọn đâu 😌.,1,0,0.46519650147417074
đã từng . hix,1,0,0.23115895720338323
"nói chứ uống đi , 1 ly thì giảm ăn một bữa sẽ không khiến mày phì đâu .",0,0,0.4771478897971081
quan trọng là có per luôn tạo độ khó game cho tôi :))) và không thể thiếu sự trợ giúp của các anh em trong team 😂,0,0,0.205467940070132
tao thấy buồn cười vãi :)),0,0,0.24640367562290824
tao biết là có ý tốt gởi thông điệp ý nghĩa nhưng nhìn cứ sợ sợ lại còn sấm chớp :<,1,0,0.21147729728507936
vừa thấy thương vừa buồn cười vãi :))))))),0,0,0.2641088821029282
ước mơ tao 🙂 chỉ có thể sao chép lại và tao lên màu cực xấu !,1,0,0.19337273607450006
per đau hơn chia tay người yêu nữa,1,0,0.1660519597421484
mở máy lên .. rồii lại đặt xuống ... cả ngày nay tôi đều như vậy để chờ anh nhắn chúc tôi .. giờ này chắc anh quên ngày này thật rồi .. cô đơn quá mức rồi đấy 😭😭,1,0,0.3174281314281485
mink chỉ lo là nhà nước không đủ gạo nuôi mấy anh,1,0,0.23091573563305726
dell hiểu sao ngày sưa tao có thể cầm nó trưen tay đi câu cá 😳😳😳 nhớ lại vẫn thấy ớn 😂,1,0,0.16888941083234124
khi tắt đi mới thấy ngạt thở .,1,0,0.2377880991391362
trung thu là tết thiếu nhi cớ sao người lớn lại vi vu thế nhỉ,0,0,0.18180938755073017
mình sống không đủ tốt hay sao mà vẫn chưa gặp được anh người yêu tốt như này,1,0,0.1475315137727402
chỉ cần yên bình như thế này thôi . ❤️❤️❤️,0,0,0.23289390642566296
"tỉ năm mới thấy cười một lần người gì đâu mà khó cười đến thế 🤨 chả bù cho mình , lúc đéo nào cũng cười , cuộc sống tràn ngập niềm vui < 3",0,0,0.4210434307688717
đau ruột với thằng số 9 🤣🤣🤣,0,0,0.18501855651723037
"dễ thương , đáng yêu , cưng ...",0,0,0.20646623242975395
"nhiều nước quá , lấy bát về múc nước ra thêm tí đường vào là có 1 bát nước gạo ngon lành",0,0,0.2661580779227001
tao nhìn tao thấy ghê vcd ấy 😂😂,1,0,0.1374232574190587
chính xác ! chỉ cần đồng nghiệp tốt thì mọi ngày đi làm đều vui 😊😊😊,0,0,0.16586531347965272
tin vui cho bà con nông dân chuân bi vào ngày gặt lúa sắp tới,0,0,0.21646762272455164
một cái ỉn mông xong hết 😂😂😂 dăm ba cái võ thuật 😂😂😂🤣🤣🤣,0,0,0.12471923103575741
"chiến tranh có gì vui đâu nhỉ , chỉ gây đâu thương",1,0,0.25253024536427165
đâu phải ai muốn thích tao cũng được đâu,0,0,0.4306846910964527
3 idiots ! phim hay nhất mọi thời đại .,0,0,0.1097096924722608
cuộc sống mà mấy ai được trọn vẹn 😢😢,1,0,0.31715553356967363
""" học từ bỏ những thứ trời không cho "" nói thì dễ nhưng nhiều lúc quyết tâm lắm vẫn không làm được .. 😢😢😢",1,0,0.3949746574253294
ngày xưa mỗi lần tao làm ồn là ngoại tao liền la hoặc lấy roi đánh 😅 nhưng lúc đó vui lắm 😊,0,0,0.38012321957190565
nàng ấy chả yêu ta gì cả,1,0,0.09879064228070615
mặt dày lại ôm cứng ngắt cho chị . 😆,0,0,0.16768346339750306
tâm sự không đúng người ngoài việc họ cười vào mặt bạn,1,0,0.4660869267982572
xem chỉ đợi đến đọan nó ngã để cười :)))),0,0,0.2030242718431381
nấu kiểu này ngon lắm luôn 😋😋,0,0,0.20010845852831843
kím cớ nói chuyện chỉ để biết người đó làm gì đang như nào . có vui hay buồn . rồi lại thôi,1,0,0.4106857025815084
per may cho bạn 😄😄😄,0,0,0.18602280850867783
"đù . tròn ung ủng , chân tay ngẵn cũn như tao nhảy sao",1,0,0.3495907734839323
xinh mà còn ngáo nữa thì người yêu mới cưng =)),0,0,0.1562743083574233
ông nào viết vui tính thế =)) cưng thật,0,0,0.19636341796560436
tuổi trẻ tài cao :)),0,0,0.09054464566225294
đó là những câu chuyện buồn mà :((,1,0,0.24374629059476702
per cái dume mày thấy tác hại của tập gym chưa,1,0,0.1588235826479037
thứ mà dễ dàng qa cũng nguy hiểm,1,0,0.1474468940656016
ngày ấy chỉ vì quá ngu ngơ mà để lạc mất .,1,0,0.2801539482456614
anh lấy đi niềm tin trả lại cho em những gì,1,0,0.19821175678518332
"hồi xưa vào trông nhà cho ông bà , thuê đĩa võ thuật này xem cho mạnh mé đỡ sợ mà thuê ngay đĩa này . ám ảnh quả nhạc tao tao téo vãi",1,0,0.15817438467256115
tủi hổ với bản thân ghê khi tao vẽ người mà mẹ tao hỏi : hóa ra đây là hình dạng thực của quỷ sao ?😑,1,0,0.22681540387315172
án mà cứ xử như vậy thì sao có được lòng dân,1,0,0.2728652315372938
đã thất tình xem pim này khóc cả đêm mất thôi mới đề mô mà đã khóc thút thít rồi chắc xem hết thì không biết pai làm sao ..,1,0,0.43607479452731046
áo phông dễ thương quá anh ơiiii,0,0,0.14621408900939536
đi chơi mẹ tao cũng không tha cho tao :) chửi tao làm mất buổi vui luôn á,1,0,0.297862089448486
còn 1 tháng nữa thôi khép lại những ngày tháng vui buồn nhưng luôn có người bên cạnh sẻ chia không lo lắng của tuổi thanh xuân cái tuổi đẹp nhất của cng,0,0,0.23752017726823824
"vừa lắm ... cho chừa nè , ahihi đồ ngốc 😊😊😊",0,0,0.2262568258015759
"hồi xưa đi học mình ngồi gần lớp trưởng , tên này được cái rất ga lăng với bạn gái trừ mình .. huhu ..",1,0,0.3102126860110203
nếu chịu khó đặt vào hoàn cảnh của nhau mà sống thì mọi chuyện đã đơn giản hơn rồi .,1,0,0.14316341503019878
chỉ mong cảnh này sẽ không còn xãy ra ở xã hội này nữa . bất hạnh vậy đủ rồi 😞🙁,1,0,0.301101487413368
đẹp trai v :((((,0,0,0.21333647001147013
gắp đúng lúc nhưng hình như đúng lúc người ta không muốn y ai ???? đó là 1 câu chuyện buồn,1,0,0.23443871444511205
boss dễ thương hết sức,0,0,0.3033353745028728
đến ông cũng chẳng dám xơi,1,0,0.4520764810194441
bộ phim việt lần đầu xem thấy hay cảnh quay đẹp !!,0,0,0.10801112312446448
vỡ tan là như thế ấy,1,0,0.17479781851901333
đúng . a có tầm nhìn . tâm nữa . mình biết,0,0,0.27654433020048064
nhìn mặt ông thầy cay lắm :)),0,0,0.18279933548183017
anh thứ 2 cute thế =))),0,0,0.13169974983334393
cả tuổi trẻ bỏ công cày . có cơ ngơi ổn định . r về già con cháu đuổi ra đường bắt đầu 2 bàn tay trắng . đời 😅😅,1,0,0.26570912408792563
năm nay không được ăn dồi :((,1,0,0.2231840739735978
cưng xỉu ??,0,0,0.21074866002283316
tốt quá,0,0,0.08273298873347945
cứ thấy cute cưng cưng sao á .... có ai thấy giống per như tao không ??,0,0,0.2746719004679812
cảm ơn đoi tình nguyện viên nhớ có các bạn mà người dân bớt vất vả hơn,0,0,0.10515420385618629
per cho vợ đi cầu này để giảm cân nhá 🤣🤣,0,0,0.2911671126973836
hahaa nhìn mắc cười vãi per,0,0,0.19803417184224148
cái mặt cưng xĩu,0,0,0.2802822106821304
tao mà ở đây là sợ rụng trứng luôn chứ đừng nói ăn,1,0,0.2225993129932699
mình thì # mình chỉ mong chồng tốt thương yêu vợ con gia đình ! gia đình lúc nào cũng vui vẻ hạnh phúc thì ngày nào cũng là ngày ( tình yêu ),0,0,0.3380835487512683
rồi chưng ngắn như tao sao nhảy qua 😿,1,0,0.4502668398184868
đó là 1 câu chuyện buồn 😤,1,0,0.22514668713987016
kkk tao chọn anh đầu tiên,0,0,0.28858024944420724
kha ́ thông minh :)))),0,0,0.1733820544396994
per cố lên gần đến nơi rồi . vào trong này mời nói chuyện nhé . ngay cửa đền chính . có bãi gửi xe . hehe,0,0,0.3815821870263726
thật dume nge yêu thương gì đâu :)) bắn tim bụp bụp,0,0,0.12146988959625139
diễn viên có cá tính hay nhât từng xem,0,0,0.07097710901465533
per nhớ cái bếp huyền thoại của 2 đứa mình he,0,0,0.14310606357510117
haizzzz đó là 1 câu chuyện khá bùn,1,0,0.21746258322167628
per nghe đi rồi khóc 1 trận cho thoải mái . đừng cố gồng mình lên nữa,1,0,0.3698296754476834
gap kiểu này chắc đái ra quần quá,1,0,0.22561211032305875
"per đọc vài dòng là lướt xuống cuối để xem có phải "" hi vọng câu chuyện mình vừa bịa ra ...."" nhưng không phải . kkk",0,0,0.27691241471566047
hú hồn cái lồn còn nguyên :),1,0,0.16286402155192603
chờ tý tao đi thay bỉm xíu tao quay lại .,1,0,0.11848788461559989
đại học vui lắm cậu :)) weeee,0,0,0.13085400160102262
"những chuyện trọng đại trong đời ... ta cứ nghe lời vợ khuyên , và làm ngược lại ắt thành công ????",0,0,0.1932986574140915
liệu có còn tồn tại cô gái nào chấp nhận một thằng vừa nghèo vừa xấu đặc biệt lại còn yếu sinh lý như tôi không,1,0,0.38426743588385903
"thật là romantic , mà mà mà ... sao nghĩ tới cảnh động phòng hoa chúc tao thấy nhột nhột lỗ đít 😧😧",1,0,0.1692739713911807
nhiều lúc tủi thân vãi_chưởng huhu,1,0,0.42576555560875423
dễ thương vãi ♥♥♥,0,0,0.2006209139620987
tình chỉ đẹp khi còn dang dở lấy nhau rồi nham nhỉ lắm ai ơi ...,1,0,0.325929929424207
thật buồn khi mình thịt vợ thang khác mà thằng khác thịt vợ tưong lai mình,1,0,0.3323697018771299
tiên sư cái thằng ghép nhạc cười rớt mồm quả ghép,0,0,0.13325387637914918
đáng yêuc vãi anh ơi,0,0,0.17634870382552842
một cái vẫy tay đầy luyến tiếc từ cuộc họp tới đất nước việt nam,1,0,0.18530373572750827
"chỉ cần cho em nó 1 điểm tựa , em nó sẽ không ngán cả thế giới :))",0,0,0.32853888245468554
đứa con gái nào mà đề nghị là biết bị ma nhập mà né nha mấy cha,1,0,0.2841350472550097
1967 mà cụ ông đẹp trai phong độ ăn mặc thời trang quá :)),0,0,0.26587583575641327
"tội mày quá , lần sau mày bình tĩnh hơn nhé",1,0,0.2475886913207023
per b trà ơi . năm nay là pải mạnh dạn và bất chấp nhé 🤣🤣🤣,0,0,0.1650550718332628
chính xác là con gái xinh auto đáng yêu =)))),0,0,0.11131623105426182
thích quá mấy má ơi ! @@@,0,0,0.22963429571598887
xinh quá !,0,0,0.19179927064627564
ước là 1 ngày mai thức dậy dụi mắt mãi chưa hết tuổi thanh xuân =)))),0,0,0.21855944914563474
cay mắt,1,0,0.3169879742518091
đụ mẹ cười ỉa ????????,0,0,0.21181424856765593
t không phải con sến súa . ko cần quá cầu kì lãng mạn . cầu hôn tao thế này là tao đổ rồi per,0,0,0.35075908257692445
đã từng . và bị phũ như 1 con chó 🐶😂😂😂😂,1,0,0.2893732689723954
tao đau lòng quá,1,0,0.3228703778619048
"ngày xưa toàn ăn cơm với nước mắt , ngày trước giận bố lắm , nhưng giờ mới cảm ơn bố vì như thế mới có mình ngày nay",0,0,0.302838687469986
và cuối cùng là được đối xử như một thằng con trai luôn ..,1,0,0.24580700225446553
đứa nào bị táo bón thâm niên cứ ra cầu này mà nhảy đảm bảo hiệu quả ngay lần đầu trải nghiệm 🤣🤣🤣,0,0,0.34155228364695456
ê có khi nào đọc bài này xong buồn cười quá cười toác hàm có khi nào đi bệnh viện không các cụ :v,0,0,0.23191289621688121
cũng đỡ tắc hơn 1 tí,0,0,0.3290672749077159
áo xinh thế .. cho tớ mượn đi tiệc nhé !,0,0,0.21475139957613362
còn tao mỗi lần cắt tóc là y như rằng … nó tệ vãi :(,1,0,0.35875193929446314
per nhện kìa haha,0,0,0.21563080290754996
cả tuần không được nói chuyện,1,0,0.2679683928104034
ông này đẹp vãi,0,0,0.17221588687550238
nó cười với tất cả mng trừ tao 🙂,1,0,0.46184540037602057
"cấp 1 hiền lành ít nói , ngồi gần 1 cô bé cái gì cũng nhường cô ấy , nhường đến mức nhường luôn tập sách , để bà già phải dẫn ra nhà nó lấy lại ! 😂😂😂",0,0,0.2234009651534842
ng dân biết phải làm sao bệnh chồng bệnh,1,0,0.46178631578673535
2 thế kỷ mới xây được vậy mà chỉ trong 63 phút tiêu tan hết :(,1,0,0.23345009514786239
per trung thu đéo liên quan đến việc có gấu cho lắm bạn nhể .... nhưng mà lễ gì cũng thế thì đúng là bất hạnh mà huhu,1,0,0.21483226419064413
mình còn để ảnh bạn ấy trong thẻ học sinh xong bị thấy cơ,0,0,0.22654367800462272
per nhất định chị em mê tín mình p đi xem phim này rồi,0,0,0.1274608865580377
"gần 2 năm đến sớm nhất để mở cửa lớp , lúc về cũng là người là sau cùng để khóa cửa . đến giờ ra trường được 3 năm vẫn không muốn vứt chìa khóa của lớp ...",1,0,0.27796584633340315
khổ thân các cháu,1,0,0.23438033365315422
t mong nó té quá chời :v,0,0,0.19161084470905612
điều tồi tệ nhất là kiểm tra code trên giấy .,1,0,0.3697950065431504
đã xem 2 lần bộ phim này 😁,0,0,0.16594039065002686
cũng tên quỳnh nhưng 2 số phận thật khác nhau 😢( chỉ mong được 1 góc nhỏ xiu xíu của b ),1,0,0.23361663442105235
cho con được thay ông bán vé đi 😔,1,0,0.14434236134112208
thế giới này thật đáng sợ :3 trả đĩa bay cho tôi về đi :3,1,0,0.41572272347871386
gì cũng được ?????? dễ vãi,0,0,0.12466535885484718
t nói té 1 cái không dập mề thua gì cũg thua ..,1,0,0.3196783400413096
"tao cũng như mày đây . không sao cả , hãy tự hào vì tên mày vẫn rất đẹp",0,0,0.3877751070435342
trách ai bây giờ đây huhu,1,0,0.32458970743533355
không lau sạch về bà chủ mắng thì sao . nhiều người họ kinh lắm . trước mẹ minh đi làm cho nhà 5 tầng . họ chỉ ở 3 tầng còn 2 tầng bỏ không . mà ngày nào cũng phải lau hết,1,0,0.32834455208413704
phim kinh dị vào cái trời âm u 😒,1,0,0.23804680774259973
mẹ mắng lúc sáng sớm là xui cả ngày :(,1,0,0.3849494243066698
phụ nữ ngày xưa toàn cực phẩm :v,0,0,0.17294796503719595
cứ tưởng là người yêu =)),0,0,0.19000977949045209
đàn bà ở nhà thế kia không sợ ngoại tình à ? tao đang lo vợ tao đây này,1,0,0.3335367979061564
thời xưa yêu nhau đến chết vẫn yêu ... thời nay yêu không biết chết lúc nào 🤣 cuộc sống nay đáng sợ lắm 🤪,1,0,0.4301263770951201
lại mất tiền ngu,1,0,0.23666475994235422
làm bộ mặt ngầu cho thằng thỏ để ý mà thằng này láo ăn thiệt đéo cho mình ăn ké quê thiệt là quê luôn,1,0,0.18705530193418735
moá cưng quá ??,0,0,0.22131666604888017
"ai ở gần đó xin hãy giúp chú , thương chú",1,0,0.3971853867408687
bố là số 1 vĩ đại hơn những gì con cần,0,0,0.18488502927956355
"lâu lắm đéo được gặp nhện trong wc , quên mất cảm giác nhịn ỉa như nào rồi 😂",1,1,0.5794755431366408
sau cùng cả 2 đều bị ảnh hưởng trầm trọng :((,1,0,0.4992268079776978
lời được cánh của sắt tàu hỏa ngon rồi,0,0,0.19715085692959555
:v trời giờ mới biết thế giới có dạng hợp thể vầy đấy :v,0,0,0.2393976817319464
có ai đéo hiểu gì như mình không mình trong sáng vãi heee,0,0,0.4328590815876631
bà già đau khổ,1,0,0.2659485348957453
đag đi học mà gặp cảnh này :)) chắc chạy về cúp học luôn,1,0,0.10619384024343981
"bây giờ con đã sai vì đã chưa làm gì được cho cha , con thật sự xin lỗi cha và mẹ ,",1,0,0.39663214501394495
uầy . ngọt thế ??????,0,0,0.15318031721047343
nhìn muốn tè ra quần rồi,1,0,0.27163143814122676
quá giỏi . đạp đến ngất đi mà không quay đầu . sau này em sẽ thành công . chắc chắn vậy,0,0,0.185621651831659
"dễ thương ghê =)) nói y như mấy ông ngồi nhậu trong bàn v "" đúng không "" "" đúng chưa "" "" vui rầu "" =)))",0,0,0.17364231272112607
per chuyện cổ tích nè ! haha !,0,0,0.1711113109897674
bây giờ thế mới biết tác dụng của con cái 😢,1,0,0.38341629823626666
bà mẹ nó @@ xem rùng con mẹ nó mình hơn cả phim ma .,1,0,0.21562555177778409
yêu thế,0,0,0.11722373829414973
"thôi xong 1 chiếc ôto . chắc tối nay ăn không ngon , nhậu không yên rồi .",1,0,0.17585165678355202
ấm áp vãi .,0,0,0.2922077588610596
per móc lên tới não :)),1,0,0.19592586144229687
bình yên thật,0,0,0.1910337086143583
"nói mưa là mưa v chời , tôi còn đi chơi đi học nữa mừ .",1,0,0.44355560203822514
lần đầu gặp anh cũng là phòng gym =)))),0,0,0.22973925596187225
có sáng tạo :)),0,0,0.1613770831650529
nhây qua ́ nhaaaa 😂😆,0,0,0.2523421047584004
per trời đựu cầu hôn nó phải thế . đã đẹp trai còn có não,0,0,0.32625619140573814
ăn ngon nhưng nóng không chịu được,1,0,0.42114136048238165
thế mà cũng 5 năm rồi . ❤️,0,0,0.25297616069758216
cám ơn đã cho tôi cuộc sống này,0,0,0.45419985620766556
cuộc sống thật chua cay với tao,1,0,0.4471717012872801
ôi đáng yêu quá . đến bao giờ người đàn ông như thế nào mới xuất hiện trong cuộc đời tôi đây,0,0,0.2910293907293438
t thua cả đứa con nít nữa ám ảnh vãi,1,0,0.3046174373083238
nóng như này ăn vải là thích nhất còn gì ... auto mát,0,0,0.2159698202319283
mê trai hơn bạn có thật :(,0,0,0.1637795354406941
nghe bạn này nói dễ thương zị,0,0,0.23657072029104434
nhanh ghê mới đó đã 9 năm rồi 😢,1,0,0.24952135312116455
bố mẹ tao đọc được tin này + xem cặp lá yêu thương nữa thì bữa trưa nay tao không dám ăn cơm mất .,1,0,0.35912857584436153
lựa chọn cách thức tuyển như thế nào thì tốt quá rồi,0,0,0.27654273909790794
"per cần thêm những trái dâu xinh xắn để ngăn chặn sự u ám này , huhu",1,0,0.27866956997990017
mày khá là may mắn khi không học tiếng huế đấy =)),0,0,0.15804265781951884
mình còn chưa được nắm tay,1,0,0.26366937649323463
con đáng yêu quá,0,0,0.15261299709484308
"per huyền thoại , kkkk",0,0,0.155109935510328
có vợ nên lắm . váy mới ngày trước toàn áo chấm bi của mẹ 🤣🤣,0,0,0.36210352148629393
nhìn cái ngành gd việt nam bây giờ ai cũng mệt mỏi,1,0,0.4602327307536054
từ lúc có vợ nhiều váy mặc để quay video hẳn :)))))),0,0,0.20149277709529617
per mỏi chân quái :v,1,0,0.2502718645525877
"phim này nên xem và thuộc mấy đoạn thoại , rất hay",0,0,0.07775884632238884
cầu mong những công ơn sinh thành luôn mạnh khỏe .,0,0,0.1564404281623825
năm nào chả vậy :))),0,0,0.2239136677544316
anh chân thành nên anh tổn thương :((,1,0,0.2852826371185097
cả 1 đời người chẳng mong gì chỉ mong từ đây đến phút cuối vẫn có người không quên mình đã từng tồn tại,1,0,0.49755901748888304
xin lỗi mày nhưng tao đọc buồn cười,0,1,0.5848077124502278
vì tiền mà làm đau làm khổ người khác như thế này sao 😔,1,0,0.25265553622221304
"con mong bác dù nghèo nhưng sống luôn luôn vv , chúc bác 1 đời bình an",0,0,0.27659334602976826
tình cờ gặp nó và đột nhiên cắm mặt bỏ chạy như điên,1,0,0.1890815869322174
bà mẹ nó giật mình,1,0,0.2488218347637655
mấy nay tao cũng bị ám ảnh,1,0,0.32106828417443256
cái ngành tài chính của mình có chỗ dụng võ tốt rồi đây :)))),0,0,0.16406969826217457
":)))) cuộc sống mà . ngày càng thấy bản thân quá nhạt và "" duyên "" :v",1,0,0.22269855700660182
"per tặng quà cáp gì tặng hộp nhỏ thôi nha . đi hát hò gì đừng đem thùng quà to như vậy nha , nó biết nó nhổ trụi lông nó ngắt mép chết đó :((",1,0,0.13293972852172098
xin lỗi đây mình vẫn nấu nhé,0,0,0.20988878548208414
"ông sống trên vũ trụ , vợ ông sống ở trái đất , ông cao thêm 5cm là chuyện bthg 😂",0,0,0.19325569830255454
tao đã bị nó làm cho lầm tưởng rồi . tao thật ngu ngốc - _ -,1,0,0.3625452935077543
bấy bề ơi . thật là đáng yêu,0,0,0.12265437172988924
"con quỷ này hồi nhỏ tao khóc vì nó hoài , thấy nó không dám đi , bỏ đường phải vòng đường khác ,",1,0,0.28805055014363934
gắn bó thời sinh viên nè,0,0,0.2023274922569012
"per thấy chế thủ sẵn hộp mặt nạ rồi thì phải . tim em mong manh lắm , đừng để em hoạng sợ nhá chị ??",1,0,0.4093214506662693
"quần áo với xe thế kia là biết gia đình điều kiện tnao rồi 😂 anw , mong ông bà luôn khỏe mạnh , vui vẻ < 3",0,0,0.31517925660798435
sau khi xem ảnh này xong tôi quyết định ... mua honda :v,0,0,0.2297864986959301
"hiện tại mình cũng muốn kết hôn lắm . ngặt nỗi hai gia đình ngăn cản giữ dội , phản đối kịch liệt chuyện hai bọn mình đến với nhau :( nhất là chồng cô ý",1,0,0.38045662045611406
"khoảnh khắc anh quay mặt đi , con tim em tan nát vãi ra",1,0,0.26264550211820714
cảm giác tóc sau gáy bắt đầu dựng lên :))),1,0,0.22988254050801127
tao đã từng viết như thế này . bây giờ không muốn ai đọc chỉ có đốt mà lười đốt,1,0,0.3007345918087411
bộ phim ấn độ duy nhất xem được lol,0,0,0.1353377743443011
tuần sau nữa mới học =))),0,0,0.16099549595953705
mối nguy hại đó,1,0,0.10847555674651059
nhiều khi cũng muốn người yêu chọc để dỗi phát cho bằng người ta . mà nhận ra mình làm gì có người yêu 😌,1,0,0.20036836291618193
nguy hiểm thật,1,0,0.12503053794340768
per nhà mày mà nuôi thêm con này nữa là ám ảnh cuộc đời tao,1,1,0.5943200733878617
