comment_text,label,prediction,score_depression
ngày buồn nhất trời đổ cơn mưa :(,1,0,0.16591997049621804
per kỷ niệm khó quên nhỉ kkk,0,0,0.0368493683448703
em ý cute vãi !,0,0,0.1028031815739222
làm khách đi qua lại mắc mệt lun,1,0,0.329401764442247
năm nay thì đở hơn rồi kkkk,0,0,0.12084689397079273
số tao không được ăn uống mà :((,1,0,0.1793771995829333
đang buồn cần 1 người nhắn tin tâm sự hằng đêm,1,0,0.2970939450605176
lâu lâu được nghe truyện cổ tích thấy còn niềm tin vào cuộc sống 🤣🤣,0,0,0.15353824367503602
anh này còn phim pk nữa rất hay và ý nghĩa,0,0,0.03308493422315749
lại thêm một con ngáo bất hạnh,1,0,0.2644193516269798
thiếu hình ăn gà rán rồi,1,0,0.13401123965961936
ăn ở cái gì huhu,1,0,0.07081554164797535
"điều đó không quan trọng , quan trọng là đéo xác nhận lời mời kết bạn",1,0,0.11963422126007574
"em sẽ mãi không biết có lúc tôi gọi chỉ để nghe câu "" ai vậy ?""",1,0,0.3608584865474382
thế giới giờ đáng sợ quá rồi 😌😌 tâm phải tịnh không là tiêu nha mấy ông 😢,1,0,0.35054064325409895
t gặp ngỗng chạy bỏ dép,1,0,0.08307460403951274
"chưa muốn lấy , cơ hội vẫn chia đều cho tất cả các anh : ))",0,0,0.11053840297285909
"per đúng rồi , không muốn xa cách đâu 😞",1,0,0.4179698834318603
"bọn 6 múi yêu nhau hết rồi , tao bụng mỡ đây , tao vẫn thích con gái đây !!!!!",0,0,0.04462712717064515
họ vui là được rồi :))),0,0,0.03842858512084791
per ồ ồ chân chính chạnh lòng rồi 😂,0,0,0.08711197719682524
còn các bạn đặt bánh của mình toàn gửi cho người yêu . chắc câu chuyện này còn buồn hơn :((,1,0,0.07337153270643004
per rồi sẽ có 1 ngày vừa cười tao vừa kể chuyện khiến tao rơi nước mắt,1,0,0.47218256837783085
ngôn lù thế hahaaa :))) đáng yêuc vãi,0,0,0.06371774460418145
nhìn ông với bà chất hơn thanh niên bây giờ,0,0,0.03143632561884852
"phim hay dã man diễn viên chính đẹp trai , xem đi xem lại không chán",0,0,0.017002886519196743
"mình đang thất tình đéo hiểu sao đi cafe còn toàn tận cùng nỗi nhớ , chạm đáy nỗi đau , đừng như thói quen ... dume :)",1,0,0.1765140812183637
"per vãi xem phải cỡ này . , đoạn nó nhếch môi bố mày sợ suýt đái ra quần dume 😑",1,0,0.15795831792997372
cám ơn mấy chế nhiều nhiều nhé 😗,0,0,0.067664125289752
hồi bé tôi cũng bị chửi cả ngày từ sáng chí tối ! nhưng không phải bố tôi mà là bà nội tôi !,1,0,0.3958485301007206
cuộc sống tạo ta áp lực ..,1,1,0.8062045037577933
cười vãi ???????? mặt con bé cũng hài ghê,0,0,0.10320387659770547
tuổi thơ tôi bị ám ảnh mấy con ngỗng này . mấy con màu xám cứ mỗi lần đi học ngang qua ngõ nhà hàng xóm là nó đuổi . tao lại chạy thục mạng . cứ phải đắn đo mỗi lần qua đó xem có chúng nó không rồi ù chạy như ma đuổi . haizz tuổi thơ tôi ....,1,0,0.34201086969212313
ổng bị bắt rồi :( rồi lấy gì coi,1,0,0.32226256552877725
"ai thì tao không biết , chứ tao thấy tiền là đã có động lực phấn đấu rồi",0,0,0.28773425386466767
đã check in thành công và mãi vẫn chưa gặp được người ấy là ai :((,1,0,0.09428525172379634
":)) đang ăn mỳ , không có trứng nhạt lắm , có rụnng thì xin vài quả !",0,0,0.14550121818594947
đáng yêu quá ! tình yêu ông bà thật đẹp !,0,0,0.00988777226493182
per sắm 1 cái cho công túa ngồi nhà kêu gu gu hí =))))))))))),0,0,0.04741574661868092
"ăn 1 miếng bò mà giết thêm đàn kiến . chưa biết ngon thế nào nhưng một đàn kiến về cõi vĩnh hằng , tội cho đàn kiến .",1,0,0.18137760275859954
thứ ba mẹ cho con và con nhận thấy đó là sự đức hạnh tấm lòng cao cả cam on ba mẹ rất nhìu,0,0,0.1241964066843357
per my nè kkk,0,0,0.13937233457087944
tớ cũng muốn có mối tình như vậy ??,1,0,0.3844124692313827
hết buồn cũng phải có tiền mới hết được :)),0,0,0.0641754980564293
ng ta cuối cùng thì cũng được còn tôi thì never 😞,1,0,0.39077432705796966
phim nay và phim triệu phú ổ chuột là 2 phim của ấn mà mình thích nhất,0,0,0.07105321449176394
bình dị vậy thôi .. mà sao mãi tao chưa tìm được ? hix,1,0,0.15083971508074606
biết nấu cơm bếp củi từ lớp 2_3 gì đó,0,0,0.2068059440381023
"ám ảnh hồi bé của c , con này trông nhà oke hơn cả chó luôn",1,0,0.06330357656389926
t mới tính tới bước thất bại chưa tính tới thành công :)),1,0,0.06486936454658547
"em lấy đi niềm tin chả lại cho anh những gì , cũng vì anh vụng về đánh rơi hay càng xa vời càng dễ mất .. anh chân thành nên anh tổn thương",1,0,0.15884200857765574
dễ thương . cứ yêu đi ngại gì .,0,0,0.054828550245988754
hí . dễ thương quá,0,0,0.03716998368873672
"1 đoạn phim được trích ra tuy ngắn nhưng , chứa 1 thông điệp rất có tầm quan trọng",0,0,0.09197182097792361
tối nay chồng tương lai sẽ đưa con khác đi chơi 😆😆😆,1,0,0.06899905257944057
"bất cứ lúc nào nghĩ về đời tao chỉ thấy vị cay , nồng nơi khóe mắt :))",1,0,0.2823556752165795
tự nhiên coi tới khúc th bé kéo hết bạn bè tới chụp hình tao buồn cười vãi ! ông kia nghĩ ! thôi chết mẹ rồi ! kiểu này tối mới lau xong 😂,0,0,0.40442734933441926
"per cố gắng lên nha anh , mọi điều tốt đep đang chờ anh 💓💓",0,0,0.08485622357003647
gặp được em nhưng sẽ chỉ quan tâm và bảo vệ em từ xa,1,1,0.5168745509343071
thêm đường hay cho thêm bánh gato về tẩm bổ :),1,0,0.031127424957027066
thấy cái thèm ts quá,0,0,0.05527825960051837
"hiện tại mình cần tìm người yêu , bạn nữ nào chưa có chồng hay chưa người yêu thì bình luận bên dưới để mình lựa một bạn may mắn nhất nhé :)))",0,0,0.042050334338229384
a per ..... nhìn những hình ảnh này ... sao em nhớ về anh quá .... 15 năm ròng rã .. giờ anh lưu lạc nơi đâu . 😭😭😭😭,1,0,0.11004085630778908
chữ tao từ lớp 3 đã kiểu như thế nào và còn đẹp hơn nhé .,0,0,0.14122048297548798
per quẹo lựa mấy đứa ơi . để lễ nay đặt vé luôn cho rồi . nóng quá rồi :)))),0,0,0.04064035244245393
xem đi xem lại bao nhiêu lần cũng không chán ... vẫn cảm giác hồi hộp :),1,0,0.2643709430157539
bé có năng khiếu làm cô giáo dạy văn ... nghe thì nghĩ tục nhưng đời thường là có thật ... bác nghe thấy đồng cảm với các cháu,1,0,0.06122809785465906
chết luôn .. tình yêu không phân biệt . giới tính .. tình yêu ơi là tình yêu .. tao đau khổ vì mày lắm rồi ...,1,0,0.3834244147800675
"mức thu cao nhất - đồng ý vì số liệu nó thể hiện như vậy , chứ còn hiệu quả thì mình không biết đúng không 😂 mỗi lần vô vcb là hiểu phải đợi mỏi mòn , không như những nh khác",1,0,0.3022641812129219
"thà biết rồi đau 1 lần cho tởn rồi thôi , chứ đừng để nỗi đau cứ day dẳn giằng xé mãi cả đời ☻",1,0,0.2660417125235519
nghe anh ấy nới chuyện rất thuyết phục,0,0,0.014340347922511192
thông minh :v,0,0,0.09478663197334417
oimeoi tao thấy được tao ngày xưa đây rồi =))))),0,0,0.10054597214851602
con mong cụ cuộc sống sẽ tốt hơn 😔,0,0,0.3144530874405194
sau mưa ra đường sợ nhất gặp giun,1,0,0.11264779693230385
nên gan ngỗng ăn ngon đó,0,0,0.13604547193826738
"ngày nào cũng thấy tàu trật bánh , khá buồn",1,0,0.1409304824965824
nhìn đẹp quá đi mất,0,0,0.04927917172029631
tao đang cố un crush nhưng khi xem xong video trên thì ..........( khóc không ra nước mắt ),1,0,0.15855440766053988
đó là khi anh per cưới vợ đó 🤣,1,0,0.11101938037207873
ngoài những bài chia tay vì lí do vớ vẩn ra thì neu cũng có những bài đăng đọc rồi còn nhớ mãi .,1,0,0.07161487070345504
mặt nhỏ dễ thương vãi =)),0,0,0.03813625379458086
béo tí đáng yêu mà =)),0,0,0.02108649677729289
"hy vọng chừng đó con đã đi mẫu giáo lớn , 1 xe bảy chổ và nhà hai tấm 🤣",0,0,0.14114005030220536
1 năm không biết bao nhiêu lần x - quang :(,1,0,0.3442353042221931
cả người nhà người yêu cũng không đồng ý :((,1,0,0.05376556536896573
"mình nói thật nhìn từ trên cao xuống đã thấy chóng mặt rồi , vãi",1,0,0.20020445460648711
tao giận bạn trai tao và 5 ngày rồi nó đéo dỗ tao luôn hix,1,0,0.19581327903704102
dăm ba cái kỉu đây hồi nhỏ tao đốt chấy vài á mà 😃,0,0,0.08804944846166524
per lên lịch hẹn hò nhanh,0,0,0.08017109011326538
chia buồn cùng nước pháp .,1,0,0.2025816786744754
nta vẩy tay mấy cái cũng ra tranh còn tao thì 😪,1,0,0.1227671024054782
mặt chúng bạn kiểu lại đéo được trả tiền rồi 😞,1,0,0.12894220130484926
"hắt xì mệt quá , muốn bắn , muốn làm việc :(",1,0,0.493627627782366
"t xin nhắc lại một lần nữa , đây là một câu chuyện buồn nhé",1,0,0.18293166706339137
"tội nghiệp , có rất nhiều em ở nông thôn bị như vậy 😢.",1,0,0.10353268500356576
buồn thay cho lớp tao,1,0,0.06949171218204196
hi vọng trưa nay lúc ăn cơm vtv24 sẽ không đưa tin về bạn này ạ,1,0,0.17360037834976466
per sự thích thể hiện của các bạn mà bóng đá per tốn một món tiền không nhỏ ! 😩🙏🤕,1,0,0.1381901804432501
đáng iêu vãi =]],0,0,0.08944030247616343
quá ý nghĩa . mình trẻ mà chắc gì làm được vậy,1,0,0.1255233398133863
bộ phim hay nhất từng xem,0,0,0.012297852331008679
bạn đã hiểu nổi khổ của mario khi mua vui cho bạn chưa :)),1,0,0.1048474131599481
boss hổng có 6 múi hả :( buồn dị,1,0,0.08306025518143435
chân tao không đu ̉ da ̀ i đi ̉ đi con đươ ̀ người na ̀ y :((((,1,0,0.12852186231181792
nước ngoài có đầy mà :)),0,0,0.06614033523805811
cái gì mà rớt hột le tè vậy em gái 😁😁😁,0,0,0.0645236754689094
có người yêu coi bộ cũng vui 🙂,0,0,0.03699830194474537
14 / 2 năm ngoái tao mọc sừng . nên 14 / 2 năm nay tao quyết định cưa sừng 😊,0,0,0.14570628002779676
"vui vẻ chút , lạc quan chút cho đời thêm vui cũng là một cách 😂😂",0,0,0.14384881223129523
"lại là lào cai , tự hào quê mình quá :))",0,0,0.08052582033244314
nói tiếng tuy hoà phú yên làm tao nhớ đến nyc . giọng nó sao ngọt không thể tả . buồn,1,0,0.057698976999484515
yêu quá hóa điên 🤣,0,0,0.02456441157372434
nhìn nữa sao . hỏng yêu đi . cho doi . vui vẻ,0,0,0.023593057500610037
cứ thấy trai đẹp là tao hạnh phúc :),0,0,0.0488707856491782
đậu . tao mê nhất là giọng tuy hòa phú yên . nó luôn mang một ấn tượng sâu sắc . nghe cứ thích thế nào ấy,0,0,0.06648249585709723
cái con đồ chơi đó mua ở đâu nhỉ . cười đéo nhặt được mồm . 😂😂😂,0,0,0.09996493969110005
sao lại cưng đến thế này ^^,0,0,0.1298043374151753
per gặp thần tượng mỗi ngày kkk,0,0,0.12520017410177461
xem mấy lần rồi vẫn thấy hay,0,0,0.03664345483621446
đcm ngôn tình vãiiii,0,0,0.07949900372536406
dân kinh doanh khoái đi chợ này lắm nè,0,0,0.31562736270901337
đã trải qua và thấy chuẩn cơm má nấu,0,0,0.14405287590163007
crush mới thích ảnh tao mà tao đã . nghĩ đến chuyện đặt tên con rồi,0,0,0.15136853410060078
cái gì vui vậy mọi người :)),0,0,0.05449518457062995
má chủ dễ thương vậy tao cũng muốn xin,0,0,0.24133256433840583
câu chuyện dễ thương thật ^^,0,0,0.0380970561160338
điều tồi tệ là học nửa vời chã ra làm sao,1,0,0.12101044124760456
trước khi lấy vợ boss có một thân hình hoàn mĩ thế này đây,1,0,0.2650583356403715
cô quét đi cô cho cháu hốt về với =))),0,0,0.035820428899354446
này thì câu thích 😂😂😂,0,0,0.0746282128180683
bốc toàn trúng may mắn lần sau,1,0,0.21016404943676714
định mệnh tao lại quên mang áo mưa,1,0,0.21961146577778873
xem xong video tự thấy mình còn không bằng con chó ...,1,0,0.16691612844890516
chúc mừng cp . cố lên cp .,0,0,0.03987444190131283
per huhuu không biết lúc đấy thực tập chưa :(((,1,0,0.11545605984683636
"con này còn hại hơn cả ốc bươu vàng . cấm nhanh còn kịp , để nó ra ngoài thì chỉ có người nông dân thiệt thôi",1,0,0.09000190140883264
liên quan à . cr mày đéo thương mày đâu . nó có crush mới rồi . 🙂,1,0,0.1961080498301696
thật là đáng sợ,1,0,0.12652405825721377
em chờ được mà 🙂,0,0,0.1562887043430625
"mình nhận thấy hình như ông ấy đang rất đau khổ , mà không thể or không muốn nói ra .",1,0,0.3814111384609838
"giá trị lịch sử văn hoá gần nghìn năm đã mất đi rồi :((""",1,0,0.3593980172037555
em nuôi con lợn mấy năm rồi mà vẫn trống rỗng huhu 😭😭😭,1,0,0.4456410870475028
sợ thế,1,0,0.2905182731119626
hay à ngheng,0,0,0.008488439650703708
"t cũng thế . đang ngồi chơi với con , vợ nó đắp mặt nạ lù lù bước vào . xém đái trog quần ??????",1,0,0.23253813564340237
"đúng rồi , vàng là phải vàng mới có giá trị , vàng trắng làm gì có giá trị 😥",1,0,0.22762771414714758
toàn tặng đồ gây sát thương thế kia khả năng bị phản damage là rất cao,1,0,0.11064574131994874
mệt mõi 😥,1,1,0.5798713091685472
tao không biết tao đủ ổn để đi học thêm không nữa,1,0,0.3163671776381128
ai đó hãy tát trà sữa vào mặt tao đi 😭😭,1,0,0.26301497287268855
trông tội quá,1,0,0.05377668124672638
"thanh diễm giờ tao hiểu tại sao cứ sáng vô là tao trông tới đi về , đầu tuần trông tới cuối tuần và đầu tháng trông tới cuối tháng rồi 🤣🤣🤣🤭",0,0,0.34022649983371844
làm đéo gì có ai nói chuyện thân thiết với tao đâu mà,1,0,0.3132314261624731
ad cho hỏi nghệ an lúc nào mưa vậy ah 🌧🌧.. ốm cũng cam lòng chứ vã lắm rồi 🥵🥵,1,0,0.3061955869019873
"chửi vậy cũng bình thường mà mọi người cứ làm quá . mẹ tao cũng suốt ngày chửi tao , tao thấy vui mà .",0,0,0.3475956554805398
"đừng ám tao nữa , sợ lắm",1,0,0.4764173283473852
ý là giọng quê tao đó hã,0,0,0.05336101881093324
"đang định đi nhổ răng khôn , nghe được tin này thấy ghê răng 😁",1,0,0.05676926414914409
nhờ mất bạn nên mình mới biết 😂😂😂😂,0,0,0.06090380719654926
vừa đây về đông kinh hồn càng về đêm càng đông,1,1,0.5891612724172489
"mày làm tao nhớ em gái ghê , mai sinh nhật con bé rồi mà tao đang đi làm xa nhà , không về được .......... 😑",1,0,0.15451566606946449
ui nghe ấm thế,0,0,0.12257315937097951
chắc từ giờ tao đéo giám ho nữa quá .,1,0,0.3427727600699587
đau lòng quá,1,0,0.2032730090685303
không những hạnh phúc tao còn cứng nữa :)),0,0,0.07964594539501209
chúc mừng các anh . các anh giỏi quá . chuc các anh mạnh khỏe .,0,0,0.013485160148021272
"thương quá . giờ con đi học ở lại cả ngày thì hên xui thôi chứ biết làm sao , không ăn thịt heo thì ăn gì . mong sao có lệnh tạm dừng ăn thịt heo trong thời gian này cho các trường mầm non thì hay biết mấy .",1,0,0.2053744465843727
tội em gái đó,1,0,0.08038309112368208
ăn cơm mốc có khả năng bị ung thư gan cao . hít,1,0,0.06930671984565866
làm người khác thỏa mãn bằng mùi hương của chính bản thân,0,0,0.08503058700825368
anh đừng bỏ em đi mà 😢,1,0,0.060679757355760436
muộn rồi :))),1,0,0.03305422926736772
dễ thương hết sức ??,0,0,0.12688554614895897
cái khó ló cái khôn :))),0,0,0.030558736212633632
a độc thân nè không có ai để nắm tay gọi là thử coi .. hihihi chúc em luon vui ve em nhé ...,0,0,0.14284324280111527
hồi nhỏ đọc tao đã nghi nghi rồi =)))))))),0,0,0.05548697606957371
per tìm được đối tượng nào để cầu hôn chưa :))),0,0,0.10562706644891312
cũng đúng :)),0,0,0.0623893296126388
"thích cái câu , có mỗi thằng con rể đểu mà cứ xoắn cả lên 😂😂😂",0,0,0.07136368909138836
"coi khúc đầu không hiểu , đến lúc ổng bước ra khỏi làn khói , thật không thể cầm được nước mắt",1,0,0.31552590912246786
per thích quáaaaa,0,0,0.1307122276575051
tao cũng ho trật mẹ khớp vai mà đéo phải 1 lần đầu nhé,1,0,0.20373441773367812
hú hồn chim én :) nào làm ra này chắc cũng ngáo dữ :) chắc add không sợ nhện :),1,0,0.1346009774606517
biết trân trọng những gì mình đang có ☺️,0,0,0.4019809816875032
có gì đâu bé vậy mới cool đó anh thích 😉😉😉,0,0,0.05675432937921251
"aaaaa con nhện 😨 "" aaaaaaa con ế !"" - nhện said 😂😂😂",0,0,0.12359392880487136
tiếc cho mối tình ấy ....,1,0,0.07872895867704077
phim nay xem rất nhiều lân nhưng quá hay vẫn muốn sẽ tiếp tục xem,0,0,0.07541012224877705
"đúng thế , ở đâu cũng được đâu nhất thiết phải ở đây",0,0,0.14465036837802828
gu của tôi trời ơi . tiếc mới có chồng với đứa con thôi . huhu,1,0,0.1255182929992788
rồi mấy đứa chân không được dài như tao phóng qua kiểu gì :),1,0,0.13554267625898606
trời ơi . dễ thương quá luôn ❤️❤️,0,0,0.019523649277644536
per sáng mai kiểu gì cũng về tới nhà :)),0,0,0.07255330513785684
để anh dẫn em đi ăn nha :)),0,0,0.029439768656418355
vậy là thế giới mất đi không biết bao nhiêu món nướng rồi :(,1,1,0.5197034065271828
"tui đây vừa vô phòng thì con vợ mặt trắng bóc nhảy ra đây , tưởng là ma",1,1,0.7332457387997103
những điều đơn giản nhưng thật hạnh phúc 😘,0,0,0.15858958693771322
phải chi có người yêu nhắn tin ngọt ngào như này,0,0,0.07603455893681826
"hồi học lớp 5 bảo bố đi mua sgk cho , xong bố đi mua nguyên bộ lớp 4 đầy đủ từ sgk đến vở bài tập 😂",1,0,0.0517083751128363
cả 2 loại người này đều đáng sợ !,1,0,0.11549782193922145
per mỗi ngày đi làm thấy per là như có thêm power cho 1 ngày siêng năng !!!!,0,0,0.06680908227801528
"bị ám ảnh hồi bé đi nhổ răng , không dám đi nha sĩ nữa :((( huhu 😭😭",1,0,0.12880876112131748
quá đau lòng nhưng chúng ta phải chấp nhận với điều đó,1,0,0.14127623700914269
"per hồi nhỏ bị ngỗng dí riết ám ảnh , giờ mà bị dí chắc cầm cổ quay thấy moẹ nó luôn hehe",0,0,0.08838235374319099
per sợ nhện đúng không :)),1,0,0.05808829394963353
em chân thành nên em tổn thương !,1,0,0.29089680386745
"per ăn tết xong , cần cây cầu này để giảm cân 😆😆",0,0,0.20693450198715613
"ngày cuối cùng còn ở lại , bản thân không có bất cứ một cảm xúc gì , trong lòng chỉ độc một mảnh phẳng lặng .",1,1,0.5661299532012701
anh chờ ... đáng yêu ghê,0,0,0.02682491905712575
vẫn chọn tech là ngân hàng đồng hành,0,0,0.044935176351529764
đây là 1 câu chuyện buồn,1,0,0.1083016823960964
duyên quá nói chuyện hay,0,0,0.048887353369713824
móe . con nhện . cười đau cả ruột .,0,0,0.2668471965146595
thề cứ 1 lần trượt là tao cười to hơn 😆😆,0,0,0.1892817825843342
chị đầu tiên buồn v :((,1,0,0.20625683187153868
tao đã rất muốn làm bạn tốt anh em tri kỉ với tụi hắn nhưng không ai muốn làm bạn với tao - _ -,1,0,0.42350096544026383
con gái tao thì suốt ngày hêy siri bắt chước mẹ 😂,0,0,0.1241300028647912
"đi hát văn nghệ cho trường nguyên cấp 1 , kiếm được kha khá . cấp 2 vỡ giọng , khỏi hát 🤣",0,0,0.017689744745154536
tao rất thích nhạc trung từ giai điệu đến ý nghĩa rất hay 😁😁😁,0,0,0.03001980561936795
nhà tao cũng gần mà tao không bao giờ dám đi đêm,1,0,0.39079094624645644
per có ai còn nhớ thời đầu băng xem đi xem lại xuốt ngày không kakak,0,0,0.060333889709089886
thế là hết những gì đẹp nhất của nước pháp sao không phun nước cứ để cháy rần rật nhỉ,1,0,0.09712573922622053
tại vì anh trót nói lời thương em mà em không đáp lại,1,0,0.16632529602952786
mới ngày nào bidv còn đứng nhất mà .. haizzz,1,0,0.2807021624129116
bị nó chặn đầu mấy lần khóc sướt mướt luôn . mấy con yêu nghiệt này còn dữ hơn chó,1,0,0.30821165374765547
per tuổi thơ của mềnh đi học là lúc nào bạn tao cũng ngồi trên và khi nào múa giờ ra chơi cũng múa chung với mềnh 😅😅😅,0,0,0.2499687097386568
nhìn là yêu roi muốn nuôi quá trời mà sợ không chăm được em 😢,1,0,0.1827104763722602
đôi khi hạnh phúc chỉ là những điều giản dị nhất mà chả ai nghĩ tới 😊,0,0,0.3042445318256972
huhu xem mà muốn khóc vãi,1,0,0.18630848518277576
tao thấy tai nạn giao thông là tao nói với mẹ .. con chạy ra đó để tối lên ti vi ... mẹ tao chửi sấp mặt luôn,1,0,0.3443597279291589
nó giống tao ghê . gặp tao tao cũng chọn mày,0,0,0.16484069714993152
"per hay đó bro , trừ điểm bro chưa bao ăn :)) - 10",1,0,0.05081053621883285
cũng sợ mấy con ngoe nguẩy như giòi 😰,1,0,0.19018395237293384
"ước gì mèo nhà mình cũng có thể về nhà như vậy , mất ẻm được 2 năm rồi :(((",1,0,0.3130834783729073
tự dưng cay mẹ mắt,1,0,0.29866977167836734
bác vẽ làm tao nhớ con cá này vãi =))),0,0,0.04529592323431893
trường gửi điểm về và mẹ cũng điện chửi :(,1,0,0.32535701311719606
nói chuyện như người yêu ??,0,0,0.0646962927300747
đó là một câu chuyện buồn 😀,1,0,0.1222063019001284
xem xong tôi cảm thấy còn u ám hơn :)),1,0,0.15823183103426586
chúng mày cứ cười . dm mai gần đấy có biến lại thấy anh ấy trong bộ cảnh phục thì lại tung hô quả nằm vùng quá đẳng cấp 😂😂😂,0,0,0.056580093216297735
không phải không thích mà bản thân chưa đủ tốt để sánh vai . phải chi anh có thể đợi em khôn lớn !,1,0,0.12493576789894514
rất có tố chất . liên đoàn xe đạp việt nam có thể liên hệ để đào tạo được đấy,0,0,0.04164773569291003
"đếu thể đỡ được "" tiền mừng , tiền mừng "" hahaha",0,0,0.09055978999087867
còn buồn hơn là cố quan tâm thế nào họ vẫn không hề rep lại,1,0,0.13209662269231867
đáng yêu phết nhể,0,0,0.023680473387964963
tuổi trẻ tài cao =))),0,0,0.023601373821925144
ước gì được giận lại 😐,1,0,0.15841542951952814
sợ vãi linh hồn 😞,1,0,0.13945213594839065
thôi chết haha ...,0,0,0.441527426034373
cái này phải hơn 20 năm rồi . lần đầu không biết canh lửa nên cơm khét hoài 🤣🤣🤣🤣🤣,0,0,0.16311579986512753
anh lỡ mất em rồi huhu,1,0,0.1764536387712113
per ly trà sen của anh đem qua có ngày nó thành như v đó 😭😭 hức hức ...,1,0,0.12719423684952402
ngầu lắm bạn ạ ^^,0,0,0.18330294524610846
đã gặp được em đúng lúc . nhưng lại không phải thời điểm em muốn ....,1,1,0.6149167115236117
những người em thích đều đi nơi đâu rồi còn con ml bên cạnh song hành,1,0,0.17412389570853418
ơ thế hoá ra tao không bị ngu một mình ?,1,0,0.446359683895802
ngày xưa mẹ tao dạy ở miền núi . năm tao học lớp 3 lần đầu tiên lên trường với mẹ . đaumoa mấy con ngỗng mất dạy rượt tao leo lên cây phượng cao chót vót cả tiếng không dám xuống .,1,0,0.27800484033367223
món này ngon vãi,0,0,0.19524757067491216
cầu cho chú luôn mạnh khoẻ ạ 😢,1,0,0.054254010448978957
chỉ ước về sau mình được vay,0,0,0.32218964566038977
không muốn yêu ai cả,1,0,0.3570275028532199
minh biết nữa ne,0,0,0.3986871414325765
trên đời vẫn còn nhiều điều tốt đẹp ❤️,0,0,0.09038177872359983
mai tao cũng đi ship mới được . có bài này áp dụng luôn .,0,0,0.08327514687167538
thằng ben thật tội nghiệp,1,0,0.04490705840405444
cả đời mình chỉ ước có 500tr trả nợ ngân hàng cái xe để chạy kiếm ăn ...😥😥😥,1,0,0.18265461211220443
t cười ỉa ...🤣🤣,0,0,0.4692209221037324
em buông tay anh nhé .... quá khứ ấy anh hãy xoá hết đi .......,1,0,0.07037198540538606
rụng tim 😭,1,0,0.07084416352704698
tao không tin đâu hiccc =(((,1,0,0.15833683602461265
ngày hôm ấy tuyệt đẹp nhưng lại đượm một nỗi buồn ngày mai thôi chg được gặp thầy cô bb lũ chúng tôi khép cánh cửa ấy lại nhìn lại toàn bộ khung cảnh ôi thân thương biết mấy cảnh vật quen thuộc sẽ không được trông thấy nữa,1,0,0.04650248594676497
chúc mày mau khoẻ nhá chủ thớt ạ =)),0,0,0.05476854067837657
được . đỡ tốn 5 nghìn,0,0,0.10769039332499213
muốn nhanh thì phải từ từ =))))),0,0,0.13068936456421182
ốm mà xinh thế :3,0,0,0.09637262693325667
dạ cho em hỏi cái đường này ở đâu z ạ . để em đéo tới đây ạ . đm bước cái chắc tét háng,1,0,0.10168159785426864
"dù chỉ để nhìn 1 cái , để biết người ấy vẫn ổn , người ấy còn tồn tại . ít nhất là nv 😔",1,0,0.19493737012104573
má . đang định đi chụp :((,1,0,0.12952005104975697
bày đặt viết trên cát khắc luôn vào đá cho tạt thoải mái,0,0,0.17236032768725199
cho em canh với . hehe,0,0,0.09572881169315656
"anh sau đó , không còn là anh nữa ...",1,0,0.15252187247541116
sao giống phim good doctor của hàn vậy ?? cũng bệnh tự kỉ và có khả năng nhìn được 3d !,0,0,0.04488709539747898
đẹp trai thật .,0,0,0.04509101281060164
hay . đỡ mệt,0,0,0.36673784449228874
per bài tủ 1 thời =)),0,0,0.03591856782120292
tôi cắn bất chấp =)))))))) chắc là tôi yêu tụi nó cuồng si rồi,0,0,0.08284081056188812
mở ra mà thấy vậy chắc tao sợ quá mà chết luôn mất :),1,0,0.21618854839122112
đồng đội chơi tốt quá hahaaa,0,0,0.03347519238507393
giọng cute phết,0,0,0.053782078891428955
tao sợ ăn xong nóng đêm gãi toét chân,1,0,0.1101953096118231
"con gái không thích con trai đầu hói , vì cưới về dễ nhầm đầu :d",0,0,0.10928409189757551
chuẩn bị prayforparis thôi 23 tuần kể từ khi phe áo vàng làm loạn rồi mà vẫn chưa dẹp được .,1,0,0.2197958631498792
đau đớn quá sao phải tham mấy đồng tiền đó nhỉ,1,0,0.07221958050931468
"hăm hở đón nhận tất cả , thậm chí là nỗi buồn , nếu điều ấy khiến việc tồn tại của bạn mang một hương vị đáng nhớ ...",1,1,0.5335284381911123
buồn nhất là crush cũng chả có để mà thả 😞,1,0,0.11280847093255116
"tao sợ chó lắm .""",1,0,0.34867457835263543
"tuổi thơ tao gặp toàn trai bánh bều , mít ướt . toàn là tao galang , dỗ dành . ôi cái cuộc đời này per",1,0,0.13049513776544897
"ngày đẹp trời là ngày được nghỉ làm , đi những nơi mình thích , với người mình thương , ăn những món ăn ngon . xong về ôm nhau ngủ :)))",0,0,0.08460805000910687
"nhớ hồi euro 2012 rực sáng trong màu áo tuyển ý , ghi mấy bàn mà bàn nào cũng thấy phê .",0,0,0.03635534037362894
chồng tương lai lại nuôi vợ thằng khác,1,0,0.08896533442183625
"thương các con quá , lũ khốn nạn vì lợi trước mắt ma tội cho bọn trẻ , bọn này cho chết het",1,0,0.16138743026024452
t thấy tội nghiệp thằng cải,0,0,0.04891621600204676
hồi bé bị ngỗng dí hoài =)) sợ vãi,1,0,0.0583472996996307
má chắc gặp tao chạy mất giày,1,0,0.2338286032161904
"bữa tao coi cái video này nhưng nó ghép nhạc bựa vãi ... mỗi lần mỗi anh té là first blood , double kill ,... các kiểu =))))",0,0,0.038409129619470884
bạn gái nào xinh xinh mà bị lạc thì vào nhà mình cho ngủ nhờ này . ??,0,0,0.11083714428648377
đúng là càng ngày càng chán . cứ theo luật mà làm thì chán cực kỳ luôn,1,0,0.3639408137811922
cái cuối phê vãi,0,0,0.042686552129566936
ê tao đi nhật chưa được 1 năm mà xem video này làm tao loạn ngôn ngữ ghê . thỉnh thoảng phải dừng video ngẫm câu nó nói nghĩa gì,1,0,0.18873545241555134
per kinh dị thấy mệ luôn nè,1,0,0.21832137835581883
làm chó khổ lắm chứ bộ :((,1,0,0.39206337290044374
bức ảnh này lại làm mình bị ám ảnh . haz,1,0,0.29192113031958106
dân chơi nhìn cái biết ngay 🤣🤣,0,0,0.037991826991347205
đáng yêuc quá,0,0,0.038593400270745634
tiếng guitar thật tuyệt,0,0,0.042951696711696956
mỗi lần tao ăn đu đủ bằng thìa thì bố tao lại chửi tao . bố tao bảo loại mày ăn đu đủ không cần thìa đâu .,1,0,0.25255397296666116
mệt như chó :3 nhưng mà hoan hỉ đầu năm đi xin lộc :v,0,1,0.5209720275962603
đáng yêu quá . phải thằng trai nhà tao thì nó sẽ nhẩy vào tính ôm luôn cái máy ấy về =)),0,0,0.019725356212113875
đau nếu còn nghĩ về nhau thì hãy quay về bên nhau :)),1,0,0.03648853740947821
một hành động đẹp đầy tính nhân văn ☺️☺️,0,0,0.05100342305000269
"hôm bữa đi ngang qua , thấy hết con mẹ nó hồn",1,0,0.1139319908407488
nhìn một cái rồi quay đi là thấy mãn nguyện rồi .,0,0,0.03717091950025035
ôi hạnh phúc quá 😄😄😄,0,0,0.06061081389739219
biết ngay anh per lại mượn đầm của vợ :)))),0,0,0.04529586370105692
sợ vãi,1,0,0.12137101140660851
tao ho rụng hết tóc rồi 😭,1,0,0.10289528282682628
dù có sống được mấy đời thì cũng nợ mẹ cha trọn cả mấy đời .,1,0,0.1676305009157992
đây là một câu chuyện buồn 🙁,1,0,0.1407542926734204
má ơi đây chính là thứ ám ảnh nhất cuộc đời con . kẻ thù 😢😢😢,1,0,0.33463301749492935
per bị chữi thì ráng nghe mà vui đi nghe . cứ như nghe hát miễn phí 🤣🤣 còn bị chữi là còn hạnh phúc . nguoi ngoài ngọt ngào nhưng chắc gì đã thật lòng đâu,0,0,0.12058536374568764
tao tưởng tượng sau này sẽ có 1 thằng bồ vừa điên vừa ngáo giống tao .. chắc vui hết sảy 🤣,0,0,0.1178190228326407
sợ quá đi,1,0,0.09444733947155512
cay và đắng nghe mấy ông lớn tuổi toàn kêu thế thôi,0,0,0.09120035041060141
thấy dòng này quen quen . thấy đọc bình luận của ai á . haha . buồn cười 🤣 🤣 🤣,0,0,0.07279972935439645
và đương nhiên sẽ có ngày cô ấy sốc vì giới tính thật của cô ấy !!!,1,0,0.10596181491427757
là nhân duyên trời ban cớ sao chẳng thành đôi :(,1,0,0.20412152556756105
tau đã được bà nội vá quần 🙂🙂🙂,0,0,0.10671174031870023
page bị hack rồi . video hay nhất mình từg xem,0,0,0.039360773998216775
""" tụi mình tuy không yêu nhau hai lần , nhưng nếu có cơ hội ... anh chắc chắn vẫn tặng em đoá hồng đẹp nhất """,0,0,0.060290177835912485
chỉ khổ các con thôi !! sao người ta lại có thể mất nhân tính như vậy,1,0,0.1540156544950871
crush của tao cười hơi bị xinh :3 xinh + cười = đỗ mãi • 3 •,0,0,0.211671689558478
dễ thương quá à ????????,0,0,0.028078422455561452
chuẩn kkk 😁,0,0,0.08021203433333479
ukm . nguy hiểm thật :'<,1,0,0.0452352202507508
"đi chơi gặp 3 con mất dậy này vừa bị dí vừa bị cạp đít đau không chịu được sau phải nhảy lên cây để trốn , giờ gặp là sợ 😭😭",1,1,0.5944994061275537
per mày cứ kén chọn đi chúng nó yêuc nhaooo hết rồi kia kìa ahuhu .. không tin vào mấy thằng ông nội cơ bắpppp nữaaa,1,0,0.10962890272177431
câu chuyện lấy đi nước mắt của tao,1,0,0.12696083757746537
"thằng bạn ngồi kế bên lớp 2 nhà bán vàng mà nó học dốt , thế là làm bình thường về nhà cho nó , 1 bài 2k , mồi ngày kiếm 8 - 10k 🤑",0,0,0.09000205582225194
sự thật thì cố suy nghĩ vui vẻ hạnh phúc mà trong túi không có tiền chỉ sợ đất cũng không có mà ăn,1,0,0.1911442304715715
nhưng tao đéo có crush,1,0,0.16271399330154854
tận cùng của nỗi đau :(,1,0,0.29967818545245206
cần tìm gấp bạn trai đáng yêuc như anh này trời đất ơi =)),0,0,0.027831746715507224
đố ai định nghĩa được tình yêu . có khó gì đâu một buổi chiều . kề dao vào cổ yêu không hả . gật đầu lia lịa thế là yêu 🤣🤣🤣🤣🤣🤣,0,0,0.08251712627571187
chẳng biết nói gì . xem video em cười suốt mà lòng tôi không thấy vui tẹo nào . thương em,1,0,0.38534127716155675
cẩn thận mày lại có cháu sớm 🤣,0,0,0.13075061980589828
cái dây ở ảnh đầu xinh vãi vậy,0,0,0.0942674573896002
"lúc nhỏ mẹ nấu cơm bằng bếp củi , ttao thì không biết gì thấy lửa tắt thì chụm vô : )) mẹ ra quánh cho trận vì nồi cơm khét nghẹt 😑",1,0,0.22696068461554456
"ngày xưa đi học gần trường có bày ngỗng , hôm nào nó cũng cà khía rượt tụi học sinh chạy sấp mặt luôn",1,0,0.14927091454493896
tao thầy mày cười hí hửng vại mà ?,0,0,0.3417003958255927
nhìn đáng yêu vãi :))),0,0,0.009543772163050942
buồn thế nhỉ . t mới mua con per chưa nổi 1 năm . thế này thì biết sống sao 😨😨,1,0,0.29412906802444294
đồng nghiệp của tôi thật tuyệt vời,0,0,0.010873806919547035
per luôn yêu đời và luôn yêu công việc em nhé,0,0,0.03430702570953115
"sợ nhất mấy đứa ảo tưởng sức mạnh , nhắn tin nhiều chút là auto mình thích nó",1,0,0.18982590200033023
mẹ đang buồn ỉa mà trên đường về gặp mớ gờ giảm tốc kia thì phọt bà ra quần 😨,1,0,0.1654961367325714
hay lắm . thằng anh giúp 2e thêm yêu lao động,0,0,0.0493682253109775
"cô ấy rất tốt , nhưng tôi biết thứ nào tốt đều không dành cho mình",1,0,0.20886341307248935
"nhổ tóc sâu cho bố , hình như được 500đ để mua kẹo dồi 😂",0,0,0.06798022626547434
rất vui mừng khi ông ấy rời việt nam an toàn tuyệt đối ....,0,0,0.07817620900617696
"vợ người ta chưa bao giờ làm tôi thất vọng , còn vợ tôi thì ..... đi hết 1 / 3 cuộc đời rồi vẫn chưa tìm thấy 😓",1,0,0.29319414317310283
tao thì sợ nhất lúc nó mới cắt tóc,1,0,0.16787473417095203
"sau 1 thời còm men dạo khắp muôn nơi , cháu đã lên được fan cứng rất rất cứng 😆😆",0,0,0.11173403852386792
thằng nào sửa xe này dễ đau tim mà chết lắm . :)). nhất là những thằng sợ rắn .,1,0,0.2252693011204258
ừ công nhận == không có tiền mua,1,0,0.08341474879717867
chỉ là không có ai để nhắn thì mới nhắn cho mình . công nhận nguy hiểm,1,0,0.1308563938542995
có tâm mới có tầm haha,0,0,0.12485928086527012
"ngày xưa nuôi mấy con mèo . đêm hôm nó cứ lựa lúc cửa mở là chạy đi chơi mất . những lần nó không về buồn thối ruột , tối cứ mở cửa để đợi tiếng meo meo 😥",1,0,0.19137830882639456
per ơ tao còn chưa kịp đến bắt tay mà :((,1,0,0.14692439809636032
"chống mắt mà xem này khi bồ nói anh muốn đi tập gym thì dẹp ngay và luôn , măc công nó yêu thằng khác mất quá per",1,0,0.12026080907568489
đúng chất dân miền tây hahaha,0,0,0.05172447760669488
sống với nhau đến cuối đời người ta cũng chỉ mong có vậy .,0,0,0.20703591736034258
đang trong lớp mà ứa nước mắt,1,0,0.3430039807617324
nhìn quả mặt nó làm tao thoả mãn vãi,0,0,0.0825536853552823
"😔 tao không lấy chồng nữa , ở nhà nấu cơm cho mẹ , tao sợ lắm",1,0,0.2685573944504459
"chuẩn thế còn gì , phải có uy tín trong nghề mới thành công được",0,0,0.1111675146407903
per ngôn tình luôn ở quanh ta nhưng nó đéo đến với chúng ta 😏,1,0,0.08596372463734352
vận may s cứ xua đuổi mình hoài chứ có bao giờ tự tìm đến đâu ? đen thôi chứ đỏ quên điii nha . đời thường giết chết kẻ mộng mer như mình .,1,0,0.3660399421094297
"nguy hiểm lắm , ngồi nhà lướt facebook thôi mà không cẩn thận thì mất tim lúc nào không biết",1,0,0.2314006101035295
per tập gym đi mày có người yêu đấyyyy =))))),0,0,0.03607303439899998
rõ ràng vẫn là một người mà cắt tóc xong nhìn đáng yêu vãi :v,0,0,0.03415045485228585
tuổi lồn hù được bố m,1,0,0.13268723084095435
dume sởn gai ốc 😭,1,0,0.11646106934037928
giờ thì chả dám nhìn nữa hic :((,1,0,0.17668431228177528
"không phù hợp thổ nhưỡng , khí hậu . vậy mà vẫn tung hô , dải ngân để làm khổ dân . quả bóng trách nhiệm chẳng thuộc về ai cả . 😢😢",1,0,0.1231196660408586
khóc vãi 😭,1,0,0.24405514205983075
thề luôn con ngáo nó thích trêu mấy đứa sợ sợ như này =)),0,0,0.11021593716258624
bố mày đã sợ nhện rồi xem cái video này ... vãi đái :(((,1,0,0.11235396410837073
chỉ những người độc thân thôi,1,0,0.3104947440373867
giữ mãi lòng nhân ái các em nhé ! tấm lòng các em đẹp biết bao .,0,0,0.09592397471948402
hay quá,0,0,0.0017325124093398193
không cẩn thận phát là ngậm bả như chơi,1,0,0.10437813581003061
"trải qua một cuộc bể dâu , rồi bể ong ???? lót dép hóng :v",0,0,0.11719478143727777
xem mà rơi nói chuyện mắt khi ăn luôn 😭😭😢,1,0,0.17654384570498163
má :))) đoạn đeo mặt nạ kinh dị vkl :)),1,0,0.12339852017834627
mỗi tao thấy hồi xưa còn đẹp hơn à :))) bây giờ nhìn như bóng long xuyên vậy,0,0,0.041642715607042406
hạnh phúc . mà hạnh phúc của đàn ông thì khó nói lắm . kaka,0,0,0.10263896194820919
hahah thú vị ghê hen,0,0,0.11162293831697474
yêu quá ! xinh quá ??????,0,0,0.02070561067552466
đọc chả hiểu gì :( mất gốc rồi :(,1,0,0.3207395630739348
bức ảnh xuất sắc ❤️,0,0,0.035671416196473085
"có tớ nhé , bạn không cô đơn đâu .",0,0,0.20601045898120784
dăm ba con nhện nghĩ tao sợ (((=,0,0,0.18832671035115503
có tiền sẽ thấy các vị gọi là thượng hạng còn không tiền sẽ chỉ thấy vị mặn của mồ hôi + nước mắt,1,0,0.12337679517699074
"ước gì boss không co chân lên , tao vẫn sẽ nghĩ là boss thật khí chất =)))",1,0,0.0718883123377142
per dạo này béo quá rùi :(,1,0,0.09627187613101322
"làm ca nào không quan trọng , quan trọng là có đồng bọn bảo yến nguyễn hạnh 🤣🤣🤣",0,0,0.0723835332257372
thật tình là rất xin lỗi anh ở trog video . hi vọng sẽ gặp đuợc anh để xin lỗi và tạ tội với anh . thật ra hộp quà trong video là của con lol per với người yêu nó tặng nhau dịp sinh nhật . híccc,1,0,0.06744310501993378
"sời , lừa làm sao được tao :))",0,0,0.10878259125670807
may quá tao không xài huawei kkk,0,0,0.10052304422518206
thôi thì đi xem avenger lần 3 để tránh nóng nốt chiều nay không mai mưa rồi hehee,0,0,0.11164118405048265
bác này nói hay,0,0,0.07304484372003209
đối với thế giới này bà lão chỉ là một ai đó . nhưng đối với ông lão đó bà lão là cả thế giới 😊,0,0,0.41547350330122146
pháp không còn khoảng thời gian bình yên nữa rồi,1,0,0.317945609468289
"trời mẹ phim gì vậy thớt ơi , cười ná thở",0,0,0.10917753882645223
"tui thi ́ ch va ̉ i lă ́ mày ma ̀ ăn nhỉ ̀ u no ́ người lă ́ mày mọi người anh ̣ , bi ̣ lơ ̉ miê ̣ người",1,0,0.35092179890183184
dễ thương vậy chời,0,0,0.048023465320935384
bằng tuổi em các bạn đang ôn thi mà em phân vân không biết chọn trường nào :((,1,0,0.1613116273788087
"ngày xưa , ngoài thú vui chọc chó dí , còn chọc cho ngỗg rượt . cách giảm cân hịu quả nhất cho mấy đứa lười 😂. nhớ lại vui thật , đúg là thời sửu nhi .",0,0,0.052659874284924704
buồn hơn khi tôi còn là gái 🙄,1,0,0.2500983081785823
sau vụ 200k thì vụ 5tr này có nội dung hài hước y hịt :)))),0,0,0.022460177106864414
per không lẽ sau này kím bạn trai không tập gym 😖,1,0,0.10230342128656315
per làm gì quên được kkkkk,0,0,0.1632394099589562
tao của ngày này năm trước đang ước đừng lấy quỳ tím đem ra thử nghiệm . :(,1,0,0.10703721126894572
"giống hệt mình , nhưng bạn may mắn hơn vì bên này quyết trốn nợ tận cùng",1,0,0.19254241757709029
cái mặt hoang mang thấy thương 😆❤️,0,0,0.21695664899880332
"tháng 10 đến rồi , em đừng buồn nữa nhé ❤",0,0,0.15962203203491918
có đứa nào hồi bé không biết nấu còn tranh làm rồi quên không đổ nước như tao không :))),1,0,0.1094018749884116
trời má cute vãi lozzzz,0,0,0.10341948841317791
"quá bản lĩnh luôn , người đáng nể , tiếc là anh ấy sắp bị tử hình rồi",1,0,0.07602905678179155
ngày tao chia tay tao khóc quá trời luôn,1,0,0.13044472219620293
thật may em đã gặp được người tài xế tốt 🌸🌸,0,0,0.06083076838652728
per giống cái bữa mình viết ghê,0,0,0.1258355599852461
chưa có cơ hội nói cảm ơn và xin lỗi . vì chúng ta xứng đáng được bình yên,1,0,0.06103290073764995
các bạn đã xuất sắc hoàn thành nhiệm vụ,0,0,0.021570414060856233
định share mà đọc bình luận tắt con mẹ nó cảm xúc :(((((,1,0,0.14455084686668704
per kinh nghiệm nha,0,0,0.07066726159096005
chàng trai vàng trong làng bấm biển =))),0,0,0.15786723756838347
chuyện buồn quá chúng mày à . tao không dám đọc sợ làm quyết tâm có người yêu của tao lung lay 🙄,1,0,0.13314909069075911
giống chó này hình như không có lông ạ ?? chó nhà em lông rụng đầy nhà .. huhu,1,0,0.11238951218464094
chời ơi mới chụp răng 2 bữa trước về không ngủ được tới nay luôn,1,0,0.04881825380288695
trời ơi cái đoạn này em khóc tu tu luôn 😪.. trong khoảnh khắc rời xa một ai đó mãi mãi cơn đau thấu ngực trái huhu,1,0,0.38708928356006617
sao giốg với mình v . nhưg mình từ bỏ rồi người ta hình như cũng có người khác . từ đầu là do mình ảo tưởg thôi giờ thì tỉnh đi cô gái ạ,1,0,0.24986400735129216
tư duy của họ hơn hẳn 1 cái đầu 👍,0,0,0.07922738974379372
rất thuyết phục,0,0,0.0333185986652237
chỗ tao cũng có cây tình yêu < 3,0,0,0.06607664398899155
1 % kìa rồi ra cổng gọi thế nào :)),1,0,0.10189919662769951
hạnh phúc ghê,0,0,0.06390981457481613
ba ́ o giâ ̣ tao ti ́ tao la ̀ mày hoa ̉ người loa ̣ n ngươ ̀ i dân . haizzz,1,0,0.3118069421480817
đm main mới hay quá đi,0,0,0.023170030717936437
per kỉ niệm nhất là những ngày trốn học cùng nhau đi xem phim 😂😂😂,0,0,0.013813241938503962
nhìn cái bà này tôi chỉ muốn xoạc bà 1 cái . sao bà không là con trai nhỉ . ông trời quá là trêu người rồi,1,0,0.1289960419571701
sư tử chứ dễ thương q . q gì,1,0,0.14706022907622568
trai tài gái sắc .. danh ngôn rồi tài sản chứ tài gì !! 🤣🤣,0,0,0.06160667397013521
"chịu hay không không quan trọng , quan trọng là không có ai lấy",1,0,0.24216450017983296
điên khùng . nhưng hahahah . nhiều tiền quá mạ ơi,0,0,0.14030906884668715
"thiệt là cao minh , hahaaa",0,0,0.10153826081428467
"đôi khi cũng muốn dỗi lắm , nhưng nghĩ lại đéo có người yêu mà dỗi",1,0,0.3528640926406806
trồi ôi mới đọc tưởng đâu người yêu,0,0,0.07990925004197731
em mình là con trai viết đẹp y chang thế này nhé,0,0,0.13136337701676035
"haha ,,, sao không kêu tao ..",0,0,0.060725334995882896
mặt tao như này ai mê cho nổiiiii,1,0,0.16028984900239474
"thứ yêu nghiệt , nhỏ g vẫn sợ nó nhất sau mấy con lắm chân t . t",1,0,0.10353601348113256
anh tây này đáng yêu chết được cứ tiếng tuy hoà phú yên ma học đi nhá ☺️☺️,0,0,0.13448904056123917
per sao bố lại đủ bình tĩnh để xem hết cái trailer này nhỉ . _ . sợ vãi,1,0,0.042579303807114964
"xem đi xem lại không chán , best của best 😭",0,0,0.062064190944240864
"cả đống người trên đường , mà nó chỉ dí mình tao 😭. t đã làm nên tội gì 😭😭",1,0,0.33246432128425074
chàng trai mạnh mẽ !,0,0,0.1377492143772231
tìm đối tác 😔,0,0,0.11196115880274399
thấy cưng gì đâu,0,0,0.10403255810634486
ngôn tình từ anh mà ra,0,0,0.09221273932184658
tao được thấy nói chuyện mắt của bố tao khi tao bệnh và khi tao lấy chồng,1,0,0.2061605401378542
không biết thật mà hix .,1,0,0.10847634405089038
per =)))))))))))) tao cười không biết chỗ nín lun,0,0,0.09381189188230274
cứu tao :(( tao sợ rắn,1,0,0.3156523289217687
bộ cuối nhìn đau lòng thật :(,1,0,0.08918013139755569
còn mình nhìn như thằng ngu,1,0,0.10504982901662939
thương chỉ sợ em không cho anh cơ hội thôi,1,0,0.17902136434884078
per má có điểm cho sướng vãi,0,0,0.09794298791357396
ôi không đừng vậy mà :((,1,0,0.07133989370513281
phim hay vãi ấy xem lâu lắm rồi,0,0,0.062367003178927516
chỉ cần 1 cây hoa . nói lên tất cả .. hi,0,0,0.4146883795215687
điều hối tiếc nhất cấp 3 là chưa kí lên áo của nhau 😢,1,0,0.038537366752305034
"ôi zồi ôi , nhìn cái mặt của ẻm kìa , yêu ghê :))",0,0,0.027445677668672733
chào tháng 10 !! tháng sanh thần của tôi .. hi vọng mọi chuyện tốt đẹp,0,0,0.46740878162777405
bây giờ tao lấy chồng rồi còn không có cơ hội ngủ với em gái 😫,1,0,0.20925341609318646
đáng yêuc quad 🤤🤤🤤,0,0,0.0722955516923584
có đứa nào đéo giật mình như tao không :))),0,0,0.12937994175680426
môn này đéo dành cho những người chân ngắn như tao :) bay qua chắc lọt mẹ xuống sông ^^,1,0,0.08360820480280608
góp vui cho chủ thớt 😂😂,0,0,0.03837383684586202
trông mặt buồn chưa kìa per :(,1,0,0.129123343160589
30s mặc niệm bắt đầu ...,1,0,0.09014249078563878
"mà sếp cũng duyệt , cũng in rồi haha",0,0,0.0886595972771626
đm ngồi chờ đã rồi các tổng đài viên đều bận 😭😭😭,1,0,0.146859345561991
con gái chả thế :)))) con trai đi dume mày có nhận hàng không,0,0,0.05968578960965145
ánh mắt thằng con muốn nói : cứu cháu hình như ba sắp ném con ùi,1,0,0.42346559097514225
"không được uống đã đành , ngồi dọn sấp mặt luôn , như con cáo và chùm nho xanh per",1,0,0.1863072027197377
"kỳ nghỉ hè muộn của anh mà , xõa hết đi anh .",0,0,0.026931728438731088
per chơi với con trai riết nên giờ đéo có người yêu nổi vì tính tình không khác gì con trai,1,0,0.08176740656444158
chán mấy ông thanh niên .,1,0,0.05728954259403741
má đáng yêuc quá dạyyyy ??,0,0,0.05779842266739973
phim này mới ra được có tập 1 thôi . hay phết,0,0,0.03755770584873889
mẹ đi ngầu chết mẹ đi được chứ kì quặc gì =)))),0,0,0.2153860384413415
"per mày nhìn thành long hồi này có thấy giống mặt anh chung nhung hồi xưa không :))))). thề luôn , tao thấy giống vãi 🤣",0,0,0.02482731709506085
t đã thử rồi mà dume vẫn la :)))),1,0,0.04888298149292996
thạ timmmmm đùa tao yêu mặt nó lúc ôm đầu vlllll xinh quá con ưiiiiiiii,0,0,0.12448088083318293
dự định tao là 28 nhưng giờ mà có bồ là bắt cưới luôn chớ sợ ế haha,0,0,0.08609804525552539
"chủ động nói chuyện , nhắn tin khi có time . nhưng đời không như mơ",1,0,0.23007011117910534
tuổi thơ của tôi =)),0,0,0.18539385924382332
"cũng tùy , đôi khi không cần vật chất mà chỉ cần động viên , san sẽ những khi con mình vấp ngã hay khó khăn trong cuộc sống thì ...",1,0,0.17125639516055194
khoảnh khắc tao nhận ra tao đã từng rơi vào hoàn cảnh bế tắc này 😌😌,1,0,0.3353878973704031
"per chị mày đánh lộn từ đầu làng đến cuối xóm thì cần chi bọn con trai , nhưng nhìn bọn nó dễ thương hén",0,0,0.13494042509971113
"crush một ai đó là điều không bao giờ có rồi , vì mình vừa béo , vừa xấu gái , vừa vv and vv . auto nhục 😞😞😞",1,0,0.17647034536049455
"chúng mày nhìn , tao nuốt cũng không xuống nổi , ông địa",1,0,0.15705823953523945
và rồi cô ấy sẽ mãi mãi không có người yêu =((,1,0,0.09753113446344072
"đau lòng vãi . cứ tưởng là đùa . ai ngờ , bồ nhau thiệt . ơ . tớ có sừng không",1,0,0.20825360920609992
nhiều khi nghĩ mình không phải con gái mà là 1 thằng đàn ông chính hiệu kkkk ....,0,0,0.18772246244131982
vẫn ế bền vững,1,0,0.04734177621440876
sao mình lại không xem được vậy admin 😭,1,0,0.09939910747184001
"khóc không chịu được luôn , và mình cũng sẽ làm được nếu phải đánh đổi tính mạng cho 2 cô con gái bé nhỏ của gia đình mình",1,0,0.27581615527088377
ảnh đẹp quá 😍,0,0,0.050750929949277955
ui còn chưa kịp đi xem đã rút rồi :((,1,0,0.1315915368126174
per bếp lò xo huyền thoại của ngoại hay nấu nè,0,0,0.03090790248388696
cả 2 kẻ này đều đáng sợ !,1,0,0.17857087899478974
muốn tạo ra niềm tin đôi khi bạn cần sự dối trá 😉,0,0,0.2984431533486418
xài vietcombank sinh nhật cũng không được chúc luôn :((,1,0,0.06279202794528292
buồn cho số phận 😢,1,0,0.07883511737187812
"lâu rồi mới thấy trailer chất như lày , so excited",0,0,0.16023181961597938
quả mắt nhìn sợ vãi,1,0,0.038275229426464163
quê vải mà chưa được ăn quả nào . huhu,1,0,0.05724558642589309
chẳng bằng bố tao 13 năm tự nhiên hỏi bố biết tên con là gì không thì chần chừ một lúc rồi phun ra tên chị tao,1,0,0.49692568043396007
vì chúng ta không nên nói chuyện với nhau nữa,1,0,0.04949630074192573
"sợ vãi , mém xỉu",1,0,0.10166982984245494
"tự nhiên thấy tụi con gái khóc tu tu , thế là mình lủi ra ghế đá trước lớp ngồi . tự nhiên cô dạy văn cũng ra theo xong ôm mình khóc ,",1,0,0.4393266171476185
"bị ngỗng mổ sợ vãi_chưởng , hồi bé tao đã không sang nhà b tao cả tuần trời vì nhà nó mới nuôi ngỗng mà bình thường tao toàn ăn chùa cơm nhà nó thiếu điều làm con nuôi nhà nó nữa thôi :))) nhắc lại mới thấy sợ vãi",1,0,0.13687403433167883
mùa thu năm ấy cta đã gặp nhau ?,1,0,0.08729540151195159
thích :)))) đi làm vui hay không là có đồng nghiệp tốt đừng chơi xấu mình là được :)),0,0,0.012459820529173007
chỉ sợ lúc nó dí,1,0,0.2694761112862072
tao là thằng chưa bao giờ giận người yêu vì người yêu tao không bao giờ làm gì có lỗi hết,0,0,0.10056658063214981
ai sẽ cùng tôi mang nỗi đau này cơ chứ,1,1,0.6869192865703642
tao rất sợ mất đứa tỏ ra như thế,1,0,0.30701234317101306
rơi mất tim . nguy hiểm thiệt ^^,1,0,0.10827856215977015
phim này xem rồi ý nghĩa vài,0,0,0.08776191926303728
chắc học từ bỏ quá,1,0,0.19948224417889132
t đu ́ theo thôi :v tao biê ́ tao thư ̀ anh no ́ la ̀ shipper,0,0,0.13796466340130403
bởi vì gặp nhau sai thời điểm nên tôi mất người mãi mãi ...,1,0,0.3108022027394168
cưng ghê ❤️,0,0,0.08792946368945893
mới đi nhổ răng số 8 và chụp 😞,1,0,0.050660985814807574
chưa được đi pháp mà huhu,1,0,0.0711882565041696
"t không tiếc mấy ly trà sữa , chỉ thấy tội cho mấy cô lao công dọn dẹp mà thôi 😔",1,0,0.11698114373378826
qua chạy xe nẹt nẹt bốc đầu bố ai dám dô,1,0,0.28864518980862547
thế chân ngắn như tao thì phải làm sao với cái cầu,1,0,0.24635381965582273
đó là khi tao muốn cắn ai đó điên cuồng :),0,0,0.2623918204922167
"ước gì mày được quay về tuổi thơ , trước mày cũng có 1 b trai như vậy đó",1,0,0.21280921131276737
chuẩn luôn :3 độc vô tình bắt gặp thôi cơ mà giờ tao bị ăn bơ rồi 😭,1,0,0.25602589822824406
hình như sau boss bị chết ạ,1,1,0.5971547450204536
per thế mà cháu tôi không biết chơi 😭😭,1,0,0.20261844822787806
mẹ nó chứ xem xong mình khóc hết cả nước mắt,1,0,0.30132251298368207
chả mong gì nhiều chỉ mong về già được như hai ông bà ! 😊😊😊,0,0,0.25215493936013267
dăm ba cái trò nấu cơm này sao làm khó tao .,0,0,0.15353581969949875
"công ăn việc làm còn chưa ổn định , bố mẹ già còn chưa lo được thì kết hôn để làm gì 😪",1,0,0.2544999965384384
sợ vãi nồi tao còn tg thằng kia bay ra cơ :)))),1,0,0.05668584360327546
khổ nhất người có bầu,1,0,0.12428962581571816
thế thì nó lại tốt quá,0,0,0.06578380909766832
với mình đoạn mấy thằng đỡ đẻ là hay nhất,0,0,0.05771172961876911
mày xinh ghê vậy :d,0,0,0.12505022460163848
lâu lắm rồi mới nghe lại bài này 😀,0,0,0.09600839452849606
bình thương tao hay cười lắm . nhưng khi tức tên ... tao lại khóc . quá yếu đuối,1,0,0.4004042691612856
hmm hãy tưởng tượng nó là một chú gián xink xắm xoè cánh thiên thần bay đến ... 😞,0,0,0.22007956049938263
em chân thành nên em tổn thương,1,0,0.2909318556993977
ngày xưa hồi còn học mẫu giáo mỗi lần đi qua là nó rượt tao chạy té khói dume còn thiếu nước chạy lại quỳ xuống van xin nó nữa thôi . đến giờ nó vẫn là nỗi ám ảnh với tao :)),1,0,0.1716340153035179
ko 1 từ nào để diễn tả bộ phim này ...,0,0,0.11964870604455025
"per đó là lý do tại sao em luôn nói với anh , có gì cũng phải nói ra",1,0,0.3610674650849964
xem video nay sao mà sướng hết thằng người,0,0,0.02194488515653254
coi ảnh này nổi cả gai ốc,1,0,0.17623778425206993
cưng chết,0,1,0.5559813825561059
thề dume c còn hết hồn nói chi đến khách =)))) sáng sớm ra mở cửa với tối đóng cửa thôi độ gan dạ cũng phải tăng lên mấy chân kính =)))),1,0,0.0361425179996817
"per trừ điểm , trừ điểm",1,0,0.1417993343541982
"chị ấy cười với tao kìa chúng mày , hạnh phúc ghê 😊",0,0,0.13995439258633172
lại đến giờ giải trí rồi mềnh ơiiii per =))))),0,0,0.04133676889290692
nhìn thôi đã đau lòng,1,0,0.17876435584836095
per có sub rồi nè . má coi đi coi lại vẫn mắc cười . với đưa anh stk đi,0,0,0.10688346833358436
câu được chục con heo vàng chả được cái gì,1,0,0.13951541700231918
thú vị vậy =)),0,0,0.05392076279474979
ngày xưa đi học đạp xe qua cứ tưởng được quay phim đưa lên truyền hình :)),0,0,0.03360574843037993
bằng tuổi người ta mình vẫn còn mải nghĩ chiều nay ăn gì 😢,1,0,0.10199932570949155
các bạn nữ đập đầu vào tường chết hết rồi,1,0,0.3412274354205422
cặp này lầy mà dễ thương,0,0,0.06352100138094667
nhìn hói mà thấy thương gê ??,1,0,0.039176249334220564
móng tay và tóc theo thời gian thì mọc càng dài tại sao chỉ có con chim là nó không mọc dài hơn nữa ta,1,0,0.21921209939620592
cao quá cũng khổ chứ sung sướng đéo gì 😓,1,0,0.19661421090611492
per một thời nè 😃,0,0,0.21383592163031084
tôi ở phú yên và anh này nói rất chuẩn < 3,0,0,0.0778785921569568
có đứa nào vừa coi vừa nuốt nước miếng như tao không ?,0,0,0.28413936439455206
đó là 1 câu chuyện buồn,1,0,0.09883115207163388
nó mà cắn ai 1 phát thì ... nghĩ thôi đã rùng mình,1,0,0.2295615866143196
không phải thích của cải mà là thích ý chí của họ . đàn ông có chí tiến thủ bao giờ cũng quyến rũ,0,0,0.09370693137051343
"có tài nhưng đôi lúc muốn làm diễn viên hài 🤣🤣🤣, khoái thanh niên này buồn cười vkl",0,0,0.19111841835997748
siêu phẩm để đời .,0,0,0.043889513600596064
đựng túi nilon là chất rồi 🤣,0,0,0.17400625213171736
😭😭😭😭😭😭,1,0,0.2088602429246066
đúng . biết là sự thật tàn nhẫn nhưng vẫn muốn biết rõ cho nhẹ lòng hơn :(,1,0,0.2792592248997134
"nhỏ thấy qua 1 lần , nó bị cột ngay trước cửa nhà người ta ở trong hẻm , mỗi lần đi ngang qua là nó lại định lao tới cà khịa",1,0,0.09592397911391495
per thần thái còn phải thua haha,0,0,0.23651608857103754
per dã man,1,0,0.10767490691627131
"ở nói chuyện ngoài hộ không khì thị về giới tính , họ cho được kết hôn . chứ họ không kì thị như ở việt nam mình hai người kia họ thật dũng cảm khi sống thật với giới tính của mình",0,0,0.4324945359496691
tao đang chờ xem bà ấy được nghe nhạc ý mà hết video 🤣,0,0,0.018678034948593828
"1 bộ phim phải nói trên cả tuyệt vời , xem đi xem lại cả chục lần rồi mà không ngán",0,0,0.03366177494099102
tận cùng của tan vỡ,1,0,0.1537579145250174
làm kiểu không cần bẻ phê hơn =))),0,0,0.03121734407388833
còn gì đau đớn hơn cảnh này :(((,1,0,0.19153378145162558
tuổi thơ của tôi cũng từng có 1 người c . trai bỏ mặc tất cả để bảo vệ tôi 😘😘😘😘,0,0,0.35076454625721787
per ông xã xem khúc nó kéo xe chở con chó nè :)) đọc bình luận hài hước ghê,0,0,0.06866339064140181
đáng yêu như em tao ý . cứ mỗi lần nó quyết định ngủ ở đâu là nó lại đấu tranh tư tưởng 🤣🤣,0,0,0.14456025514259202
không có gì là tồn tại mãi nhỉ,1,0,0.3853473902048339
nhưng tôi đéo có bạn trai thì phải làm sao ?,1,0,0.3718757437856737
giờ mới biết =)),0,0,0.062376789552661294
cần gì những thứ xa hoa lộng lẫy đâu . dù chỉ 1 bông hoa nhưng đong đầy yêu thương nhắn tin đã cảm thấy đủ hạnh phúc rồi 😊😊😊,0,0,0.21578971969224942
hồi bé bị ghiền mùi này :)))),0,0,0.05380269179033175
may mà còn gỡ lại được 1 miếng sắt lớn của tàu hỏa nó bung ra nên bán đi cũng đỡ được vài đồng . kaka,0,0,0.0762064059475194
"đẹp quá mày , còn không cho tao xin ít",0,0,0.24656804501263346
:))) 1 phần của bài quyền là phải gẫy gậy và té sấp mặt luôn để đỡ bị đối phương đâm lòi phèo,1,0,0.052119982778061236
chất lượng âm thanh bản này hình như nghe hay hơn bản gốc hồi mấy năm trước nhiều < 3,0,0,0.05054532951798952
hay lắm,0,0,0.1244215956614808
kết thúc 3 năm cấp 3 là khoảng tg đẹp nhất nhưng nó cho ta nhiều kỷ niệm đầy tiếc nuối 🤔,1,0,0.047752545100037465
cái này chỉ sướng mấy anh đèo mấy em ngực bự đi đường này nẩy tâng tâng,0,0,0.149566532321541
ơ tao cũng học ông này hướng dẫn hay sao ấy :))))),0,0,0.03209334285598902
anh em để tao hưởng trước nào,0,0,0.1403666229429655
"giờ đây chúng ta , những con người của ngày ấy giờ không còn nữa ... những lời nói về mai sau nhưng ta đâu ngờ sau này chúng ta càng trở lên xa lạ",1,0,0.23306136806573874
lâu lắc chưa xem lại !!! 😳. một bộ phim vừa ý nghĩa vừa hài hước ! 👍,0,0,0.06798337668108148
e quê bg mà mùa vải còn không có vải mà ăn @@@,1,0,0.10516853201874742
"kéo bấc mòn cả tay , ma nghĩ lai thấy nhớ thời đó nhỉ 😂😂😂",0,0,0.07504740908530451
lấy vợ xong béo quá rồi . hình như ai cũng v à 🙃,1,0,0.16910281100967386
đi học về thấy bán hoa đây đường mà cảm thấy tội cho bọn có gấu ... lại tốn tiền,1,0,0.08486753532101239
"mọa , mình nhà thanh hóa mà đéo biết gì luôn @@ :((((",1,0,0.09747500899595259
đám tụi tao đi chơi xưa nay đều dọn sạch đồ mình kêu hoặc xếp lại gọn một chút cho người ta đỡ dọn .. cái này là sự ý thức thôi …,0,0,0.07745242987223733
xem không dưới 3 lần chia sẻ không dưới 2 lần nhưng mỗi lần nhìn thấy lại xem lại buồn,1,0,0.08253648660974036
per năm nay 2 đứa quyết định ngồi hay đứng kkk,0,0,0.07680397345206406
nắng cũng đã sắp tàn sao mà chả thấy em đâu ...,1,0,0.2286759955506116
bình tĩnh vãi_chưởng =)),0,0,0.03096827016539402
bà tao mất rồi :<,1,0,0.15772632107921575
"đuma tao đang ở đấy nè , vừa đi vừa ôm túi sợ cướp :((",1,0,0.2578808006815439
câu nói quá chuẩn và ý nghĩa 👍,0,0,0.09467692540160255
một bình luận của người trong cuộc . đọc xong thấy ấm lòng cho per !,0,0,0.13240551286925095
đã thử và rất thích thú 😆.,0,0,0.11867903440686244
tao tưởng nó té cái đùng chứ . làm ngồi chờ mãi mỏi cả mắt,1,0,0.33018336832584216
"mà hiệu quả bất ngờ quá , quá đỉnh .",0,0,0.029128007476660004
cuộc sống mà =)),0,0,0.16313903774188163
"nó gieo cho tao mầm hi vọng , hi vọng vừa chớm nở nó đạp xẹp lép sự hi vọng bằg sự lặng im",1,0,0.28551565847095345
đề nghị admin xóa bài đi ạ . chứ bố mẹ em sắp đi chợ về rồi ạ :(((,1,0,0.0787261767290601
mèo nhà tao cũng từng đi lạc vì bị chó rượt tưởng mất rồi . sau mấy tháng thấy nó trở về nhà mừng vãi 😁,0,0,0.273518605517085
chắc phát khóc mất 😭,1,0,0.31885600901001887
chủ quán này xinh gái lắm nha !,0,0,0.07163456933223773
nghe bài này nhớ nyc vãi,1,0,0.015618220800496633
lúc rài không gặp được mặt cờ rút nữa 😪,1,0,0.18018207506663875
tao phải công nhận là nó giỏi vãi . từ đứa diễn đến đứa quay và edit video .. giỏi vãi 🤣,0,0,0.045326963343703945
cười đau bụng :))),0,0,0.12067925600445478
tê tê phê phê sung sướng vãi 😌,0,0,0.06973997913771149
tao có hiểu đéo gì đau,1,0,0.34819400680417334
rồi nhận ra chỉ mình là cảm thấy như thế thôi hả :(,1,0,0.39668682085894913
thôi mình nói đùa đấy :(,1,0,0.15249550343282844
thiệt là dễ thương quá đi mất . 💕,0,0,0.07489101040971688
ghê quá đi,1,0,0.04872989930275645
"thương tra ̀ o nươ ́ c mă ́ tao ... cuô ́ i cu ̀ người thi ̀ ban la ̃ nh đa ̣ o bă ́ c ninh đa ̃ lên tiê ́ người giu ́ p đơ ̃ ca ́ c be ́, du ̀ qua ́ muô ̣ n @",1,0,0.18654193104450037
cha mẹ tao còn cãi lộn nhau vì không biết ngày sinh tháng sinh của tao là dương hay âm 😢😢,1,0,0.15503986722215635
per đã nhẫn nhịn lắm ... đến khi con sen tao cứu tao thì tao đách có sợ đâu nhaaaaaaaa 😂😂😂,0,0,0.33280221456341486
"có bao nhiêu đôi ngôn tình , cớ sao lìa xa mình ta :((",1,0,0.23415433339341787
dăm ba chuyện hẹn hò có gì hay ho 😌 nhưng mà thi thoảng có dăm ba cái chuyện này cũng hay 🙂 tóm lại xem để giải trí đỡ buồn cũng tốt 🙂,0,0,0.08809122733908574
lâu quá rồi mới nghe lại bài này . từ lúc ctay mối tình đầu :((,1,0,0.09720496480626148
bị bắt nạt im re hà hiền khô luôn thấy tội nghiệp ai dè tới chừng ...... ha ha ha,0,0,0.12713082712048324
dể thương quá ah,0,0,0.06505802958576845
chị em mình giờ nói ít thôi haha,0,0,0.1982742459569349
không biết nói sao ... nghiện chuẩn mẹ rồi ... crush ợ . mà nó nhẫn tâm lắm hồi trước còn hay call video . từ hôm tao cạo trọc y như là mất tích luôn . chắc phải để tóc mọc lại tao mới dám gọi . 🤭,0,0,0.13054767128765457
con dang yêuc qua ha,0,0,0.1923955078144485
pháp luật là bạn của nó rồi anh ah vì quen anh anh chị b trên quận ah nên em cũng sợ lắm ah :-(,1,0,0.0697547020271353
con lai xinh phết ??????,0,0,0.0684500788428971
muốn được đi một lần 😆😆😆,0,0,0.3516578445058014
đm tao biết trước cả sự việc kiểu lìn gì cũng có nhện nhảy lên màn hình . vì mấy năm trước cũng có 1 thể loại giống như vậy . đm hú nhồn,1,0,0.11396295475588296
t thích nhìn mắt của crush hơn là nhìn nó cười,0,0,0.06313270027463441
hihi : chúc mừng đại kỷ nguyên có lắm người yêu,0,0,0.04241646346859747
cần lắm những sẻ chia . cần lắm những thấu hiểu,1,0,0.25873918053435885
làm ở đâu không quan trọng . quan trọng là có chị em tốt để tạo nghiệp :)))),0,0,0.055845397347619584
hơn cả bộ phim kinh dị !,1,0,0.10378274210512588
ngồi nhìn nó ngủ cũng thấy dth vler đừng nói cười 😌,0,0,0.11425376748225047
"kết nhất cái điệu "" xời quá là điều bình thường luôn """,0,0,0.05883300893867409
hời ơi ... cưng xĩu,0,0,0.11558033279660195
"thích chị này nhất phim í , bé bé xinh xinh lại diễn rất đạt :3 . hy vọng mai sau sẽ có bước tiến lớn và thành công hơn nữa < 3",0,0,0.019931732082054694
nguy hiểm,1,0,0.053138156243942726
per giờ thằng gù nhà thờ chạy đi đâu đây :(,1,0,0.12966675631151559
haiz nuôi được nuôi không thì thôi chứ nuôi mà để v coi được haizz,1,0,0.19780621404048387
lương cũng sắp về rồi 😉,0,0,0.08842133206602142
mình đã về đến nhà an toàn hihi,0,0,0.2329786209606791
trồi ôi bài hát đỉnh caooooo,0,0,0.029914804922751493
per anh tặng vợ cái bát nha kaka,0,0,0.0257398706141511
boss mắc bệnh nghiện vợ 🤣🤣😭,0,0,0.08366110647776329
vì tao hay bị chúng nó chọc nên thấy buồn,1,0,0.061669967000462546
ko biết crush bây giờ có ở nhà không nữa 😭😭😭😭,1,0,0.24393828603461845
per đem rác về nhà vứt luôn haha,0,0,0.0404401034462497
xem xong tao đã khóc rất nhiều,1,0,0.19683969207737237
"nước mắt tự trào ra , thật sự rất cảm động 😢",1,0,0.33224400777749036
không hiểu sao đoạn này rất kích thích trái tim hủ nữa của tao =)))),0,0,0.10303907946148606
nhìn cái muốn cong :d,0,0,0.08823735098892685
mới gọi điện thoại xong mới cười với tuii xong heheh anh đáng yêu vãi,0,0,0.05004514021352149
đi đường buổi đêm nhìn thấy hãi vãi ??,1,0,0.04083685737739267
"có ai lần đầu bắn kéo ngược ra phía trước đạn bay vào mặt giống tao không , đau điếng",1,0,0.2980029046846159
đôi khi có tiền cũng không đi được đâu vì đéo có ai đi cùng,1,0,0.42721705018298123
cưng quá,0,0,0.08366918817504962
khi cô đơn lòng em nhớ ai :((,1,0,0.3792682043804219
"cha quay phim cũng không phải dạng vừa , mẹ diễn viên thần thái vãi",0,0,0.06265091704563933
"1 câu mà người ta hay nói , đắng như vị đời 😌",1,0,0.0833706145939953
mẹ tao cũng thix em này 😅,0,0,0.2383021299412214
rất ghét phim ấn nhưng phải nói phim này hay 👍,0,0,0.07567618681468143
tôi trưởng thành vclll,0,0,0.13597057902852108
hy vọng sẽ mau tìm được anh người yêu thật tốt để 5 năm sau có một gia đình như vậy ❤️❤️,0,0,0.07810347559751407
thực ra chủ nó cũng bẩn vãi :) vầy quá kinh dị rồi :),1,0,0.12137281247454229
cuộc sống là cho đi ❤ đôi khi chỉ cần được thấy họ cười là bản thân thấy vui rồi ..,0,1,0.5622598838405161
cực kì bản lĩnh lẫn liều lĩnh,0,0,0.21356258020254723
tôi còn chẳng lấy ảnh lớp cho nữa,1,1,0.6130981316834937
nấu cơm như vậy xong đi lên nhà xem hoạt hình .. đến lúc hết phim xuống để xới cơm thì .... khét lẹt,1,0,0.07537263136959656
tớ có thấy con ngáo đấy nhưng không dám lại sờ huhu tt,1,0,0.3039292454725645
muốn share về mà sợ bị bạn nè phẫn nộ quá,1,0,0.21431850188976326
kiểu lâu lâu cũng không được nhắn tin cho ai như thế nên cũng muốn tình cảm xíu =)))) biết đâu,0,0,0.27655632251009526
tao tháy gái nguy hiểm vãi,1,0,0.05009533904721224
câu hỏi thú vị 😃😃😃,0,0,0.1714744459137358
đcm ác mộng,1,0,0.15480181223275732
xem phát khóc mẹ luôn 😭😭😭,1,0,0.14564033252558717
"per nhớ ngày xưa gần nhà mày có đàn ngỗng , tụi khốn nạn đó toàn đi dàn hàng ngang chắn hết đường hết lối , mỗi lần tao đạp xe qua là rượt tao gần chết :v ám ảnh vãi",1,0,0.3976291777043047
crush của tao đi làm rồi . hihee . sáng mai mới về cơ 🤣🤣,0,0,0.08959716608246424
dễ thương 😂,0,0,0.03719486135535635
khổ thân vãi :)) xong bà lườm luôn :)),1,0,0.03943605165853128
có con gái thật tuyệt ! 😍,0,0,0.038636618548700784
"nhạc buồn quá . bài này là bài "" chia tay trong chiều hoàng hôn nắng úa màu "" - justin bieber cho bạn nào chưa biết nhé . :'(",1,0,0.050853166923512466
mày giận lại tao hả tốt quá bố mày được đi chơi game rồi . tối về dỗ nó sau . chờ mãi câu giận của mày :)),0,0,0.12295738870331491
đag bị cuồng mấy video của chế này . ai có ngoài video này tag cho mình xem với nhé 😂😂,0,0,0.04954996607767692
nhìn dáng đi mà nhớ ông nội 😞,1,0,0.026360188569062134
per hihi nhớ không,0,0,0.06046955893786224
3 giờ sáng nằm xem xong khóc miên man 😢😢,1,0,0.19111576910647327
đm trí tuệ vãi,0,0,0.05560201175988706
"sau khi kết hôn , anh sẽ thuê người giết cô để hưởng trọn tiền bảo hiểm 😌",1,0,0.11024214680656451
"đó là lý do tại sao tao chẳng bao giờ đi hùa mấy bài bóc phốt , xem cho vui rồi lướt thôi :))",0,0,0.09068564942343386
t phải tìm bạn trai là nhiếp ảnh gia mới được 😆,0,0,0.16375555080286774
hình như anh nay đóng phim ngây ngô thì fải ... phim đó hay lắm các bạn nên xem,0,0,0.02887281181477026
cảm thấy bị tổn thương,1,1,0.8373454347489149
động lực của phan con gái,0,0,0.12222207789146622
anh ấy không thương tao,1,0,0.07884197593058243
ha ha ❤️ chất lắm,0,0,0.16119447640951196
yêu chết đi được .,0,0,0.28811630764325036
một cách bán hàng nta gọi là đẳng cấp,0,0,0.1089851773298647
cute vậyyyyy,0,0,0.09187661894850585
"bắt cóc như chơi đó mậy , be careful",1,0,0.17332269462733974
xem đi xem lại vẫn hay ;)))))),0,0,0.011651380067076072
không biết s chứ ngày lúc 17t tao đi phục vụ phòng karaoke ... mình tao 2 phòng chạy qua chạy lại mệt quá vì xỉn ... kkk . thế là tao nghỉ trong ngày đầu vào phục vụ karaoke .🤣🤣🤣,0,0,0.29078495541279337
nghe quả tên nó đã khét vãi rồi . :))),0,0,0.04986108180334734
cho nó cắn phát xem có thành spider man không 😂,0,0,0.04673945114559976
nó ốm nhom thương ghê :(,1,0,0.09023889532793947
trẻ trâu việt nam thật đáng sợ,1,0,0.11725484234839395
per hóng phim này dụ dỗ mọi người xem tiếp nè anh :v,0,0,0.07200606326583205
cíu tao khỏi hai tên đồng nghiệp bị crazy huhu,1,0,0.12097734981984871
tuổi thơ mình lớp 4 đã cảm nắng 1 anh chàng từ 1 viên phấn vôi .,0,0,0.4079973763635904
"per chưa bị rượt mà đọc bình luận thấy sợ quá , chắc tao sợ chó không là gì với con này :)",1,0,0.1267700543416515
người ta có bạn bè nhìn vui thật,1,0,0.026260274184746725
"đã dùng , nhớ quá ngày xưa",0,0,0.11137544478617266
tiền mất tật mang . xe đã nát rồi giờ còn phải đền cách cửa cho tàu nửa,1,0,0.15897346300451914
người gì đâu mà đẹp trai hết sức !,0,0,0.11618180190204375
"haa ... haa ... ! đúng là có thay đổi lớn ! ngồi nhâm nhi ly cafe , phì phèo điếu thuốc nhìn thiên hạ cũng vui kkk ... !",0,0,0.0877414483181828
"tao toàn thế giận tao tao dỗi lại , lại phải dỗ tao . hahahaha",0,0,0.1326079222834198
lại công cốc rồi . cả thế giới kì vọng,1,1,0.5966092459652202
ước gì tôi cũng được kiên trì như anh ấy để dạy con gào mất nết nhà tôi 😪,1,0,0.19329041348942028
lạy ông nào nghĩ ra kịch này !!!,0,0,0.17875238734510612
đứng trước mặt nó tụt quần ra auto hết giận,0,0,0.19086779385300195
công nhận 😌😌😌 đồng nghiệp hạp hạp tí có khi ngồi buôn cả ngày bám hơn cả bám người yêu . đi làm hôm nào cảm thấy hôm đó ý nghĩa vãi,0,0,0.12088160160442561
chủ thớt sấp mặt rồi,1,0,0.1071372117767587
ngày ấy cũng từng như vậy ☺️,0,0,0.15618326889053832
quan trọng là đỉnh ^.,0,0,0.0846910259822506
"mình chưa từng thấy phim nào ý nghĩa như phim này cả , nó dạy cho ta về nhiều mặt trong cuộc sống , khi vui , khi buồn",0,0,0.21228306352189952
tính ra con bé đó chuyên nghiệp ấy chứ,0,0,0.04172929315132939
những người thả phẫn nộ xứng đáng là thiên thần . dăm ba cái yêu đương vớ vẩn . ahuhuhu,1,0,0.05096492354729339
"per anh nào nhắn vậy là tao yêuc luôn đéo suy nghĩ , ngọt vãi",0,0,0.12244720515140511
đm cười ĩa,0,1,0.5215013408766483
nhớ tới mối tình đơn phương !,1,0,0.06852158236425501
mỗi lần có video của con là cứ coi đi coi lại hoài . cưng con quá .,0,0,0.09946346018571174
là do bản thân tao ngu thôi,1,0,0.3020780290765962
per đã hiểu tại sao thằng bạn mình đam mê gym .. thì ra đây là nơi nó được sống thật với giới tính của mình ..🤣🤣🤣,0,0,0.42536186488231087
"3 idiots , bộ phim rất đáng xem",0,0,0.027313129255769966
"cái quá phơi lúa xong mưa , tao đang cười vì bà béo thì phải ngậm mồm .",0,0,0.11445766346548618
nhà tôi còn nè,0,0,0.2930761759083162
"mấy anh làm video đầu tư ghê , nội dung diễn xuất hay",0,0,0.008592002501701489
"kinh nghiệm được truyền lại là khi nào nấu xong bỏ tí "" tro "" vào lần sau không phải nấu 😊",0,0,0.15066757184728835
"đó là 1 câu chuyện buồn , tao không có bạn trai hix hix",1,0,0.11284427400712009
haha . dễ thương gê 😊😘😘,0,0,0.03300559354533481
"đúng vại , với ai nó cũng tỏ ra như thế . hihi 😂",0,0,0.24536624020022768
hạnh phúc phát khóc,0,0,0.14871738842854443
ông thần tài cũng không dám ăn luôn,1,0,0.28735464605361777
thương quá . géc nhất những người nuôi chó mà không chăm ... tội cho kiếp em nó gặp phải 1 người chủ như vầy . thân thương !,1,0,0.11188408957460362
"hồi nhỏ hay bị ngỗng rượt , vừa chạy vừa khóc la 🤣🤣",1,0,0.1905572549875114
1 câu chuyện buồn :)) khuôn mặt biểu cảm :((,1,0,0.12540230889844217
đúng là tốt quá lai thành lạm dụng 😶,1,0,0.13968618010169076
ngô ̀ i đo ̣ c bình luận chu ́ người no ́ tag người yêu va ̀ o ma ̀ sô ́ người mu ̃ i la ̣ i cay =)),1,0,0.07346922769059465
hôm qua tao cũng xem chục lần :))) bài đếch gì hay vãi :)))))),0,0,0.022867178990990264
cmt thế thôi chứ thật ra còn trả dám ấn vào video để xem . đời tao tởm nhất là lũ nhện mà hay gặp vãi :((((,1,0,0.08553959740107663
tưởng mai đi họp phụ huynh mới bị u ám . ai ngờ hôm nay mới biết điểm anh 9 . 5 thôi đã u ám rồi :),1,0,0.19125454548191634
cả tết được có 400k :(,1,0,0.12964448050706762
xem xong thấy buồn quá,1,0,0.051151930209406136
mai đến phòng đi tập luôn,0,0,0.10555602518490573
per ông đó có đôi mắt đẹp ghê,0,0,0.09795732132480287
tao đéo ghê con rắn tao ghê mấy cái trồi lên kìa :))),1,0,0.08757745606552565
"mới đầu mày sẽ thấy vui , từ từ nó quậy cho mày ????",1,0,0.18921951177481997
tanh bành cuộc đời rồi,1,0,0.18980770011799547
cảm giác vừa uống cà phê vừa hát mỗi ngày bình an lắm,0,0,0.270951047343318
dm . đồ dạo này lắm tạp chất hay s í nó đéo phê nhg mà vẫn bị ngáo,1,0,0.10403741418039977
đến giờ tao vẫn chưa biết biển là cái gì ad ạ .,1,0,0.10481774666538408
là đi phát tờ rơi ngay mấy ngã tư và cổng trường đại học ! được 200k về mua skin yasuo siêu phẩm 2016,0,0,0.07912849947901102
có ai xem xong không sợ với không giật mình như tao không @@,0,0,0.21367650987703057
nổii da gà hic,1,0,0.14392941942764498
bạn trai người khác không bao giờ làm tao thất vọng =))))),0,0,0.13560129948155444
cám ơn các anh,0,0,0.009865679493536783
tuyệt thật,0,0,0.04753718606394668
crush bị thịt hay không không quan trọng . t chỉ sợ vợ tao đang bị thg nào đó gạ địt thôi . nghĩ mà buồn,1,0,0.3117328871243771
per có nên áp dụng với anh hàng xóm không nhể 😆😆😆,0,0,0.19456825618457138
t chỉ sợ cảnh đấu kiếm :((,1,0,0.12245272453279535
bà của tôi đã không còn khi tôi còn chưa biết gg là gì,1,0,0.44092839098998127
"mỗi ngày đi làm về , tôi không vội vào thang ngay mà thường ngồi sảnh tầm 20p chỉ để ngắm gái xinh cùng tòa 😆.",0,0,0.2952799521941821
đau còn hơn tỏ tình bị từ chối per,1,0,0.27628581350587683
khổ thân em nó . ??,1,0,0.2542047913471324
nhìn đoạn ổng tránh nó cắn mà nhảy tưng tưng rất chi là điệu nghệ và mang trong đó cả sự tấu hài nữa 🤣🤣,0,0,0.1483404323652341
per cười tức bụng nà vợ 😄,0,0,0.20272054010059046
hôm nay thật tệ :((,1,0,0.14139278504859445
người ta đỗ giữa 2 cửa thế kia là rất ý thức rồi,0,0,0.0955743557122401
nhìn mặt con chó tội vãi,1,0,0.10359328649967983
đã khóc . cha mẹ là người luôn yêu thương minh nhất,1,0,0.12747144425273083
nó lại hợp lí vãi :v,0,0,0.05936179408754853
may nó không đâm cho lòi ruột,0,0,0.0876216452355325
và người đó đang ở nơi đâu về với em đi . đợi người rồi người sẽ đến chứ ?,1,0,0.2116782194385488
"tui ở tuy hòa , phú yên mà chả nhận ra luôn .",1,0,0.06176069441369559
con thương ông quá,1,0,0.14016995974411517
mặt ô kia khát nước nhìn buồn cườ thế 😂😂,0,0,0.16519138670529915
e vừa bị điện cao thế giật hôm 17 chạp . bh nhìn cái ông này mà sợ .,1,0,0.0894103449986461
hihi lâu lắm rùi mới thấy nó,0,0,0.2040303037865458
"phải chi có ai đối với tao như này ha . nghĩ lại , mình không bằng cả chó . aiyo ....",1,0,0.3657705362341043
"như đi hiến máu chẳng hạn :3 , suýt thì được gặp :(",1,0,0.3569188162309697
"thương các bác quá , vất vả 10 năm trời mà bị như vậy 😭",1,0,0.09098621771859812
cưng quá trời luôn,0,0,0.059039042395132885
mua con lợn 5 chục lì xì được có 40 nghìn mất thời gian tốn cả tiền bạc 😂,1,0,0.15124990734990587
đã từng xem em là tất cả . mỗi khi mỏi mệt về thấy em và con cười là anh hạnh phúc rồi,0,1,0.630630358979219
đầu óc đến giờ vẫn còn nặng và đang né tránh mọi người .,1,0,0.42025533353061795
per bit cái nay không . hihi,0,0,0.06429345461647581
tội em vợ thế :(,1,0,0.20126016957989637
tôi từng được sống . nhưng đấy là truyện của năm ngoái rồi,1,0,0.31652889532034256
per không biết còn nhớ tên tao không nữa 😑,1,0,0.2073113481399291
"hồi lúc tao ăn lạp xưởng mắc xương , nói mà cũng đéo ai tin . tao hiểu cảm giác của mày lắm ?",0,1,0.5036160066397817
"cái đáng nói là chủ không có thương , dòm em husky này ốm nhom , mắt lờ đờ thấy tội lắm",1,0,0.1680409443375096
nhìn em mà thương roi nói chuyện mắt,1,0,0.15700106205359673
hu hu đã bị chụp,1,0,0.14416315090770251
:)) bật nhạc lên và quẩy thôi,0,0,0.029550476251797842
"chuẩn . tao mà chơi hoặc làm việc cùng bọn con gái tính công chúa một thời gian thì tao ngày nào cũng sờ troét , sau đó bị trầm cảm .",1,1,0.7176907183378964
aii may mắn thì có vị ngọt còn aii thiếu may mắn thì họ chỉ toàn gặp những vị cay vị đắng của đờii :)),1,0,0.10430877874670744
lúc đấy là mình mình cũng lắng liền rồi chắc trào nước mắt mất,1,1,0.5379764671062566
mới ho mà đã như thế nào thì lấy chồng chắc sống trong bệnh viện cả đời mất thôi,1,0,0.44773557820191134
chạy ngay đi 😒 trước khi bọn chủ tịch vào đây và giả làm con cặc gì đó rồi bị coi thường và chúng mày phải nhận cái kết đấy !!,1,0,0.11341604982261337
tao dễ thương nhưng vẫn ế đây này mơ mộng ít thôi,1,0,0.255854541016197
"ngày trước đi mua cái này cho chó của đứa bạn thân . mà 2 thằng thử xong phê quá quyết định mua mỗi đứa 1 cái , và chó 1 cái :))",0,0,0.022069486943556753
bản thân quá hạnh phúc khi trong cs này rất . rất nhiều người mơ ước được như mình hiện tại . 😊😊😊,0,0,0.2850149846497196
h chỉ pk nhìn họ bên người khác :((,1,0,0.12479718850867642
per =))))) hahaaaa,0,0,0.06008908766311806
đau lòng lắm khi tối nay chồng tương lai của tao lại cống hiến sức lực để chăm sóc vợ thằng khác ..,1,0,0.4468513107229362
per về xem anh :v đái ra quần chuẩn mẹ rồi,1,0,0.0810073600279523
mày không được ăn đồ chua nhưng phòng toàn xoài chua :(,1,0,0.3346017200884013
phim này rất hay . tình cảm nhẹ nhàng . toàn zai đẹp . hehe,0,0,0.03191858311486321
khi nhỏ còn bị nghiện mùi khói này nữa chớ . 😄,0,0,0.2089126877890705
"vietcombank 1 tháng trừ hết 22k phí inter với mobile banking , dù tháng đó kau chả xài tới cái nào :((",1,0,0.17348087979678062
per =)))))) hít đi cho no chứ mắc công lại chửi tao không biết điều giở trò trước mặt cẩu fa như mày :),0,0,0.16613830887850256
dume cười muốn chết người ta ~~,0,1,0.8451011368461298
why ???? ai đã cướp boss 6 múi của tao vậy 😭😭😭😭,1,0,0.21328172999431882
"đã từng nhưng 10 năm về trước cơ , buồn ghê",1,0,0.21581356886122258
"giỏi mà 😁, đúng là thằng tây duy nhất ở vn học tiếng việt mà giọng tuy hoà ( giỏi )🤩",0,0,0.04380530795461352
"có hôm nó lo đọc cho mình nên không chép kịp bài , cô giáo bắt phạt đánh đòn cả hai đứa . năm sau bạn í chuyển trường mất , nhớ bạn quá !",1,0,0.07146382917746391
per đợi rụng răng rồi anh tặng quà cho em luôn háy . hhha,0,0,0.04032170575998394
tìm mọi lí do để có thể chạy xe ngang nhà nhìn nhà nó phát xong cười mãn nguyện đi về :)),0,0,0.06128645289733663
phận làm trai nào sung sướng gì 😂,1,0,0.1363149601233582
buồn cho 1 đất nước .,1,0,0.08139682693730017
"per 2 con hay cap màn hình nhất thế giới , nói chuyện với nhau toàn cười ỉ 🙄🙄🙄",0,0,0.2212641269012044
hy vọng mọi điều tốt đẹp sẽ tới,0,0,0.18596616100848617
có ai xem đi xem lại như tao mà vẫn cười đéo nhặt được mồm không ạ :)),0,0,0.08605424470607495
cứ thấy nó là ăn không còn xác thì lấy gì chúng kịp phá . nhìn thèm ứ chịu được 😔😔😔,1,0,0.10673875720442491
nản kèo vãi,1,0,0.12985958736901973
vì yêu người khác nên biết là ngu nhưng vẫn làm :(,1,0,0.08737328056621337
nhỏ nhặt nhưng ý nghĩa và hạnh phúc 😊,0,0,0.09574259128575645
chúc trump chuyến bay thật may mắn nhớ tới thăm hà nội nhé xin chào,0,0,0.029514342300559063
chắc kiếp trước gieo nghiệp kiếp này phải gánh thôi,1,0,0.13416935653428008
"ôi mệt quá , một ngày buồn tẻ",1,0,0.4603960647327389
"thôi không níu giữ kí ức xa vời , và chẳng bao giờ thuộc về nơi em",1,0,0.17087228474815458
có cả chiêu của per trong đấu trường thú nè :))),0,0,0.06523560850765442
chẳng hiểu sao tao cười sặc sụa,0,1,0.6363615772854827
địt mẹ đời tao,1,0,0.21124558187629294
đúng là nhân tài luôn ở khắp mọi nơi kkkk,0,0,0.09858505689471646
có tiền chưa chắc đã ngọt nhưng nếu không có tiền chắc chắn là đắng .,1,0,0.10266000783871324
per có thằng bị tao bắn từ đó không thấy họa mi hót nữa luôn,0,0,0.14454541976755828
khuôn mặt đáng thương,1,0,0.1371365059886984
kinh khủng thật :((,1,0,0.31061981329609006
mày lấy sỏi xếp thành tên dume khôn như tao này .,0,0,0.2083405479195353
tao thì muốn là đéo bao giờ . nhưng mẹ tao thì muốn ngay bây giờ 😢,1,1,0.549834546161377
em vẫn nhớ cái bếp này kkk,0,0,0.049910798550251365
có ai không sợ nhưng giật mình như tao không :) dumehuhonchimen,0,0,0.21807532202518554
diễm quỳnh haha em không biết,0,0,0.07764478328095516
clm đêm rồi tha cho tao 🙂 tao đéo muốn chạy xuống dưới nhà hoặc là nhịn đến sáng mai đâu 🙂 con gì thì con kệ mẹ 🙂 đừng nhắc đến nhện 🙂,1,0,0.2508954445715604
"hí hí . tiến sĩ cừu , thạc sĩ cừu ... chẹp chẹp 😃",0,0,0.12561225935569933
chưa khi mô biết cảm giác đi nhởi trung thu với người yêu như răng,1,0,0.13455539914093526
khá quá nhể :))),0,0,0.027244939096086503
tình anh em thật đáng khâm phục 😍😍😍,0,0,0.04330221885167823
ngày trước mình qua singapore cũng vậy . dư hành lý 2 chi em mă ̣ c 4 bộ lên người kkk,0,0,0.1455605837233963
cứ sợ rớt điện thoại :)))) sợ nhất là lỡ khúc nào khó là té không thể tả nổi,1,0,0.07290631503919039
"ôiii vãi , dume nhìn thôi tao đã sợ rồi . từ nhện nhỏ đến nhện to không con nào là tao không sợ :((",1,0,0.15056795545946752
chủ như này lại chăm làm vãi =)),0,0,0.08826533451854558
per nhìn nó gớm những vẫn khoái coi . thú vui biến thái dễ sợ,0,0,0.07963313191727908
âu cũng là kiếp người . tại sao ông trời lại đày đoạ con người ta đến như vậy,1,0,0.17215004389039498
"per hồi học đại học , điện hỏi xin tiền bố , bố ra ngân hàng gửi tiền rồi điện em hỏi stk rồi hỏi "" tên mày là gì ??"" 😭😭",1,0,0.16848171544938984
"tao cưới rồi , cưới nữa cho vợ tao chém tao chết à",1,0,0.31034824904642627
gì mà ghê vậy 😑 sởn gai ốc,1,0,0.08742279327931352
moá . tao muốn chết quách cho rồi,1,1,0.5655188078133804
nói thật :)) tao chỉ buồn cười khi chúng nó chia tay thôi :)),0,0,0.11720004839212962
"những hành động đẹp , đáng được trân trọng , và sẽ được lan tỏa ở mọi nơi , thật tuyệt vời 😍",0,0,0.03240857522491901
nhìn mà nổi hết da gà,1,0,0.09001440818714901
:v tới đây đi anh chịu trách nhiệm cho :v,0,0,0.08084194814815641
chúc bạn thành công < 3,0,0,0.024728334600143172
"per lại nhớ chiều nay , buồn cười sấp mặt luôn . :v dù mệt nhưng ngày nào tan làm cũng muốn được đèo đưa đi ăn kem , ăn đồ chua , ăn miến trộn như hôm nay cerrrr :v",0,0,0.3633618238416742
"thấy bảo sang năm được tủi , nhưng mà năm nay vẫn chưa có người êu",1,0,0.12725885491664557
"khổ thân người dân , trước dự án cao su là dự án cà phê , làm thêm dự án nữa coi như một đời bỏ phí",1,0,0.1630306832024829
trong mv mà có tao đứng dưới mưa nữa thì buồn phải biết,1,0,0.19930854225079694
đố ai định nghĩa được tình yêu . có khó gì đâu một buổi chiều . nó chiếm hồn ta bằng nắng hạ . bằng mây nhè nhẹ gío hiu hiu 👏,0,0,0.07997216385303524
sợ nhất con quỷ này trên đời,1,0,0.17714715205257175
tự hào ngồi mâm dưới,0,0,0.2539449998115225
10 đứa bạn thì có 9 đứa là con trai rồi . sau nhiều năm kinh nghiệm thì chơi với nhiều trai thì sẽ bị ế muôn đời muôn kiếp . haizaaa ...,1,0,0.23780550217230967
"làm bác sĩ sướng thật , bảo cở là cởi , bảo cưới là cưới . lắc đầu cái là cả nhà khóc .",0,0,0.16489942959246404
đầu mùa chua chua ăn ngon vãi_chưởng . thích vải lắm luôn . trong khi nhà toàn nhãn .,0,0,0.2840184736901911
chị ấy được đào tạo qua lớp người nhện bắn tơ nên không biết sợ 😂😂😂,0,0,0.07178478978005937
xem mà cuối phim thấy tội chị ma nữ 😂,1,0,0.03958096594780533
😐😐 phê hơn lá chuối,0,0,0.05115419208727384
bên đây thấy yên bình hơn nhỉ,0,0,0.06320012265213391
cần lắm những nhà tuyển dụng như vầy :)))),0,0,0.10097482667801881
một giây rung động con tim :))))),0,0,0.07502433268454388
nhìn giống hai anh đang tỉnh tò với nhau ghê ( mình là hủ đừng ném đá nha 😅😅😅),0,0,0.054117430400278034
chúng ta thật hạnh phúc và luôn đi chung với nhau suốt chặn đường dài rồi đó nà ?,0,0,0.04146587877630172
mong bé sớm được mua lại,1,0,0.06764466233019899
sao lại bất công thế,1,0,0.1924407104626905
"một lúc nào đó chúng ta sẽ không nói chuyện nữa , lúc đó có lẽ em thật sự đã buông bỏ được rồi ...",1,0,0.3417005360356825
học xong 12 như hết thanh xuân có lẽ phải bỏ lỡ 1 người,1,0,0.048291063552149564
"cv không áp lực , môi trường xung quanh mới dễ tạo áp lực",1,0,0.3032231514632986
"ngày xưa có đĩa phim này . bố đi công tác về thấy cái đĩa tên là "" cô dâu 15 tuổi "" . má ăn chửi sấp mặt ...",1,0,0.1702638376517982
per bị chì chiết từ 6h sang đến 23h phia . vẫn sống vui 😊😉,0,0,0.1633821493763194
e thắc mắc là cố gắng 1 năm mà rủi ro khách hàng hay bên nhà sx dây không cảm động là ăn cám ạ 😌,1,0,0.12366162874416789
cưng xỉu ~~??,0,0,0.10439128774897426
chắc là uncrush thôi . bố mẹ thì còng lưng ra làm cho con đi học .,1,0,0.14909610254289132
và sếp tốt có thể giúp ta vui vẻ từ sáng thứ hai cho đến tối chủ nhật 😀,0,0,0.05702261858637723
hay lắm chàng trai trẻ,0,0,0.12860758455050725
"đang coi thấy nghi nghi , tắt vô xem bình luận , đoán ngay là sẽ giật mình , nên thôi không xem nữa haha , dễ gì bị dụ haha",0,0,0.20989320939856146
chưa bao giờ b đến đích là gì cả,1,0,0.14173558059515537
không cướp ở đâu đi cướp ngân hàng của nhà nước 🤣🤣🤣🤣,0,0,0.1179144672566208
nhiều lúc sợ bị pê đi,1,1,0.520390726635755
dù thời tiết nóng bức ... nhưng ăn vải vẫn là ngon nhất,0,0,0.12518712481209693
bà tôi giờ mất mấy năm rồi giờ lớn lên rồi mà chả tặng được bà món quà nào cả 😭😭😭,1,0,0.29265073435490346
chỉ mong thương nhau đến đầu bạc răng long . vậy là đủ 👌,0,0,0.08730006660975002
éo biết sai hay đúng nhưng thanh niên này chất .. bản lĩnh bình tĩnh !!,0,0,0.041688253045210344
"fa lâu năm có biết 14 / 2 hay 15 / 2 là ngày gì đâu , chỉ biết là ngày đi làm về và rất mệt",1,0,0.39790556116175696
nụ cười của crush kích thích vãi :)))))),0,0,0.11817080992424908
tao cười tao ỉa =)))))) hâhhahhahahahaha,0,0,0.11017451721197201
cái cảm giác nhìn người thân mình khổ còn mình lại chẳng làm được gì giúp .,1,1,0.6069037025993387
may mình đi làm rồi chứ 10 năm trước chắc sẽ phát khổ với bố mẹ vì mấy tin con nhà người ta như thế nào,0,0,0.31467199464258483
"moá nó , cười đau hết cả ruột",0,0,0.3337523946912015
tuyệt vời quá cần nhiều tấm lòng tốt hơn nua thật là ý nghĩa,0,0,0.02851245220391703
"tên của tao nghe rất bình thương , không có gì đặc sắc nên nhiều khi nghĩ cùng buồn tẹo .",1,0,0.23712368267773054
nhanh lẹ hiệu quả cao 😂😂,0,0,0.022212567927901758
được đấy tao thích,0,0,0.0925161769862341
"chúng ta những tháng ngày sau đó vẫn gặp nhau , vẫn nói chuyện nhưng không phải những cô cậu của hồi c3 nữa . chúng ta đều khác",1,0,0.04630905354195018
tao còn độc thân này :((,1,0,0.34156007223950946
"ám ảnh vãi :)) hồi bé tao với chị tao trên đường đi học về thấy có mấy con ngỗng , thấy hay ra nhìn thử dume xong nó dí tao với chị tao về gần nhà :)))",1,0,0.04081071809390326
"nhiều kỷ niệm đẹp , giờ nhìn mấy đứa nhóc đi học mà muốn quay về quá khứ .",1,0,0.02638427918225632
"chắc ông chồng hạnh phúc lắm khi sống chung với người vợ như vậy , những đứa con chắc cũng yêu mẹ họ lắm ! mà thặc ra là giống với mẹ tớ lắm kkk",0,0,0.25160014578676504
tao sẽ chỉ tự an ủi là đấy chỉ có trong phim truỵên ngôn tình :),1,0,0.18086081358504
e lên mang câu chuyện này đi thi thách thức danh hài . rất duyên,0,0,0.0530820451844874
per :)))) buồn cười vãi,0,0,0.09852905012335543
"quá đơn rản , bạn thân yêu ơi ,",0,0,0.07129422125402249
"tiêu đề bộ phim cứ ngỡ là thể loại hài , nhưng nếu xem hết thì các bạn sẽ rút ra rất nhiều điều và cái hay trong phim này",0,0,0.05328349283717804
đù . ?????? sợ tụt lol,1,0,0.09341622309330228
trích mà như vầy rồi . sao dám coi phim đây 😢,1,0,0.17396789216045874
dù có nói thích mày thì cũng đừng có tin .. xã hội giờ nguy hiểm lắm,1,0,0.21410935449473015
khi bạn bất cần vãi đời ... làm việc xấu mà cảm thấy thanh thản vãi 😁,0,0,0.08125327559859549
tuyển ngay về làm nghiên cứu viên cao cấp cho các hãng khóa :d,0,0,0.048502164650735265
năm nay chạnh lòng quá . haizz,1,0,0.14588520383616002
bài mà từng nghe khi tổn thương lần đầu,1,0,0.3310954180064376
đang tập hát 😶😶 hay thật 😔😔,0,0,0.031677464256217584
"chồng biết không , hihi",0,0,0.15966837719697038
sẽ hấp dẫn hơn khi dưới sông có cá sấu :)) lót dép hóng,0,0,0.0653619362554499
người lớn tuổi nhiều lúc rất dễ thương 😊❤,0,0,0.08578512852831699
tao thề . nhìn bạn ấy xong tao muốn rụng mấy quả trứng luôn 😓,1,0,0.05460768450592613
tao cừi tao ỉa 🤣🤣🤣,0,0,0.1318832087277407
dù ra sao vẫn giữ nụ cười và sự tự tin,0,0,0.3637043657702296
cưng hết sức nà,0,0,0.24665012197114788
sợ đến lúc đó muốn lấy vợ phải sang nước khác nhập khẩu về quá,1,0,0.33120961738486204
"t nghe nói : đi tập gym sẽ có người yêu ...! awwww . điều đó không sai , điều đó là có thật 😂😂😂",0,0,0.04128712608142903
per trung thu chia tay gấu à ? bất hạnh nhỉ,1,0,0.06596932658892998
xem xong hết cái video mà cảm thấy buồn cho cái xã hội bây giờ,1,0,0.052853300262619536
em nó đây nha các bác . kkkkk :))))),0,0,0.024731243391951062
per mày phải thấy may mắn khi cuộc đời mày được gặp tao :))),0,0,0.16596815245188
anh đánh mất thật rồi,1,0,0.28126263082489844
điện cho đứa bạn . đem mũ ra . coi ai hơn ai . kakaa .,0,0,0.05738217478029416
người yêu tao bỏ tao rồi :(,1,0,0.08576705753869328
boss có bộ đồ ngủ đĩ thõa ghê gớm 😅,0,0,0.06144832533454186
"má , mặt đúng ngáo luôn 😂",0,0,0.1132415148828417
móng của bố tao . hồi trước và bây giờ đã cắt vì lý do . sức khoẻ .,1,0,0.23755641703353028
hồi xưa anh hay bị chửi trẻ trâu này nọ ... giờ anh là tổng giám đốc rồi 😁😎,0,0,0.20580246765928975
trước em cũng hắt xì 1 cái lưng khụ xuống như ông già đau vãi,1,0,0.15122078951705872
hay ý nghĩa sâu sắc 🙂,0,0,0.061053351673207426
yêu quá nè nè,0,0,0.03486724279590431
vỉa hè to thế vẫn còn muốn ăn cả ồ hố nữa hả =)),0,0,0.12580959931652513
ngồi nhiều quá nhìn họ đau mắt,1,0,0.17976156984835143
t chỉ thấy tình yêu của tao nó tan vỡ thôi,1,0,0.08659245630807126
dễ thương quá !!!,0,0,0.03488279310635791
năm nào cũng phải ở nhà trông nhà :((,1,0,0.10166145260562712
nguy hiểm đến với bao nhiêu bất cứ lúc nào,1,0,0.28002653213941325
"có mà bữa chạy ngược chiều trên qlo 1a tại có hẻm nhỏ để quẹo tắt , chưa kịp quẹo bị 6 anh csgt + 1 xe bắt xe tấp vô chặn đầu xe , hoảng hồn cmnl .",1,0,0.3795669715279279
thương anh bạn kia quá .,0,0,0.0855164184444032
trông rợn vãi :)),1,0,0.055889330900757976
giọng lại còn ấm nữa chứ ♥️,0,0,0.10403026606263958
"ngày xưa toàn bị mẹ đánh bằng dây điện , vụt phát nào ứa máu phát đấy . giờ nghĩ lại tự nhiên lại thấy hay , vì ngày xưa mẹ nghiêm khắc như thế giờ mình mới ngoan 🙂",0,0,0.22654253959230355
chắc mình là thánh nguy hiểm,0,0,0.10046172388735101
nhớ lần nấu cơm thần thánh này không ? per chỉ là mải nghịch nước thôi mà …,0,0,0.18316567850271692
cảm ơn bố !,0,0,0.052178306887114445
nháy mắt cũng đáng yêu kkkk,0,0,0.08805765872991386
lãng mạn vãi_chưởng =)))))) 0,0,0,0.05612588846005251
vâng chú ah haha,0,0,0.07002587763321101
tôi cũng muốn được cảm thấy như vậy ??,1,1,0.6154071818890671
đáng yêu quá . chúc ông bà thật mạnh khỏe mãi hạnh phúc như vậy 😍,0,0,0.012826559956785319
nhờ đó mà tôi cảm thấy nhẹ nhõm và trở nên mạnh mẽ,0,0,0.24793734773590076
giun này mà xào thêm ít xả ớt thì tuyệt cú mèo 🤣,0,0,0.13715036238221986
tớ chỉ an ủi bạn í thôi mà :(,1,1,0.5268889799979336
"per giỏi phết đấy mỗi tội nghịch thôi , được cái làm từ thiện nhiều .",0,0,0.10139597611615829
nhưng mà từ giờ trở đi đéo được tiếp xúc rồiii,1,0,0.3281132267925668
"hồi nhỏ thì tao bị cả bầy dí , được fine :)))))) đến khi tao 12 và đi học đh năm nhất , sau 1 tháng xa nhà , về nhà và cái kết là tao không còn bước ra khỏi cửa nữa , n dí everywhere :)))))))",1,0,0.09138824163447767
per gần nhà c ơi . hic hic,1,0,0.13808815590328358
nếu tao được gặp ba tôi 1 lần nửa thì tao sẻ nói con thw ba nhìu lắm . nhưng lời nói này chẳng pao giờ được nói nửa vì tao và ông ấy đã xa nhau mãi mãi,1,0,0.3740053209938489
bố đi đường mà sợ quá,1,0,0.0911656334840638
lúc dỗi thì càng dễ thương hơn,0,0,0.07902601980654078
đm lừa đảo hằng năm cả trăm tỉ . giờ phạt có 5 triệu :))) chán vãi,1,0,0.24592601453262827
"ko nói nhiều chỉ ủng hộ anh per vì thấy thái độ trước tòa là hiểu anh per hoàn toàn chân chất , không có thủ đoạn gì hết",1,0,0.10335212561118265
mình toàn làm ba mẹ buồn,1,0,0.39449017472766457
vui tính quá ?? vừa kết bạn xong ??,0,0,0.07179051124715663
chỉ biết xem và ngậm ngùi lướt qua,1,0,0.13768107897854254
cách tạo nghiệp chướng nhanh và hiệu quả :)),0,0,0.02183317475775265
ký ức 1 thời . nhớ,0,0,0.06654361148327892
chị lỡ mất 1 nhịp tim vì cưng đấy ❤️❤️❤️,0,0,0.07876488507271322
đẻ sao mà cu con đẹp quá vậy trời 😍,0,0,0.07169019506255402
mát lồng lộng mày ạ,0,0,0.13909006171209704
"bỏ qua mấy dòg chữ , nhìn khuôn mặt con bé không thể nhịn cười per :))",0,0,0.09251103395703976
"có ai nhìn thấy giun đang bò trong ảnh không , sợ vãi",1,0,0.16109760881182872
nấu có cháy mới ngon :)) còn nước cơm hoà với đường thì toẹt vời,0,0,0.05683912220455552
chắc thôi tao đéo ra đường luôn :))) sợ vãi,1,0,0.10425588593805807
khi nào tao thấy thích . mà thích rồi chưa có người thích cùng .,1,0,0.17692416965915364
gắn bó thời sinh viên á !,0,0,0.12305031008431756
bà ngày xưa đẹp quá ❤️,0,0,0.05254135461141605
buồn vì mình không giúp được gì cho ai . nhìn những người khác khổ hơn mình mà thấy thương họ,1,0,0.10889393818536051
tao cũng vậy nè . lắm lúc đi với chồng mà cứ hỏi bên này bên phải nhỉ bên này bên trái nhỉ . mệt mỏi,1,0,0.4042198131089486
haha con mấy cái video toàn đóng vào mỏ nhau không . cười tụt quần 🤣,0,0,0.08560780437254752
ui đáng yêu gheê,0,0,0.04702725588588664
rồi đất nước mình sẽ đi về đâu .:'(,1,0,0.1581733374027971
"chắc tại từ nhỏ tới lớn mình "" man "" quá nên không gặp được gã nào ga lăng dư này :(",1,0,0.2519430874800457
đang thất tình mà dume cứ bắt đi bán xoài @@,1,0,0.13098230275982745
"per may có con bạn đang giảm cân nhưng nó hiền , nó sẽ lao vào ăn cùng tao chứ không tát sấp mặt tao như vậy , phải không ?",0,0,0.3668991936946828
hồi xưa làm fanpage được gạ kèo 7 triệu nhưng nhất quyết không bán . cảm thấy quyết định đúng đắn nhất trong đời,0,0,0.14661849835137655
ụa cho fa đọc chi rựa huhu,1,0,0.06746415165950725
tao coi tao sợ nó lọt quá bây,1,0,0.18765565365024905
các bác dẫn crush qua cây sữa nay mà hứng nước đái ve nha haha,0,0,0.05374821442332303
nếu để ý kĩ thì lái tàu có thể bước xuống và kéo đường ray qua một bên rồi cho tàu bẻ tay lái một chút là cứu được cái xe . tiếc cái xe quá,1,0,0.11780376485756867
buồn vương mi !!!,1,0,0.1087276655328937
chuyên cơ tt quá đẹp ! bao giờ má mua được chiêc như vâ ̀ y trơi ̀ !!,0,0,0.07448203121066353
chắc chắn bố của bạn này là một người vui tính chứ không phải khó tính . khiếu khôi hài bạn ấy ảnh hưởng từ bố .,0,0,0.1787963944704596
tuổi thơ bất hạnh .. học mẫu giáo mà cạnh trường học là 1 bầy ngỗng . sáng nào tao cũng được chạy bộ tập thể dục nhờ bọn nó,1,0,0.12585591578092425
thấy anh đấy làm tùm lum mà con nhện vẫn đứng im là tao biết có chiêu rồi . định gạt anh ak,0,0,0.058084085611099574
per đi bộ ở trường về thì dcm nổi ám ảnh đúng giờ tao về là dcm nó ra nó dí ngày nào cũng dí chạy cái luôn,1,0,0.15721996632550728
"per sợ chưa , ông bác hơi bị cứng nhé :))))",0,0,0.04281085472652418
tiếc quá đẹp trai mờ không có chim,1,0,0.04165021173458112
bài viết hay quá !,0,0,0.009372550022717243
cái nay nhận ra lâu roài . mà đi làm toàn gặp đồng nghiệp đáng yêu hi,0,0,0.01714132423534316
lại được làm thêm quả nhà nữa . ngon,0,0,0.14514805698993086
"coi 3 lần mà vẫn cười , phim hay nhân vật dễ thương",0,0,0.035563104972251985
bản thân cố gắng cũng chẳng dễ dàng gì :((,1,0,0.4986103306580954
coi phim này xong thì nhỏ bạn tao bắt chước giống vầy với crush nó . sau đó thì ... à mà đéo có sau đó nữa :v,0,0,0.08668090010108584
nó cười với người khác chứ * beep * phải tao :((,1,0,0.2731215180691578
"mong là bố mẹ mình không đọc được tin này , sợ vãi",1,0,0.20768779197376577
"còn tôi thì lại khác , thanh xuân của tôi chả có bây giờ gặp được aiii và hạnh phúc bền lâu cả :(",1,0,0.16656006022669378
mỗi phút bên em thật tuyệt vời . chỉ em mới cho anh cái cảm giác đó,0,0,0.05922966777109997
"trước đây mình không thích xem phim việt , nhưng mấy năm nay phim việt chiếu phim nào cũng hay . tự dưng không thích xem phim hàn quốc nữa .",0,0,0.049944871993609065
khoảng gần chục năm về trước thì còn vàng trắng .... giờ thì bán còn không đủ không đủ để trả công nữa là,1,0,0.38105557424242853
đứt quả chuối trong mồm . đéo dám nghĩ kết quả lun,1,0,0.14875970941897304
tao kìm nén lâu qá rồi mà 😌😌 tức nước vỡ bờ thôi,1,0,0.12000340940882713
đúng cát bà rồiii ~,0,0,0.05747647109957909
"đến lúc yêu nhạt cực :) tao thề ! kiểu chán chán , muốn quay về đơn phương hơn",1,0,0.1818211190758278
"những thứ tưởng chừng như rất đẹp nhưng kbh được trọn vẹn , cuối cùng để lại chỉ là những kỉ niệm đã từng :))",1,0,0.07850292810572333
"chuẩn , thấy đa phần nam chính vẫn được lòng hơn .",0,0,0.04922585422729524
đi làm quán nước mà mỗi cái bịch nay long đựng ống hút nó cũng xé nhỏ ra rồi để bay tứ tung đi quét đã muốn lòi lồn,1,0,0.18618895002230235
sởn gai ốc với chị ấy,1,0,0.09707937264144624
chủ kiểu lol gì đáng yêu vãi ?? :)))),0,0,0.018289673425209783
"lúc trước ông với bà tao cũng thế , bây giờ thì ông bỏ bà đi trước rồi .",1,0,0.12238686319653999
hôm nay bạn đi làm . tiền đâu mà mua 😌,1,0,0.04815439672985001
dễ thương vãiiiiiiiii,0,0,0.03501741846814882
dume nó hết con mẹ nó hồn ....😭😭😭😭,1,0,0.2238886845465889
còn tôi tự nhủ dù lớp học tự ý bỏ về hết tôi cũng phải ở lại học đến tiết cuối cùng . hết giờ tôi cứ ngồi đó rồi từ từ bước chậm ra cửa ngoái đầu nhìn lại .,1,1,0.530255639624009
bạn trai thì chưa . nhưng mỗi lần thằng bạn nó cắt tóc cạo râu thì auto nhìn đẹp trai,0,0,0.08165994224243794
ngày đi học . có lúc đang ăn cơm . bố hỏi . per năm nay học lớp mấy rồi con ☺ t không hiểu bố tao hỏi cái gì 😭,1,0,0.28211888545049024
lớp 5 mà viết kiểu này cô đánh gãy tay .,1,0,0.13261477487149195
đi chơi xong về cũng buồn như chó cắn tiếp thôi,1,0,0.23562633478015665
dume cười vãi luôn trời :)))),0,0,0.06138961767778952
còn người yêu tao : một hơi có một anh đẹp trai bay lơ lửng rồi ôm lấy em khi em tắm :(((,0,0,0.13604884166455164
hạnh phúc là đây chứ đâu =))),0,0,0.07333153213462626
và cứ thế tôi khóa lại 3 năm thanh xuân tươi đẹp của mình :),0,0,0.15350383109772991
sáng nay mình cũng gặp 1 anh công an dễ thương lắm,0,0,0.11769750476681129
tất cả đã đều quá hoàn hảo rồi . trừ pha nhảy cuối thôiiii :v,0,0,0.1094773991333982
per :)) chắc giống cảm nhận của ông lái oto hôm qua,0,0,0.06426569742384021
hãy nên trân trọng những người bạn như vậy .,0,0,0.11399380845745224
ngoài mấy phim về vật lý ra thì phim nào của ấn cũng có những ý nghĩa sâu sắc .,0,0,0.08549939542845827
cuối cùng per cũng thành công rồi nha per nha,0,0,0.054725512826011166
cũng thơm mà . kì thị quá à .,0,0,0.144303829058909
hình vui mà sao đọc lại muốn khóc nhĩ ...,1,0,0.21849509302949863
"per thể loại mới nè , có vẻ phê",0,0,0.049927094160534514
bạn này yêu bố nhiều lắm mới vui vì bị bố mắng . chứ ai đời bị la mắng mà kể lại cho người khác nghe mà vui đến thế,0,0,0.2917025411510501
"tình đến , rồi tình cũng điii 🙂🙂🙂",1,0,0.10202717409970793
mấy má đang có kinh rồi mặc áo đầm nhảy qua thì nhuộm đỏ 1 dòng sông cmnl 😳,1,0,0.3307937538380998
ủa là đụme video hài hay deep vậy . chớ tao thấy buồn cười vãi vì nhây đéo tả được :))),0,0,0.03948059244576438
thanh xuân rồi cũng sẽ qua có những người trong ta mãi chẳng thể xoá nhoà !,1,0,0.24335736913678033
cậu bạn mẫu giáo năm ấy chép bài cho tao để tao khỏi bị thẻ tay giờ đang nơi đâu ???,1,0,0.09836806037095193
nhà thì không xa lắm nhưng chưa bao giờ đi vì sợ bị đè bẹp luôn người =))))),1,0,0.11345193000233825
"từ nhỏ tới lớn đi học toàn ngồi chung bàn với nam , toàn phải đương đầu chiến đấu với vạch phấn chia đôi bàn ghế . 🤣🤣",0,0,0.16749990609992557
buổi tối vui vẻ và ấm áp nhé đại kỷ nguyên ! tương tác cho hằng khỏi trôi bài nhé !,0,0,0.020132849904138186
họ hành động quá đẹp,0,0,0.029495168327050514
rất chuẩn hãy sống làm người cơn luôn luôn co hiểu thảo với cha mẹ của mình nhé moi người ơi,0,0,0.13560999688953287
nói chuyện yêuu thế đmaaaa ??,0,0,0.18983844539960582
anh thích em rồi đấy 😂,0,0,0.08063316480441088
tội quá ! nuôi mà không chăm sóc,1,0,0.16684262349451484
3 thằng ngốc . xem ý nghĩa lắm,0,0,0.11104889999543334
"có người cả đời ăn không hết lại có người thiếu ăn , thiếu mặc nhìn chán đời vãi",1,0,0.11754995371451792
người tài như vậy lại không được sử dụng đúng mục đích … quá buồn,1,0,0.09439413473405937
t đã cố tình che mặt nhưng vẫn giật mình,1,0,0.2313310985853296
khi nào đón bé về nhà nhớ chụp đăng lên cho bọn tao coi dung nhan thằng bé nha :vv,0,0,0.025911805292192034
haha cứ lên xuống thấp thỏm kìa ..,0,0,0.13832065503729787
tao chả nhớ ngày tháng năm sinh của mẹ tao và ngược lại :((,1,0,0.23885280366353887
có tiến bộ ! kkk,0,0,0.1065912887017676
ngày buồn hôm ấy tôi cũng là người rời khỏi lớp cuối cùng .!!!,1,0,0.25720872202919387
vâng ah nên em cũng sợ quá mà :-),1,0,0.1476684194729486
cái mặt xinh quá,0,0,0.10059416212402407
tao toàn bạn gái mà sao vẫn tưng tửng nhể ???,1,0,0.05921590274549597
xong bỗng nhiên một ngày mất hút không để lại 1 hạt bụi,1,0,0.12965095289736056
một nỗi buồn thầm lặng,1,0,0.41089704885489464
cưng nhỉ,0,0,0.09417708770593863
"năm nay mua cân na về nhà ăn dần , tối ra đường xem chúng nó dẫn vợ thằng khác đi chơi ... kaka",0,0,0.13463852068606844
bà ma nữ nhập vào nv chính thấy dễ thương dã man 😍😍,0,0,0.08720886434241057
nhớ thời sinh viên 😃,0,0,0.044436642744756956
"cái ông này mới xem thì thấy bình thường , mà càng xem lại càng đẹp trai 😂",0,0,0.03843904325641019
dù cậu làm tôi tổn thương mỗi ngày nhưng chả hiểu sao vẫn thương cậu,1,1,0.5281476239940542
làm phục vụ xong 4 tháng đi hà nội 1 lần chỉ để gặp người yêu xong giờ thì mới biết là nó cắm nguyên cây sừng lên đầu mình,1,0,0.11997145782091007
buồn quá buồn,1,0,0.1303056803467129
còn gì đau xót hơn 🙂🙂,1,0,0.13246069398037072
đơn giản nha .. cơm này ngon hơn cơm điện nhiều . không tin thì cứ thử,0,0,0.08650168312662157
tội nghiệp thằng bé :)))) chúng mày bốc đâu mấy cái thẻ hay thế ??? :v,1,0,0.019538354940356727
"và sau mùa vải , tàn dư còn lại là những nốt mụn 😌😌😌",1,0,0.148389819492026
haha thì ra trên đời này tao không cu đơn đâu đó vẫn có những đứa con ghẻ như tao cùng bắt tay chào hỏi nhau nà,0,0,0.19454241173343792
per haha cái t2 hợp với em nè ;)),0,0,0.0647214710771609
hết tiền rồi này,1,0,0.15871527541450245
"tại giống nhau quá , nhưng đừng như người ta nha , nghĩ đến tự tử các thứ chẳng có gì là hay cả",1,0,0.2595378776929169
chợt nhận ra mình yếu đuối như một đứa con gái vậy 😢,1,0,0.06299522328490846
buồn nhỉ 😴😴😴,1,0,0.10576425416262457
tuổi thơ cũng từng trải qua nhiều lời cay nghiệt hơn vậy .. nên c hiểu được cảm giác của em ..,1,1,0.5738537970132678
muốn nhanh thì cứ phải từ từ =))))),0,0,0.14348877663473378
cái giọng anh quay phim nghe ngọt quá 😘😘,0,0,0.007410292026342225
khiếp ăn tạp chẳng chết,1,1,0.6839937689275438
lại là án oan sai 😔😔😔,1,0,0.11234383953450874
cũng muốn vứt giày cũ nhưng lại không có tiền mua giày mới . đành chấp nhận đau chân vậy,1,0,0.184662167693548
thế mới làm nên nghiệp lớn chứ,0,0,0.0727944472790741
chưa bao giờ được nge câu này 😞,1,0,0.21033668330887548
chả có tiền mua 😩😩😩,1,0,0.10825100633752839
"thời thanh xuân tôi từng yêu quý nét hiền thục của chị hiền mai . và đúng như cái tên hiền mai của chị , tên và tâm tính đều đẹp , hiếu thảo khó ai bằng . em xin chúc bác có thêm nhiều sức khoẻ để chị có được nhg tháng ngày hạnh phúc , ấm áp bên mẹ ạ .",0,0,0.20931097230790724
nói gì thì tụi bây cũng không tin đâu ..😌😌,1,0,0.34933774145160507
"thật tốt vì chú chó ấy đã tìm được người yêu thương nó , kiên trì để nó tin tưởng thật sự :"">",0,0,0.06653953612621352
đkm lại diễn rồi pr cho game aumobile chứ gì tuổi lol qua mắt tao =)),0,0,0.06206165970905534
"công nhận năm nay tiến triển hơn , đợi 2 bà chị đi hẹn hò về còn có scl mà ăn ké :v",1,0,0.07600279977952684
đoạn cuối hình như nó khóc,1,0,0.20581710303080597
em hết ngáo rồi nha =))),0,0,0.03805795624355765
chỉ là muốn cạnh mà chỉ có 2 người . nói đủ chuyện trên đời dưới biển rồi đi vào giấc ngủ ngon . vậy thoii,0,0,0.32348383041179346
ngồi cười như dại =))),0,0,0.18529298144884862
nhiều khi cũng muốn chọc cho người yêu giận nhưng mới nhớ ra mình đéo có người yêu 😌,1,0,0.18594683682705798
tag vô cho xem mấy đứa xấu tánh thôi chứ ghệ anh tánh cực kỳ dt,0,0,0.1804280877358705
kiếp trước sống lỗi quá nên kiếp này nghiệp quật :((,1,0,0.10498247163252998
"một đời chẳng mong phải nhà lầu 4 tầng , xe hơi hàng tỉ , chỉ mong người đàn ông đi cùng mình đến cuối đời sẽ luôn nâng niu yêu thương mình 😊",0,0,0.32689572987093507
t nhận ra mình đã sai,1,0,0.2590142027924712
"tại như vầy nên bố tao không cho đi cùng . cụ bảo có năm còn lăn cả xuống ruộng , trèo lên mái nhà của người ta để đi ??",1,0,0.19580361439607297
per tạo hóa thật đáng sợ :))))),1,0,0.06318424489423054
"những việc này , mang lên đây chả giải quyết được gì cả .",1,0,0.14204746117602735
đọc cái mà cười rớt cả hàm .... cuộc đọ sức giữa xe lửa và ô tô,0,0,0.2838127748535901
mấy con yêu nghiệt ngày xưa nội có nuôi 2 con cứ ra đằng sau là nó dí chạy muốn tuột mẹ quần 🙄🙄,1,0,0.22754281174309282
kaka cái mặt bà kìa,0,0,0.07598406882208854
con bé cưng gì đâu . vk ơi anh muốn có cục bảo bối như vậy per,0,0,0.1261726059826586
"thật sự mình rất thích bạn này , xem phim mỗi tập cứ canh đúng cảnh có bạn ý , dễ thương quá 😗😚😚😚😚😚",0,0,0.03724610624043209
má tao xem mà lo thằng quay phim tét không à ? có ai như tao không ?,1,0,0.11475407819695566
"đúng mất vài giay để nói lời yêu thương , nhưng phải mất cả đời mới chứng minh được , cháu rất ngưỡng mộ ông bà !",0,0,0.19649133780191147
"dù thế nào thì anh tôi luôn bất hạnh , ai khóc cho anh khấc tôi đây 😢",1,0,0.43500542873103126
có đứa nào xem mà thèm đi biển như tao không ?,0,0,0.13963133707714892
nghe nói dạo này bạn dưỡng da để kiếm người yêu per,0,0,0.05258166826709096
per trai hay gái thì vẫn thấy tữn như thường kk,0,0,0.027395262891571466
"ngày xưa nhà nuôi mấy con điên này cái giọng thì đã khó nghe thì chớ suốt ngày ngoạc ra , hễ về đến nhà là thấy giọng bọn n đầu tiên . xong cho ăn , rõ ràng là cho n ăn đàng hoàng mà đến n + 1 lần bị n mổ với đuổi bợt mạng . chốt là tao ghét cái bọn nì dã man . ám ảnh cả 1 tuổi thơ :(( cái thứ yêu nghiệt .",1,0,0.13475534334701061
hổng gặp cái buồn luôn ><,1,0,0.05445285681152607
"đừng nên thích mấy ông anh cơ bắp , sợ lắm 😆",1,0,0.0775194766564592
"chấp nhận đau khổ , để đổi lấy hạnh phúc , mà tìm mãi hạnh phúc không đến thế mới đau em .",1,0,0.13997688779706977
"đần mặt ra nhìn nó y như con ngu , còn cười theo nó nữa , xong bị nó phát hiện .",0,0,0.19487382260197994
"tập thể năm nay lại làm mình tiếc nuối từ thành viên đến gvcn :,((",1,0,0.15719323491108897
mai đấu giá thử cai lap cua mình chứa toàn tài liệu tiếng nhật 😂😂,0,0,0.11639715091885608
làm công nhân đã bị vắt kiệt sức khỏe cho đến khi bị thải,1,1,0.5375980492293521
hồi đó tao lấy cái đó kẻ tập luôn kiểu làm màu mè cho đẹp xong lên trả bài bị bà cô trừ điểm ????,1,0,0.03891882139401843
"con nghiệt súc này mỗi lần tao đi đá bóng là 2 vợ chồng nó dí theo cắn bầm hết chân , thứ này thù dai kinh khủng , chiều nào nó cũng khởi động cho tao trước khi đá bóng ... con mẹ nó giờ tao lớn rồi , tay nghề nấu nướng cũng không tệ gặp mà dí theo là xác định tao quay nó vàng ương luôn =]]",0,0,0.21800863390381697
"hút điếu cần xong nhìn nó ăn mà muốn phá cái tủ lạnh vô dụng của nhà mình quá , đéo đủ sức đựng thịt bò toàn rau .",1,0,0.33344368403645264
cuộc sống mà đành chịu thôi =(((,1,0,0.3552062710766697
"có rồi mà , nghén rồi nè hihi",0,0,0.12163741506548209
"và mày chỉ cần lùi về sau , như ít quan tâm và nhắn tin lại mày sẻ cua được crush 😎😎",0,0,0.27513935070683776
cặp nay dth ghê luôn 😍,0,0,0.044419679163836795
thương thương con =)) yêu ghê cơ ý cái mẹt hờn dỗi,0,0,0.045449340050193604
"ngày chia tay , chúng tôi đã ôm nhau khóc",1,0,0.17821582495454028
đứng dưới cây này chỉ sợ ngột vì mùi hoa sữa 😂😂😂,1,0,0.11121364312796252
hãy cảm ơn vì chúa đã ban em cho chị 😂😂,0,0,0.04084316030636783
"ước mơ của tao , thích vẽ lắm luôn , nhưng mỗi tội vẽ xong cho lên màu thì lại tệ 🙄",1,0,0.13187979180090548
23 năm rồi tao còn chưa được đi chơi với bồ trung thu lần nào cả :(,1,0,0.22600010600098927
ngọt hơn cả người yêu haaaaa,0,0,0.044600589110451755
em chưa có người yêu . có ai yêu em không . em cô đơn quá,1,0,0.09554674788978264
có gặp cũng đéo dám ngẩng đầu lên nhìn,1,0,0.17889569446320264
rớt giá kinh khủng khiếp huhu,1,0,0.39106947856178165
huhu đéo muốn đi học đâu,1,0,0.2860158548319151
anh vui thì anh ngồi thôi ... chú cự để mặc anh . :v,0,0,0.08664409218922635
tiếc là 23 cái xuân rồi chưa gặp được em . có ai giống tôi không,1,0,0.16767108223447766
per mi phải học con nay bán hàng lai chim mới chạy hàng này,0,0,0.07471989879424094
công nhận sáng tạo thật đấy,0,0,0.045203108672555774
tự nhiên mình lại không muốn làm single mum nữa -.-,1,1,0.523389607569259
cắt tóc xong rùi gội đầu xong tóc còn ướt ý nhìn đẹp trai lắm luôn ý,0,0,0.09685584410297135
tao thấy đéo có cái gì để tao cầm được cơn cười cđcm nó ! :)),0,0,0.16255751925892614
tội quá . thương em,1,0,0.12179061922372826
tình yêu là sự mù quáng mà hix,1,0,0.046865951248489114
dòm sợ thiệt 🤐,1,0,0.10744312470190431
hicc thương em,1,0,0.17698160058458345
"cảm ơn các em , tuổi học sinh lắm nghịch ngợm nhưng có lòng yêu thương con vật nhỏ bé đã giúp bé cún được sống 😘😘",0,0,0.12465704912122254
t cũng buồn lắm chớ bộ 😓😓,1,0,0.23274150515639966
per nhớ hội chị em vinmec quá :((,1,0,0.03891307559998906
"đi viện mà tưng tưng ăn uống được là tốt rồi , mừng mày sớm ra viện nhé cô",0,0,0.08311576526005246
ngày bé nấu hoài không chín . tức rủ mấy đứa ra đốt cả đống rơm nhà hàng xóm,0,0,0.11911872154480835
nếu không gãy đó la 1 bài quyền đẹp rồi :((,1,0,0.0367336496759974
ý nghĩa và đáng suy ngẫm thật,0,0,0.11448294383558678
"bố bạn ý chửi nhẹ đấy , bố mình chửi là chỉ mong đầu thai vào nhà khác 😬",1,1,0.5638845273951717
nhớ gia đình nhỏ nhiều lắm … mà không được về thăm,1,0,0.23051065648467145
coi xong đoan này . tao thấy nhớ nhà vô cùng 😭,1,0,0.18614448526433477
chuột nhìn thấy mèo sợ là đúng rồi =)),0,0,0.052756288282805125
nhìn rợn vãi,1,0,0.06504718377378715
per thịt nướng lò xô ne ăn z mà không chết 😎😎😎😎,0,0,0.28129323515597965
nhọc lòng :(((,1,0,0.09823371453921893
a per doi dap rat tuyet voi . chuc anh thanh cong trong vu nay .,0,0,0.03829485529109565
chỉ mới hỏi về người khác giới cái là bị gán là thích bạn đó luôn mí sợ :(,1,0,0.2736507999356884
trò này cũng nguy hiểm chết người đừng đùa theo mà mang họa,1,0,0.16767975051341302
ai như tao nghe tự nhiên thấy ấm lòng vãi không,0,0,0.24713064614201016
ỏ đáng yêu =))),0,0,0.011770753246585292
"mình nghĩ sẽ không bao giờ là một thương hiệu quốc gia , là khát vọng về cà phê vn nữa ...",1,0,0.24691944605750346
nhẹ nhàng bay lên và hạ cánh thất bại do lổi kỹ thuật,1,0,0.13741851902224703
"cưng vậy trời , anh cho em xin ảnh nha ạ",0,0,0.05150434766118348
chuẩn không can chinh,0,0,0.07578921687058644
nhưng kp cười với mày đâu :) ảo tưởng vãi,1,0,0.4306182669163356
mua con lợn 50k được lì xì 40k . ok em ổn,1,0,0.1889424040993829
ra vậy . nguy hiểm thật :(((,1,0,0.05428661441000633
khổ tâm ghê =)),1,0,0.0982439057960955
"giả bộ vô tình gặp nhìn lén rồi đi , lại còn tìm hiểu cả gia phả người ta nữa chứ ... một thời ngu ngốc đáng yêu .",0,0,0.1273431948815378
có ai chỉ tự yêu bản thân như tôi không :(,1,1,0.62311127106295
per hẹn xem phim này nữa nha mày 😛,0,0,0.06600976367001564
đau ghê,1,0,0.1421693798991987
dễ thương vầy :>,0,0,0.060943932171933154
rất nguy hiểm nhé nhảy không qua là xác định dập mặt,1,0,0.09807175124174212
ha ha ....,0,0,0.10988224760071465
nhiều lúc ngáo ngáo thoải mái đến mức người yêu cũng đéo bằng nó và đến khi nó thổ lộ tình cảm thì tao đéo tin :v,0,0,0.22180052818222024
phải tao tao vứt luôn xe ??,1,0,0.08143732108184784
là con bé con điên khùng và phiền vãi nhưng bạn vẫn yêu nó vãi chưởng :)))))),0,0,0.05781195632050417
"mong ai đó sẽ không nghe được bài hát này . xin lỗi , ngàn lần xin lỗi 😢",1,0,0.1600457352914218
chuẩn đét . t nghỉ công ty cũ cũng vì đồng nghiệp 😭😭😭,1,0,0.07753025578813534
ủa mắc gì gỡ fan cứng của em ? huhu,1,0,0.09263906183119981
chả bù cho con ml này . đợi mãi không thấy nó về . hy vọng em không bị bọn xấu bắt lên dĩa là tốt rồi :(,1,0,0.16724602083110465
má cười ỉa luônn,0,0,0.27642039615658176
từ lúc đấy tao không ăn được các loại thịt ngan - ngỗng - vịt lun 😞 ám ảnh vãi,1,0,0.1546216148092278
nhớ nhé đồng nghiệp haha,0,0,0.00837140756033587
cứu em nó với,1,0,0.4744565298405642
đã nguy hiểm vậy sao không hủy mà bán 0 . 0,1,0,0.04458084356935756
ông mặt trời dễ thương hha,0,0,0.05450980258613851
không hiểu sao xem đi xem lại bao nhiêu lần vẫn khóc được,1,0,0.2693976321513968
kiểu em sai rồi . a xin lỗi em đi 😂😂,0,0,0.19539085574260384
gáy sớm để làm gì cơ chứ haizz,1,0,0.24932520505327282
đái mẹ ra quần ??,1,0,0.19728043684377716
đọc xong nước mắt ứa ra,1,0,0.08744249259003238
tao cũng hay sử dụng chiêu này và bọn đàn ông vẫn cứ bị lừa ????,0,0,0.05879902353741547
dễ thương mà,0,0,0.04634655701543657
per anh tải cái này về cho per học nè . thú vị ghê,0,0,0.038157234538420175
"cố gắng lên mọi lỗ lực và công lao của em sẽ được đền đáp một cách thật là sứng đáng , cố gắng lên em nhé 👍",0,0,0.26755737064721835
nhưng nói thì cứ bảo hay than thở 😢,1,0,0.21128124667270967
nhìn quả mặt của nó thì tao công nhận thất tình thật đáng thương ?,1,0,0.043189635962746935
đằng này họ nghĩ tao muốn giết người rồi chửi tao bị thần kinh rồi cho trôi qua mọi chuyện,1,1,0.7227359775310453
"chân ta cũng là chân đi và giờ bị đứt dây chằng , nằm một chỗ đợi mổ rồi mày . đồng cảm vãi",1,0,0.1921412752933744
xấu mà đáng yêuc quá,0,0,0.027916743891781275
thế nên bán hàng có tâm là đừng bao giờ nài nỉ khách mua thêm vì biết đâu bạn vô tình làm cho nỗi đau của họ trở nên tồi tệ hơn .,1,1,0.5204571729327958
dưới cái nóng 40 độ ngày hôm này xem video này xong thất mát lòng vãi_chưởng :)),0,0,0.02938158374197892
"cái thứ ba , trời nhìn mà rơi nước mắt thay cho luôn công cả một mùa mà đi tong chỉ vì một trận mưa",1,0,0.12879272147952975
"thấy bình sữa của em thấy ham quá , chị sinh em bé chả có sữa gì hết .",1,0,0.06717414535624777
nhiều lúc buồn đến nỗi coi những vid thế này . đéo thể cười nỗi .,1,0,0.38419170648206685
sư phụ giả vờ ngã để thử lòng các đồ đệ và cái kết ngã sấp mặt luôn 😢,1,0,0.0647270077971613
đéo có người thương để mà làm ấy chứ :(,1,0,0.17586571920385868
"đồng nghiệp tốt , chị em tốt đi làm như đi chơi :)) chứ làm cùng với mấy con mlz đáng sợ lắm :))",1,0,0.09458269584470355
rồi khi mày có 1 ít tiền :)) mày mới phát hiện ra còn đéo cả có người đi cùng cơ,1,0,0.22563562257052508
các b học sinh đáng yêu quá,0,0,0.010259601050481924
cuộc đời bà đã nấu hơn 50 nồi bánh chưng rồi nhưng bà chưa bao giờ thấy ai cắt tóc ngắn đi mà xinh như thế này các cháu ạ .,0,0,0.13524837824760483
đây là một câu chuyện buồn không chỉ riêng tao,1,0,0.12716207377138025
"cảm ơn nói chuyện nhật ! 1 nền khoa học , giáo dục , trí tuệ văn minh !! 😘",0,0,0.07757424803088205
bạn có bố thật hạnh phúc,0,0,0.06961339959570376
"per trong vòng 4 tháng chắc anh chụp hơn trăm tấm , huhu , sợ quá 😱😱😱😢😢😢",1,0,0.16761643985160096
chuỗi ngày tủi nhục cũng từ đó mà bắt đầu,1,0,0.34465068639192026
hàng xóm cũ của tao cũng thế may mà bà ý chuyển nhà rồi 😃,0,0,0.1489794938298147
không biết vì sao họ vẫn cười nhưng mình thì khóc ...,1,1,0.581202430091206
"đúng vậy , có họ ở bên cạnh nuôi nấng ta từng ngày đã là quý lắm rồi",0,0,0.14680638365278537
5 năm nữa tao phải đẻ được 3 đứa 😂😂😂,0,0,0.1108355745918855
ôi cưng cưng quá,0,0,0.09758872958998117
dù s đi nữa thì mày vẫn xinh . cố lên,0,0,0.12264378424318023
hay lắm :))),0,0,0.03548144245749962
buôn bỏ nhưng tình cảm ko thuoc về mình nua . bat đầu kiem tiên,1,0,0.42817660064113394
nó cười mà muốn rụng tim 😂💔,0,0,0.2437619965007103
"vì luật áp dụng đối với vụ án phân chia tài sản trên 4 tỷ thì mức án phí là 0 , 01 %. suy ra vụ này trên 8 nghìn tỷ thì mức án phí là 81 tỷ là đúng rồi .",0,0,0.2516307799460065
"per đi làm với c mình vui hết xẩy , trừ những lúc khó tính :))",0,0,0.0659283758348528
1 thời gắn bó với nó . nhớ lại ngày xưa cực khổ,1,0,0.318002174059592
per nên mày hãy yên tâm về mấy con nhện nhé :))),0,0,0.059283093334090195
:) cảm giác đó đau lắm các mày ạ,1,1,0.5859593594808977
đề kháng của tao với mọi loại thính rồi cơ 😂,0,0,0.13044839175853357
cái này ghê vãi mày sẽ hiểu cảm giác khi nó lún xuống 😅😅,1,0,0.35459497574152565
🤣 lau mặt bằng quần chíp của vợ à ?,0,0,0.21597331883950655
mất rồi có lấy lại được đâu :)) cái gì nó cũng chỉ là quá khứ,1,0,0.194586261975306
quay vào ô mất lượt :)),1,0,0.07482351265658801
:))) có thật nhiều tiền là vui,0,0,0.04620990497759778
mình rất rất muốn đi nhưng trong túi kô còn xu mẹ nào vân kiều ơi,1,0,0.38146781170221705
các bạn trẻ ! người lớn có thể nghe thấy tiếng chó kêu mà không hành động gì để cứu vớt . các em thật đáng khen . cần những bạn trẻ nhân ái như các bạn .,0,0,0.04411051428046345
"em đỗ 6 trường đại học ở mỹ , còn hàng trăm thằng đổ em luôn rồi đó , em biết không . trong đó có anh 🤪",0,0,0.22013127783986788
thật đáng khâm phục các bạn ... chúc các bạn gặp nhiều may mắn trong cuộc sống ...,0,0,0.11732062834559
phim cực hay và cực cảm động lòng người,0,0,0.18419222749829386
chai này mới ghi được nhìu chữ kkk,0,0,0.15494147856522
per cố đợi đi nha để em mua bảo hiểm cho anh 🙂,0,0,0.04056749293782021
"có ai nhìn thấy hình như người đàn ông này đang rất đau khổ không nhỉ ? mình nhận thấy hình như ông ấy đang rất đau khổ , mà không thể or không muốn nói ra .",1,0,0.3017976420211628
per đáng sợ quá,1,0,0.11931587052880001
tao chỉ lên ngắm cảnh tí xíu mà mày cũng dìm tao :)))),1,0,0.1196994623762182
chúc mừng,0,0,0.013020538397089632
thằng hack game nó gặp trùm cuối rồi 😭😭 truyện đến đây là kết thúc sao 😭,1,0,0.1002766333713111
"đang tính đi nhổ răng khôn ( à quên , nó ngu chứ khôn đéo gì ..) nghe được cảnh báo này chắc không dám đi nhổ luôn .",1,0,0.09023655461549765
hú hồn con chồn chạy ngang 😑,1,0,0.09879544540467565
đây là bạn tao . =)),0,0,0.054819645176321624
là mỗi buổi sáng thức dậy ta có thêm 1 ngày mới để yêu thương ❤️.,0,0,0.05385834534447959
đáng lẽ bệnh của tao đã không nặng đến thế,1,0,0.3653836178179954
tự nhiên nhớ cái cảnh 2 con bánh bèo bị ngỗng dí quá 😅😅 per,0,0,0.08769288932998616
🤣🤣🤣🤣 bo tay chấm cơm . hahaha,0,0,0.1113813575046852
và từ đó bà cụ sống trong hạnh phúc :)),0,0,0.17997009827536753
"cmt buồn cười vll , nhớ mình cừng có kinh nghiệm chạy ngỗng :)))",0,0,0.08981223862894959
chưa bao giờ nghe ngươ ̀ i ta chửi thề mà đáng êu đến vậy lun =))!,0,0,0.1121635481899954
đọc xong tao muốn khóc luôn,1,0,0.2284424328057513
t còn được nghỉ 1 tuần :)))),0,0,0.06782713640684412
xem phim cười gần chết . mà thích cái bạn ma nữ hơn là na bong,0,0,0.2472747068330509
"cải tạo được , có tái tạo được 100 % nguyên trạng rồi sao ? giá trị lịch sử văn hoá gần nghìn năm đã mất đi rồi :((",1,0,0.2838664249833605
sợ thì vkl,1,0,0.1115701177282291
per :)) hiểu được nỗi lòng anh chưa ! mốt đừng giận anh nhiều nữa nha,0,0,0.104235948714009
thất vọng và áp lực tích tụ hằng ngày với tao,1,1,0.5615044324708665
nếu địa phương không xây cầu thì người dân cũng có thể tự làm cầu cây mà . phóng lỡ hụt chân thì xác định nát người .,1,0,0.1067166343457681
ngày chủ nhiệm cu nhà mình cô nhẹ nhàng nết na lắm mà ! giờ thì sao cô lại hành xử như vậy chứ ! thật buồn !,1,0,0.15968718902045287
t quá mệt mỏi với cuộc sống này rồi 😓,1,1,0.8936633307347284
per - chan đáng yêu zl =)))))),0,0,0.02074178369259452
khuôn mặt đậm chất giải trí 🙂,0,0,0.09911065751779347
tao nhìn sợ vãi,1,0,0.07150565434189902
gia đình có nhưng tình yêu không thì sao,1,0,0.1575423906553045
sau mỗi cuộc chia ly người ở lại vẫn là người đau lòng nhất :((,1,0,0.13433949544764343
đúng là chân thật luôn luôn tổn thương !,1,0,0.19149586791321768
"từ khi lấy vợ , làm vlog thiếu muối hẳn huhu",1,0,0.2004774435380344
sad cực mạnh,1,0,0.29667917440255653
nhất định sẽ có một ngày tao sẽ thành công và tự nói bản thân rằng mày làm tốt lắm,0,1,0.5141689880997204
phim hay vãi ra . đến giờ vẫn thấy mình giống bạn ma nữ quá trời 😂😂😂,0,0,0.026680345531574518
tội nghiệp các bé đạp xe đi học,1,0,0.02518743911040172
thế nên tao với mày không thể làm người yêu nhau được,1,0,0.14370976044246123
sinh viên năm 3 rồi nhưng vẫn chưa định hướng ra trường làm cái giống gì đây :(,1,0,0.1484563404656179
khóc hết nước mắt 😞😞,1,0,0.3625158672299502
"wtf , tao đã làm gì sai ☹️☹️☹️",1,0,0.32576148719528414
"bọn tàu copy kịch bản phương tây , chắc bữa sau lại có mấy video make in việt nam như vậy và kịch bản tàu haha",0,0,0.04458143745572979
mình không áo mưa rồi 😞,1,0,0.275026183444709
còn mềnh thì ra quán mua bim bim đều chỉ để nhì em mà cười,0,0,0.24101521604684528
"biết chỉ là phim thôi , xem con bé hôn bố lần cuối nước mắt tự rơi , híc híc",1,0,0.2800112314392354
tao lại bị mọc lông chân rồi :((,1,0,0.1855647392807864
mua thêm vài trăm con cá xấu thả chắc vui hơn,0,0,0.14040663178282184
per hôn nhẹ lên má nha 🤣,0,0,0.05808879277876615
góp phần xây dựng đất nước chứ gì kkk đóng nhiếu rứa,0,0,0.1212397505192474
dume mặc dù tao rất yêu chó nhưng tao cũng sợ chó nữa :((,1,0,0.1724802359747981
cứ mỗi lần cắt tóc xong tao lại thấy biết ơn bố mẹ vì đã sinh ra tao đzai vãi :))),0,0,0.09559388656608174
đó cũng là giải pháp hay để lừa một thèn ngu :))),0,0,0.057318189582543276
thương các con quá đi,1,0,0.09950700879829903
khổ thân con mèo :((,1,0,0.3582030131751847
một người đàn ông bản lĩnh thực sự 👍,0,0,0.15170162183519634
"per bởi , đéo dám tán ai hay tỏ tình",1,0,0.19818333683897027
ấm áp ghê =)),0,0,0.09865253653523326
phim ấn độ duy nhất tao xem mà không cảm thấy vật lý logic quá khó hiểu dù thật ra trong phim này nhiều kiến thức hại não thật ; )),0,0,0.08375932151380436
giọng chú hơi bị dễ thương nhá :)),0,0,0.04251844670202551
pháp năm nay nhiều biến quá :((,1,0,0.2606037068933653
hèn dì mấy nay đi học thấy bạn của crush nhìn mình cười,0,0,0.07723277218743058
cũng muốn đi xem lắm 😭,1,0,0.4703152001124628
có lẽ vậy là tốt nhất,1,0,0.10466707140893827
per đến con nít chúng ta cũng không bằng là sao ......... tuổi thơ và tuổi thanh xuân nợ chúng ta quá nhiều thứ rồi 😭😭😭😭,1,0,0.12326243493126322
gv có tâm vãi 😂,0,0,0.10327882471015935
mình thi xong còn không khóc được 😢,1,0,0.34053110242538076
một bộ phim quá suất sắc,0,0,0.05626846801998106
tao mừng quá vì tao biết chắc chắn hôm nay crush của tao không bị thịt . ahihi .,0,0,0.08712118826334764
"chị thích con gái mạnh mẽ , cá tính .",0,0,0.04162306785009388
cho dù em có dành được bao nhiêu học bổng đi chăng nữa nhưng mãi mãi em sẽ không thể có được tôi 😅,0,0,0.2947079800437725
cười ỉa :)),0,0,0.1867581371642629
lợi ích của việc giữ vững quan điểm 😄,0,0,0.09930130414509053
"chời , dễ thương quá",0,0,0.04035610996827549
t cười đấy . thế tao thả haha nhé . mà dume đấy là cháu tao . thế bây giờ không có icon vừa khóc vừa cười à :]],0,0,0.2900585186840013
nếu là tao thì tao sẽ không ăn được miếng nào,1,0,0.11969933110044287
nghe mát lòng mát gan thế ????,0,0,0.051160590833670354
lúc bé mình rất sợ,1,0,0.14133243578412083
chưa bao giờ bắn trúng thứ gì 😆.,0,0,0.14609281572976238
thôi xong . chia buồn cùng quý quốc,1,0,0.06532994611176571
thấy tội nó ghê ????,1,0,0.05313014712660469
ngày bé tao bị nó dí thế là tao cho nó 1 gậy 🙂 hôm đó tao được ăn thịt ngỗng,0,0,0.17582971473440234
đã sáng suốt hơn năm ngoái nhiều . ka ka,0,0,0.2023934605388311
tưởng tao sợ ư từ cái lần mày dọa rắn tao và tao rơi điện thoại cuối cùng vỡ màn hình là tao đéo sợ nữa nhớ,0,0,0.28298915541746195
"công trình 850 năm tuổi , xây dựng 100 năm mới hoàn thành chỉ còn là đống cháy sắt vụn .",1,0,0.10692279435011698
đau bụng quá ự ự,1,0,0.09736179366344093
"đang ỉa xem cười như điên , kkk",0,0,0.24271494068529348
hành động đẹp,0,0,0.03991506412211384
đúng là vàng trắng .. nhưng mà trắng tay :(((,1,0,0.2159588579814825
thanh niên co ́ em hoan hy ̉ qua ́ :))),0,0,0.04288062480362454
buồn cô lắm,1,0,0.4800350871030567
"thích cái câu "" em không yêu anh nữa ""😊😊",0,0,0.061891308987457254
"anh luôn nghĩ thế giới này không có gì đáng sợ , cho đến khi anh không còn thấy em nữa",1,0,0.3543456268800473
mình chụp mấy lần liền chả thấy bác sĩ cho mặc lớp áo gì cả 😭😭😭,1,0,0.12969473994224026
"hồi bé đi mua xôi bị một đàn ngỗng đuổi 🙂 may mình đi xe đạp không thì ăn lol ** với chúng nó , cái thứ mất dậy 🙎🏻‍♀️🙎🏻‍♀️🙎🏻‍♀️",1,0,0.07479357741405668
a đến sớm hơn nhé 😆,0,0,0.04218876555773078
tao ấn tượng anh đầm hường ghê 😂,0,0,0.07592311182297053
đáng yêu thế bà đẹp gê,0,0,0.018699268737366073
cười ỉa phút 1 : 11,0,0,0.24179813008470677
sao không cắt móng chân cho em ... nhìn mặt cute mà thấy móng chân em sợ phết,1,0,0.09593318281984486
per cđ chỉ cần đơn giản như thế đã ấm lòng thế ... rơi cả nói chuyện mắt ...,0,1,0.5043926732851939
huhu sợ vãi luôn á,1,0,0.08881059048187896
per mày cũng cắt tóc giống thế đi cho đẹp =)))),0,0,0.08284053090194467
ráng ăn cho nhìu vô ỉa cục cức dài hơn móng tay ổng luôn kk,0,0,0.16782998319956227
tiền nhiều để làm gì khi tình không còn,1,0,0.3092419877973722
cài lò xô huyền thoại,0,0,0.047515431066372064
sở khanh như boss chịu liền .. đẹp trai quá trời ui,0,0,0.1280446733060756
chỉ còn lại tro tàn,1,0,0.31812538473069024
huhu lần trước đi chụp răng . thằng kĩ thuật viện cho bạn vào cái máy to đùng xong nó bảo ngồi im . nó bật máy xong chạy ra ngoài đóng cửa với tốc độ ánh sáng .,1,0,0.06236215369677716
mẹ tao vừa đọc xong còn tag tên tao vào . bọn mày có cách nào trưa nay không về nhà mà vẫn có tiền ăn cơm không chỉ tao với,1,0,0.22001201571668927
độc nhất vô nhị . kkkk,0,0,0.27701170278429554
thề nhìn họ hôn nhau thôi mà nổi hết gai ốc . chưa dám nghĩ tới xxx . chắc thốn lắm . lạnh sống lưng thật .,1,0,0.15449895562700713
là gặp đúng người nhưng lại chẳng đúng thời điểm . cuối cùng vẫn là chúng ta bỏ lỡ nhau 😥😥😥,1,0,0.12111929808465192
quả nhiên chồng con nhà người ta đéo bao giờ làm tao thất vọng 😄,0,0,0.28241394876713816
họ đã cho ta có mặt ở trên cột đời này rồi còn gì bằng nữa chứ,0,0,0.22482514633108103
tôi đã giữ lại mấy cái giấy note đã ghi chú khi nào kiểm tra =))))),0,0,0.1452342827924823
"suốt ngày trật ray , còn hay không sự phù hợp hệ thống ray - tàu với hệ thống đường sắt vn",1,0,0.0833423285961641
một mình tao ăn hết 1 nồi lẩu từ lúc tối 😭,1,0,0.2824923251332795
"thời buổi bây chừ chuyện gì cũng có thể xảy ra , vậy nên thôi trất , đừng nên tin ai",1,0,0.11905950778772321
mỗi lần quyết tâm bỏ mà lại thấy cười . đm đời,1,0,0.1719197317950401
có những ngày làm tới đâu là sai tới đó :)) muốn tát vào mặt hết sức,1,0,0.4430628462164283
nhìn vừa tội vừa thương ????,1,0,0.0891509714288361
giao lưu tí không . tự bấm chứ không mua =))),0,0,0.08816671352858757
nhà tao còn nè,0,0,0.1698371209072991
bữa cơm trưa nay tăm tối như cái ava của tao vầy :((((((,1,0,0.11845526776646308
t thấy nó cười hoài mà không bao giờ nó cười với tao cả :((,1,0,0.41526174091326523
2 năm rồi và đã kết thúc rồi,1,0,0.40791940469460003
cách tốt nhất là đứng lên và chọn 1 nơi khác để tìm 1 thứ tốt đẹp hơn và dễ viết hơn :)),0,0,0.03713563247099989
"xã hội thật phức tợp , huhu . không muốn sống chung loài người nữa , tao về núi đây",1,0,0.2540692443714078
tội cả con quá 😭😭 một lũ vô nhân tính đã hủy hoại những mầm non tương lai .,1,0,0.16930242612614654
"tao nói té 1 cái không dập mề thua gì cũg thua , trĩ nội trĩ ngọai nguyên chùm =)))",1,0,0.12985593906168572
"per tải thử cái này cho cún đi chị , hay phết này",0,0,0.02267530532765372
cổ tích thôi nhé . tao mới bị hỏi vì rẽ không xi nhan . và anh chỉ nhẹ nhàng phán 1 câu : ‘’ 2 triệu đưa đây không thôi mai cầm 3 triệu lên đồn nhận xe nhé ’’ anh thật là dễ thương 🙂,0,0,0.12088369375313142
cưng quá :))),0,0,0.036200033262081814
nơi ấy giữ lại những kí ức tuyệt vời,0,0,0.019269065198556787
cô gái này thật dễ thương “ anh cứ nhắm mắt làm đại một lần thôi mà “ 😂😂,0,0,0.11306008793631646
tao nhớ không nhầm hôm nay nó đến tháng vậy là sẽ không bị đâu nhỉ,0,0,0.13512216293983356
má toàn truyện trong mơ không hà mắc cười quá 😂,0,0,0.17234969723917623
"động lực là tình yêu . vì sau khi chia tay , tôi đã thấy mình vô dụng trong một thời gian dài .",1,1,0.7197541291951987
ngày xưa cũng như này trong lúc mối quan hệ bắt đầu nhạt :) haiz,1,0,0.3558777390704215
nay buồn :(((,1,0,0.10691156958724699
tối mà tắt đèn gặp mặt nó với cặp mắt nó là tao còn sợ hơn thấy ma,1,0,0.16316777141246364
per ối bạn ơi quà sinh nhật mình đây rồiiiii,0,0,0.1296387282628601
câu chuyện mọc sừng được bắt nguồn từ đó 😀,0,0,0.12899875070710537
và vui mừng hơn khi biết tin chị vợ ở nhà vừa sinh hạ em bé được 1 tuần,0,0,0.10802573336059461
nghe ngọt thế :((,0,0,0.07176527779112313
thích thật,0,0,0.08651250838557657
tao xem mà cứ sợ nó ngã vãi 🙂,1,0,0.13383284841288492
bỏ thế lồn nào được :(,1,0,0.24768209896976692
"thanh xuân của tớ gặp cậu rồi , 4 năm rồi , chỉ có điều vẫn là 2 đường thẳng song song",1,0,0.2593818130761016
xem hết mới biết cái video nó không phải video hài thấy buồn buồn 😪,1,0,0.03449948771111647
nghe nguồn tao biết được độ chân thực của câu chuyện rồi 😂😂😂,0,0,0.04722758184332882
hạnh phúc thật :)),0,0,0.032525674272323314
kiểu định share vì thấy tinh thần khá hơn nhưng đọc bình luận xong kiểu nhiều đứa còn tiêu cực hơn mình :<,1,0,0.2233507147292466
t nghe thấy nó nói gì tao chết liền,1,0,0.33707220806093013
mong ông bà được nhiu sức khỏe,0,0,0.13253658562789034
đó là những nơi khác . chứ chỗ làm của em . anh chị đáng yêu v đáng quý . em học tập được rất nhìu kinh nghiệm .,0,0,0.05990923284024665
hết hồn chim én,1,0,0.06962806787668192
con đường này chắc dành cho mấy người như tôi,0,0,0.15104788644701433
chắc là năm lớp 4 5 gì đó :)) tao mua bánh kẹo đem vô lớp bán lẻ lại ... mỗi lần đem bán như vậy chắc cũng kiếm được lãi 2 - 30k 😂,0,0,0.12342716354963902
già còn thích phi công =)),0,0,0.05909718196980335
chuyện tình huyền thoại của per với per :(,1,0,0.04481475819149271
để tao nấu thì quên luôn . xác định tối đó đói :((,1,0,0.08456911793896743
mình trả phòng là chăn ga gấp gọn gàng . đồ đạc hẳn hoi trả người ta . dù sao mình cũng như người ta bẩn dọn mãi không sạch ai chẳng điên,0,0,0.19012226803638854
chỉ cần thích cái là muốn rụng tim,0,0,0.19767028612394466
công an béo như lợn không đuổi nổi tội phạm 😂😂,0,0,0.08242691667461548
khổ người lao động thôi,1,0,0.18361056517166835
moá nhìn rùng hết cả mình,1,0,0.10002736372339341
"trước tao cũng tin vào tình yêu chân thành lắm , niềm tin chết rồi",1,0,0.30479308643300307
vcb thu phí dịch vụ cao có khác . lương nv cũng hơn chỗ khác :)),0,0,0.06619273534984148
bư ̃ anh trước mới nghi ̉ xong tao đi đa ̀ nă ̃ người chơi 3 nga ̀ y xong vê ̀ kho ̉ em re =))),0,0,0.05746801458132879
có thì tốt nhất đừng có giận vì ngoài kia bất cứ thằng nào cũng sẵn sàng dỗ dành bạn gái của bạn 😋,1,0,0.11257519781519723
"đấy gọi là biết ngu mà vẫn đâm đầu vào , giống tao :)",0,0,0.10431007248393373
tao cũng có 1 người bà như trong video nhưng bà ấy qua đời rồi 🙁🙁🙁,1,0,0.1383805514300975
bắt võng nằm cho sướng,0,0,0.13381772745743298
phim này ý nghĩa lắm,0,0,0.1580611887131087
thú vui đặc biệt vãi :v .,0,0,0.07221615413529285
ny tao đbh dỗi . chọc kiểu gì cũng không dỗi . đáng yêu vãi 😂,0,0,0.047293240109027
ko sợ gì chỉ sợ con ml ý 😞,1,0,0.43185257382551306
quá hay cho admin,0,0,0.026931041508064423
per gặp tao chắc tao đái trong vần 😅😅,1,0,0.14048038149965875
ngày nào cũng ngủ với mẹ rồi mà vẫn còn tiếc :))))),0,0,0.06757004698934231
tao thích vẽ . nhưng vẽ xấu từ đó chuyển hẳn sang mê chụp ảnh .,0,0,0.08556208250731195
t thấy dễ mà . không biết thì học khác biết . ez vãi,0,0,0.08716420388140692
còn gì hơn lòng dạ đàn bà ... cũng may tao là một con đàn ông :)),0,0,0.1161537311103746
thôi xong tao rồi :((,1,0,0.1740350798032024
cảm ơn bạn vì đã chia sẻ cũng như đã luôn sáng suốt để không làm gì sai,0,0,0.14083864208366126
bộ phim hay ý nghĩa nhất từng xem,0,0,0.018227305493444087
bài viết đọc rất sướng .,0,0,0.041484977497073215
con này chăm sóc n là n bao đẹp ><,0,0,0.2575898818415949
ừ thì là chuyện cổ tích . cháu đang đi đường thẳng gặp mấy chú thì phải rẽ ngang . 😢😢,1,0,0.0441081728956444
cưng gì đâu,0,0,0.1378455483937615
lâu quá mới nghe lại bài này buồn thế,1,0,0.048258862309319236
per eo ôi làm nhớ hồi nhỏ đi học mẫu giáo quá :))),1,0,0.02339999400593212
ngày cuối cùng thực sự buồn,1,0,0.3831356151383965
hú hồn hà,1,0,0.0911397263486445
aw giống tao vậy =))) mấy thứ linh tinh tao còn để nguyên vào 1 cái hộp bự cơ,0,0,0.11953643217051603
khóc muốn rơi cả mắt,1,1,0.7987399832545132
có những ngày mọi thứ nó bỗng ập đến,1,0,0.23206531826472218
bộ phim đáng xem đó mấy man,0,0,0.03863367303024685
một đứa sợ sấm chớp không thích hình ảnh này huhu,1,0,0.11486056302630264
per đây . cô gái bán hàng thú vị đây . phải xem cho hết,0,0,0.06989753567266047
nuốt được cục tiền đó cũng hay đó ( y ),0,0,0.06940153732330642
rất nguy hiểm,1,0,0.04099053976725186
:((( tôi vẫn chưa sẵn sàng để đi học mà,1,0,0.08346922277244796
khang khang 1 thời cùng nhau vui say ! bjo thì khác rồi thân ai nấy lo hở chị hố hố ;)),0,0,0.14441440407261721
"nhìn cảnh này mình nhớ lại cảnh ông ngoại mình đứng ngay quan tài bà ngoại khóc nức nở . bà đi rồi để ông ở lại một mình , đau lòng quá",1,0,0.04273417107409263
"tụi mày có hiểu được cảm giác , muốn bắt chuyện mà không dám bắt không ?? tụi mày có hiểu được cảm giác vờ ngủ gục để nhìn nó không ?? tụi mày đã từng nhìn nó thật kỉ , thật tỉ mỉ chưa ?",1,1,0.5367631007834365
"sao vẫn còn người tốt trong xã hội này , đáng khâm phục",0,0,0.07054745290135563
rất tiếc cho 1 bài quyền,1,0,0.015524296253601683
nhện này trong nhà tao chắc tao bỏ nhà đi mất 😱🤯,1,0,0.20068114136515497
mình cũng có con mèo đực nuôi được 1 năm thì nó biệt tích 1 năm sau nó về rồi 1 năm sau thì nó mất .... buồn,1,0,0.4212024464129677
"mẹ kể hồi nhỏ nuôi con ngỗng thay chó canh nhà . ăn trộm mà vào thì chạy đằng trời với nó , cả bầy lao ra quạt với táp , khi gia đình vác gậy chạy ra thì thằng ăn trộm nó ôm cây trên tít cành cao , áo quần tóc tai lủng máu me tè le . gia đình phải cứu ăn trộm má mấy mẻ còn không tha , 2 3 con vẫn dí nhảy hàng rào dí theo ăn trộm . phải nói dí bao dai mà cục súc vê lờ .",0,0,0.24591981207384098
cái kết có hậu quá :)),0,0,0.03042059307361327
thấy cờ rút trên tờ polime là tim rụng rời liền,0,0,0.07005304341599072
chuẩn bài =)))),0,0,0.012113882682265865
"per huhu đúng quá nè :< sư phụ đi rồi , còn per thôi , đừng đi đâu nữa nhaaa 😢",1,0,0.0938566867925579
"chuẩn luôn , áp lực công việc cũng không bằng mối quan hệ với đồng nghiệp",0,0,0.2147012367147911
ui sồi ôi đốn tim vãiiiiiiii,0,0,0.1371348577563908
per tao mãi mãi bị con này ám ảnh từ bé đến giờ . thứ gì mà đéo thể yêu thương nỗi . nghe tiếng nó kêu là tao bỏ chạy trăm mét 😒,1,0,0.2463826250132335
per hết tiền thật sự :(,1,0,0.1260405733537672
chuyển từ thất tình sang muốn chết vì quá chán :((,1,1,0.5697594655286207
"mong là chuyện không có thật , chứ có thật thì đau lòng vãi ra 😪😪",1,0,0.15781112635856712
đơn giản 🙂,0,0,0.19385063768818075
tại trà sữa làm tao mập chứ tao có muốn đâu :(,1,0,0.3225256123999859
"vui nhất là câu "" lấy ghế ra ngồi nhìn """,0,0,0.10002699918855633
xem video cu ̃ người cho ́ người hê ́ tao ca ̉ mă ̣ tao,1,0,0.03860668622611238
"tan rã hết rồi , giờ toàn đánh lẻ thôi 😭😭😭",1,0,0.2507607931823261
hên là đụng nhầm người chứ đụng trúng cái là rụng trứng cả bày cả lũ -)),0,0,0.10650593532795255
trông anh thần thái vãi :v,0,0,0.09769479600082276
cười muốn tắt thở 😂😂😂,0,0,0.4336360510160114
khiếp quá đi tụi con ơi,1,0,0.21361634306762964
bây giờ nhìn vào cứ kiện tụng mà nãn :((,1,0,0.19385330729776937
uiii xinh gái thế ...,0,0,0.08832226068235188
per ê xem đi phim này lâu rồi nhưng mà hay lắm,0,0,0.0940606414348143
"xem phim mà cứ nhìn cặp chân của ổng , chân gì mà dài thường thượt . chồi ôi 1m87",0,0,0.033655294517730056
thất tình đi nghe nhạc chúng nó còn ngồi trước mặt ôm nhau . hận,1,0,0.022349953619952498
ha ha chịu không nổi luôn !,0,0,0.17198747177789647
cắt cả thắt lưng da của bố để làm ná 😂😂,0,0,0.1610295351283998
học giỏi lại xinh xắn hì,0,0,0.1004792567610787
đú quan trọng bởi người tao yêu củng không đi chơi valungtung thế là tao vui rồi :)),0,0,0.09164270388727759
"bị chó rượt cũng không đáng sợ bằng mẹ này . gặp chó mà có ý định rượt thì đứng im hoặc đi nhẹ nhàng nó nghỉ rượt . còn mẹ này chạy mẻ rượt , đi nhẹ mẻ rượt , đứng im mẻ mổ như mổ thức ăn . thiếu điều muốn quỳ lạy van xin mẻ luôn .",1,0,0.183252228313164
cái video đầu làm hết hồn per per,1,0,0.08389199177148494
người gì đâu mà dễ thương quá chờiiiii,0,0,0.037306332794111906
chủ tịch đi nặn mụn ở tai và cái kết khóc thét,1,0,0.14464911234720668
"mất đi một di sản , chứng tích của lịch sử 😓",1,0,0.15958151829337477
em đi bộ chết mẹ đây này,1,1,0.6701280587124512
chuẩn con mẹ nó cơm oy 😂😂😂,0,0,0.06227476679490215
không biết đến 2021 tao có lấy được chồng không nữa :((,1,0,0.2649294654195032
chia buồn cùng nước pháp,1,0,0.22128694381567127
thiếu cái que chấm dầu là ổn 😂,0,0,0.1458572238650999
🙂 thanh xuân của em đã từng có khoảng time tươi đẹp,0,0,0.11866299503065032
ai cho mình xin page của con này với thích xem nó live stream bán đồ gê,0,0,0.14736226054860185
vl bố tao đang ở đây mà chắc sáng mai mới về mất ??,1,0,0.21124129772240313
"tao là trùm nấu cơm kiểu này rồi ,, còn bây giờ mất điện thi nấu bằng bếp ga :))",0,0,0.12438888985012828
per huhu nhất là mấy bài không cho chất thử á :(,1,0,0.04084313888417507
tán gái hay vãi,0,0,0.02299524126676805
cười vãi :))) tếu thật sự luôn ý,0,0,0.09277780054888844
khớp vãi =))))))) mặt con bé,0,0,0.046749653344567245
nhưng nó giỏi và bản lĩnh đó,0,0,0.14646849128000325
tuyệt vời,0,0,0.0018439782068016908
t thề hồi nhỏ qua nhà ông hàng xóm vá xe tao bị con ngỗng dí chạy xúc quần quanh nhà ổng vừa chạy vừa la làng tới giờ nhớ lại vẫn còn hãi 😧😧😧,1,0,0.1793585599460596
thông minh lắm,0,0,0.297826863443691
bà ngoại của em đáng yêu hơn thế này nhiều,0,0,0.048952260696756886
bé gái đáng yêu quá ??,0,0,0.010563352527101045
buồn thật ấy,1,0,0.09024676475832202
uớc gì sau này về già vẫn có thể như cụ này :)),0,0,0.07305881241159769
cư ́ như kiê ̉ u =))) ngươ ̀ i yêu,0,0,0.03779508573353473
tao sợ ma nên không dám coi lun,1,0,0.39251247100700726
ai muốn đi thái hè này với tôiii nào cũng chim ưng phết đấyy :))),0,0,0.17064419050704097
"phim này quá hay . xem đi xem lại mãi không chán . đặt tay lên ngực "" mọi chuyện đều ổn "" câu nói kinh điển",0,0,0.22697858465419582
tại sao anh cứ mất công giận dỗi trong khi người xin lỗi vẫn là anh =)),0,0,0.27699998537621334
giống y bố tao 🤣 ngoa khủng khiếp nhưng mà nhà tao vui vãi_chưởng 🤣🤣. điểm danh nhà bố học giỏi văn nào 🤦🏻‍♀️,0,0,0.1768350384265195
à thì ra là như v =)))),0,0,0.039445202302648565
"per anh không nặn đi , mai mốt nó sẽ chaii dầy nè hihii :)))",0,0,0.055172005148789394
ngã nhìn cũng thấy yêu 🤣,0,0,0.022272438897569035
"cũng chuẩn , giờ khởi nghiệp vậy phá sản chỉ mấy tháng đầu",0,0,0.1215511317942195
"hôm trước tao đi chơi về đường vắng nên chạy nhanh , vừa qua cua anh cảnh sát chạy ra chặn làm tao sợ chetme vì giấy tờ không có bằng lái thì chưa thi lại còn thiếu abcxyz",1,0,0.06905540263631478
rớt vô đây chắc chắc khóc tiếng thái lan,1,0,0.3996014615949436
đỉnh của đỉnh 🙂,0,0,0.05115008336875364
bà nuốt quả chuối tao cười tao ẻ,0,0,0.12405124925805858
"có những con người luôn phải chịu đắng cay , cta không được chọn gia đình , bạn bè và càng không có quyền lựa chọn cuộc sống này . hãy vui lên với tất cả những gì ta đang có dù là hai bàn tay trắng",1,0,0.41289111367184894
đi bao xa mới thoát đựoc kiếp không có người yêu ? :<,1,0,0.16239981101420312
"gặp cái này "" sun "" mẹ nó vào ... :))",1,0,0.07051559051321185
tội bà vợ,1,0,0.07181198811080149
per 😢😢 miss you .. chính xác luôn ak hậu,1,0,0.07633263867958498
chắc ỉa ra quần chứ đéo đùa -.-,1,0,0.19222135118333206
tôi cùng hoàn cảnh với bạn má tôi củng bệnh và từng ngày từng ngày tôi bên má tôi sợ giây phút má bỏ tôi ra đi và ngày đó củng đến ai còn mẹ hảy quí từng giây từng khắc bên mẹ,1,0,0.31490023600440503
thua cả người ta 😞,1,0,0.15498046048629277
tính ra tao lúc nào cũng hài hước vui vẻ luôn đó trời :)))),0,0,0.03903637355923781
thật đáng sợ,1,0,0.17975721759246957
sợ xanh mắt mèo,1,0,0.16843668895566713
ấy thế mà đã 6 năm rồi . bây giờ còn không nhớ được những đứa nào đã học cùng mình nữa rồi 😪,1,0,0.4940132131801477
"per lại nữa , tao dg suy nghĩ có nên đi bằng rap về không",1,0,0.16186641226275725
per tao thấy tao trong đó ahahahaha,0,0,0.10277048772662463
"em ơi , hết rồi 😔 hết rồi , chẳng còn chi nữa đâu em ...",1,1,0.5306661282982594
hello đồng nghiệp ;)))) không biết nghiệp gì thôi haha,0,0,0.03844111525777458
"cái này ở shop đồng giá 40k aeon có nè , tê tới dái luôn",0,0,0.08237341413291857
nhìn stt đồng cảm khủng khiếp .,1,0,0.10879313823194948
một câu chuyện bi đát :((,1,0,0.2758339519027785
haizzz ... thế là chưa có kq gì tốt đẹp cả ..,1,0,0.1609557413670207
để có được cái nắm tay tuổi già là bao giông bão của tuổi trẻ . mấy ai qua được bão giông ?,0,0,0.18011856773981078
"đấy , nó đấy . con tim tao đau quá .",1,0,0.08489007732132842
gặp em đúng lúc nhưng sao anh vẫn thấy mình cô đơn quá .,1,0,0.20161653254485656
nhớ lại thời đi học xa nhà . bếp dầu ... :(,1,0,0.06900736187539915
"con gấu trúc , cho nó ăn trúc đi =))) tướng ngồi nhìn cưng vãi",0,0,0.06541672700795881
nhưng nó sẽ to và rộng ra :(,1,0,0.15867322476749912
haha còn tao thì thấy nó lúc nào cũng đáng yêuc 😄😄😄,0,0,0.09880498993644692
"đừng tin vào lời ong bướm , đó là hố sâu , là cạm bẫy tình yêu =))",1,0,0.053781560052550005
bây chửi kệ bây ! riêng tao thik phá trong trường hợp này 😂,0,0,0.21641625411946336
ở chỗ khác chắc gì có đứa béo như mình !,0,0,0.17684945173830044
"yeahh ! tao giờ đã là khách quen quán trà sữa đó rồi , về nhà cũng phải ráng tạt qua",0,0,0.10856018309768355
cái miệng nói chuyện không có người phụ nữ nào có trời ơi thật là có duyên khiếp quá đi thôi,0,0,0.11049394753576289
cưng quá đi,0,0,0.07219635829775689
một phút huy hoàng rồi chợt tắt còn hơn le lói giữa ngàn thu,0,0,0.092279279331651
"bộ phim này xem rất sướng . và rút ra được khám phá là thứ tuyệt vời nhất chứ không phải bằng cấp . giá như mấy ông "" bộ "" và mấy ông "" ngành "" dành thời gian xem phim này một lần .",0,0,0.027926770396856253
aeon tâm lý thế :)) mày . n vào mua que kem tránh nóng,0,0,0.19743848294393498
per vui quá .. đi dạo được ven hồ rồi 🙂,0,0,0.08328767308367963
thế làm sao dỗ bạn gái đang giận :(,1,0,0.20626091461369142
vãi :)) độc đấy,1,0,0.051317882713048886
tao bị bỏ rơi rồi,1,0,0.4510609125958913
🙁 bị rớt tiền,1,0,0.2231810600350854
phần còn lại là nỗi nhớ và những lần thở dài :((,1,0,0.2830888090714912
"tao rợn hết người luôn , ghi công mày 😑😑",1,0,0.1588667528643556
"đây là tao khi bảo "" tao biết đường mà , tin tao ."" 🙂",0,0,0.203435535539837
đã sợ chó rồi thì chớ lại còn bị đùa zai như này . ai sợ chó đã từng trải sẽ hiểu :v,1,0,0.27109279467582614
hic hic mình còn chả bao giờ được giận lại ấy chứ :((,1,0,0.25791534157766927
gãy tay,1,0,0.07157667785173426
cho em xin tên facebook của c trong video để khi buồn em có thứ mua vui ạ . cám ơn mọi người,0,0,0.141561236066383
đợi đến ngày họp lớp đi 😪,1,0,0.11111459520749038
"võ nghệ cao siêu đến mấy cũng phụ thuộc vào hung khí , em biết được điều này lên không bao giờ em học võ mà tự xắm cho mình khẩu hoa cải !",0,0,0.16920216411819736
chia buồn cùng người dân và đất nước pháp,1,0,0.10946467857314023
và khi quay lại nói chuyện với nhau .... biết nói gì giờ huhu,1,0,0.11071583461770583
"lớp 2 xí mót được cái chong chóng , bán lại cho thằng hàng xóm 500d .",0,0,0.09030299530604827
yêu sắp 2 năm rồi mà không biết người yêu kể chuyện cho nghe là gì 😢 đòi mấy lần toàn kêu không bình thường xịu xịu,1,0,0.058290439339187296
buồn cười nhất cái đoạn cã lũ bạn đồng thanh * chó nó lấy * 😂,0,0,0.07395121197281275
ờ công nhận đáng sợ vãi 😭,1,0,0.08961572405713336
đọc nhiều chuyện cổ tích vầy thấy yêu cuộc sống hẳn :)),0,0,0.04716887372006855
giun xào đĩa luộc là ngon ngay 😂😂😂,0,0,0.0863614459631198
mỉa mai cực mạnh =)),0,0,0.09223145901278472
chia buồn với gã lưng gù 😥😢,1,0,0.20150718266771298
con gái hay ảo tưởng như vậy lắm 😌,1,0,0.10670764697841344
có ai thấy tội ông cụ như tao không 😭,1,0,0.18431447740348106
"ê tao cũng hay giữ mấy cái linh tinh lại như vậy để vài năm sau mở ra xem lại có cảm giác hoài niệm , mà mẹ tao bắt tao vứt hết rồi 😢",1,0,0.10857803753427671
"đấy , chỉ có sale như tao mới tốt thôi , tao không bao giờ hỏi về nỗi đau của khách hàng : x",0,0,0.2353163094320155
lâu rất lâu mới gặp được lần rồi liết mắt nhìn cái :)))) chưa thấy nó cười,1,0,0.07329058894378493
ra xong bảo anh ý ship em về nhà luôn được không . xe em bị hỏng mất tiêu rồi =)),0,0,0.17322416721353162
per cảm ơn tôi đi . thấy tầm quan trọng của máy chém gió chưa,0,0,0.08963801100440792
mỗi lần coi lại sởn gai ốc,1,0,0.13712648904206023
khổ nhân viên,1,0,0.08888050244717828
thật sự đọc xong thấy hơi rưng rưng,1,0,0.06293855754811321
phim này hay dã man luôn - có ai biết phim nào kiểu dạng này nữa o 😍😍😍,0,0,0.0627350600456493
nói xong còn chả dám ăn nữa 😂😂,1,0,0.36627312803816725
người trái đất thật đáng sợ mà - _ -,1,0,0.051495904511737224
nhớ hồi mình làm đồng nghiệp ghê :))),0,0,0.014494660598305854
bếp dầu ngày xưa thật ý nghĩa,0,0,0.12007794689929291
có khi nào kết hôn xong nó giết lấy tiền bảo hiểm không,1,0,0.2033561279714584
"per như một cú tát vào mặt , đau lòng quá đi",1,0,0.36360619636146835
lâu lắm rồi chưa ăn được miếng cơm cháy .,1,0,0.2034979132811536
"ước gì con về với mẹ .... đợi mấy tháng rồi vẫn chưa thấy bóng dáng con , mong con vẫn sống ...",1,0,0.36578347770957925
cả ngàn tin nhắn không đổi lại được 1 lần xem :((,1,0,0.15627465489272377
cảm thấy sợ mấy thứ suy nghĩ cổ hủ của người lớn :(,1,0,0.14801307898064628
để nó vậy không thấy tội sao,1,0,0.08583594678528142
nhìn qua ảnh thôi cũng thích =)),0,0,0.04944564452895613
con bé xinh ghê,0,0,0.0727570103152058
"yep . chính tao . đi vệ sinh thôi cũng phải đảo qua , mà giờ thì người ta sắp đi lấy chồng rồi",1,0,0.055055313945035475
cũng dể thương đấy chứ,0,0,0.13717106312126073
phải có bao nhiêu tình cảm mới có thể viết ra được những dòng này ...,1,0,0.2587669505409333
buồn dễ sợ mà huhu,1,0,0.07656525391100792
đẹp trai quá,0,0,0.04775441480537502
"trời đụ , tội bé",1,0,0.04781620567897496
mang anh này về nhà luôn được không 😻,0,0,0.15540000217801433
gia đình thì không còn . tình yêu thì chưa có gì chắc chắn . 😏,1,0,0.10622742281410166
"chơi game :v cấp 2 trộm tiền bố mẹ đốt gần 10tr vào game , cuối áy náy không chơi nữa nên ngồi bán nick được khoảng 2tr cũng gọi là thu nhập đầu tiên :v",0,0,0.16201430519905421
bà về nơi phương xa mất rồi . nhưng với tớ bà là người dễ thương nhất trên đời . chỉ muốn ngả vào lòng ngoại nghe kể về những câu chuyện cổ 😘,1,0,0.22507387860417521
"anh giờ thích ai rồi , không còn giữ câu nói trước kia nữa đâu nhỉ . ừ gần 1 năm rồi cơ mà :((",1,0,0.4158982087081145
nhớ lại kỷ niệm này buồn quá,1,0,0.018149773908310386
còn tao thì 14 / 2 này trở đi tao không còn fa nữa mà chuyển sang những người già neo đơn .. kkk,0,0,0.1524782963195102
chả vị nước mắt à 😔,1,0,0.21903470266019934
ngưỡng mộ quá đi ạ . chúc 2 ac mãi mãi hạnh phúc như này nha :))),0,0,0.018931112702517554
phìm này rất rất hay đôi với ai sống hướng nội !,0,0,0.1218296756653798
:v crush có người yêu rồi,1,0,0.03366249774857298
"trên đường tao đi làm cũng có 2 con , mỗi lần chay tới là nó vương cổ ra như kiểu muốn hút tao trong khi tao không làm gì nó , cứ mỗi lần chạy tới là tao cách ly cả "" nghìn mét "" với nó , thấy nó sợ bỏ mẹ . đúng chất con ngang",1,0,0.32668136357257005
cầu mong chú có cuộc sống tốt hơn ❤,0,0,0.18986168014164478
thề lun anh ấy rất kĩ thuật lun á,0,0,0.06601234385390993
moẹ ! nghe cái tên đã hấp con mẹ nó dẫn lắm rồi đây này ! đjln ??????,0,0,0.2684982267511199
được bác ạ !! cứ lấy vợ giàu là được tuốt =))),0,0,0.06791735223168423
hên là chay ra kip,0,0,0.11597868308662662
per tìm ông bán xoài này ngay cho em 😂😂😂,0,0,0.035837526641533286
cười ỉa 😂😂 thây nó thét mà tao nghĩ dọn xong nó đi luôn cái cổ họng,0,0,0.11942146282037626
hay lắm cậu bé,0,0,0.07492783410096614
có biết bao người có mảnh đời như vậy !,1,0,0.1404211011468526
per =)))) đáng sợ vãi,1,0,0.06676395376221869
hhaahhaah ! t đã may mắn như thế 😂,0,0,0.14895412095539529
maii ban thanh nhung nhớ cái này không hic 😭😭😭😭😭,1,0,0.03508097902273718
uề ... lại li hôn không thành công ... 😂😂. t buồn cười câu này quá per,0,0,0.2721582972307363
per thông minh là đây chớ đâu,0,0,0.09969560918957054
mai xem lại phim nay . phim rất hay .,0,0,0.004356915558022331
khi em nói 2 chữ muốn dừng là nước mắt không bao giờ ngưng . . . đau,1,1,0.5156243372394397
đa ́ người yêuc quá ́,0,0,0.04088696693221628
per anh ơi đừng gym nữa . boxing là đụ rùi :((,1,0,0.07503763017964266
nhà tao vẫn nấu . à mà lâu lâu tao về nấu một lần thì không cháy cũng nát,1,0,0.20129941153646405
tội cho cô gái ;((,1,0,0.05958751508274107
có những người đi qua đời bao nhiêu như 1 cơn gió vậy . vô tình nhìn lại . nó lại là quá khứ ...!,1,0,0.17399905433614402
"rất dũng cảm , đáng yêu quá",0,0,0.07262913874524962
"per ít bửa đi coi , trailer thấy hấp dẫn quá",0,0,0.09124592936414187
per kỷ niệm nè !!!,0,0,0.0272975425348454
cảm ơn mày đã khai phá cho tao thêm một nét văn hoá đẹp :)),0,0,0.10139678645239988
ít nhất con nhện nó còn yêu mày 🙂🙂🙂,0,0,0.1315789176393948
người ghép có tâm 😁😁,0,0,0.11323495539162183
tao cute mà các mày,0,0,0.11921733735133183
cưng ghê,0,0,0.09447656807632561
per chán quá,1,0,0.15717994223402212
yêu làm mẹ gì rồi phải chia tay người ơi,1,0,0.05804688015273963
"ôi những con người dễ bị ám ảnh với quá khứ , ôm nhau cái nào",0,0,0.1461251456146276
định tag anh vào nhưng chợt nhớ ra làm gì có anh nào 😑,1,0,0.11131419126461438
nhớ không em lời hứa ngày xưa mình bên nhau dưới ánh trăng đã nguyện thề :)),0,0,0.12765938718337758
"sau 15 năm cắp sách đi học và 2 , 5 năm không động đến sách thì bây giờ đang tự hỏi đây là gì sao mà giải được . huhu",1,0,0.1890566503770156
cay đắng và mặn :(,1,0,0.16075297303580316
đm thực tế như này còn hay . tiếc là đéo ở gần mình =)),1,0,0.18972582420359566
tuy chưa viết hết nhưng tao người khác sẽ hiểu là viết cái gì,0,0,0.15239783688528538
lúc tối mày cũng nằm mơ nèo nhà mày về . ước gì nó là sự thật 😢,1,0,0.38336757329363425
per dume đái trong quần,1,0,0.23387561282624292
mắt 2 mí dễ thương quá,0,0,0.041588480253379766
tuổi thơ tôi toàn gặp những thằng mất dậy và toàn đánh nhau với chúng . tuổi thơ nợ tôi quá nhiều,1,0,0.3181011674221678
"nhớ lúc trước có thằng bạn học rất giỏi và đẹp trai , lớp phó kỷ luật lạnh lùng và tàn ác không thương sót ai , ghi hết vào sổ . chỉ riêng mình là có thể giật tập nó để chép bài và đánh nó không thương tiếc mà nó vẫn im lặng , không bao giờ bị nó ghi tên vào sổ . kiểm tra quay phao nó giục bỏ và canh cô đưa bài cho chép",0,0,0.060822676641642384
"muốn hun , muốn ngắt , muốn nhéo , muốn tán vào cái mặt nó ghê , yêu vãi ??????",0,0,0.13076579536220193
mình làm ở sài gòn gặp nhiều bạn ở miền ngoài nhưng thích nghe nhất giọng ở phú yên nghe hay hay sau ah có ai vậy không,0,0,0.06188591828493702
lớn lên sẽ rất đẹp chaiii ??,0,0,0.04571897568099349
dễ thương ha,0,0,0.04226797049218627
nhưng đảm bảo coi cái nào là cười sặc cái đó :)) vì nó diễn tệ đến nỗi nó hay,0,0,0.18303866026139856
xem cả chục lần vẫn thấy hạnh phúc lây với cụ bà 😊 không biết mai sau mình có được vậy không,0,0,0.09858607409246742
cho thơm miếng nào yêu quá cơ,0,0,0.05351877240772842
để được maiz ngắm nhìn nụ cười đó nên quyết định chỉ crush mà thôi :3,0,0,0.1293523159495909
đối với tình yêu thì thời gian có tác dụng xây đắp chứ không còn là phá huỷ mọi thứ nữa . ngưỡng mộ hai ông bà ❤️❤️❤️,0,0,0.07258583196785032
kinh dị v,1,0,0.38801594059558986
hồi nhỏ cứ đi qua chỗ nào mà nhìn từ xa thấy bóng dáng mấy con đuỹ này là chuẩn bị tinh thần chạy chứ nó dí sấp mặt luôn dù mình đéo làm gì nó hết 😂 vừa dí vừa ngoác mỏ hét sợ vãi ra,1,0,0.32103905219565787
"em cũng đi lead này , nhưng đừng gọi em là ninja được không , xin luôn đấy",1,0,0.181530369631613
sợ vãi linh hồn,1,0,0.1171627311443076
giống ml em tao hồi n nhỏ vãi . muốn ngủ với mẹ nhưng bị tao nịnh nọt bắt lên ngủ với tao :)),0,0,0.2015381693901604
ôi vãi mình lên fan cứng rồi cơ 🤗,0,0,0.11114606351119519
bé gái đáng yêuc quá :))). dth nữa,0,0,0.028393899060976693
hôm nay anh xin lỗi em về những việc anh đã làm hôm nay .. anh không thể kiểm soát não anh được nữa rồi 🤫,1,0,0.2874325218090946
từ nay tôi quết định nuôi dưỡng con chim tôi tới già . và tôi mong được unesco công nhận kỳ quan thứ 8 của thế giới,0,0,0.3388389630522841
và đó đéo phải là tao =))),1,0,0.10595179191033711
ngọt sớt :))),0,0,0.045081457221718337
một sinh vật xinh đẹp và hiền lành . tiếc cho nó quá,1,0,0.03615622461198897
sau khi bố xem video của con xong thì bố rút ra 1 điều . bố không chỉ chửi con lúc con cầm đũa mà bố sẽ chửi con cả ngày thân ái ... yêu con,0,0,0.2618686957051467
đẹp quá v 😍😍,0,0,0.04263143648140692
xin đi chơi với bạn ngày tổng kết không cho cứ bắt học miết :)) khá mệt,1,0,0.2291089241114629
cảm động quá hjxhjx,1,0,0.1418778443327916
cuối ngày hình ảnh của ông bà là đẹp nhất ... chúc ông bà mãi hạnh phúc sống thật lâu lâu nhé 😘😘😘,0,0,0.053608357400672345
nhìn đôi bàn tay đã biết phải lao động rồi . chị có lấy trai việt không :)),0,0,0.09077858423765178
là crush ông nào thì chạy ra bế vào nhà dễ dàng có người yêu :),0,0,0.07843110751597684
ngáo cỏ này đáng yêu nhỉ,0,0,0.047046145416181295
ai cũng nói tao đẹp troai . hiền lành nhưng chưa biết lúc tao lên cơn 😂😂😁,0,0,0.18149465697599684
nó mới ghé nhà tao đây :)),0,0,0.07149646256133506
đái mẹ ra quần,1,0,0.22334183052850637
tao ngồi tao khóc 1 buổi ☹️,1,0,0.2556775750059393
ra xã hội rồi mới biết mình còn may mắn hơn rất nhiều người vậy nên hãy trân trọng những gì mình có 😊,0,0,0.19426064673411472
cưng thiệt chớ ????,0,0,0.04391213741137542
ý tưởng hay 😂,0,0,0.08425837686333484
nó thả thính xong nó chạy mất ..,1,0,0.12432086088541656
đang chán đời cắt tóc xong là chán cái mặt hơn chán đời luôn :((,1,0,0.2449637587533201
ai thấy pha cuối phê vãi không,0,0,0.07079052091874913
lo cho thang bé lỡ rớt điện thoại xuống nước thì ....,1,0,0.07394502066853914
tim vỡ nát,1,0,0.15035774191542775
per em hiểu sao anh đưa em quyển sổ rồi nha kkk,0,0,0.11263486580358942
bộ phim truyền cảm hứng hay nhất =),0,0,0.024016039311861616
"mai tao ăn gà , chụp hình bình luận lại cho mày thèm chơi ??",0,0,0.10315997329341504
"theo mình thì không nên vì định kiến xã hội quá khắc nghiệt , họ sẽ bị tổn thương và nghĩ quẩn",1,0,0.3422747299834257
"hôm nay ai có vàng bán hết đi , tuần sau mua lại , lời vãi .",0,0,0.048966545205105884
ai hát tao cho tao nge bài này chắc tao say quá,0,0,0.034038179165191425
thằng đoạn cuối mặc áo hồng đang định gải đít nhưng vì thấy rắn nên anh ấy đã hết ngứa,0,0,0.09990141249491347
khoảnh khắc mày nhận ra mày còn đéo bằng 1 thằg nhóc còn trong bụng mẹ :((,1,0,0.36294505349026035
đem người đó ra biển cho biển cuốn đi lun .. hihii,0,0,0.09251682755188029
hên crush nay ăn chơi lành mạnh,0,0,0.04871558699953397
nhiê ̀ u biê ́ n đô ̣ người kha ́ thu ́ vi ̣ =)),0,0,0.07850444730310792
nhiều lúc em di từ từ chưa kịp đỗ đã có n ra bảo không được đỗ ở đây chán qúa,1,0,0.42196090995725166
phim này là người cha zombie yêu thương con nè . xúc động quá 😢😢,1,0,0.04812463319506321
nhìn giống mấy đặc vụ của cia . sợ thế :)),1,0,0.0430679202916808
per vậy cug nghĩ ra được haha,0,0,0.07392304267533445
có lúc ngồi một mình mà cảm thấy lạc lõng lắm các cậu ak,1,0,0.3900519095344228
buồn cười vãi ý,0,0,0.23838878534481553
"gắng , nhanh khỏi bệnh rồi về bên anh",0,0,0.08761230142434447
per giải trí =))),0,0,0.038482234659841075
nụ cười của tôi thiên thần vãi,0,0,0.44839093755804815
per người yêu công sở nè 😂😂,0,0,0.061509812018415225
gd năm nay chán,1,0,0.2207178377765918
chúng ta mất 3s để nói yêu nhau vài 30p để phịch nhau phải không nào,0,0,0.05328378210863653
phim hay thật nhưng cái kết hơi khó hiểu :v chốt lại là đáng đồng tiền bát gạo :v,0,0,0.04366159603359388
em không muốn chúng ta già đi chút nào . điều đó đồng nghĩa với việc cta sắp xa nhau 😔# n,1,0,0.08232671330658596
"khi bạn làm con b sẽ khóc , nhưng khi bạn đã làm cha mẹ bạn sẽ thấy đau lòng .",1,0,0.4798575786296225
ông trời cho mình lũ bạn cờ hó quá ấy mà :),0,0,0.03896900047489563
biết là đau lòng nhưng sao bản thân vẫn muốn biết nó,1,1,0.6162474234916595
có duyên nhưng không có phận ... người ở lại vẫn luôn là người đau nhất !,1,0,0.085230790097702
nào tao cũng phải thử =)))),0,0,0.0532357327022279
"đỡ mua 5k tiền sổ rồi , kaka",0,0,0.09298687704378159
đẹp người đẹp cả giấc mơ 😊,0,0,0.08229096153572536
per tao cứ thấy giống giống mày :))))),0,0,0.09019800900411055
phận làm con trai haizz,1,0,0.17793026384103997
thà chia tay rồi ghét hận nhau còn hơn là đang lúc dang dở thì mất nhau 🙂,1,0,0.17342260303432108
phim xem hay ... nhẹ nhàng tình cảm ... và cười vkl,0,0,0.11474937558156248
không thấy không biết lòng không đau,1,0,0.22304486627183245
"úi sời , gần chỗ mình này",0,0,0.37527264423489354
"từ nay sẽ không cap màn hình ib nưa , thật tội lỗi tội lỗi",1,0,0.07900024121829767
uất quá anh ấy cũng phản ứng cãi lại . hì hì đáng yêu quá,0,0,0.025013839998498124
hahah tao chưa nghe hoàn chỉnh bài này lần nào,0,0,0.09255156891810898
"những người trẻ với tấm lòng nhân hậu , các bạn thật đáng yêu .",0,0,0.03539467972302761
đến năm cuối đại học rồi lúc nhớ lại đéo có gì :)),1,0,0.13476641551196453
đm nhậu say gặp cái cầu lol này chắc tao nằm xuống mẹ cho rồi per,1,0,0.13573648875352093
là nhìn người ta đi cạnh 1 cô gái mà bất lực không thể làm gì ngoài việc ngồi nhìn và mỉm cười,1,0,0.25542552617823083
đoạn phim này tốn khá nhiều nước mắt của người xem,1,0,0.08738337316134803
đọc bình luận cười ẻ,0,0,0.18024386721726585
t có 2 con bạn thân nó thì cao trọc trời còn tao thì ... . buồn,1,0,0.17414090625340198
dẫu hiên ngang giữa đất trời gặp con vợ đểu thì đời cũng xong,1,0,0.09573297171999273
"hahaa , đợi em ngủ chút tí ròii buôn :))",0,0,0.07572215329139602
t định thả sad nhưng đọc bình luận buồn cười vailon 😂 nên thả hahaa :v,0,0,0.17133354971434436
sao nỡ lòng nào khiển trách bác ấy . còn họp kiểm điểm nữa . tội quá .,1,0,0.1882541821742062
t gặp quả này thì bỏ xe mà chạy ??,1,0,0.054500053812472034
"phải nói là hài tàu hay thật đấy , luôn li kì và khó đoán kết quả , ý nghĩa thì thâm sau . hihi thích rồi đó",0,0,0.07157254447869073
"đúng rồi , kiên trì thêm một chút nữa đi ! :v",0,0,0.15817132030721476
ngoài kia ! còn có rất nhiều điều tốt đẹp vẫn còn trên thế giớ này ! hy vọng những điều tốt đẹp luôn diễn ra từng giây phút ..,0,0,0.10340153849728329
đã check rồi lại còn đoán :)) em vui tính giống anh đấy :)),0,0,0.047525910424951356
per cảm ơn mọi người . do em thích mấy cái văn hoá tưng vùng để tìm hiểu,0,0,0.13989284579105232
bé tí mà đã có múi rồi :))),0,0,0.03702766359900743
thấy hơi sợ sợ rồi đấy :(,1,0,0.13350022949617013
nhìn lũ trẻ yêu nhau mà lòng già xao xuyến,1,0,0.01676181247550903
per hồi ở tam kì hay nghe ... giờ nghe lại buồn ds,1,0,0.057957770458114094
"crush đi nhậu rồi say , rồi bị thịt ... hic hic",1,0,0.13393614027568002
lùn lùn làm sao sống qua nổi những chuyến đi phiêu lưu như vậy,1,0,0.10327788556883538
cảm động người thầy đưa học sinh đi làm hồ sơ 🙄,0,0,0.17297053169328222
hôm nay đi qua vẫn thấy nói chuyện thải chảy thẳng ra sông thì bao giờ mới sạch được ... haiz,1,0,0.16272613155374052
tao còn không dám ăn nói chi ruồi .,1,0,0.3748727555660338
việc đớn đau nhất . là nhường người mình yêuu nhất cho 1 người khác 😔😔😔. chỉ vì đơn giản không muốn ai phải đau buồn,1,0,0.383002103682434
cách xử lý thông minh,0,0,0.17313133334153202
má nó thú dị thôi rồi 😂😂😂,0,0,0.08340032412968473
thì đúng là sẽ không buồn vì thất tình nữa :((,1,0,0.10268092868824172
sợ vãi tè ăn độc 2 quả mọc luôn 2 cái nhọt ở mông đíu hỉu,1,0,0.0386431304232977
"tao thì chưa cắt thì đã đéo có sức hút rồi cắt , bùn vãi",1,0,0.2588141540415135
xui thôi chứ quyền đang hay mà 😢,1,0,0.07276569654201627
một năm đầy biến động và thăng trầm của nước pháp ☹️,1,1,0.6826199951112807
per nhờ mất bạn nên mình mới biết 😂😂😂😂,0,0,0.061107144460275424
chạm đáy nỗi đau 😞,1,0,0.23079594615760493
"nhìn một cái rồi thôi , chuyện của những năm trước",1,0,0.0710422750513264
không ngờ tin nhắn riêng tư cũng phải kiêng nể nhắn tin để lỡ có bị chụp vẫn thấy chả sao,1,0,0.05919166497351963
mỗi mùa trung thu đến nhìn người ta mua bánh tặng nhau mình lại thấy chạnh lòng ! 😞,1,0,0.024337464056362126
t chắc bỏ nhà ra đi khi ở với bố mẹ kiểu này quá . vẫn may bố mẹ tao không hề giống này tí nào,0,0,0.15670779538398366
per ơi nhột nhẹ kkkkk,0,0,0.07013212289885362
t thề với mày là tối thấy cái này chắc đái con mẹ nó ra quần,1,0,0.20377506417348126
dự là 30 mà 30 sợ già quá chả chó nào nó rước . năm nay đã 26 rồi mà vẫn chả ai thèm yêu 😔😔😔,1,0,0.08201244941291994
nhớ con gái tao quá :((((,1,0,0.05424814072604407
per nhìn mặt cưng gê,0,0,0.08537443694075195
mỗi lần chạy xe ngang kv bình chánh là cảm thấy sợ,1,0,0.15930162276528542
còn gì đau hơn,1,0,0.2099591995912881
"mới đây thôi mà đa 3 năm rồi , những ngày chia tay buồn đó :((",1,0,0.21710313147249224
các anh chị hãy nói với em đó chỉ là diễn xuất mà thôi . và tình yêu như vậy chỉ có trong tiểu thuyết mà thôi .,0,0,0.07043238297902717
nhỏ ngầu lớn lên nhìn bê đi =))),0,0,0.03801646721036794
"chia sẻ cho anh em , haha",0,0,0.03784642749345486
per đứa nào nghĩ ra được cái qcao hay vãi ...,0,0,0.08519430141592321
trời ơi tao chóng mặt quá đi :((,1,0,0.10922876951657402
"công ty nào nhận bạn không quan trọng , quan trọng là ai giới thiệu bạn vào công ty 🤣🤣🤣🤣",0,0,0.26944186766143524
tao học nhân sự đây còn đang lo thất nghiệp đây này,1,0,0.2670052710028216
"mình sợ nhất đến bữa ăn mà bố mình vác cái thớt vào mâm cơm , bố mình biết mình sợ vậy nên mọi chiện giải quyết sau khi ăn cơm xong ,",1,0,0.15484590289121272
tôi đã xem đi xem lại 3 lần và xem lại lần hai mới hiểu hết nội dung và thấy hay hơn khi xem lại lần 3 . ai chưa xem hãy vào xem thử 2 lần !,0,0,0.10054285123394666
"cả 2 bà đều mất khi mình nhỏ , không hưởng thụ cảm giác này rồi",1,1,0.6212909515480016
per được đi thi chưa babe 😂,0,0,0.03722119796929848
"cảm ơn cha mẹ đã cho mình hình hài này , xin được khôn ngoan để đừng làm đau người khác",0,0,0.1611985376242022
cười lộn ruột,0,0,0.2754196846887264
hôm đấy bổn cung về quê báo hiếu cha mẹ .,0,0,0.10621472300753494
"a nói là anh làm ngay đấy , các chú đừng đùa với anh 😂",0,0,0.03655779769341734
nếu 1 ngày per theo thằng khác và per cũng có bỏ bạn mà đi thôi huhu,1,0,0.09383237011700477
nghe hay,0,0,0.006732201804926842
"khi xưa bị rượt 1 lần mà nhớ đời , còn mổ tao nữa chứ 😨😨😨",1,0,0.26160405836824735
nó sẽ thì thầm tai mày “ dượng đây “ 🤣🤣,0,0,0.31275256894377707
mất bà cái tuổi thơ -.-,1,0,0.17158551333244312
"hồi nhỏ đi học phải ngang qua nhà nuôi ngỗng nó dí chạy thấy bà luôn , ngày nào cũng phải cầm cái cây theo . thề luôn tới giờ tao vẫn còn sợ con này khiếp luôn 😭",1,0,0.08041552181321492
"má , dume cười ỉa :))))",0,0,0.11564079367000837
"per đây là thằng con trai vừa đẹp còn có não , mong per học hỏi ! xin cảm ơn",0,0,0.10554107220838041
thông minh vãi,0,0,0.09918480537101963
nhìn mặt là cười phọt rồi,0,0,0.22110145319159533
chắc là vì em .. đi lấy chồng 😥,1,0,0.14978120045484475
nghe lại bài này thấy chột dạ vãi,1,0,0.022042828129751824
dễ thương kinh khủng . bởi vậy mới nói mấy đứa yêu nhau là lầy nhất,0,0,0.07033255443833109
khi đã đổ vỡ hàn gắn lại chắc gì đã được như lúc đầu :'<,1,0,0.2779220683051388
ngày xưa mìh cũng thế . dume thấy mấy ông đứng đầu đường nhòm nhòm cũng phải lượn qua cái :)),0,0,0.05605378183864351
per ê tao với mày mà đi cái cầu này chắc rớt ngay bước đầu quá 😢😢 đã mặp rồi chân lùn nữa đi qua bằng niềm tin,1,0,0.23433044254782287
ae phục vụ ngày xưa của mình đâu rồi . sao thấy thương bạn này,1,0,0.15022372161354366
phim chuẩn chưa này =)))),0,0,0.01845447885204531
t chỉ muốn khoe là tao vẫn được nghỉ 1 tuần nữa =))))),0,0,0.18049794178221817
hi vọng hòa bình ở triều tiên sẽ không còn xa nữa . goodbye ! # per,1,0,0.23874266238359887
có móng tay dài cũng khổ,1,0,0.2183500503551321
sau nay em cung uoc duoc nhu vay ❤,0,0,0.13483247462249498
có đứa nào vừa xem vừa sờ tai mình không ? sợ vãi :<<<,1,0,0.18215930720195675
"tự nhiên nhớ đến hồi bé , đi kiểu nào cũng bị ngỗng rượt chạy té sấp mặt luôn , nhiều khi nghĩ sợ nó dí hơn sợ mẹ đánh",1,0,0.20789697992667786
tao lại sợ mày quá cơ :))),1,0,0.07970303069011596
hay bị giật khô trên đó rồi :(,1,0,0.14483718956859054
"phim hay , nhưng mà lần đầu xem là cùng nyc nên .. 😐",1,0,0.09376826030661592
"em cũng như con chó thôi , nếu anh đủ kiên nhẫn thì mọi chuyện đã khác rồi 😪",1,0,0.24215573016940944
làm công nhân đã khổ rồi mà tụi nó còn nỡ lòng nào hại người ta nhắn tin,1,0,0.25968472506235435
ngày trước nấu cơm . đun rơm . đốt được hơn 10p mới nhớ ra chưa cho nước . hỏng cả nổi cơm huhu,1,0,0.05204531089486369
lúc ra hà nội ở ngay phố đào tấn mà không biết chổ này 😢,1,0,0.18779528929817077
má lỡ té xuống 1 cái tao nói lên tắm 8 năm cũng đéo sạch nữa,1,0,0.25264051696050643
tận cùng của nỗi đau 😑😑😑,1,0,0.3159939006620174
chuột mà làm như người vậy .. ít hôm nó gặm cả rắn cả dây thì thấy mẹ ..,1,0,0.15573243707062984
em này xinh vãi các bác ạ .,0,0,0.07510030214028833
ai bảo con trai yêu không nặng tình ? :'(,1,0,0.1410287917952773
tao thì ngược lại .. cắt xong nhìn như thằng trốn trại vậy,1,0,0.12595791347117521
tên thì tất nhiên nhớ nhưng ngày sinh của tao thì ông bà bô nhà tao không một ai nhớ cả ^^,1,0,0.11405073129933142
"nhớ trung thu năm ngoái , đứng nhìn các cặp tình nhân ôm hôn , nắm tay nhau ... chạnh lòng lắm !😞",1,0,0.07265446105355389
thôi mày cố lên . đỡ rồi cũng tốt,0,0,0.2629366924936574
🙄🙄🙄🙄 tao cũng thích kiểu kể chuyện trước khi đi ngủ . cho đến khi tao ngủ luôn . mà đéo có ai hết . buồn đời,1,0,0.10881374839590956
"nhìn 1 cái , cười 1 cái rồi về thôi",0,0,0.1398241804006672
thật chứ thấy bạn nam kia cứu con chó không cần nhìn mặt cũng biết đẹp trai rồi 😆,0,0,0.21217046017626867
:))) mình sướng mà mình không biết hưởng nhìn lại những mảnh đời bất hạnh mình nguối mặt thẹn gấp 100 lần,1,0,0.10240396907614795
oaaaaaaa ...... thực sự rất tạo động lực và niềm tin cho người khác đó < 3 rất thích nụ cười và sự thoải mái tự tin của anh chị < 3,0,0,0.3120037028894898
"per nhà giáo áp lực quá nhỉ , giống làm dâu trăm họ .",1,0,0.21385151036696654
"thường thì người thuận tay trái sẽ bị bệnh này :v , riêng tao thuận vả 2 tay nên chả sao",0,0,0.05881445457419604
trò cười . :v,0,0,0.2500691555441737
tội cho mấy thằng đang xoay tiền mua bánh trung thu cho vợ thằng khác ăn,1,0,0.05791562899976094
tội thằng per vãi,1,0,0.07873773425425827
nhìn con bé thấy cưng ghê chị ơi,0,0,0.030627516568475375
tao cũng ước mình có 1 tình yêu như ông bà ❤,0,0,0.08465805092653586
đi chơi lụm được tờ 2k rách mua băng keo 5k dán lại tờ 2k 🤔,0,0,0.09418268807098884
"các cháu thật tốt , hãy thương yêu mọi người và cả loài vật nhé , may mắn và niềm vui sẽ đến với các cháu .",0,0,0.0272794180467625
per con nhện cản bước bé xuống cầu thang =))))),1,0,0.057488768521147746
"chẳng phải chuyện hài nhưng sao tao thấy buồn cười quá , chắc thần kinh có vấn đề",0,1,0.5558942642808984
đồng cảnh ngộ :(,1,0,0.020236955300648094
con ước mình cũng có 1 tình yêu đẹp như ông bà vậy < 3,0,0,0.06212461841179944
per phải nói là hiền quá hiền luônnn 🤣,0,0,0.07181852350753846
cô ấy hết thương tao rồi,1,0,0.16562740338873633
phải tự cho mình đau lòng nhất thì mới bỏ được,1,0,0.25180518853002176
"đang học sử buồn ngủ , xem cái này tỉnh rụi liền =))",0,0,0.03892225461285953
thớt là gu của tôi :))) yêu quá hiuhiu,0,0,0.03308461186796432
mới có 3 năm thôi mà ... vậy mà chúng ta còn không tụ họp được lần nào cả,1,0,0.13849880463715497
đấy mới là điều càn đó . huhu,1,0,0.09156697186239802
thanh niên leo lên cao để theo dõi thời tiết để thông báo cho người dân đi cấy thật cảm động,0,0,0.03588773082308417
quen với quên rồi thì hết đau thôi mà,1,0,0.12053834738431453
"động lực là tình yêu , gia đình là nơi để về hihi",0,0,0.2156306719472431
nếu chịu khó đặt vào hoàn cảnh của nhau mà sống thì cuộc sống đơn giản hơn rồi đó,1,0,0.1827619789605311
vì bạn chỉ là con trai nắng hoặc em gái mưa thô :(,1,0,0.21149505638116523
"quỷ cái chứ ma đâu mà ma , haha",0,0,0.07382184696160367
cười ị :v,0,0,0.338316988855771
"vãi cả phí , có ... 81 tỷ hoy 😓",1,0,0.16297094960247172
có lẽ vì vậy nên moi thứ trở nên thật khó khăn lúc này :(((,1,0,0.24946360466287767
ai giúp bé với hix,1,0,0.12189750183707145
ôi cháu taooo =)))),0,0,0.03744275036582673
chỉ có được cái chữ đẹp . hihihi ...,0,0,0.11107974600620264
nhớ đến lại buồn . chuyện tình chúng ta chẳng đi được đến đâu cả,1,0,0.06498420662785812
tao lại thích chua lè chua loét chứ :))),0,0,0.09254917982155537
dume đêm ròii =))) tao cười vãi tí hàng xóm qua đánh bỏ mẹ,1,0,0.274433417281069
gặp tao cũng thế :))),0,0,0.07072440164521335
năm xưa mày cũng ôm gối đứng cửa phòng c như này này per 🤣🤣🤣,0,0,0.3230694389959924
"nói chung thánh này không ai ghét được , trừ hlv kkk , dễ thương gắp trăm thằng pogba ,,, mong cho thằng đó nhanh biến khỏi mu",0,0,0.1939477048434441
per nhớ cái này không bây kk,0,0,0.08011176440430323
"vợ mình cũng thế , mấy lần đắp mặt nạ dọa chồng :v được cái mình chơi game kinh dị nhiều nên đếch sợ =))",0,0,0.17805440827135
vèo cái đã 7 năm 😕,1,0,0.13487355555252828
các mày trốn đi bọn chủ tịch đang đến kìa 😨😨😨,1,0,0.13124753176012693
kích thích vãi,0,0,0.19782056933570094
tao hiểu rất rõ cảm giác của em ấy ....,1,0,0.3984225255447066
cay đắng cuộc đời 😞 một chút vị mặn của mồ hôi nước mắt,1,0,0.23288590445156043
cãi tay đôi luôn hahhaa,0,0,0.12891379724607838
có hôm tao đang vương nỏ tính bắn vào con họa mi đang đậu trên cành thì ai ngờ nó phản đame đứt thun dội ngược vào mặt từ đó tao không còn chơi nữa,1,0,0.22856035533334615
"per hồi nhỏ bị con đỉ này dí lòi lol 😂, bị cắn bầm đen muốn thúi thịt luôn cả tháng hơn mới hết . mà đươ ̣ c cái con này nuôi nó giữ nhà cửa hay , có nó không sợ ma quỷ gì hết",1,0,0.18464481149169656
nốt hôm nay thui . thui không ngĩ đến và bắt đầu từ bỏ 1 thói quen,1,0,0.13941165362890254
"không biết khuyên thế nào , nhưng chỉ cần bình tĩnh 1 xíu , dù gì thì cũng đừng tự sát , đời người chỉ sống 1 lần thôi ...",1,1,0.5156046910750599
"tôi xin nhắc lại , đây là một câu chuyện buồn",1,0,0.23583158917142164
chưa cho ba mẹ được gì . vậy có quyền gì mà đòi phàn nàn về những thứ ba mẹ đã rành rụng bao nhiêu năm để lại cho mình,1,0,0.17577223061832356
vì tao xấu và chúng nó chỉ thích gái đẹp,1,0,0.04933323327529718
năm nào mà tao chã cô đơn,1,0,0.2836608011539847
"cũng như đàn ông gục ngã trước cô gái nhiều sắc ! đặc biệt là 50 "" sắc "" thái 😂😂",0,0,0.17070903486618225
tui nhớ anh quá à :(((,1,0,0.06693697205469773
tập có lỗi với thằng quay phim mà tao xem ba lần tao vẫn cười đứt ruột,0,0,0.08805945498755602
per mới bắt đầu tuần thánh mà chúa ơii,1,0,0.11619602198862966
hiện tại mình chưa người yêu bạn nam nào chưa có người yêu thì lo cua mình đi nhá đến khi mình có người yêu rồi thì đừng hối hận đấy huhu,1,0,0.061497528147782206
hahaa ngọt vãiii :)),0,0,0.03868515905222622
vl đánh đòn hic :))))),1,0,0.07143242853261206
tôi khóc lun ... huhu,1,0,0.3872888492908544
"hồi nhỏ đi ngang nhà hàng xóm con quỷ này dí tao từ ngoài đường vô tới trong nhà tao nó vẫn không tha , ba mẹ tao nghe tao la chạy ra chụp cổ nó quăng ra sân nó mới chịu đi . ám ảnh tuổi thơ 😅😅😅",1,0,0.26557467833228954
moá hồi hợp chờ main thắng ai dè thua bởi cái mông huhu,1,0,0.07288440745821838
nói thật gia lai nói riêng tây nguyên nói chung xưa nhờ vàng đen '' hồ tiêu ' và vàng trắng ' cao su ' mà người dân có dư cái ăn cái mặt bây giờ thì thua rồi bỏ đi tứ xứ .. một thời,1,0,0.13341107329208146
per tôi đợi ngày nhận thiệp cưới của ông,0,0,0.1044390686550853
ngoài mấy cảnh nhảy múa hát hò vớ vẩn ra thì phim hay,0,0,0.03234337888312708
đm chơi mất dạy vãi . tưởng khúc cuối là gì dume làm giật mình 😒😒😒,1,0,0.18803935423798426
quá nguy hiểm,1,0,0.04209391076813607
dume con ế đọc tổn thương sâu con mẹ nó sắc :((,1,0,0.4008872386895606
hoá nhện tỏ tình đấy :)))),0,0,0.04599398931113685
đây mới là công an của nhân dân việt nam cảm ơn bạn nhiều điều tốt đẹp hơn nhé vanew,0,0,0.027372067156615134
per nguy hiểm luôn rình rập xung quanh chúng ta :((,1,0,0.02802792438113948
per coi phim này chắc chết luôn trong rạp 😂,1,0,0.19028287261071786
per :))) không bù cho nhũng người như cta,1,0,0.06424333513851667
ghét nhất mấy loại bép xép thế thôi . nhanh gọn lẹ 😂😂😂,0,0,0.040679150207889196
chúng mày có thể bỏ ra 30s thả tim vào avatar coi như lì xì muộn cho tao được không ? chưa bao giờ được 30 tim buồn v . lol 😭😭😭😭,1,0,0.1680272659828054
:) đàn ông mà nặng tình vãi lol ra,1,0,0.08989670577862487
sợ ngỗng còn hơn sợ chó :))),1,0,0.06851558091925422
per tao thấy mấy ảnh thật đẹp trai,0,0,0.0611451738849579
per người đừng hành hạ tuôi như thế nào nữa,1,0,0.1616874127677671
còn quá nhiều mảnh đời bất hạnh ☹️,1,0,0.1907428989323965
per mệt quá mấy con ơi,1,0,0.4286720940545625
cười vui vãi,0,0,0.1965712741553347
"ai nói kết có hậu , đầu khấc mất vợ tương lai kia kìa",1,0,0.2735628619526047
từ đầu năm giờ chắc chụp 10 lần rồi huhu sợ quá 😭😭😭,1,0,0.22700631307610872
"kết mỗi câu ru con ngủ để vợ đắp mặt nạ làm đẹp , 10đ chồng tốt =))))",0,0,0.062043922335705944
bếp ga hj hj 🤣🤣🤣🤣🤣🤣,0,0,0.08480112933207025
ly hôn cũng phải hoành tráng chứ .. còn phải làm to hơn kết hôn mới được 🤣,0,0,0.1769979884890289
chuẩn rồi bác . :)))),0,0,0.031244152237796308
gia đình ổn tình yêu không có thì cần gì động lực ... kaka,0,0,0.20820370688920922
giờ anh gù lấy đâu ra chỗ ở :'(,1,0,0.16457851376346272
hồi đó khoái cái này lắm,0,0,0.1711509876629807
"chưa nói chuyện thân thiết quan tâm , mới xã giao thôi đã lầm tưởng rồi ấy chứ , haizz khổ lắm",1,1,0.5057626228804499
buồn cười 😂😂,0,0,0.2491527959882712
"muốn em vui vẻ đơn giản lắm , chỉ cần bao ăn bao xem phim tuần 1 lần thôi hỡi các đồng nghiệp ơiii 🤣",0,0,0.164796037279981
"còn tao nhé , hơi bị ngon",0,0,0.18155604516541382
muốn bảo vệ và chăm sóc người đấy,0,0,0.2646968427011777
địt mẹ vừa đi ép lại kính xong giờ tan con mẹ nó cái kính rồi 200k của bà mày đấyyyyy !!!!!,1,0,0.1475669800283846
đây là video hay và ý nghĩa 😊,0,0,0.015356486873507066
"t thề mỗi lần dọn phòng sn này thì banh kem , pháo kim tuyến . đủ các thứ . khóc mà bụt nó đéo lên",1,0,0.16278354568377615
dịch vụ tận tâm . đáng yêu quá ! : x,0,0,0.04886784837908972
khoảnh khắc nhận ra đồng nghiệp mình is the best :)) nguyễn ngọc thái hiền,0,0,0.0465099940861914
mai đi học mà mình quên cách cầm bút rồi huhu :<,1,0,0.15636127301594574
thật đúng đắn khi đã follow page này !,0,0,0.11120902660103751
tình yêu lớn lên sẽ mang người con gái ta yêu thành gia đình . family is all,0,0,0.06343463996465931
đồng nai mùa chim nướng yên xe kaka,0,0,0.05408914982425857
phần này dù xem lại 100 lần vẫn bật khóc tình cha thật phi thường,1,0,0.08822876308608824
cũng có nơi gia đình khá giả mới có nó !,0,0,0.1902745019454293
cứ mỗi lần có phim hay là xách nhau đi 🤣,0,0,0.027077787162554254
tao thề tao rất sợ ma quỷ nên tao rất không dám xem phim,1,0,0.09783930475567074
- mấy bạn đừng có đổ mình nữa nha 😞😞. mình ngại lắm 😞🤣,0,0,0.21689536086125374
sợ vãi =))),1,0,0.05929046812919794
per nguy hiểm quá mày ơi 😩😩,1,0,0.0812871393184887
t thì thik cầu này vãi ... kiểu mấy người năng động thì sáng nào đi qua cầu này cũng vui,0,0,0.1216640927254482
khung cảnh ấy cuộc sống đấy mỗi lần được xem yên bình nhẹ nhàng cực ! yêu bạn ấy,0,0,0.0993403738025247
"đẹp , dẽ thương mà",0,0,0.0567009408996824
"bỏ ghê người ta ngồi ngại đều phải mua nước thoii , ý tưởng hay :)))",0,0,0.10552450751385607
mười mấy năm nữa tao cũng sẽ đạt kỉ lục thôi 😂😂😂,0,0,0.11647868772120488
thanh xuân là để bỏ lỡ 😔,1,0,0.05407076917722262
mấy chị làm chung rất ư là dễ thương luôn,0,0,0.03316045957147698
"trượt rồi , còn đâu mà rủ 😞",1,0,0.09524040897124618
tự nhiên thấy cảm động hic,0,0,0.25085710983729964
ngầu vãi lìn luôn á :))),0,0,0.040571059498982966
cay đắng vãi 😌,1,0,0.11795194990566629
giờ tao mới nhớ tao đã từng :)),0,0,0.052981311162920944
nhìn cái ngành giáo dục việt nam bây giờ ai cũng mệt mỏi,1,0,0.3124077670152874
:( cầu chúa ơn nhiều ban bình an cho những người kém may mắn như vậy,1,0,0.06211598465435642
moá . vẫn nhớ hồi nhỏ bị ngỗng đuổi . đù má tao mới là đứa bé ngây thơ hồn nhiên thôi mà dume tao sợ tao ám ảnh đến bao giờ huhu 😭😭😭,1,0,0.11942154193123598
vk em nó bảo bếp gas các bác ạ 🤣🤣🤣🤣,0,0,0.06507143690362709
xem tới đây dume ứa nước mắt 😞,1,0,0.20996939216018204
an ủi cũng ghen à :(,1,0,0.2274436867464939
không may thụt chân xuống thì sẽ như thế nào nhỉ chắc là thốn đến tận rốn,1,0,0.10139707457988931
"per một thời mình ở bên nhau 😘😘😘😘, nhớ ghê",0,0,0.06583287119613557
thề chứ .. phim nay xem đi xem lại không thấy chán ... vẫn như mớinxem vậy,0,0,0.04811701189990441
họ đáp vì phép lịch sự còn mình vì yêu mà chủ động vì quan tâm mà hỏi đủ điều ..🙁,1,0,0.0891625211709827
hạnh phúc to nè,0,0,0.08379895171341303
"thôi xong , biết thế tém tém lại .",1,0,0.12253179545543637
"ba cái đồ yêu , 1 ngày 2 lần nấu đây , ngon bá cháy bọ chét nhé , thơm mùi khói nữa …",0,0,0.15596051482411596
thân là người yêu mình mong cậu có thể giống được như đôi mặc áo nâu ❤️,0,0,0.24746234686589932
"ngàn cân treo sợi tóc nhỉ , csong mong manh quá",1,0,0.15958298406217414
"năm nào cũng đi cho có không khí xuân vậy , không đi thì thấy thiếu thiếu . nhà tao cách chợ 10km",0,0,0.11795368261838855
":))) ở đoạn đó hồi năm nhất tao "" được "" họ lấy 100k , vì sáng sớm đem duy nhất 100k trong túi , thế là nộp luôn :))))",1,0,0.07532089407422254
dã man quá ..,1,0,0.10262075587121275
"èo , ngọt quá đi",0,0,0.059308300045120645
per hay xàm xàm mà zui hè,0,0,0.05157426157317136
giờ tao mới hiểu được hết những gì mà trước đây đọc bình luận tao đéo ’ hiểu 😂😂😂,0,0,0.17052644131455855
không nổi thì mình chìm haha,0,0,0.11000881212032909
thật ra cách quét hạt xốp rất dễ mà có thể các bạn chưa biết . đó là . tẩm xăng những chỗ có xốp và đốt 😂,0,0,0.047123779173043646
đỡ mua cuốn sổ 5 ngàn =)),0,0,0.04966951667725599
chính xác ! nơi làm việc anh em mà đoàn kết với nhau cỡ nào cũng thấy mau hết giờ làm . 😊😊😊,0,0,0.060114775894622746
chuẩn luôn khi ở công tình yêu toàn là các anh chị em đồng nghiệp tốt he he,0,0,0.027314162468232636
"cười đấy , sau lưng nó đâm con mẹ nó dao vô hình cho chết mà vẫn sống nhăn răng luôn .",1,0,0.3362174814157049
nín đi . sang ngủ với mẹ đi đêm nay anh chông chị cho =))),0,0,0.02244039679909023
"1 chút đắng , chút chua cay , với 1 chút ngọt ngào ở đâu đó 😞",1,0,0.176731559227031
hàng nông sản việt nam là thứ bị cạnh tranh và phá hoại nhìu nhất 😣,1,0,0.09693246974344549
kẻ ô điểm lời phê :((,1,0,0.0973843399065982
"hòi nhỏ nhà ngoại bị rượt muốn chết , sợ tới giờ 😭😭",1,0,0.49375692690953304
người ta chỉ muốn dụ mày rồi xin một trái thận . 😪,1,0,0.48232897294586374
nó cưng quá mày,0,0,0.1772278390075185
đứng tim luôn,1,0,0.058090809194563234
cười xĩu,0,0,0.44874133447239506
tao thề từ giờ đến cuối năm mà tao không lấy được vợ thì tao quyết định sag năm lấy 😊,0,0,0.18533227254915058
nhìn bà cười thấy hạnh phúc quá ❤️❤️,0,0,0.03790133194170286
"per làm ở đâu không quan trọng , quan trọng là vẫn buôn chuyện đều 😂😂😂",0,0,0.08771963476180074
năm nay được nhận hoa và được ngồi nhìn người ta hạnh phúc,1,0,0.0735304433287472
tao muốn mèo nhà tao cũng tìm về được như này 😭,1,0,0.35619411680788077
đã đẹp trai còn khôn 🙂,0,0,0.11682500218802093
hi vọng câu chuyện admin vừa bịa ra giúp các bạn có thêm niềm tin trong cuộc sống 😂.,0,0,0.32702646285318354
lớp chúng mình rất rất vui anh em ta chan hòa tình thân =))),0,0,0.035385622122524114
đấy thấy chưa con người ta khổ như thế,1,0,0.10850343824023319
tầm tuổi này . họ không còn những áp lực cuộc sống nữa . mà chỉ còn thứ tình cảm gắn bó với họ từ những ngày khó khăn nhất . ngưỡng mộ và ước được chút phúc đức của ông bà,0,0,0.4538795103488329
tạm biệt ông cám ơn tất cả những gì ông đã làm cho vn,0,0,0.18901386144285995
per huhu trời ơiii,1,0,0.07819346861438983
lấy ghế ra ngồi thật tuyệt,0,0,0.14520850253697107
per không lấy được vợ thì có thể đi tâp gym đêt lấy chồng 😁😁,0,0,0.10873332933171619
ám ảnh đến bây giờ 24 tuổi vẫn sợ ngỗng :))),1,0,0.12621018365015105
cưng v trờiiiiii .,0,0,0.07813515633383895
nguy hiểm lắm,1,0,0.13300489273113944
chỉ tại tôi không nói nên không còn cơ hội,1,1,0.5130731868264782
anh đã mơ về một ngôi nhà và những đứa trẻ 🤦🏻‍♂️,0,0,0.07840455226376707
em ấy còn cười được chứng tỏ em rất mạnh mẽ,0,0,0.36574630379612727
tao cũng phải về mở cho mẹ tao coi 😂😂,0,0,0.09987516472521689
móng này mày ra uống chữa yếu sinh lý với ung thư ... khá tuyệt !,0,0,0.15184887159472063
chuẩn lun,0,0,0.0721341562618855
chỉ khổ thân bọn trẻ thôi đau sót lắm,1,0,0.4359168520962459
per ngóng cuộc đấu tranh công nghệ này . tq đồng lòng ghê nhỉ,1,0,0.09483340727730895
"hành động đẹp chứ sao , đằng nào cũng tiệt kiệm hơn :)) 0",0,0,0.07750486664726496
tao đa khóc khi xem phim này 😭😭😭😭😭,1,0,0.2084449297545246
per tao đã làm cho mày đau lòng nhiều lắm ư 🤔,1,1,0.5663130139598456
có ai luyện mới được như mình không dạ,0,0,0.21705690205725267
cực phẩm luôn kìa,0,0,0.13395410615547668
t ngắm người yêu tao cười mà càng ngắm tao càng yêu lúc giận cơ nhìn muốn cắn cho mấy phát tao bị cuồng người yêu rồi cái,0,0,0.10442267996841524
"thề , coi rồi mà xem lại vẫn buồn",1,0,0.04753040388942152
thằng nhỏ mạnh vãi,0,0,0.05405583076616424
tao sợ thật sự :(((,1,0,0.23271769610876294
lại tạo điều kiện cho mấy chị fa vào thả thính . :)),0,0,0.0687791096263262
per haha sao tôi nghĩ tới em liền luôn á,0,0,0.21041497348883387
vn là vậy . bn công chăm sóc của tao đổ sông đổ biển .,1,0,0.13822742846995553
thật cảm động,0,0,0.20483026863708736
có chuyện gì thê bố . bố đừng làm con sợ :((,1,0,0.1405694221125549
per =))) nó kể chuyện buồn mà cười vãi cười =))),0,0,0.09922043187163224
m nói chuyện cũng cute ngoan ngoãn cơ chứ tao toàn okay anh =))),0,0,0.09028872324809509
"bồ tao cũng đang đi cái này , từ nhà nó lên đây cỡ 2 tiếng mấy và dume nó bảo tao ngủ đi vì nó đi đến sáng :)))))",0,0,0.05942441350898418
nhìn vậy nhớ ông ngoại quá 😞,1,0,0.014418361849806719
xem lâu rồi giờ xem lại vẫn buồn cười,0,0,0.12422360605579275
t không phàn nàn . t sẽ cố gắng giúp bố mẹ có được nhiều hơn 💪💪💪,0,0,0.12261720644867823
không biết crush có thích uống nước mắm không để còn tặng nàng chai nam ngư 900ml :)),0,0,0.09238274012224426
đáng yêu quá,0,0,0.012413764899953546
chính những người như thế họ rất cẩn trọng khi bật xi nhan đấy,1,0,0.08278882234905385
lấy chồng như 1 canh bạc . ko hoa . ko lời chúc không gì hết . pải chăng số ta chỉ được vậy . cô đơn quen rồi,1,0,0.1126399440463625
mai người ta đi học mai tao đi du lịch ố la la =))))))))))))),0,0,0.05252329646013607
bài học rút ra là học cách buông bỏ những thứ không thuộc về mình,0,0,0.08694212887451364
có đồng nghiệp đáng yêuc thì sếp có khó tánh mình vẫn cảm thấy vui rất nhiều . nhớ những ngày tháng đéo thèm tăng ca đi ăn bất chấp,0,0,0.06406971334903111
"anw , vote cho anh vũ",0,0,0.02875381065810187
tự nhiên muốn có con 😐 dume,0,1,0.5647437027382533
nhìn con mắt thấy đau đớn . tội em quá ????,1,0,0.14262433258550603
chỉ cần sống thật với cảm xúc .. với chính con người bạn là hạnh phúc nhất,0,0,0.2791429936597157
xem nà ra chiêu nà gẫy cây nà sấp mặt luôn nà 😂😆,0,0,0.08494219420896239
tội cho chàng trai ấy,1,0,0.10191786993679719
mỗi lần về quê mà sắp sửa đi qua chuồng ngỗng tao phải cầm cây chổi lông gà mới đi được đấy dume . quơ quơ vòng vòng cho mấy đĩ ngỗng né xa ra rồi chạy thụt lol luôn :=]]]],1,0,0.05809303177745785
azz :3 mặt cưng xĩu,0,0,0.17848705171232082
"chờ mãi mà không thấy , cứ thấy trống vắng vãi :((",1,0,0.23641771303980416
cưng vãi ấy,0,0,0.09099747528584165
"nhớ lại ngày đó , làm pg bán giấy , cười suốt ngày , khách chửi cũng cười , mà nhớ thời đó ghê , mới 1 , 2 năm chứ mấy",0,0,0.25929522467230637
tôi làm trades . lương tôi không có .. chỉ có thu nhập thôi có tính là cao nhất việt nam không ??? tháng tôi kiếm từ 3000 - 5000,0,0,0.23019846774772604
tao ở thanh hà và nhà tao không quả vải nào hết 😂,1,0,0.06374101021451478
ước gì có ai để tao tag vào .,1,0,0.2884047145923909
mong ông bà nhiều sức khoẻ . đáng yêu thực sự 😍😍😍,0,0,0.10343682424955107
phim này rất hay .,0,0,0.006727469472436347
ôi trời nguy hiểm thế,1,0,0.06292250180218416
"haha dần dần phải kiềm chế , khắc phục sẽ không đáng sợ không bằng vũ lực hành động mà nói đâu chết đó :)) kaka",0,0,0.3248404877823919
sao mình gặp toàn thằng mất dạy hay bắt nạt mình nhỉ ? tuổi thơ bất hạnh :),1,0,0.1506397015282425
ước gì ba còn sống để làm điều đó với má . nhớ ba ❤️,1,0,0.3275728133231572
tiền cắt tóc như kia đủ mua giày rồi :v,1,0,0.2549017625535992
"per đang định đi chụp , thấy cái này sợ quá đéo đi nữa",1,0,0.12197352078384263
bt mà tao vẫn lạng lách ở đây suốt,0,0,0.15649549289849882
nhiệt tình + ngu dốt là phải trả giá bằng tiền mặt 😂😂,0,0,0.08283158180297827
"má gần nhà có nuôi 1 cặp ngày nào đi ngang nó nhìn thấy nó quay đầu bỏ chạy , con gì mà dữ thấy mẹ hà",1,0,0.166404391350913
bạn trai tao đéo biết giận dai nên không phải dỗ,0,0,0.19398233321766464
hú hồn,1,0,0.10596114356697928
bò ra mà cười :)),0,0,0.11660313868482983
"ai cho mình xin tên phim với , mình không xem được 😢",1,0,0.2048923424020759
per đi tong một năm học ... nhưng vẫn tốt nghiệp ... :(,1,0,0.11108463489961982
ngoài ra còn một số cái buồn nữa . không giải quyết kịp thời thì ??,1,0,0.15987890753036754
cay đắng đến cùng cực và hạnh phúc đến tột đỉnh . chỉ là mình có quyền lựa chọn nó hay không thôi,1,0,0.22474063814998416
ở đâu cho tao làm vớiiiiii,0,0,0.09096144570739603
như con đười ươi :)))))),0,0,0.06131750938339981
coi mà cái tay nó rung trái tim nó đập sợ cái thằng đó té sấp mặt luôn thì không bình thường họa mi còn hót được không :)))),1,0,0.04619193778915523
"ngày em đến anh mất ngủ suốt mấy đêm vì vui sướng , ngày em nói dừng lại nước mắt anh rơi trên đường chạy về nhà",1,0,0.1599646440766174
per nhớ ghê á nha 😂,0,0,0.01630899693310819
cái tháng học sấp mặt luôn,1,0,0.1551753847456979
trên đời sợ nhất mấy con trùn trùn như ri ! nhất là giun đất với rắn !!! đã từng bỏ tiết học sinh học mổ giun đất 😞😞,1,0,0.10333736565139603
hồi xưa còn bị vén tà áo dài nằm lên bàn rồi đánh . chứ quỳ thế này có là gì đâu . giờ mới thấy cảm ơn thầy cô vì hồi đó đã như vậy .,0,0,0.1801183469376854
dume nghe kể mà đau cổ họng vãi :),1,0,0.07351735272200158
"công nhận lãng mạn thật , nhưng tao đang tưởng tượng cái cảnh động phòng , eo ơi ......",1,0,0.1153311236442037
"per bất hạnh vãi , mà tao với mày đéo tạo được niềm vui :v",1,0,0.20433961583220334
nghĩ mà buồn vãi =)),1,0,0.06746133981491487
không biết có ai ở trong ngôi nhà không,1,0,0.2407945490258775
dcm . ngày bé tao sợ nhện vãi . xem phim thấy yêu tinh nhện,1,0,0.03279871087375415
quá nguy hiểm .,1,0,0.03786795425896853
tuổi trẻ tài cao mà :)))))))),0,0,0.020975758756542204
"t chẳng muốn phải nói "" suýt nữa thì .."" một lần nào nữa trong đời của nhau nữa đâu ... vì vậy sẽ trân trọng khi người tới .",1,1,0.7247363130453554
nam nhân nhà người ta kbh làm tôi thất vọng,0,0,0.254443343706541
per mày này . nhưng mà lúc già sắp chết 😕,1,0,0.38797534459493144
cụ bà đẹp lão quá cậu,0,0,0.04421619119257868
per không bao giờ quên được hihi,0,0,0.15443318681540433
per đúng rồi mình đây =)),0,0,0.13030369182959659
năm nay tao không còn cảm thấy cô đơn và mỏi chân nữa ... vì tao được ngồi mát và ăn ké socola of bọn có người yêu 😁😂...# mun 😘,0,0,0.2599122914194021
đm quả gật đầu quả quyết vãi 😂,0,0,0.04602743390154438
"chuẩn rồi . nhiều khi mệt muốn xỉu , xong đồng nghiệp đùa nhau đôi ba câu hay kể cho nhau vài câu chuyện thế là lại vui trở lại 😂😂😂 đồng nghiệp quan trọng thật sự",0,0,0.08828173011551076
tụi nhỏ dễ thương quá,0,0,0.0685487841266428
con bé bị quơ trúng nhìn đẹp như búp bê ấy < 3,0,0,0.07898134029331907
thương em :(,1,0,0.21685664340777341
nó bỏ mình đi rồi mỗi lần nghĩ tới nó ôi sao mà xót tim gan hơn mất người yêu,1,0,0.13370407584044522
tao bắt đầu sợ nó ròi đấy :)) ám ảnh vãi,1,0,0.18055315839065197
nó vẫn luôn hiện hữu xung quanh chúng ta . hãy dùng tình yêu thương đó và cho đi ❤,0,0,0.015918401404467993
thấy tội em thỏ bị ăn đòn tới tấp,1,0,0.27637614244869824
có đủ mọi gia vị :< em thấy vị đắng của sự chua sót quá nhiều :),1,0,0.2573378718932405
"năm nào cả sinh nhật âm hay dương mẹ cũng gọi điện cho mình , bà ngoại trên 80 , bác ruột mình đều nhớ hết 😂😂😂",0,0,0.058861197818493825
"chán thật , dạo này hồi xuân hay sao đọc mấy cái kiểu này ấm lòng vãi :(",1,0,0.06567746146402549
tks admin ... tôi muốn tìm phim này lâu rồi mà không nhớ tên phim ... tks admin nhiều,0,0,0.12857399504758055
crush tao mất rồi .,1,0,0.14490877872086777
per xem xong hình như tao mới bị thêm bệnh tiểu đường,1,0,0.16573783240925463
câu chyện cổ tích thật ý nghĩa 😂😂,0,0,0.03779019059689459
"ôi trời ơi , buồn cười quá đi mất 😂😂😂😂😂😂",0,0,0.0847035518685896
vui quá ta ơi ......,0,0,0.05172529178733458
"bởi vì anh đã gặp em đúng lúc , đúng lúc đó em đã có người thương ...",1,0,0.21703113162217003
"tàn nhẫn thế nào , là khi mình trao họ hết hy vọng rồi họ lại dập tắt đi nó",1,0,0.43080555550112243
cỡ nào anh cũng có thể chịu đựng được vì anh yêu em,0,0,0.17192748431592758
"thôi em sợ lắm , tha em bác",1,1,0.5001795291662801
"sướng nhờ , bên trung chúng nó yêu nhau toàn sống chung . 😂😂😂 toàn richkid :>",0,0,0.026087554077684545
ngưỡng mộ mấy cậu vẽ đẹp quá,0,0,0.03740709108006383
cảm ơn bạn đã yêu đất nước việt nam tôi,0,0,0.04882408323746664
mình sống ảo quen rồi nên đắp mặt nạ cũng đắp bằng app luôn :)))),0,0,0.0555775351799529
cuteeeeeee 😊😊😊😊😊,0,0,0.09469040784955614
nhưng nó cười với đứa khác không phải mày .... 💔,1,0,0.4687007815919052
per c . bị tinh thần đi xem đi 👻,0,0,0.2148143256225541
vậy mình xin chúc đk n năm tới không còn cô đơn nữa nha kkkkklk,0,0,0.20885240388300913
ấn tượng vãi :v bàn tay vàng trong làng vẩy khế :v,0,0,0.10352765478930888
"học xong cấp 3 , ngoài mừng vì được thoát khỏi đó thì không hề có lưu luyến 1 chút nào :))))))",0,0,0.08140586181148958
tao đang đi phân khối lớn đây . ai cũng kêu nhìn cá tính vãi 😁,0,0,0.060635114664119
"mới đây mẹ tao giúp tao làm lại giấy khai sinh . mẹ có hỏi "" mày sinh ngày mấy để mẹ làm ""😑",1,0,0.24611602578988973
"công nhận , thời xưa bệnh mà cũng vui vãi . :)))",0,0,0.04053730380668096
chỉ mong ông trời sẽ bù đắp cho con cháu của họ sau này 😔😔,1,0,0.05317904341591298
không biết phải mình lúa không . chứ mỗi lần đi du lịch trước khi trả phòng là mình phải dọn sạch sẽ . cứ nghĩ nhận phòng sao thì trả phòng vậy . bị anh chồng la hoài là vậy,1,0,0.23488723440599438
và tôi đã mất đi 1 người như thế .,1,1,0.6454990434791504
nguyễn thị hồng phấn cũng may tao không thấy cặp nao hêtd,1,0,0.11475952211806438
per hãy cứ vững tâm tập điều độ rồi sẽ có thôi,0,0,0.19240754954239983
úi giời khiếp quá !!!!,1,0,0.1217035221664406
sao tao thấy đa phần mấy đứa con trai cắt tóc xong nhìn ngáo đéo chịu được vậy =))).. cười tét cả hàm chứ đùa,0,0,0.14274348483913604
t mà bị như này thì chắc tao chết luôn c ạ 😂😂 per,1,0,0.3304241900004552
per thể loại tao thích nè nhưng mày đi coi với tao nha không tao khóc thét rạp,1,0,0.2011086768046411
giờ cắt bộ móng đi cái tay vẫn cứ bị phế khó mà phục hồi được,1,0,0.07164265315128558
:(( tội bé,1,0,0.07203661884610006
thật là một câu chuyện buồn 😌,1,0,0.083864378410425
xỉu lên xỉu xuống :(,1,0,0.1246282602074588
vãi linh hồn .,1,0,0.0873004966213926
các cháu giờ lợi hại quá :<,0,0,0.03221410945898804
nỗi đau ấy ai thấy giúp tôi,1,0,0.37620051921227965
per sau này con bư lớn cũng vậy đó mẹ hahaa,0,0,0.1216542264641354
per hồi nhỏ chuyên gia đi ngang nhà hàng xóm là bị nguyên bầy ngỗng nó dí nó rượt chạy khóc la um xùm .. giờ còn ám ảnh 😭,1,0,0.19078011976165726
boss dễ thương vãi lúa,0,0,0.06839065221197202
cảm thấy mình thất bại :((,1,0,0.4095545072472656
bộ phim đầu tiên làm tao khóc thành tiếng,1,0,0.15616649808951144
bá đạo vậy chơi sao lại 🤣,1,0,0.07350815848714229
per huhu em không biết phải đi xem phim với ai nữa 😭,1,0,0.12876982606033335
gần 1h đêm là con trai mà xem xong nói chuyện mắt vẫn rỡi 😔😔,1,0,0.11270215258751726
mấy đứa chân ngắn qua sao,1,0,0.08534231482567972
hahahaha,0,0,0.07990087147286255
đúng vậy dù có mệt mà đồng nghiệp nhiệt tình vui vẻ là cùng muốn đi hoài,0,0,0.1587593070889514
tiếc là chưa thấy cậu cười ngoài đời bao giờ,1,0,0.25426966761348035
per tao không gửi cho mọi người . tao chỉ đăng lên facebook cho thiên hạ biết thôi :))),0,0,0.1643848921900005
đúng là yêu tới đầu bạc răng long .,0,0,0.0396998819309596
vậy là hên rồi,0,0,0.11817903302630732
per bị phạt 10tr à c 🤣🤣,0,0,0.150109882058154
mình còn chưa kịp đến :((,1,0,0.20822055965694586
mình không quan tâm giá trị học bổng bao nhiêu . mà tớ q . tâm em đó sẽ dành những gì cho đất nước sau khi học xong thôi . hee . chúc mừng em .,0,0,0.1945583622585349
per trailer không có tiếng thôi mà đã thấy ghê rồi đó !,1,0,0.11083082097077276
"per chồng xem đi , hài lắm",0,0,0.12407390987597011
"cả thế giới biết toau crush mày , còn mày thì íu nhận ra 😐",1,0,0.31036121974678604
dễ thở hơn so với đề văn sáng nay 😂😂😂,0,0,0.05125493405691086
mèo người ta đi lạc về nó còn nhớ chủ chủ còn được đụng nó còn mèo nhà tao đi tán trai có mấy tháng về nhà thấy chủ như thấy ma 😌😌,1,0,0.09659525203416951
"ôi vãi , mày thật bất hạnh vì có lũ bạn như thế",1,0,0.20411568074823674
:))) đồng nghiệp đáng yêu,0,0,0.007073881393771051
gần nhà tao lại chẳng còn sót lại anh nào huhu,1,0,0.29411909940626596
cảm ơn các anh tình nguyện viên .,0,0,0.018866333124647312
hồi xưa tao bị tiêu chảy kèm ho đã sợ vãi . giờ ho không thôi cũng sợ nhỉ . ??,1,0,0.21438864899750196
hoá ra chúng ta không biết nhiều về tình yêu như ta vẫn nghĩ 😢,1,0,0.07556545036807069
nghe bài này đau lòng quá mà,1,0,0.043314128010295036
đáng yêu mà sợ gì,0,0,0.04762891779223577
còn tệ hơn năm ngoái,1,0,0.37153247528617145
gần thôi :))) giờ nhìn lại đề thi và không hiểu sao mình ra trường được :))),0,0,0.09926872517876159
có một sự tổn thương không hề nhẹ ở đây,1,0,0.49876823826626193
"học chán phèo , chả có gì đáng nhớ",1,0,0.10583135106500213
tao thấy dễ thương màaaa,0,0,0.07076562317780132
"mình theo dõi mấy nick quân nhân , tập trận , pccc ... hay vãi luôn á .",0,0,0.03535885899555903
sau khi có vợ anh per đã có đồ giả gái xinh và tinh tế hơn 😆,0,0,0.09979050100778145
giận ngược lại rồi giận luôn chứ có huề đéo đâu :(((,1,0,0.23319625632104835
ấm lòng vãi huhu,0,0,0.12653208557797593
per cười đau bụng luôn 🤣🤣,0,0,0.17527350644455
"mình thấy sợ mấy con rắn quá trời , mà cái gì mình sợ là mình hay muốn tiêu diệt -))",1,0,0.1893179982117299
đợi chúng nó đang ăn lấy xe cứu hỏa phun nước ôi tao hình dung ra cảnh đó thật tuyệt,0,0,0.06808105740993009
ba mẹ tao chửi tao tao chỉ biết câm họng và bưng tô cơm ra chỗ khác vừa ngồi ăn vừa khóc một mình cho dù biết răng mình k có lỗi 😭😭 !?,1,1,0.598652124329995
dạ đây là chị gái em nha không phải chồng đâu ạ người trong hình là em huhu ?,1,0,0.10787841252932831
đoạn cuối yêu mún chết,0,0,0.20152745148678147
"tao buồn quá , tao đang khóc !!!",1,0,0.3099326890776841
per đây là chúng mềnh 🤪🤪,0,0,0.05974406368193629
per đóng vai chính đúng xuất sắc lun,0,0,0.0478074202401668
ngày xưa mừn cũng hay thế lắm .,0,0,0.17352499636457383
má hồi xưa về ngoại chơi đi đường bị nguyên đàn yêu nghiệt này dí chạy té đái giờ vẫn sợ bọn nó 😨😨😨,1,0,0.05047104664091894
😑 sao cái kết gì mà buồn vậy,1,0,0.08776913374802314
tuổi trẻ tài cao là đây,0,0,0.06553509825807265
đùa ... cảnh sát việt nam tài thật . vụ gì cũng bắt trong 48 giờ,0,0,0.11289071359868104
"ôi đời vẫn là chịu không nỗi đời mà , chán",1,0,0.19943521630960862
sợ con này lắm :((,1,1,0.5175358151881331
rồi lại im thôi . 200k hay 5tr thì cũng vậy,1,0,0.04238788111768497
nghe mãi mà vẫn thấy hay,0,0,0.014514436103829034
"gập đúng người mà mình muốn thương , muốn yêu , muốn chăm sóc . nhưng thật tiếc khi trong tay vẫn chưa có gì",1,0,0.3171057445326076
tới lúc chia tay rồi khóc :(,1,0,0.3108649401402039
"có lần tao thổi cơm không đổ nước lúc khét mở vung ra mới biết , làm đánh đít xong cả tiếng trời không hết",1,0,0.22029993774391518
bố mẹ cho ta đx tồn tại trên cuộc đời này biết nhận thức thì tự đi lên từ đôi tay của mình nhé 😘,0,0,0.332126592041941
per nhớ bột mì chiên huhuhu,1,0,0.05340988219094151
chắc hẳn trước kia em bị đối xử tồi tệ lắm nên mới vậy :(,1,1,0.5274316952054967
chuẩn luôn :)),0,0,0.020529700716069695
"giờ bà già lắm rồi , nhổ sợ hết tóc , nghĩ tao lại thấy buồn quá 😞😞",1,0,0.14918430311378542
như kiểu người yêu luôn ấy =))) nhẹ nhàng,0,0,0.021488731001352818
chạy xe hơn 40 ' chỉ để chạy ngang chỗ crush làm nhìn 1 cái rồi về :) đến giờ vẫn vậy cứ rảnh là chạy vô nhìn cái rồi về :),0,0,0.0763286460587801
đừng ai lấy cả hộp kẹp của anh ý nhé :(((,1,0,0.08240878473086644
cuối cùng là hai mình ăn được ngủ được :))) đứa nào cũng lên vài kí,0,0,0.15946872318559047
haha mắc cười quá ... nhưng thật chúng mày là tao rất sợ rắn ...,1,0,0.19705079671429127
yêu nghề chuẩn mẹ rồi,0,0,0.05381386438936377
"tao khuyên mày , bật lên mr . siro lên mà nghe , đời sẽ vui vẻ hơn =))",0,0,0.03467648173487812
per chị ơi còn học được cả tiếng anh nữa luôn này :v hịn quá,0,0,0.05720425045724754
"mới xem 1 đoạn xíu này mà cũng khóc hết hơi , nhìn em bé mất bố mà quay ra nhìn lại con mình đỏ hỏn nằm bên cạnh , thấy thương quá 😭",1,0,0.09222194759894577
xem đi xem lại mà khóc sướt mướt 😭😭😭,1,0,0.0781897928944742
t nhớ tao đang xem xxx thì chưa cắm tai nghe 😭😭😭,1,0,0.05560490630000725
< 3 chuyện lạ có thật :))),0,0,0.0456085996959595
ông thần nhây vãi đái 😂😂,0,0,0.12026511202301411
nói chung là ai nào buông tay thì người chết vẫn là mấy đứa con gái như tao 😭,1,0,0.1966484718786857
mày định lướt qua rồi nhưng khi đọc bình luận của các bạn và xem kĩ lại thì mày đã rớt nước mắt 😭😭😭.... người cha thật vĩ đại,1,0,0.2150063643765198
câu chuyện vui ha =]],0,0,0.044285655223372584
tao cũng muốn học vẽ lắm :( cơ mà không có điều kiện để đi học,1,0,0.3349092978198271
21 năm chưa crush ai thì có gọi là ế thâm niêm không hả các bác,1,0,0.07440611344096226
em đừng đi tập gym em nhé . bth em đã mê trai lắm rồi . em mà đi tập nữa chị không biết em như thế nào luôn 😢 per,1,0,0.18192573891281197
giòi béo lắm :)),0,0,0.1269102441190448
lũ kiến ở nhà mày thích vậy .,0,0,0.08883579852294719
thích bài này lắm lun . thuộc lun,0,0,0.11184894941252808
dù chỉ là 1 cây bông nhưng nó là tất cả tình yêu của ông dành cho bà ❤❤❤,0,0,0.04610976427306959
"per đấu nhau to rồi , phen này hay",0,0,0.039423480813286164
chạy ios cho máu 😂,0,0,0.04689953270351113
nấu mì 2 tôm là vô địch,0,0,0.23303408821965738
nghe thấm câu vàng trắng nhưng thực tế là trắng tay thôi nghe mà buồn,1,0,0.1706152378165937
ngồi suy nghĩ 1 hồi xem trái hay phải rồi mới nói được . khổ vãi mà !,1,0,0.09435250350190624
nghe kể mà thèm ạ :'(,1,0,0.0601549546648106
cầu trời phật cho đại gia đình con sức khỏe !,0,0,0.331304186330963
xem lại quá nhiều lần đến nỗi không nhớ nổi . vì phim quá hay và ý nghĩa .,0,0,0.0338774777924168
t tin crush của tao không bị thịt vì tao đéo crush ai cả =)),0,0,0.13062150696602148
hôm qua xem cười lộn ruột,0,0,0.1676319122013339
và ông đã có nỗi buồn mới thay vì buồn thất tình,1,0,0.08228219556420334
giá mà có ai để giận :v,1,0,0.24628836634750073
ngộ nghĩnh nhỉ ! lạ lờ nhỉ !,0,0,0.09232390203796371
lúc thì cuốc đất è cổ ra không có giun mà câu cá 😒,1,0,0.06168081052403261
"còn giữ 2 cái đĩa cổ này luôn á , ghê hông",0,0,0.09099984154940359
có 1 đứa hợp tác vậy là cũg quý hoá quá rồi,0,0,0.06020197675500295
tao đã đóng dấu cấm đứa nào rớ vào =)))),0,0,0.11246589011933314
nguy hiểm vãi chưởng luôn ý,1,0,0.05493741901297918
em tìm link phim mà sao nó ra phim khác chứ không phải phim này zay mọi người 😞,1,0,0.07363703881298352
24 tuổi thấy đời đắng và khá mặn,1,0,0.10810164253133768
per coi phim này chắc chết luôn trong rạp,1,0,0.20738340615935655
bán hàng online hồi năm cấp 3 :))) tháng hè ấy đi quanh hạnh phúc để giao hàng với bố . được lãi 4 tr :)))),0,0,0.032902464887406516
cười sái mẹ quai hàm,0,0,0.3323944273996824
"cần gì xa hoa đâu , thế này là hạnh phúc , thấy thương và ngưỡng mộ ông bà quá",0,0,0.07151827144535614
bài nhạc hay khi nó đúng tâm trạng ... nhạc hay !!!!!,0,0,0.03722256474205687
thế là dấu ấn lịch sử và hình tượng thằng gù nhà thờ đức bà của nước pháp đã thành tàn tro :(,1,0,0.07980238199354214
"cậu ấy tán tôi , tôi từ chối . thế là từ đó chúng tôi đéo làm bạn được nữa !!!",1,0,0.373207308819502
"bánh tráng trộn năm đó ở roai ờ ti , ruột đau như cắt nói chuyện mắt đầm đìa đền thg dưa gang cốc dưa hấu kem chi per",1,0,0.22142934900519456
như chết đi sống lại 🙂,1,1,0.7867160859253245
ai chưa xem thì nên xem 1 lần đi . đảm bảo không phí 3h đồng hồ của các bạn 😃,0,0,0.0762945457261063
đáng yêu vậy =))),0,0,0.01638897312344262
độc mà lần nào đi viện cũng bắt chụp 😭😭,1,0,0.17341618281715043
từ bé đến giờ mình chưa bao giờ xếp được 1 cái rubic nào thế mà cu nhóc kia xếp xong trong vài giây ! xấu hổ quá,1,0,0.18047164752018638
nếu ai cũng có ý thức tốt đẹp thì đất nước này còn gì để nói . đâu có ai hoàn toàn hoàn hảo đâu bạn . dù là moi tần lớp,0,0,0.17366149915222703
mày xinh thế ? tao ốm tí đã xấu hoắc,1,0,0.21397075205764732
một cái tết nhiều tiền,0,0,0.12389227769123044
per cách này coi bộ hay nha 😂,0,0,0.03159261645067959
đừng có thấy 6 múi mà ham nha nha 😂😂,0,0,0.01771060396376534
cái ông aamir khan đóng phim nao cũng hay và ý nghia het,0,0,0.04548591527168585
ở đâu cũng có người tốt nè anh kkkk,0,0,0.06440764306343973
lại mưa 😞,1,0,0.14420463039727738
xong là phê lắm mày,0,0,0.22244758341682605
bên aeon hay thật đấy =))))),0,0,0.017681271105256573
không có bạn trai ... thì giận ai 😑😑,1,0,0.22623462680827794
chia buồn cùng khổ chủ,1,0,0.24719741968858877
"quan trọng là lòng tin , bạn bè mình một số người mình đã mất lòng tin thì đừng bao giờ nói chuyện tiền nong . khâm phục anh",0,0,0.17055239299356528
thật khó để có cả 2 khi chúng ta còn trẻ :),1,0,0.042799199116316806
phim ấn thì của lão amir khan là hay vol,0,0,0.02717863237845393
ừ mỗi lần thế lần buồn kinh lắm mày ạ,1,1,0.8109970585164554
cảm ơn . anh .,0,0,0.007642759558473496
per kết truyện chất ghê :)))))),0,0,0.027039310317747322
chúng mày đã bao giờ bị hất cả cốc nước vào mặt vì mặt không bao giờ tươi cười niềm nở chưa ?,1,0,0.4890867906552472
t đã soi gương suốt ngày chỉ để gặp crush và ngắm nụ cười tỏa nắng của nó,0,0,0.2935393221058603
chẳng đủ dịu dàng để níu bước chân anh,1,0,0.14696775037250384
rủ được crush đi thì không cần qua đây nữa rồi admin ưiiii :(((,1,0,0.10515169387080611
per nghe lại buồn vãi,1,0,0.060452892486033395
"bọn nó nhỏ mà đã có người yêu , còn tao thì ế :((",1,0,0.05128009398283866
"người đàn ông ốm đau nói với vợ mình :” ở lại với anh ” rồi cầm tay bà . đó là tình yêu , vỏn vẹn 20 năm ngắn ngủi . tình yêu bố dành cho mẹ",0,0,0.10479178287010418
tao ám ảnh việc lau sàn,1,0,0.22561002732757462
ra chỗ khác sóng không tới viết đi cậu :((( nhìn buồn vãi,1,0,0.1076734240577768
nhói lòng lớp tôi,1,0,0.22300730313865366
nhìn ma tiếc từng hạt trân châu,1,0,0.08495093262962221
năm nay vào quán net ngồi cho đỡ phải nhìn .....☺️,1,0,0.15772295097548344
per sợ ghê bây .,1,0,0.15535456510309942
tao coi xong tao khóc .,1,0,0.20714435568785544
tao nhiều tài lắm .. nhưng tài sản còn cái mạng què và đôi tay trắng 😭😭,1,0,0.3623506081174314
"per 😥 cảm thấy tội lỗi quá , từ nay không chụp nữa thiệt luôn",1,0,0.0979481350963189
đã biết là thế nhưng không còn cách nào khác :(,1,1,0.60868339241063
chưa bao giờ bắn trúng 😬,1,0,0.13142481513121498
đăng khoa lê lò dầu của mẹ nè anh 😘😘😘,0,0,0.15462055154387006
per phim này thấy trailer hấp dẫn ghê 😁,0,0,0.07668949088994048
bó tay luôn á,1,0,0.06360366955321121
"hai đứa chia tay , tao nhảy vào .",0,0,0.19556683601849914
thương nhau còn chả hết dỗi nhau làm chi 😂,0,0,0.08823625128912328
"ôi thôi , cưng quá :v",0,0,0.09907199460573791
đó là một câu chuyện buồn,1,0,0.13088736107581328
"động lực là lo được cho gdinh , tự chủ bản thân",0,0,0.45574295753482125
"buồn cho những ai thờ ơ , vô cảm trước một sự việc như thế .",1,0,0.4773386726414433
cuối cùng tao cũng được xem hết mấy cái video mà trước đọc comt đéo hiểu gì 🤣🤣,0,0,0.08297523620123219
đọc tin nhắn đầu thấy cay cay ngay mũi,1,0,0.1408031696805725
chỉ dân đen là khổ thôi . chả trách được họ khi cố gắng đi tìm may mắn ở nơi chùa chiền,1,0,0.20565976471350148
tinh trùng của người ngoài hành tinh thật đáng sợ 👏🏻👏🏻👏🏻,1,0,0.2083825356796394
haha :))) nãy giờ mấy tiếng rồi mà các bác vẫn còn căng :))),0,0,0.03278998048571139
chút mua ... hehe,0,0,0.15631731021382417
ra sông mò đồng xu cùng ông anh hàng xóm được khoản kếch xù :))),0,0,0.12050563731178476
cái chứng minh hình kia dễ vãi . cứ vẽ hình lên bài xong người chấm điểm người ta thấy là biết chứ sao :)),0,0,0.0787563236445339
thế này lại thành xây nhà cho nhà hàng xóm rồi 😰,1,0,0.10411499325803872
tôi từng trách bố mẹ sao sinh tôi ra trong hoàn cảnh này,1,0,0.26371356996878553
em xin lỗi anh,1,0,0.20655422369302182
"đến cả khi nó nói thích mình , 1 phút sau nó lại nói chỉ trêu . mệt mỏi",1,1,0.6171542526616102
mày nói thôi mà tao nghĩ cũng thấy buồn rồi :(((,1,0,0.33760397686646815
tao ghét và tao sợ nó,1,0,0.24517454715989767
buồn hơn thế là đối với 1 đứa con gái năm lần bảy lượt chủ động ib họ nhưng vẫn bị xem thường ... xem mà đéo rep ... hết thương là vậy ... 😞😞😞,1,0,0.1924016578542754
đúng là nói thì dễ hành động không bao giờ làm được ))),1,0,0.10146909348344263
add cứ khoe đi . mai lại chặt hết như nguyễn trãi mà 😂😂😂,0,0,0.06390222645921248
cả một bầu trời đáng yêu :))))),0,0,0.023551795102392793
đến câu nào có đáp số quen thì khoanh :)),0,0,0.06904989564475614
hoan hô . công nhân đâu phải trẻ mầm non,0,0,0.10860383024448815
hỏi sao bác sĩ hay bị người nhà bệnh nhân chém :)),0,0,0.053091382571177806
per nguy hiểm vãi,1,0,0.055356100092468066
nhìn thôi cũng đau lòng :)),1,0,0.07708599877588818
tao bị quỳ cột cờ mới ác . cả trường biết mặt luôn . nhục vãi,1,0,0.12162970705772151
per sau hôm sinh nhật là có cái này . ngon vãi,0,0,0.06027627371928047
per đúng chất em lun hâha,0,0,0.13906064636101528
thích mấy đứa này,0,0,0.0928535708200936
viết tên anh trên cát cho sóng đập nát cái matlon anh :)),0,0,0.05729747213796851
"má .., ruồi bay qua táp chết tươi :)))",0,0,0.1847446045788646
"tao có một nỗi sợ khác cũng khá giống con yêu tinh này đó là con yêu nghiệt ngan đực :3 con này thành tinh hung ác vãi_chưởng , đi ra vườn đéo làm gì nó , nó cũng rượt mình . đậu ! đó là tao kể ngày bé thôi =) chứ lớn lên tao biết vơ cây củi theo để đi ra vườn rồi =))",1,0,0.17311049927404584
"ai mang đồ ăn cho anh ấy đi , kẻo đói tội nghiệp",1,0,0.06135019538760291
vì mình chỉ là giờ giải lao trong một hiệp chơi chính của họ,1,0,0.24894626689915508
sắp có thực đơn món mới 😍,0,0,0.14819701745471658
tình yêu cha mẹ dành cho con cái là vô điều kiện . mình đã khóc,1,0,0.1883259344487589
cơ mà tao bị thần kinh thật,1,1,0.564248640094749
hay cực,0,0,0.20128417765988302
má tao coi mà cứ sợ nó bay ra 😌😌,1,0,0.14023804275265353
hãy cười thật tươi để cho cuộc sống của bạn trở nên thật tuyệt vời 😁,0,0,0.1228418831417156
hơi bị nhanh trí :)),0,0,0.04913376303595869
thô nhưg thật :)),0,0,0.08596688527949879
nhớ lúc trước tao cũng có học quyền và múa tứ linh đao bay thẳng vào trán . :),1,0,0.06827070005813535
còn chả có ai nói chuyện thân thiết quan tâm đến tôi :<,1,0,0.4644242933531213
tao cũng có 1 con đi lạc 1 tuần xong nó về bắt cho tao 2 con chuột làm tao mất ngủ xong hôm sau nó đi tiếp 😞 tao mong nó về lắm 😞,1,0,0.32021206308210726
"hôm nào đi học về cũng phải đi qa , nhà nuôi lũ này ở đỉnh dốc , đi học về tới chân dốc thôi là nghe lũ quỷ đó đứng đầu dốc đón đường bọn tao rồi . méo đạp xe lên dốc nổi , dắt xe lên dốc mà muốn vứt mẹ cái xe đạp để chạy lấy thân cho rồi :((",1,0,0.09924107187521594
dễ thương quá,0,0,0.03673622337011741
dm ông cầm cam cho cẩn thận vào tôi cũng muốn ngã mẹ nó rồi này,1,1,0.5331665457386916
con nào cũng là con nhé . con trai tao tập từ nhỏ đã biết tự lo và phụ mẹ rồi :)),0,0,0.2599460524368855
người ta thật thà phết,0,0,0.055830115913864505
bị từ chối rồi,1,0,0.43445975985878466
ngày xưa cũng vui lắm mà giờ mỗi đứa 1 nơi rồi,1,0,0.2174769881829093
nghe tình vãi =)))),0,0,0.021648997245591294
"3s để tôi nói tôi yêu em và cả quãng đời còn lại để tôi chứng minh lời tôi nói :"" tôi yêu em """,0,0,0.35504556921054453
mình bình luận chủ yếu muốn khoe mình là fan cứng thôi :)) các bạn không cần để ý,0,0,0.10270069650846218
"gặp một nhà nuôi 1 con chó với 2 con ngỗng , trời ơi chưa kịp vào nhà , con chó còn chưa sủa mà con ngỗng đã đuổi chạy vắt chân lên cổ rồi :'( nhục",1,0,0.16892706453856535
câu chuyện của mày làm tao buồn quá,1,0,0.21757202518651025
"per này , thích thì xem cho đã con mắt đi 🙁 đáng sợ quá mà",1,0,0.10834089339501833
mau khoẻ nhé :d,0,0,0.057970296000659706
công nhận chữ đẹp . 🤧,0,0,0.04788196332013641
nhìn mày thế kia đến tao còn thích ngủ cùng huống gì em mày,0,0,0.3811230670227931
"thiện tai , thế giới này khi nào mới được yên bình",1,0,0.31283475243426984
làm tao liên tưởng đển phượng hoàng cổ trấn :))),0,0,0.0777385500332821
tiền nhiều để làm gì ? để rồi lại chia ly,1,0,0.2939872846209373
điềm báo gì đây,1,0,0.18285286951432206
per huhu mất đi đồng nghiệp 😭,1,0,0.06446176041077732
chẳng những hư xe mà còn bị phạt nặng nữa,1,0,0.43816601679544176
nhất là lúc 16h chuẩn bị đến giờ đá bóng . chất rơm đầy bếp cho nó mau chín 🥰🥰 yêu quá thời đó,0,0,0.09511535368280749
bắt ve cho nó điiii . trông khổ quá,1,0,0.09427813680108517
khi nào mình già rồi cũng như v nha per kkkkkkkkkk,0,0,0.11758373136721033
những người có tài như này công nhận giỏi,0,0,0.08455637201254383
😞 đó sẽ là những kỉ niệm thật đẹp,1,0,0.014553584662926842
tao bị biến dạng luôn một tay,1,0,0.2351489047909226
chời má . ngọt chết tao rồi :)))))),0,0,0.1741869030054283
chạy ngay đi 😱😱😱 sợ quá .,1,0,0.059406973591719
"nhìn cảnh 2 bố con hôn từ biệt , em bé cũng rướn mặt theo hôn bố mà chảy nước mắt , em bé như thế chắc không biết diễn , đúng là cảnh đẹp quá",1,0,0.09230347482231362
rất tiếc em vẫn chưa gặp được anh :((((,1,0,0.0430485130612162
"e ấy đang khóc , nhưng vì hàm răng không thể thụt vào nên mọi người nghĩ là em đang cười :))))",0,0,0.2730485251715156
per thì tốt nhỉ quá đỉnh luôn ... nhưng không biết được trọng dụng không nữa buồn quá,1,0,0.15949209008545356
"cấp 3 , đáng tiếc nhất trong thời học sinh ^^",1,0,0.06470602318818781
đm nhìn ngầu vãi,0,0,0.05535110151823321
em đang ở đâu mà mấy năm rồi chưa thấy xuất hiện :),1,0,0.06321099608933514
phải chi có người để giận mình nhỉ :(((,1,0,0.13724512319402807
dễ thương vậy,0,0,0.043588505352331684
vào sg 50k / không cũng mua . 100k / không cũng mua ! ha ha,0,0,0.10261335193495924
"tao cũng là người cuối cùng ra khỏi căn phòng ấy , ngắm nghía lần cuối rồi rời đi , khép lại 3 năm đẹp nhất của đời người . tao không khóc nhưng trong lòng rối bời , muốn ôm hết all vào mình .",1,1,0.6676365168372692
14 / 2 năm sau tau sẽ là ông già cô đơn ....,1,0,0.1260243362438072
"ra đi là lựa chọn đúng , ở lại incheon để gánh team làm gì cho mệt ra lại bị tiếng xấu .",0,0,0.2773521746759433
"ôi dume giật nảy mình , tí thì rơi điện thoại",1,0,0.1177947273352176
hiện tại cảm thấy hạnh phúc khi môi trường làm việc toàn người lầy ....,0,0,0.19643081270420887
k cần biết nội dung ... nhìn mặt con bé thoy muốn cưới về cho con trai mình ngay rồi 😂😂,0,0,0.10094287459097688
vụ này chắc xử nhanh hơn vụ trong thang máy .... 😂😂😂,0,0,0.06527788980015807
"đặt mình vào vị trí của nhau , biết lo lắng suy nghĩ san sẻ cho nhau vậy là đủ rồi . có quá khó không ?",1,0,0.31618246851148807
per mã mẹ biết hôm qua quay video sớm hơn ự,1,0,0.041801068396694396
"cả phim trừ anh dv chính ra thì thấy anh này là đáng yêu nhất , dù nhìn hơi hâm hâm tý",0,0,0.016869383210952143
may mà không mua laptop này không thì ăn lìn lâu rồi :(,0,0,0.1111868071616568
câu chuyện của em làm anh cảm động quá …,1,0,0.12665575539871227
ý tưởng hay,0,0,0.10342961445260898
"xem mà đau lòng , đau lòng nhưng vẫn xem :((((",1,0,0.1591566033780068
con dựt gái đây sao hahaha,0,0,0.08127353302179427
thế hóa ra nguy cơ trầm cảm của tao cao lắm,1,1,0.8921898234287662
có ai thừa biết nó sẽ nhảy vào điện thoại nhưng cuối cùng là vẫn giật mình không 🤣,0,0,0.189900665083527
per nghe chưa nhân viên mới ... kk,0,0,0.05989647746200475
đáng yêu vãi =))))),0,0,0.016219169921311286
nó bể 1 phát lúng tới cổ dume tởn tới già,1,0,0.06884271509503252
cảm ơn những người thả 😡 nên mình biết là đéo hay nên mình đéo xem . may vãi,0,0,0.06211139363681347
đồng nghiệp nhắng nhít nhất hệ mặt trời =))),0,0,0.03059341168631896
giống thằng này vãi :))),0,0,0.049784501697260376
lò xo chắc giờ không còn nữa rồi,1,0,0.228571104959726
đơn giản là thấy họ cười 😂😂,0,0,0.20564299912377657
hú hồn lon vẫn còn,1,0,0.07015602996439053
"diễn còn cứng quá à , kiểu biết rồi mà còn giả bộ bất ngờ :))",0,0,0.046275325581678746
công nhận nó phê như vậy thật 😂,0,0,0.03369312365508432
per đã hiểu sao hè năm ngoái có quả lịch học vãi chưa =)),0,0,0.08067261833674622
chúng ta nói với nhau nhiều quá nên bao giờ không còn gì để nói với nhau 🙂,1,0,0.12744819776484317
hôm ấy tao chân ướt chân ráo từ quận 6 lên quận 3 cũng rẽ trái đoạn ntmk và cmt8 . mất 3 lít :( khôn hẳn ra,1,0,0.11342160879286663
rồi mấy đứa chân ngắn đi chắc dập người hết . bay qua sao nổi =)))),1,0,0.054891090462137984
vui tính tí cũng khó cơ,1,0,0.08766033868158783
"dân vũng tàu có khác , toàn người nhân cách cao",0,0,0.05326828457666872
"dăm ba cái thể hiện tình cảm này ngày xưa tao đầy , nhưng từ ngày cưới xong đi qua đường chắc chồng tao rơi mất não nên chưa thấy lặp lại bao giờ . 😌",1,0,0.25876706327646193
chưa kịp đặt chân đến chiêm ngưỡng nó ...,1,0,0.07142055334814754
per thế đéo nào mình chơi với toàn gái mà tính vẫn giống con trai . _ .,1,0,0.11942144256068125
đã sợ rồi .. cố gắng hí mắt để xa ra để coi như thế nào .. khúc cuối hết hồn dục luôn cái điện thoại :))),1,0,0.11613665107939025
per xem đi haha,0,0,0.040058930202933184
chỉ mong có người đến cuối đời vẫn yêu mình như ngày đầu tiên ❤,0,0,0.19036681243765818
per viêm màn túi cấp nghiêm trọng,1,0,0.06067567698289771
chiều mưa hứa tự sẽ tự đi mua đôi giầy mới 😂,0,0,0.19174690183877055
vâng em gặp anh rồi mà giờ đây em vẫn cô đơn đi lang thang tìm những thứ vô nghĩa lấp vào nỗi cô đơn ấy,1,0,0.295237681551547
mình cũng một thời gắn bó với nó,0,0,0.3788348940373744
nhện thông minh quá per,0,0,0.0720583949318971
mình thiì chưa năm nào được trọn vẹn,1,0,0.2097137854167166
số hưởng rồi tránh sao nổi :d,0,0,0.14033354655455357
ước mơ nhỏ nhoi của tao là được làm chị mà không thể nào làm được huhu,1,0,0.2230959971584932
cô ấy không yêu tôi,1,0,0.11233027802004644
tạm biệt ông 😢,1,0,0.3724077475893059
nguy hiểm thật ... suýt nữa tao ảo tưởng con mẹ nó luôn rồi ..,1,0,0.2755055160357956
"nhà tao bên cạnh phòng tập gym , lúc trước bán dụng cụ thể thao ế vãi ra , nợ nần chồng chất ! từ ngày chuyển sang làm đại lý dầu ăn , gia đình tao phất lên trông thấy !😂😂",0,0,0.20408295333330603
per hồi đó mua điểm đại học nè 😂😂😂,0,0,0.07473005065647757
nó lại hợp lí vãi,0,0,0.06572020782159582
"per hihi học ở đâu không quan trọng , quan trọng là bọn mình luôn có nhau hihi",0,0,0.08506353680940938
"may công an đến bắt chứ không thì dân chỗ đó cho vào nồi cả rồi , đã có người cắt cử nhau đi mua giềng mẻ rồi đó chứ 😆",0,0,0.1096002093444431
"eo ôi thằng nhóc áo xanh cuối cùng , sao này lớn lên chắc là sói ca haha",0,0,0.09215618953644042
"thôi bảo em gái xuống ngủ với mẹ đi , còn em percó sợ ma không ? thì ngủ với anh . hehe",0,0,0.16261748657465577
càng thân thiết khi quay lưng càng đau lòng .,1,0,0.2116402575634009
per nhìn đẹp thiệt mày,0,0,0.06291607009048923
😭😭😭 sinh lão bệnh tử hẹn gặp kiếp sau,1,0,0.20097334159054517
nghiệp hơi nặng nha !. làm hết hồn,1,0,0.10828484324895657
đúng là khổ trước sướng sau thế mới giàu =))),0,0,0.06523068660249855
nt thêm cái dạ vâng thấy quý vãi,0,0,0.07496818922217513
"200 năm xây dựng , tồn tại 800 năm , thật là tiếc cho nước pháp .",1,0,0.20096525266338042
hú hồn chim én :)),1,0,0.04286646840570521
đừng bỏ tao ra đi mà,1,0,0.08456079647394409
"gặp tao , tao ré cái hoảng mất :(( đáng sợ qué",1,0,0.28724147882353435
tự nhiên mình xem và mỉm cười theo .,0,0,0.253736705135145
cái máy này có thật thì bọn chính trị gia sẽ ăn cứt hết 😂😂,0,0,0.070852443358177
per hãy cảm ơn tao đi hâhah,0,0,0.029936922138150735
chú nghĩ cháu rất giỏi văn và là người có suy nghĩ trưởng thành rồi 💐 rất đáng yêu và tếu giống mấy con giặc nhà chú ❤️,0,0,0.048136683231415886
cần lắm nhiều vụ ly hôn như thế 😂😀😀😁🤣🤣,0,1,0.5281585124635165
cái đoạn nướng cháy pizza để phốt công nhận là chuyên nghiệp thật :),0,0,0.02140268547302603
và mày chợt nhận ra người yêu củ của mày có người yêu mới huhu,1,0,0.043019493114859815
"con bé xinh nhờ , khốn nạn là cái thằng edit video ý :)))",0,0,0.028566725906148772
đây chính là lý do tao giảm cân toàn thất bại,1,0,0.3881639801368466
chưa bao giờ còn yêu nhiều hơn thế 😍😍 bởi cha mẹ cho tôi tất cả,0,0,0.27773980117913516
"giờ nghĩ lại mới thấy vui thế , đến nay bạn bè lập gia đình cả rồi :(((",1,0,0.17555214839673963
per đồng nghiệp tốt giúp ta dễ vào nhà thương điên kkkk,0,0,0.04451051453715758
thằng nào chưa bước vào quán bar hay karaoke giống tao không 😂 trai ngoan điểm danh 😄,0,0,0.08412829864969373
per đưa anh nè không cần năn nỉ . chỉ cần em cởi hết đồ ra thôi . đúng không,0,0,0.11994050123609923
tuyệt vời . aeon mall có khác,0,0,0.01405844071294164
trải qua một cuộc bể dâu . những điều trông thấy mà đau đớn lòng,1,0,0.2849960196335846
hè về chỉ thích ăn cái này .,0,0,0.14759633703521252
tư ̀ hô ̀ i ba ̣ n â ́ y chuyê ̉ n trươ ̀ người thi ̀ chă ̉ người co ̀ n ai đô ́ i xư ̉ tô ́ tao vơ ́ i tao như vâ ̣ y nư ̃ anh . :(,1,0,0.13320429193230196
"mặt đúng kiểu , em hiểu cảm giác phê của anh không kkk",0,0,0.26309320862852015
thỉnh thoảng lại xem lại phim này quá hay và ý nghĩa,0,0,0.051616927550582066
tận cùng của tan vỡ ah có biết là gì không ?,1,0,0.1558209851004725
không muốn huhu,1,0,0.33179307526756974
đầu năm chúc đại kỷ nguyên vạn sự như ý nhé,0,0,0.05045428939312211
loài này bé như ngón tay phàm ăn lắm sợ luôn,1,0,0.213250861439152
rút kinh nghiệm năm ngoái 😂😂😂😂😂👍👍👍,0,0,0.11874100076548703
trông tội vãi,1,0,0.07017244962640226
yêu dã man kkk,0,0,0.06671514469426147
nước mình chả í thức gì cả xả rác bừa bãi để trôi rác đầy đường thể này thật buồn,1,0,0.09329035013387467
nghiệt ngã hơn là phi hành gia đéo tuyển mấy đứa lùn :((,1,0,0.09355340930103817
kiểu gì chả chết ? đá to như kia thoát sao nổi ?,1,1,0.7150748590111097
per 2 ly trà sữa bạn làm rơi mà chưa thấy bồi thường lại mình 😞,1,0,0.10668665519893797
cái này thì ai chả đau lòng trời,1,0,0.1944907458414864
mày làm tao buồn đó per ??,1,0,0.2722717318276012
tao không sợ đi làm mệt mỏi tao chỉ sợ không có niềm vui với nó,1,1,0.6140588673955774
tao đã khóc khi xem phim nay,1,0,0.11067096099244617
mong manh dể vở 😂😂,1,0,0.1383827427060739
"chúng ta hầu như ai cũng dùng đôi mắt bao dung để nhìn một người xa lạ , mà đối với người thân bên cạnh lại chỉ nhìn thấy khuyết điểm mà thôi ..",1,0,0.17884669772282377
ewww mình chẳng giữ được gì huhu,1,0,0.31839740923952436
nhìn nó cưng quá,0,0,0.04317042256474956
mẹ thằng này nói tiếng việt tốt thật lại còn nói được cả giọng phú yên nữa chứ,0,0,0.1042092840403942
tiếc quá ! nguyên nhân,1,0,0.05333686655081034
con mèo đág yêuc quá 🤣,0,0,0.11566294401839042
khổ thân em ý .,1,0,0.38148833884925504
cưng quá mà,0,0,0.07463945359434256
per sao tội vạy em,1,0,0.11522309185986185
"per :))) tuy anh hay bắt nạt , giấu đồ và ăn bòn đồ ăn của em nhưng nếu thiếu anh thì công việc sẽ trở nên căng thẳng phết đó 😭",1,0,0.12366642021660053
má như người yêu ??,0,0,0.051613141519320914
chỉ để nhìn cái thôi :)),0,0,0.04412477692092252
có người đến gần cuối đời rồi vẫn còn khổ ! :(,1,0,0.3089200749427939
ôi gu mình !! mà phim lâu quá rùi giờ mà đóng lại bản khác thì không biết sao haaa,0,0,0.07474714212262995
kinh khủng,1,0,0.3749079121282016
c trai như thế nào tuyệt chủng rồi :),1,0,0.12309666396138232
tao cũng đang là con ghẻ của tạo hoá,1,0,0.2643246035000469
lấy ống hút mỗi đứa cắm xuống mà hút thôi :)),0,0,0.1368442680187618
sau khi đọc bài của mày tao cười nhiều quá và gãy mẹ hàm cái à,0,0,0.19066138830905932
mệt vãi .. mà cừời cũng vãi ??????,0,0,0.14819876517851327
đã từng nên tao hiểu cảm giác ấy . vừa tiếc ly trà sữa vừa phải lết xác đi giặt cái balo,1,0,0.21854891291008086
tạm biệt ánh sáng của đời tao,1,0,0.37680689895466957
đau bụng vãi hix,1,0,0.10593186764384183
"ai cũng chỉ muốn cho con tất cả nhưng vì được không có mà thôi , có con thì mới biết lòng cha mẹ",1,1,0.6278269410816884
"nhớ quá , độ chục năm không đi soi ve rồi :((((",1,0,0.10773213157942786
"k có con gì ác bằng con người , các con bé như thế mà nó không tha",1,0,0.12856701246602023
đáng tiếc đời không như là mơ . thực tế sẽ vả vào mặt cho mày tỉnh ra :(,1,0,0.24864743125783156
nhờ cái bếp như này . mà hồi nhỏ tao suýt đốt cả nhà và bị chửi đó :((,1,0,0.2580192945374821
còn tao thì còn không có nổi 1 người tỏ ra thân thiết quan tâm cơ . _ .,1,0,0.3189303575330782
và hơn hết là tụi nó không còn coi mình là con gái nữa,1,0,0.26189399756054155
nhà có người già vui thật nhỉ 🤣👍,0,0,0.03491130425646068
hiếu nghĩa . nhìn cái này nhớ mắc cười má đào chúc quá 😀😀😀,0,0,0.03945564743393167
cách người ta phản ứng cũng văn minh ghê ❤️,0,0,0.06780368594071007
rồi lỡ ai có bầu mà đi qua không biết nhảy kiểu gì nữa 😂😂,0,0,0.21702583565615977
"cứ thấy nó là đi đường vòng , dù đường hơi xa vẫn đỡ hơn bị nó dí =)))",1,0,0.05494957495459538
cũng muốn kết hôn lắm mà đến giờ vẫn chưa có người yêu 😭,1,0,0.19949728988975504
2 đg thẳng mãi mãi song song không bao giờ cắt nhau hix hix,1,0,0.22926968632294695
mẹ thấy đơn giản không ? đấy giờ chỉ việc lên số cái .... lên ...☝️☝️,0,0,0.1635817918164527
thực ra chỉ cần nhập đúng input là được thôi mà :d,0,0,0.17715508438732494
coi phim này không .. dễ thương lắm ..,0,0,0.11462032565294988
thương mấy anh quá mà tao không kiềm được vẫn phải thả haha,0,0,0.05311240612305723
này gọi là theo kịp thời đại :)))),0,0,0.08154939160023472
có người sinh ra đã giàu có người làm cực khổ cũng không thể giàu . thương ông,1,0,0.2669189764152828
"hồi lớp 1 đú theo lũ bạn về học nấu . thế là cơm sống , sợ quá vùi gạo trong đống tro",1,0,0.19688042794647048
"tao cũng hay nằm mơ con mèo của mình nó về , tao tưởng thật nên khóc cả trong mơ lẫn ngoài đời . nhưng nó đâu có thể về được nữa ...",1,1,0.5940939867783311
mình nghĩ đợt này bà per thua rồi . đuối lý lẫn truyền thông yếu,1,0,0.048480098480766516
đến gần đoạn cuối tao tắt âm xong vào xem bình luận rồi mới tua xem lại để minvolum . iq + vô cực chuẩn mẹ rồi,0,0,0.3213427049222643
vừa sếp vừa đồng nghiệp tốt thì đi làm như là đi chơi 💃 bonus 6h chưa hẳn đã muốn về,0,0,0.12432231406173601
coi phim này mà ứa nước mắt 😢,1,0,0.09384612967763895
đm hú hồn,1,0,0.10596114356697928
lâu rồi không được nhìn nụ cười ấy,1,0,0.23469839447469865
"đỉnh rồi , hiệu ứng tốt :))) ấn tượng vãi_chưởng luôn",0,0,0.03744228288390194
nó mà nhập viện thì xong đời tao . n 😂😂,0,0,0.05597514581512426
"hồi nhỏ bà mày có cho một con ngỗng mình tự tay nuôi nó . từ ngày đó nó đeo mày như chó mèo vậy . nhưng khi lớn nó lại mắc bệnh mà mất . giờ cũng hơn 4 , 5 năm rồi những nhớ nó lắm 😓",1,0,0.4029804952622752
"cùng cười cùng khóc cùng vượt qua khó khăn , đau khổ nhưng cuối cùng lại là con số 0 :)",1,1,0.6516955111097522
"sống trong một gia đình nhiều áp lực và lúc nào cũng chửi bới như vậy , tạo hóa đã ban tặng cho em bộ nhá khá là tươi để cân bằng cuộc sống",0,1,0.7751360766567049
trời . cưng chết được,0,0,0.34942337832658216
ám ảnh thật sự,1,0,0.3012307913667862
sống 17 năm chưa crush ai bao giờ,1,0,0.2989657900464528
lụm điều cho ba má . 2 ngàn 1 ngày bỏ heo đất . thằng hàng xóm vô trộm mất . khóc lóc mấy ngày .,1,0,0.34770337405811114
"miễn sao có tiền ăn bánh trung thu , mua lồng đèn , đi du lịch =))))",0,0,0.0490032376783996
"hôm bữa 2 bình siro dâu thấy tiếc , nay bình mật ong còn tiếc hơn",1,0,0.06887023760228411
tao còn phải đợi 3 tháng nữa là đủ 1 gia đình nhỏ rồi,0,0,0.44644622660575717
chú này tội lắm á :(,1,0,0.2462232117641727
"yeahh , được mở lại fan cứng rồi =)))",0,0,0.04728769509060728
dỗ lại dễ thôi mà . nhỉ nhỉ 🤣🤣🤣,0,0,0.05126868738858034
"tao nghĩ chắc do kiếp trước mình tu chưa thành tâm nên kiếp này cuộc đời tao như 1 trò đùa , tạo hóa ghẻ lạnh . chán đời :)))))",1,0,0.1340500502466291
ph :)) phê hơn cả cần nhé . nên mua cái này về dùng tốt cho chó và người :))),0,0,0.012686828344923417
ưới gì honey của mình sau này cũng thế,0,0,0.22202812229890576
"per nhớ ngày tháng cta bên nhau ghê , giờ thì chả còn gì",1,0,0.0989363305346268
tao . đôi lúc nghĩ lại thì tao vẫn thấy sợ tao lúc tức giận .,1,0,0.2043481821922351
mùa mưa đến sớm rồi huhu,1,0,0.17259026366850885
xem video không buồn cười lắm vì chửi thề quá xá .. cơ mà đọc bình luận của các bạn cười đã luôn . kkkkk,0,0,0.16625326936456805
"tuổi thơ của tao sợ nhất là con này , không làm gì mà nó cũng rược , suốt ngày thì kêu um sùm",1,0,0.24758570780424188
giỏi thật chứ đùa . biểu cảm gần như 90 % chuẩn mẹ rồi . thằng quay và edit cũng ghê luôn . nhảy cũng tốt ra phét chứ -.- ác thật,0,0,0.1762868263799411
"cay mắt lắm , mà nhìn nó lại nhớ nhiều kỉ niệm",1,0,0.03596438404822703
"tau sẽ phun thuốc kích thích , 2 nam nữa sẽ dài hơn ong nay ... sẽ được vào viện bảo tàng .. 😂😂😂",0,0,0.17033917001770363
"vị nước mắt , dù cảm xúc như nào thì khi có nó cũng thật đáng nhớ !",1,0,0.22700785915587787
thế này mà mày vẫn còn buồn thì ...,1,0,0.2975938848904434
anh thíck kiểu tra tấn hằng ngày :))),0,0,0.09727833390544947
per em đã tìm ra giải pháp thiết kế rồi nhé :))),0,0,0.048026015143396286
chủ tịch giả vờ luyện vỏ và cái kết sấp mặt luôn haha,0,0,0.04832356347794005
per ru con để vợ đắp mặt nạ kìa ?? đúng là chồng người ta chưa bao giờ làm mình thất vọng ??,0,0,0.2378924973734278
"ở trên mái sảnh nhà tao cũng có một con nhện mẹ tao bảo tao giết nó ( hờ hờ ) , còn bố tao bảo "" mày cứ đi qua là nó rơi giữa đầu """,1,0,0.3561457074931171
per hàng hiếm nhà mình,0,0,0.1406035572016222
cung quá ak,0,0,0.09003508970755685
sao bao nhiêu năm kể từ ngày đó em đã không còn nghe lại nữa :((,1,0,0.4604466947504798
đôi khi đi tù chỉ để thoả mãi thú vui,0,0,0.28002781831596735
nhà tao có nhưng nó rỉ sét hết rồi :((,1,0,0.21188698847885004
per không cho anh đi tập đâu nha mất bồ như chơi,1,0,0.06143015636411697
trong nhà không biết có ai không nữa ? sập quả này sợ thật đấy,1,0,0.2011637736924641
ăn vào lại thức dậy ở một nơi xa thì bỏ mẹ :)),1,0,0.09887962804553611
per tiếc cái gì đấy bố nó,1,0,0.051785520487085415
chuẩn bị kiểm tra hình huhu :((,1,0,0.16600692597720326
mèo nhà tao gửi 10 ngày về ăn tết lên nó thành mèo hàng xóm này ( nhà hàng xóm bán cá ) :((,1,0,0.16748738837603697
giờ mới hiểu tại sao lúc đầu nhà hàng không cho đặt chỗ ..... má nó li hôn 3 lần rồi lần nào cũng phải giảm giá 30 % nó ly hôn thêm vài lần nữa chắc sập bà nó tiệm,0,0,0.4997152532341699
"đêm hôm coi lại , cười mún rụg rún",0,0,0.18848450909766443
tao cũng hao mòn nhan sắc như này,1,0,0.11402831865860191
người ta kê bàn ghế ra chả nhẽ lại vẫn nằm đất để nhìn mông người khác ngồi :))) pha xử lý rất cao tayyy,0,0,0.030723832870776728
chỉ cần nhìn họ thì đã thấy tim đập mạnh rồi =))),0,0,0.03919563112476845
"khuôn mặt ngây thơ vô số tội , trái tim nhỏ bé của tao sao chịu được ❤❤❤",0,0,0.12912002381308624
"có lần ba tao mua bánh kem sinh nhật cho tao , lúc đấy tao 13t nhưng khi ba tao mua về thì lại là 15t 😶",1,0,0.15092009642343812
nghe nói 2020 hơn 4tr đàn ông sẽ ế vợ . mình chỉ việc chờ thêm 1 năm nữa thôi là đăng tin tuyển chồng 😂😂,0,0,0.17159150777247212
"vừa về xong , phải nói là đông vãi đông chứ không phải đông bình thường =))))",0,0,0.1510181773756771
disss giật hết cả mình .:)),1,0,0.10201038072859904
ăn vải nóng lở hết miệng ra đây này,1,0,0.23475394039064432
idol có skill mới chất quá 😂 1 cú đánh mông thôi mà đối thủ bay sấp mặt luôn luôn 🤣,0,0,0.06626239615068989
tan tành rồi .,1,0,0.1457303266338007
rồi tôi sẽ hết được uống nước ở đây nữa :((,1,0,0.37709345413942996
per coi chừng bị vậy nha chưa haha,0,0,0.05262994523143254
tao không theo dõi phim . xem bập bõm mấy tập mới biết em nó là con gái 😅.,0,0,0.04782996004503164
chỉ thấy dễ thương và xinh khi crush thôi khi hết crush thì có cười nấy cười nữa cũng không có cảm giác,1,0,0.2658421552930913
chị khổ mấy cô giáo viên giám đứng ra tố cáo . sau này bị làm khó hoặc trả thù,1,0,0.23424519997204554
đi đâu cũng ngó ngang ngó dọc để được nhìn thấy crush 😂 ngóng nó đến mức cổ dài ra hẳn mấy cái 😂,0,0,0.0727367472181295
tác phẩm nghệ thuật chất lượng cao hiếm hoi của điện ảnh việt nam nhưng không được công chúng quê nhà đón nhận,1,0,0.0353296413489246
thương .. hy vọng sớm có người cưu mang bé,1,0,0.15183529141386343
tao thấy cảm động vãi .,0,0,0.12150319752857743
bây giờ mình 56 tuổi vẫn dùng để bắn bọn chuột neo dình sơi chim cảnh rất hiệu quả các bạn ơi,0,0,0.04668721757224609
êu ơi sao con mụ này không gặp mình nhờ :))) ước gì có con mụ thế này tông vào mình ý :)))) klq mà giọng bé quay video đáng yêu thế ❤️,0,0,0.022717097197285846
per xem đi mày sẽ sướng thi nhìn con nhện bị giết 😂,0,0,0.09052291982840145
tôi đã đúng khi đọc bình luận thay vì đọc bài :),0,0,0.05369134221831318
mạnh vỗ tay 👏,0,0,0.06906343100065747
couple cuối . yêu chết đi được,0,0,0.21448045249983233
"t đã hối hận vì nói ra , để rồi bao giờ tao với cô ấy chẳng còn thể nói chuyện như trước nữa",1,1,0.5111874356957994
k nuôi thì cho người muốn nuôi đi chứ để em nó bọ ve tùm lum sót quá ????,1,0,0.1149630428388019
đây là lần cuối cùng các bạn nhìn thấy anh ấy :d,1,0,0.07142645221722371
tao ngự ở trong uống nước cho nhàn thân rồi,0,0,0.3283270801571646
không phải crush :v nhưng mà nhìn ổng cười mỉm nhìn cute vãi -.-😑😆❤,0,0,0.05900910629247012
có ai như tao không đọc đề thì quen nhưng lại quên phương pháp giải . chắc mất gốc rồi :((,1,0,0.2047259462222104
hahahaha tao mắc cười ghê . nhớ cái hôm sinh nhật tao ghê . chắc mấy mẹ ở guru cũng rủa dữ lắm hahaha per,0,0,0.13513024340335233
chờ có người giận mà không được,1,0,0.12331593578399319
per khi ế nhưng vẫn phải giương mắt nhìn bọn nó ân ái,1,0,0.04072918437412411
có ai ngu như tao không đơn phương con nhỏ cạnh nhà 4 năm mặc dù nó ngồi chung bàn với tao suốt mấy năm cấp 3 :(((,1,0,0.2010000262573594
1 lần thôi cũng đủ xao xuyến anh rồi,0,0,0.16721208466099202
nhớ lắm .. cay mắt lắm ....,1,0,0.3212515342150987
bà xinh thật sự ❤️,0,0,0.07826003104691051
nếu là tao thì nhảy cẩng lên chuẩn mẹ rồi :)) má nhìn trong hình tưởng ma thật ở ngoài đéo biết như lào luôn ớ,1,0,0.2095574470431365
yêu thế nhè 😍😍😍 có em gái chắc cũng vui lắm,0,0,0.08487355826726808
tuổi gì so với anh ! :) haha,0,0,0.05847899700472793
"làm pv quán karaoke đi rồi khổ hơn nữa , toilet danh cho nam chỉ đứng tè , vậy mà nỡ lòng nào mấy anh ngồi ỉa 😢 thiệt chứ gặp cái mún khóc lun …",1,0,0.15055005347890973
"đến giờ , em vẫn đang đợi anh , người sẽ đúng và thời điểm sẽ đúng",0,0,0.14771754781431382
mấy lần đi ngang hết hồn,1,0,0.100044217746275
đúng là tấm gương xáng để con cháu noi theo =)))))),0,0,0.032933112259687695
hôm qua tao xem xong ngất xỉu tới giờ mới tĩnh chúng mày ạ 😌😌😌,1,0,0.04983195719405339
"giọng nói , ngữ khí đi vào lòng người vãi . mắt chị gái đẹp thế 😻",0,0,0.09375594145392656
không khoe thì không sao . khoe ra mai lại còn cái gốc ... haha 😁,0,0,0.07696832950039136
hoan hô anh 😂😄,0,0,0.079718755655813
căng thẳg quá mà,1,0,0.1409851526445316
"phàm việc quan trọng trong thiên hạ , cứ về hỏi vợ , vợ nói sao cứ làm ngược lại chắc chắc sẽ đúng !",0,0,0.21880618796447013
cũng xinh mà ?? lai cỏ có lẽ sẽ khỏe mạnh và đỡ ngáo hơn ??,0,0,0.11739827835752138
thế giới này thật đáng sợ ai chả đĩa bay cho tao về hành tinh tao đi,1,0,0.31054604847720574
mình bị say xe bạn à :(((,1,0,0.31639618569573763
tí nữa vợ nó vắt chân lên cổ bò thì hú hồn,1,0,0.11105880350768342
tao cay mẹ khoé mắt,1,0,0.2911412584749168
mấy anh thiệt là nóng bỏng !!,0,0,0.05057395822358341
per chị rep khách hàng thế ấy hả 😞 bị bóc phốt rồi,1,0,0.13683385281900778
tao buồn mấy năm nay rồi,1,0,0.23197300968764778
"lúc nhỏ nấu bằng này không , nấu hơi bị ngon , tạo cơm cháy ăn bao riềng",0,0,0.20907136138371032
yêu em mọa mọa 😘😘,0,0,0.05650132173415873
tình yêu là một thứ cao đẹp hãy trân trọng nó .,0,0,0.06570249673269093
yêu quá đi mất . tuổi thơ của mình toàn nện mấy thằng con trai . trong lớp mình toàn làm xếp nên chẳng được giúp đỡ,1,0,0.2825597506749354
per đồng nghiệp không tốt ta có thể bị chửi và ăn đòn từ sáng đến tối 🙄,1,0,0.12561250770007165
những cử chỉ đẹp làm từ thiện cho người nghèo hay thiếu đến lấy thừa đi đến cho,0,0,0.033104269798171895
"nói gì , em trai tao cắt tóc xong là tao đè nó ra chụp hình . cảm thấy nó cắt tóc xong là đứa nào chứ không phải em tao =)))))",0,0,0.12865176034056955
nghe cũng đúng đúng :)),0,0,0.04812018799310894
ngưỡn mộ chi lâu lắm oy . mà giờ biết thêm nhiều về chj nữa nên càng yêuc chj nhiều hơn 😍😍😍,0,0,0.1977036733073282
còn nhiều người có cuộc sống khốn khổ hơn ta :),1,0,0.23917225403059988
""" vậy là đủ tuổi ngồi tù rồi nhỉ ?"" , mặt anh rất tỉnh và đẹp zai =))",0,0,0.07521818637038959
nghe lại mà nhớ những ngày tháng say đắm trong nỗi cô đơn,1,0,0.14556636545966567
công nhận ngầu thật,0,0,0.06336542417888248
đến ngày sinh nhật mà còn không nhớ thì còn nói gì nũa,1,0,0.15504123643881312
"là thằng đàn ông phải có bản lĩnh từ khi còn bé , thay vì hay bắt nạt , quát tháo đàn bà thì hãy là người che chở , yêu thương !!!! mong con zai của mẹ sau này cũng như mấy anh này .!!!",0,0,0.054597688514853346
tao thì nói xong lại thấy người ta không hứng thú thì lại lượn,1,0,0.0791704535396629
khi bạn muốn lầy và cũng có người lầy cùng bạn =)),0,0,0.2005290806971727
"ba mẹ mình nhớ tất cả ngày tháng năm sinh âm lịch , giờ sinh , tên tuổi ...... của 4 chị em .....",0,0,0.29726121736951
"per nếu có khi nào thấy bản thân vô dụng hay là thất bại , thì hãy nhớ có những người chế tạo ra mấy cái của nợ này . =))",0,0,0.14434975962976518
bể mẹ cái kính cường lực mới dán :#,1,0,0.246458526564921
per cái gì mình không làm được chứ đánh cái lũ đéo phải người thì mình làm tốt kkk,0,0,0.15513977128930606
"lúc trước chạy xe đạp đi ngang qua đàn vịt có mấy con ngỗng lẫn trong đó . thế là dume tụi nó rượt tao vừa chạy vừa la cái thứ âm thanh nghe "" ứ ứ "" "" hiếp em đi "" làm tao sợ tụt lol :))",1,0,0.13114893507849423
cưng hết phần thiên hạ,0,0,0.1555938098386302
được cái công tác truyền thông tốt,0,0,0.015363465089218025
crush ở nhà chơi gane rồi haha,0,0,0.06186504344908215
dễ thươnggg,0,0,0.05416539326020188
nhìn sợ vãi ra,1,0,0.05920212488537113
đồng đội tốt ... nhưnh rất tiết chúng ta không có duyên 😀 kaka,0,0,0.031795244469344106
ơ tao đang mơ 🤩,0,0,0.2680719144902047
rất cá tính :v,0,0,0.03899174264895384
nhắn mà ấm lòng nhờ :))) ra gặp anh shipper đẹp trai nữa thì chủ thớt rụng hết buồng trứng :))),0,0,0.03717897263760999
tưởng tượng mà dưới sông có cá sấu nữa chắc hết dám đi,1,0,0.19201453125360574
"xời tưởng gì , cái này tao làm được =)))",0,0,0.07443303460243642
xây 1 được 2 nhà :)) chủ nhà ấm vãi :)),0,0,0.0351565875455009
giống tao . nhưng cô ấy có hiểu đâu,1,0,0.28894021730469654
đau đớn hơn còn là khi làm bạn cũng khó và gặp nhau coi như người dưng nước lã,1,0,0.18735278103953704
"hồi đó đã undercut , bảnh vãi .",0,0,0.07020254102976185
đau lòng qá huhu,1,0,0.21334532737055062
mong anh có thể đạt được ước mơ của mình .... cố lên,0,0,0.15065345591473833
còn gì hạnh phúc hơn trong cuộc sống này ♥️,0,0,0.33081761519299824
thèm được bố chửi 1 lần 🤤🤤,0,0,0.40515703327670577
tao lại sợ ngôn tình quá cơ 😒,1,0,0.09663154575966494
đỉnh cao :)),0,0,0.02714217423396673
waooooo . hợp lí ghe,0,0,0.12049912762454489
tao mới mọc răng khôn huhu,1,0,0.08639541105315998
thực ra em mới đang phải là sự lựa chọn chứ không phải là người được lựa chọn đâu 😌.,1,0,0.3191105820569948
đã từng . hix,1,0,0.13902678200859772
"nói chứ uống đi , 1 ly thì giảm ăn một bữa sẽ không khiến mày phì đâu .",0,0,0.43375018876786164
quan trọng là có per luôn tạo độ khó game cho tôi :))) và không thể thiếu sự trợ giúp của các anh em trong team 😂,0,0,0.11378786037410162
tao thấy buồn cười vãi :)),0,0,0.12353287502035651
tao biết là có ý tốt gởi thông điệp ý nghĩa nhưng nhìn cứ sợ sợ lại còn sấm chớp :<,1,0,0.10034622590889107
vừa thấy thương vừa buồn cười vãi :))))))),0,0,0.11120184389168335
ước mơ tao 🙂 chỉ có thể sao chép lại và tao lên màu cực xấu !,1,0,0.1957474421590209
per đau hơn chia tay người yêu nữa,1,0,0.05474236180649351
mở máy lên .. rồii lại đặt xuống ... cả ngày nay tôi đều như vậy để chờ anh nhắn chúc tôi .. giờ này chắc anh quên ngày này thật rồi .. cô đơn quá mức rồi đấy 😭😭,1,0,0.22024933583088308
mink chỉ lo là nhà nước không đủ gạo nuôi mấy anh,1,0,0.18820265340663772
dell hiểu sao ngày sưa tao có thể cầm nó trưen tay đi câu cá 😳😳😳 nhớ lại vẫn thấy ớn 😂,1,0,0.0636575568907363
khi tắt đi mới thấy ngạt thở .,1,0,0.179583456985126
trung thu là tết thiếu nhi cớ sao người lớn lại vi vu thế nhỉ,0,0,0.0885232900541502
mình sống không đủ tốt hay sao mà vẫn chưa gặp được anh người yêu tốt như này,1,0,0.05731173981943175
chỉ cần yên bình như thế này thôi . ❤️❤️❤️,0,0,0.1431429387146401
"tỉ năm mới thấy cười một lần người gì đâu mà khó cười đến thế 🤨 chả bù cho mình , lúc đéo nào cũng cười , cuộc sống tràn ngập niềm vui < 3",0,0,0.4820345213823963
đau ruột với thằng số 9 🤣🤣🤣,0,0,0.12390971038333962
"dễ thương , đáng yêu , cưng ...",0,0,0.04074122952907232
"nhiều nước quá , lấy bát về múc nước ra thêm tí đường vào là có 1 bát nước gạo ngon lành",0,0,0.15010468553076256
tao nhìn tao thấy ghê vcd ấy 😂😂,1,0,0.044026910433020365
chính xác ! chỉ cần đồng nghiệp tốt thì mọi ngày đi làm đều vui 😊😊😊,0,0,0.07984302288965285
tin vui cho bà con nông dân chuân bi vào ngày gặt lúa sắp tới,0,0,0.09222931345834047
một cái ỉn mông xong hết 😂😂😂 dăm ba cái võ thuật 😂😂😂🤣🤣🤣,0,0,0.033899437582337294
"chiến tranh có gì vui đâu nhỉ , chỉ gây đâu thương",1,0,0.18123174970039826
đâu phải ai muốn thích tao cũng được đâu,0,0,0.4010568189948974
3 idiots ! phim hay nhất mọi thời đại .,0,0,0.06303668848215405
cuộc sống mà mấy ai được trọn vẹn 😢😢,1,0,0.29657508199318855
""" học từ bỏ những thứ trời không cho "" nói thì dễ nhưng nhiều lúc quyết tâm lắm vẫn không làm được .. 😢😢😢",1,0,0.4115794823055269
ngày xưa mỗi lần tao làm ồn là ngoại tao liền la hoặc lấy roi đánh 😅 nhưng lúc đó vui lắm 😊,0,0,0.4688811375045326
nàng ấy chả yêu ta gì cả,1,0,0.03574410447628854
mặt dày lại ôm cứng ngắt cho chị . 😆,0,0,0.07587501664741476
tâm sự không đúng người ngoài việc họ cười vào mặt bạn,1,1,0.5281982760654235
xem chỉ đợi đến đọan nó ngã để cười :)))),0,0,0.12066502843156784
nấu kiểu này ngon lắm luôn 😋😋,0,0,0.20921418486297141
kím cớ nói chuyện chỉ để biết người đó làm gì đang như nào . có vui hay buồn . rồi lại thôi,1,0,0.36815006922662424
per may cho bạn 😄😄😄,0,0,0.05646796401299843
"đù . tròn ung ủng , chân tay ngẵn cũn như tao nhảy sao",1,0,0.1370082707277981
xinh mà còn ngáo nữa thì người yêu mới cưng =)),0,0,0.0411708752487464
ông nào viết vui tính thế =)) cưng thật,0,0,0.07337107751128738
tuổi trẻ tài cao :)),0,0,0.022608469199923563
đó là những câu chuyện buồn mà :((,1,0,0.09783200463590112
per cái dume mày thấy tác hại của tập gym chưa,1,0,0.048945395618899074
thứ mà dễ dàng qa cũng nguy hiểm,1,0,0.07620871302464295
ngày ấy chỉ vì quá ngu ngơ mà để lạc mất .,1,0,0.22828955074748183
anh lấy đi niềm tin trả lại cho em những gì,1,0,0.13066771292577625
"hồi xưa vào trông nhà cho ông bà , thuê đĩa võ thuật này xem cho mạnh mé đỡ sợ mà thuê ngay đĩa này . ám ảnh quả nhạc tao tao téo vãi",1,0,0.04367581931556209
tủi hổ với bản thân ghê khi tao vẽ người mà mẹ tao hỏi : hóa ra đây là hình dạng thực của quỷ sao ?😑,1,0,0.15501650740501924
án mà cứ xử như vậy thì sao có được lòng dân,1,0,0.12016949675632034
đã thất tình xem pim này khóc cả đêm mất thôi mới đề mô mà đã khóc thút thít rồi chắc xem hết thì không biết pai làm sao ..,1,0,0.3588138847783814
áo phông dễ thương quá anh ơiiii,0,0,0.02771608694079065
đi chơi mẹ tao cũng không tha cho tao :) chửi tao làm mất buổi vui luôn á,1,0,0.18400912167585304
còn 1 tháng nữa thôi khép lại những ngày tháng vui buồn nhưng luôn có người bên cạnh sẻ chia không lo lắng của tuổi thanh xuân cái tuổi đẹp nhất của cng,0,0,0.2721550575467978
"vừa lắm ... cho chừa nè , ahihi đồ ngốc 😊😊😊",0,0,0.15109655778455505
"hồi xưa đi học mình ngồi gần lớp trưởng , tên này được cái rất ga lăng với bạn gái trừ mình .. huhu ..",1,0,0.14404057287173563
nếu chịu khó đặt vào hoàn cảnh của nhau mà sống thì mọi chuyện đã đơn giản hơn rồi .,1,0,0.12687990095649496
chỉ mong cảnh này sẽ không còn xãy ra ở xã hội này nữa . bất hạnh vậy đủ rồi 😞🙁,1,0,0.28097908076206995
đẹp trai v :((((,0,0,0.07121662273541203
gắp đúng lúc nhưng hình như đúng lúc người ta không muốn y ai ???? đó là 1 câu chuyện buồn,1,0,0.21689526141011245
boss dễ thương hết sức,0,0,0.14439883333554088
đến ông cũng chẳng dám xơi,1,1,0.5332321453431124
bộ phim việt lần đầu xem thấy hay cảnh quay đẹp !!,0,0,0.014861042123862894
vỡ tan là như thế ấy,1,0,0.13401686148579045
đúng . a có tầm nhìn . tâm nữa . mình biết,0,0,0.22674102921519065
nhìn mặt ông thầy cay lắm :)),0,0,0.11782145438373944
anh thứ 2 cute thế =))),0,0,0.04571349327469827
cả tuổi trẻ bỏ công cày . có cơ ngơi ổn định . r về già con cháu đuổi ra đường bắt đầu 2 bàn tay trắng . đời 😅😅,1,0,0.170168325818128
năm nay không được ăn dồi :((,1,0,0.14679365066757188
cưng xỉu ??,0,0,0.10313665853557324
tốt quá,0,0,0.026631810369354067
cứ thấy cute cưng cưng sao á .... có ai thấy giống per như tao không ??,0,0,0.16018847072816864
cảm ơn đoi tình nguyện viên nhớ có các bạn mà người dân bớt vất vả hơn,0,0,0.017692004764630585
per cho vợ đi cầu này để giảm cân nhá 🤣🤣,0,0,0.19444002737755878
hahaa nhìn mắc cười vãi per,0,0,0.08222066447311996
cái mặt cưng xĩu,0,0,0.12581094757589323
tao mà ở đây là sợ rụng trứng luôn chứ đừng nói ăn,1,0,0.12845344138279324
mình thì # mình chỉ mong chồng tốt thương yêu vợ con gia đình ! gia đình lúc nào cũng vui vẻ hạnh phúc thì ngày nào cũng là ngày ( tình yêu ),0,0,0.2622908205363458
rồi chưng ngắn như tao sao nhảy qua 😿,1,0,0.3016144783576667
đó là 1 câu chuyện buồn 😤,1,0,0.09883115207163388
kkk tao chọn anh đầu tiên,0,0,0.13996494656514546
kha ́ thông minh :)))),0,0,0.05712087323026855
per cố lên gần đến nơi rồi . vào trong này mời nói chuyện nhé . ngay cửa đền chính . có bãi gửi xe . hehe,0,0,0.1738688261165603
thật dume nge yêu thương gì đâu :)) bắn tim bụp bụp,0,0,0.036616531271974666
diễn viên có cá tính hay nhât từng xem,0,0,0.017589707010084197
per nhớ cái bếp huyền thoại của 2 đứa mình he,0,0,0.038140491340627906
haizzzz đó là 1 câu chuyện khá bùn,1,0,0.1112503582200841
per nghe đi rồi khóc 1 trận cho thoải mái . đừng cố gồng mình lên nữa,1,0,0.2547626887424153
gap kiểu này chắc đái ra quần quá,1,0,0.11077584084019246
"per đọc vài dòng là lướt xuống cuối để xem có phải "" hi vọng câu chuyện mình vừa bịa ra ...."" nhưng không phải . kkk",0,0,0.17542450000759666
hú hồn cái lồn còn nguyên :),1,0,0.05858493412457471
chờ tý tao đi thay bỉm xíu tao quay lại .,1,0,0.03132344906144759
đại học vui lắm cậu :)) weeee,0,0,0.11221939728854144
"những chuyện trọng đại trong đời ... ta cứ nghe lời vợ khuyên , và làm ngược lại ắt thành công ????",0,0,0.09661570324254626
liệu có còn tồn tại cô gái nào chấp nhận một thằng vừa nghèo vừa xấu đặc biệt lại còn yếu sinh lý như tôi không,1,0,0.30602419395730596
"thật là romantic , mà mà mà ... sao nghĩ tới cảnh động phòng hoa chúc tao thấy nhột nhột lỗ đít 😧😧",1,0,0.058104175056329865
nhiều lúc tủi thân vãi_chưởng huhu,1,0,0.3744855540913768
dễ thương vãi ♥♥♥,0,0,0.0524262762179434
tình chỉ đẹp khi còn dang dở lấy nhau rồi nham nhỉ lắm ai ơi ...,1,0,0.29829399612420665
thật buồn khi mình thịt vợ thang khác mà thằng khác thịt vợ tưong lai mình,1,0,0.14579966572317574
tiên sư cái thằng ghép nhạc cười rớt mồm quả ghép,0,0,0.041172046047179146
đáng yêuc vãi anh ơi,0,0,0.03653137393344851
một cái vẫy tay đầy luyến tiếc từ cuộc họp tới đất nước việt nam,1,0,0.09206850949575619
"chỉ cần cho em nó 1 điểm tựa , em nó sẽ không ngán cả thế giới :))",0,0,0.23348940704876747
đứa con gái nào mà đề nghị là biết bị ma nhập mà né nha mấy cha,1,0,0.10868357284738792
1967 mà cụ ông đẹp trai phong độ ăn mặc thời trang quá :)),0,0,0.09155222459664941
"tội mày quá , lần sau mày bình tĩnh hơn nhé",1,0,0.08048618877316038
per b trà ơi . năm nay là pải mạnh dạn và bất chấp nhé 🤣🤣🤣,0,0,0.059518455746818834
chính xác là con gái xinh auto đáng yêu =)))),0,0,0.01945415012343792
thích quá mấy má ơi ! @@@,0,0,0.08198572348585577
xinh quá !,0,0,0.08436538565019902
ước là 1 ngày mai thức dậy dụi mắt mãi chưa hết tuổi thanh xuân =)))),0,0,0.09231088334186897
cay mắt,1,0,0.19812892411423955
đụ mẹ cười ỉa ????????,0,0,0.16891005945442214
t không phải con sến súa . ko cần quá cầu kì lãng mạn . cầu hôn tao thế này là tao đổ rồi per,0,0,0.25626649422807307
đã từng . và bị phũ như 1 con chó 🐶😂😂😂😂,1,0,0.19232730357855526
tao đau lòng quá,1,0,0.20581896226928578
"ngày xưa toàn ăn cơm với nước mắt , ngày trước giận bố lắm , nhưng giờ mới cảm ơn bố vì như thế mới có mình ngày nay",0,0,0.29020950436361287
và cuối cùng là được đối xử như một thằng con trai luôn ..,1,0,0.27074360717959217
đứa nào bị táo bón thâm niên cứ ra cầu này mà nhảy đảm bảo hiệu quả ngay lần đầu trải nghiệm 🤣🤣🤣,0,0,0.31448927407264926
ê có khi nào đọc bài này xong buồn cười quá cười toác hàm có khi nào đi bệnh viện không các cụ :v,0,0,0.12438008993073268
cũng đỡ tắc hơn 1 tí,0,0,0.3338649884998917
áo xinh thế .. cho tớ mượn đi tiệc nhé !,0,0,0.0786651181635836
còn tao mỗi lần cắt tóc là y như rằng … nó tệ vãi :(,1,0,0.28519805227552497
per nhện kìa haha,0,0,0.06754262401345255
cả tuần không được nói chuyện,1,0,0.1524191834213482
ông này đẹp vãi,0,0,0.05974290217627093
nó cười với tất cả mng trừ tao 🙂,1,0,0.3617372916590707
"cấp 1 hiền lành ít nói , ngồi gần 1 cô bé cái gì cũng nhường cô ấy , nhường đến mức nhường luôn tập sách , để bà già phải dẫn ra nhà nó lấy lại ! 😂😂😂",0,0,0.08181759582877267
ng dân biết phải làm sao bệnh chồng bệnh,1,0,0.2708271350116592
2 thế kỷ mới xây được vậy mà chỉ trong 63 phút tiêu tan hết :(,1,0,0.16173510850849565
per trung thu đéo liên quan đến việc có gấu cho lắm bạn nhể .... nhưng mà lễ gì cũng thế thì đúng là bất hạnh mà huhu,1,0,0.1697315903162877
mình còn để ảnh bạn ấy trong thẻ học sinh xong bị thấy cơ,0,0,0.14931018949453964
per nhất định chị em mê tín mình p đi xem phim này rồi,0,0,0.04988502726200935
"gần 2 năm đến sớm nhất để mở cửa lớp , lúc về cũng là người là sau cùng để khóa cửa . đến giờ ra trường được 3 năm vẫn không muốn vứt chìa khóa của lớp ...",1,0,0.25955851385599
khổ thân các cháu,1,0,0.11605009922508461
t mong nó té quá chời :v,0,0,0.09929061073313966
điều tồi tệ nhất là kiểm tra code trên giấy .,1,0,0.3492745052425075
đã xem 2 lần bộ phim này 😁,0,0,0.07561212355053655
cũng tên quỳnh nhưng 2 số phận thật khác nhau 😢( chỉ mong được 1 góc nhỏ xiu xíu của b ),1,0,0.1357462612011442
cho con được thay ông bán vé đi 😔,1,0,0.04046485405008157
thế giới này thật đáng sợ :3 trả đĩa bay cho tôi về đi :3,1,0,0.33404330106273195
gì cũng được ?????? dễ vãi,0,0,0.058006014813760456
t nói té 1 cái không dập mề thua gì cũg thua ..,1,0,0.2778323622182846
"tao cũng như mày đây . không sao cả , hãy tự hào vì tên mày vẫn rất đẹp",0,0,0.27087945370660915
trách ai bây giờ đây huhu,1,0,0.3120753681636303
không lau sạch về bà chủ mắng thì sao . nhiều người họ kinh lắm . trước mẹ minh đi làm cho nhà 5 tầng . họ chỉ ở 3 tầng còn 2 tầng bỏ không . mà ngày nào cũng phải lau hết,1,0,0.30376575324730243
phim kinh dị vào cái trời âm u 😒,1,0,0.15769933441969525
mẹ mắng lúc sáng sớm là xui cả ngày :(,1,0,0.287950841333666
phụ nữ ngày xưa toàn cực phẩm :v,0,0,0.17393126649750404
cứ tưởng là người yêu =)),0,0,0.06582175945674734
đàn bà ở nhà thế kia không sợ ngoại tình à ? tao đang lo vợ tao đây này,1,0,0.2312337455813286
thời xưa yêu nhau đến chết vẫn yêu ... thời nay yêu không biết chết lúc nào 🤣 cuộc sống nay đáng sợ lắm 🤪,1,0,0.47285993889673783
lại mất tiền ngu,1,0,0.16327844029092345
làm bộ mặt ngầu cho thằng thỏ để ý mà thằng này láo ăn thiệt đéo cho mình ăn ké quê thiệt là quê luôn,1,0,0.07017691124344509
moá cưng quá ??,0,0,0.08565981637749781
"ai ở gần đó xin hãy giúp chú , thương chú",1,0,0.3860436610441563
bố là số 1 vĩ đại hơn những gì con cần,0,0,0.1436402575736669
"lâu lắm đéo được gặp nhện trong wc , quên mất cảm giác nhịn ỉa như nào rồi 😂",1,1,0.6261722660469632
sau cùng cả 2 đều bị ảnh hưởng trầm trọng :((,1,1,0.8477285456005249
lời được cánh của sắt tàu hỏa ngon rồi,0,0,0.1212467854986031
:v trời giờ mới biết thế giới có dạng hợp thể vầy đấy :v,0,0,0.13473639651386968
có ai đéo hiểu gì như mình không mình trong sáng vãi heee,0,0,0.41203158304388987
bà già đau khổ,1,0,0.1363190816367901
đag đi học mà gặp cảnh này :)) chắc chạy về cúp học luôn,1,0,0.029476898475309755
"bây giờ con đã sai vì đã chưa làm gì được cho cha , con thật sự xin lỗi cha và mẹ ,",1,0,0.4050022072496244
uầy . ngọt thế ??????,0,0,0.07029442081688786
nhìn muốn tè ra quần rồi,1,0,0.23660295512041496
quá giỏi . đạp đến ngất đi mà không quay đầu . sau này em sẽ thành công . chắc chắn vậy,0,0,0.05932828037988102
"dễ thương ghê =)) nói y như mấy ông ngồi nhậu trong bàn v "" đúng không "" "" đúng chưa "" "" vui rầu "" =)))",0,0,0.0583744941786503
per chuyện cổ tích nè ! haha !,0,0,0.03829521274340695
bây giờ thế mới biết tác dụng của con cái 😢,1,0,0.21392612490298543
bà mẹ nó @@ xem rùng con mẹ nó mình hơn cả phim ma .,1,0,0.0893740418546285
yêu thế,0,0,0.04240742427629725
"thôi xong 1 chiếc ôto . chắc tối nay ăn không ngon , nhậu không yên rồi .",1,0,0.06261820888271881
ấm áp vãi .,0,0,0.1866428364457082
per móc lên tới não :)),1,0,0.12174527137615412
bình yên thật,0,0,0.0641910292080804
"nói mưa là mưa v chời , tôi còn đi chơi đi học nữa mừ .",1,0,0.3085676496812206
lần đầu gặp anh cũng là phòng gym =)))),0,0,0.09516557316544058
có sáng tạo :)),0,0,0.03983471115463655
nhây qua ́ nhaaaa 😂😆,0,0,0.12168398704459812
per trời đựu cầu hôn nó phải thế . đã đẹp trai còn có não,0,0,0.14347306559688522
ăn ngon nhưng nóng không chịu được,1,0,0.33803449364997096
thế mà cũng 5 năm rồi . ❤️,0,0,0.2110195561453055
cám ơn đã cho tôi cuộc sống này,0,0,0.3570279867857241
cuộc sống thật chua cay với tao,1,0,0.42208968062942914
ôi đáng yêu quá . đến bao giờ người đàn ông như thế nào mới xuất hiện trong cuộc đời tôi đây,0,0,0.18422166009367713
t thua cả đứa con nít nữa ám ảnh vãi,1,0,0.2200474492781358
nóng như này ăn vải là thích nhất còn gì ... auto mát,0,0,0.16420043939307002
mê trai hơn bạn có thật :(,0,0,0.05702891656670246
nghe bạn này nói dễ thương zị,0,0,0.0820901825806433
nhanh ghê mới đó đã 9 năm rồi 😢,1,0,0.11893335351021375
bố mẹ tao đọc được tin này + xem cặp lá yêu thương nữa thì bữa trưa nay tao không dám ăn cơm mất .,1,0,0.17633344696538542
lựa chọn cách thức tuyển như thế nào thì tốt quá rồi,0,0,0.15424116185481507
"per cần thêm những trái dâu xinh xắn để ngăn chặn sự u ám này , huhu",1,0,0.15926878678645376
mày khá là may mắn khi không học tiếng huế đấy =)),0,0,0.0775174563241405
mình còn chưa được nắm tay,1,0,0.16987237413581482
con đáng yêu quá,0,0,0.023548492999119874
"per huyền thoại , kkkk",0,0,0.05816508815396188
có vợ nên lắm . váy mới ngày trước toàn áo chấm bi của mẹ 🤣🤣,0,0,0.42049881558197555
nhìn cái ngành gd việt nam bây giờ ai cũng mệt mỏi,1,0,0.32717453539810554
từ lúc có vợ nhiều váy mặc để quay video hẳn :)))))),0,0,0.05883559829619608
per mỏi chân quái :v,1,0,0.1969811766996418
"phim này nên xem và thuộc mấy đoạn thoại , rất hay",0,0,0.011618111474145239
cầu mong những công ơn sinh thành luôn mạnh khỏe .,0,0,0.050132675177801074
năm nào chả vậy :))),0,0,0.11627067689647283
anh chân thành nên anh tổn thương :((,1,0,0.13593272909447499
cả 1 đời người chẳng mong gì chỉ mong từ đây đến phút cuối vẫn có người không quên mình đã từng tồn tại,1,1,0.5466881003032283
xin lỗi mày nhưng tao đọc buồn cười,0,1,0.5142794476734445
vì tiền mà làm đau làm khổ người khác như thế này sao 😔,1,0,0.3058308048093949
"con mong bác dù nghèo nhưng sống luôn luôn vv , chúc bác 1 đời bình an",0,0,0.10563026870554339
tình cờ gặp nó và đột nhiên cắm mặt bỏ chạy như điên,1,0,0.15744522132838493
bà mẹ nó giật mình,1,0,0.11694993578804096
mấy nay tao cũng bị ám ảnh,1,0,0.2649582858890242
cái ngành tài chính của mình có chỗ dụng võ tốt rồi đây :)))),0,0,0.061011223383921113
":)))) cuộc sống mà . ngày càng thấy bản thân quá nhạt và "" duyên "" :v",1,0,0.11468954834783988
"per tặng quà cáp gì tặng hộp nhỏ thôi nha . đi hát hò gì đừng đem thùng quà to như vậy nha , nó biết nó nhổ trụi lông nó ngắt mép chết đó :((",1,0,0.07203886034680132
xin lỗi đây mình vẫn nấu nhé,0,0,0.11012704088509959
"ông sống trên vũ trụ , vợ ông sống ở trái đất , ông cao thêm 5cm là chuyện bthg 😂",0,0,0.0954033471698677
tao đã bị nó làm cho lầm tưởng rồi . tao thật ngu ngốc - _ -,1,0,0.28550867909022376
bấy bề ơi . thật là đáng yêu,0,0,0.023831197557477476
"con quỷ này hồi nhỏ tao khóc vì nó hoài , thấy nó không dám đi , bỏ đường phải vòng đường khác ,",1,0,0.17776576706805497
gắn bó thời sinh viên nè,0,0,0.12976377940999861
"per thấy chế thủ sẵn hộp mặt nạ rồi thì phải . tim em mong manh lắm , đừng để em hoạng sợ nhá chị ??",1,0,0.2823725018451215
"quần áo với xe thế kia là biết gia đình điều kiện tnao rồi 😂 anw , mong ông bà luôn khỏe mạnh , vui vẻ < 3",0,0,0.19770178973459332
sau khi xem ảnh này xong tôi quyết định ... mua honda :v,0,0,0.1258596429534651
"hiện tại mình cũng muốn kết hôn lắm . ngặt nỗi hai gia đình ngăn cản giữ dội , phản đối kịch liệt chuyện hai bọn mình đến với nhau :( nhất là chồng cô ý",1,0,0.36946615830996643
"khoảnh khắc anh quay mặt đi , con tim em tan nát vãi ra",1,0,0.18908780100743022
cảm giác tóc sau gáy bắt đầu dựng lên :))),1,0,0.2114531981719992
tao đã từng viết như thế này . bây giờ không muốn ai đọc chỉ có đốt mà lười đốt,1,0,0.3332141452980896
bộ phim ấn độ duy nhất xem được lol,0,0,0.06615626804418175
tuần sau nữa mới học =))),0,0,0.058564956407018746
mối nguy hại đó,1,0,0.052310988369004295
nhiều khi cũng muốn người yêu chọc để dỗi phát cho bằng người ta . mà nhận ra mình làm gì có người yêu 😌,1,0,0.10831837633565541
nguy hiểm thật,1,0,0.048086373014515904
per nhà mày mà nuôi thêm con này nữa là ám ảnh cuộc đời tao,1,1,0.5113400686796691
