comment_text,label,prediction,score_depression
ngày buồn nhất trời đổ cơn mưa :(,1,0,0.3365756955351295
per kỷ niệm khó quên nhỉ kkk,0,0,0.16558807650039048
em ý cute vãi !,0,0,0.28212236266437957
làm khách đi qua lại mắc mệt lun,1,0,0.3286435649859448
năm nay thì đở hơn rồi kkkk,0,0,0.26464764250415845
số tao không được ăn uống mà :((,1,0,0.3382918266914872
đang buồn cần 1 người nhắn tin tâm sự hằng đêm,1,0,0.3811658408813083
lâu lâu được nghe truyện cổ tích thấy còn niềm tin vào cuộc sống 🤣🤣,0,0,0.23503490895285917
anh này còn phim pk nữa rất hay và ý nghĩa,0,0,0.266895080702852
lại thêm một con ngáo bất hạnh,1,0,0.3750948546325605
thiếu hình ăn gà rán rồi,1,0,0.28851208779376303
ăn ở cái gì huhu,1,0,0.20743303162966606
"điều đó không quan trọng , quan trọng là đéo xác nhận lời mời kết bạn",1,0,0.2616167317994033
"em sẽ mãi không biết có lúc tôi gọi chỉ để nghe câu "" ai vậy ?""",1,0,0.38422639157618305
thế giới giờ đáng sợ quá rồi 😌😌 tâm phải tịnh không là tiêu nha mấy ông 😢,1,0,0.47314008076422653
t gặp ngỗng chạy bỏ dép,1,0,0.20255952348062312
"chưa muốn lấy , cơ hội vẫn chia đều cho tất cả các anh : ))",0,0,0.3044624196266414
"per đúng rồi , không muốn xa cách đâu 😞",1,0,0.46535476853588825
"bọn 6 múi yêu nhau hết rồi , tao bụng mỡ đây , tao vẫn thích con gái đây !!!!!",0,0,0.14879981808909623
họ vui là được rồi :))),0,0,0.14780927823208315
per ồ ồ chân chính chạnh lòng rồi 😂,0,0,0.1867838200940037
còn các bạn đặt bánh của mình toàn gửi cho người yêu . chắc câu chuyện này còn buồn hơn :((,1,0,0.2092888167836877
per rồi sẽ có 1 ngày vừa cười tao vừa kể chuyện khiến tao rơi nước mắt,1,1,0.5093001416909696
ngôn lù thế hahaaa :))) đáng yêuc vãi,0,0,0.23150170251617488
nhìn ông với bà chất hơn thanh niên bây giờ,0,0,0.2000119941340141
"phim hay dã man diễn viên chính đẹp trai , xem đi xem lại không chán",0,0,0.15493863835179686
"mình đang thất tình đéo hiểu sao đi cafe còn toàn tận cùng nỗi nhớ , chạm đáy nỗi đau , đừng như thói quen ... dume :)",1,0,0.26717889192330724
"per vãi xem phải cỡ này . , đoạn nó nhếch môi bố mày sợ suýt đái ra quần dume 😑",1,0,0.3575775527844238
cám ơn mấy chế nhiều nhiều nhé 😗,0,0,0.26269060730451865
hồi bé tôi cũng bị chửi cả ngày từ sáng chí tối ! nhưng không phải bố tôi mà là bà nội tôi !,1,0,0.3187736004753657
cuộc sống tạo ta áp lực ..,1,1,0.5270755045818579
cười vãi ???????? mặt con bé cũng hài ghê,0,0,0.17480569770788085
tuổi thơ tôi bị ám ảnh mấy con ngỗng này . mấy con màu xám cứ mỗi lần đi học ngang qua ngõ nhà hàng xóm là nó đuổi . tao lại chạy thục mạng . cứ phải đắn đo mỗi lần qua đó xem có chúng nó không rồi ù chạy như ma đuổi . haizz tuổi thơ tôi ....,1,0,0.35712713712086736
ổng bị bắt rồi :( rồi lấy gì coi,1,0,0.33769483503556236
"ai thì tao không biết , chứ tao thấy tiền là đã có động lực phấn đấu rồi",0,0,0.3219809396369886
đã check in thành công và mãi vẫn chưa gặp được người ấy là ai :((,1,0,0.2595874058325635
":)) đang ăn mỳ , không có trứng nhạt lắm , có rụnng thì xin vài quả !",0,0,0.25353222403665104
đáng yêu quá ! tình yêu ông bà thật đẹp !,0,0,0.1446497749331958
per sắm 1 cái cho công túa ngồi nhà kêu gu gu hí =))))))))))),0,0,0.17516480056519662
"ăn 1 miếng bò mà giết thêm đàn kiến . chưa biết ngon thế nào nhưng một đàn kiến về cõi vĩnh hằng , tội cho đàn kiến .",1,0,0.3804319332941976
thứ ba mẹ cho con và con nhận thấy đó là sự đức hạnh tấm lòng cao cả cam on ba mẹ rất nhìu,0,0,0.23832415863397202
per my nè kkk,0,0,0.3531023736730065
tớ cũng muốn có mối tình như vậy ??,1,0,0.3600097296119505
hết buồn cũng phải có tiền mới hết được :)),0,0,0.16393845030364546
ng ta cuối cùng thì cũng được còn tôi thì never 😞,1,0,0.4391213868456607
phim nay và phim triệu phú ổ chuột là 2 phim của ấn mà mình thích nhất,0,0,0.2892774850586076
bình dị vậy thôi .. mà sao mãi tao chưa tìm được ? hix,1,0,0.3460343601228914
biết nấu cơm bếp củi từ lớp 2_3 gì đó,0,0,0.30245253405315903
"ám ảnh hồi bé của c , con này trông nhà oke hơn cả chó luôn",1,0,0.17210698363865612
t mới tính tới bước thất bại chưa tính tới thành công :)),1,0,0.20011993423427726
"em lấy đi niềm tin chả lại cho anh những gì , cũng vì anh vụng về đánh rơi hay càng xa vời càng dễ mất .. anh chân thành nên anh tổn thương",1,0,0.3211124836972112
dễ thương . cứ yêu đi ngại gì .,0,0,0.18849016255175916
hí . dễ thương quá,0,0,0.17105855718739674
"1 đoạn phim được trích ra tuy ngắn nhưng , chứa 1 thông điệp rất có tầm quan trọng",0,0,0.327519556351845
tối nay chồng tương lai sẽ đưa con khác đi chơi 😆😆😆,1,0,0.2060522505173559
"bất cứ lúc nào nghĩ về đời tao chỉ thấy vị cay , nồng nơi khóe mắt :))",1,0,0.299816875039179
tự nhiên coi tới khúc th bé kéo hết bạn bè tới chụp hình tao buồn cười vãi ! ông kia nghĩ ! thôi chết mẹ rồi ! kiểu này tối mới lau xong 😂,0,0,0.3889198899103027
"per cố gắng lên nha anh , mọi điều tốt đep đang chờ anh 💓💓",0,0,0.2333730045317599
gặp được em nhưng sẽ chỉ quan tâm và bảo vệ em từ xa,1,1,0.5069223471173179
thêm đường hay cho thêm bánh gato về tẩm bổ :),1,0,0.15364774640201168
thấy cái thèm ts quá,0,0,0.24944209332882142
"hiện tại mình cần tìm người yêu , bạn nữ nào chưa có chồng hay chưa người yêu thì bình luận bên dưới để mình lựa một bạn may mắn nhất nhé :)))",0,0,0.17338658449580147
a per ..... nhìn những hình ảnh này ... sao em nhớ về anh quá .... 15 năm ròng rã .. giờ anh lưu lạc nơi đâu . 😭😭😭😭,1,0,0.303111315247043
chữ tao từ lớp 3 đã kiểu như thế nào và còn đẹp hơn nhé .,0,0,0.2891613482154854
per quẹo lựa mấy đứa ơi . để lễ nay đặt vé luôn cho rồi . nóng quá rồi :)))),0,0,0.17394820348264284
xem đi xem lại bao nhiêu lần cũng không chán ... vẫn cảm giác hồi hộp :),1,0,0.33012769433065586
bé có năng khiếu làm cô giáo dạy văn ... nghe thì nghĩ tục nhưng đời thường là có thật ... bác nghe thấy đồng cảm với các cháu,1,0,0.17071696710382464
chết luôn .. tình yêu không phân biệt . giới tính .. tình yêu ơi là tình yêu .. tao đau khổ vì mày lắm rồi ...,1,0,0.4174519842093582
"mức thu cao nhất - đồng ý vì số liệu nó thể hiện như vậy , chứ còn hiệu quả thì mình không biết đúng không 😂 mỗi lần vô vcb là hiểu phải đợi mỏi mòn , không như những nh khác",1,0,0.2650351092032092
"thà biết rồi đau 1 lần cho tởn rồi thôi , chứ đừng để nỗi đau cứ day dẳn giằng xé mãi cả đời ☻",1,0,0.2823065147531735
nghe anh ấy nới chuyện rất thuyết phục,0,0,0.12436442774876819
thông minh :v,0,0,0.2680517173376962
oimeoi tao thấy được tao ngày xưa đây rồi =))))),0,0,0.2671276845944975
con mong cụ cuộc sống sẽ tốt hơn 😔,0,0,0.44001294604885044
sau mưa ra đường sợ nhất gặp giun,1,0,0.26321858389205555
nên gan ngỗng ăn ngon đó,0,0,0.304546462196502
"ngày nào cũng thấy tàu trật bánh , khá buồn",1,0,0.23521729824627716
nhìn đẹp quá đi mất,0,0,0.23867540426769815
tao đang cố un crush nhưng khi xem xong video trên thì ..........( khóc không ra nước mắt ),1,0,0.29001774921011
đó là khi anh per cưới vợ đó 🤣,1,0,0.29507596618131027
ngoài những bài chia tay vì lí do vớ vẩn ra thì neu cũng có những bài đăng đọc rồi còn nhớ mãi .,1,0,0.2575291129711058
mặt nhỏ dễ thương vãi =)),0,0,0.13544290734645154
béo tí đáng yêu mà =)),0,0,0.12659311567572887
"hy vọng chừng đó con đã đi mẫu giáo lớn , 1 xe bảy chổ và nhà hai tấm 🤣",0,0,0.28697496359004415
1 năm không biết bao nhiêu lần x - quang :(,1,0,0.3471940121156858
cả người nhà người yêu cũng không đồng ý :((,1,0,0.18405667102382803
"mình nói thật nhìn từ trên cao xuống đã thấy chóng mặt rồi , vãi",1,0,0.30444295312935277
tao giận bạn trai tao và 5 ngày rồi nó đéo dỗ tao luôn hix,1,0,0.42095552894097243
dăm ba cái kỉu đây hồi nhỏ tao đốt chấy vài á mà 😃,0,0,0.23757371116241935
per lên lịch hẹn hò nhanh,0,0,0.3353186528409376
chia buồn cùng nước pháp .,1,0,0.3458861828101475
nta vẩy tay mấy cái cũng ra tranh còn tao thì 😪,1,0,0.28972190433095196
mặt chúng bạn kiểu lại đéo được trả tiền rồi 😞,1,0,0.35897968808718256
"hắt xì mệt quá , muốn bắn , muốn làm việc :(",1,0,0.45106239271102544
"t xin nhắc lại một lần nữa , đây là một câu chuyện buồn nhé",1,0,0.26043438932734175
"tội nghiệp , có rất nhiều em ở nông thôn bị như vậy 😢.",1,0,0.23397087347882428
buồn thay cho lớp tao,1,0,0.241769569917441
hi vọng trưa nay lúc ăn cơm vtv24 sẽ không đưa tin về bạn này ạ,1,0,0.27183695776198374
per sự thích thể hiện của các bạn mà bóng đá per tốn một món tiền không nhỏ ! 😩🙏🤕,1,0,0.32524840752269757
đáng iêu vãi =]],0,0,0.2536759835291042
quá ý nghĩa . mình trẻ mà chắc gì làm được vậy,1,0,0.28100244503141836
bộ phim hay nhất từng xem,0,0,0.15329326948007926
bạn đã hiểu nổi khổ của mario khi mua vui cho bạn chưa :)),1,0,0.1958048616528848
boss hổng có 6 múi hả :( buồn dị,1,0,0.2081887364493471
chân tao không đu ̉ da ̀ i đi ̉ đi con đươ ̀ người na ̀ y :((((,1,0,0.28261870144239615
nước ngoài có đầy mà :)),0,0,0.17563892918504556
cái gì mà rớt hột le tè vậy em gái 😁😁😁,0,0,0.18900841453429046
có người yêu coi bộ cũng vui 🙂,0,0,0.18077077635722652
14 / 2 năm ngoái tao mọc sừng . nên 14 / 2 năm nay tao quyết định cưa sừng 😊,0,0,0.3254128472839805
"vui vẻ chút , lạc quan chút cho đời thêm vui cũng là một cách 😂😂",0,0,0.29056583303182615
"lại là lào cai , tự hào quê mình quá :))",0,0,0.19280474268783007
nói tiếng tuy hoà phú yên làm tao nhớ đến nyc . giọng nó sao ngọt không thể tả . buồn,1,0,0.2088636859007614
yêu quá hóa điên 🤣,0,0,0.15227060745107784
nhìn nữa sao . hỏng yêu đi . cho doi . vui vẻ,0,0,0.12047308683839768
cứ thấy trai đẹp là tao hạnh phúc :),0,0,0.20518866852431747
đậu . tao mê nhất là giọng tuy hòa phú yên . nó luôn mang một ấn tượng sâu sắc . nghe cứ thích thế nào ấy,0,0,0.28643298978950577
cái con đồ chơi đó mua ở đâu nhỉ . cười đéo nhặt được mồm . 😂😂😂,0,0,0.22339504931788512
sao lại cưng đến thế này ^^,0,0,0.23110355794010798
per gặp thần tượng mỗi ngày kkk,0,0,0.29514343986046954
xem mấy lần rồi vẫn thấy hay,0,0,0.16516253548424464
đcm ngôn tình vãiiii,0,0,0.2381046317877934
dân kinh doanh khoái đi chợ này lắm nè,0,0,0.38778179112260674
đã trải qua và thấy chuẩn cơm má nấu,0,0,0.33452517489779204
crush mới thích ảnh tao mà tao đã . nghĩ đến chuyện đặt tên con rồi,0,0,0.26080635956588755
cái gì vui vậy mọi người :)),0,0,0.18527975260339533
má chủ dễ thương vậy tao cũng muốn xin,0,0,0.36410497503245215
câu chuyện dễ thương thật ^^,0,0,0.15505486851266334
điều tồi tệ là học nửa vời chã ra làm sao,1,0,0.25378839095092154
trước khi lấy vợ boss có một thân hình hoàn mĩ thế này đây,1,0,0.417566674994755
cô quét đi cô cho cháu hốt về với =))),0,0,0.1504321840495571
này thì câu thích 😂😂😂,0,0,0.24400310898604305
bốc toàn trúng may mắn lần sau,1,0,0.3349318964651863
định mệnh tao lại quên mang áo mưa,1,0,0.4288947084447555
xem xong video tự thấy mình còn không bằng con chó ...,1,0,0.32254220456862015
chúc mừng cp . cố lên cp .,0,0,0.21021562474076275
per huhuu không biết lúc đấy thực tập chưa :(((,1,0,0.2185855214740483
"con này còn hại hơn cả ốc bươu vàng . cấm nhanh còn kịp , để nó ra ngoài thì chỉ có người nông dân thiệt thôi",1,0,0.2012104261299645
liên quan à . cr mày đéo thương mày đâu . nó có crush mới rồi . 🙂,1,0,0.40081716555786956
thật là đáng sợ,1,0,0.29908927867722523
em chờ được mà 🙂,0,0,0.31789876511253473
"mình nhận thấy hình như ông ấy đang rất đau khổ , mà không thể or không muốn nói ra .",1,0,0.3397531776207222
"giá trị lịch sử văn hoá gần nghìn năm đã mất đi rồi :((""",1,0,0.4744295858934193
em nuôi con lợn mấy năm rồi mà vẫn trống rỗng huhu 😭😭😭,1,0,0.49448890383144206
sợ thế,1,0,0.3443725102308506
hay à ngheng,0,0,0.1607049998307999
"t cũng thế . đang ngồi chơi với con , vợ nó đắp mặt nạ lù lù bước vào . xém đái trog quần ??????",1,0,0.3188689756228104
"đúng rồi , vàng là phải vàng mới có giá trị , vàng trắng làm gì có giá trị 😥",1,0,0.3518133635929841
toàn tặng đồ gây sát thương thế kia khả năng bị phản damage là rất cao,1,0,0.24840810729381754
mệt mõi 😥,1,1,0.5979521637600906
tao không biết tao đủ ổn để đi học thêm không nữa,1,0,0.4118616117315977
ai đó hãy tát trà sữa vào mặt tao đi 😭😭,1,0,0.4638952634631497
trông tội quá,1,0,0.25843654485628287
"thanh diễm giờ tao hiểu tại sao cứ sáng vô là tao trông tới đi về , đầu tuần trông tới cuối tuần và đầu tháng trông tới cuối tháng rồi 🤣🤣🤣🤭",0,0,0.3845276282976325
làm đéo gì có ai nói chuyện thân thiết với tao đâu mà,1,0,0.4345193884189085
ad cho hỏi nghệ an lúc nào mưa vậy ah 🌧🌧.. ốm cũng cam lòng chứ vã lắm rồi 🥵🥵,1,0,0.3594679052416515
"chửi vậy cũng bình thường mà mọi người cứ làm quá . mẹ tao cũng suốt ngày chửi tao , tao thấy vui mà .",0,0,0.42235240891360165
"đừng ám tao nữa , sợ lắm",1,0,0.4944477123083787
ý là giọng quê tao đó hã,0,0,0.19933849975569307
"đang định đi nhổ răng khôn , nghe được tin này thấy ghê răng 😁",1,0,0.14751739319302318
nhờ mất bạn nên mình mới biết 😂😂😂😂,0,0,0.1494605760483754
vừa đây về đông kinh hồn càng về đêm càng đông,1,0,0.4937716000646572
"mày làm tao nhớ em gái ghê , mai sinh nhật con bé rồi mà tao đang đi làm xa nhà , không về được .......... 😑",1,0,0.24779591376854973
ui nghe ấm thế,0,0,0.3486535173433483
chắc từ giờ tao đéo giám ho nữa quá .,1,1,0.5212146592466669
đau lòng quá,1,0,0.3126631345118362
không những hạnh phúc tao còn cứng nữa :)),0,0,0.20796544738880993
chúc mừng các anh . các anh giỏi quá . chuc các anh mạnh khỏe .,0,0,0.17134500089354976
"thương quá . giờ con đi học ở lại cả ngày thì hên xui thôi chứ biết làm sao , không ăn thịt heo thì ăn gì . mong sao có lệnh tạm dừng ăn thịt heo trong thời gian này cho các trường mầm non thì hay biết mấy .",1,0,0.34778540654088375
tội em gái đó,1,0,0.23032381512549463
ăn cơm mốc có khả năng bị ung thư gan cao . hít,1,0,0.17516359298687892
làm người khác thỏa mãn bằng mùi hương của chính bản thân,0,0,0.18198384650237082
anh đừng bỏ em đi mà 😢,1,0,0.2375551323752111
muộn rồi :))),1,0,0.118717560536527
dễ thương hết sức ??,0,0,0.25307694385952306
cái khó ló cái khôn :))),0,0,0.12409885722960252
a độc thân nè không có ai để nắm tay gọi là thử coi .. hihihi chúc em luon vui ve em nhé ...,0,0,0.34022328163656007
hồi nhỏ đọc tao đã nghi nghi rồi =)))))))),0,0,0.21381472097160242
per tìm được đối tượng nào để cầu hôn chưa :))),0,0,0.26306077718126275
cũng đúng :)),0,0,0.18847203288156608
"thích cái câu , có mỗi thằng con rể đểu mà cứ xoắn cả lên 😂😂😂",0,0,0.19952249500789848
"coi khúc đầu không hiểu , đến lúc ổng bước ra khỏi làn khói , thật không thể cầm được nước mắt",1,0,0.3326890013439676
per thích quáaaaa,0,0,0.3383171416517309
tao cũng ho trật mẹ khớp vai mà đéo phải 1 lần đầu nhé,1,0,0.3632809971018696
hú hồn chim én :) nào làm ra này chắc cũng ngáo dữ :) chắc add không sợ nhện :),1,0,0.2032579391556739
biết trân trọng những gì mình đang có ☺️,0,0,0.4253175829496914
có gì đâu bé vậy mới cool đó anh thích 😉😉😉,0,0,0.20952232116410682
"aaaaa con nhện 😨 "" aaaaaaa con ế !"" - nhện said 😂😂😂",0,0,0.28178341687033476
tiếc cho mối tình ấy ....,1,0,0.21239571690971604
phim nay xem rất nhiều lân nhưng quá hay vẫn muốn sẽ tiếp tục xem,0,0,0.29422391483165167
"đúng thế , ở đâu cũng được đâu nhất thiết phải ở đây",0,0,0.31157421467009655
gu của tôi trời ơi . tiếc mới có chồng với đứa con thôi . huhu,1,0,0.22077514753523403
rồi mấy đứa chân không được dài như tao phóng qua kiểu gì :),1,0,0.261591368419948
trời ơi . dễ thương quá luôn ❤️❤️,0,0,0.1130195727957296
per sáng mai kiểu gì cũng về tới nhà :)),0,0,0.1611085513618131
để anh dẫn em đi ăn nha :)),0,0,0.14856491725960352
vậy là thế giới mất đi không biết bao nhiêu món nướng rồi :(,1,1,0.5017367571798855
"tui đây vừa vô phòng thì con vợ mặt trắng bóc nhảy ra đây , tưởng là ma",1,1,0.6022837961572464
những điều đơn giản nhưng thật hạnh phúc 😘,0,0,0.2799169737161511
phải chi có người yêu nhắn tin ngọt ngào như này,0,0,0.24691920788010896
"hồi học lớp 5 bảo bố đi mua sgk cho , xong bố đi mua nguyên bộ lớp 4 đầy đủ từ sgk đến vở bài tập 😂",1,0,0.17402533055509098
cả 2 loại người này đều đáng sợ !,1,0,0.2481636951036209
per mỗi ngày đi làm thấy per là như có thêm power cho 1 ngày siêng năng !!!!,0,0,0.16975906337116697
"bị ám ảnh hồi bé đi nhổ răng , không dám đi nha sĩ nữa :((( huhu 😭😭",1,0,0.24178317498925536
quá đau lòng nhưng chúng ta phải chấp nhận với điều đó,1,0,0.3452078635832915
"per hồi nhỏ bị ngỗng dí riết ám ảnh , giờ mà bị dí chắc cầm cổ quay thấy moẹ nó luôn hehe",0,0,0.16600523577262724
per sợ nhện đúng không :)),1,0,0.16516606394501268
em chân thành nên em tổn thương !,1,0,0.4099448118218152
"per ăn tết xong , cần cây cầu này để giảm cân 😆😆",0,0,0.3736631206612658
"ngày cuối cùng còn ở lại , bản thân không có bất cứ một cảm xúc gì , trong lòng chỉ độc một mảnh phẳng lặng .",1,0,0.4687204940328041
anh chờ ... đáng yêu ghê,0,0,0.17795280222478635
vẫn chọn tech là ngân hàng đồng hành,0,0,0.16281336858542117
đây là 1 câu chuyện buồn,1,0,0.2191889299992139
duyên quá nói chuyện hay,0,0,0.31143643157722123
móe . con nhện . cười đau cả ruột .,0,0,0.35152265718725906
thề cứ 1 lần trượt là tao cười to hơn 😆😆,0,0,0.26199434909202485
chị đầu tiên buồn v :((,1,0,0.3594106388055628
tao đã rất muốn làm bạn tốt anh em tri kỉ với tụi hắn nhưng không ai muốn làm bạn với tao - _ -,1,0,0.46194157136049574
con gái tao thì suốt ngày hêy siri bắt chước mẹ 😂,0,0,0.22724361822613406
"đi hát văn nghệ cho trường nguyên cấp 1 , kiếm được kha khá . cấp 2 vỡ giọng , khỏi hát 🤣",0,0,0.11191379142801813
tao rất thích nhạc trung từ giai điệu đến ý nghĩa rất hay 😁😁😁,0,0,0.19500276331792163
nhà tao cũng gần mà tao không bao giờ dám đi đêm,1,0,0.4964104119535745
per có ai còn nhớ thời đầu băng xem đi xem lại xuốt ngày không kakak,0,0,0.19250739756714075
thế là hết những gì đẹp nhất của nước pháp sao không phun nước cứ để cháy rần rật nhỉ,1,0,0.22053152403729157
tại vì anh trót nói lời thương em mà em không đáp lại,1,0,0.2394851745906755
mới ngày nào bidv còn đứng nhất mà .. haizzz,1,0,0.44352627796456623
bị nó chặn đầu mấy lần khóc sướt mướt luôn . mấy con yêu nghiệt này còn dữ hơn chó,1,0,0.3111983571216787
per tuổi thơ của mềnh đi học là lúc nào bạn tao cũng ngồi trên và khi nào múa giờ ra chơi cũng múa chung với mềnh 😅😅😅,0,0,0.3396317912010585
nhìn là yêu roi muốn nuôi quá trời mà sợ không chăm được em 😢,1,0,0.29247719405598976
đôi khi hạnh phúc chỉ là những điều giản dị nhất mà chả ai nghĩ tới 😊,0,0,0.3741114639457037
huhu xem mà muốn khóc vãi,1,0,0.23312032496251586
tao thấy tai nạn giao thông là tao nói với mẹ .. con chạy ra đó để tối lên ti vi ... mẹ tao chửi sấp mặt luôn,1,0,0.3823527044772656
nó giống tao ghê . gặp tao tao cũng chọn mày,0,0,0.3434945006557343
"per hay đó bro , trừ điểm bro chưa bao ăn :)) - 10",1,0,0.18538415962542454
cũng sợ mấy con ngoe nguẩy như giòi 😰,1,0,0.2159798496768464
"ước gì mèo nhà mình cũng có thể về nhà như vậy , mất ẻm được 2 năm rồi :(((",1,0,0.3199536855749551
tự dưng cay mẹ mắt,1,0,0.38041329079544633
bác vẽ làm tao nhớ con cá này vãi =))),0,0,0.14813020337319663
trường gửi điểm về và mẹ cũng điện chửi :(,1,0,0.3291959410364982
nói chuyện như người yêu ??,0,0,0.22547926506530794
đó là một câu chuyện buồn 😀,1,0,0.27776793987298504
xem xong tôi cảm thấy còn u ám hơn :)),1,0,0.30089788042657645
chúng mày cứ cười . dm mai gần đấy có biến lại thấy anh ấy trong bộ cảnh phục thì lại tung hô quả nằm vùng quá đẳng cấp 😂😂😂,0,0,0.17818276884370693
không phải không thích mà bản thân chưa đủ tốt để sánh vai . phải chi anh có thể đợi em khôn lớn !,1,0,0.2811218911735743
rất có tố chất . liên đoàn xe đạp việt nam có thể liên hệ để đào tạo được đấy,0,0,0.18623383184004214
"đếu thể đỡ được "" tiền mừng , tiền mừng "" hahaha",0,0,0.2909170745258716
còn buồn hơn là cố quan tâm thế nào họ vẫn không hề rep lại,1,0,0.2064311173762613
đáng yêu phết nhể,0,0,0.15929155651309704
tuổi trẻ tài cao =))),0,0,0.09713634380742896
ước gì được giận lại 😐,1,0,0.2902864476779713
sợ vãi linh hồn 😞,1,0,0.2769018703052106
thôi chết haha ...,0,0,0.4839334376733691
cái này phải hơn 20 năm rồi . lần đầu không biết canh lửa nên cơm khét hoài 🤣🤣🤣🤣🤣,0,0,0.2856558381477709
anh lỡ mất em rồi huhu,1,0,0.3204002346271108
per ly trà sen của anh đem qua có ngày nó thành như v đó 😭😭 hức hức ...,1,0,0.3185886870878626
ngầu lắm bạn ạ ^^,0,0,0.26790140095824777
đã gặp được em đúng lúc . nhưng lại không phải thời điểm em muốn ....,1,1,0.5315898809535728
những người em thích đều đi nơi đâu rồi còn con ml bên cạnh song hành,1,0,0.25224503141848753
ơ thế hoá ra tao không bị ngu một mình ?,1,0,0.4669306137565365
ngày xưa mẹ tao dạy ở miền núi . năm tao học lớp 3 lần đầu tiên lên trường với mẹ . đaumoa mấy con ngỗng mất dạy rượt tao leo lên cây phượng cao chót vót cả tiếng không dám xuống .,1,0,0.30607103346182823
món này ngon vãi,0,0,0.38378076787986587
cầu cho chú luôn mạnh khoẻ ạ 😢,1,0,0.18293744149436936
chỉ ước về sau mình được vay,0,0,0.41748170064819073
không muốn yêu ai cả,1,0,0.3817988569238461
minh biết nữa ne,0,0,0.472789604354297
trên đời vẫn còn nhiều điều tốt đẹp ❤️,0,0,0.27698497984111753
mai tao cũng đi ship mới được . có bài này áp dụng luôn .,0,0,0.21441800063441593
thằng ben thật tội nghiệp,1,0,0.23139343013276692
cả đời mình chỉ ước có 500tr trả nợ ngân hàng cái xe để chạy kiếm ăn ...😥😥😥,1,0,0.2700140135616369
t cười ỉa ...🤣🤣,0,1,0.5142370780021805
em buông tay anh nhé .... quá khứ ấy anh hãy xoá hết đi .......,1,0,0.23956538087500023
rụng tim 😭,1,0,0.21905934288596504
tao không tin đâu hiccc =(((,1,0,0.35203113157850696
ngày hôm ấy tuyệt đẹp nhưng lại đượm một nỗi buồn ngày mai thôi chg được gặp thầy cô bb lũ chúng tôi khép cánh cửa ấy lại nhìn lại toàn bộ khung cảnh ôi thân thương biết mấy cảnh vật quen thuộc sẽ không được trông thấy nữa,1,0,0.14774884466198954
chúc mày mau khoẻ nhá chủ thớt ạ =)),0,0,0.2062127778373432
được . đỡ tốn 5 nghìn,0,0,0.2992143586779179
muốn nhanh thì phải từ từ =))))),0,0,0.28921260860647824
ốm mà xinh thế :3,0,0,0.2684201010556407
dạ cho em hỏi cái đường này ở đâu z ạ . để em đéo tới đây ạ . đm bước cái chắc tét háng,1,0,0.235047091938703
"dù chỉ để nhìn 1 cái , để biết người ấy vẫn ổn , người ấy còn tồn tại . ít nhất là nv 😔",1,0,0.3361195099758191
má . đang định đi chụp :((,1,0,0.2786561628241954
bày đặt viết trên cát khắc luôn vào đá cho tạt thoải mái,0,0,0.30988375778991545
cho em canh với . hehe,0,0,0.2275912460490518
"anh sau đó , không còn là anh nữa ...",1,0,0.3260197305158558
sao giống phim good doctor của hàn vậy ?? cũng bệnh tự kỉ và có khả năng nhìn được 3d !,0,0,0.15490150111075726
đẹp trai thật .,0,0,0.21925752301331108
hay . đỡ mệt,0,1,0.5412346911629489
per bài tủ 1 thời =)),0,0,0.1667725274676865
tôi cắn bất chấp =)))))))) chắc là tôi yêu tụi nó cuồng si rồi,0,0,0.21855352025727298
mở ra mà thấy vậy chắc tao sợ quá mà chết luôn mất :),1,0,0.34403088789256425
đồng đội chơi tốt quá hahaaa,0,0,0.1728004015342317
giọng cute phết,0,0,0.22061000850436882
tao sợ ăn xong nóng đêm gãi toét chân,1,0,0.272206833869327
"con gái không thích con trai đầu hói , vì cưới về dễ nhầm đầu :d",0,0,0.15631594507879765
chuẩn bị prayforparis thôi 23 tuần kể từ khi phe áo vàng làm loạn rồi mà vẫn chưa dẹp được .,1,0,0.3865246169573347
đau đớn quá sao phải tham mấy đồng tiền đó nhỉ,1,0,0.20295596464154578
"hăm hở đón nhận tất cả , thậm chí là nỗi buồn , nếu điều ấy khiến việc tồn tại của bạn mang một hương vị đáng nhớ ...",1,1,0.6088294363650073
buồn nhất là crush cũng chả có để mà thả 😞,1,0,0.314183471829926
"tao sợ chó lắm .""",1,0,0.37438508419230704
"tuổi thơ tao gặp toàn trai bánh bều , mít ướt . toàn là tao galang , dỗ dành . ôi cái cuộc đời này per",1,0,0.2695017360297472
"ngày đẹp trời là ngày được nghỉ làm , đi những nơi mình thích , với người mình thương , ăn những món ăn ngon . xong về ôm nhau ngủ :)))",0,0,0.18505129677809384
"nhớ hồi euro 2012 rực sáng trong màu áo tuyển ý , ghi mấy bàn mà bàn nào cũng thấy phê .",0,0,0.12960324136998252
chồng tương lai lại nuôi vợ thằng khác,1,0,0.2816719730755463
"thương các con quá , lũ khốn nạn vì lợi trước mắt ma tội cho bọn trẻ , bọn này cho chết het",1,0,0.3363794061177848
t thấy tội nghiệp thằng cải,0,0,0.23839839478626526
hồi bé bị ngỗng dí hoài =)) sợ vãi,1,0,0.13232155664949788
má chắc gặp tao chạy mất giày,1,0,0.4273912982805876
"bữa tao coi cái video này nhưng nó ghép nhạc bựa vãi ... mỗi lần mỗi anh té là first blood , double kill ,... các kiểu =))))",0,0,0.1653588478049043
bạn gái nào xinh xinh mà bị lạc thì vào nhà mình cho ngủ nhờ này . ??,0,0,0.18194662439785578
đúng là càng ngày càng chán . cứ theo luật mà làm thì chán cực kỳ luôn,1,0,0.3946899088393619
cái cuối phê vãi,0,0,0.17947340403858852
ê tao đi nhật chưa được 1 năm mà xem video này làm tao loạn ngôn ngữ ghê . thỉnh thoảng phải dừng video ngẫm câu nó nói nghĩa gì,1,0,0.38381896775319974
per kinh dị thấy mệ luôn nè,1,0,0.30046209019785747
làm chó khổ lắm chứ bộ :((,1,0,0.3735047448721217
bức ảnh này lại làm mình bị ám ảnh . haz,1,0,0.3147236662986904
dân chơi nhìn cái biết ngay 🤣🤣,0,0,0.18752665816154138
đáng yêuc quá,0,0,0.21534615595858686
tiếng guitar thật tuyệt,0,0,0.21900121268092554
mỗi lần tao ăn đu đủ bằng thìa thì bố tao lại chửi tao . bố tao bảo loại mày ăn đu đủ không cần thìa đâu .,1,0,0.3694480288343397
mệt như chó :3 nhưng mà hoan hỉ đầu năm đi xin lộc :v,0,0,0.47277134799205844
đáng yêu quá . phải thằng trai nhà tao thì nó sẽ nhẩy vào tính ôm luôn cái máy ấy về =)),0,0,0.1360778559041019
đau nếu còn nghĩ về nhau thì hãy quay về bên nhau :)),1,0,0.11472019203455185
một hành động đẹp đầy tính nhân văn ☺️☺️,0,0,0.20035872647603145
"hôm bữa đi ngang qua , thấy hết con mẹ nó hồn",1,0,0.23110468197196066
nhìn một cái rồi quay đi là thấy mãn nguyện rồi .,0,0,0.14305777957439977
ôi hạnh phúc quá 😄😄😄,0,0,0.24940413129033706
biết ngay anh per lại mượn đầm của vợ :)))),0,0,0.1808339289337713
sợ vãi,1,0,0.2536868139151288
tao ho rụng hết tóc rồi 😭,1,0,0.25820207674178836
dù có sống được mấy đời thì cũng nợ mẹ cha trọn cả mấy đời .,1,0,0.22305699737655313
đây là một câu chuyện buồn 🙁,1,0,0.27469144838960663
má ơi đây chính là thứ ám ảnh nhất cuộc đời con . kẻ thù 😢😢😢,1,0,0.38979124786632185
per bị chữi thì ráng nghe mà vui đi nghe . cứ như nghe hát miễn phí 🤣🤣 còn bị chữi là còn hạnh phúc . nguoi ngoài ngọt ngào nhưng chắc gì đã thật lòng đâu,0,0,0.2742733006164299
tao tưởng tượng sau này sẽ có 1 thằng bồ vừa điên vừa ngáo giống tao .. chắc vui hết sảy 🤣,0,0,0.2528698283589495
sợ quá đi,1,0,0.28460471419518996
cay và đắng nghe mấy ông lớn tuổi toàn kêu thế thôi,0,0,0.2178705350933816
thấy dòng này quen quen . thấy đọc bình luận của ai á . haha . buồn cười 🤣 🤣 🤣,0,0,0.2256584384890578
và đương nhiên sẽ có ngày cô ấy sốc vì giới tính thật của cô ấy !!!,1,0,0.24860989784704055
là nhân duyên trời ban cớ sao chẳng thành đôi :(,1,0,0.3761164040711682
tau đã được bà nội vá quần 🙂🙂🙂,0,0,0.3179021877415884
page bị hack rồi . video hay nhất mình từg xem,0,0,0.20165663243132298
""" tụi mình tuy không yêu nhau hai lần , nhưng nếu có cơ hội ... anh chắc chắn vẫn tặng em đoá hồng đẹp nhất """,0,0,0.1903775741171223
chỉ khổ các con thôi !! sao người ta lại có thể mất nhân tính như vậy,1,0,0.23213858598141435
crush của tao cười hơi bị xinh :3 xinh + cười = đỗ mãi • 3 •,0,0,0.343171690880515
dễ thương quá à ????????,0,0,0.11620513218638742
chuẩn kkk 😁,0,0,0.264346274318345
ukm . nguy hiểm thật :'<,1,0,0.12759773566559332
"đi chơi gặp 3 con mất dậy này vừa bị dí vừa bị cạp đít đau không chịu được sau phải nhảy lên cây để trốn , giờ gặp là sợ 😭😭",1,1,0.5107745668097917
per mày cứ kén chọn đi chúng nó yêuc nhaooo hết rồi kia kìa ahuhu .. không tin vào mấy thằng ông nội cơ bắpppp nữaaa,1,0,0.3118475725323828
câu chuyện lấy đi nước mắt của tao,1,0,0.30005380534584103
"thằng bạn ngồi kế bên lớp 2 nhà bán vàng mà nó học dốt , thế là làm bình thường về nhà cho nó , 1 bài 2k , mồi ngày kiếm 8 - 10k 🤑",0,0,0.25918079570459346
sự thật thì cố suy nghĩ vui vẻ hạnh phúc mà trong túi không có tiền chỉ sợ đất cũng không có mà ăn,1,0,0.2959095389059893
nhưng tao đéo có crush,1,0,0.3738998039021634
tận cùng của nỗi đau :(,1,0,0.37375145104270086
cần tìm gấp bạn trai đáng yêuc như anh này trời đất ơi =)),0,0,0.13455107197015082
đố ai định nghĩa được tình yêu . có khó gì đâu một buổi chiều . kề dao vào cổ yêu không hả . gật đầu lia lịa thế là yêu 🤣🤣🤣🤣🤣🤣,0,0,0.21960670320865916
chẳng biết nói gì . xem video em cười suốt mà lòng tôi không thấy vui tẹo nào . thương em,1,0,0.42611012506165563
cẩn thận mày lại có cháu sớm 🤣,0,0,0.36854042031392215
cái dây ở ảnh đầu xinh vãi vậy,0,0,0.27260947647644307
"lúc nhỏ mẹ nấu cơm bằng bếp củi , ttao thì không biết gì thấy lửa tắt thì chụm vô : )) mẹ ra quánh cho trận vì nồi cơm khét nghẹt 😑",1,0,0.2768353559628535
"ngày xưa đi học gần trường có bày ngỗng , hôm nào nó cũng cà khía rượt tụi học sinh chạy sấp mặt luôn",1,0,0.2982290391159577
tao thầy mày cười hí hửng vại mà ?,0,0,0.4301419811718575
nhìn đáng yêu vãi :))),0,0,0.10035059955471258
buồn thế nhỉ . t mới mua con per chưa nổi 1 năm . thế này thì biết sống sao 😨😨,1,0,0.2881611743905171
đồng nghiệp của tôi thật tuyệt vời,0,0,0.1293177071062945
per luôn yêu đời và luôn yêu công việc em nhé,0,0,0.1786766262033248
"sợ nhất mấy đứa ảo tưởng sức mạnh , nhắn tin nhiều chút là auto mình thích nó",1,0,0.29380031037999865
mẹ đang buồn ỉa mà trên đường về gặp mớ gờ giảm tốc kia thì phọt bà ra quần 😨,1,0,0.2818730925474331
hay lắm . thằng anh giúp 2e thêm yêu lao động,0,0,0.2000716318223171
"cô ấy rất tốt , nhưng tôi biết thứ nào tốt đều không dành cho mình",1,0,0.2814609704411071
"nhổ tóc sâu cho bố , hình như được 500đ để mua kẹo dồi 😂",0,0,0.1715688354095948
rất vui mừng khi ông ấy rời việt nam an toàn tuyệt đối ....,0,0,0.3211834155942197
"vợ người ta chưa bao giờ làm tôi thất vọng , còn vợ tôi thì ..... đi hết 1 / 3 cuộc đời rồi vẫn chưa tìm thấy 😓",1,0,0.2737014998941875
tao thì sợ nhất lúc nó mới cắt tóc,1,0,0.3537505165923223
"sau 1 thời còm men dạo khắp muôn nơi , cháu đã lên được fan cứng rất rất cứng 😆😆",0,0,0.2922298352718916
thằng nào sửa xe này dễ đau tim mà chết lắm . :)). nhất là những thằng sợ rắn .,1,0,0.349655402201975
ừ công nhận == không có tiền mua,1,0,0.2719595116823473
chỉ là không có ai để nhắn thì mới nhắn cho mình . công nhận nguy hiểm,1,0,0.25800085492710645
có tâm mới có tầm haha,0,0,0.26203717138060956
"ngày xưa nuôi mấy con mèo . đêm hôm nó cứ lựa lúc cửa mở là chạy đi chơi mất . những lần nó không về buồn thối ruột , tối cứ mở cửa để đợi tiếng meo meo 😥",1,0,0.29325732696747747
per ơ tao còn chưa kịp đến bắt tay mà :((,1,0,0.30320044937568563
"chống mắt mà xem này khi bồ nói anh muốn đi tập gym thì dẹp ngay và luôn , măc công nó yêu thằng khác mất quá per",1,0,0.3252801153753514
đúng chất dân miền tây hahaha,0,0,0.20557023739244062
sống với nhau đến cuối đời người ta cũng chỉ mong có vậy .,0,0,0.2936307562776446
đang trong lớp mà ứa nước mắt,1,0,0.3892241560170298
nhìn quả mặt nó làm tao thoả mãn vãi,0,0,0.24470529958864115
"😔 tao không lấy chồng nữa , ở nhà nấu cơm cho mẹ , tao sợ lắm",1,0,0.3687080336494629
"chuẩn thế còn gì , phải có uy tín trong nghề mới thành công được",0,0,0.2497523603818108
per ngôn tình luôn ở quanh ta nhưng nó đéo đến với chúng ta 😏,1,0,0.27460136303012034
vận may s cứ xua đuổi mình hoài chứ có bao giờ tự tìm đến đâu ? đen thôi chứ đỏ quên điii nha . đời thường giết chết kẻ mộng mer như mình .,1,0,0.3728506451945539
"nguy hiểm lắm , ngồi nhà lướt facebook thôi mà không cẩn thận thì mất tim lúc nào không biết",1,0,0.2570405333939906
per tập gym đi mày có người yêu đấyyyy =))))),0,0,0.1636708045946275
rõ ràng vẫn là một người mà cắt tóc xong nhìn đáng yêu vãi :v,0,0,0.21499388944488604
tuổi lồn hù được bố m,1,0,0.2876999317104739
dume sởn gai ốc 😭,1,0,0.29624200539541423
giờ thì chả dám nhìn nữa hic :((,1,0,0.31051374842500384
"không phù hợp thổ nhưỡng , khí hậu . vậy mà vẫn tung hô , dải ngân để làm khổ dân . quả bóng trách nhiệm chẳng thuộc về ai cả . 😢😢",1,0,0.2528885595644096
khóc vãi 😭,1,0,0.342665395884892
thề luôn con ngáo nó thích trêu mấy đứa sợ sợ như này =)),0,0,0.224486089830886
bố mày đã sợ nhện rồi xem cái video này ... vãi đái :(((,1,0,0.28780938100842385
chỉ những người độc thân thôi,1,0,0.34489509947529073
giữ mãi lòng nhân ái các em nhé ! tấm lòng các em đẹp biết bao .,0,0,0.27251298211530545
hay quá,0,0,0.10761952857024638
không cẩn thận phát là ngậm bả như chơi,1,0,0.21711631520278732
"trải qua một cuộc bể dâu , rồi bể ong ???? lót dép hóng :v",0,0,0.21471471642107642
xem mà rơi nói chuyện mắt khi ăn luôn 😭😭😢,1,0,0.3628620210076268
má :))) đoạn đeo mặt nạ kinh dị vkl :)),1,0,0.2316888104310548
mỗi tao thấy hồi xưa còn đẹp hơn à :))) bây giờ nhìn như bóng long xuyên vậy,0,0,0.16859840305221466
hạnh phúc . mà hạnh phúc của đàn ông thì khó nói lắm . kaka,0,0,0.2509433405371377
hahah thú vị ghê hen,0,0,0.30330432304827953
yêu quá ! xinh quá ??????,0,0,0.12636003667662982
đọc chả hiểu gì :( mất gốc rồi :(,1,0,0.4481082705810977
bức ảnh xuất sắc ❤️,0,0,0.13714157676917463
"có tớ nhé , bạn không cô đơn đâu .",0,0,0.3320646229320269
dăm ba con nhện nghĩ tao sợ (((=,0,0,0.3189075518529445
có tiền sẽ thấy các vị gọi là thượng hạng còn không tiền sẽ chỉ thấy vị mặn của mồ hôi + nước mắt,1,0,0.3055473507158407
"ước gì boss không co chân lên , tao vẫn sẽ nghĩ là boss thật khí chất =)))",1,0,0.18344815013925386
per dạo này béo quá rùi :(,1,0,0.2689652234188102
"làm ca nào không quan trọng , quan trọng là có đồng bọn bảo yến nguyễn hạnh 🤣🤣🤣",0,0,0.2179889705966335
thật tình là rất xin lỗi anh ở trog video . hi vọng sẽ gặp đuợc anh để xin lỗi và tạ tội với anh . thật ra hộp quà trong video là của con lol per với người yêu nó tặng nhau dịp sinh nhật . híccc,1,0,0.25210945170779264
"sời , lừa làm sao được tao :))",0,0,0.2800824596443303
may quá tao không xài huawei kkk,0,0,0.28313825756552646
thôi thì đi xem avenger lần 3 để tránh nóng nốt chiều nay không mai mưa rồi hehee,0,0,0.2627872486829344
bác này nói hay,0,0,0.25139377099311033
đối với thế giới này bà lão chỉ là một ai đó . nhưng đối với ông lão đó bà lão là cả thế giới 😊,0,0,0.47206116912933926
pháp không còn khoảng thời gian bình yên nữa rồi,1,0,0.38552349650799345
"trời mẹ phim gì vậy thớt ơi , cười ná thở",0,0,0.24141067563093838
"tui thi ́ ch va ̉ i lă ́ mày ma ̀ ăn nhỉ ̀ u no ́ người lă ́ mày mọi người anh ̣ , bi ̣ lơ ̉ miê ̣ người",1,0,0.4541125915958899
dễ thương vậy chời,0,0,0.1914255538973484
bằng tuổi em các bạn đang ôn thi mà em phân vân không biết chọn trường nào :((,1,0,0.24761425403837076
"ngày xưa , ngoài thú vui chọc chó dí , còn chọc cho ngỗg rượt . cách giảm cân hịu quả nhất cho mấy đứa lười 😂. nhớ lại vui thật , đúg là thời sửu nhi .",0,0,0.16170327896368758
buồn hơn khi tôi còn là gái 🙄,1,0,0.33049121061560505
sau vụ 200k thì vụ 5tr này có nội dung hài hước y hịt :)))),0,0,0.10047131295244274
per không lẽ sau này kím bạn trai không tập gym 😖,1,0,0.24295900428899458
per làm gì quên được kkkkk,0,0,0.34499477465191725
tao của ngày này năm trước đang ước đừng lấy quỳ tím đem ra thử nghiệm . :(,1,0,0.26079374604155614
"giống hệt mình , nhưng bạn may mắn hơn vì bên này quyết trốn nợ tận cùng",1,0,0.24893201538602874
cái mặt hoang mang thấy thương 😆❤️,0,0,0.35965757302096746
"tháng 10 đến rồi , em đừng buồn nữa nhé ❤",0,0,0.2271479205762507
có đứa nào hồi bé không biết nấu còn tranh làm rồi quên không đổ nước như tao không :))),1,0,0.20896278427859336
trời má cute vãi lozzzz,0,0,0.2801058273214191
"quá bản lĩnh luôn , người đáng nể , tiếc là anh ấy sắp bị tử hình rồi",1,0,0.22122467178780028
ngày tao chia tay tao khóc quá trời luôn,1,0,0.30291953440149705
thật may em đã gặp được người tài xế tốt 🌸🌸,0,0,0.19048782212571344
per giống cái bữa mình viết ghê,0,0,0.2790039989935905
chưa có cơ hội nói cảm ơn và xin lỗi . vì chúng ta xứng đáng được bình yên,1,0,0.2645159336023245
các bạn đã xuất sắc hoàn thành nhiệm vụ,0,0,0.1394015682508777
định share mà đọc bình luận tắt con mẹ nó cảm xúc :(((((,1,0,0.31873904695373806
per kinh nghiệm nha,0,0,0.17391089597278636
chàng trai vàng trong làng bấm biển =))),0,0,0.38231400023769985
chuyện buồn quá chúng mày à . tao không dám đọc sợ làm quyết tâm có người yêu của tao lung lay 🙄,1,0,0.3492159203705687
giống chó này hình như không có lông ạ ?? chó nhà em lông rụng đầy nhà .. huhu,1,0,0.23428819458840555
chời ơi mới chụp răng 2 bữa trước về không ngủ được tới nay luôn,1,0,0.1800969593156046
trời ơi cái đoạn này em khóc tu tu luôn 😪.. trong khoảnh khắc rời xa một ai đó mãi mãi cơn đau thấu ngực trái huhu,1,0,0.46844087436930654
sao giốg với mình v . nhưg mình từ bỏ rồi người ta hình như cũng có người khác . từ đầu là do mình ảo tưởg thôi giờ thì tỉnh đi cô gái ạ,1,0,0.2661215288893238
tư duy của họ hơn hẳn 1 cái đầu 👍,0,0,0.2288545760943487
rất thuyết phục,0,0,0.16288050811803867
chỗ tao cũng có cây tình yêu < 3,0,0,0.22805788655131817
1 % kìa rồi ra cổng gọi thế nào :)),1,0,0.21970260100469508
hạnh phúc ghê,0,0,0.2336251594225786
ba ́ o giâ ̣ tao ti ́ tao la ̀ mày hoa ̉ người loa ̣ n ngươ ̀ i dân . haizzz,1,0,0.4543127839306585
đm main mới hay quá đi,0,0,0.18744767561989284
per kỉ niệm nhất là những ngày trốn học cùng nhau đi xem phim 😂😂😂,0,0,0.08854621053116724
nhìn cái bà này tôi chỉ muốn xoạc bà 1 cái . sao bà không là con trai nhỉ . ông trời quá là trêu người rồi,1,0,0.24823047965554437
sư tử chứ dễ thương q . q gì,1,0,0.27146108179195694
trai tài gái sắc .. danh ngôn rồi tài sản chứ tài gì !! 🤣🤣,0,0,0.21339517962247734
"chịu hay không không quan trọng , quan trọng là không có ai lấy",1,0,0.44043300549594633
điên khùng . nhưng hahahah . nhiều tiền quá mạ ơi,0,0,0.33269459403398516
"thiệt là cao minh , hahaaa",0,0,0.2784809670722796
"đôi khi cũng muốn dỗi lắm , nhưng nghĩ lại đéo có người yêu mà dỗi",1,0,0.3618339348358051
trồi ôi mới đọc tưởng đâu người yêu,0,0,0.24744532171009231
em mình là con trai viết đẹp y chang thế này nhé,0,0,0.280025773615797
"haha ,,, sao không kêu tao ..",0,0,0.17141456727827084
mặt tao như này ai mê cho nổiiiii,1,0,0.28795487444555445
"thứ yêu nghiệt , nhỏ g vẫn sợ nó nhất sau mấy con lắm chân t . t",1,0,0.21869466590796183
anh tây này đáng yêu chết được cứ tiếng tuy hoà phú yên ma học đi nhá ☺️☺️,0,0,0.35519906720503547
per sao bố lại đủ bình tĩnh để xem hết cái trailer này nhỉ . _ . sợ vãi,1,0,0.1565615124387866
"xem đi xem lại không chán , best của best 😭",0,0,0.2093227799413724
"cả đống người trên đường , mà nó chỉ dí mình tao 😭. t đã làm nên tội gì 😭😭",1,0,0.4953824371686591
chàng trai mạnh mẽ !,0,0,0.39763894218738766
tìm đối tác 😔,0,0,0.32710927224963415
thấy cưng gì đâu,0,0,0.21510083553990372
ngôn tình từ anh mà ra,0,0,0.2599109930031487
tao được thấy nói chuyện mắt của bố tao khi tao bệnh và khi tao lấy chồng,1,0,0.33523583984527255
không biết thật mà hix .,1,0,0.21559838233188533
per =)))))))))))) tao cười không biết chỗ nín lun,0,0,0.18826741623287369
cứu tao :(( tao sợ rắn,1,0,0.47589295273775767
bộ cuối nhìn đau lòng thật :(,1,0,0.26053583733027413
còn mình nhìn như thằng ngu,1,0,0.23711199437203578
thương chỉ sợ em không cho anh cơ hội thôi,1,0,0.29474847331019116
per má có điểm cho sướng vãi,0,0,0.25352985952754703
ôi không đừng vậy mà :((,1,0,0.22428798504268058
phim hay vãi ấy xem lâu lắm rồi,0,0,0.21128259801677562
chỉ cần 1 cây hoa . nói lên tất cả .. hi,0,0,0.47256294683427835
điều hối tiếc nhất cấp 3 là chưa kí lên áo của nhau 😢,1,0,0.15322487257994508
"ôi zồi ôi , nhìn cái mặt của ẻm kìa , yêu ghê :))",0,0,0.1370593033706057
chào tháng 10 !! tháng sanh thần của tôi .. hi vọng mọi chuyện tốt đẹp,0,0,0.45508350812106685
bây giờ tao lấy chồng rồi còn không có cơ hội ngủ với em gái 😫,1,0,0.2725470457518291
đáng yêuc quad 🤤🤤🤤,0,0,0.2724777729909634
có đứa nào đéo giật mình như tao không :))),0,0,0.2833773221749128
môn này đéo dành cho những người chân ngắn như tao :) bay qua chắc lọt mẹ xuống sông ^^,1,0,0.23547019643515305
góp vui cho chủ thớt 😂😂,0,0,0.18053399899328118
trông mặt buồn chưa kìa per :(,1,0,0.2961059790122185
30s mặc niệm bắt đầu ...,1,0,0.22741278517935037
"mà sếp cũng duyệt , cũng in rồi haha",0,0,0.22174449262192827
đm ngồi chờ đã rồi các tổng đài viên đều bận 😭😭😭,1,0,0.28801027167774795
con gái chả thế :)))) con trai đi dume mày có nhận hàng không,0,0,0.14958404391139185
ánh mắt thằng con muốn nói : cứu cháu hình như ba sắp ném con ùi,1,0,0.48199197375799974
"không được uống đã đành , ngồi dọn sấp mặt luôn , như con cáo và chùm nho xanh per",1,0,0.33619082354858715
"kỳ nghỉ hè muộn của anh mà , xõa hết đi anh .",0,0,0.10274713493594104
per chơi với con trai riết nên giờ đéo có người yêu nổi vì tính tình không khác gì con trai,1,0,0.19492834573428477
chán mấy ông thanh niên .,1,0,0.2278788255099375
má đáng yêuc quá dạyyyy ??,0,0,0.23708147633320006
phim này mới ra được có tập 1 thôi . hay phết,0,0,0.17696841075593947
mẹ đi ngầu chết mẹ đi được chứ kì quặc gì =)))),0,0,0.2983926289967723
"per mày nhìn thành long hồi này có thấy giống mặt anh chung nhung hồi xưa không :))))). thề luôn , tao thấy giống vãi 🤣",0,0,0.13443247174248296
t đã thử rồi mà dume vẫn la :)))),1,0,0.1621817342453573
thạ timmmmm đùa tao yêu mặt nó lúc ôm đầu vlllll xinh quá con ưiiiiiiii,0,0,0.2957373477531349
dự định tao là 28 nhưng giờ mà có bồ là bắt cưới luôn chớ sợ ế haha,0,0,0.18235907794479392
"chủ động nói chuyện , nhắn tin khi có time . nhưng đời không như mơ",1,0,0.3575056771402775
tuổi thơ của tôi =)),0,0,0.3259211988110342
"cũng tùy , đôi khi không cần vật chất mà chỉ cần động viên , san sẽ những khi con mình vấp ngã hay khó khăn trong cuộc sống thì ...",1,0,0.20743041910817583
khoảnh khắc tao nhận ra tao đã từng rơi vào hoàn cảnh bế tắc này 😌😌,1,0,0.4222415516079914
"per chị mày đánh lộn từ đầu làng đến cuối xóm thì cần chi bọn con trai , nhưng nhìn bọn nó dễ thương hén",0,0,0.2529217997838717
"crush một ai đó là điều không bao giờ có rồi , vì mình vừa béo , vừa xấu gái , vừa vv and vv . auto nhục 😞😞😞",1,0,0.27616519633205333
"chúng mày nhìn , tao nuốt cũng không xuống nổi , ông địa",1,0,0.3398714755593494
và rồi cô ấy sẽ mãi mãi không có người yêu =((,1,0,0.2500421383252054
"đau lòng vãi . cứ tưởng là đùa . ai ngờ , bồ nhau thiệt . ơ . tớ có sừng không",1,0,0.29509178651552365
nhiều khi nghĩ mình không phải con gái mà là 1 thằng đàn ông chính hiệu kkkk ....,0,0,0.2905476618634663
vẫn ế bền vững,1,0,0.18424688364429778
sao mình lại không xem được vậy admin 😭,1,0,0.26675105509953356
"khóc không chịu được luôn , và mình cũng sẽ làm được nếu phải đánh đổi tính mạng cho 2 cô con gái bé nhỏ của gia đình mình",1,0,0.30267261828901965
ảnh đẹp quá 😍,0,0,0.2332199421719062
ui còn chưa kịp đi xem đã rút rồi :((,1,0,0.3149680211389751
per bếp lò xo huyền thoại của ngoại hay nấu nè,0,0,0.15307897146166108
cả 2 kẻ này đều đáng sợ !,1,0,0.3110571877049626
muốn tạo ra niềm tin đôi khi bạn cần sự dối trá 😉,0,0,0.2781529351558121
xài vietcombank sinh nhật cũng không được chúc luôn :((,1,0,0.25965909264032355
buồn cho số phận 😢,1,0,0.21901608006015683
"lâu rồi mới thấy trailer chất như lày , so excited",0,0,0.31584838736140697
quả mắt nhìn sợ vãi,1,0,0.12498951191085389
quê vải mà chưa được ăn quả nào . huhu,1,0,0.16998065025455114
chẳng bằng bố tao 13 năm tự nhiên hỏi bố biết tên con là gì không thì chần chừ một lúc rồi phun ra tên chị tao,1,1,0.5063110255783461
vì chúng ta không nên nói chuyện với nhau nữa,1,0,0.20745062539625422
"sợ vãi , mém xỉu",1,0,0.24240909547288522
"tự nhiên thấy tụi con gái khóc tu tu , thế là mình lủi ra ghế đá trước lớp ngồi . tự nhiên cô dạy văn cũng ra theo xong ôm mình khóc ,",1,0,0.460813766741266
"bị ngỗng mổ sợ vãi_chưởng , hồi bé tao đã không sang nhà b tao cả tuần trời vì nhà nó mới nuôi ngỗng mà bình thường tao toàn ăn chùa cơm nhà nó thiếu điều làm con nuôi nhà nó nữa thôi :))) nhắc lại mới thấy sợ vãi",1,0,0.23106916723487053
mùa thu năm ấy cta đã gặp nhau ?,1,0,0.2394853910132867
thích :)))) đi làm vui hay không là có đồng nghiệp tốt đừng chơi xấu mình là được :)),0,0,0.10178678945227271
chỉ sợ lúc nó dí,1,0,0.31702555283504924
tao là thằng chưa bao giờ giận người yêu vì người yêu tao không bao giờ làm gì có lỗi hết,0,0,0.2593160806389188
ai sẽ cùng tôi mang nỗi đau này cơ chứ,1,1,0.560822082582228
tao rất sợ mất đứa tỏ ra như thế,1,0,0.4158716014642979
rơi mất tim . nguy hiểm thiệt ^^,1,0,0.20040559799119875
phim này xem rồi ý nghĩa vài,0,0,0.29425478387086174
chắc học từ bỏ quá,1,0,0.3899478815693913
t đu ́ theo thôi :v tao biê ́ tao thư ̀ anh no ́ la ̀ shipper,0,0,0.29949740497262806
bởi vì gặp nhau sai thời điểm nên tôi mất người mãi mãi ...,1,0,0.3376524141529086
cưng ghê ❤️,0,0,0.21824371508921694
mới đi nhổ răng số 8 và chụp 😞,1,0,0.16627521348880742
chưa được đi pháp mà huhu,1,0,0.258253396052593
"t không tiếc mấy ly trà sữa , chỉ thấy tội cho mấy cô lao công dọn dẹp mà thôi 😔",1,0,0.32737031343449674
qua chạy xe nẹt nẹt bốc đầu bố ai dám dô,1,0,0.36212002856875686
thế chân ngắn như tao thì phải làm sao với cái cầu,1,0,0.3842385828371446
đó là khi tao muốn cắn ai đó điên cuồng :),0,0,0.33635411642250346
"ước gì mày được quay về tuổi thơ , trước mày cũng có 1 b trai như vậy đó",1,0,0.3787419547908024
chuẩn luôn :3 độc vô tình bắt gặp thôi cơ mà giờ tao bị ăn bơ rồi 😭,1,0,0.3404356762239208
hình như sau boss bị chết ạ,1,1,0.5074200773318706
per thế mà cháu tôi không biết chơi 😭😭,1,0,0.3583669944679822
mẹ nó chứ xem xong mình khóc hết cả nước mắt,1,0,0.3413089978449035
chả mong gì nhiều chỉ mong về già được như hai ông bà ! 😊😊😊,0,0,0.3993605409600237
dăm ba cái trò nấu cơm này sao làm khó tao .,0,0,0.3194544895822525
"công ăn việc làm còn chưa ổn định , bố mẹ già còn chưa lo được thì kết hôn để làm gì 😪",1,0,0.3306116324238902
sợ vãi nồi tao còn tg thằng kia bay ra cơ :)))),1,0,0.18019487336735449
khổ nhất người có bầu,1,0,0.24938904848233667
thế thì nó lại tốt quá,0,0,0.2558198022783483
với mình đoạn mấy thằng đỡ đẻ là hay nhất,0,0,0.21313488095094246
mày xinh ghê vậy :d,0,0,0.27296578531520826
lâu lắm rồi mới nghe lại bài này 😀,0,0,0.1941578572338408
bình thương tao hay cười lắm . nhưng khi tức tên ... tao lại khóc . quá yếu đuối,1,0,0.445428414123819
hmm hãy tưởng tượng nó là một chú gián xink xắm xoè cánh thiên thần bay đến ... 😞,0,0,0.3711503709256225
em chân thành nên em tổn thương,1,0,0.3990564351408218
ngày xưa hồi còn học mẫu giáo mỗi lần đi qua là nó rượt tao chạy té khói dume còn thiếu nước chạy lại quỳ xuống van xin nó nữa thôi . đến giờ nó vẫn là nỗi ám ảnh với tao :)),1,0,0.25845012096258085
ko 1 từ nào để diễn tả bộ phim này ...,0,0,0.3100203274504684
"per đó là lý do tại sao em luôn nói với anh , có gì cũng phải nói ra",1,0,0.47265545659388664
xem video nay sao mà sướng hết thằng người,0,0,0.1491864050832722
coi ảnh này nổi cả gai ốc,1,0,0.31758880776717296
cưng chết,0,0,0.4943598938426603
thề dume c còn hết hồn nói chi đến khách =)))) sáng sớm ra mở cửa với tối đóng cửa thôi độ gan dạ cũng phải tăng lên mấy chân kính =)))),1,0,0.09615161121481525
"per trừ điểm , trừ điểm",1,0,0.2802640027974532
"chị ấy cười với tao kìa chúng mày , hạnh phúc ghê 😊",0,0,0.3622118162177253
lại đến giờ giải trí rồi mềnh ơiiii per =))))),0,0,0.13775290413471578
nhìn thôi đã đau lòng,1,0,0.30539039828208236
per có sub rồi nè . má coi đi coi lại vẫn mắc cười . với đưa anh stk đi,0,0,0.266912280553444
câu được chục con heo vàng chả được cái gì,1,0,0.2777619119444761
thú vị vậy =)),0,0,0.19437498687972915
ngày xưa đi học đạp xe qua cứ tưởng được quay phim đưa lên truyền hình :)),0,0,0.16029443637799773
bằng tuổi người ta mình vẫn còn mải nghĩ chiều nay ăn gì 😢,1,0,0.2411459787250452
các bạn nữ đập đầu vào tường chết hết rồi,1,0,0.37528794923255165
cặp này lầy mà dễ thương,0,0,0.20774144816368875
nhìn hói mà thấy thương gê ??,1,0,0.1591222780919574
móng tay và tóc theo thời gian thì mọc càng dài tại sao chỉ có con chim là nó không mọc dài hơn nữa ta,1,0,0.3353514283108898
cao quá cũng khổ chứ sung sướng đéo gì 😓,1,0,0.34102290292457005
per một thời nè 😃,0,0,0.4326357737424608
tôi ở phú yên và anh này nói rất chuẩn < 3,0,0,0.24745266206325991
có đứa nào vừa coi vừa nuốt nước miếng như tao không ?,0,0,0.4036350471937923
đó là 1 câu chuyện buồn,1,0,0.23104061079426313
nó mà cắn ai 1 phát thì ... nghĩ thôi đã rùng mình,1,0,0.2969629517352175
không phải thích của cải mà là thích ý chí của họ . đàn ông có chí tiến thủ bao giờ cũng quyến rũ,0,0,0.24076120280579327
"có tài nhưng đôi lúc muốn làm diễn viên hài 🤣🤣🤣, khoái thanh niên này buồn cười vkl",0,0,0.3060634073596728
siêu phẩm để đời .,0,0,0.1665055434830682
đựng túi nilon là chất rồi 🤣,0,0,0.3499134338375182
😭😭😭😭😭😭,1,0,0.4551050828833964
đúng . biết là sự thật tàn nhẫn nhưng vẫn muốn biết rõ cho nhẹ lòng hơn :(,1,0,0.37368863408977493
"nhỏ thấy qua 1 lần , nó bị cột ngay trước cửa nhà người ta ở trong hẻm , mỗi lần đi ngang qua là nó lại định lao tới cà khịa",1,0,0.1683413200037752
per thần thái còn phải thua haha,0,0,0.4114437861165093
per dã man,1,0,0.2808212996624318
"ở nói chuyện ngoài hộ không khì thị về giới tính , họ cho được kết hôn . chứ họ không kì thị như ở việt nam mình hai người kia họ thật dũng cảm khi sống thật với giới tính của mình",0,0,0.4885127388540785
tao đang chờ xem bà ấy được nghe nhạc ý mà hết video 🤣,0,0,0.14676810413160848
"1 bộ phim phải nói trên cả tuyệt vời , xem đi xem lại cả chục lần rồi mà không ngán",0,0,0.19490254869043938
tận cùng của tan vỡ,1,0,0.250100280345434
làm kiểu không cần bẻ phê hơn =))),0,0,0.11611213577129915
còn gì đau đớn hơn cảnh này :(((,1,0,0.3252993497277291
tuổi thơ của tôi cũng từng có 1 người c . trai bỏ mặc tất cả để bảo vệ tôi 😘😘😘😘,0,0,0.4529024038128777
per ông xã xem khúc nó kéo xe chở con chó nè :)) đọc bình luận hài hước ghê,0,0,0.23664626856322435
đáng yêu như em tao ý . cứ mỗi lần nó quyết định ngủ ở đâu là nó lại đấu tranh tư tưởng 🤣🤣,0,0,0.27670881848707785
không có gì là tồn tại mãi nhỉ,1,0,0.37250392303164404
nhưng tôi đéo có bạn trai thì phải làm sao ?,1,0,0.49533426737791597
giờ mới biết =)),0,0,0.15202665358115097
cần gì những thứ xa hoa lộng lẫy đâu . dù chỉ 1 bông hoa nhưng đong đầy yêu thương nhắn tin đã cảm thấy đủ hạnh phúc rồi 😊😊😊,0,0,0.2905621480024137
hồi bé bị ghiền mùi này :)))),0,0,0.16642082267485495
may mà còn gỡ lại được 1 miếng sắt lớn của tàu hỏa nó bung ra nên bán đi cũng đỡ được vài đồng . kaka,0,0,0.24674392631818237
"đẹp quá mày , còn không cho tao xin ít",0,0,0.46890954362861786
:))) 1 phần của bài quyền là phải gẫy gậy và té sấp mặt luôn để đỡ bị đối phương đâm lòi phèo,1,0,0.1694396171425171
chất lượng âm thanh bản này hình như nghe hay hơn bản gốc hồi mấy năm trước nhiều < 3,0,0,0.23453289080372458
hay lắm,0,0,0.2913237967054845
kết thúc 3 năm cấp 3 là khoảng tg đẹp nhất nhưng nó cho ta nhiều kỷ niệm đầy tiếc nuối 🤔,1,0,0.17023754661171178
cái này chỉ sướng mấy anh đèo mấy em ngực bự đi đường này nẩy tâng tâng,0,0,0.3388367701238778
ơ tao cũng học ông này hướng dẫn hay sao ấy :))))),0,0,0.1651674214386736
anh em để tao hưởng trước nào,0,0,0.3112979533141039
"giờ đây chúng ta , những con người của ngày ấy giờ không còn nữa ... những lời nói về mai sau nhưng ta đâu ngờ sau này chúng ta càng trở lên xa lạ",1,0,0.30703367857191327
lâu lắc chưa xem lại !!! 😳. một bộ phim vừa ý nghĩa vừa hài hước ! 👍,0,0,0.19491277490236475
e quê bg mà mùa vải còn không có vải mà ăn @@@,1,0,0.2525538357663152
"kéo bấc mòn cả tay , ma nghĩ lai thấy nhớ thời đó nhỉ 😂😂😂",0,0,0.18752360502110477
lấy vợ xong béo quá rồi . hình như ai cũng v à 🙃,1,0,0.30583627884936665
đi học về thấy bán hoa đây đường mà cảm thấy tội cho bọn có gấu ... lại tốn tiền,1,0,0.22631710616857362
"mọa , mình nhà thanh hóa mà đéo biết gì luôn @@ :((((",1,0,0.2478914238108351
đám tụi tao đi chơi xưa nay đều dọn sạch đồ mình kêu hoặc xếp lại gọn một chút cho người ta đỡ dọn .. cái này là sự ý thức thôi …,0,0,0.22989076103807926
xem không dưới 3 lần chia sẻ không dưới 2 lần nhưng mỗi lần nhìn thấy lại xem lại buồn,1,0,0.18478355482528974
per năm nay 2 đứa quyết định ngồi hay đứng kkk,0,0,0.26363485369329076
nắng cũng đã sắp tàn sao mà chả thấy em đâu ...,1,0,0.3706851427544655
bình tĩnh vãi_chưởng =)),0,0,0.14337872292735135
bà tao mất rồi :<,1,0,0.27906005366146897
"đuma tao đang ở đấy nè , vừa đi vừa ôm túi sợ cướp :((",1,0,0.37516717295910607
câu nói quá chuẩn và ý nghĩa 👍,0,0,0.2680854955063169
một bình luận của người trong cuộc . đọc xong thấy ấm lòng cho per !,0,0,0.3444262469401727
đã thử và rất thích thú 😆.,0,0,0.33150450949643406
tao tưởng nó té cái đùng chứ . làm ngồi chờ mãi mỏi cả mắt,1,0,0.36466785876593316
"mà hiệu quả bất ngờ quá , quá đỉnh .",0,0,0.1574492060241057
cuộc sống mà =)),0,0,0.23285872304528557
"nó gieo cho tao mầm hi vọng , hi vọng vừa chớm nở nó đạp xẹp lép sự hi vọng bằg sự lặng im",1,0,0.3254035528562812
đề nghị admin xóa bài đi ạ . chứ bố mẹ em sắp đi chợ về rồi ạ :(((,1,0,0.24752171355726701
mèo nhà tao cũng từng đi lạc vì bị chó rượt tưởng mất rồi . sau mấy tháng thấy nó trở về nhà mừng vãi 😁,0,0,0.3106732811586822
chắc phát khóc mất 😭,1,0,0.4043399796238198
chủ quán này xinh gái lắm nha !,0,0,0.2134248258023283
nghe bài này nhớ nyc vãi,1,0,0.13532475788374346
lúc rài không gặp được mặt cờ rút nữa 😪,1,0,0.3142669096558082
tao phải công nhận là nó giỏi vãi . từ đứa diễn đến đứa quay và edit video .. giỏi vãi 🤣,0,0,0.20180467035770344
cười đau bụng :))),0,0,0.21903534309286812
tê tê phê phê sung sướng vãi 😌,0,0,0.21263964351219036
tao có hiểu đéo gì đau,1,0,0.47525139574150993
rồi nhận ra chỉ mình là cảm thấy như thế thôi hả :(,1,0,0.3919044406766324
thôi mình nói đùa đấy :(,1,0,0.24344875443383487
thiệt là dễ thương quá đi mất . 💕,0,0,0.2512365717565272
ghê quá đi,1,0,0.202888981890592
"thương tra ̀ o nươ ́ c mă ́ tao ... cuô ́ i cu ̀ người thi ̀ ban la ̃ nh đa ̣ o bă ́ c ninh đa ̃ lên tiê ́ người giu ́ p đơ ̃ ca ́ c be ́, du ̀ qua ́ muô ̣ n @",1,0,0.3198021466396199
cha mẹ tao còn cãi lộn nhau vì không biết ngày sinh tháng sinh của tao là dương hay âm 😢😢,1,0,0.28770444212656004
per đã nhẫn nhịn lắm ... đến khi con sen tao cứu tao thì tao đách có sợ đâu nhaaaaaaaa 😂😂😂,0,0,0.3829278386136329
"có bao nhiêu đôi ngôn tình , cớ sao lìa xa mình ta :((",1,0,0.42867741132321646
dăm ba chuyện hẹn hò có gì hay ho 😌 nhưng mà thi thoảng có dăm ba cái chuyện này cũng hay 🙂 tóm lại xem để giải trí đỡ buồn cũng tốt 🙂,0,0,0.3029592445428542
lâu quá rồi mới nghe lại bài này . từ lúc ctay mối tình đầu :((,1,0,0.241561356939055
bị bắt nạt im re hà hiền khô luôn thấy tội nghiệp ai dè tới chừng ...... ha ha ha,0,0,0.285889280996618
dể thương quá ah,0,0,0.2112150005023163
chị em mình giờ nói ít thôi haha,0,0,0.32675466867582387
không biết nói sao ... nghiện chuẩn mẹ rồi ... crush ợ . mà nó nhẫn tâm lắm hồi trước còn hay call video . từ hôm tao cạo trọc y như là mất tích luôn . chắc phải để tóc mọc lại tao mới dám gọi . 🤭,0,0,0.27734294859438824
con dang yêuc qua ha,0,0,0.31300548797014444
pháp luật là bạn của nó rồi anh ah vì quen anh anh chị b trên quận ah nên em cũng sợ lắm ah :-(,1,0,0.20057984836325674
con lai xinh phết ??????,0,0,0.1587561255973839
muốn được đi một lần 😆😆😆,0,0,0.325347195492806
đm tao biết trước cả sự việc kiểu lìn gì cũng có nhện nhảy lên màn hình . vì mấy năm trước cũng có 1 thể loại giống như vậy . đm hú nhồn,1,0,0.1984861692205187
t thích nhìn mắt của crush hơn là nhìn nó cười,0,0,0.22101966267771128
hihi : chúc mừng đại kỷ nguyên có lắm người yêu,0,0,0.22530875073874174
cần lắm những sẻ chia . cần lắm những thấu hiểu,1,0,0.29927927384466296
làm ở đâu không quan trọng . quan trọng là có chị em tốt để tạo nghiệp :)))),0,0,0.22774273062414546
hơn cả bộ phim kinh dị !,1,0,0.23049129128754337
ngồi nhìn nó ngủ cũng thấy dth vler đừng nói cười 😌,0,0,0.2380516664566834
"kết nhất cái điệu "" xời quá là điều bình thường luôn """,0,0,0.1850929503352952
hời ơi ... cưng xĩu,0,0,0.2754332754688097
"thích chị này nhất phim í , bé bé xinh xinh lại diễn rất đạt :3 . hy vọng mai sau sẽ có bước tiến lớn và thành công hơn nữa < 3",0,0,0.12427337665337461
nguy hiểm,1,0,0.13424996583086854
per giờ thằng gù nhà thờ chạy đi đâu đây :(,1,0,0.29895850675218005
haiz nuôi được nuôi không thì thôi chứ nuôi mà để v coi được haizz,1,0,0.3416768680122159
lương cũng sắp về rồi 😉,0,0,0.2006397833239174
mình đã về đến nhà an toàn hihi,0,0,0.35594175363505476
trồi ôi bài hát đỉnh caooooo,0,0,0.29423789551416857
per anh tặng vợ cái bát nha kaka,0,0,0.1362071584498621
boss mắc bệnh nghiện vợ 🤣🤣😭,0,0,0.2472794387595377
vì tao hay bị chúng nó chọc nên thấy buồn,1,0,0.264954143448244
ko biết crush bây giờ có ở nhà không nữa 😭😭😭😭,1,0,0.357933973194221
per đem rác về nhà vứt luôn haha,0,0,0.11258174128123918
xem xong tao đã khóc rất nhiều,1,0,0.3007606370809
"nước mắt tự trào ra , thật sự rất cảm động 😢",1,0,0.40580480514226847
không hiểu sao đoạn này rất kích thích trái tim hủ nữa của tao =)))),0,0,0.27843033182127347
nhìn cái muốn cong :d,0,0,0.17510874391996978
mới gọi điện thoại xong mới cười với tuii xong heheh anh đáng yêu vãi,0,0,0.20206115150210396
đi đường buổi đêm nhìn thấy hãi vãi ??,1,0,0.1651643579761044
"có ai lần đầu bắn kéo ngược ra phía trước đạn bay vào mặt giống tao không , đau điếng",1,0,0.36789348276061024
đôi khi có tiền cũng không đi được đâu vì đéo có ai đi cùng,1,0,0.4923891851006504
cưng quá,0,0,0.23535027760209976
khi cô đơn lòng em nhớ ai :((,1,0,0.4676284171714796
"cha quay phim cũng không phải dạng vừa , mẹ diễn viên thần thái vãi",0,0,0.1952459916613577
"1 câu mà người ta hay nói , đắng như vị đời 😌",1,0,0.23199333152937734
mẹ tao cũng thix em này 😅,0,0,0.3547501842876338
rất ghét phim ấn nhưng phải nói phim này hay 👍,0,0,0.3301539326039712
tôi trưởng thành vclll,0,0,0.23768657178678004
hy vọng sẽ mau tìm được anh người yêu thật tốt để 5 năm sau có một gia đình như vậy ❤️❤️,0,0,0.18695378216097272
thực ra chủ nó cũng bẩn vãi :) vầy quá kinh dị rồi :),1,0,0.1907868224611199
cuộc sống là cho đi ❤ đôi khi chỉ cần được thấy họ cười là bản thân thấy vui rồi ..,0,0,0.4722366397092132
cực kì bản lĩnh lẫn liều lĩnh,0,0,0.3562997922892706
tôi còn chẳng lấy ảnh lớp cho nữa,1,1,0.5066727405404421
nấu cơm như vậy xong đi lên nhà xem hoạt hình .. đến lúc hết phim xuống để xới cơm thì .... khét lẹt,1,0,0.19824012705575417
tớ có thấy con ngáo đấy nhưng không dám lại sờ huhu tt,1,0,0.3890304290267649
muốn share về mà sợ bị bạn nè phẫn nộ quá,1,0,0.32311453173749044
kiểu lâu lâu cũng không được nhắn tin cho ai như thế nên cũng muốn tình cảm xíu =)))) biết đâu,0,0,0.3020217425046744
tao tháy gái nguy hiểm vãi,1,0,0.1397930977428049
câu hỏi thú vị 😃😃😃,0,0,0.3770742423601462
đcm ác mộng,1,0,0.33299717894483033
xem phát khóc mẹ luôn 😭😭😭,1,0,0.2648581042259471
"per nhớ ngày xưa gần nhà mày có đàn ngỗng , tụi khốn nạn đó toàn đi dàn hàng ngang chắn hết đường hết lối , mỗi lần tao đạp xe qua là rượt tao gần chết :v ám ảnh vãi",1,0,0.4934033229077083
crush của tao đi làm rồi . hihee . sáng mai mới về cơ 🤣🤣,0,0,0.24230767020897068
dễ thương 😂,0,0,0.14393779752517957
khổ thân vãi :)) xong bà lườm luôn :)),1,0,0.12654071085672902
có con gái thật tuyệt ! 😍,0,0,0.17967831437707557
"nhạc buồn quá . bài này là bài "" chia tay trong chiều hoàng hôn nắng úa màu "" - justin bieber cho bạn nào chưa biết nhé . :'(",1,0,0.2127811009579186
mày giận lại tao hả tốt quá bố mày được đi chơi game rồi . tối về dỗ nó sau . chờ mãi câu giận của mày :)),0,0,0.26505309568283064
đag bị cuồng mấy video của chế này . ai có ngoài video này tag cho mình xem với nhé 😂😂,0,0,0.1520535369189276
nhìn dáng đi mà nhớ ông nội 😞,1,0,0.19412297966732775
per hihi nhớ không,0,0,0.24471011109431676
3 giờ sáng nằm xem xong khóc miên man 😢😢,1,0,0.3207606522147237
đm trí tuệ vãi,0,0,0.21361944865673188
"sau khi kết hôn , anh sẽ thuê người giết cô để hưởng trọn tiền bảo hiểm 😌",1,0,0.23507622521564867
"đó là lý do tại sao tao chẳng bao giờ đi hùa mấy bài bóc phốt , xem cho vui rồi lướt thôi :))",0,0,0.20669389003952318
t phải tìm bạn trai là nhiếp ảnh gia mới được 😆,0,0,0.35969622530988205
hình như anh nay đóng phim ngây ngô thì fải ... phim đó hay lắm các bạn nên xem,0,0,0.17731434476388255
cảm thấy bị tổn thương,1,1,0.6982033240697119
động lực của phan con gái,0,0,0.17954757239007196
anh ấy không thương tao,1,0,0.24838825168386777
ha ha ❤️ chất lắm,0,0,0.3112973843184731
yêu chết đi được .,0,0,0.4282048076489109
một cách bán hàng nta gọi là đẳng cấp,0,0,0.32523259436891383
cute vậyyyyy,0,0,0.2923996093568886
"bắt cóc như chơi đó mậy , be careful",1,0,0.3410293286715727
xem đi xem lại vẫn hay ;)))))),0,0,0.12052617003040024
không biết s chứ ngày lúc 17t tao đi phục vụ phòng karaoke ... mình tao 2 phòng chạy qua chạy lại mệt quá vì xỉn ... kkk . thế là tao nghỉ trong ngày đầu vào phục vụ karaoke .🤣🤣🤣,0,0,0.33745501107711967
nghe quả tên nó đã khét vãi rồi . :))),0,0,0.17536016673426902
cho nó cắn phát xem có thành spider man không 😂,0,0,0.1796350052619637
nó ốm nhom thương ghê :(,1,0,0.23892201251907677
trẻ trâu việt nam thật đáng sợ,1,0,0.2671462156532958
per hóng phim này dụ dỗ mọi người xem tiếp nè anh :v,0,0,0.29110247562846836
cíu tao khỏi hai tên đồng nghiệp bị crazy huhu,1,0,0.2626134572263183
tuổi thơ mình lớp 4 đã cảm nắng 1 anh chàng từ 1 viên phấn vôi .,0,1,0.568425364897275
"per chưa bị rượt mà đọc bình luận thấy sợ quá , chắc tao sợ chó không là gì với con này :)",1,0,0.26223021419829007
người ta có bạn bè nhìn vui thật,1,0,0.13001685100692204
"đã dùng , nhớ quá ngày xưa",0,0,0.35656421384042963
tiền mất tật mang . xe đã nát rồi giờ còn phải đền cách cửa cho tàu nửa,1,0,0.2748880191025372
người gì đâu mà đẹp trai hết sức !,0,0,0.26600303615660426
"haa ... haa ... ! đúng là có thay đổi lớn ! ngồi nhâm nhi ly cafe , phì phèo điếu thuốc nhìn thiên hạ cũng vui kkk ... !",0,0,0.26775665518917124
"tao toàn thế giận tao tao dỗi lại , lại phải dỗ tao . hahahaha",0,0,0.3077374103352776
lại công cốc rồi . cả thế giới kì vọng,1,1,0.5674439012109201
ước gì tôi cũng được kiên trì như anh ấy để dạy con gào mất nết nhà tôi 😪,1,0,0.29697214322304255
lạy ông nào nghĩ ra kịch này !!!,0,0,0.3431733492514899
đứng trước mặt nó tụt quần ra auto hết giận,0,0,0.393053919721077
công nhận 😌😌😌 đồng nghiệp hạp hạp tí có khi ngồi buôn cả ngày bám hơn cả bám người yêu . đi làm hôm nào cảm thấy hôm đó ý nghĩa vãi,0,0,0.2593922426530448
chủ thớt sấp mặt rồi,1,0,0.24116559615012412
ngày ấy cũng từng như vậy ☺️,0,0,0.27687509226758605
quan trọng là đỉnh ^.,0,0,0.2795959892148743
"mình chưa từng thấy phim nào ý nghĩa như phim này cả , nó dạy cho ta về nhiều mặt trong cuộc sống , khi vui , khi buồn",0,0,0.27158644230024465
tính ra con bé đó chuyên nghiệp ấy chứ,0,0,0.17358352206029448
những người thả phẫn nộ xứng đáng là thiên thần . dăm ba cái yêu đương vớ vẩn . ahuhuhu,1,0,0.18257809727596308
"per anh nào nhắn vậy là tao yêuc luôn đéo suy nghĩ , ngọt vãi",0,0,0.33091651228153973
đm cười ĩa,0,1,0.549402189050237
nhớ tới mối tình đơn phương !,1,0,0.18038427655715436
mỗi lần có video của con là cứ coi đi coi lại hoài . cưng con quá .,0,0,0.2403442046620484
là do bản thân tao ngu thôi,1,0,0.41311200474064286
per đã hiểu tại sao thằng bạn mình đam mê gym .. thì ra đây là nơi nó được sống thật với giới tính của mình ..🤣🤣🤣,0,0,0.47462906496877194
"3 idiots , bộ phim rất đáng xem",0,0,0.21944909126749815
"cái quá phơi lúa xong mưa , tao đang cười vì bà béo thì phải ngậm mồm .",0,0,0.2794406682710326
nhà tôi còn nè,0,0,0.3377748018579703
"mấy anh làm video đầu tư ghê , nội dung diễn xuất hay",0,0,0.09179135090956037
"kinh nghiệm được truyền lại là khi nào nấu xong bỏ tí "" tro "" vào lần sau không phải nấu 😊",0,0,0.2455203162610151
"đó là 1 câu chuyện buồn , tao không có bạn trai hix hix",1,0,0.28198843133160423
haha . dễ thương gê 😊😘😘,0,0,0.16277622928725693
"đúng vại , với ai nó cũng tỏ ra như thế . hihi 😂",0,0,0.345930887788207
hạnh phúc phát khóc,0,0,0.3135650253127451
ông thần tài cũng không dám ăn luôn,1,0,0.4173124858536209
thương quá . géc nhất những người nuôi chó mà không chăm ... tội cho kiếp em nó gặp phải 1 người chủ như vầy . thân thương !,1,0,0.2213528589194975
"hồi nhỏ hay bị ngỗng rượt , vừa chạy vừa khóc la 🤣🤣",1,0,0.2724994043238704
1 câu chuyện buồn :)) khuôn mặt biểu cảm :((,1,0,0.24677642411720338
đúng là tốt quá lai thành lạm dụng 😶,1,0,0.3431367655968336
ngô ̀ i đo ̣ c bình luận chu ́ người no ́ tag người yêu va ̀ o ma ̀ sô ́ người mu ̃ i la ̣ i cay =)),1,0,0.23517804272482754
hôm qua tao cũng xem chục lần :))) bài đếch gì hay vãi :)))))),0,0,0.13984994380941015
cmt thế thôi chứ thật ra còn trả dám ấn vào video để xem . đời tao tởm nhất là lũ nhện mà hay gặp vãi :((((,1,0,0.2778148891603958
tưởng mai đi họp phụ huynh mới bị u ám . ai ngờ hôm nay mới biết điểm anh 9 . 5 thôi đã u ám rồi :),1,0,0.29780638822898176
cả tết được có 400k :(,1,0,0.27348272899590975
xem xong thấy buồn quá,1,0,0.19747291451536275
mai đến phòng đi tập luôn,0,0,0.23373544217082415
per ông đó có đôi mắt đẹp ghê,0,0,0.27066052497311877
tao đéo ghê con rắn tao ghê mấy cái trồi lên kìa :))),1,0,0.2422488564993507
"mới đầu mày sẽ thấy vui , từ từ nó quậy cho mày ????",1,0,0.31599397483944497
tanh bành cuộc đời rồi,1,0,0.3117208933384541
cảm giác vừa uống cà phê vừa hát mỗi ngày bình an lắm,0,0,0.3052265672729378
dm . đồ dạo này lắm tạp chất hay s í nó đéo phê nhg mà vẫn bị ngáo,1,0,0.2965089492217636
đến giờ tao vẫn chưa biết biển là cái gì ad ạ .,1,0,0.27873351835996996
là đi phát tờ rơi ngay mấy ngã tư và cổng trường đại học ! được 200k về mua skin yasuo siêu phẩm 2016,0,0,0.21887237252929667
có ai xem xong không sợ với không giật mình như tao không @@,0,0,0.32395805944863415
nổii da gà hic,1,0,0.3645972966832607
bạn trai người khác không bao giờ làm tao thất vọng =))))),0,0,0.25071042494862916
cám ơn các anh,0,0,0.1617947454773067
tuyệt thật,0,0,0.3370444745047512
crush bị thịt hay không không quan trọng . t chỉ sợ vợ tao đang bị thg nào đó gạ địt thôi . nghĩ mà buồn,1,0,0.34948227616051064
per có nên áp dụng với anh hàng xóm không nhể 😆😆😆,0,0,0.3263260999963558
t chỉ sợ cảnh đấu kiếm :((,1,0,0.18868201432792556
bà của tôi đã không còn khi tôi còn chưa biết gg là gì,1,0,0.3862425438985246
"mỗi ngày đi làm về , tôi không vội vào thang ngay mà thường ngồi sảnh tầm 20p chỉ để ngắm gái xinh cùng tòa 😆.",0,0,0.39202139014188053
đau còn hơn tỏ tình bị từ chối per,1,0,0.33250990889253557
khổ thân em nó . ??,1,0,0.2930085129789555
nhìn đoạn ổng tránh nó cắn mà nhảy tưng tưng rất chi là điệu nghệ và mang trong đó cả sự tấu hài nữa 🤣🤣,0,0,0.25895738209486646
per cười tức bụng nà vợ 😄,0,0,0.35283811552158184
hôm nay thật tệ :((,1,0,0.31611028031951127
người ta đỗ giữa 2 cửa thế kia là rất ý thức rồi,0,0,0.24244449299657414
nhìn mặt con chó tội vãi,1,0,0.2549328505363976
đã khóc . cha mẹ là người luôn yêu thương minh nhất,1,0,0.2199799651568984
nó lại hợp lí vãi :v,0,0,0.1943466893318611
may nó không đâm cho lòi ruột,0,0,0.23338684393312364
và người đó đang ở nơi đâu về với em đi . đợi người rồi người sẽ đến chứ ?,1,0,0.28133552938901535
"tui ở tuy hòa , phú yên mà chả nhận ra luôn .",1,0,0.23518175356992996
con thương ông quá,1,0,0.3002900859087578
mặt ô kia khát nước nhìn buồn cườ thế 😂😂,0,0,0.3154119906289663
e vừa bị điện cao thế giật hôm 17 chạp . bh nhìn cái ông này mà sợ .,1,0,0.21981803261995203
hihi lâu lắm rùi mới thấy nó,0,0,0.33650093716323237
"phải chi có ai đối với tao như này ha . nghĩ lại , mình không bằng cả chó . aiyo ....",1,0,0.3874086555432975
"như đi hiến máu chẳng hạn :3 , suýt thì được gặp :(",1,1,0.504775002272006
"thương các bác quá , vất vả 10 năm trời mà bị như vậy 😭",1,0,0.1760270757117696
cưng quá trời luôn,0,0,0.18460766838419418
mua con lợn 5 chục lì xì được có 40 nghìn mất thời gian tốn cả tiền bạc 😂,1,0,0.2760277012629205
đã từng xem em là tất cả . mỗi khi mỏi mệt về thấy em và con cười là anh hạnh phúc rồi,0,1,0.5543567518365446
đầu óc đến giờ vẫn còn nặng và đang né tránh mọi người .,1,0,0.45522705324699153
per bit cái nay không . hihi,0,0,0.20555885252889858
tội em vợ thế :(,1,0,0.39833040408490206
tôi từng được sống . nhưng đấy là truyện của năm ngoái rồi,1,0,0.37971525042947346
per không biết còn nhớ tên tao không nữa 😑,1,0,0.34382337743208635
"hồi lúc tao ăn lạp xưởng mắc xương , nói mà cũng đéo ai tin . tao hiểu cảm giác của mày lắm ?",0,0,0.3872041096544815
"cái đáng nói là chủ không có thương , dòm em husky này ốm nhom , mắt lờ đờ thấy tội lắm",1,0,0.2930119806862123
nhìn em mà thương roi nói chuyện mắt,1,0,0.29756459277455466
hu hu đã bị chụp,1,0,0.27915506296489906
:)) bật nhạc lên và quẩy thôi,0,0,0.14100472134853673
"chuẩn . tao mà chơi hoặc làm việc cùng bọn con gái tính công chúa một thời gian thì tao ngày nào cũng sờ troét , sau đó bị trầm cảm .",1,1,0.525809545660712
aii may mắn thì có vị ngọt còn aii thiếu may mắn thì họ chỉ toàn gặp những vị cay vị đắng của đờii :)),1,0,0.21717459165537478
lúc đấy là mình mình cũng lắng liền rồi chắc trào nước mắt mất,1,0,0.4592877184809308
mới ho mà đã như thế nào thì lấy chồng chắc sống trong bệnh viện cả đời mất thôi,1,0,0.37371432399230176
chạy ngay đi 😒 trước khi bọn chủ tịch vào đây và giả làm con cặc gì đó rồi bị coi thường và chúng mày phải nhận cái kết đấy !!,1,0,0.244899764983769
tao dễ thương nhưng vẫn ế đây này mơ mộng ít thôi,1,0,0.41417764002336377
"ngày trước đi mua cái này cho chó của đứa bạn thân . mà 2 thằng thử xong phê quá quyết định mua mỗi đứa 1 cái , và chó 1 cái :))",0,0,0.11100445317630903
bản thân quá hạnh phúc khi trong cs này rất . rất nhiều người mơ ước được như mình hiện tại . 😊😊😊,0,0,0.3589173245761155
h chỉ pk nhìn họ bên người khác :((,1,0,0.2876652166437855
per =))))) hahaaaa,0,0,0.21617597366210878
đau lòng lắm khi tối nay chồng tương lai của tao lại cống hiến sức lực để chăm sóc vợ thằng khác ..,1,1,0.5363657133900885
per về xem anh :v đái ra quần chuẩn mẹ rồi,1,0,0.2729108981047791
mày không được ăn đồ chua nhưng phòng toàn xoài chua :(,1,0,0.44362057558940926
phim này rất hay . tình cảm nhẹ nhàng . toàn zai đẹp . hehe,0,0,0.19316013204843693
khi nhỏ còn bị nghiện mùi khói này nữa chớ . 😄,0,0,0.3123222764883042
"vietcombank 1 tháng trừ hết 22k phí inter với mobile banking , dù tháng đó kau chả xài tới cái nào :((",1,0,0.23645921539770878
per =)))))) hít đi cho no chứ mắc công lại chửi tao không biết điều giở trò trước mặt cẩu fa như mày :),0,0,0.2567708033676858
dume cười muốn chết người ta ~~,0,1,0.6760544400874599
why ???? ai đã cướp boss 6 múi của tao vậy 😭😭😭😭,1,0,0.4127011011335462
"đã từng nhưng 10 năm về trước cơ , buồn ghê",1,0,0.2963718814813113
"giỏi mà 😁, đúng là thằng tây duy nhất ở vn học tiếng việt mà giọng tuy hoà ( giỏi )🤩",0,0,0.2364649633610394
"có hôm nó lo đọc cho mình nên không chép kịp bài , cô giáo bắt phạt đánh đòn cả hai đứa . năm sau bạn í chuyển trường mất , nhớ bạn quá !",1,0,0.21037796555115718
per đợi rụng răng rồi anh tặng quà cho em luôn háy . hhha,0,0,0.15575350981115288
tìm mọi lí do để có thể chạy xe ngang nhà nhìn nhà nó phát xong cười mãn nguyện đi về :)),0,0,0.1731425912696391
phận làm trai nào sung sướng gì 😂,1,0,0.2642034101164183
buồn cho 1 đất nước .,1,0,0.24775460513741054
"per 2 con hay cap màn hình nhất thế giới , nói chuyện với nhau toàn cười ỉ 🙄🙄🙄",0,0,0.4454235161019233
hy vọng mọi điều tốt đẹp sẽ tới,0,0,0.30112251008100815
có ai xem đi xem lại như tao mà vẫn cười đéo nhặt được mồm không ạ :)),0,0,0.251033645333946
cứ thấy nó là ăn không còn xác thì lấy gì chúng kịp phá . nhìn thèm ứ chịu được 😔😔😔,1,0,0.29567743921348966
nản kèo vãi,1,0,0.2742811330202237
vì yêu người khác nên biết là ngu nhưng vẫn làm :(,1,0,0.2397868527771099
nhỏ nhặt nhưng ý nghĩa và hạnh phúc 😊,0,0,0.22995208809227327
chúc trump chuyến bay thật may mắn nhớ tới thăm hà nội nhé xin chào,0,0,0.1431840740926066
chắc kiếp trước gieo nghiệp kiếp này phải gánh thôi,1,0,0.3183041151754993
"ôi mệt quá , một ngày buồn tẻ",1,0,0.4880256604628096
"thôi không níu giữ kí ức xa vời , và chẳng bao giờ thuộc về nơi em",1,0,0.26879204003731805
có cả chiêu của per trong đấu trường thú nè :))),0,0,0.14953171803451273
chẳng hiểu sao tao cười sặc sụa,0,1,0.5775078382225184
địt mẹ đời tao,1,0,0.33725110973659594
đúng là nhân tài luôn ở khắp mọi nơi kkkk,0,0,0.27114978063617123
có tiền chưa chắc đã ngọt nhưng nếu không có tiền chắc chắn là đắng .,1,0,0.24214645794651274
per có thằng bị tao bắn từ đó không thấy họa mi hót nữa luôn,0,0,0.270962946995144
khuôn mặt đáng thương,1,0,0.31623933336274085
kinh khủng thật :((,1,0,0.311005699190969
mày lấy sỏi xếp thành tên dume khôn như tao này .,0,0,0.3358996748435929
tao thì muốn là đéo bao giờ . nhưng mẹ tao thì muốn ngay bây giờ 😢,1,1,0.5708489102496219
em vẫn nhớ cái bếp này kkk,0,0,0.189453439070802
có ai không sợ nhưng giật mình như tao không :) dumehuhonchimen,0,0,0.2887338827001448
diễm quỳnh haha em không biết,0,0,0.20157710631066528
clm đêm rồi tha cho tao 🙂 tao đéo muốn chạy xuống dưới nhà hoặc là nhịn đến sáng mai đâu 🙂 con gì thì con kệ mẹ 🙂 đừng nhắc đến nhện 🙂,1,0,0.35120956073676307
"hí hí . tiến sĩ cừu , thạc sĩ cừu ... chẹp chẹp 😃",0,0,0.3450556817954263
chưa khi mô biết cảm giác đi nhởi trung thu với người yêu như răng,1,0,0.23678129643034798
khá quá nhể :))),0,0,0.1410524714447713
tình anh em thật đáng khâm phục 😍😍😍,0,0,0.15214260733016538
ngày trước mình qua singapore cũng vậy . dư hành lý 2 chi em mă ̣ c 4 bộ lên người kkk,0,0,0.327610358685115
cứ sợ rớt điện thoại :)))) sợ nhất là lỡ khúc nào khó là té không thể tả nổi,1,0,0.16601423345572602
"ôiii vãi , dume nhìn thôi tao đã sợ rồi . từ nhện nhỏ đến nhện to không con nào là tao không sợ :((",1,0,0.23972490850267347
chủ như này lại chăm làm vãi =)),0,0,0.21128069866259733
per nhìn nó gớm những vẫn khoái coi . thú vui biến thái dễ sợ,0,0,0.22430553393162272
âu cũng là kiếp người . tại sao ông trời lại đày đoạ con người ta đến như vậy,1,0,0.24544117011378289
"per hồi học đại học , điện hỏi xin tiền bố , bố ra ngân hàng gửi tiền rồi điện em hỏi stk rồi hỏi "" tên mày là gì ??"" 😭😭",1,0,0.2577741922043695
"tao cưới rồi , cưới nữa cho vợ tao chém tao chết à",1,0,0.425687399712183
gì mà ghê vậy 😑 sởn gai ốc,1,0,0.23352770892763944
moá . tao muốn chết quách cho rồi,1,1,0.5448659325337716
nói thật :)) tao chỉ buồn cười khi chúng nó chia tay thôi :)),0,0,0.2701269144271624
"những hành động đẹp , đáng được trân trọng , và sẽ được lan tỏa ở mọi nơi , thật tuyệt vời 😍",0,0,0.18287483558413067
nhìn mà nổi hết da gà,1,0,0.2677733614511827
:v tới đây đi anh chịu trách nhiệm cho :v,0,0,0.21558327824402562
chúc bạn thành công < 3,0,0,0.18887196680850982
"per lại nhớ chiều nay , buồn cười sấp mặt luôn . :v dù mệt nhưng ngày nào tan làm cũng muốn được đèo đưa đi ăn kem , ăn đồ chua , ăn miến trộn như hôm nay cerrrr :v",0,0,0.4483116192911006
"thấy bảo sang năm được tủi , nhưng mà năm nay vẫn chưa có người êu",1,0,0.28488700741672623
"khổ thân người dân , trước dự án cao su là dự án cà phê , làm thêm dự án nữa coi như một đời bỏ phí",1,0,0.29870041958970084
trong mv mà có tao đứng dưới mưa nữa thì buồn phải biết,1,0,0.30891764166046476
đố ai định nghĩa được tình yêu . có khó gì đâu một buổi chiều . nó chiếm hồn ta bằng nắng hạ . bằng mây nhè nhẹ gío hiu hiu 👏,0,0,0.21661916028290046
sợ nhất con quỷ này trên đời,1,0,0.2791302101495144
tự hào ngồi mâm dưới,0,0,0.340995178708251
10 đứa bạn thì có 9 đứa là con trai rồi . sau nhiều năm kinh nghiệm thì chơi với nhiều trai thì sẽ bị ế muôn đời muôn kiếp . haizaaa ...,1,0,0.3011526456260816
"làm bác sĩ sướng thật , bảo cở là cởi , bảo cưới là cưới . lắc đầu cái là cả nhà khóc .",0,0,0.2913559705806207
đầu mùa chua chua ăn ngon vãi_chưởng . thích vải lắm luôn . trong khi nhà toàn nhãn .,0,0,0.38294843284811214
chị ấy được đào tạo qua lớp người nhện bắn tơ nên không biết sợ 😂😂😂,0,0,0.1873019635804778
xem mà cuối phim thấy tội chị ma nữ 😂,1,0,0.23877998760173666
😐😐 phê hơn lá chuối,0,0,0.18290988934531016
bên đây thấy yên bình hơn nhỉ,0,0,0.198740910948092
cần lắm những nhà tuyển dụng như vầy :)))),0,0,0.2039253369713538
một giây rung động con tim :))))),0,0,0.22567795242193905
nhìn giống hai anh đang tỉnh tò với nhau ghê ( mình là hủ đừng ném đá nha 😅😅😅),0,0,0.17863742267728597
chúng ta thật hạnh phúc và luôn đi chung với nhau suốt chặn đường dài rồi đó nà ?,0,0,0.1810693894144723
mong bé sớm được mua lại,1,0,0.17897246941444644
sao lại bất công thế,1,0,0.3580571728906002
"một lúc nào đó chúng ta sẽ không nói chuyện nữa , lúc đó có lẽ em thật sự đã buông bỏ được rồi ...",1,0,0.4034971572234544
học xong 12 như hết thanh xuân có lẽ phải bỏ lỡ 1 người,1,0,0.15495032650473972
"cv không áp lực , môi trường xung quanh mới dễ tạo áp lực",1,0,0.24437105987991126
"ngày xưa có đĩa phim này . bố đi công tác về thấy cái đĩa tên là "" cô dâu 15 tuổi "" . má ăn chửi sấp mặt ...",1,0,0.3558659333049277
per bị chì chiết từ 6h sang đến 23h phia . vẫn sống vui 😊😉,0,0,0.3139176974691427
e thắc mắc là cố gắng 1 năm mà rủi ro khách hàng hay bên nhà sx dây không cảm động là ăn cám ạ 😌,1,0,0.27940543950091495
cưng xỉu ~~??,0,0,0.24725325629602066
chắc là uncrush thôi . bố mẹ thì còng lưng ra làm cho con đi học .,1,0,0.27378367832881045
và sếp tốt có thể giúp ta vui vẻ từ sáng thứ hai cho đến tối chủ nhật 😀,0,0,0.14658889214898863
hay lắm chàng trai trẻ,0,0,0.3393568181403925
"đang coi thấy nghi nghi , tắt vô xem bình luận , đoán ngay là sẽ giật mình , nên thôi không xem nữa haha , dễ gì bị dụ haha",0,0,0.367559257693167
chưa bao giờ b đến đích là gì cả,1,0,0.29102700635063317
không cướp ở đâu đi cướp ngân hàng của nhà nước 🤣🤣🤣🤣,0,0,0.30072068529712337
nhiều lúc sợ bị pê đi,1,0,0.40496043526395137
dù thời tiết nóng bức ... nhưng ăn vải vẫn là ngon nhất,0,0,0.25507733188506293
bà tôi giờ mất mấy năm rồi giờ lớn lên rồi mà chả tặng được bà món quà nào cả 😭😭😭,1,0,0.29609771100651355
chỉ mong thương nhau đến đầu bạc răng long . vậy là đủ 👌,0,0,0.17655214880906292
éo biết sai hay đúng nhưng thanh niên này chất .. bản lĩnh bình tĩnh !!,0,0,0.20453985837005084
"fa lâu năm có biết 14 / 2 hay 15 / 2 là ngày gì đâu , chỉ biết là ngày đi làm về và rất mệt",1,0,0.43857790465084107
nụ cười của crush kích thích vãi :)))))),0,0,0.30834068751470045
tao cười tao ỉa =)))))) hâhhahhahahahaha,0,0,0.266504048617032
cái cảm giác nhìn người thân mình khổ còn mình lại chẳng làm được gì giúp .,1,0,0.45304723783796735
may mình đi làm rồi chứ 10 năm trước chắc sẽ phát khổ với bố mẹ vì mấy tin con nhà người ta như thế nào,0,0,0.31435707357400616
"moá nó , cười đau hết cả ruột",0,0,0.40607306834233625
tuyệt vời quá cần nhiều tấm lòng tốt hơn nua thật là ý nghĩa,0,0,0.21340176523350582
"tên của tao nghe rất bình thương , không có gì đặc sắc nên nhiều khi nghĩ cùng buồn tẹo .",1,0,0.400391840548621
nhanh lẹ hiệu quả cao 😂😂,0,0,0.1202893376973024
được đấy tao thích,0,0,0.2630849228710485
"chúng ta những tháng ngày sau đó vẫn gặp nhau , vẫn nói chuyện nhưng không phải những cô cậu của hồi c3 nữa . chúng ta đều khác",1,0,0.17966968397075744
tao còn độc thân này :((,1,0,0.44143079259121204
"ám ảnh vãi :)) hồi bé tao với chị tao trên đường đi học về thấy có mấy con ngỗng , thấy hay ra nhìn thử dume xong nó dí tao với chị tao về gần nhà :)))",1,0,0.15146951845201645
"nhiều kỷ niệm đẹp , giờ nhìn mấy đứa nhóc đi học mà muốn quay về quá khứ .",1,0,0.1021202281389314
"chắc ông chồng hạnh phúc lắm khi sống chung với người vợ như vậy , những đứa con chắc cũng yêu mẹ họ lắm ! mà thặc ra là giống với mẹ tớ lắm kkk",0,0,0.30251900752818695
tao sẽ chỉ tự an ủi là đấy chỉ có trong phim truỵên ngôn tình :),1,0,0.3196804651530401
e lên mang câu chuyện này đi thi thách thức danh hài . rất duyên,0,0,0.19548840880197846
per :)))) buồn cười vãi,0,0,0.2527844325875513
"quá đơn rản , bạn thân yêu ơi ,",0,0,0.22215726607817177
"tiêu đề bộ phim cứ ngỡ là thể loại hài , nhưng nếu xem hết thì các bạn sẽ rút ra rất nhiều điều và cái hay trong phim này",0,0,0.2089607665016635
đù . ?????? sợ tụt lol,1,0,0.2142923193235612
trích mà như vầy rồi . sao dám coi phim đây 😢,1,0,0.3167141266621632
dù có nói thích mày thì cũng đừng có tin .. xã hội giờ nguy hiểm lắm,1,0,0.24236162673949016
khi bạn bất cần vãi đời ... làm việc xấu mà cảm thấy thanh thản vãi 😁,0,0,0.19332204658260366
tuyển ngay về làm nghiên cứu viên cao cấp cho các hãng khóa :d,0,0,0.1513100383075519
năm nay chạnh lòng quá . haizz,1,0,0.2841360799748113
bài mà từng nghe khi tổn thương lần đầu,1,0,0.4379201593727764
đang tập hát 😶😶 hay thật 😔😔,0,0,0.19868241074944787
"chồng biết không , hihi",0,0,0.32566205788660185
sẽ hấp dẫn hơn khi dưới sông có cá sấu :)) lót dép hóng,0,0,0.2165410170992176
người lớn tuổi nhiều lúc rất dễ thương 😊❤,0,0,0.22336032363071828
tao thề . nhìn bạn ấy xong tao muốn rụng mấy quả trứng luôn 😓,1,0,0.16964341285968362
tao cừi tao ỉa 🤣🤣🤣,0,0,0.32948303937378803
dù ra sao vẫn giữ nụ cười và sự tự tin,0,0,0.372455133424472
cưng hết sức nà,0,0,0.341099121736458
sợ đến lúc đó muốn lấy vợ phải sang nước khác nhập khẩu về quá,1,0,0.4102578832607407
"t nghe nói : đi tập gym sẽ có người yêu ...! awwww . điều đó không sai , điều đó là có thật 😂😂😂",0,0,0.16989685174750793
per trung thu chia tay gấu à ? bất hạnh nhỉ,1,0,0.20711485828893983
xem xong hết cái video mà cảm thấy buồn cho cái xã hội bây giờ,1,0,0.1725212208901887
em nó đây nha các bác . kkkkk :))))),0,0,0.11271847526920119
per mày phải thấy may mắn khi cuộc đời mày được gặp tao :))),0,0,0.29998861820778694
anh đánh mất thật rồi,1,0,0.3683666053129276
điện cho đứa bạn . đem mũ ra . coi ai hơn ai . kakaa .,0,0,0.17039180675163432
người yêu tao bỏ tao rồi :(,1,0,0.2500292240931295
boss có bộ đồ ngủ đĩ thõa ghê gớm 😅,0,0,0.20111063067166762
"má , mặt đúng ngáo luôn 😂",0,0,0.2968649832063169
móng của bố tao . hồi trước và bây giờ đã cắt vì lý do . sức khoẻ .,1,0,0.3891617925330912
hồi xưa anh hay bị chửi trẻ trâu này nọ ... giờ anh là tổng giám đốc rồi 😁😎,0,0,0.32015111027051535
trước em cũng hắt xì 1 cái lưng khụ xuống như ông già đau vãi,1,0,0.30653716013504567
hay ý nghĩa sâu sắc 🙂,0,0,0.2930522837187734
yêu quá nè nè,0,0,0.22382081421427588
vỉa hè to thế vẫn còn muốn ăn cả ồ hố nữa hả =)),0,0,0.20003417547864927
ngồi nhiều quá nhìn họ đau mắt,1,0,0.31222281533276564
t chỉ thấy tình yêu của tao nó tan vỡ thôi,1,0,0.21627276397629863
dễ thương quá !!!,0,0,0.15302377975766768
năm nào cũng phải ở nhà trông nhà :((,1,0,0.1874699180788505
nguy hiểm đến với bao nhiêu bất cứ lúc nào,1,0,0.2542694595338853
"có mà bữa chạy ngược chiều trên qlo 1a tại có hẻm nhỏ để quẹo tắt , chưa kịp quẹo bị 6 anh csgt + 1 xe bắt xe tấp vô chặn đầu xe , hoảng hồn cmnl .",1,1,0.5058234011550337
thương anh bạn kia quá .,0,0,0.2853237818054768
trông rợn vãi :)),1,0,0.2105933264269416
giọng lại còn ấm nữa chứ ♥️,0,0,0.24446960992558076
"ngày xưa toàn bị mẹ đánh bằng dây điện , vụt phát nào ứa máu phát đấy . giờ nghĩ lại tự nhiên lại thấy hay , vì ngày xưa mẹ nghiêm khắc như thế giờ mình mới ngoan 🙂",0,0,0.32865649741538905
chắc mình là thánh nguy hiểm,0,0,0.1787725517317902
nhớ lần nấu cơm thần thánh này không ? per chỉ là mải nghịch nước thôi mà …,0,0,0.2985945902621036
cảm ơn bố !,0,0,0.2597360305422523
nháy mắt cũng đáng yêu kkkk,0,0,0.28238966449071934
lãng mạn vãi_chưởng =)))))) 0,0,0,0.18653430721339584
vâng chú ah haha,0,0,0.23208613842255874
tôi cũng muốn được cảm thấy như vậy ??,1,0,0.48889106049854797
đáng yêu quá . chúc ông bà thật mạnh khỏe mãi hạnh phúc như vậy 😍,0,0,0.13187983506362408
nhờ đó mà tôi cảm thấy nhẹ nhõm và trở nên mạnh mẽ,0,0,0.37031038050177206
giun này mà xào thêm ít xả ớt thì tuyệt cú mèo 🤣,0,0,0.3526375115140861
tớ chỉ an ủi bạn í thôi mà :(,1,1,0.5333900983689207
"per giỏi phết đấy mỗi tội nghịch thôi , được cái làm từ thiện nhiều .",0,0,0.26645342313031706
nhưng mà từ giờ trở đi đéo được tiếp xúc rồiii,1,0,0.39514817378667666
"hồi nhỏ thì tao bị cả bầy dí , được fine :)))))) đến khi tao 12 và đi học đh năm nhất , sau 1 tháng xa nhà , về nhà và cái kết là tao không còn bước ra khỏi cửa nữa , n dí everywhere :)))))))",1,0,0.1904308987967247
per gần nhà c ơi . hic hic,1,0,0.3195949926015593
nếu tao được gặp ba tôi 1 lần nửa thì tao sẻ nói con thw ba nhìu lắm . nhưng lời nói này chẳng pao giờ được nói nửa vì tao và ông ấy đã xa nhau mãi mãi,1,0,0.34058255700831547
bố đi đường mà sợ quá,1,0,0.2627669976751294
lúc dỗi thì càng dễ thương hơn,0,0,0.18801690546695515
đm lừa đảo hằng năm cả trăm tỉ . giờ phạt có 5 triệu :))) chán vãi,1,0,0.4292678605631773
"ko nói nhiều chỉ ủng hộ anh per vì thấy thái độ trước tòa là hiểu anh per hoàn toàn chân chất , không có thủ đoạn gì hết",1,0,0.2771590104742813
mình toàn làm ba mẹ buồn,1,0,0.36679765912036744
vui tính quá ?? vừa kết bạn xong ??,0,0,0.20999426858187117
chỉ biết xem và ngậm ngùi lướt qua,1,0,0.2725801912403926
cách tạo nghiệp chướng nhanh và hiệu quả :)),0,0,0.12600629230606802
ký ức 1 thời . nhớ,0,0,0.2690514498017784
chị lỡ mất 1 nhịp tim vì cưng đấy ❤️❤️❤️,0,0,0.19936313131642705
đẻ sao mà cu con đẹp quá vậy trời 😍,0,0,0.21990473638780408
mát lồng lộng mày ạ,0,0,0.32565982000649163
"bỏ qua mấy dòg chữ , nhìn khuôn mặt con bé không thể nhịn cười per :))",0,0,0.17610635177143505
"có ai nhìn thấy giun đang bò trong ảnh không , sợ vãi",1,0,0.25421033495805406
nấu có cháy mới ngon :)) còn nước cơm hoà với đường thì toẹt vời,0,0,0.21693373788489917
chắc thôi tao đéo ra đường luôn :))) sợ vãi,1,0,0.30680371884237356
khi nào tao thấy thích . mà thích rồi chưa có người thích cùng .,1,0,0.30064756008901544
gắn bó thời sinh viên á !,0,0,0.3481900401447099
bà ngày xưa đẹp quá ❤️,0,0,0.24364613092971107
buồn vì mình không giúp được gì cho ai . nhìn những người khác khổ hơn mình mà thấy thương họ,1,0,0.178751509158319
tao cũng vậy nè . lắm lúc đi với chồng mà cứ hỏi bên này bên phải nhỉ bên này bên trái nhỉ . mệt mỏi,1,0,0.3610804339620946
haha con mấy cái video toàn đóng vào mỏ nhau không . cười tụt quần 🤣,0,0,0.2559348293404738
ui đáng yêu gheê,0,0,0.24544773380465829
rồi đất nước mình sẽ đi về đâu .:'(,1,0,0.2959780134305108
"chắc tại từ nhỏ tới lớn mình "" man "" quá nên không gặp được gã nào ga lăng dư này :(",1,0,0.35029358136826244
đang thất tình mà dume cứ bắt đi bán xoài @@,1,0,0.27664728498349345
"per may có con bạn đang giảm cân nhưng nó hiền , nó sẽ lao vào ăn cùng tao chứ không tát sấp mặt tao như vậy , phải không ?",0,0,0.408580027048199
hồi xưa làm fanpage được gạ kèo 7 triệu nhưng nhất quyết không bán . cảm thấy quyết định đúng đắn nhất trong đời,0,0,0.24937246124633766
ụa cho fa đọc chi rựa huhu,1,0,0.2625289963217878
tao coi tao sợ nó lọt quá bây,1,0,0.36506325256938965
các bác dẫn crush qua cây sữa nay mà hứng nước đái ve nha haha,0,0,0.21143935791426605
nếu để ý kĩ thì lái tàu có thể bước xuống và kéo đường ray qua một bên rồi cho tàu bẻ tay lái một chút là cứu được cái xe . tiếc cái xe quá,1,0,0.2966233318327687
buồn vương mi !!!,1,0,0.20922814343285148
chuyên cơ tt quá đẹp ! bao giờ má mua được chiêc như vâ ̀ y trơi ̀ !!,0,0,0.22381064258624767
chắc chắn bố của bạn này là một người vui tính chứ không phải khó tính . khiếu khôi hài bạn ấy ảnh hưởng từ bố .,0,0,0.3144385560305031
tuổi thơ bất hạnh .. học mẫu giáo mà cạnh trường học là 1 bầy ngỗng . sáng nào tao cũng được chạy bộ tập thể dục nhờ bọn nó,1,0,0.28755949220170207
thấy anh đấy làm tùm lum mà con nhện vẫn đứng im là tao biết có chiêu rồi . định gạt anh ak,0,0,0.18816591807904198
per đi bộ ở trường về thì dcm nổi ám ảnh đúng giờ tao về là dcm nó ra nó dí ngày nào cũng dí chạy cái luôn,1,0,0.27743152221099293
"per sợ chưa , ông bác hơi bị cứng nhé :))))",0,0,0.15159988344734884
tiếc quá đẹp trai mờ không có chim,1,0,0.19138731635752984
bài viết hay quá !,0,0,0.20605308572755757
cái nay nhận ra lâu roài . mà đi làm toàn gặp đồng nghiệp đáng yêu hi,0,0,0.11933117983093551
lại được làm thêm quả nhà nữa . ngon,0,0,0.27535185540342977
"coi 3 lần mà vẫn cười , phim hay nhân vật dễ thương",0,0,0.19776072166729805
bản thân cố gắng cũng chẳng dễ dàng gì :((,1,1,0.5140591482718299
coi phim này xong thì nhỏ bạn tao bắt chước giống vầy với crush nó . sau đó thì ... à mà đéo có sau đó nữa :v,0,0,0.2625138280644346
nó cười với người khác chứ * beep * phải tao :((,1,0,0.43858548650586926
"mong là bố mẹ mình không đọc được tin này , sợ vãi",1,0,0.2986610667871327
"còn tôi thì lại khác , thanh xuân của tôi chả có bây giờ gặp được aiii và hạnh phúc bền lâu cả :(",1,0,0.29051307363755613
mỗi phút bên em thật tuyệt vời . chỉ em mới cho anh cái cảm giác đó,0,0,0.251140978345421
"trước đây mình không thích xem phim việt , nhưng mấy năm nay phim việt chiếu phim nào cũng hay . tự dưng không thích xem phim hàn quốc nữa .",0,0,0.2057418839578059
khoảng gần chục năm về trước thì còn vàng trắng .... giờ thì bán còn không đủ không đủ để trả công nữa là,1,0,0.3985466520296452
đứt quả chuối trong mồm . đéo dám nghĩ kết quả lun,1,0,0.27149092725002555
tao kìm nén lâu qá rồi mà 😌😌 tức nước vỡ bờ thôi,1,0,0.2251003567217188
đúng cát bà rồiii ~,0,0,0.19726273320790497
"đến lúc yêu nhạt cực :) tao thề ! kiểu chán chán , muốn quay về đơn phương hơn",1,0,0.20721338479189158
"những thứ tưởng chừng như rất đẹp nhưng kbh được trọn vẹn , cuối cùng để lại chỉ là những kỉ niệm đã từng :))",1,0,0.1780925341702787
"chuẩn , thấy đa phần nam chính vẫn được lòng hơn .",0,0,0.17092899284099286
đi làm quán nước mà mỗi cái bịch nay long đựng ống hút nó cũng xé nhỏ ra rồi để bay tứ tung đi quét đã muốn lòi lồn,1,0,0.38107117808968444
sởn gai ốc với chị ấy,1,0,0.2636619458413948
chủ kiểu lol gì đáng yêu vãi ?? :)))),0,0,0.12432189610958629
"lúc trước ông với bà tao cũng thế , bây giờ thì ông bỏ bà đi trước rồi .",1,0,0.2521580052319684
hôm nay bạn đi làm . tiền đâu mà mua 😌,1,0,0.14048728156082987
dễ thương vãiiiiiiiii,0,0,0.15696333372511093
dume nó hết con mẹ nó hồn ....😭😭😭😭,1,0,0.31507174335215804
còn tôi tự nhủ dù lớp học tự ý bỏ về hết tôi cũng phải ở lại học đến tiết cuối cùng . hết giờ tôi cứ ngồi đó rồi từ từ bước chậm ra cửa ngoái đầu nhìn lại .,1,0,0.4512923269507999
bạn trai thì chưa . nhưng mỗi lần thằng bạn nó cắt tóc cạo râu thì auto nhìn đẹp trai,0,0,0.2653549345617012
ngày đi học . có lúc đang ăn cơm . bố hỏi . per năm nay học lớp mấy rồi con ☺ t không hiểu bố tao hỏi cái gì 😭,1,0,0.3509726866984172
lớp 5 mà viết kiểu này cô đánh gãy tay .,1,0,0.2650102472800082
đi chơi xong về cũng buồn như chó cắn tiếp thôi,1,0,0.3367279650278788
dume cười vãi luôn trời :)))),0,0,0.19031931960534137
còn người yêu tao : một hơi có một anh đẹp trai bay lơ lửng rồi ôm lấy em khi em tắm :(((,0,0,0.3018051964541962
hạnh phúc là đây chứ đâu =))),0,0,0.21971453307846125
và cứ thế tôi khóa lại 3 năm thanh xuân tươi đẹp của mình :),0,0,0.27037257452115393
sáng nay mình cũng gặp 1 anh công an dễ thương lắm,0,0,0.23426386644506414
tất cả đã đều quá hoàn hảo rồi . trừ pha nhảy cuối thôiiii :v,0,0,0.25407606928592624
per :)) chắc giống cảm nhận của ông lái oto hôm qua,0,0,0.22973811202191893
hãy nên trân trọng những người bạn như vậy .,0,0,0.2693715228100876
ngoài mấy phim về vật lý ra thì phim nào của ấn cũng có những ý nghĩa sâu sắc .,0,0,0.2886230765891899
cuối cùng per cũng thành công rồi nha per nha,0,0,0.17894526744507994
cũng thơm mà . kì thị quá à .,0,0,0.3461581157513464
hình vui mà sao đọc lại muốn khóc nhĩ ...,1,0,0.29733145747039397
"per thể loại mới nè , có vẻ phê",0,0,0.16294766541757522
bạn này yêu bố nhiều lắm mới vui vì bị bố mắng . chứ ai đời bị la mắng mà kể lại cho người khác nghe mà vui đến thế,0,0,0.337979403055645
"tình đến , rồi tình cũng điii 🙂🙂🙂",1,0,0.20538427985804192
mấy má đang có kinh rồi mặc áo đầm nhảy qua thì nhuộm đỏ 1 dòng sông cmnl 😳,1,0,0.3504722473031495
ủa là đụme video hài hay deep vậy . chớ tao thấy buồn cười vãi vì nhây đéo tả được :))),0,0,0.177779761033856
thanh xuân rồi cũng sẽ qua có những người trong ta mãi chẳng thể xoá nhoà !,1,0,0.34782120529258964
cậu bạn mẫu giáo năm ấy chép bài cho tao để tao khỏi bị thẻ tay giờ đang nơi đâu ???,1,0,0.20627795013751493
nhà thì không xa lắm nhưng chưa bao giờ đi vì sợ bị đè bẹp luôn người =))))),1,0,0.1749517160695462
"từ nhỏ tới lớn đi học toàn ngồi chung bàn với nam , toàn phải đương đầu chiến đấu với vạch phấn chia đôi bàn ghế . 🤣🤣",0,0,0.3679906334285197
buổi tối vui vẻ và ấm áp nhé đại kỷ nguyên ! tương tác cho hằng khỏi trôi bài nhé !,0,0,0.11356324931339164
họ hành động quá đẹp,0,0,0.14634328150483994
rất chuẩn hãy sống làm người cơn luôn luôn co hiểu thảo với cha mẹ của mình nhé moi người ơi,0,0,0.2938380202466677
nói chuyện yêuu thế đmaaaa ??,0,0,0.41880282162402255
anh thích em rồi đấy 😂,0,0,0.22674784651081242
tội quá ! nuôi mà không chăm sóc,1,0,0.4047335288154859
3 thằng ngốc . xem ý nghĩa lắm,0,0,0.279265264307997
"có người cả đời ăn không hết lại có người thiếu ăn , thiếu mặc nhìn chán đời vãi",1,0,0.2424794248504283
người tài như vậy lại không được sử dụng đúng mục đích … quá buồn,1,0,0.25167445945397526
t đã cố tình che mặt nhưng vẫn giật mình,1,0,0.3367821273849665
khi nào đón bé về nhà nhớ chụp đăng lên cho bọn tao coi dung nhan thằng bé nha :vv,0,0,0.11946135933916659
haha cứ lên xuống thấp thỏm kìa ..,0,0,0.2977585456304242
tao chả nhớ ngày tháng năm sinh của mẹ tao và ngược lại :((,1,0,0.36856687188805515
có tiến bộ ! kkk,0,0,0.33281159495862633
ngày buồn hôm ấy tôi cũng là người rời khỏi lớp cuối cùng .!!!,1,0,0.32044297644008635
vâng ah nên em cũng sợ quá mà :-),1,0,0.3036899648434385
cái mặt xinh quá,0,0,0.29650446311722295
tao toàn bạn gái mà sao vẫn tưng tửng nhể ???,1,0,0.178706680755516
xong bỗng nhiên một ngày mất hút không để lại 1 hạt bụi,1,0,0.2679786672404471
một nỗi buồn thầm lặng,1,0,0.4422610655832966
cưng nhỉ,0,0,0.20700174509732508
"năm nay mua cân na về nhà ăn dần , tối ra đường xem chúng nó dẫn vợ thằng khác đi chơi ... kaka",0,0,0.35928417001475277
bà ma nữ nhập vào nv chính thấy dễ thương dã man 😍😍,0,0,0.250796234423256
nhớ thời sinh viên 😃,0,0,0.20603479520270418
"cái ông này mới xem thì thấy bình thường , mà càng xem lại càng đẹp trai 😂",0,0,0.16936443753811034
dù cậu làm tôi tổn thương mỗi ngày nhưng chả hiểu sao vẫn thương cậu,1,0,0.4916701545334176
làm phục vụ xong 4 tháng đi hà nội 1 lần chỉ để gặp người yêu xong giờ thì mới biết là nó cắm nguyên cây sừng lên đầu mình,1,0,0.20524409156786372
buồn quá buồn,1,0,0.261057267568747
còn gì đau xót hơn 🙂🙂,1,0,0.2510942112793205
đơn giản nha .. cơm này ngon hơn cơm điện nhiều . không tin thì cứ thử,0,0,0.2134842703753382
tội nghiệp thằng bé :)))) chúng mày bốc đâu mấy cái thẻ hay thế ??? :v,1,0,0.1401397203308442
"và sau mùa vải , tàn dư còn lại là những nốt mụn 😌😌😌",1,0,0.3334905600251039
haha thì ra trên đời này tao không cu đơn đâu đó vẫn có những đứa con ghẻ như tao cùng bắt tay chào hỏi nhau nà,0,0,0.27696847358360055
per haha cái t2 hợp với em nè ;)),0,0,0.20193057689709487
hết tiền rồi này,1,0,0.2700385997000189
"tại giống nhau quá , nhưng đừng như người ta nha , nghĩ đến tự tử các thứ chẳng có gì là hay cả",1,0,0.32518233332167046
chợt nhận ra mình yếu đuối như một đứa con gái vậy 😢,1,0,0.15169025460215885
buồn nhỉ 😴😴😴,1,0,0.20366387867681832
tuổi thơ cũng từng trải qua nhiều lời cay nghiệt hơn vậy .. nên c hiểu được cảm giác của em ..,1,1,0.5888910693535191
muốn nhanh thì cứ phải từ từ =))))),0,0,0.27928801682414434
cái giọng anh quay phim nghe ngọt quá 😘😘,0,0,0.10923630122673296
khiếp ăn tạp chẳng chết,1,1,0.582322958129856
lại là án oan sai 😔😔😔,1,0,0.3364946775825468
cũng muốn vứt giày cũ nhưng lại không có tiền mua giày mới . đành chấp nhận đau chân vậy,1,0,0.30692498137291424
thế mới làm nên nghiệp lớn chứ,0,0,0.2158168707685398
chưa bao giờ được nge câu này 😞,1,0,0.41886212339023043
chả có tiền mua 😩😩😩,1,0,0.28691162466301534
"thời thanh xuân tôi từng yêu quý nét hiền thục của chị hiền mai . và đúng như cái tên hiền mai của chị , tên và tâm tính đều đẹp , hiếu thảo khó ai bằng . em xin chúc bác có thêm nhiều sức khoẻ để chị có được nhg tháng ngày hạnh phúc , ấm áp bên mẹ ạ .",0,0,0.3370064611219006
nói gì thì tụi bây cũng không tin đâu ..😌😌,1,0,0.44598811784138787
"thật tốt vì chú chó ấy đã tìm được người yêu thương nó , kiên trì để nó tin tưởng thật sự :"">",0,0,0.20654328201231137
đkm lại diễn rồi pr cho game aumobile chứ gì tuổi lol qua mắt tao =)),0,0,0.17672694445891937
"công nhận năm nay tiến triển hơn , đợi 2 bà chị đi hẹn hò về còn có scl mà ăn ké :v",1,0,0.3078466225902935
đoạn cuối hình như nó khóc,1,0,0.31665339672681314
em hết ngáo rồi nha =))),0,0,0.12143892416911171
chỉ là muốn cạnh mà chỉ có 2 người . nói đủ chuyện trên đời dưới biển rồi đi vào giấc ngủ ngon . vậy thoii,0,0,0.37400406402415043
ngồi cười như dại =))),0,0,0.28114919720811393
nhiều khi cũng muốn chọc cho người yêu giận nhưng mới nhớ ra mình đéo có người yêu 😌,1,0,0.3368561259444527
tag vô cho xem mấy đứa xấu tánh thôi chứ ghệ anh tánh cực kỳ dt,0,0,0.2712651757225498
kiếp trước sống lỗi quá nên kiếp này nghiệp quật :((,1,0,0.2579004140864296
"một đời chẳng mong phải nhà lầu 4 tầng , xe hơi hàng tỉ , chỉ mong người đàn ông đi cùng mình đến cuối đời sẽ luôn nâng niu yêu thương mình 😊",0,0,0.4104056567836653
t nhận ra mình đã sai,1,0,0.3940020225826688
"tại như vầy nên bố tao không cho đi cùng . cụ bảo có năm còn lăn cả xuống ruộng , trèo lên mái nhà của người ta để đi ??",1,0,0.30440882451401824
per tạo hóa thật đáng sợ :))))),1,0,0.21307338160410433
"những việc này , mang lên đây chả giải quyết được gì cả .",1,0,0.2340184144407159
đọc cái mà cười rớt cả hàm .... cuộc đọ sức giữa xe lửa và ô tô,0,0,0.41100878709745625
mấy con yêu nghiệt ngày xưa nội có nuôi 2 con cứ ra đằng sau là nó dí chạy muốn tuột mẹ quần 🙄🙄,1,0,0.41556373353612175
kaka cái mặt bà kìa,0,0,0.2516535419353309
con bé cưng gì đâu . vk ơi anh muốn có cục bảo bối như vậy per,0,0,0.2240603462791502
"thật sự mình rất thích bạn này , xem phim mỗi tập cứ canh đúng cảnh có bạn ý , dễ thương quá 😗😚😚😚😚😚",0,0,0.183868713878631
má tao xem mà lo thằng quay phim tét không à ? có ai như tao không ?,1,0,0.31084610679803215
"đúng mất vài giay để nói lời yêu thương , nhưng phải mất cả đời mới chứng minh được , cháu rất ngưỡng mộ ông bà !",0,0,0.33857054523421826
"dù thế nào thì anh tôi luôn bất hạnh , ai khóc cho anh khấc tôi đây 😢",1,0,0.47146147359792545
có đứa nào xem mà thèm đi biển như tao không ?,0,0,0.3498338818101104
nghe nói dạo này bạn dưỡng da để kiếm người yêu per,0,0,0.18109196540516184
per trai hay gái thì vẫn thấy tữn như thường kk,0,0,0.14635448840459428
"ngày xưa nhà nuôi mấy con điên này cái giọng thì đã khó nghe thì chớ suốt ngày ngoạc ra , hễ về đến nhà là thấy giọng bọn n đầu tiên . xong cho ăn , rõ ràng là cho n ăn đàng hoàng mà đến n + 1 lần bị n mổ với đuổi bợt mạng . chốt là tao ghét cái bọn nì dã man . ám ảnh cả 1 tuổi thơ :(( cái thứ yêu nghiệt .",1,0,0.25205976784893674
hổng gặp cái buồn luôn ><,1,0,0.17243275687690268
"đừng nên thích mấy ông anh cơ bắp , sợ lắm 😆",1,0,0.2181848493895629
"chấp nhận đau khổ , để đổi lấy hạnh phúc , mà tìm mãi hạnh phúc không đến thế mới đau em .",1,0,0.26412541135700907
"đần mặt ra nhìn nó y như con ngu , còn cười theo nó nữa , xong bị nó phát hiện .",0,0,0.28238061756912286
"tập thể năm nay lại làm mình tiếc nuối từ thành viên đến gvcn :,((",1,0,0.25374876947095226
mai đấu giá thử cai lap cua mình chứa toàn tài liệu tiếng nhật 😂😂,0,0,0.27546712723365374
làm công nhân đã bị vắt kiệt sức khỏe cho đến khi bị thải,1,1,0.5206648787281062
hồi đó tao lấy cái đó kẻ tập luôn kiểu làm màu mè cho đẹp xong lên trả bài bị bà cô trừ điểm ????,1,0,0.13310915652775573
"con nghiệt súc này mỗi lần tao đi đá bóng là 2 vợ chồng nó dí theo cắn bầm hết chân , thứ này thù dai kinh khủng , chiều nào nó cũng khởi động cho tao trước khi đá bóng ... con mẹ nó giờ tao lớn rồi , tay nghề nấu nướng cũng không tệ gặp mà dí theo là xác định tao quay nó vàng ương luôn =]]",0,0,0.26052684687880856
"hút điếu cần xong nhìn nó ăn mà muốn phá cái tủ lạnh vô dụng của nhà mình quá , đéo đủ sức đựng thịt bò toàn rau .",1,0,0.4623076333857652
cuộc sống mà đành chịu thôi =(((,1,0,0.4003391416002982
"có rồi mà , nghén rồi nè hihi",0,0,0.3023582977251584
"và mày chỉ cần lùi về sau , như ít quan tâm và nhắn tin lại mày sẻ cua được crush 😎😎",0,0,0.39912338732252084
cặp nay dth ghê luôn 😍,0,0,0.17343384333827072
thương thương con =)) yêu ghê cơ ý cái mẹt hờn dỗi,0,0,0.13827877409679049
"ngày chia tay , chúng tôi đã ôm nhau khóc",1,0,0.345239032846248
đứng dưới cây này chỉ sợ ngột vì mùi hoa sữa 😂😂😂,1,0,0.22485548658987184
hãy cảm ơn vì chúa đã ban em cho chị 😂😂,0,0,0.19048134933568117
"ước mơ của tao , thích vẽ lắm luôn , nhưng mỗi tội vẽ xong cho lên màu thì lại tệ 🙄",1,0,0.24032333857151103
23 năm rồi tao còn chưa được đi chơi với bồ trung thu lần nào cả :(,1,0,0.29708778213000353
ngọt hơn cả người yêu haaaaa,0,0,0.18782246446783962
em chưa có người yêu . có ai yêu em không . em cô đơn quá,1,0,0.24125698348866628
có gặp cũng đéo dám ngẩng đầu lên nhìn,1,0,0.361364404915356
rớt giá kinh khủng khiếp huhu,1,0,0.47080519341957966
huhu đéo muốn đi học đâu,1,0,0.4371782654631592
anh vui thì anh ngồi thôi ... chú cự để mặc anh . :v,0,0,0.2827148917898475
tiếc là 23 cái xuân rồi chưa gặp được em . có ai giống tôi không,1,0,0.28184977848814863
per mi phải học con nay bán hàng lai chim mới chạy hàng này,0,0,0.1983104351656607
công nhận sáng tạo thật đấy,0,0,0.15380278674818054
tự nhiên mình lại không muốn làm single mum nữa -.-,1,0,0.4297922266873261
cắt tóc xong rùi gội đầu xong tóc còn ướt ý nhìn đẹp trai lắm luôn ý,0,0,0.27042033077072
tao thấy đéo có cái gì để tao cầm được cơn cười cđcm nó ! :)),0,0,0.33663690849013433
tội quá . thương em,1,0,0.315312330147376
tình yêu là sự mù quáng mà hix,1,0,0.19986183939837338
dòm sợ thiệt 🤐,1,0,0.2605601998991736
hicc thương em,1,0,0.34863885575930037
"cảm ơn các em , tuổi học sinh lắm nghịch ngợm nhưng có lòng yêu thương con vật nhỏ bé đã giúp bé cún được sống 😘😘",0,0,0.25264462059622333
t cũng buồn lắm chớ bộ 😓😓,1,0,0.243642926133635
per nhớ hội chị em vinmec quá :((,1,0,0.17861812593774318
"đi viện mà tưng tưng ăn uống được là tốt rồi , mừng mày sớm ra viện nhé cô",0,0,0.2533437781540281
ngày bé nấu hoài không chín . tức rủ mấy đứa ra đốt cả đống rơm nhà hàng xóm,0,0,0.27906086107854505
nếu không gãy đó la 1 bài quyền đẹp rồi :((,1,0,0.1469216611222469
ý nghĩa và đáng suy ngẫm thật,0,0,0.30255052407156857
"bố bạn ý chửi nhẹ đấy , bố mình chửi là chỉ mong đầu thai vào nhà khác 😬",1,1,0.5066291650571793
nhớ gia đình nhỏ nhiều lắm … mà không được về thăm,1,0,0.2873808203812021
coi xong đoan này . tao thấy nhớ nhà vô cùng 😭,1,0,0.23620164837787783
chuột nhìn thấy mèo sợ là đúng rồi =)),0,0,0.1803231028490569
nhìn rợn vãi,1,0,0.2380734268116446
per thịt nướng lò xô ne ăn z mà không chết 😎😎😎😎,0,0,0.39094777299899264
nhọc lòng :(((,1,0,0.2161509103488082
a per doi dap rat tuyet voi . chuc anh thanh cong trong vu nay .,0,0,0.20608012536230372
chỉ mới hỏi về người khác giới cái là bị gán là thích bạn đó luôn mí sợ :(,1,0,0.3566139403009376
trò này cũng nguy hiểm chết người đừng đùa theo mà mang họa,1,0,0.2379770866132092
ai như tao nghe tự nhiên thấy ấm lòng vãi không,0,0,0.39317256392690003
ỏ đáng yêu =))),0,0,0.11521137877466014
"mình nghĩ sẽ không bao giờ là một thương hiệu quốc gia , là khát vọng về cà phê vn nữa ...",1,0,0.3157173630438608
nhẹ nhàng bay lên và hạ cánh thất bại do lổi kỹ thuật,1,0,0.25715715457578536
"cưng vậy trời , anh cho em xin ảnh nha ạ",0,0,0.1610546408644072
chuẩn không can chinh,0,0,0.20741070454107358
nhưng kp cười với mày đâu :) ảo tưởng vãi,1,0,0.4556563703738069
mua con lợn 50k được lì xì 40k . ok em ổn,1,0,0.3590458788303151
ra vậy . nguy hiểm thật :(((,1,0,0.1535788131595162
khổ tâm ghê =)),1,0,0.16259728553185238
"giả bộ vô tình gặp nhìn lén rồi đi , lại còn tìm hiểu cả gia phả người ta nữa chứ ... một thời ngu ngốc đáng yêu .",0,0,0.27712838023195424
có ai chỉ tự yêu bản thân như tôi không :(,1,0,0.43811543964581534
per hẹn xem phim này nữa nha mày 😛,0,0,0.2779735653526323
đau ghê,1,0,0.2586145051560163
dễ thương vầy :>,0,0,0.20372963172692732
rất nguy hiểm nhé nhảy không qua là xác định dập mặt,1,0,0.21523003114834274
ha ha ....,0,0,0.26863371449290196
nhiều lúc ngáo ngáo thoải mái đến mức người yêu cũng đéo bằng nó và đến khi nó thổ lộ tình cảm thì tao đéo tin :v,0,0,0.3427937847112856
phải tao tao vứt luôn xe ??,1,0,0.23840531954131194
là con bé con điên khùng và phiền vãi nhưng bạn vẫn yêu nó vãi chưởng :)))))),0,0,0.2095973521452272
"mong ai đó sẽ không nghe được bài hát này . xin lỗi , ngàn lần xin lỗi 😢",1,0,0.34395497748394627
chuẩn đét . t nghỉ công ty cũ cũng vì đồng nghiệp 😭😭😭,1,0,0.2335205712211923
ủa mắc gì gỡ fan cứng của em ? huhu,1,0,0.20278928650809833
chả bù cho con ml này . đợi mãi không thấy nó về . hy vọng em không bị bọn xấu bắt lên dĩa là tốt rồi :(,1,0,0.23402854140562665
má cười ỉa luônn,0,0,0.42532641331216087
từ lúc đấy tao không ăn được các loại thịt ngan - ngỗng - vịt lun 😞 ám ảnh vãi,1,0,0.31056936610844493
nhớ nhé đồng nghiệp haha,0,0,0.09635180826187481
cứu em nó với,1,0,0.48202546520024736
đã nguy hiểm vậy sao không hủy mà bán 0 . 0,1,0,0.1306828433603105
ông mặt trời dễ thương hha,0,0,0.17245109791157362
không hiểu sao xem đi xem lại bao nhiêu lần vẫn khóc được,1,0,0.3706029268691795
kiểu em sai rồi . a xin lỗi em đi 😂😂,0,0,0.31455139210617433
gáy sớm để làm gì cơ chứ haizz,1,0,0.412224016240394
đái mẹ ra quần ??,1,0,0.39368799739077076
đọc xong nước mắt ứa ra,1,0,0.2787535545940075
tao cũng hay sử dụng chiêu này và bọn đàn ông vẫn cứ bị lừa ????,0,0,0.16308406151225724
dễ thương mà,0,0,0.1800796086209176
per anh tải cái này về cho per học nè . thú vị ghê,0,0,0.18153178477292511
"cố gắng lên mọi lỗ lực và công lao của em sẽ được đền đáp một cách thật là sứng đáng , cố gắng lên em nhé 👍",0,0,0.38321018768763165
nhưng nói thì cứ bảo hay than thở 😢,1,0,0.39147436430057003
nhìn quả mặt của nó thì tao công nhận thất tình thật đáng thương ?,1,0,0.19145998760734284
đằng này họ nghĩ tao muốn giết người rồi chửi tao bị thần kinh rồi cho trôi qua mọi chuyện,1,1,0.5827409597089179
"chân ta cũng là chân đi và giờ bị đứt dây chằng , nằm một chỗ đợi mổ rồi mày . đồng cảm vãi",1,0,0.3201715810343412
xấu mà đáng yêuc quá,0,0,0.16451261501093484
thế nên bán hàng có tâm là đừng bao giờ nài nỉ khách mua thêm vì biết đâu bạn vô tình làm cho nỗi đau của họ trở nên tồi tệ hơn .,1,0,0.4811201580931751
dưới cái nóng 40 độ ngày hôm này xem video này xong thất mát lòng vãi_chưởng :)),0,0,0.13824441665739295
"cái thứ ba , trời nhìn mà rơi nước mắt thay cho luôn công cả một mùa mà đi tong chỉ vì một trận mưa",1,0,0.25676762207824283
"thấy bình sữa của em thấy ham quá , chị sinh em bé chả có sữa gì hết .",1,0,0.2391175063713605
nhiều lúc buồn đến nỗi coi những vid thế này . đéo thể cười nỗi .,1,0,0.40817440907933267
sư phụ giả vờ ngã để thử lòng các đồ đệ và cái kết ngã sấp mặt luôn 😢,1,0,0.20639579333457606
đéo có người thương để mà làm ấy chứ :(,1,0,0.3719350668317225
"đồng nghiệp tốt , chị em tốt đi làm như đi chơi :)) chứ làm cùng với mấy con mlz đáng sợ lắm :))",1,0,0.17869540593676672
rồi khi mày có 1 ít tiền :)) mày mới phát hiện ra còn đéo cả có người đi cùng cơ,1,0,0.35306275708912765
các b học sinh đáng yêu quá,0,0,0.123407050203636
cuộc đời bà đã nấu hơn 50 nồi bánh chưng rồi nhưng bà chưa bao giờ thấy ai cắt tóc ngắn đi mà xinh như thế này các cháu ạ .,0,0,0.29707052956753255
đây là một câu chuyện buồn không chỉ riêng tao,1,0,0.2472916147906064
"cảm ơn nói chuyện nhật ! 1 nền khoa học , giáo dục , trí tuệ văn minh !! 😘",0,0,0.31523969374217387
bạn có bố thật hạnh phúc,0,0,0.25838760599377253
"per trong vòng 4 tháng chắc anh chụp hơn trăm tấm , huhu , sợ quá 😱😱😱😢😢😢",1,0,0.31238041914339626
chuỗi ngày tủi nhục cũng từ đó mà bắt đầu,1,0,0.4445705711437287
hàng xóm cũ của tao cũng thế may mà bà ý chuyển nhà rồi 😃,0,0,0.3419782353400984
không biết vì sao họ vẫn cười nhưng mình thì khóc ...,1,0,0.4629710366373534
"đúng vậy , có họ ở bên cạnh nuôi nấng ta từng ngày đã là quý lắm rồi",0,0,0.2262588767483633
5 năm nữa tao phải đẻ được 3 đứa 😂😂😂,0,0,0.25545327200218526
ôi cưng cưng quá,0,0,0.2412886415001256
dù s đi nữa thì mày vẫn xinh . cố lên,0,0,0.24034280007799397
hay lắm :))),0,0,0.15306449641418884
buôn bỏ nhưng tình cảm ko thuoc về mình nua . bat đầu kiem tiên,1,0,0.4188771371129601
nó cười mà muốn rụng tim 😂💔,0,0,0.3002391321500577
"vì luật áp dụng đối với vụ án phân chia tài sản trên 4 tỷ thì mức án phí là 0 , 01 %. suy ra vụ này trên 8 nghìn tỷ thì mức án phí là 81 tỷ là đúng rồi .",0,0,0.39006495362717736
"per đi làm với c mình vui hết xẩy , trừ những lúc khó tính :))",0,0,0.13982538772807732
1 thời gắn bó với nó . nhớ lại ngày xưa cực khổ,1,0,0.42514811851310946
per nên mày hãy yên tâm về mấy con nhện nhé :))),0,0,0.1749020118216389
:) cảm giác đó đau lắm các mày ạ,1,0,0.4498332691752271
đề kháng của tao với mọi loại thính rồi cơ 😂,0,0,0.23142300374409502
cái này ghê vãi mày sẽ hiểu cảm giác khi nó lún xuống 😅😅,1,0,0.37885242099936456
🤣 lau mặt bằng quần chíp của vợ à ?,0,0,0.4500015548863813
mất rồi có lấy lại được đâu :)) cái gì nó cũng chỉ là quá khứ,1,0,0.2706743665712795
quay vào ô mất lượt :)),1,0,0.18989265549608425
:))) có thật nhiều tiền là vui,0,0,0.17839530807573886
mình rất rất muốn đi nhưng trong túi kô còn xu mẹ nào vân kiều ơi,1,0,0.3716548642322974
các bạn trẻ ! người lớn có thể nghe thấy tiếng chó kêu mà không hành động gì để cứu vớt . các em thật đáng khen . cần những bạn trẻ nhân ái như các bạn .,0,0,0.1352120042676727
"em đỗ 6 trường đại học ở mỹ , còn hàng trăm thằng đổ em luôn rồi đó , em biết không . trong đó có anh 🤪",0,0,0.3508186584613756
thật đáng khâm phục các bạn ... chúc các bạn gặp nhiều may mắn trong cuộc sống ...,0,0,0.23031458110401
phim cực hay và cực cảm động lòng người,0,0,0.3186976617585575
chai này mới ghi được nhìu chữ kkk,0,0,0.3515581342789689
per cố đợi đi nha để em mua bảo hiểm cho anh 🙂,0,0,0.15670705277716482
"có ai nhìn thấy hình như người đàn ông này đang rất đau khổ không nhỉ ? mình nhận thấy hình như ông ấy đang rất đau khổ , mà không thể or không muốn nói ra .",1,0,0.31040908590211164
per đáng sợ quá,1,0,0.3141378015235916
tao chỉ lên ngắm cảnh tí xíu mà mày cũng dìm tao :)))),1,0,0.2715955068803895
chúc mừng,0,0,0.19148922783970462
thằng hack game nó gặp trùm cuối rồi 😭😭 truyện đến đây là kết thúc sao 😭,1,0,0.31062571796163096
"đang tính đi nhổ răng khôn ( à quên , nó ngu chứ khôn đéo gì ..) nghe được cảnh báo này chắc không dám đi nhổ luôn .",1,0,0.23705593301201336
hú hồn con chồn chạy ngang 😑,1,0,0.21763151468679273
đây là bạn tao . =)),0,0,0.15513550617003197
là mỗi buổi sáng thức dậy ta có thêm 1 ngày mới để yêu thương ❤️.,0,0,0.2085040379508811
đáng lẽ bệnh của tao đã không nặng đến thế,1,0,0.39570262787101734
tự nhiên nhớ cái cảnh 2 con bánh bèo bị ngỗng dí quá 😅😅 per,0,0,0.20172631568420593
🤣🤣🤣🤣 bo tay chấm cơm . hahaha,0,0,0.3095744992238618
và từ đó bà cụ sống trong hạnh phúc :)),0,0,0.3115767164316945
"cmt buồn cười vll , nhớ mình cừng có kinh nghiệm chạy ngỗng :)))",0,0,0.1989224543431599
chưa bao giờ nghe ngươ ̀ i ta chửi thề mà đáng êu đến vậy lun =))!,0,0,0.23220981789219705
đọc xong tao muốn khóc luôn,1,0,0.32414001653487207
t còn được nghỉ 1 tuần :)))),0,0,0.17562923490241023
xem phim cười gần chết . mà thích cái bạn ma nữ hơn là na bong,0,0,0.40793842973748795
"cải tạo được , có tái tạo được 100 % nguyên trạng rồi sao ? giá trị lịch sử văn hoá gần nghìn năm đã mất đi rồi :((",1,0,0.34534348268635884
sợ thì vkl,1,0,0.22686906995350095
per :)) hiểu được nỗi lòng anh chưa ! mốt đừng giận anh nhiều nữa nha,0,0,0.2774473557195807
thất vọng và áp lực tích tụ hằng ngày với tao,1,0,0.47218927880128936
nếu địa phương không xây cầu thì người dân cũng có thể tự làm cầu cây mà . phóng lỡ hụt chân thì xác định nát người .,1,0,0.21537841477198222
ngày chủ nhiệm cu nhà mình cô nhẹ nhàng nết na lắm mà ! giờ thì sao cô lại hành xử như vậy chứ ! thật buồn !,1,0,0.28270926102117766
t quá mệt mỏi với cuộc sống này rồi 😓,1,1,0.6479719972411161
per - chan đáng yêu zl =)))))),0,0,0.15950938479059584
khuôn mặt đậm chất giải trí 🙂,0,0,0.2738818983689094
tao nhìn sợ vãi,1,0,0.21782407510600132
gia đình có nhưng tình yêu không thì sao,1,0,0.2805497415688946
sau mỗi cuộc chia ly người ở lại vẫn là người đau lòng nhất :((,1,0,0.31706223812782064
đúng là chân thật luôn luôn tổn thương !,1,0,0.36885435904292885
"từ khi lấy vợ , làm vlog thiếu muối hẳn huhu",1,0,0.29272837571401206
sad cực mạnh,1,0,0.3362620162844666
nhất định sẽ có một ngày tao sẽ thành công và tự nói bản thân rằng mày làm tốt lắm,0,1,0.5551572702078925
phim hay vãi ra . đến giờ vẫn thấy mình giống bạn ma nữ quá trời 😂😂😂,0,0,0.14380833668478435
tội nghiệp các bé đạp xe đi học,1,0,0.1591261257697641
thế nên tao với mày không thể làm người yêu nhau được,1,0,0.29937997386147486
sinh viên năm 3 rồi nhưng vẫn chưa định hướng ra trường làm cái giống gì đây :(,1,0,0.23970816953961735
khóc hết nước mắt 😞😞,1,0,0.44849726515617255
"wtf , tao đã làm gì sai ☹️☹️☹️",1,1,0.5527643657924367
"bọn tàu copy kịch bản phương tây , chắc bữa sau lại có mấy video make in việt nam như vậy và kịch bản tàu haha",0,0,0.1860538225000292
mình không áo mưa rồi 😞,1,0,0.38632115850296206
còn mềnh thì ra quán mua bim bim đều chỉ để nhì em mà cười,0,0,0.37190123281855636
"biết chỉ là phim thôi , xem con bé hôn bố lần cuối nước mắt tự rơi , híc híc",1,0,0.3699911593823914
tao lại bị mọc lông chân rồi :((,1,0,0.31188379373652764
mua thêm vài trăm con cá xấu thả chắc vui hơn,0,0,0.2887702518014153
per hôn nhẹ lên má nha 🤣,0,0,0.18680137065266947
góp phần xây dựng đất nước chứ gì kkk đóng nhiếu rứa,0,0,0.33309738170431824
dume mặc dù tao rất yêu chó nhưng tao cũng sợ chó nữa :((,1,0,0.30923971524330796
cứ mỗi lần cắt tóc xong tao lại thấy biết ơn bố mẹ vì đã sinh ra tao đzai vãi :))),0,0,0.2359372579980054
đó cũng là giải pháp hay để lừa một thèn ngu :))),0,0,0.27455490616136324
thương các con quá đi,1,0,0.27322732807287686
khổ thân con mèo :((,1,0,0.4124116845568132
một người đàn ông bản lĩnh thực sự 👍,0,0,0.3241143177971418
"per bởi , đéo dám tán ai hay tỏ tình",1,0,0.40558286375748115
ấm áp ghê =)),0,0,0.19706191390998573
phim ấn độ duy nhất tao xem mà không cảm thấy vật lý logic quá khó hiểu dù thật ra trong phim này nhiều kiến thức hại não thật ; )),0,0,0.2768334622096793
giọng chú hơi bị dễ thương nhá :)),0,0,0.16836991427467543
pháp năm nay nhiều biến quá :((,1,0,0.4315425035604212
hèn dì mấy nay đi học thấy bạn của crush nhìn mình cười,0,0,0.21374350186393926
cũng muốn đi xem lắm 😭,1,0,0.4016115924442885
có lẽ vậy là tốt nhất,1,0,0.3471411727490362
per đến con nít chúng ta cũng không bằng là sao ......... tuổi thơ và tuổi thanh xuân nợ chúng ta quá nhiều thứ rồi 😭😭😭😭,1,0,0.2989455450258879
gv có tâm vãi 😂,0,0,0.21918264459346493
mình thi xong còn không khóc được 😢,1,0,0.3943569256775909
một bộ phim quá suất sắc,0,0,0.2910947007391834
tao mừng quá vì tao biết chắc chắn hôm nay crush của tao không bị thịt . ahihi .,0,0,0.2518134985462943
"chị thích con gái mạnh mẽ , cá tính .",0,0,0.173278490106762
cho dù em có dành được bao nhiêu học bổng đi chăng nữa nhưng mãi mãi em sẽ không thể có được tôi 😅,0,0,0.3733741518935713
cười ỉa :)),0,0,0.29953891731334537
lợi ích của việc giữ vững quan điểm 😄,0,0,0.2626619463817152
"chời , dễ thương quá",0,0,0.18095972436906207
t cười đấy . thế tao thả haha nhé . mà dume đấy là cháu tao . thế bây giờ không có icon vừa khóc vừa cười à :]],0,0,0.4233570869334933
nếu là tao thì tao sẽ không ăn được miếng nào,1,0,0.3036639555797173
nghe mát lòng mát gan thế ????,0,0,0.16421219917858051
lúc bé mình rất sợ,1,0,0.21374838320656203
chưa bao giờ bắn trúng thứ gì 😆.,0,0,0.2548400751447554
thôi xong . chia buồn cùng quý quốc,1,0,0.18839565249606022
thấy tội nó ghê ????,1,0,0.17982912363383347
ngày bé tao bị nó dí thế là tao cho nó 1 gậy 🙂 hôm đó tao được ăn thịt ngỗng,0,0,0.3316715572702458
đã sáng suốt hơn năm ngoái nhiều . ka ka,0,0,0.3564041622965
tưởng tao sợ ư từ cái lần mày dọa rắn tao và tao rơi điện thoại cuối cùng vỡ màn hình là tao đéo sợ nữa nhớ,0,0,0.3889313947955331
"công trình 850 năm tuổi , xây dựng 100 năm mới hoàn thành chỉ còn là đống cháy sắt vụn .",1,0,0.2850622336340772
đau bụng quá ự ự,1,0,0.2134836296776044
"đang ỉa xem cười như điên , kkk",0,0,0.36914358328548313
hành động đẹp,0,0,0.17601583760981404
đúng là vàng trắng .. nhưng mà trắng tay :(((,1,0,0.357323352960692
thanh niên co ́ em hoan hy ̉ qua ́ :))),0,0,0.16786365118301783
buồn cô lắm,1,0,0.40996222808501737
"thích cái câu "" em không yêu anh nữa ""😊😊",0,0,0.21458216881901374
"anh luôn nghĩ thế giới này không có gì đáng sợ , cho đến khi anh không còn thấy em nữa",1,0,0.42955742310457873
mình chụp mấy lần liền chả thấy bác sĩ cho mặc lớp áo gì cả 😭😭😭,1,0,0.20735407718292226
"hồi bé đi mua xôi bị một đàn ngỗng đuổi 🙂 may mình đi xe đạp không thì ăn lol ** với chúng nó , cái thứ mất dậy 🙎🏻‍♀️🙎🏻‍♀️🙎🏻‍♀️",1,0,0.1763868859302777
a đến sớm hơn nhé 😆,0,0,0.17045414355454283
tao ấn tượng anh đầm hường ghê 😂,0,0,0.25034616166157075
đáng yêu thế bà đẹp gê,0,0,0.1604796200147561
cười ỉa phút 1 : 11,0,0,0.4222931392882517
sao không cắt móng chân cho em ... nhìn mặt cute mà thấy móng chân em sợ phết,1,0,0.2433894023561039
per cđ chỉ cần đơn giản như thế đã ấm lòng thế ... rơi cả nói chuyện mắt ...,0,0,0.48968275797295724
huhu sợ vãi luôn á,1,0,0.2416981324856973
per mày cũng cắt tóc giống thế đi cho đẹp =)))),0,0,0.2704106489488853
ráng ăn cho nhìu vô ỉa cục cức dài hơn móng tay ổng luôn kk,0,0,0.30678539896234164
tiền nhiều để làm gì khi tình không còn,1,0,0.33799489215529666
cài lò xô huyền thoại,0,0,0.16271192295271983
sở khanh như boss chịu liền .. đẹp trai quá trời ui,0,0,0.3364485463716567
chỉ còn lại tro tàn,1,0,0.41553967823623683
huhu lần trước đi chụp răng . thằng kĩ thuật viện cho bạn vào cái máy to đùng xong nó bảo ngồi im . nó bật máy xong chạy ra ngoài đóng cửa với tốc độ ánh sáng .,1,0,0.21298486364447783
mẹ tao vừa đọc xong còn tag tên tao vào . bọn mày có cách nào trưa nay không về nhà mà vẫn có tiền ăn cơm không chỉ tao với,1,0,0.3496051794209986
độc nhất vô nhị . kkkk,0,0,0.3743882775940315
thề nhìn họ hôn nhau thôi mà nổi hết gai ốc . chưa dám nghĩ tới xxx . chắc thốn lắm . lạnh sống lưng thật .,1,0,0.22437740399287878
là gặp đúng người nhưng lại chẳng đúng thời điểm . cuối cùng vẫn là chúng ta bỏ lỡ nhau 😥😥😥,1,0,0.2638478753254801
quả nhiên chồng con nhà người ta đéo bao giờ làm tao thất vọng 😄,0,0,0.3737031235656505
họ đã cho ta có mặt ở trên cột đời này rồi còn gì bằng nữa chứ,0,0,0.29811775567896653
tôi đã giữ lại mấy cái giấy note đã ghi chú khi nào kiểm tra =))))),0,0,0.23857218089387203
"suốt ngày trật ray , còn hay không sự phù hợp hệ thống ray - tàu với hệ thống đường sắt vn",1,0,0.2350247366955927
một mình tao ăn hết 1 nồi lẩu từ lúc tối 😭,1,0,0.3444397888707492
"thời buổi bây chừ chuyện gì cũng có thể xảy ra , vậy nên thôi trất , đừng nên tin ai",1,0,0.24853287478234987
mỗi lần quyết tâm bỏ mà lại thấy cười . đm đời,1,0,0.21845531988666547
có những ngày làm tới đâu là sai tới đó :)) muốn tát vào mặt hết sức,1,0,0.3939847213051805
nhìn vừa tội vừa thương ????,1,0,0.1870700871962622
giao lưu tí không . tự bấm chứ không mua =))),0,0,0.17613629646302642
nhà tao còn nè,0,0,0.33896806908047833
bữa cơm trưa nay tăm tối như cái ava của tao vầy :((((((,1,0,0.2973608803967172
t thấy nó cười hoài mà không bao giờ nó cười với tao cả :((,1,1,0.5171433924781775
2 năm rồi và đã kết thúc rồi,1,0,0.47382339598349515
cách tốt nhất là đứng lên và chọn 1 nơi khác để tìm 1 thứ tốt đẹp hơn và dễ viết hơn :)),0,0,0.17539265542745858
"xã hội thật phức tợp , huhu . không muốn sống chung loài người nữa , tao về núi đây",1,0,0.3067954198158275
tội cả con quá 😭😭 một lũ vô nhân tính đã hủy hoại những mầm non tương lai .,1,0,0.3211249856068066
"tao nói té 1 cái không dập mề thua gì cũg thua , trĩ nội trĩ ngọai nguyên chùm =)))",1,0,0.2662618199316987
"per tải thử cái này cho cún đi chị , hay phết này",0,0,0.14097663950331948
cổ tích thôi nhé . tao mới bị hỏi vì rẽ không xi nhan . và anh chỉ nhẹ nhàng phán 1 câu : ‘’ 2 triệu đưa đây không thôi mai cầm 3 triệu lên đồn nhận xe nhé ’’ anh thật là dễ thương 🙂,0,0,0.2671711313790784
cưng quá :))),0,0,0.15408465423282514
nơi ấy giữ lại những kí ức tuyệt vời,0,0,0.15853942024389178
cô gái này thật dễ thương “ anh cứ nhắm mắt làm đại một lần thôi mà “ 😂😂,0,0,0.23973542380539553
tao nhớ không nhầm hôm nay nó đến tháng vậy là sẽ không bị đâu nhỉ,0,0,0.23839266286299496
má toàn truyện trong mơ không hà mắc cười quá 😂,0,0,0.27513127331699383
"động lực là tình yêu . vì sau khi chia tay , tôi đã thấy mình vô dụng trong một thời gian dài .",1,1,0.5773688150315937
ngày xưa cũng như này trong lúc mối quan hệ bắt đầu nhạt :) haiz,1,0,0.4465381715242223
nay buồn :(((,1,0,0.2516180922045828
tối mà tắt đèn gặp mặt nó với cặp mắt nó là tao còn sợ hơn thấy ma,1,0,0.3030438892796709
per ối bạn ơi quà sinh nhật mình đây rồiiiii,0,0,0.2878053416167243
câu chuyện mọc sừng được bắt nguồn từ đó 😀,0,0,0.295664505818952
và vui mừng hơn khi biết tin chị vợ ở nhà vừa sinh hạ em bé được 1 tuần,0,0,0.25965055880251675
nghe ngọt thế :((,0,0,0.2580369090490035
thích thật,0,0,0.2434850077674486
tao xem mà cứ sợ nó ngã vãi 🙂,1,0,0.2902655104566295
bỏ thế lồn nào được :(,1,0,0.369274572813942
"thanh xuân của tớ gặp cậu rồi , 4 năm rồi , chỉ có điều vẫn là 2 đường thẳng song song",1,0,0.34807154644305743
xem hết mới biết cái video nó không phải video hài thấy buồn buồn 😪,1,0,0.15166198518319154
nghe nguồn tao biết được độ chân thực của câu chuyện rồi 😂😂😂,0,0,0.1579733369223406
hạnh phúc thật :)),0,0,0.1643403655582725
kiểu định share vì thấy tinh thần khá hơn nhưng đọc bình luận xong kiểu nhiều đứa còn tiêu cực hơn mình :<,1,0,0.3042206307908291
t nghe thấy nó nói gì tao chết liền,1,0,0.4308846394813847
mong ông bà được nhiu sức khỏe,0,0,0.3039308150371467
đó là những nơi khác . chứ chỗ làm của em . anh chị đáng yêu v đáng quý . em học tập được rất nhìu kinh nghiệm .,0,0,0.21263009497391525
hết hồn chim én,1,0,0.19202775784115125
con đường này chắc dành cho mấy người như tôi,0,0,0.2635360838959534
chắc là năm lớp 4 5 gì đó :)) tao mua bánh kẹo đem vô lớp bán lẻ lại ... mỗi lần đem bán như vậy chắc cũng kiếm được lãi 2 - 30k 😂,0,0,0.1702810086536451
già còn thích phi công =)),0,0,0.2203273885065064
chuyện tình huyền thoại của per với per :(,1,0,0.15268119241195602
để tao nấu thì quên luôn . xác định tối đó đói :((,1,0,0.2316520980232274
mình trả phòng là chăn ga gấp gọn gàng . đồ đạc hẳn hoi trả người ta . dù sao mình cũng như người ta bẩn dọn mãi không sạch ai chẳng điên,0,0,0.2724053957443728
chỉ cần thích cái là muốn rụng tim,0,0,0.29922736414509
công an béo như lợn không đuổi nổi tội phạm 😂😂,0,0,0.23262334684585548
khổ người lao động thôi,1,0,0.286339960913404
moá nhìn rùng hết cả mình,1,0,0.20804110612771604
"trước tao cũng tin vào tình yêu chân thành lắm , niềm tin chết rồi",1,0,0.338286107060007
vcb thu phí dịch vụ cao có khác . lương nv cũng hơn chỗ khác :)),0,0,0.18658816637928913
bư ̃ anh trước mới nghi ̉ xong tao đi đa ̀ nă ̃ người chơi 3 nga ̀ y xong vê ̀ kho ̉ em re =))),0,0,0.19048886160822784
có thì tốt nhất đừng có giận vì ngoài kia bất cứ thằng nào cũng sẵn sàng dỗ dành bạn gái của bạn 😋,1,0,0.22700144219244747
"đấy gọi là biết ngu mà vẫn đâm đầu vào , giống tao :)",0,0,0.24713566983297053
tao cũng có 1 người bà như trong video nhưng bà ấy qua đời rồi 🙁🙁🙁,1,0,0.2713181527823974
bắt võng nằm cho sướng,0,0,0.3096027863216248
phim này ý nghĩa lắm,0,0,0.3209246713441952
thú vui đặc biệt vãi :v .,0,0,0.21682273066819932
ny tao đbh dỗi . chọc kiểu gì cũng không dỗi . đáng yêu vãi 😂,0,0,0.1666377331879745
ko sợ gì chỉ sợ con ml ý 😞,1,0,0.39129759731915004
quá hay cho admin,0,0,0.21092461156614073
per gặp tao chắc tao đái trong vần 😅😅,1,0,0.2903423161491937
ngày nào cũng ngủ với mẹ rồi mà vẫn còn tiếc :))))),0,0,0.17469589329438698
tao thích vẽ . nhưng vẽ xấu từ đó chuyển hẳn sang mê chụp ảnh .,0,0,0.2292503751719601
t thấy dễ mà . không biết thì học khác biết . ez vãi,0,0,0.22477050991658534
còn gì hơn lòng dạ đàn bà ... cũng may tao là một con đàn ông :)),0,0,0.2774562205672399
thôi xong tao rồi :((,1,0,0.33214202850718627
cảm ơn bạn vì đã chia sẻ cũng như đã luôn sáng suốt để không làm gì sai,0,0,0.29631575798537657
bộ phim hay ý nghĩa nhất từng xem,0,0,0.1787301684431453
bài viết đọc rất sướng .,0,0,0.2628488433547253
con này chăm sóc n là n bao đẹp ><,0,0,0.4427849989491392
ừ thì là chuyện cổ tích . cháu đang đi đường thẳng gặp mấy chú thì phải rẽ ngang . 😢😢,1,0,0.15552143498138563
cưng gì đâu,0,0,0.255421908175144
lâu quá mới nghe lại bài này buồn thế,1,0,0.18241798267343493
per eo ôi làm nhớ hồi nhỏ đi học mẫu giáo quá :))),1,0,0.12736630502298904
ngày cuối cùng thực sự buồn,1,0,0.4259104453046927
hú hồn hà,1,0,0.22683087140221944
aw giống tao vậy =))) mấy thứ linh tinh tao còn để nguyên vào 1 cái hộp bự cơ,0,0,0.23991539872184214
khóc muốn rơi cả mắt,1,1,0.5355912280617671
có những ngày mọi thứ nó bỗng ập đến,1,0,0.310730365645207
bộ phim đáng xem đó mấy man,0,0,0.21408202487292968
một đứa sợ sấm chớp không thích hình ảnh này huhu,1,0,0.24695560400808395
per đây . cô gái bán hàng thú vị đây . phải xem cho hết,0,0,0.2257029932465466
nuốt được cục tiền đó cũng hay đó ( y ),0,0,0.2314698289000386
rất nguy hiểm,1,0,0.13034265911970258
:((( tôi vẫn chưa sẵn sàng để đi học mà,1,0,0.20892691201588542
khang khang 1 thời cùng nhau vui say ! bjo thì khác rồi thân ai nấy lo hở chị hố hố ;)),0,0,0.2637049732961794
"nhìn cảnh này mình nhớ lại cảnh ông ngoại mình đứng ngay quan tài bà ngoại khóc nức nở . bà đi rồi để ông ở lại một mình , đau lòng quá",1,0,0.13927665090769484
"tụi mày có hiểu được cảm giác , muốn bắt chuyện mà không dám bắt không ?? tụi mày có hiểu được cảm giác vờ ngủ gục để nhìn nó không ?? tụi mày đã từng nhìn nó thật kỉ , thật tỉ mỉ chưa ?",1,1,0.5476043310151588
"sao vẫn còn người tốt trong xã hội này , đáng khâm phục",0,0,0.15764202905168676
rất tiếc cho 1 bài quyền,1,0,0.14612009226123282
nhện này trong nhà tao chắc tao bỏ nhà đi mất 😱🤯,1,0,0.33135279144916785
mình cũng có con mèo đực nuôi được 1 năm thì nó biệt tích 1 năm sau nó về rồi 1 năm sau thì nó mất .... buồn,1,0,0.413538553232891
"mẹ kể hồi nhỏ nuôi con ngỗng thay chó canh nhà . ăn trộm mà vào thì chạy đằng trời với nó , cả bầy lao ra quạt với táp , khi gia đình vác gậy chạy ra thì thằng ăn trộm nó ôm cây trên tít cành cao , áo quần tóc tai lủng máu me tè le . gia đình phải cứu ăn trộm má mấy mẻ còn không tha , 2 3 con vẫn dí nhảy hàng rào dí theo ăn trộm . phải nói dí bao dai mà cục súc vê lờ .",0,0,0.38013379874201236
cái kết có hậu quá :)),0,0,0.15594632880586362
thấy cờ rút trên tờ polime là tim rụng rời liền,0,0,0.2207673255091931
chuẩn bài =)))),0,0,0.11039965159628086
"per huhu đúng quá nè :< sư phụ đi rồi , còn per thôi , đừng đi đâu nữa nhaaa 😢",1,0,0.2577133453267829
"chuẩn luôn , áp lực công việc cũng không bằng mối quan hệ với đồng nghiệp",0,0,0.3616637404285405
ui sồi ôi đốn tim vãiiiiiiii,0,0,0.37950584934811493
per tao mãi mãi bị con này ám ảnh từ bé đến giờ . thứ gì mà đéo thể yêu thương nỗi . nghe tiếng nó kêu là tao bỏ chạy trăm mét 😒,1,0,0.308741482493604
per hết tiền thật sự :(,1,0,0.25784738623827225
chuyển từ thất tình sang muốn chết vì quá chán :((,1,1,0.5165033434106965
"mong là chuyện không có thật , chứ có thật thì đau lòng vãi ra 😪😪",1,0,0.29081578897216687
đơn giản 🙂,0,0,0.34943362867272043
tại trà sữa làm tao mập chứ tao có muốn đâu :(,1,0,0.430245245508862
"vui nhất là câu "" lấy ghế ra ngồi nhìn """,0,0,0.2591659544655685
xem video cu ̃ người cho ́ người hê ́ tao ca ̉ mă ̣ tao,1,0,0.2259280567703625
"tan rã hết rồi , giờ toàn đánh lẻ thôi 😭😭😭",1,0,0.3058900824893878
hên là đụng nhầm người chứ đụng trúng cái là rụng trứng cả bày cả lũ -)),0,0,0.23123215827928015
trông anh thần thái vãi :v,0,0,0.2819071082704189
cười muốn tắt thở 😂😂😂,0,0,0.37965940549873817
khiếp quá đi tụi con ơi,1,0,0.48534058561890503
bây giờ nhìn vào cứ kiện tụng mà nãn :((,1,0,0.33728684125000563
uiii xinh gái thế ...,0,0,0.23035536759317962
per ê xem đi phim này lâu rồi nhưng mà hay lắm,0,0,0.25041950215554254
"xem phim mà cứ nhìn cặp chân của ổng , chân gì mà dài thường thượt . chồi ôi 1m87",0,0,0.13930689710054167
thất tình đi nghe nhạc chúng nó còn ngồi trước mặt ôm nhau . hận,1,0,0.15917996500963888
ha ha chịu không nổi luôn !,0,0,0.3424234339082074
cắt cả thắt lưng da của bố để làm ná 😂😂,0,0,0.2924285285793953
học giỏi lại xinh xắn hì,0,0,0.29344141013131175
đú quan trọng bởi người tao yêu củng không đi chơi valungtung thế là tao vui rồi :)),0,0,0.251387728470227
"bị chó rượt cũng không đáng sợ bằng mẹ này . gặp chó mà có ý định rượt thì đứng im hoặc đi nhẹ nhàng nó nghỉ rượt . còn mẹ này chạy mẻ rượt , đi nhẹ mẻ rượt , đứng im mẻ mổ như mổ thức ăn . thiếu điều muốn quỳ lạy van xin mẻ luôn .",1,0,0.2664647852251785
cái video đầu làm hết hồn per per,1,0,0.26150324159321325
người gì đâu mà dễ thương quá chờiiiii,0,0,0.14058312549718086
chủ tịch đi nặn mụn ở tai và cái kết khóc thét,1,0,0.30890789135764246
"mất đi một di sản , chứng tích của lịch sử 😓",1,0,0.34043009013404946
em đi bộ chết mẹ đây này,1,1,0.5806489752322936
chuẩn con mẹ nó cơm oy 😂😂😂,0,0,0.1672841357262907
không biết đến 2021 tao có lấy được chồng không nữa :((,1,0,0.38744259708370443
chia buồn cùng nước pháp,1,0,0.3633997672315322
thiếu cái que chấm dầu là ổn 😂,0,0,0.2890018618285236
🙂 thanh xuân của em đã từng có khoảng time tươi đẹp,0,0,0.28426004506952457
ai cho mình xin page của con này với thích xem nó live stream bán đồ gê,0,0,0.3036874027995031
vl bố tao đang ở đây mà chắc sáng mai mới về mất ??,1,0,0.3179326335888916
"tao là trùm nấu cơm kiểu này rồi ,, còn bây giờ mất điện thi nấu bằng bếp ga :))",0,0,0.22902264938964875
per huhu nhất là mấy bài không cho chất thử á :(,1,0,0.20024560185513873
tán gái hay vãi,0,0,0.12929843816491962
cười vãi :))) tếu thật sự luôn ý,0,0,0.22719533359451966
khớp vãi =))))))) mặt con bé,0,0,0.1406460184574942
nhưng nó giỏi và bản lĩnh đó,0,0,0.3006782861645617
tuyệt vời,0,0,0.12783508385741138
t thề hồi nhỏ qua nhà ông hàng xóm vá xe tao bị con ngỗng dí chạy xúc quần quanh nhà ổng vừa chạy vừa la làng tới giờ nhớ lại vẫn còn hãi 😧😧😧,1,0,0.27256857085613356
thông minh lắm,0,0,0.36763120582488396
bà ngoại của em đáng yêu hơn thế này nhiều,0,0,0.22784545954781657
bé gái đáng yêu quá ??,0,0,0.09898967960103586
buồn thật ấy,1,0,0.21189141800941122
uớc gì sau này về già vẫn có thể như cụ này :)),0,0,0.2073204575585968
cư ́ như kiê ̉ u =))) ngươ ̀ i yêu,0,0,0.14053752443066989
tao sợ ma nên không dám coi lun,1,0,0.4546775112054761
ai muốn đi thái hè này với tôiii nào cũng chim ưng phết đấyy :))),0,0,0.21200308954010602
"phim này quá hay . xem đi xem lại mãi không chán . đặt tay lên ngực "" mọi chuyện đều ổn "" câu nói kinh điển",0,0,0.3815472702568441
tại sao anh cứ mất công giận dỗi trong khi người xin lỗi vẫn là anh =)),0,0,0.41307932258812635
giống y bố tao 🤣 ngoa khủng khiếp nhưng mà nhà tao vui vãi_chưởng 🤣🤣. điểm danh nhà bố học giỏi văn nào 🤦🏻‍♀️,0,0,0.3188514030207401
à thì ra là như v =)))),0,0,0.13574204543909396
"per anh không nặn đi , mai mốt nó sẽ chaii dầy nè hihii :)))",0,0,0.22598111811018284
ngã nhìn cũng thấy yêu 🤣,0,0,0.10089652970407773
"cũng chuẩn , giờ khởi nghiệp vậy phá sản chỉ mấy tháng đầu",0,0,0.2686642761349803
"hôm trước tao đi chơi về đường vắng nên chạy nhanh , vừa qua cua anh cảnh sát chạy ra chặn làm tao sợ chetme vì giấy tờ không có bằng lái thì chưa thi lại còn thiếu abcxyz",1,0,0.209225834111813
rớt vô đây chắc chắc khóc tiếng thái lan,1,0,0.4136801651490756
đỉnh của đỉnh 🙂,0,0,0.24900485177567688
bà nuốt quả chuối tao cười tao ẻ,0,0,0.2907427486606145
"có những con người luôn phải chịu đắng cay , cta không được chọn gia đình , bạn bè và càng không có quyền lựa chọn cuộc sống này . hãy vui lên với tất cả những gì ta đang có dù là hai bàn tay trắng",1,0,0.45324553161700265
đi bao xa mới thoát đựoc kiếp không có người yêu ? :<,1,0,0.2812239232740112
"gặp cái này "" sun "" mẹ nó vào ... :))",1,0,0.17868617259980435
tội bà vợ,1,0,0.2921930310712113
per 😢😢 miss you .. chính xác luôn ak hậu,1,0,0.2389703844924059
chắc ỉa ra quần chứ đéo đùa -.-,1,0,0.4439904195439195
tôi cùng hoàn cảnh với bạn má tôi củng bệnh và từng ngày từng ngày tôi bên má tôi sợ giây phút má bỏ tôi ra đi và ngày đó củng đến ai còn mẹ hảy quí từng giây từng khắc bên mẹ,1,0,0.35930599976153704
thua cả người ta 😞,1,0,0.34477269848255016
tính ra tao lúc nào cũng hài hước vui vẻ luôn đó trời :)))),0,0,0.12106450119561485
thật đáng sợ,1,0,0.3529398949795892
sợ xanh mắt mèo,1,0,0.33358828161930393
ấy thế mà đã 6 năm rồi . bây giờ còn không nhớ được những đứa nào đã học cùng mình nữa rồi 😪,1,0,0.44142215264304197
"per lại nữa , tao dg suy nghĩ có nên đi bằng rap về không",1,0,0.2976731908562149
per tao thấy tao trong đó ahahahaha,0,0,0.22258796359662195
"em ơi , hết rồi 😔 hết rồi , chẳng còn chi nữa đâu em ...",1,0,0.45999701873670523
hello đồng nghiệp ;)))) không biết nghiệp gì thôi haha,0,0,0.16452044954391146
"cái này ở shop đồng giá 40k aeon có nè , tê tới dái luôn",0,0,0.260397905434259
nhìn stt đồng cảm khủng khiếp .,1,0,0.294980245669548
một câu chuyện bi đát :((,1,0,0.3746629502210511
haizzz ... thế là chưa có kq gì tốt đẹp cả ..,1,0,0.40068500069589974
để có được cái nắm tay tuổi già là bao giông bão của tuổi trẻ . mấy ai qua được bão giông ?,0,0,0.3550139451608075
"đấy , nó đấy . con tim tao đau quá .",1,0,0.20640531196039683
gặp em đúng lúc nhưng sao anh vẫn thấy mình cô đơn quá .,1,0,0.3903467951261448
nhớ lại thời đi học xa nhà . bếp dầu ... :(,1,0,0.20251886030993813
"con gấu trúc , cho nó ăn trúc đi =))) tướng ngồi nhìn cưng vãi",0,0,0.19422524981792347
nhưng nó sẽ to và rộng ra :(,1,0,0.2810110721144515
haha còn tao thì thấy nó lúc nào cũng đáng yêuc 😄😄😄,0,0,0.2126565440318799
"đừng tin vào lời ong bướm , đó là hố sâu , là cạm bẫy tình yêu =))",1,0,0.17985994365992822
bây chửi kệ bây ! riêng tao thik phá trong trường hợp này 😂,0,0,0.3141360256332931
ở chỗ khác chắc gì có đứa béo như mình !,0,0,0.32282639448950196
"yeahh ! tao giờ đã là khách quen quán trà sữa đó rồi , về nhà cũng phải ráng tạt qua",0,0,0.2514029653238971
cái miệng nói chuyện không có người phụ nữ nào có trời ơi thật là có duyên khiếp quá đi thôi,0,0,0.2669255885480893
cưng quá đi,0,0,0.23363045781907668
một phút huy hoàng rồi chợt tắt còn hơn le lói giữa ngàn thu,0,0,0.1906683038698724
"bộ phim này xem rất sướng . và rút ra được khám phá là thứ tuyệt vời nhất chứ không phải bằng cấp . giá như mấy ông "" bộ "" và mấy ông "" ngành "" dành thời gian xem phim này một lần .",0,0,0.16331991943432678
aeon tâm lý thế :)) mày . n vào mua que kem tránh nóng,0,0,0.2923268857929973
per vui quá .. đi dạo được ven hồ rồi 🙂,0,0,0.27421658771465857
thế làm sao dỗ bạn gái đang giận :(,1,0,0.28085741018817884
vãi :)) độc đấy,1,0,0.16990563113794352
tao bị bỏ rơi rồi,1,0,0.4224304658296797
🙁 bị rớt tiền,1,0,0.3470523086301388
phần còn lại là nỗi nhớ và những lần thở dài :((,1,0,0.3610173549695558
"tao rợn hết người luôn , ghi công mày 😑😑",1,0,0.3256297308913042
"đây là tao khi bảo "" tao biết đường mà , tin tao ."" 🙂",0,0,0.3445697453698212
đã sợ chó rồi thì chớ lại còn bị đùa zai như này . ai sợ chó đã từng trải sẽ hiểu :v,1,0,0.2231419968732864
hic hic mình còn chả bao giờ được giận lại ấy chứ :((,1,0,0.39546023905165717
gãy tay,1,0,0.21807439390015576
cho em xin tên facebook của c trong video để khi buồn em có thứ mua vui ạ . cám ơn mọi người,0,0,0.3232462194729414
đợi đến ngày họp lớp đi 😪,1,0,0.28009909469236677
"võ nghệ cao siêu đến mấy cũng phụ thuộc vào hung khí , em biết được điều này lên không bao giờ em học võ mà tự xắm cho mình khẩu hoa cải !",0,0,0.2538065476988409
chia buồn cùng người dân và đất nước pháp,1,0,0.29385112359228893
và khi quay lại nói chuyện với nhau .... biết nói gì giờ huhu,1,0,0.21255377379757878
"lớp 2 xí mót được cái chong chóng , bán lại cho thằng hàng xóm 500d .",0,0,0.3128636511903398
yêu sắp 2 năm rồi mà không biết người yêu kể chuyện cho nghe là gì 😢 đòi mấy lần toàn kêu không bình thường xịu xịu,1,0,0.17191167525178344
buồn cười nhất cái đoạn cã lũ bạn đồng thanh * chó nó lấy * 😂,0,0,0.20020300316390977
ờ công nhận đáng sợ vãi 😭,1,0,0.24211041646816658
đọc nhiều chuyện cổ tích vầy thấy yêu cuộc sống hẳn :)),0,0,0.14677522856483607
giun xào đĩa luộc là ngon ngay 😂😂😂,0,0,0.24384709325331774
mỉa mai cực mạnh =)),0,0,0.1701732929799103
chia buồn với gã lưng gù 😥😢,1,0,0.3688260753091927
con gái hay ảo tưởng như vậy lắm 😌,1,0,0.17214476424301745
có ai thấy tội ông cụ như tao không 😭,1,0,0.3930331167254193
"ê tao cũng hay giữ mấy cái linh tinh lại như vậy để vài năm sau mở ra xem lại có cảm giác hoài niệm , mà mẹ tao bắt tao vứt hết rồi 😢",1,0,0.23020929545223087
"đấy , chỉ có sale như tao mới tốt thôi , tao không bao giờ hỏi về nỗi đau của khách hàng : x",0,0,0.3428679802672048
lâu rất lâu mới gặp được lần rồi liết mắt nhìn cái :)))) chưa thấy nó cười,1,0,0.18003517586718348
ra xong bảo anh ý ship em về nhà luôn được không . xe em bị hỏng mất tiêu rồi =)),0,0,0.2904160569710199
per cảm ơn tôi đi . thấy tầm quan trọng của máy chém gió chưa,0,0,0.26332801207863565
mỗi lần coi lại sởn gai ốc,1,0,0.2582936959137068
khổ nhân viên,1,0,0.233803192262585
thật sự đọc xong thấy hơi rưng rưng,1,0,0.19858251371745392
phim này hay dã man luôn - có ai biết phim nào kiểu dạng này nữa o 😍😍😍,0,0,0.22324648397282737
nói xong còn chả dám ăn nữa 😂😂,1,0,0.4361842869232585
người trái đất thật đáng sợ mà - _ -,1,0,0.1617181090047899
nhớ hồi mình làm đồng nghiệp ghê :))),0,0,0.09014032289769452
bếp dầu ngày xưa thật ý nghĩa,0,0,0.26797552788755824
có khi nào kết hôn xong nó giết lấy tiền bảo hiểm không,1,0,0.30321838328438866
"per như một cú tát vào mặt , đau lòng quá đi",1,0,0.4854832798913384
lâu lắm rồi chưa ăn được miếng cơm cháy .,1,0,0.3090967655539548
"ước gì con về với mẹ .... đợi mấy tháng rồi vẫn chưa thấy bóng dáng con , mong con vẫn sống ...",1,0,0.3786001142127591
cả ngàn tin nhắn không đổi lại được 1 lần xem :((,1,0,0.30407209617314723
cảm thấy sợ mấy thứ suy nghĩ cổ hủ của người lớn :(,1,0,0.18375882988552927
để nó vậy không thấy tội sao,1,0,0.26890778773120577
nhìn qua ảnh thôi cũng thích =)),0,0,0.15095963837334148
con bé xinh ghê,0,0,0.17106102344087196
"yep . chính tao . đi vệ sinh thôi cũng phải đảo qua , mà giờ thì người ta sắp đi lấy chồng rồi",1,0,0.14415359905062045
cũng dể thương đấy chứ,0,0,0.2957521284844308
phải có bao nhiêu tình cảm mới có thể viết ra được những dòng này ...,1,0,0.3605507237118862
buồn dễ sợ mà huhu,1,0,0.1725825352952913
đẹp trai quá,0,0,0.24570356377349478
"trời đụ , tội bé",1,0,0.17331461472300205
mang anh này về nhà luôn được không 😻,0,0,0.34626092456491425
gia đình thì không còn . tình yêu thì chưa có gì chắc chắn . 😏,1,0,0.207757256770885
"chơi game :v cấp 2 trộm tiền bố mẹ đốt gần 10tr vào game , cuối áy náy không chơi nữa nên ngồi bán nick được khoảng 2tr cũng gọi là thu nhập đầu tiên :v",0,0,0.3112171839465977
bà về nơi phương xa mất rồi . nhưng với tớ bà là người dễ thương nhất trên đời . chỉ muốn ngả vào lòng ngoại nghe kể về những câu chuyện cổ 😘,1,0,0.2771677554349456
"anh giờ thích ai rồi , không còn giữ câu nói trước kia nữa đâu nhỉ . ừ gần 1 năm rồi cơ mà :((",1,0,0.44661336842362875
nhớ lại kỷ niệm này buồn quá,1,0,0.12336454461181366
còn tao thì 14 / 2 này trở đi tao không còn fa nữa mà chuyển sang những người già neo đơn .. kkk,0,0,0.3093455935888885
chả vị nước mắt à 😔,1,0,0.3884998785670779
ngưỡng mộ quá đi ạ . chúc 2 ac mãi mãi hạnh phúc như này nha :))),0,0,0.11219671966133885
phìm này rất rất hay đôi với ai sống hướng nội !,0,0,0.3250420363860644
:v crush có người yêu rồi,1,0,0.15185901908338495
"trên đường tao đi làm cũng có 2 con , mỗi lần chay tới là nó vương cổ ra như kiểu muốn hút tao trong khi tao không làm gì nó , cứ mỗi lần chạy tới là tao cách ly cả "" nghìn mét "" với nó , thấy nó sợ bỏ mẹ . đúng chất con ngang",1,0,0.32748718324624615
cầu mong chú có cuộc sống tốt hơn ❤,0,0,0.2758354407295744
thề lun anh ấy rất kĩ thuật lun á,0,0,0.20953296139643776
moẹ ! nghe cái tên đã hấp con mẹ nó dẫn lắm rồi đây này ! đjln ??????,0,0,0.31779061556125415
được bác ạ !! cứ lấy vợ giàu là được tuốt =))),0,0,0.18557922156938367
hên là chay ra kip,0,0,0.3110105353474789
per tìm ông bán xoài này ngay cho em 😂😂😂,0,0,0.147348166586341
cười ỉa 😂😂 thây nó thét mà tao nghĩ dọn xong nó đi luôn cái cổ họng,0,0,0.2890724449719997
hay lắm cậu bé,0,0,0.1882019872198722
có biết bao người có mảnh đời như vậy !,1,0,0.26924743590342415
per =)))) đáng sợ vãi,1,0,0.20928684586332746
hhaahhaah ! t đã may mắn như thế 😂,0,0,0.24397909202219092
maii ban thanh nhung nhớ cái này không hic 😭😭😭😭😭,1,0,0.1912993188663151
uề ... lại li hôn không thành công ... 😂😂. t buồn cười câu này quá per,0,0,0.4332743480419437
per thông minh là đây chớ đâu,0,0,0.19284270831415595
mai xem lại phim nay . phim rất hay .,0,0,0.09145493794370452
khi em nói 2 chữ muốn dừng là nước mắt không bao giờ ngưng . . . đau,1,0,0.48545510220652216
đa ́ người yêuc quá ́,0,0,0.15523886351713123
per anh ơi đừng gym nữa . boxing là đụ rùi :((,1,0,0.24137896835168177
nhà tao vẫn nấu . à mà lâu lâu tao về nấu một lần thì không cháy cũng nát,1,0,0.3286023280617472
tội cho cô gái ;((,1,0,0.24526186659623977
có những người đi qua đời bao nhiêu như 1 cơn gió vậy . vô tình nhìn lại . nó lại là quá khứ ...!,1,0,0.31415628521699634
"rất dũng cảm , đáng yêu quá",0,0,0.3603723139131494
"per ít bửa đi coi , trailer thấy hấp dẫn quá",0,0,0.2577073833896414
per kỷ niệm nè !!!,0,0,0.15105804499270428
cảm ơn mày đã khai phá cho tao thêm một nét văn hoá đẹp :)),0,0,0.29387242672469305
ít nhất con nhện nó còn yêu mày 🙂🙂🙂,0,0,0.28409478184817744
người ghép có tâm 😁😁,0,0,0.22090484372797758
tao cute mà các mày,0,0,0.33581827452302615
cưng ghê,0,0,0.22257485910229127
per chán quá,1,0,0.3198247321465875
yêu làm mẹ gì rồi phải chia tay người ơi,1,0,0.17542448559781304
"ôi những con người dễ bị ám ảnh với quá khứ , ôm nhau cái nào",0,0,0.22437271601963749
định tag anh vào nhưng chợt nhớ ra làm gì có anh nào 😑,1,0,0.2682887690568907
nhớ không em lời hứa ngày xưa mình bên nhau dưới ánh trăng đã nguyện thề :)),0,0,0.2792232791652826
"sau 15 năm cắp sách đi học và 2 , 5 năm không động đến sách thì bây giờ đang tự hỏi đây là gì sao mà giải được . huhu",1,0,0.2842880903049337
cay đắng và mặn :(,1,0,0.32528086273557816
đm thực tế như này còn hay . tiếc là đéo ở gần mình =)),1,0,0.3799918750737118
tuy chưa viết hết nhưng tao người khác sẽ hiểu là viết cái gì,0,0,0.2875311471767245
lúc tối mày cũng nằm mơ nèo nhà mày về . ước gì nó là sự thật 😢,1,0,0.4066964282760065
per dume đái trong quần,1,0,0.41625518723678534
mắt 2 mí dễ thương quá,0,0,0.16187762064613853
tuổi thơ tôi toàn gặp những thằng mất dậy và toàn đánh nhau với chúng . tuổi thơ nợ tôi quá nhiều,1,0,0.49251200948891194
"nhớ lúc trước có thằng bạn học rất giỏi và đẹp trai , lớp phó kỷ luật lạnh lùng và tàn ác không thương sót ai , ghi hết vào sổ . chỉ riêng mình là có thể giật tập nó để chép bài và đánh nó không thương tiếc mà nó vẫn im lặng , không bao giờ bị nó ghi tên vào sổ . kiểm tra quay phao nó giục bỏ và canh cô đưa bài cho chép",0,0,0.15521692188167133
"muốn hun , muốn ngắt , muốn nhéo , muốn tán vào cái mặt nó ghê , yêu vãi ??????",0,0,0.20872321150704332
mình làm ở sài gòn gặp nhiều bạn ở miền ngoài nhưng thích nghe nhất giọng ở phú yên nghe hay hay sau ah có ai vậy không,0,0,0.22248220590201584
lớn lên sẽ rất đẹp chaiii ??,0,0,0.19718945054495685
dễ thương ha,0,0,0.1744299556883017
nhưng đảm bảo coi cái nào là cười sặc cái đó :)) vì nó diễn tệ đến nỗi nó hay,0,0,0.37105399162800473
xem cả chục lần vẫn thấy hạnh phúc lây với cụ bà 😊 không biết mai sau mình có được vậy không,0,0,0.2301882935274752
cho thơm miếng nào yêu quá cơ,0,0,0.24554569981711136
để được maiz ngắm nhìn nụ cười đó nên quyết định chỉ crush mà thôi :3,0,0,0.2676161759507902
đối với tình yêu thì thời gian có tác dụng xây đắp chứ không còn là phá huỷ mọi thứ nữa . ngưỡng mộ hai ông bà ❤️❤️❤️,0,0,0.1816369606350727
kinh dị v,1,0,0.3491643213502422
hồi nhỏ cứ đi qua chỗ nào mà nhìn từ xa thấy bóng dáng mấy con đuỹ này là chuẩn bị tinh thần chạy chứ nó dí sấp mặt luôn dù mình đéo làm gì nó hết 😂 vừa dí vừa ngoác mỏ hét sợ vãi ra,1,0,0.34506524787645704
"em cũng đi lead này , nhưng đừng gọi em là ninja được không , xin luôn đấy",1,0,0.34562766977756926
sợ vãi linh hồn,1,0,0.23060003005989235
giống ml em tao hồi n nhỏ vãi . muốn ngủ với mẹ nhưng bị tao nịnh nọt bắt lên ngủ với tao :)),0,0,0.25490040942634024
ôi vãi mình lên fan cứng rồi cơ 🤗,0,0,0.20781746830017134
bé gái đáng yêuc quá :))). dth nữa,0,0,0.13369754525536476
hôm nay anh xin lỗi em về những việc anh đã làm hôm nay .. anh không thể kiểm soát não anh được nữa rồi 🤫,1,0,0.43509780188046043
từ nay tôi quết định nuôi dưỡng con chim tôi tới già . và tôi mong được unesco công nhận kỳ quan thứ 8 của thế giới,0,0,0.38628765376234564
và đó đéo phải là tao =))),1,0,0.3111528100586254
ngọt sớt :))),0,0,0.18376603382086848
một sinh vật xinh đẹp và hiền lành . tiếc cho nó quá,1,0,0.1969869415142195
sau khi bố xem video của con xong thì bố rút ra 1 điều . bố không chỉ chửi con lúc con cầm đũa mà bố sẽ chửi con cả ngày thân ái ... yêu con,0,0,0.35888984855691886
đẹp quá v 😍😍,0,0,0.22309851164271366
xin đi chơi với bạn ngày tổng kết không cho cứ bắt học miết :)) khá mệt,1,0,0.28922363612128
cảm động quá hjxhjx,1,0,0.27917045543458574
cuối ngày hình ảnh của ông bà là đẹp nhất ... chúc ông bà mãi hạnh phúc sống thật lâu lâu nhé 😘😘😘,0,0,0.23214927515317202
nhìn đôi bàn tay đã biết phải lao động rồi . chị có lấy trai việt không :)),0,0,0.24623283859128597
là crush ông nào thì chạy ra bế vào nhà dễ dàng có người yêu :),0,0,0.24825931383333505
ngáo cỏ này đáng yêu nhỉ,0,0,0.24719546125833575
ai cũng nói tao đẹp troai . hiền lành nhưng chưa biết lúc tao lên cơn 😂😂😁,0,0,0.27118460619111184
nó mới ghé nhà tao đây :)),0,0,0.20983360545774238
đái mẹ ra quần,1,0,0.4356024506271145
tao ngồi tao khóc 1 buổi ☹️,1,0,0.4049222075030962
ra xã hội rồi mới biết mình còn may mắn hơn rất nhiều người vậy nên hãy trân trọng những gì mình có 😊,0,0,0.2596211577329993
cưng thiệt chớ ????,0,0,0.09384458109606388
ý tưởng hay 😂,0,0,0.2751145124228405
nó thả thính xong nó chạy mất ..,1,0,0.3128851712192523
đang chán đời cắt tóc xong là chán cái mặt hơn chán đời luôn :((,1,0,0.394874521645415
ai thấy pha cuối phê vãi không,0,0,0.1950479377254159
lo cho thang bé lỡ rớt điện thoại xuống nước thì ....,1,0,0.17220009554147495
tim vỡ nát,1,0,0.3057429233458556
per em hiểu sao anh đưa em quyển sổ rồi nha kkk,0,0,0.3143894012250937
bộ phim truyền cảm hứng hay nhất =),0,0,0.18977915832221695
"mai tao ăn gà , chụp hình bình luận lại cho mày thèm chơi ??",0,0,0.33559863768988946
"theo mình thì không nên vì định kiến xã hội quá khắc nghiệt , họ sẽ bị tổn thương và nghĩ quẩn",1,0,0.4102938479172346
"hôm nay ai có vàng bán hết đi , tuần sau mua lại , lời vãi .",0,0,0.1482443504251264
ai hát tao cho tao nge bài này chắc tao say quá,0,0,0.18407098126695393
thằng đoạn cuối mặc áo hồng đang định gải đít nhưng vì thấy rắn nên anh ấy đã hết ngứa,0,0,0.25832127299125773
khoảnh khắc mày nhận ra mày còn đéo bằng 1 thằg nhóc còn trong bụng mẹ :((,1,0,0.4576949263290615
đem người đó ra biển cho biển cuốn đi lun .. hihii,0,0,0.24925064793054047
hên crush nay ăn chơi lành mạnh,0,0,0.18151915236339888
nhiê ̀ u biê ́ n đô ̣ người kha ́ thu ́ vi ̣ =)),0,0,0.20438927907471818
nhiều lúc em di từ từ chưa kịp đỗ đã có n ra bảo không được đỗ ở đây chán qúa,1,0,0.4854263609196886
phim này là người cha zombie yêu thương con nè . xúc động quá 😢😢,1,0,0.20859172104388396
nhìn giống mấy đặc vụ của cia . sợ thế :)),1,0,0.13199854674574946
per vậy cug nghĩ ra được haha,0,0,0.20733724621703423
có lúc ngồi một mình mà cảm thấy lạc lõng lắm các cậu ak,1,0,0.3930072450082626
buồn cười vãi ý,0,0,0.3675826804826286
"gắng , nhanh khỏi bệnh rồi về bên anh",0,0,0.19823600431063346
per giải trí =))),0,0,0.150509779104939
nụ cười của tôi thiên thần vãi,0,0,0.4694341343867125
per người yêu công sở nè 😂😂,0,0,0.24044120831982219
gd năm nay chán,1,0,0.31856825594181565
chúng ta mất 3s để nói yêu nhau vài 30p để phịch nhau phải không nào,0,0,0.2128597348480919
phim hay thật nhưng cái kết hơi khó hiểu :v chốt lại là đáng đồng tiền bát gạo :v,0,0,0.17656093333827563
em không muốn chúng ta già đi chút nào . điều đó đồng nghĩa với việc cta sắp xa nhau 😔# n,1,0,0.21986782287953896
"khi bạn làm con b sẽ khóc , nhưng khi bạn đã làm cha mẹ bạn sẽ thấy đau lòng .",1,0,0.42447040891551485
ông trời cho mình lũ bạn cờ hó quá ấy mà :),0,0,0.14157957793436315
biết là đau lòng nhưng sao bản thân vẫn muốn biết nó,1,1,0.5430329953158968
có duyên nhưng không có phận ... người ở lại vẫn luôn là người đau nhất !,1,0,0.23048829085819292
nào tao cũng phải thử =)))),0,0,0.14801898771001296
"đỡ mua 5k tiền sổ rồi , kaka",0,0,0.24614971467274557
đẹp người đẹp cả giấc mơ 😊,0,0,0.24603985835734413
per tao cứ thấy giống giống mày :))))),0,0,0.23407606708798928
phận làm con trai haizz,1,0,0.33377152001929056
thà chia tay rồi ghét hận nhau còn hơn là đang lúc dang dở thì mất nhau 🙂,1,0,0.3038413560336704
phim xem hay ... nhẹ nhàng tình cảm ... và cười vkl,0,0,0.3379241045582623
không thấy không biết lòng không đau,1,0,0.276573868762095
"úi sời , gần chỗ mình này",0,0,0.41188580494553
"từ nay sẽ không cap màn hình ib nưa , thật tội lỗi tội lỗi",1,0,0.24572722651449722
uất quá anh ấy cũng phản ứng cãi lại . hì hì đáng yêu quá,0,0,0.17779349092706537
hahah tao chưa nghe hoàn chỉnh bài này lần nào,0,0,0.27528184189704563
"những người trẻ với tấm lòng nhân hậu , các bạn thật đáng yêu .",0,0,0.17396685410924384
đến năm cuối đại học rồi lúc nhớ lại đéo có gì :)),1,0,0.315306768677445
đm nhậu say gặp cái cầu lol này chắc tao nằm xuống mẹ cho rồi per,1,0,0.27473228397395605
là nhìn người ta đi cạnh 1 cô gái mà bất lực không thể làm gì ngoài việc ngồi nhìn và mỉm cười,1,0,0.3224929340301616
đoạn phim này tốn khá nhiều nước mắt của người xem,1,0,0.27185198950924144
đọc bình luận cười ẻ,0,0,0.4267348596194551
t có 2 con bạn thân nó thì cao trọc trời còn tao thì ... . buồn,1,0,0.25980525270711263
dẫu hiên ngang giữa đất trời gặp con vợ đểu thì đời cũng xong,1,0,0.22799748890994162
"hahaa , đợi em ngủ chút tí ròii buôn :))",0,0,0.22276123967037142
t định thả sad nhưng đọc bình luận buồn cười vailon 😂 nên thả hahaa :v,0,0,0.3579190501529481
sao nỡ lòng nào khiển trách bác ấy . còn họp kiểm điểm nữa . tội quá .,1,0,0.29994965266439816
t gặp quả này thì bỏ xe mà chạy ??,1,0,0.17393906775553014
"phải nói là hài tàu hay thật đấy , luôn li kì và khó đoán kết quả , ý nghĩa thì thâm sau . hihi thích rồi đó",0,0,0.20385617572033485
"đúng rồi , kiên trì thêm một chút nữa đi ! :v",0,0,0.34106327538628456
ngoài kia ! còn có rất nhiều điều tốt đẹp vẫn còn trên thế giớ này ! hy vọng những điều tốt đẹp luôn diễn ra từng giây phút ..,0,0,0.2706593337775307
đã check rồi lại còn đoán :)) em vui tính giống anh đấy :)),0,0,0.1607746726725056
per cảm ơn mọi người . do em thích mấy cái văn hoá tưng vùng để tìm hiểu,0,0,0.2782309896358798
bé tí mà đã có múi rồi :))),0,0,0.1314914747018702
thấy hơi sợ sợ rồi đấy :(,1,0,0.24833027691643617
nhìn lũ trẻ yêu nhau mà lòng già xao xuyến,1,0,0.0944470530674873
per hồi ở tam kì hay nghe ... giờ nghe lại buồn ds,1,0,0.2380754035160116
"crush đi nhậu rồi say , rồi bị thịt ... hic hic",1,0,0.28863204359083816
lùn lùn làm sao sống qua nổi những chuyến đi phiêu lưu như vậy,1,0,0.20716232043367142
cảm động người thầy đưa học sinh đi làm hồ sơ 🙄,0,0,0.32501853734281283
hôm nay đi qua vẫn thấy nói chuyện thải chảy thẳng ra sông thì bao giờ mới sạch được ... haiz,1,0,0.33264067270619896
tao còn không dám ăn nói chi ruồi .,1,0,0.47355607421006074
việc đớn đau nhất . là nhường người mình yêuu nhất cho 1 người khác 😔😔😔. chỉ vì đơn giản không muốn ai phải đau buồn,1,0,0.37270576789866594
cách xử lý thông minh,0,0,0.3831973069487035
má nó thú dị thôi rồi 😂😂😂,0,0,0.21434213295522914
thì đúng là sẽ không buồn vì thất tình nữa :((,1,0,0.21946031857510684
sợ vãi tè ăn độc 2 quả mọc luôn 2 cái nhọt ở mông đíu hỉu,1,0,0.13456833115640973
"tao thì chưa cắt thì đã đéo có sức hút rồi cắt , bùn vãi",1,0,0.4752427874787131
xui thôi chứ quyền đang hay mà 😢,1,0,0.25198798021720964
một năm đầy biến động và thăng trầm của nước pháp ☹️,1,1,0.5455967195711116
per nhờ mất bạn nên mình mới biết 😂😂😂😂,0,0,0.15194707204026564
chạm đáy nỗi đau 😞,1,0,0.42485488599207283
"nhìn một cái rồi thôi , chuyện của những năm trước",1,0,0.21233123115581598
không ngờ tin nhắn riêng tư cũng phải kiêng nể nhắn tin để lỡ có bị chụp vẫn thấy chả sao,1,0,0.15558724911802874
mỗi mùa trung thu đến nhìn người ta mua bánh tặng nhau mình lại thấy chạnh lòng ! 😞,1,0,0.09463304622896734
t chắc bỏ nhà ra đi khi ở với bố mẹ kiểu này quá . vẫn may bố mẹ tao không hề giống này tí nào,0,0,0.23924998129776343
per ơi nhột nhẹ kkkkk,0,0,0.23525112459587463
t thề với mày là tối thấy cái này chắc đái con mẹ nó ra quần,1,0,0.3330202469508673
dự là 30 mà 30 sợ già quá chả chó nào nó rước . năm nay đã 26 rồi mà vẫn chả ai thèm yêu 😔😔😔,1,0,0.2424579675316944
nhớ con gái tao quá :((((,1,0,0.19773366788211116
per nhìn mặt cưng gê,0,0,0.22627230234162496
mỗi lần chạy xe ngang kv bình chánh là cảm thấy sợ,1,0,0.25159274138750426
còn gì đau hơn,1,0,0.3053871719422045
"mới đây thôi mà đa 3 năm rồi , những ngày chia tay buồn đó :((",1,0,0.3075274514691511
các anh chị hãy nói với em đó chỉ là diễn xuất mà thôi . và tình yêu như vậy chỉ có trong tiểu thuyết mà thôi .,0,0,0.20172650770189712
nhỏ ngầu lớn lên nhìn bê đi =))),0,0,0.14216590222945097
"chia sẻ cho anh em , haha",0,0,0.22917915830750069
per đứa nào nghĩ ra được cái qcao hay vãi ...,0,0,0.2604165860381111
trời ơi tao chóng mặt quá đi :((,1,0,0.31242593015389053
"công ty nào nhận bạn không quan trọng , quan trọng là ai giới thiệu bạn vào công ty 🤣🤣🤣🤣",0,0,0.47072769358961825
tao học nhân sự đây còn đang lo thất nghiệp đây này,1,0,0.36494803953513294
"mình sợ nhất đến bữa ăn mà bố mình vác cái thớt vào mâm cơm , bố mình biết mình sợ vậy nên mọi chiện giải quyết sau khi ăn cơm xong ,",1,0,0.26643269835952166
tôi đã xem đi xem lại 3 lần và xem lại lần hai mới hiểu hết nội dung và thấy hay hơn khi xem lại lần 3 . ai chưa xem hãy vào xem thử 2 lần !,0,0,0.2394360573918884
"cả 2 bà đều mất khi mình nhỏ , không hưởng thụ cảm giác này rồi",1,0,0.4911847576644591
per được đi thi chưa babe 😂,0,0,0.1317168542230661
"cảm ơn cha mẹ đã cho mình hình hài này , xin được khôn ngoan để đừng làm đau người khác",0,0,0.31563304725355734
cười lộn ruột,0,0,0.42702895957537423
hôm đấy bổn cung về quê báo hiếu cha mẹ .,0,0,0.21607396188003095
"a nói là anh làm ngay đấy , các chú đừng đùa với anh 😂",0,0,0.1559823945539942
nếu 1 ngày per theo thằng khác và per cũng có bỏ bạn mà đi thôi huhu,1,0,0.26907879307854216
nghe hay,0,0,0.14439900414896162
"khi xưa bị rượt 1 lần mà nhớ đời , còn mổ tao nữa chứ 😨😨😨",1,0,0.33636873955503743
nó sẽ thì thầm tai mày “ dượng đây “ 🤣🤣,0,0,0.44959339248220453
mất bà cái tuổi thơ -.-,1,0,0.3740035297628494
"hồi nhỏ đi học phải ngang qua nhà nuôi ngỗng nó dí chạy thấy bà luôn , ngày nào cũng phải cầm cái cây theo . thề luôn tới giờ tao vẫn còn sợ con này khiếp luôn 😭",1,0,0.16495167126614588
"má , dume cười ỉa :))))",0,0,0.2883651144984707
"per đây là thằng con trai vừa đẹp còn có não , mong per học hỏi ! xin cảm ơn",0,0,0.2573110982564136
thông minh vãi,0,0,0.27355823249556777
nhìn mặt là cười phọt rồi,0,0,0.35143604218296215
chắc là vì em .. đi lấy chồng 😥,1,0,0.26749195220535466
nghe lại bài này thấy chột dạ vãi,1,0,0.139359408136679
dễ thương kinh khủng . bởi vậy mới nói mấy đứa yêu nhau là lầy nhất,0,0,0.16654396174342204
khi đã đổ vỡ hàn gắn lại chắc gì đã được như lúc đầu :'<,1,0,0.3796699487706394
ngày xưa mìh cũng thế . dume thấy mấy ông đứng đầu đường nhòm nhòm cũng phải lượn qua cái :)),0,0,0.15109870693697117
per ê tao với mày mà đi cái cầu này chắc rớt ngay bước đầu quá 😢😢 đã mặp rồi chân lùn nữa đi qua bằng niềm tin,1,0,0.35737673617844107
ae phục vụ ngày xưa của mình đâu rồi . sao thấy thương bạn này,1,0,0.2630240600546371
phim chuẩn chưa này =)))),0,0,0.13168227434455057
t chỉ muốn khoe là tao vẫn được nghỉ 1 tuần nữa =))))),0,0,0.28132377940930786
hi vọng hòa bình ở triều tiên sẽ không còn xa nữa . goodbye ! # per,1,0,0.37174506842410976
có móng tay dài cũng khổ,1,0,0.3263253215067156
sau nay em cung uoc duoc nhu vay ❤,0,0,0.22227142327109067
có đứa nào vừa xem vừa sờ tai mình không ? sợ vãi :<<<,1,0,0.25405900212912985
"tự nhiên nhớ đến hồi bé , đi kiểu nào cũng bị ngỗng rượt chạy té sấp mặt luôn , nhiều khi nghĩ sợ nó dí hơn sợ mẹ đánh",1,0,0.22953974994038384
tao lại sợ mày quá cơ :))),1,0,0.2459695767238962
hay bị giật khô trên đó rồi :(,1,0,0.2699940613902095
"phim hay , nhưng mà lần đầu xem là cùng nyc nên .. 😐",1,0,0.29024197462323276
"em cũng như con chó thôi , nếu anh đủ kiên nhẫn thì mọi chuyện đã khác rồi 😪",1,0,0.34296183330956154
làm công nhân đã khổ rồi mà tụi nó còn nỡ lòng nào hại người ta nhắn tin,1,0,0.37281027315985027
ngày trước nấu cơm . đun rơm . đốt được hơn 10p mới nhớ ra chưa cho nước . hỏng cả nổi cơm huhu,1,0,0.20757108716191103
lúc ra hà nội ở ngay phố đào tấn mà không biết chổ này 😢,1,0,0.37688024801661096
má lỡ té xuống 1 cái tao nói lên tắm 8 năm cũng đéo sạch nữa,1,0,0.3876061878620265
tận cùng của nỗi đau 😑😑😑,1,0,0.37922854021798524
chuột mà làm như người vậy .. ít hôm nó gặm cả rắn cả dây thì thấy mẹ ..,1,0,0.33866911776576375
em này xinh vãi các bác ạ .,0,0,0.20897166270984585
ai bảo con trai yêu không nặng tình ? :'(,1,0,0.23775615077286377
tao thì ngược lại .. cắt xong nhìn như thằng trốn trại vậy,1,0,0.32960331712383184
tên thì tất nhiên nhớ nhưng ngày sinh của tao thì ông bà bô nhà tao không một ai nhớ cả ^^,1,0,0.2510469697927008
"nhớ trung thu năm ngoái , đứng nhìn các cặp tình nhân ôm hôn , nắm tay nhau ... chạnh lòng lắm !😞",1,0,0.20170402902578322
thôi mày cố lên . đỡ rồi cũng tốt,0,0,0.3551276562650694
🙄🙄🙄🙄 tao cũng thích kiểu kể chuyện trước khi đi ngủ . cho đến khi tao ngủ luôn . mà đéo có ai hết . buồn đời,1,0,0.26456633804380236
"nhìn 1 cái , cười 1 cái rồi về thôi",0,0,0.2660381516749718
thật chứ thấy bạn nam kia cứu con chó không cần nhìn mặt cũng biết đẹp trai rồi 😆,0,0,0.29694586872100803
:))) mình sướng mà mình không biết hưởng nhìn lại những mảnh đời bất hạnh mình nguối mặt thẹn gấp 100 lần,1,0,0.194348216350192
oaaaaaaa ...... thực sự rất tạo động lực và niềm tin cho người khác đó < 3 rất thích nụ cười và sự thoải mái tự tin của anh chị < 3,0,0,0.40364997477480413
"per nhà giáo áp lực quá nhỉ , giống làm dâu trăm họ .",1,0,0.24804402942346734
"thường thì người thuận tay trái sẽ bị bệnh này :v , riêng tao thuận vả 2 tay nên chả sao",0,0,0.15160241028940694
trò cười . :v,0,0,0.36778572279975363
tội cho mấy thằng đang xoay tiền mua bánh trung thu cho vợ thằng khác ăn,1,0,0.2281842284686279
tội thằng per vãi,1,0,0.27490413135164843
nhìn con bé thấy cưng ghê chị ơi,0,0,0.11259336673603791
tao cũng ước mình có 1 tình yêu như ông bà ❤,0,0,0.2415608108712843
đi chơi lụm được tờ 2k rách mua băng keo 5k dán lại tờ 2k 🤔,0,0,0.26091460550669754
"các cháu thật tốt , hãy thương yêu mọi người và cả loài vật nhé , may mắn và niềm vui sẽ đến với các cháu .",0,0,0.14562516699833256
per con nhện cản bước bé xuống cầu thang =))))),1,0,0.16950955569118462
"chẳng phải chuyện hài nhưng sao tao thấy buồn cười quá , chắc thần kinh có vấn đề",0,0,0.46215836051991593
đồng cảnh ngộ :(,1,0,0.10159535826248814
con ước mình cũng có 1 tình yêu đẹp như ông bà vậy < 3,0,0,0.22286992804462913
per phải nói là hiền quá hiền luônnn 🤣,0,0,0.20414964132720462
cô ấy hết thương tao rồi,1,0,0.28708709205704586
phải tự cho mình đau lòng nhất thì mới bỏ được,1,0,0.3277359592383783
"đang học sử buồn ngủ , xem cái này tỉnh rụi liền =))",0,0,0.13576773774756246
thớt là gu của tôi :))) yêu quá hiuhiu,0,0,0.14925186791420428
mới có 3 năm thôi mà ... vậy mà chúng ta còn không tụ họp được lần nào cả,1,0,0.2697593560025436
đấy mới là điều càn đó . huhu,1,0,0.22862335041673645
thanh niên leo lên cao để theo dõi thời tiết để thông báo cho người dân đi cấy thật cảm động,0,0,0.17550092483639887
quen với quên rồi thì hết đau thôi mà,1,0,0.20562584320243077
"động lực là tình yêu , gia đình là nơi để về hihi",0,0,0.35836854213562286
nếu chịu khó đặt vào hoàn cảnh của nhau mà sống thì cuộc sống đơn giản hơn rồi đó,1,0,0.2243851089049933
vì bạn chỉ là con trai nắng hoặc em gái mưa thô :(,1,0,0.29798445333185486
"quỷ cái chứ ma đâu mà ma , haha",0,0,0.21304422529211609
cười ị :v,0,0,0.42076920257879025
"vãi cả phí , có ... 81 tỷ hoy 😓",1,0,0.34611660614887774
có lẽ vì vậy nên moi thứ trở nên thật khó khăn lúc này :(((,1,0,0.37126111514140914
ai giúp bé với hix,1,0,0.19931939552204
ôi cháu taooo =)))),0,0,0.20661801005358943
chỉ có được cái chữ đẹp . hihihi ...,0,0,0.3193957197382376
nhớ đến lại buồn . chuyện tình chúng ta chẳng đi được đến đâu cả,1,0,0.2077233574853586
tao lại thích chua lè chua loét chứ :))),0,0,0.25816969485716335
dume đêm ròii =))) tao cười vãi tí hàng xóm qua đánh bỏ mẹ,1,0,0.38371371623946837
gặp tao cũng thế :))),0,0,0.21104335278802552
năm xưa mày cũng ôm gối đứng cửa phòng c như này này per 🤣🤣🤣,0,0,0.407134649041669
"nói chung thánh này không ai ghét được , trừ hlv kkk , dễ thương gắp trăm thằng pogba ,,, mong cho thằng đó nhanh biến khỏi mu",0,0,0.3376327445451662
per nhớ cái này không bây kk,0,0,0.24974096509118615
"vợ mình cũng thế , mấy lần đắp mặt nạ dọa chồng :v được cái mình chơi game kinh dị nhiều nên đếch sợ =))",0,0,0.21928948401638734
vèo cái đã 7 năm 😕,1,0,0.27985758855358556
các mày trốn đi bọn chủ tịch đang đến kìa 😨😨😨,1,0,0.2712430805143463
kích thích vãi,0,0,0.42481538603045077
tao hiểu rất rõ cảm giác của em ấy ....,1,0,0.4024977456625947
cay đắng cuộc đời 😞 một chút vị mặn của mồ hôi nước mắt,1,0,0.37935726509501894
cãi tay đôi luôn hahhaa,0,0,0.32778831660420565
có hôm tao đang vương nỏ tính bắn vào con họa mi đang đậu trên cành thì ai ngờ nó phản đame đứt thun dội ngược vào mặt từ đó tao không còn chơi nữa,1,0,0.2960175258442087
"per hồi nhỏ bị con đỉ này dí lòi lol 😂, bị cắn bầm đen muốn thúi thịt luôn cả tháng hơn mới hết . mà đươ ̣ c cái con này nuôi nó giữ nhà cửa hay , có nó không sợ ma quỷ gì hết",1,0,0.23349460060757243
nốt hôm nay thui . thui không ngĩ đến và bắt đầu từ bỏ 1 thói quen,1,0,0.257068288561259
"không biết khuyên thế nào , nhưng chỉ cần bình tĩnh 1 xíu , dù gì thì cũng đừng tự sát , đời người chỉ sống 1 lần thôi ...",1,0,0.42792471718623926
"tôi xin nhắc lại , đây là một câu chuyện buồn",1,0,0.3377448728448833
chưa cho ba mẹ được gì . vậy có quyền gì mà đòi phàn nàn về những thứ ba mẹ đã rành rụng bao nhiêu năm để lại cho mình,1,0,0.3124397416984731
vì tao xấu và chúng nó chỉ thích gái đẹp,1,0,0.2508070999659185
năm nào mà tao chã cô đơn,1,0,0.35856232615544004
"cũng như đàn ông gục ngã trước cô gái nhiều sắc ! đặc biệt là 50 "" sắc "" thái 😂😂",0,0,0.33554589698543563
tui nhớ anh quá à :(((,1,0,0.3369813446635739
tập có lỗi với thằng quay phim mà tao xem ba lần tao vẫn cười đứt ruột,0,0,0.2650064244528776
per mới bắt đầu tuần thánh mà chúa ơii,1,0,0.2632011769365854
hiện tại mình chưa người yêu bạn nam nào chưa có người yêu thì lo cua mình đi nhá đến khi mình có người yêu rồi thì đừng hối hận đấy huhu,1,0,0.17026534150157377
hahaa ngọt vãiii :)),0,0,0.16369195716614043
vl đánh đòn hic :))))),1,0,0.20103700994779308
tôi khóc lun ... huhu,1,0,0.3533384032436868
"hồi nhỏ đi ngang nhà hàng xóm con quỷ này dí tao từ ngoài đường vô tới trong nhà tao nó vẫn không tha , ba mẹ tao nghe tao la chạy ra chụp cổ nó quăng ra sân nó mới chịu đi . ám ảnh tuổi thơ 😅😅😅",1,0,0.31908436765435
moá hồi hợp chờ main thắng ai dè thua bởi cái mông huhu,1,0,0.1937281221092347
nói thật gia lai nói riêng tây nguyên nói chung xưa nhờ vàng đen '' hồ tiêu ' và vàng trắng ' cao su ' mà người dân có dư cái ăn cái mặt bây giờ thì thua rồi bỏ đi tứ xứ .. một thời,1,0,0.2602995036087414
per tôi đợi ngày nhận thiệp cưới của ông,0,0,0.2870464747740277
ngoài mấy cảnh nhảy múa hát hò vớ vẩn ra thì phim hay,0,0,0.18995967234545572
đm chơi mất dạy vãi . tưởng khúc cuối là gì dume làm giật mình 😒😒😒,1,0,0.32048183455689644
quá nguy hiểm,1,0,0.12932613576503854
dume con ế đọc tổn thương sâu con mẹ nó sắc :((,1,0,0.47549258346173046
hoá nhện tỏ tình đấy :)))),0,0,0.16692911103251962
đây mới là công an của nhân dân việt nam cảm ơn bạn nhiều điều tốt đẹp hơn nhé vanew,0,0,0.18465343456421432
per nguy hiểm luôn rình rập xung quanh chúng ta :((,1,0,0.12242726187492049
per coi phim này chắc chết luôn trong rạp 😂,1,0,0.30204648017227026
per :))) không bù cho nhũng người như cta,1,0,0.20744389010246805
ghét nhất mấy loại bép xép thế thôi . nhanh gọn lẹ 😂😂😂,0,0,0.1577229290413475
chúng mày có thể bỏ ra 30s thả tim vào avatar coi như lì xì muộn cho tao được không ? chưa bao giờ được 30 tim buồn v . lol 😭😭😭😭,1,0,0.31213669323926885
:) đàn ông mà nặng tình vãi lol ra,1,0,0.241354204772367
sợ ngỗng còn hơn sợ chó :))),1,0,0.14257201775708722
per tao thấy mấy ảnh thật đẹp trai,0,0,0.22675609387503887
per người đừng hành hạ tuôi như thế nào nữa,1,0,0.2713423329806866
còn quá nhiều mảnh đời bất hạnh ☹️,1,0,0.35136320758156253
per mệt quá mấy con ơi,1,0,0.47217022528666686
cười vui vãi,0,0,0.3648537659501981
"ai nói kết có hậu , đầu khấc mất vợ tương lai kia kìa",1,0,0.3805949119336954
từ đầu năm giờ chắc chụp 10 lần rồi huhu sợ quá 😭😭😭,1,0,0.2918131575726829
"kết mỗi câu ru con ngủ để vợ đắp mặt nạ làm đẹp , 10đ chồng tốt =))))",0,0,0.20291009000669946
bếp ga hj hj 🤣🤣🤣🤣🤣🤣,0,0,0.22220093659045573
ly hôn cũng phải hoành tráng chứ .. còn phải làm to hơn kết hôn mới được 🤣,0,0,0.3280862605515883
chuẩn rồi bác . :)))),0,0,0.13146849508133684
gia đình ổn tình yêu không có thì cần gì động lực ... kaka,0,0,0.30118741079966765
giờ anh gù lấy đâu ra chỗ ở :'(,1,0,0.3521239806760592
hồi đó khoái cái này lắm,0,0,0.264733118203131
"chưa nói chuyện thân thiết quan tâm , mới xã giao thôi đã lầm tưởng rồi ấy chứ , haizz khổ lắm",1,0,0.42113999921998435
buồn cười 😂😂,0,0,0.35657797643457473
"muốn em vui vẻ đơn giản lắm , chỉ cần bao ăn bao xem phim tuần 1 lần thôi hỡi các đồng nghiệp ơiii 🤣",0,0,0.28101806624158887
"còn tao nhé , hơi bị ngon",0,0,0.3526438716622867
muốn bảo vệ và chăm sóc người đấy,0,0,0.3765582959520994
địt mẹ vừa đi ép lại kính xong giờ tan con mẹ nó cái kính rồi 200k của bà mày đấyyyyy !!!!!,1,0,0.24515660307216652
đây là video hay và ý nghĩa 😊,0,0,0.15872294583850205
"t thề mỗi lần dọn phòng sn này thì banh kem , pháo kim tuyến . đủ các thứ . khóc mà bụt nó đéo lên",1,0,0.2965572659546459
dịch vụ tận tâm . đáng yêu quá ! : x,0,0,0.2410191746315081
khoảnh khắc nhận ra đồng nghiệp mình is the best :)) nguyễn ngọc thái hiền,0,0,0.15201953265594872
mai đi học mà mình quên cách cầm bút rồi huhu :<,1,0,0.3053309495507793
thật đúng đắn khi đã follow page này !,0,0,0.2626726424916843
tình yêu lớn lên sẽ mang người con gái ta yêu thành gia đình . family is all,0,0,0.1646640915829782
đồng nai mùa chim nướng yên xe kaka,0,0,0.2077463344658959
phần này dù xem lại 100 lần vẫn bật khóc tình cha thật phi thường,1,0,0.20505171753285664
cũng có nơi gia đình khá giả mới có nó !,0,0,0.35288382948613156
cứ mỗi lần có phim hay là xách nhau đi 🤣,0,0,0.14688997936935594
tao thề tao rất sợ ma quỷ nên tao rất không dám xem phim,1,0,0.2828190620512527
- mấy bạn đừng có đổ mình nữa nha 😞😞. mình ngại lắm 😞🤣,0,0,0.3091286031016304
sợ vãi =))),1,0,0.16736501880554555
per nguy hiểm quá mày ơi 😩😩,1,0,0.20895964447614188
t thì thik cầu này vãi ... kiểu mấy người năng động thì sáng nào đi qua cầu này cũng vui,0,0,0.21185895412706038
khung cảnh ấy cuộc sống đấy mỗi lần được xem yên bình nhẹ nhàng cực ! yêu bạn ấy,0,0,0.1941048441782914
"đẹp , dẽ thương mà",0,0,0.21703136625493497
"bỏ ghê người ta ngồi ngại đều phải mua nước thoii , ý tưởng hay :)))",0,0,0.2639378622823619
mười mấy năm nữa tao cũng sẽ đạt kỉ lục thôi 😂😂😂,0,0,0.24347028455060202
thanh xuân là để bỏ lỡ 😔,1,0,0.2057931113543853
mấy chị làm chung rất ư là dễ thương luôn,0,0,0.16579884246201543
"trượt rồi , còn đâu mà rủ 😞",1,0,0.20467836851380825
tự nhiên thấy cảm động hic,0,0,0.3638052263998914
ngầu vãi lìn luôn á :))),0,0,0.15925187438037947
cay đắng vãi 😌,1,0,0.2634428071265197
giờ tao mới nhớ tao đã từng :)),0,0,0.1826153327137079
nhìn cái ngành giáo dục việt nam bây giờ ai cũng mệt mỏi,1,0,0.3209032895433081
:( cầu chúa ơn nhiều ban bình an cho những người kém may mắn như vậy,1,0,0.20938257700737167
moá . vẫn nhớ hồi nhỏ bị ngỗng đuổi . đù má tao mới là đứa bé ngây thơ hồn nhiên thôi mà dume tao sợ tao ám ảnh đến bao giờ huhu 😭😭😭,1,0,0.24115497256279442
vk em nó bảo bếp gas các bác ạ 🤣🤣🤣🤣,0,0,0.17844367761924976
xem tới đây dume ứa nước mắt 😞,1,0,0.3818273784456294
an ủi cũng ghen à :(,1,0,0.38032180694847173
không may thụt chân xuống thì sẽ như thế nào nhỉ chắc là thốn đến tận rốn,1,0,0.19752346763024858
"per một thời mình ở bên nhau 😘😘😘😘, nhớ ghê",0,0,0.21706537981172497
thề chứ .. phim nay xem đi xem lại không thấy chán ... vẫn như mớinxem vậy,0,0,0.17941698581703094
họ đáp vì phép lịch sự còn mình vì yêu mà chủ động vì quan tâm mà hỏi đủ điều ..🙁,1,0,0.1678264514173472
hạnh phúc to nè,0,0,0.2795553842896646
"thôi xong , biết thế tém tém lại .",1,0,0.25057300774228003
"ba cái đồ yêu , 1 ngày 2 lần nấu đây , ngon bá cháy bọ chét nhé , thơm mùi khói nữa …",0,0,0.35923707795663035
thân là người yêu mình mong cậu có thể giống được như đôi mặc áo nâu ❤️,0,0,0.35516769990094593
"ngàn cân treo sợi tóc nhỉ , csong mong manh quá",1,0,0.3612200083424911
"năm nào cũng đi cho có không khí xuân vậy , không đi thì thấy thiếu thiếu . nhà tao cách chợ 10km",0,0,0.2253358849142486
":))) ở đoạn đó hồi năm nhất tao "" được "" họ lấy 100k , vì sáng sớm đem duy nhất 100k trong túi , thế là nộp luôn :))))",1,0,0.21104849338690612
dã man quá ..,1,0,0.30172237262775053
"èo , ngọt quá đi",0,0,0.24874039324173175
per hay xàm xàm mà zui hè,0,0,0.17321688157961157
giờ tao mới hiểu được hết những gì mà trước đây đọc bình luận tao đéo ’ hiểu 😂😂😂,0,0,0.36797172117683735
không nổi thì mình chìm haha,0,0,0.2169082899816247
thật ra cách quét hạt xốp rất dễ mà có thể các bạn chưa biết . đó là . tẩm xăng những chỗ có xốp và đốt 😂,0,0,0.1642813946359836
đỡ mua cuốn sổ 5 ngàn =)),0,0,0.15213443527489473
chính xác ! nơi làm việc anh em mà đoàn kết với nhau cỡ nào cũng thấy mau hết giờ làm . 😊😊😊,0,0,0.15417786506888395
chuẩn luôn khi ở công tình yêu toàn là các anh chị em đồng nghiệp tốt he he,0,0,0.20339359754458555
"cười đấy , sau lưng nó đâm con mẹ nó dao vô hình cho chết mà vẫn sống nhăn răng luôn .",1,0,0.35050946536156496
nín đi . sang ngủ với mẹ đi đêm nay anh chông chị cho =))),0,0,0.11126948987538086
"1 chút đắng , chút chua cay , với 1 chút ngọt ngào ở đâu đó 😞",1,0,0.3523732990945755
hàng nông sản việt nam là thứ bị cạnh tranh và phá hoại nhìu nhất 😣,1,0,0.22357500988979487
kẻ ô điểm lời phê :((,1,0,0.22320000150775465
"hòi nhỏ nhà ngoại bị rượt muốn chết , sợ tới giờ 😭😭",1,0,0.4042430536709966
người ta chỉ muốn dụ mày rồi xin một trái thận . 😪,1,0,0.4936989350413115
nó cưng quá mày,0,0,0.35605974626048326
đứng tim luôn,1,0,0.2131108032299481
cười xĩu,0,1,0.5049364318881945
tao thề từ giờ đến cuối năm mà tao không lấy được vợ thì tao quyết định sag năm lấy 😊,0,0,0.2748768149176197
nhìn bà cười thấy hạnh phúc quá ❤️❤️,0,0,0.18059978850566125
"per làm ở đâu không quan trọng , quan trọng là vẫn buôn chuyện đều 😂😂😂",0,0,0.2476708647380912
năm nay được nhận hoa và được ngồi nhìn người ta hạnh phúc,1,0,0.23554642088639405
tao muốn mèo nhà tao cũng tìm về được như này 😭,1,0,0.4353660186923942
đã đẹp trai còn khôn 🙂,0,0,0.2943366330798103
hi vọng câu chuyện admin vừa bịa ra giúp các bạn có thêm niềm tin trong cuộc sống 😂.,0,0,0.31389594587086406
lớp chúng mình rất rất vui anh em ta chan hòa tình thân =))),0,0,0.17896691403151943
đấy thấy chưa con người ta khổ như thế,1,0,0.17834357296710956
tầm tuổi này . họ không còn những áp lực cuộc sống nữa . mà chỉ còn thứ tình cảm gắn bó với họ từ những ngày khó khăn nhất . ngưỡng mộ và ước được chút phúc đức của ông bà,0,0,0.4048802140178745
tạm biệt ông cám ơn tất cả những gì ông đã làm cho vn,0,0,0.479450670014611
per huhu trời ơiii,1,0,0.23016884952183134
lấy ghế ra ngồi thật tuyệt,0,0,0.39350775828413737
per không lấy được vợ thì có thể đi tâp gym đêt lấy chồng 😁😁,0,0,0.20799975575911736
ám ảnh đến bây giờ 24 tuổi vẫn sợ ngỗng :))),1,0,0.26185705616063126
cưng v trờiiiiii .,0,0,0.2056466557895208
nguy hiểm lắm,1,0,0.1714842248580381
chỉ tại tôi không nói nên không còn cơ hội,1,0,0.4284964052064489
anh đã mơ về một ngôi nhà và những đứa trẻ 🤦🏻‍♂️,0,0,0.19655523599612823
em ấy còn cười được chứng tỏ em rất mạnh mẽ,0,0,0.4319544404592621
tao cũng phải về mở cho mẹ tao coi 😂😂,0,0,0.22158931524054615
móng này mày ra uống chữa yếu sinh lý với ung thư ... khá tuyệt !,0,0,0.32302954608901735
chuẩn lun,0,0,0.20690114179970218
chỉ khổ thân bọn trẻ thôi đau sót lắm,1,0,0.3416236202853156
per ngóng cuộc đấu tranh công nghệ này . tq đồng lòng ghê nhỉ,1,0,0.23524876477313245
"hành động đẹp chứ sao , đằng nào cũng tiệt kiệm hơn :)) 0",0,0,0.26169127226620464
tao đa khóc khi xem phim này 😭😭😭😭😭,1,0,0.43602334519015346
per tao đã làm cho mày đau lòng nhiều lắm ư 🤔,1,1,0.5139842850786689
có ai luyện mới được như mình không dạ,0,0,0.3043340719929983
cực phẩm luôn kìa,0,0,0.2428135911852821
t ngắm người yêu tao cười mà càng ngắm tao càng yêu lúc giận cơ nhìn muốn cắn cho mấy phát tao bị cuồng người yêu rồi cái,0,0,0.21082198930931928
"thề , coi rồi mà xem lại vẫn buồn",1,0,0.143075817084355
thằng nhỏ mạnh vãi,0,0,0.1941381585620533
tao sợ thật sự :(((,1,0,0.377235444049427
lại tạo điều kiện cho mấy chị fa vào thả thính . :)),0,0,0.20771338062754444
per haha sao tôi nghĩ tới em liền luôn á,0,0,0.36939809846725596
vn là vậy . bn công chăm sóc của tao đổ sông đổ biển .,1,0,0.34486976454135476
thật cảm động,0,0,0.32446515543776155
có chuyện gì thê bố . bố đừng làm con sợ :((,1,0,0.27940183467515534
per =))) nó kể chuyện buồn mà cười vãi cười =))),0,0,0.24230296972158052
m nói chuyện cũng cute ngoan ngoãn cơ chứ tao toàn okay anh =))),0,0,0.2772137783080855
"bồ tao cũng đang đi cái này , từ nhà nó lên đây cỡ 2 tiếng mấy và dume nó bảo tao ngủ đi vì nó đi đến sáng :)))))",0,0,0.16762988074268878
nhìn vậy nhớ ông ngoại quá 😞,1,0,0.15200190205663985
xem lâu rồi giờ xem lại vẫn buồn cười,0,0,0.24466619426969977
t không phàn nàn . t sẽ cố gắng giúp bố mẹ có được nhiều hơn 💪💪💪,0,0,0.24431049878682468
không biết crush có thích uống nước mắm không để còn tặng nàng chai nam ngư 900ml :)),0,0,0.20816722681912153
đáng yêu quá,0,0,0.15580268482227524
chính những người như thế họ rất cẩn trọng khi bật xi nhan đấy,1,0,0.21885219655607438
lấy chồng như 1 canh bạc . ko hoa . ko lời chúc không gì hết . pải chăng số ta chỉ được vậy . cô đơn quen rồi,1,0,0.17304204606463824
mai người ta đi học mai tao đi du lịch ố la la =))))))))))))),0,0,0.19917121890613498
bài học rút ra là học cách buông bỏ những thứ không thuộc về mình,0,0,0.20109574139049916
có đồng nghiệp đáng yêuc thì sếp có khó tánh mình vẫn cảm thấy vui rất nhiều . nhớ những ngày tháng đéo thèm tăng ca đi ăn bất chấp,0,0,0.20534534037858712
"anw , vote cho anh vũ",0,0,0.17745904315063316
tự nhiên muốn có con 😐 dume,0,0,0.4593551698058748
nhìn con mắt thấy đau đớn . tội em quá ????,1,0,0.25823176967614525
chỉ cần sống thật với cảm xúc .. với chính con người bạn là hạnh phúc nhất,0,0,0.33077706627679954
xem nà ra chiêu nà gẫy cây nà sấp mặt luôn nà 😂😆,0,0,0.2362701198924467
tội cho chàng trai ấy,1,0,0.33727711843030994
mỗi lần về quê mà sắp sửa đi qua chuồng ngỗng tao phải cầm cây chổi lông gà mới đi được đấy dume . quơ quơ vòng vòng cho mấy đĩ ngỗng né xa ra rồi chạy thụt lol luôn :=]]]],1,0,0.15262590527676353
azz :3 mặt cưng xĩu,0,0,0.33474199011301814
"chờ mãi mà không thấy , cứ thấy trống vắng vãi :((",1,0,0.33811193822926827
cưng vãi ấy,0,0,0.23069091355701027
"nhớ lại ngày đó , làm pg bán giấy , cười suốt ngày , khách chửi cũng cười , mà nhớ thời đó ghê , mới 1 , 2 năm chứ mấy",0,0,0.3517780794861665
tôi làm trades . lương tôi không có .. chỉ có thu nhập thôi có tính là cao nhất việt nam không ??? tháng tôi kiếm từ 3000 - 5000,0,0,0.2985204261107258
tao ở thanh hà và nhà tao không quả vải nào hết 😂,1,0,0.19666148437976588
ước gì có ai để tao tag vào .,1,0,0.4004515857177324
mong ông bà nhiều sức khoẻ . đáng yêu thực sự 😍😍😍,0,0,0.2852217694922449
phim này rất hay .,0,0,0.1338490621725183
ôi trời nguy hiểm thế,1,0,0.1363543660431686
"haha dần dần phải kiềm chế , khắc phục sẽ không đáng sợ không bằng vũ lực hành động mà nói đâu chết đó :)) kaka",0,0,0.38521946937229545
sao mình gặp toàn thằng mất dạy hay bắt nạt mình nhỉ ? tuổi thơ bất hạnh :),1,0,0.31692854419903366
ước gì ba còn sống để làm điều đó với má . nhớ ba ❤️,1,0,0.3579992881412784
tiền cắt tóc như kia đủ mua giày rồi :v,1,0,0.4155405317176151
"per đang định đi chụp , thấy cái này sợ quá đéo đi nữa",1,0,0.2924242134853548
bt mà tao vẫn lạng lách ở đây suốt,0,0,0.3194884673232757
nhiệt tình + ngu dốt là phải trả giá bằng tiền mặt 😂😂,0,0,0.1955326559858677
"má gần nhà có nuôi 1 cặp ngày nào đi ngang nó nhìn thấy nó quay đầu bỏ chạy , con gì mà dữ thấy mẹ hà",1,0,0.2322894467026137
bạn trai tao đéo biết giận dai nên không phải dỗ,0,0,0.3917732706418776
hú hồn,1,0,0.2481006400676341
bò ra mà cười :)),0,0,0.26680295540410665
"ai cho mình xin tên phim với , mình không xem được 😢",1,0,0.3472013409514843
per đi tong một năm học ... nhưng vẫn tốt nghiệp ... :(,1,0,0.28752792820850726
ngoài ra còn một số cái buồn nữa . không giải quyết kịp thời thì ??,1,0,0.24303417808785077
cay đắng đến cùng cực và hạnh phúc đến tột đỉnh . chỉ là mình có quyền lựa chọn nó hay không thôi,1,0,0.3615365820570103
ở đâu cho tao làm vớiiiiii,0,0,0.24693995803478191
như con đười ươi :)))))),0,0,0.15516807606177274
coi mà cái tay nó rung trái tim nó đập sợ cái thằng đó té sấp mặt luôn thì không bình thường họa mi còn hót được không :)))),1,0,0.17620815649650495
"ngày em đến anh mất ngủ suốt mấy đêm vì vui sướng , ngày em nói dừng lại nước mắt anh rơi trên đường chạy về nhà",1,0,0.26913077394868895
per nhớ ghê á nha 😂,0,0,0.10180690857244315
cái tháng học sấp mặt luôn,1,0,0.2946165446596133
trên đời sợ nhất mấy con trùn trùn như ri ! nhất là giun đất với rắn !!! đã từng bỏ tiết học sinh học mổ giun đất 😞😞,1,0,0.2028316965500001
hồi xưa còn bị vén tà áo dài nằm lên bàn rồi đánh . chứ quỳ thế này có là gì đâu . giờ mới thấy cảm ơn thầy cô vì hồi đó đã như vậy .,0,0,0.2443083760719474
dume nghe kể mà đau cổ họng vãi :),1,0,0.22043483735503638
"công nhận lãng mạn thật , nhưng tao đang tưởng tượng cái cảnh động phòng , eo ơi ......",1,0,0.2088730111690139
"per bất hạnh vãi , mà tao với mày đéo tạo được niềm vui :v",1,0,0.37452756700577056
nghĩ mà buồn vãi =)),1,0,0.1635633030655077
không biết có ai ở trong ngôi nhà không,1,0,0.28085946294070163
dcm . ngày bé tao sợ nhện vãi . xem phim thấy yêu tinh nhện,1,0,0.14164578634213154
quá nguy hiểm .,1,0,0.12130868126760211
tuổi trẻ tài cao mà :)))))))),0,0,0.10603988760532529
"t chẳng muốn phải nói "" suýt nữa thì .."" một lần nào nữa trong đời của nhau nữa đâu ... vì vậy sẽ trân trọng khi người tới .",1,1,0.5651248221274918
nam nhân nhà người ta kbh làm tôi thất vọng,0,0,0.2680314133356637
per mày này . nhưng mà lúc già sắp chết 😕,1,0,0.44169972797604895
cụ bà đẹp lão quá cậu,0,0,0.20655339213220844
per không bao giờ quên được hihi,0,0,0.34503766036761785
per đúng rồi mình đây =)),0,0,0.22480584703579026
năm nay tao không còn cảm thấy cô đơn và mỏi chân nữa ... vì tao được ngồi mát và ăn ké socola of bọn có người yêu 😁😂...# mun 😘,0,0,0.3144208890338901
đm quả gật đầu quả quyết vãi 😂,0,0,0.14836203640019985
"chuẩn rồi . nhiều khi mệt muốn xỉu , xong đồng nghiệp đùa nhau đôi ba câu hay kể cho nhau vài câu chuyện thế là lại vui trở lại 😂😂😂 đồng nghiệp quan trọng thật sự",0,0,0.2213897651577081
tụi nhỏ dễ thương quá,0,0,0.2669831842988727
con bé bị quơ trúng nhìn đẹp như búp bê ấy < 3,0,0,0.17963884994080112
thương em :(,1,0,0.3379392501984187
nó bỏ mình đi rồi mỗi lần nghĩ tới nó ôi sao mà xót tim gan hơn mất người yêu,1,0,0.22246940730902898
tao bắt đầu sợ nó ròi đấy :)) ám ảnh vãi,1,0,0.3247009386510417
nó vẫn luôn hiện hữu xung quanh chúng ta . hãy dùng tình yêu thương đó và cho đi ❤,0,0,0.1264369143213215
thấy tội em thỏ bị ăn đòn tới tấp,1,0,0.47187624622734
có đủ mọi gia vị :< em thấy vị đắng của sự chua sót quá nhiều :),1,0,0.41330490546527676
"năm nào cả sinh nhật âm hay dương mẹ cũng gọi điện cho mình , bà ngoại trên 80 , bác ruột mình đều nhớ hết 😂😂😂",0,0,0.19349519602359203
"chán thật , dạo này hồi xuân hay sao đọc mấy cái kiểu này ấm lòng vãi :(",1,0,0.24326441575145955
tks admin ... tôi muốn tìm phim này lâu rồi mà không nhớ tên phim ... tks admin nhiều,0,0,0.2676476377041095
crush tao mất rồi .,1,0,0.283658545707942
per xem xong hình như tao mới bị thêm bệnh tiểu đường,1,0,0.2849829943937071
câu chyện cổ tích thật ý nghĩa 😂😂,0,0,0.126356427252436
"ôi trời ơi , buồn cười quá đi mất 😂😂😂😂😂😂",0,0,0.2312994006582358
vui quá ta ơi ......,0,0,0.20889781792327286
"bởi vì anh đã gặp em đúng lúc , đúng lúc đó em đã có người thương ...",1,0,0.36576120993929734
"tàn nhẫn thế nào , là khi mình trao họ hết hy vọng rồi họ lại dập tắt đi nó",1,0,0.45066597797313473
cỡ nào anh cũng có thể chịu đựng được vì anh yêu em,0,0,0.3094274923720048
"thôi em sợ lắm , tha em bác",1,0,0.49394749766164997
"sướng nhờ , bên trung chúng nó yêu nhau toàn sống chung . 😂😂😂 toàn richkid :>",0,0,0.15601901542347785
ngưỡng mộ mấy cậu vẽ đẹp quá,0,0,0.14376472165627224
cảm ơn bạn đã yêu đất nước việt nam tôi,0,0,0.20813304076327455
mình sống ảo quen rồi nên đắp mặt nạ cũng đắp bằng app luôn :)))),0,0,0.14055846006854375
cuteeeeeee 😊😊😊😊😊,0,0,0.2798470672339143
nhưng nó cười với đứa khác không phải mày .... 💔,1,0,0.4982438795069961
per c . bị tinh thần đi xem đi 👻,0,0,0.3323994096445018
vậy mình xin chúc đk n năm tới không còn cô đơn nữa nha kkkkklk,0,0,0.2969325719004298
ấn tượng vãi :v bàn tay vàng trong làng vẩy khế :v,0,0,0.2915398881271884
"học xong cấp 3 , ngoài mừng vì được thoát khỏi đó thì không hề có lưu luyến 1 chút nào :))))))",0,0,0.19079595685790496
tao đang đi phân khối lớn đây . ai cũng kêu nhìn cá tính vãi 😁,0,0,0.14354145445637448
"mới đây mẹ tao giúp tao làm lại giấy khai sinh . mẹ có hỏi "" mày sinh ngày mấy để mẹ làm ""😑",1,0,0.34960367847761037
"công nhận , thời xưa bệnh mà cũng vui vãi . :)))",0,0,0.1488440963329198
chỉ mong ông trời sẽ bù đắp cho con cháu của họ sau này 😔😔,1,0,0.17641730625306945
không biết phải mình lúa không . chứ mỗi lần đi du lịch trước khi trả phòng là mình phải dọn sạch sẽ . cứ nghĩ nhận phòng sao thì trả phòng vậy . bị anh chồng la hoài là vậy,1,0,0.3266481338273124
và tôi đã mất đi 1 người như thế .,1,1,0.5119075899820344
nguyễn thị hồng phấn cũng may tao không thấy cặp nao hêtd,1,0,0.25115586615078533
per hãy cứ vững tâm tập điều độ rồi sẽ có thôi,0,0,0.30350134743987317
úi giời khiếp quá !!!!,1,0,0.32597572112906614
sao tao thấy đa phần mấy đứa con trai cắt tóc xong nhìn ngáo đéo chịu được vậy =))).. cười tét cả hàm chứ đùa,0,0,0.2801401918565327
t mà bị như này thì chắc tao chết luôn c ạ 😂😂 per,1,0,0.3609822345653226
per thể loại tao thích nè nhưng mày đi coi với tao nha không tao khóc thét rạp,1,0,0.3285709147738874
giờ cắt bộ móng đi cái tay vẫn cứ bị phế khó mà phục hồi được,1,0,0.19534277195584387
:(( tội bé,1,0,0.2404229827054595
thật là một câu chuyện buồn 😌,1,0,0.21333071805679465
xỉu lên xỉu xuống :(,1,0,0.2701857321160343
vãi linh hồn .,1,0,0.21358880313911344
các cháu giờ lợi hại quá :<,0,0,0.1803561331037655
nỗi đau ấy ai thấy giúp tôi,1,0,0.36595022415129164
per sau này con bư lớn cũng vậy đó mẹ hahaa,0,0,0.2386114057062538
per hồi nhỏ chuyên gia đi ngang nhà hàng xóm là bị nguyên bầy ngỗng nó dí nó rượt chạy khóc la um xùm .. giờ còn ám ảnh 😭,1,0,0.2596465606957334
boss dễ thương vãi lúa,0,0,0.21688229121488944
cảm thấy mình thất bại :((,1,0,0.4569443162890811
bộ phim đầu tiên làm tao khóc thành tiếng,1,0,0.3508756453603814
bá đạo vậy chơi sao lại 🤣,1,0,0.23250295972493817
per huhu em không biết phải đi xem phim với ai nữa 😭,1,0,0.257163366307388
gần 1h đêm là con trai mà xem xong nói chuyện mắt vẫn rỡi 😔😔,1,0,0.29923526569828757
mấy đứa chân ngắn qua sao,1,0,0.24558918283283243
hahahaha,0,0,0.23311083666717825
đúng vậy dù có mệt mà đồng nghiệp nhiệt tình vui vẻ là cùng muốn đi hoài,0,0,0.2586680976912975
tiếc là chưa thấy cậu cười ngoài đời bao giờ,1,0,0.34256844212451804
per tao không gửi cho mọi người . tao chỉ đăng lên facebook cho thiên hạ biết thôi :))),0,0,0.3432136427239099
đúng là yêu tới đầu bạc răng long .,0,0,0.13478842875251532
vậy là hên rồi,0,0,0.23932042617744187
per bị phạt 10tr à c 🤣🤣,0,0,0.302215312076969
mình còn chưa kịp đến :((,1,0,0.3215315415850116
mình không quan tâm giá trị học bổng bao nhiêu . mà tớ q . tâm em đó sẽ dành những gì cho đất nước sau khi học xong thôi . hee . chúc mừng em .,0,0,0.37394886074779815
per trailer không có tiếng thôi mà đã thấy ghê rồi đó !,1,0,0.23783888162190517
"per chồng xem đi , hài lắm",0,0,0.24213299711317715
"cả thế giới biết toau crush mày , còn mày thì íu nhận ra 😐",1,0,0.4119612683771173
dễ thở hơn so với đề văn sáng nay 😂😂😂,0,0,0.1513673197979263
mèo người ta đi lạc về nó còn nhớ chủ chủ còn được đụng nó còn mèo nhà tao đi tán trai có mấy tháng về nhà thấy chủ như thấy ma 😌😌,1,0,0.21219061690922159
"ôi vãi , mày thật bất hạnh vì có lũ bạn như thế",1,0,0.3335735018594905
:))) đồng nghiệp đáng yêu,0,0,0.08978038507965551
gần nhà tao lại chẳng còn sót lại anh nào huhu,1,0,0.38057391081464254
cảm ơn các anh tình nguyện viên .,0,0,0.17626953612197632
hồi xưa tao bị tiêu chảy kèm ho đã sợ vãi . giờ ho không thôi cũng sợ nhỉ . ??,1,0,0.2880860602744344
hoá ra chúng ta không biết nhiều về tình yêu như ta vẫn nghĩ 😢,1,0,0.2236966815912373
nghe bài này đau lòng quá mà,1,0,0.19155394495441677
đáng yêu mà sợ gì,0,0,0.19903399019216939
còn tệ hơn năm ngoái,1,1,0.5000087198706851
gần thôi :))) giờ nhìn lại đề thi và không hiểu sao mình ra trường được :))),0,0,0.21125194534019257
có một sự tổn thương không hề nhẹ ở đây,1,0,0.48355135322107734
"học chán phèo , chả có gì đáng nhớ",1,0,0.27448090481153975
tao thấy dễ thương màaaa,0,0,0.2460578115684758
"mình theo dõi mấy nick quân nhân , tập trận , pccc ... hay vãi luôn á .",0,0,0.14700475622347434
sau khi có vợ anh per đã có đồ giả gái xinh và tinh tế hơn 😆,0,0,0.3257783063302279
giận ngược lại rồi giận luôn chứ có huề đéo đâu :(((,1,0,0.4285076146565677
ấm lòng vãi huhu,0,0,0.30804051417258027
per cười đau bụng luôn 🤣🤣,0,0,0.2925823756810366
"mình thấy sợ mấy con rắn quá trời , mà cái gì mình sợ là mình hay muốn tiêu diệt -))",1,0,0.2706633258444568
đợi chúng nó đang ăn lấy xe cứu hỏa phun nước ôi tao hình dung ra cảnh đó thật tuyệt,0,0,0.2292066668646307
ba mẹ tao chửi tao tao chỉ biết câm họng và bưng tô cơm ra chỗ khác vừa ngồi ăn vừa khóc một mình cho dù biết răng mình k có lỗi 😭😭 !?,1,1,0.5068934902727155
dạ đây là chị gái em nha không phải chồng đâu ạ người trong hình là em huhu ?,1,0,0.24963938521504586
đoạn cuối yêu mún chết,0,0,0.3467770117019428
"tao buồn quá , tao đang khóc !!!",1,0,0.3705181060915164
per đây là chúng mềnh 🤪🤪,0,0,0.22496146729629532
per đóng vai chính đúng xuất sắc lun,0,0,0.16509461625499175
ngày xưa mừn cũng hay thế lắm .,0,0,0.3212510163499182
má hồi xưa về ngoại chơi đi đường bị nguyên đàn yêu nghiệt này dí chạy té đái giờ vẫn sợ bọn nó 😨😨😨,1,0,0.17684948991958271
😑 sao cái kết gì mà buồn vậy,1,0,0.21263136123210358
tuổi trẻ tài cao là đây,0,0,0.1795205242191413
đùa ... cảnh sát việt nam tài thật . vụ gì cũng bắt trong 48 giờ,0,0,0.19917212944388457
"ôi đời vẫn là chịu không nỗi đời mà , chán",1,0,0.2804826841920685
sợ con này lắm :((,1,0,0.4354372263951007
rồi lại im thôi . 200k hay 5tr thì cũng vậy,1,0,0.17634778815821098
nghe mãi mà vẫn thấy hay,0,0,0.1510756314830444
"gập đúng người mà mình muốn thương , muốn yêu , muốn chăm sóc . nhưng thật tiếc khi trong tay vẫn chưa có gì",1,0,0.3721307681737636
tới lúc chia tay rồi khóc :(,1,0,0.34338847943335193
"có lần tao thổi cơm không đổ nước lúc khét mở vung ra mới biết , làm đánh đít xong cả tiếng trời không hết",1,0,0.2928140530914461
bố mẹ cho ta đx tồn tại trên cuộc đời này biết nhận thức thì tự đi lên từ đôi tay của mình nhé 😘,0,0,0.3480348952627781
per nhớ bột mì chiên huhuhu,1,0,0.2189640041574894
chắc hẳn trước kia em bị đối xử tồi tệ lắm nên mới vậy :(,1,0,0.4864276679127928
chuẩn luôn :)),0,0,0.1198794812465806
"giờ bà già lắm rồi , nhổ sợ hết tóc , nghĩ tao lại thấy buồn quá 😞😞",1,0,0.23802191181318172
như kiểu người yêu luôn ấy =))) nhẹ nhàng,0,0,0.10476714545118183
chạy xe hơn 40 ' chỉ để chạy ngang chỗ crush làm nhìn 1 cái rồi về :) đến giờ vẫn vậy cứ rảnh là chạy vô nhìn cái rồi về :),0,0,0.17629789490432177
đừng ai lấy cả hộp kẹp của anh ý nhé :(((,1,0,0.2623542884569945
cuối cùng là hai mình ăn được ngủ được :))) đứa nào cũng lên vài kí,0,0,0.2584366696469548
haha mắc cười quá ... nhưng thật chúng mày là tao rất sợ rắn ...,1,0,0.38087690445963834
yêu nghề chuẩn mẹ rồi,0,0,0.18331092512830663
"tao khuyên mày , bật lên mr . siro lên mà nghe , đời sẽ vui vẻ hơn =))",0,0,0.13934954307602
per chị ơi còn học được cả tiếng anh nữa luôn này :v hịn quá,0,0,0.19569475061057529
"mới xem 1 đoạn xíu này mà cũng khóc hết hơi , nhìn em bé mất bố mà quay ra nhìn lại con mình đỏ hỏn nằm bên cạnh , thấy thương quá 😭",1,0,0.18433435630614972
xem đi xem lại mà khóc sướt mướt 😭😭😭,1,0,0.20487872261971798
t nhớ tao đang xem xxx thì chưa cắm tai nghe 😭😭😭,1,0,0.17624616860666592
< 3 chuyện lạ có thật :))),0,0,0.19215016625844214
ông thần nhây vãi đái 😂😂,0,0,0.2844541527727785
nói chung là ai nào buông tay thì người chết vẫn là mấy đứa con gái như tao 😭,1,0,0.262880872291183
mày định lướt qua rồi nhưng khi đọc bình luận của các bạn và xem kĩ lại thì mày đã rớt nước mắt 😭😭😭.... người cha thật vĩ đại,1,0,0.3962718859134211
câu chuyện vui ha =]],0,0,0.19370562481735168
tao cũng muốn học vẽ lắm :( cơ mà không có điều kiện để đi học,1,0,0.3522583310136601
21 năm chưa crush ai thì có gọi là ế thâm niêm không hả các bác,1,0,0.20033002678896386
em đừng đi tập gym em nhé . bth em đã mê trai lắm rồi . em mà đi tập nữa chị không biết em như thế nào luôn 😢 per,1,0,0.24206512827639573
giòi béo lắm :)),0,0,0.21085330444714287
lũ kiến ở nhà mày thích vậy .,0,0,0.2534138193084646
thích bài này lắm lun . thuộc lun,0,0,0.2294144984851112
dù chỉ là 1 cây bông nhưng nó là tất cả tình yêu của ông dành cho bà ❤❤❤,0,0,0.14879087961766943
"per đấu nhau to rồi , phen này hay",0,0,0.16283205888786023
chạy ios cho máu 😂,0,0,0.17913683459000854
nấu mì 2 tôm là vô địch,0,0,0.35030965255397495
nghe thấm câu vàng trắng nhưng thực tế là trắng tay thôi nghe mà buồn,1,0,0.3318857565711854
ngồi suy nghĩ 1 hồi xem trái hay phải rồi mới nói được . khổ vãi mà !,1,0,0.23672035439279257
nghe kể mà thèm ạ :'(,1,0,0.22240317701348752
cầu trời phật cho đại gia đình con sức khỏe !,0,0,0.38102588451932345
xem lại quá nhiều lần đến nỗi không nhớ nổi . vì phim quá hay và ý nghĩa .,0,0,0.1720621839035454
t tin crush của tao không bị thịt vì tao đéo crush ai cả =)),0,0,0.2765985194432881
hôm qua xem cười lộn ruột,0,0,0.3563065084983203
và ông đã có nỗi buồn mới thay vì buồn thất tình,1,0,0.21646130733708305
giá mà có ai để giận :v,1,0,0.4119798587324577
ngộ nghĩnh nhỉ ! lạ lờ nhỉ !,0,0,0.23796753195991013
lúc thì cuốc đất è cổ ra không có giun mà câu cá 😒,1,0,0.15874241298875708
"còn giữ 2 cái đĩa cổ này luôn á , ghê hông",0,0,0.22734816485479425
có 1 đứa hợp tác vậy là cũg quý hoá quá rồi,0,0,0.19945337851926534
tao đã đóng dấu cấm đứa nào rớ vào =)))),0,0,0.25430355142247185
nguy hiểm vãi chưởng luôn ý,1,0,0.15357207328788564
em tìm link phim mà sao nó ra phim khác chứ không phải phim này zay mọi người 😞,1,0,0.2795612456730542
24 tuổi thấy đời đắng và khá mặn,1,0,0.247101195852594
per coi phim này chắc chết luôn trong rạp,1,0,0.32718717542433046
bán hàng online hồi năm cấp 3 :))) tháng hè ấy đi quanh hạnh phúc để giao hàng với bố . được lãi 4 tr :)))),0,0,0.11191268231910416
cười sái mẹ quai hàm,0,0,0.4246882278210835
"cần gì xa hoa đâu , thế này là hạnh phúc , thấy thương và ngưỡng mộ ông bà quá",0,0,0.2179608166785341
bài nhạc hay khi nó đúng tâm trạng ... nhạc hay !!!!!,0,0,0.2205261881662545
thế là dấu ấn lịch sử và hình tượng thằng gù nhà thờ đức bà của nước pháp đã thành tàn tro :(,1,0,0.2754567266766757
"cậu ấy tán tôi , tôi từ chối . thế là từ đó chúng tôi đéo làm bạn được nữa !!!",1,0,0.46926343892871647
"bánh tráng trộn năm đó ở roai ờ ti , ruột đau như cắt nói chuyện mắt đầm đìa đền thg dưa gang cốc dưa hấu kem chi per",1,0,0.3509181777571063
như chết đi sống lại 🙂,1,1,0.6582873720146019
ai chưa xem thì nên xem 1 lần đi . đảm bảo không phí 3h đồng hồ của các bạn 😃,0,0,0.2393326147491297
đáng yêu vậy =))),0,0,0.12783753494832134
độc mà lần nào đi viện cũng bắt chụp 😭😭,1,0,0.2987998267422219
từ bé đến giờ mình chưa bao giờ xếp được 1 cái rubic nào thế mà cu nhóc kia xếp xong trong vài giây ! xấu hổ quá,1,0,0.2767086098571226
nếu ai cũng có ý thức tốt đẹp thì đất nước này còn gì để nói . đâu có ai hoàn toàn hoàn hảo đâu bạn . dù là moi tần lớp,0,0,0.39443435167420887
mày xinh thế ? tao ốm tí đã xấu hoắc,1,0,0.39974237995882095
một cái tết nhiều tiền,0,0,0.24626599310508734
per cách này coi bộ hay nha 😂,0,0,0.1792444168723818
đừng có thấy 6 múi mà ham nha nha 😂😂,0,0,0.11992441680797798
cái ông aamir khan đóng phim nao cũng hay và ý nghia het,0,0,0.23377986439654846
ở đâu cũng có người tốt nè anh kkkk,0,0,0.2629934206618175
lại mưa 😞,1,0,0.3667546938730502
xong là phê lắm mày,0,0,0.3324544939043918
bên aeon hay thật đấy =))))),0,0,0.11033721359052703
không có bạn trai ... thì giận ai 😑😑,1,0,0.37569061239458756
chia buồn cùng khổ chủ,1,0,0.3109030787950251
"quan trọng là lòng tin , bạn bè mình một số người mình đã mất lòng tin thì đừng bao giờ nói chuyện tiền nong . khâm phục anh",0,0,0.25028785556448674
thật khó để có cả 2 khi chúng ta còn trẻ :),1,0,0.1450161364152154
phim ấn thì của lão amir khan là hay vol,0,0,0.1897016564785015
ừ mỗi lần thế lần buồn kinh lắm mày ạ,1,1,0.5412039270156342
cảm ơn . anh .,0,0,0.14378570149784378
per kết truyện chất ghê :)))))),0,0,0.1503872432366404
chúng mày đã bao giờ bị hất cả cốc nước vào mặt vì mặt không bao giờ tươi cười niềm nở chưa ?,1,1,0.5217580882599756
t đã soi gương suốt ngày chỉ để gặp crush và ngắm nụ cười tỏa nắng của nó,0,0,0.43508028256487374
chẳng đủ dịu dàng để níu bước chân anh,1,0,0.3060523284889234
rủ được crush đi thì không cần qua đây nữa rồi admin ưiiii :(((,1,0,0.23098760087397607
per nghe lại buồn vãi,1,0,0.2065153091628701
"bọn nó nhỏ mà đã có người yêu , còn tao thì ế :((",1,0,0.18809153642811086
"người đàn ông ốm đau nói với vợ mình :” ở lại với anh ” rồi cầm tay bà . đó là tình yêu , vỏn vẹn 20 năm ngắn ngủi . tình yêu bố dành cho mẹ",0,0,0.2823342138456711
tao ám ảnh việc lau sàn,1,0,0.4034917987185433
ra chỗ khác sóng không tới viết đi cậu :((( nhìn buồn vãi,1,0,0.21694385960903123
nhói lòng lớp tôi,1,0,0.29137928967115606
nhìn ma tiếc từng hạt trân châu,1,0,0.25000471401589236
năm nay vào quán net ngồi cho đỡ phải nhìn .....☺️,1,0,0.3593537626630326
per sợ ghê bây .,1,0,0.27354852793776435
tao coi xong tao khóc .,1,0,0.3456923441442628
tao nhiều tài lắm .. nhưng tài sản còn cái mạng què và đôi tay trắng 😭😭,1,0,0.39957457351784875
"per 😥 cảm thấy tội lỗi quá , từ nay không chụp nữa thiệt luôn",1,0,0.25226186550890917
đã biết là thế nhưng không còn cách nào khác :(,1,1,0.5843700624089813
chưa bao giờ bắn trúng 😬,1,0,0.27920089410518206
đăng khoa lê lò dầu của mẹ nè anh 😘😘😘,0,0,0.4106243584123628
per phim này thấy trailer hấp dẫn ghê 😁,0,0,0.27165531337276955
bó tay luôn á,1,0,0.22826049311762936
"hai đứa chia tay , tao nhảy vào .",0,0,0.41681226885409506
thương nhau còn chả hết dỗi nhau làm chi 😂,0,0,0.18543410328089382
"ôi thôi , cưng quá :v",0,0,0.24209025536161255
đó là một câu chuyện buồn,1,0,0.29089991636816315
"động lực là lo được cho gdinh , tự chủ bản thân",0,0,0.46987821175955924
"buồn cho những ai thờ ơ , vô cảm trước một sự việc như thế .",1,0,0.381454971176651
cuối cùng tao cũng được xem hết mấy cái video mà trước đọc comt đéo hiểu gì 🤣🤣,0,0,0.2718464385156385
đọc tin nhắn đầu thấy cay cay ngay mũi,1,0,0.34709650249142165
chỉ dân đen là khổ thôi . chả trách được họ khi cố gắng đi tìm may mắn ở nơi chùa chiền,1,0,0.3149840767833386
tinh trùng của người ngoài hành tinh thật đáng sợ 👏🏻👏🏻👏🏻,1,0,0.29998265215121095
haha :))) nãy giờ mấy tiếng rồi mà các bác vẫn còn căng :))),0,0,0.13945594538751657
chút mua ... hehe,0,0,0.3285658683028079
ra sông mò đồng xu cùng ông anh hàng xóm được khoản kếch xù :))),0,0,0.3323875552972812
cái chứng minh hình kia dễ vãi . cứ vẽ hình lên bài xong người chấm điểm người ta thấy là biết chứ sao :)),0,0,0.18478182897445167
thế này lại thành xây nhà cho nhà hàng xóm rồi 😰,1,0,0.24859210772824794
tôi từng trách bố mẹ sao sinh tôi ra trong hoàn cảnh này,1,0,0.3543573203721995
em xin lỗi anh,1,0,0.3942029321561905
"đến cả khi nó nói thích mình , 1 phút sau nó lại nói chỉ trêu . mệt mỏi",1,0,0.47282291129120646
mày nói thôi mà tao nghĩ cũng thấy buồn rồi :(((,1,0,0.39552697286334243
tao ghét và tao sợ nó,1,0,0.4324382655088593
buồn hơn thế là đối với 1 đứa con gái năm lần bảy lượt chủ động ib họ nhưng vẫn bị xem thường ... xem mà đéo rep ... hết thương là vậy ... 😞😞😞,1,0,0.31042036277246976
đúng là nói thì dễ hành động không bao giờ làm được ))),1,0,0.22879775715130937
add cứ khoe đi . mai lại chặt hết như nguyễn trãi mà 😂😂😂,0,0,0.17462488888362385
cả một bầu trời đáng yêu :))))),0,0,0.12501788097413988
đến câu nào có đáp số quen thì khoanh :)),0,0,0.14227993398518968
hoan hô . công nhân đâu phải trẻ mầm non,0,0,0.2532115128489448
hỏi sao bác sĩ hay bị người nhà bệnh nhân chém :)),0,0,0.17854341781477936
per nguy hiểm vãi,1,0,0.14970216927828514
nhìn thôi cũng đau lòng :)),1,0,0.17875133648447616
tao bị quỳ cột cờ mới ác . cả trường biết mặt luôn . nhục vãi,1,0,0.22224815685438806
per sau hôm sinh nhật là có cái này . ngon vãi,0,0,0.21729089053115
per đúng chất em lun hâha,0,0,0.30249490660583134
thích mấy đứa này,0,0,0.2673314888537167
viết tên anh trên cát cho sóng đập nát cái matlon anh :)),0,0,0.19829829729829967
"má .., ruồi bay qua táp chết tươi :)))",0,0,0.31221537092943746
"tao có một nỗi sợ khác cũng khá giống con yêu tinh này đó là con yêu nghiệt ngan đực :3 con này thành tinh hung ác vãi_chưởng , đi ra vườn đéo làm gì nó , nó cũng rượt mình . đậu ! đó là tao kể ngày bé thôi =) chứ lớn lên tao biết vơ cây củi theo để đi ra vườn rồi =))",1,0,0.30945637863860526
"ai mang đồ ăn cho anh ấy đi , kẻo đói tội nghiệp",1,0,0.2548028234134077
vì mình chỉ là giờ giải lao trong một hiệp chơi chính của họ,1,0,0.3407456252829463
sắp có thực đơn món mới 😍,0,0,0.29610900112433053
tình yêu cha mẹ dành cho con cái là vô điều kiện . mình đã khóc,1,0,0.19622128132166494
cơ mà tao bị thần kinh thật,1,0,0.42966338225012496
hay cực,0,0,0.375267270377187
má tao coi mà cứ sợ nó bay ra 😌😌,1,0,0.2851351599959926
hãy cười thật tươi để cho cuộc sống của bạn trở nên thật tuyệt vời 😁,0,0,0.36434428832612265
hơi bị nhanh trí :)),0,0,0.1800036905686846
thô nhưg thật :)),0,0,0.21769783784693109
nhớ lúc trước tao cũng có học quyền và múa tứ linh đao bay thẳng vào trán . :),1,0,0.18391323617136057
còn chả có ai nói chuyện thân thiết quan tâm đến tôi :<,1,0,0.45580579047598474
tao cũng có 1 con đi lạc 1 tuần xong nó về bắt cho tao 2 con chuột làm tao mất ngủ xong hôm sau nó đi tiếp 😞 tao mong nó về lắm 😞,1,0,0.43980766548272127
"hôm nào đi học về cũng phải đi qa , nhà nuôi lũ này ở đỉnh dốc , đi học về tới chân dốc thôi là nghe lũ quỷ đó đứng đầu dốc đón đường bọn tao rồi . méo đạp xe lên dốc nổi , dắt xe lên dốc mà muốn vứt mẹ cái xe đạp để chạy lấy thân cho rồi :((",1,0,0.1524299384524709
dễ thương quá,0,0,0.1717128725187451
dm ông cầm cam cho cẩn thận vào tôi cũng muốn ngã mẹ nó rồi này,1,0,0.457502975405781
con nào cũng là con nhé . con trai tao tập từ nhỏ đã biết tự lo và phụ mẹ rồi :)),0,0,0.2504471442342543
người ta thật thà phết,0,0,0.16050614372300642
bị từ chối rồi,1,0,0.4443840440255842
ngày xưa cũng vui lắm mà giờ mỗi đứa 1 nơi rồi,1,0,0.31134878138363564
nghe tình vãi =)))),0,0,0.12016719483933232
"3s để tôi nói tôi yêu em và cả quãng đời còn lại để tôi chứng minh lời tôi nói :"" tôi yêu em """,0,0,0.3085521102516893
mình bình luận chủ yếu muốn khoe mình là fan cứng thôi :)) các bạn không cần để ý,0,0,0.23253969586231618
"gặp một nhà nuôi 1 con chó với 2 con ngỗng , trời ơi chưa kịp vào nhà , con chó còn chưa sủa mà con ngỗng đã đuổi chạy vắt chân lên cổ rồi :'( nhục",1,0,0.24042205082183768
câu chuyện của mày làm tao buồn quá,1,0,0.40884822284875966
"per này , thích thì xem cho đã con mắt đi 🙁 đáng sợ quá mà",1,0,0.29432232532444264
mau khoẻ nhé :d,0,0,0.2105755668191918
công nhận chữ đẹp . 🤧,0,0,0.21272871178665895
nhìn mày thế kia đến tao còn thích ngủ cùng huống gì em mày,0,0,0.428076580394533
"thiện tai , thế giới này khi nào mới được yên bình",1,0,0.4309933138039688
làm tao liên tưởng đển phượng hoàng cổ trấn :))),0,0,0.20789441226395566
tiền nhiều để làm gì ? để rồi lại chia ly,1,0,0.4498968821045733
điềm báo gì đây,1,0,0.3271818550150628
per huhu mất đi đồng nghiệp 😭,1,0,0.21178927392738242
chẳng những hư xe mà còn bị phạt nặng nữa,1,0,0.4171127072517104
nhất là lúc 16h chuẩn bị đến giờ đá bóng . chất rơm đầy bếp cho nó mau chín 🥰🥰 yêu quá thời đó,0,0,0.2647358293752235
bắt ve cho nó điiii . trông khổ quá,1,0,0.28142680876508214
khi nào mình già rồi cũng như v nha per kkkkkkkkkk,0,0,0.1952146855082758
những người có tài như này công nhận giỏi,0,0,0.23307102304797936
😞 đó sẽ là những kỉ niệm thật đẹp,1,0,0.11074470204368969
tao bị biến dạng luôn một tay,1,0,0.3410731646789283
chời má . ngọt chết tao rồi :)))))),0,0,0.32199901407256254
chạy ngay đi 😱😱😱 sợ quá .,1,0,0.2085153126006995
"nhìn cảnh 2 bố con hôn từ biệt , em bé cũng rướn mặt theo hôn bố mà chảy nước mắt , em bé như thế chắc không biết diễn , đúng là cảnh đẹp quá",1,0,0.21396812341306207
rất tiếc em vẫn chưa gặp được anh :((((,1,0,0.20227167463945453
"e ấy đang khóc , nhưng vì hàm răng không thể thụt vào nên mọi người nghĩ là em đang cười :))))",0,0,0.27138632727089884
per thì tốt nhỉ quá đỉnh luôn ... nhưng không biết được trọng dụng không nữa buồn quá,1,0,0.30868396851025076
"cấp 3 , đáng tiếc nhất trong thời học sinh ^^",1,0,0.19322057280453653
đm nhìn ngầu vãi,0,0,0.1886997411201183
em đang ở đâu mà mấy năm rồi chưa thấy xuất hiện :),1,0,0.12914739675132916
phải chi có người để giận mình nhỉ :(((,1,0,0.25785751456428646
dễ thương vậy,0,0,0.1826073088073966
vào sg 50k / không cũng mua . 100k / không cũng mua ! ha ha,0,0,0.24136265368165938
"tao cũng là người cuối cùng ra khỏi căn phòng ấy , ngắm nghía lần cuối rồi rời đi , khép lại 3 năm đẹp nhất của đời người . tao không khóc nhưng trong lòng rối bời , muốn ôm hết all vào mình .",1,1,0.5076580935640327
14 / 2 năm sau tau sẽ là ông già cô đơn ....,1,0,0.2765164398766198
"ra đi là lựa chọn đúng , ở lại incheon để gánh team làm gì cho mệt ra lại bị tiếng xấu .",0,0,0.3949413181641862
"ôi dume giật nảy mình , tí thì rơi điện thoại",1,0,0.22505891774159636
hiện tại cảm thấy hạnh phúc khi môi trường làm việc toàn người lầy ....,0,0,0.286546261397848
k cần biết nội dung ... nhìn mặt con bé thoy muốn cưới về cho con trai mình ngay rồi 😂😂,0,0,0.1394587268091581
vụ này chắc xử nhanh hơn vụ trong thang máy .... 😂😂😂,0,0,0.20981873025538142
"đặt mình vào vị trí của nhau , biết lo lắng suy nghĩ san sẻ cho nhau vậy là đủ rồi . có quá khó không ?",1,0,0.3342156739901935
per mã mẹ biết hôm qua quay video sớm hơn ự,1,0,0.16679813693948195
"cả phim trừ anh dv chính ra thì thấy anh này là đáng yêu nhất , dù nhìn hơi hâm hâm tý",0,0,0.1236142805756497
may mà không mua laptop này không thì ăn lìn lâu rồi :(,0,0,0.2297580186419617
câu chuyện của em làm anh cảm động quá …,1,0,0.32984714083995614
ý tưởng hay,0,0,0.33529370546759235
"xem mà đau lòng , đau lòng nhưng vẫn xem :((((",1,0,0.3303047996057371
con dựt gái đây sao hahaha,0,0,0.1935542715259577
thế hóa ra nguy cơ trầm cảm của tao cao lắm,1,1,0.6520376941338716
có ai thừa biết nó sẽ nhảy vào điện thoại nhưng cuối cùng là vẫn giật mình không 🤣,0,0,0.2677614319735961
per nghe chưa nhân viên mới ... kk,0,0,0.236329203241738
đáng yêu vãi =))))),0,0,0.12706814820121032
nó bể 1 phát lúng tới cổ dume tởn tới già,1,0,0.18780751947648233
cảm ơn những người thả 😡 nên mình biết là đéo hay nên mình đéo xem . may vãi,0,0,0.2598181500754271
đồng nghiệp nhắng nhít nhất hệ mặt trời =))),0,0,0.12833960160641295
giống thằng này vãi :))),0,0,0.18987728377753021
lò xo chắc giờ không còn nữa rồi,1,0,0.29281978693771654
đơn giản là thấy họ cười 😂😂,0,0,0.3290749049915372
hú hồn lon vẫn còn,1,0,0.19441659709020911
"diễn còn cứng quá à , kiểu biết rồi mà còn giả bộ bất ngờ :))",0,0,0.1415948880843502
công nhận nó phê như vậy thật 😂,0,0,0.12077854180777951
per đã hiểu sao hè năm ngoái có quả lịch học vãi chưa =)),0,0,0.1930856542142269
chúng ta nói với nhau nhiều quá nên bao giờ không còn gì để nói với nhau 🙂,1,0,0.28440632972738794
hôm ấy tao chân ướt chân ráo từ quận 6 lên quận 3 cũng rẽ trái đoạn ntmk và cmt8 . mất 3 lít :( khôn hẳn ra,1,0,0.2594876297403744
rồi mấy đứa chân ngắn đi chắc dập người hết . bay qua sao nổi =)))),1,0,0.17118093796961759
vui tính tí cũng khó cơ,1,0,0.2283991851844708
"dân vũng tàu có khác , toàn người nhân cách cao",0,0,0.1862708060069572
"dăm ba cái thể hiện tình cảm này ngày xưa tao đầy , nhưng từ ngày cưới xong đi qua đường chắc chồng tao rơi mất não nên chưa thấy lặp lại bao giờ . 😌",1,0,0.3407411044033376
chưa kịp đặt chân đến chiêm ngưỡng nó ...,1,0,0.18332916590953174
per thế đéo nào mình chơi với toàn gái mà tính vẫn giống con trai . _ .,1,0,0.23745923292062496
đã sợ rồi .. cố gắng hí mắt để xa ra để coi như thế nào .. khúc cuối hết hồn dục luôn cái điện thoại :))),1,0,0.2180571263985636
per xem đi haha,0,0,0.19040361079609636
chỉ mong có người đến cuối đời vẫn yêu mình như ngày đầu tiên ❤,0,0,0.2870325222896028
per viêm màn túi cấp nghiêm trọng,1,0,0.21888622405235733
chiều mưa hứa tự sẽ tự đi mua đôi giầy mới 😂,0,0,0.3214045593665394
vâng em gặp anh rồi mà giờ đây em vẫn cô đơn đi lang thang tìm những thứ vô nghĩa lấp vào nỗi cô đơn ấy,1,0,0.3490714031961959
mình cũng một thời gắn bó với nó,0,0,0.4885916453040674
nhện thông minh quá per,0,0,0.24485196577521529
mình thiì chưa năm nào được trọn vẹn,1,0,0.3071671201901765
số hưởng rồi tránh sao nổi :d,0,0,0.22152759001699573
ước mơ nhỏ nhoi của tao là được làm chị mà không thể nào làm được huhu,1,0,0.330889631718613
cô ấy không yêu tôi,1,0,0.24870148458904373
tạm biệt ông 😢,1,1,0.6466130303223274
nguy hiểm thật ... suýt nữa tao ảo tưởng con mẹ nó luôn rồi ..,1,0,0.34085288815220244
"nhà tao bên cạnh phòng tập gym , lúc trước bán dụng cụ thể thao ế vãi ra , nợ nần chồng chất ! từ ngày chuyển sang làm đại lý dầu ăn , gia đình tao phất lên trông thấy !😂😂",0,0,0.3242963943799158
per hồi đó mua điểm đại học nè 😂😂😂,0,0,0.22179961226024444
nó lại hợp lí vãi,0,0,0.21201189879606977
"per hihi học ở đâu không quan trọng , quan trọng là bọn mình luôn có nhau hihi",0,0,0.24499241342603675
"may công an đến bắt chứ không thì dân chỗ đó cho vào nồi cả rồi , đã có người cắt cử nhau đi mua giềng mẻ rồi đó chứ 😆",0,0,0.2422503871868395
"eo ôi thằng nhóc áo xanh cuối cùng , sao này lớn lên chắc là sói ca haha",0,0,0.27337276072231886
"thôi bảo em gái xuống ngủ với mẹ đi , còn em percó sợ ma không ? thì ngủ với anh . hehe",0,0,0.2444169665501
càng thân thiết khi quay lưng càng đau lòng .,1,0,0.2786658482789519
per nhìn đẹp thiệt mày,0,0,0.24891896521005413
😭😭😭 sinh lão bệnh tử hẹn gặp kiếp sau,1,0,0.3379506177223632
nghiệp hơi nặng nha !. làm hết hồn,1,0,0.2907442082076201
đúng là khổ trước sướng sau thế mới giàu =))),0,0,0.18174607147576818
nt thêm cái dạ vâng thấy quý vãi,0,0,0.20376118296411175
"200 năm xây dựng , tồn tại 800 năm , thật là tiếc cho nước pháp .",1,0,0.3454160196162697
hú hồn chim én :)),1,0,0.1575022336512375
đừng bỏ tao ra đi mà,1,0,0.2552504035341866
"gặp tao , tao ré cái hoảng mất :(( đáng sợ qué",1,0,0.4346493382777247
tự nhiên mình xem và mỉm cười theo .,0,0,0.324731784201926
cái máy này có thật thì bọn chính trị gia sẽ ăn cứt hết 😂😂,0,0,0.20277866913257955
per hãy cảm ơn tao đi hâhah,0,0,0.199368367821586
chú nghĩ cháu rất giỏi văn và là người có suy nghĩ trưởng thành rồi 💐 rất đáng yêu và tếu giống mấy con giặc nhà chú ❤️,0,0,0.18687726869487561
cần lắm nhiều vụ ly hôn như thế 😂😀😀😁🤣🤣,0,0,0.4997164957874727
cái đoạn nướng cháy pizza để phốt công nhận là chuyên nghiệp thật :),0,0,0.09111623105186666
và mày chợt nhận ra người yêu củ của mày có người yêu mới huhu,1,0,0.17376048751134465
"con bé xinh nhờ , khốn nạn là cái thằng edit video ý :)))",0,0,0.17643682084502002
đây chính là lý do tao giảm cân toàn thất bại,1,1,0.5356047275515206
chưa bao giờ còn yêu nhiều hơn thế 😍😍 bởi cha mẹ cho tôi tất cả,0,0,0.414273867766776
"giờ nghĩ lại mới thấy vui thế , đến nay bạn bè lập gia đình cả rồi :(((",1,0,0.2569341321771243
per đồng nghiệp tốt giúp ta dễ vào nhà thương điên kkkk,0,0,0.18861669038431825
thằng nào chưa bước vào quán bar hay karaoke giống tao không 😂 trai ngoan điểm danh 😄,0,0,0.2909540249625678
per đưa anh nè không cần năn nỉ . chỉ cần em cởi hết đồ ra thôi . đúng không,0,0,0.2505880655846213
tuyệt vời . aeon mall có khác,0,0,0.1738709639991944
trải qua một cuộc bể dâu . những điều trông thấy mà đau đớn lòng,1,0,0.38877493806652985
hè về chỉ thích ăn cái này .,0,0,0.2717952506123498
tư ̀ hô ̀ i ba ̣ n â ́ y chuyê ̉ n trươ ̀ người thi ̀ chă ̉ người co ̀ n ai đô ́ i xư ̉ tô ́ tao vơ ́ i tao như vâ ̣ y nư ̃ anh . :(,1,0,0.27684929610509823
"mặt đúng kiểu , em hiểu cảm giác phê của anh không kkk",0,0,0.3746227908443035
thỉnh thoảng lại xem lại phim này quá hay và ý nghĩa,0,0,0.25748158202339094
tận cùng của tan vỡ ah có biết là gì không ?,1,0,0.22212122905424805
không muốn huhu,1,0,0.37247633025364063
đầu năm chúc đại kỷ nguyên vạn sự như ý nhé,0,0,0.16986936827997365
loài này bé như ngón tay phàm ăn lắm sợ luôn,1,0,0.3086108650688873
rút kinh nghiệm năm ngoái 😂😂😂😂😂👍👍👍,0,0,0.25398132481010655
trông tội vãi,1,0,0.25681322367728876
yêu dã man kkk,0,0,0.24894956759743223
nước mình chả í thức gì cả xả rác bừa bãi để trôi rác đầy đường thể này thật buồn,1,0,0.153317784883056
nghiệt ngã hơn là phi hành gia đéo tuyển mấy đứa lùn :((,1,0,0.28563717019232493
kiểu gì chả chết ? đá to như kia thoát sao nổi ?,1,1,0.5335846619677512
per 2 ly trà sữa bạn làm rơi mà chưa thấy bồi thường lại mình 😞,1,0,0.25654189390897436
cái này thì ai chả đau lòng trời,1,0,0.29060674338946463
mày làm tao buồn đó per ??,1,0,0.4001308984813785
tao không sợ đi làm mệt mỏi tao chỉ sợ không có niềm vui với nó,1,0,0.4701977963383973
tao đã khóc khi xem phim nay,1,0,0.2641686249313728
mong manh dể vở 😂😂,1,0,0.34851962546661014
"chúng ta hầu như ai cũng dùng đôi mắt bao dung để nhìn một người xa lạ , mà đối với người thân bên cạnh lại chỉ nhìn thấy khuyết điểm mà thôi ..",1,0,0.3225401392649308
ewww mình chẳng giữ được gì huhu,1,0,0.3910393193791336
nhìn nó cưng quá,0,0,0.18551064827009375
mẹ thằng này nói tiếng việt tốt thật lại còn nói được cả giọng phú yên nữa chứ,0,0,0.24641089995950008
tiếc quá ! nguyên nhân,1,0,0.1952612733532587
con mèo đág yêuc quá 🤣,0,0,0.29189662305911557
khổ thân em ý .,1,0,0.3640223500196007
cưng quá mà,0,0,0.22828164417731647
per sao tội vạy em,1,0,0.28411731704623844
"per :))) tuy anh hay bắt nạt , giấu đồ và ăn bòn đồ ăn của em nhưng nếu thiếu anh thì công việc sẽ trở nên căng thẳng phết đó 😭",1,0,0.2895780047162584
má như người yêu ??,0,0,0.19163171300177834
chỉ để nhìn cái thôi :)),0,0,0.1668562237881778
có người đến gần cuối đời rồi vẫn còn khổ ! :(,1,0,0.4062728935466341
ôi gu mình !! mà phim lâu quá rùi giờ mà đóng lại bản khác thì không biết sao haaa,0,0,0.19670613220839306
kinh khủng,1,0,0.32232010845040354
c trai như thế nào tuyệt chủng rồi :),1,0,0.3319704283897152
tao cũng đang là con ghẻ của tạo hoá,1,0,0.3526807378906648
lấy ống hút mỗi đứa cắm xuống mà hút thôi :)),0,0,0.37665085043533286
sau khi đọc bài của mày tao cười nhiều quá và gãy mẹ hàm cái à,0,0,0.39490630149050293
mệt vãi .. mà cừời cũng vãi ??????,0,0,0.2298913611120417
đã từng nên tao hiểu cảm giác ấy . vừa tiếc ly trà sữa vừa phải lết xác đi giặt cái balo,1,0,0.2779127876048932
tạm biệt ánh sáng của đời tao,1,1,0.5654833863853392
đau bụng vãi hix,1,0,0.21614961097766622
"ai cũng chỉ muốn cho con tất cả nhưng vì được không có mà thôi , có con thì mới biết lòng cha mẹ",1,0,0.46056338292076276
"nhớ quá , độ chục năm không đi soi ve rồi :((((",1,0,0.28663083912215964
"k có con gì ác bằng con người , các con bé như thế mà nó không tha",1,0,0.23938695608632232
đáng tiếc đời không như là mơ . thực tế sẽ vả vào mặt cho mày tỉnh ra :(,1,0,0.3760270410321209
nhờ cái bếp như này . mà hồi nhỏ tao suýt đốt cả nhà và bị chửi đó :((,1,0,0.33986097066460774
còn tao thì còn không có nổi 1 người tỏ ra thân thiết quan tâm cơ . _ .,1,0,0.4147486069992483
và hơn hết là tụi nó không còn coi mình là con gái nữa,1,0,0.3520872333024848
nhà có người già vui thật nhỉ 🤣👍,0,0,0.15960749099576454
hiếu nghĩa . nhìn cái này nhớ mắc cười má đào chúc quá 😀😀😀,0,0,0.18537437580302635
cách người ta phản ứng cũng văn minh ghê ❤️,0,0,0.18661418137938693
rồi lỡ ai có bầu mà đi qua không biết nhảy kiểu gì nữa 😂😂,0,0,0.25948495472860433
"cứ thấy nó là đi đường vòng , dù đường hơi xa vẫn đỡ hơn bị nó dí =)))",1,0,0.14775813575462646
cũng muốn kết hôn lắm mà đến giờ vẫn chưa có người yêu 😭,1,0,0.2820416388073479
2 đg thẳng mãi mãi song song không bao giờ cắt nhau hix hix,1,0,0.3334062732974056
mẹ thấy đơn giản không ? đấy giờ chỉ việc lên số cái .... lên ...☝️☝️,0,0,0.21233751113877058
thực ra chỉ cần nhập đúng input là được thôi mà :d,0,0,0.2983367019708091
coi phim này không .. dễ thương lắm ..,0,0,0.24252639275894497
thương mấy anh quá mà tao không kiềm được vẫn phải thả haha,0,0,0.2455737972120848
này gọi là theo kịp thời đại :)))),0,0,0.2736482038373817
có người sinh ra đã giàu có người làm cực khổ cũng không thể giàu . thương ông,1,0,0.3482257270523934
"hồi lớp 1 đú theo lũ bạn về học nấu . thế là cơm sống , sợ quá vùi gạo trong đống tro",1,0,0.3121994151295401
"tao cũng hay nằm mơ con mèo của mình nó về , tao tưởng thật nên khóc cả trong mơ lẫn ngoài đời . nhưng nó đâu có thể về được nữa ...",1,1,0.5343361604932237
mình nghĩ đợt này bà per thua rồi . đuối lý lẫn truyền thông yếu,1,0,0.14547375713423114
đến gần đoạn cuối tao tắt âm xong vào xem bình luận rồi mới tua xem lại để minvolum . iq + vô cực chuẩn mẹ rồi,0,0,0.3614849249644214
vừa sếp vừa đồng nghiệp tốt thì đi làm như là đi chơi 💃 bonus 6h chưa hẳn đã muốn về,0,0,0.2230484289021059
coi phim này mà ứa nước mắt 😢,1,0,0.2846663170807082
đm hú hồn,1,0,0.2481006400676341
lâu rồi không được nhìn nụ cười ấy,1,0,0.33445164412182077
"đỉnh rồi , hiệu ứng tốt :))) ấn tượng vãi_chưởng luôn",0,0,0.19081184537682366
nó mà nhập viện thì xong đời tao . n 😂😂,0,0,0.19313864059584365
"hồi nhỏ bà mày có cho một con ngỗng mình tự tay nuôi nó . từ ngày đó nó đeo mày như chó mèo vậy . nhưng khi lớn nó lại mắc bệnh mà mất . giờ cũng hơn 4 , 5 năm rồi những nhớ nó lắm 😓",1,0,0.3697843095697611
"cùng cười cùng khóc cùng vượt qua khó khăn , đau khổ nhưng cuối cùng lại là con số 0 :)",1,0,0.4871524284496066
"sống trong một gia đình nhiều áp lực và lúc nào cũng chửi bới như vậy , tạo hóa đã ban tặng cho em bộ nhá khá là tươi để cân bằng cuộc sống",0,1,0.5333090883962001
trời . cưng chết được,0,0,0.359913543308927
ám ảnh thật sự,1,0,0.4263286736807328
sống 17 năm chưa crush ai bao giờ,1,0,0.41572824872250524
lụm điều cho ba má . 2 ngàn 1 ngày bỏ heo đất . thằng hàng xóm vô trộm mất . khóc lóc mấy ngày .,1,0,0.3959782872850295
"miễn sao có tiền ăn bánh trung thu , mua lồng đèn , đi du lịch =))))",0,0,0.21505763125089342
"hôm bữa 2 bình siro dâu thấy tiếc , nay bình mật ong còn tiếc hơn",1,0,0.23513346818486733
tao còn phải đợi 3 tháng nữa là đủ 1 gia đình nhỏ rồi,0,0,0.45578333032021734
chú này tội lắm á :(,1,0,0.36790400678077917
"yeahh , được mở lại fan cứng rồi =)))",0,0,0.13698784237387357
dỗ lại dễ thôi mà . nhỉ nhỉ 🤣🤣🤣,0,0,0.1559282308160758
"tao nghĩ chắc do kiếp trước mình tu chưa thành tâm nên kiếp này cuộc đời tao như 1 trò đùa , tạo hóa ghẻ lạnh . chán đời :)))))",1,0,0.22906520499778393
ph :)) phê hơn cả cần nhé . nên mua cái này về dùng tốt cho chó và người :))),0,0,0.0793015537981797
ưới gì honey của mình sau này cũng thế,0,0,0.29889738023867574
"per nhớ ngày tháng cta bên nhau ghê , giờ thì chả còn gì",1,0,0.20699869834733892
tao . đôi lúc nghĩ lại thì tao vẫn thấy sợ tao lúc tức giận .,1,0,0.34403917285046226
mùa mưa đến sớm rồi huhu,1,0,0.32008843131602666
xem video không buồn cười lắm vì chửi thề quá xá .. cơ mà đọc bình luận của các bạn cười đã luôn . kkkkk,0,0,0.3541876411929004
"tuổi thơ của tao sợ nhất là con này , không làm gì mà nó cũng rược , suốt ngày thì kêu um sùm",1,0,0.364025062126471
giỏi thật chứ đùa . biểu cảm gần như 90 % chuẩn mẹ rồi . thằng quay và edit cũng ghê luôn . nhảy cũng tốt ra phét chứ -.- ác thật,0,0,0.31859173932910734
"cay mắt lắm , mà nhìn nó lại nhớ nhiều kỉ niệm",1,0,0.13654807600508428
"tau sẽ phun thuốc kích thích , 2 nam nữa sẽ dài hơn ong nay ... sẽ được vào viện bảo tàng .. 😂😂😂",0,0,0.3526097831389895
"vị nước mắt , dù cảm xúc như nào thì khi có nó cũng thật đáng nhớ !",1,0,0.34107047355525894
thế này mà mày vẫn còn buồn thì ...,1,0,0.4284429928638563
anh thíck kiểu tra tấn hằng ngày :))),0,0,0.3528455280515065
per em đã tìm ra giải pháp thiết kế rồi nhé :))),0,0,0.16775036903056012
chủ tịch giả vờ luyện vỏ và cái kết sấp mặt luôn haha,0,0,0.22459001439293166
per ru con để vợ đắp mặt nạ kìa ?? đúng là chồng người ta chưa bao giờ làm mình thất vọng ??,0,0,0.29875747761070687
"ở trên mái sảnh nhà tao cũng có một con nhện mẹ tao bảo tao giết nó ( hờ hờ ) , còn bố tao bảo "" mày cứ đi qua là nó rơi giữa đầu """,1,0,0.43674003539653256
per hàng hiếm nhà mình,0,0,0.2651883950498557
cung quá ak,0,0,0.22054689807947067
sao bao nhiêu năm kể từ ngày đó em đã không còn nghe lại nữa :((,1,1,0.5158041637625054
đôi khi đi tù chỉ để thoả mãi thú vui,0,0,0.3773528450380757
nhà tao có nhưng nó rỉ sét hết rồi :((,1,0,0.36155592337063897
per không cho anh đi tập đâu nha mất bồ như chơi,1,0,0.18617623686152188
trong nhà không biết có ai không nữa ? sập quả này sợ thật đấy,1,0,0.2540283253367647
ăn vào lại thức dậy ở một nơi xa thì bỏ mẹ :)),1,0,0.22420151922774972
per tiếc cái gì đấy bố nó,1,0,0.16077688802322734
chuẩn bị kiểm tra hình huhu :((,1,0,0.31456971828926783
mèo nhà tao gửi 10 ngày về ăn tết lên nó thành mèo hàng xóm này ( nhà hàng xóm bán cá ) :((,1,0,0.34371364794652404
giờ mới hiểu tại sao lúc đầu nhà hàng không cho đặt chỗ ..... má nó li hôn 3 lần rồi lần nào cũng phải giảm giá 30 % nó ly hôn thêm vài lần nữa chắc sập bà nó tiệm,0,0,0.44228351673346666
"đêm hôm coi lại , cười mún rụg rún",0,0,0.3599162451482109
tao cũng hao mòn nhan sắc như này,1,0,0.2736597147068299
người ta kê bàn ghế ra chả nhẽ lại vẫn nằm đất để nhìn mông người khác ngồi :))) pha xử lý rất cao tayyy,0,0,0.17346715308574442
chỉ cần nhìn họ thì đã thấy tim đập mạnh rồi =))),0,0,0.1161427446942124
"khuôn mặt ngây thơ vô số tội , trái tim nhỏ bé của tao sao chịu được ❤❤❤",0,0,0.2612419310933634
"có lần ba tao mua bánh kem sinh nhật cho tao , lúc đấy tao 13t nhưng khi ba tao mua về thì lại là 15t 😶",1,0,0.24611655009713437
nghe nói 2020 hơn 4tr đàn ông sẽ ế vợ . mình chỉ việc chờ thêm 1 năm nữa thôi là đăng tin tuyển chồng 😂😂,0,0,0.3097605618522235
"vừa về xong , phải nói là đông vãi đông chứ không phải đông bình thường =))))",0,0,0.28441393581417207
disss giật hết cả mình .:)),1,0,0.19030062556153537
ăn vải nóng lở hết miệng ra đây này,1,0,0.3685461887902585
idol có skill mới chất quá 😂 1 cú đánh mông thôi mà đối thủ bay sấp mặt luôn luôn 🤣,0,0,0.214612940781566
tan tành rồi .,1,0,0.27158583934012936
rồi tôi sẽ hết được uống nước ở đây nữa :((,1,0,0.4225763733964175
per coi chừng bị vậy nha chưa haha,0,0,0.16148880090536516
tao không theo dõi phim . xem bập bõm mấy tập mới biết em nó là con gái 😅.,0,0,0.1658634035736756
chỉ thấy dễ thương và xinh khi crush thôi khi hết crush thì có cười nấy cười nữa cũng không có cảm giác,1,0,0.305003091885622
chị khổ mấy cô giáo viên giám đứng ra tố cáo . sau này bị làm khó hoặc trả thù,1,0,0.375412463091629
đi đâu cũng ngó ngang ngó dọc để được nhìn thấy crush 😂 ngóng nó đến mức cổ dài ra hẳn mấy cái 😂,0,0,0.21177847536699548
tác phẩm nghệ thuật chất lượng cao hiếm hoi của điện ảnh việt nam nhưng không được công chúng quê nhà đón nhận,1,0,0.1674437807034917
thương .. hy vọng sớm có người cưu mang bé,1,0,0.2541316918007108
tao thấy cảm động vãi .,0,0,0.24587163358851188
bây giờ mình 56 tuổi vẫn dùng để bắn bọn chuột neo dình sơi chim cảnh rất hiệu quả các bạn ơi,0,0,0.18583302231880006
êu ơi sao con mụ này không gặp mình nhờ :))) ước gì có con mụ thế này tông vào mình ý :)))) klq mà giọng bé quay video đáng yêu thế ❤️,0,0,0.10989664819441947
per xem đi mày sẽ sướng thi nhìn con nhện bị giết 😂,0,0,0.22782226686210255
tôi đã đúng khi đọc bình luận thay vì đọc bài :),0,0,0.22612604216804055
mạnh vỗ tay 👏,0,0,0.2089711698001034
couple cuối . yêu chết đi được,0,0,0.41862139765127393
"t đã hối hận vì nói ra , để rồi bao giờ tao với cô ấy chẳng còn thể nói chuyện như trước nữa",1,1,0.5057626806234297
k nuôi thì cho người muốn nuôi đi chứ để em nó bọ ve tùm lum sót quá ????,1,0,0.22756672630868902
đây là lần cuối cùng các bạn nhìn thấy anh ấy :d,1,0,0.22006625010306038
tao ngự ở trong uống nước cho nhàn thân rồi,0,0,0.4465091704292844
không phải crush :v nhưng mà nhìn ổng cười mỉm nhìn cute vãi -.-😑😆❤,0,0,0.16994348196802986
có ai như tao không đọc đề thì quen nhưng lại quên phương pháp giải . chắc mất gốc rồi :((,1,0,0.36884541212888683
hahahaha tao mắc cười ghê . nhớ cái hôm sinh nhật tao ghê . chắc mấy mẹ ở guru cũng rủa dữ lắm hahaha per,0,0,0.233537987410043
chờ có người giận mà không được,1,0,0.28989797546132656
per khi ế nhưng vẫn phải giương mắt nhìn bọn nó ân ái,1,0,0.13554873106130821
có ai ngu như tao không đơn phương con nhỏ cạnh nhà 4 năm mặc dù nó ngồi chung bàn với tao suốt mấy năm cấp 3 :(((,1,0,0.2968974735772202
1 lần thôi cũng đủ xao xuyến anh rồi,0,0,0.29070780407523344
nhớ lắm .. cay mắt lắm ....,1,0,0.3581526232420257
bà xinh thật sự ❤️,0,0,0.22869355057483767
nếu là tao thì nhảy cẩng lên chuẩn mẹ rồi :)) má nhìn trong hình tưởng ma thật ở ngoài đéo biết như lào luôn ớ,1,0,0.33247910338969044
yêu thế nhè 😍😍😍 có em gái chắc cũng vui lắm,0,0,0.1914565393500093
tuổi gì so với anh ! :) haha,0,0,0.1958329965063929
"làm pv quán karaoke đi rồi khổ hơn nữa , toilet danh cho nam chỉ đứng tè , vậy mà nỡ lòng nào mấy anh ngồi ỉa 😢 thiệt chứ gặp cái mún khóc lun …",1,0,0.2922782934120054
"đến giờ , em vẫn đang đợi anh , người sẽ đúng và thời điểm sẽ đúng",0,0,0.31550926194313766
mấy lần đi ngang hết hồn,1,0,0.17894045467868377
đúng là tấm gương xáng để con cháu noi theo =)))))),0,0,0.14761093183297855
hôm qua tao xem xong ngất xỉu tới giờ mới tĩnh chúng mày ạ 😌😌😌,1,0,0.20453645754261937
"giọng nói , ngữ khí đi vào lòng người vãi . mắt chị gái đẹp thế 😻",0,0,0.28650774243166627
không khoe thì không sao . khoe ra mai lại còn cái gốc ... haha 😁,0,0,0.20332551830414974
hoan hô anh 😂😄,0,0,0.271892710876202
căng thẳg quá mà,1,0,0.34858116740947487
"phàm việc quan trọng trong thiên hạ , cứ về hỏi vợ , vợ nói sao cứ làm ngược lại chắc chắc sẽ đúng !",0,0,0.33713601800935666
cũng xinh mà ?? lai cỏ có lẽ sẽ khỏe mạnh và đỡ ngáo hơn ??,0,0,0.3209783210078319
thế giới này thật đáng sợ ai chả đĩa bay cho tao về hành tinh tao đi,1,0,0.4177957599155595
mình bị say xe bạn à :(((,1,0,0.377700145348339
tí nữa vợ nó vắt chân lên cổ bò thì hú hồn,1,0,0.24637961525349103
tao cay mẹ khoé mắt,1,0,0.4008401757116329
mấy anh thiệt là nóng bỏng !!,0,0,0.19961320146324404
per chị rep khách hàng thế ấy hả 😞 bị bóc phốt rồi,1,0,0.27808695660320076
tao buồn mấy năm nay rồi,1,0,0.3491934416176705
"lúc nhỏ nấu bằng này không , nấu hơi bị ngon , tạo cơm cháy ăn bao riềng",0,0,0.35149162992453664
yêu em mọa mọa 😘😘,0,0,0.19105549958800544
tình yêu là một thứ cao đẹp hãy trân trọng nó .,0,0,0.24226385819051985
yêu quá đi mất . tuổi thơ của mình toàn nện mấy thằng con trai . trong lớp mình toàn làm xếp nên chẳng được giúp đỡ,1,0,0.4157974101993786
per đồng nghiệp không tốt ta có thể bị chửi và ăn đòn từ sáng đến tối 🙄,1,0,0.19092055793466908
những cử chỉ đẹp làm từ thiện cho người nghèo hay thiếu đến lấy thừa đi đến cho,0,0,0.13532917894557878
"nói gì , em trai tao cắt tóc xong là tao đè nó ra chụp hình . cảm thấy nó cắt tóc xong là đứa nào chứ không phải em tao =)))))",0,0,0.313187210797773
nghe cũng đúng đúng :)),0,0,0.19259521021691878
ngưỡn mộ chi lâu lắm oy . mà giờ biết thêm nhiều về chj nữa nên càng yêuc chj nhiều hơn 😍😍😍,0,0,0.24067124428934544
còn nhiều người có cuộc sống khốn khổ hơn ta :),1,0,0.33057657163651305
""" vậy là đủ tuổi ngồi tù rồi nhỉ ?"" , mặt anh rất tỉnh và đẹp zai =))",0,0,0.21393690702685392
nghe lại mà nhớ những ngày tháng say đắm trong nỗi cô đơn,1,0,0.2332936792931509
công nhận ngầu thật,0,0,0.1859550324108051
đến ngày sinh nhật mà còn không nhớ thì còn nói gì nũa,1,0,0.30231920392769457
"là thằng đàn ông phải có bản lĩnh từ khi còn bé , thay vì hay bắt nạt , quát tháo đàn bà thì hãy là người che chở , yêu thương !!!! mong con zai của mẹ sau này cũng như mấy anh này .!!!",0,0,0.18254702395417474
tao thì nói xong lại thấy người ta không hứng thú thì lại lượn,1,0,0.2013166749564694
khi bạn muốn lầy và cũng có người lầy cùng bạn =)),0,0,0.2808617593862808
"ba mẹ mình nhớ tất cả ngày tháng năm sinh âm lịch , giờ sinh , tên tuổi ...... của 4 chị em .....",0,0,0.3344806499582667
"per nếu có khi nào thấy bản thân vô dụng hay là thất bại , thì hãy nhớ có những người chế tạo ra mấy cái của nợ này . =))",0,0,0.223988312775479
bể mẹ cái kính cường lực mới dán :#,1,0,0.3391432035393809
per cái gì mình không làm được chứ đánh cái lũ đéo phải người thì mình làm tốt kkk,0,0,0.25858346502709767
"lúc trước chạy xe đạp đi ngang qua đàn vịt có mấy con ngỗng lẫn trong đó . thế là dume tụi nó rượt tao vừa chạy vừa la cái thứ âm thanh nghe "" ứ ứ "" "" hiếp em đi "" làm tao sợ tụt lol :))",1,0,0.23716360871099437
cưng hết phần thiên hạ,0,0,0.2790737726797227
được cái công tác truyền thông tốt,0,0,0.1439552378421449
crush ở nhà chơi gane rồi haha,0,0,0.2047325740981195
dễ thươnggg,0,0,0.210603528986505
nhìn sợ vãi ra,1,0,0.18609516722353503
đồng đội tốt ... nhưnh rất tiết chúng ta không có duyên 😀 kaka,0,0,0.19081232690065425
ơ tao đang mơ 🤩,0,0,0.3777018863586568
rất cá tính :v,0,0,0.18392612257712596
nhắn mà ấm lòng nhờ :))) ra gặp anh shipper đẹp trai nữa thì chủ thớt rụng hết buồng trứng :))),0,0,0.1819764923147747
tưởng tượng mà dưới sông có cá sấu nữa chắc hết dám đi,1,0,0.3196611695786808
"xời tưởng gì , cái này tao làm được =)))",0,0,0.18329522023550188
xây 1 được 2 nhà :)) chủ nhà ấm vãi :)),0,0,0.1403945614083719
giống tao . nhưng cô ấy có hiểu đâu,1,0,0.38840399544003573
đau đớn hơn còn là khi làm bạn cũng khó và gặp nhau coi như người dưng nước lã,1,0,0.2677831706609591
"hồi đó đã undercut , bảnh vãi .",0,0,0.19494703745133443
đau lòng qá huhu,1,0,0.3671542202605839
mong anh có thể đạt được ước mơ của mình .... cố lên,0,0,0.25040382911803266
còn gì hạnh phúc hơn trong cuộc sống này ♥️,0,0,0.38280076030183025
thèm được bố chửi 1 lần 🤤🤤,0,0,0.45075516994803355
tao lại sợ ngôn tình quá cơ 😒,1,0,0.2769764315082318
đỉnh cao :)),0,0,0.16157556468718798
waooooo . hợp lí ghe,0,0,0.39751401853019486
tao mới mọc răng khôn huhu,1,0,0.24978493194269763
thực ra em mới đang phải là sự lựa chọn chứ không phải là người được lựa chọn đâu 😌.,1,0,0.43652292920702945
đã từng . hix,1,0,0.27441829283400104
"nói chứ uống đi , 1 ly thì giảm ăn một bữa sẽ không khiến mày phì đâu .",0,1,0.522993495214791
quan trọng là có per luôn tạo độ khó game cho tôi :))) và không thể thiếu sự trợ giúp của các anh em trong team 😂,0,0,0.23179074024378132
tao thấy buồn cười vãi :)),0,0,0.2703744696286981
tao biết là có ý tốt gởi thông điệp ý nghĩa nhưng nhìn cứ sợ sợ lại còn sấm chớp :<,1,0,0.23601697232226998
vừa thấy thương vừa buồn cười vãi :))))))),0,0,0.23745402742579047
ước mơ tao 🙂 chỉ có thể sao chép lại và tao lên màu cực xấu !,1,0,0.2638633431321522
per đau hơn chia tay người yêu nữa,1,0,0.2055014617986868
mở máy lên .. rồii lại đặt xuống ... cả ngày nay tôi đều như vậy để chờ anh nhắn chúc tôi .. giờ này chắc anh quên ngày này thật rồi .. cô đơn quá mức rồi đấy 😭😭,1,0,0.3562715892070794
mink chỉ lo là nhà nước không đủ gạo nuôi mấy anh,1,0,0.2978023498125152
dell hiểu sao ngày sưa tao có thể cầm nó trưen tay đi câu cá 😳😳😳 nhớ lại vẫn thấy ớn 😂,1,0,0.19825643752277175
khi tắt đi mới thấy ngạt thở .,1,0,0.3355853951834353
trung thu là tết thiếu nhi cớ sao người lớn lại vi vu thế nhỉ,0,0,0.22975683846083356
mình sống không đủ tốt hay sao mà vẫn chưa gặp được anh người yêu tốt như này,1,0,0.27704047232578394
chỉ cần yên bình như thế này thôi . ❤️❤️❤️,0,0,0.26075659704095944
"tỉ năm mới thấy cười một lần người gì đâu mà khó cười đến thế 🤨 chả bù cho mình , lúc đéo nào cũng cười , cuộc sống tràn ngập niềm vui < 3",0,0,0.37031812020772603
đau ruột với thằng số 9 🤣🤣🤣,0,0,0.2734386126523289
"dễ thương , đáng yêu , cưng ...",0,0,0.1944474771238268
"nhiều nước quá , lấy bát về múc nước ra thêm tí đường vào là có 1 bát nước gạo ngon lành",0,0,0.28209629310027157
tao nhìn tao thấy ghê vcd ấy 😂😂,1,0,0.1764952599206411
chính xác ! chỉ cần đồng nghiệp tốt thì mọi ngày đi làm đều vui 😊😊😊,0,0,0.21823709679747574
tin vui cho bà con nông dân chuân bi vào ngày gặt lúa sắp tới,0,0,0.20443094952650018
một cái ỉn mông xong hết 😂😂😂 dăm ba cái võ thuật 😂😂😂🤣🤣🤣,0,0,0.13120644227781958
"chiến tranh có gì vui đâu nhỉ , chỉ gây đâu thương",1,0,0.3393151940286665
đâu phải ai muốn thích tao cũng được đâu,0,0,0.458425511033634
3 idiots ! phim hay nhất mọi thời đại .,0,0,0.32961772017988156
cuộc sống mà mấy ai được trọn vẹn 😢😢,1,0,0.34533845015110365
""" học từ bỏ những thứ trời không cho "" nói thì dễ nhưng nhiều lúc quyết tâm lắm vẫn không làm được .. 😢😢😢",1,0,0.3463768962536472
ngày xưa mỗi lần tao làm ồn là ngoại tao liền la hoặc lấy roi đánh 😅 nhưng lúc đó vui lắm 😊,0,0,0.40773390423607486
nàng ấy chả yêu ta gì cả,1,0,0.12979304677819192
mặt dày lại ôm cứng ngắt cho chị . 😆,0,0,0.19634912238233437
tâm sự không đúng người ngoài việc họ cười vào mặt bạn,1,0,0.4939646763484088
xem chỉ đợi đến đọan nó ngã để cười :)))),0,0,0.256645487118547
nấu kiểu này ngon lắm luôn 😋😋,0,0,0.34408271842074495
kím cớ nói chuyện chỉ để biết người đó làm gì đang như nào . có vui hay buồn . rồi lại thôi,1,0,0.451261737308833
per may cho bạn 😄😄😄,0,0,0.2156045698531033
"đù . tròn ung ủng , chân tay ngẵn cũn như tao nhảy sao",1,0,0.3415655951931866
xinh mà còn ngáo nữa thì người yêu mới cưng =)),0,0,0.13164185028607886
ông nào viết vui tính thế =)) cưng thật,0,0,0.19468469585962683
tuổi trẻ tài cao :)),0,0,0.0930033029745256
đó là những câu chuyện buồn mà :((,1,0,0.2722275510547464
per cái dume mày thấy tác hại của tập gym chưa,1,0,0.1749309756098437
thứ mà dễ dàng qa cũng nguy hiểm,1,0,0.17780568084884418
ngày ấy chỉ vì quá ngu ngơ mà để lạc mất .,1,0,0.33129493386252135
anh lấy đi niềm tin trả lại cho em những gì,1,0,0.290407167530492
"hồi xưa vào trông nhà cho ông bà , thuê đĩa võ thuật này xem cho mạnh mé đỡ sợ mà thuê ngay đĩa này . ám ảnh quả nhạc tao tao téo vãi",1,0,0.16615338319188402
tủi hổ với bản thân ghê khi tao vẽ người mà mẹ tao hỏi : hóa ra đây là hình dạng thực của quỷ sao ?😑,1,0,0.22846108139479168
án mà cứ xử như vậy thì sao có được lòng dân,1,0,0.29683363865633916
đã thất tình xem pim này khóc cả đêm mất thôi mới đề mô mà đã khóc thút thít rồi chắc xem hết thì không biết pai làm sao ..,1,0,0.36174598919068485
áo phông dễ thương quá anh ơiiii,0,0,0.16294653440660026
đi chơi mẹ tao cũng không tha cho tao :) chửi tao làm mất buổi vui luôn á,1,0,0.3372079384821505
còn 1 tháng nữa thôi khép lại những ngày tháng vui buồn nhưng luôn có người bên cạnh sẻ chia không lo lắng của tuổi thanh xuân cái tuổi đẹp nhất của cng,0,0,0.3548383622065188
"vừa lắm ... cho chừa nè , ahihi đồ ngốc 😊😊😊",0,0,0.2809630569395376
"hồi xưa đi học mình ngồi gần lớp trưởng , tên này được cái rất ga lăng với bạn gái trừ mình .. huhu ..",1,0,0.24746791446918046
nếu chịu khó đặt vào hoàn cảnh của nhau mà sống thì mọi chuyện đã đơn giản hơn rồi .,1,0,0.19446657431249742
chỉ mong cảnh này sẽ không còn xãy ra ở xã hội này nữa . bất hạnh vậy đủ rồi 😞🙁,1,0,0.3486936383617443
đẹp trai v :((((,0,0,0.2669482267489167
gắp đúng lúc nhưng hình như đúng lúc người ta không muốn y ai ???? đó là 1 câu chuyện buồn,1,0,0.26378179910884764
boss dễ thương hết sức,0,0,0.2764748806710698
đến ông cũng chẳng dám xơi,1,1,0.5065752929801718
bộ phim việt lần đầu xem thấy hay cảnh quay đẹp !!,0,0,0.13331586741625498
vỡ tan là như thế ấy,1,0,0.22620158086395717
đúng . a có tầm nhìn . tâm nữa . mình biết,0,0,0.33573399298301826
nhìn mặt ông thầy cay lắm :)),0,0,0.23309820255147243
anh thứ 2 cute thế =))),0,0,0.18284264556003324
cả tuổi trẻ bỏ công cày . có cơ ngơi ổn định . r về già con cháu đuổi ra đường bắt đầu 2 bàn tay trắng . đời 😅😅,1,0,0.3472223974757397
năm nay không được ăn dồi :((,1,0,0.30245123679092917
cưng xỉu ??,0,0,0.24623665040320056
tốt quá,0,0,0.2015237989156396
cứ thấy cute cưng cưng sao á .... có ai thấy giống per như tao không ??,0,0,0.263637949606019
cảm ơn đoi tình nguyện viên nhớ có các bạn mà người dân bớt vất vả hơn,0,0,0.14212628038402447
per cho vợ đi cầu này để giảm cân nhá 🤣🤣,0,0,0.3942437179325984
hahaa nhìn mắc cười vãi per,0,0,0.20165421049201765
cái mặt cưng xĩu,0,0,0.2751863130809256
tao mà ở đây là sợ rụng trứng luôn chứ đừng nói ăn,1,0,0.2924003266413863
mình thì # mình chỉ mong chồng tốt thương yêu vợ con gia đình ! gia đình lúc nào cũng vui vẻ hạnh phúc thì ngày nào cũng là ngày ( tình yêu ),0,0,0.3082965963518851
rồi chưng ngắn như tao sao nhảy qua 😿,1,0,0.4125596199174677
đó là 1 câu chuyện buồn 😤,1,0,0.23104061079426313
kkk tao chọn anh đầu tiên,0,0,0.35299710127928446
kha ́ thông minh :)))),0,0,0.22541259517421888
per cố lên gần đến nơi rồi . vào trong này mời nói chuyện nhé . ngay cửa đền chính . có bãi gửi xe . hehe,0,0,0.30153630442999485
thật dume nge yêu thương gì đâu :)) bắn tim bụp bụp,0,0,0.14089084523336814
diễn viên có cá tính hay nhât từng xem,0,0,0.14670079472125983
per nhớ cái bếp huyền thoại của 2 đứa mình he,0,0,0.1524192081819588
haizzzz đó là 1 câu chuyện khá bùn,1,0,0.2764453298358074
per nghe đi rồi khóc 1 trận cho thoải mái . đừng cố gồng mình lên nữa,1,0,0.33034554019130996
gap kiểu này chắc đái ra quần quá,1,0,0.3186598252553371
"per đọc vài dòng là lướt xuống cuối để xem có phải "" hi vọng câu chuyện mình vừa bịa ra ...."" nhưng không phải . kkk",0,0,0.2660759659311285
hú hồn cái lồn còn nguyên :),1,0,0.15039532214591694
chờ tý tao đi thay bỉm xíu tao quay lại .,1,0,0.13103583053825765
đại học vui lắm cậu :)) weeee,0,0,0.2419614928142705
"những chuyện trọng đại trong đời ... ta cứ nghe lời vợ khuyên , và làm ngược lại ắt thành công ????",0,0,0.24721658270033728
liệu có còn tồn tại cô gái nào chấp nhận một thằng vừa nghèo vừa xấu đặc biệt lại còn yếu sinh lý như tôi không,1,0,0.36968867701945696
"thật là romantic , mà mà mà ... sao nghĩ tới cảnh động phòng hoa chúc tao thấy nhột nhột lỗ đít 😧😧",1,0,0.16723009455488858
nhiều lúc tủi thân vãi_chưởng huhu,1,0,0.40873355317476956
dễ thương vãi ♥♥♥,0,0,0.18836196292518015
tình chỉ đẹp khi còn dang dở lấy nhau rồi nham nhỉ lắm ai ơi ...,1,0,0.3589162132466263
thật buồn khi mình thịt vợ thang khác mà thằng khác thịt vợ tưong lai mình,1,0,0.3390298154083634
tiên sư cái thằng ghép nhạc cười rớt mồm quả ghép,0,0,0.17335703726429827
đáng yêuc vãi anh ơi,0,0,0.19721259756426948
một cái vẫy tay đầy luyến tiếc từ cuộc họp tới đất nước việt nam,1,0,0.23146653797088032
"chỉ cần cho em nó 1 điểm tựa , em nó sẽ không ngán cả thế giới :))",0,0,0.301667538046052
đứa con gái nào mà đề nghị là biết bị ma nhập mà né nha mấy cha,1,0,0.22145867743003586
1967 mà cụ ông đẹp trai phong độ ăn mặc thời trang quá :)),0,0,0.34013375946661734
"tội mày quá , lần sau mày bình tĩnh hơn nhé",1,0,0.2778777264833239
per b trà ơi . năm nay là pải mạnh dạn và bất chấp nhé 🤣🤣🤣,0,0,0.23464129342465886
chính xác là con gái xinh auto đáng yêu =)))),0,0,0.105235493581593
thích quá mấy má ơi ! @@@,0,0,0.2960815385557215
xinh quá !,0,0,0.2962098558241347
ước là 1 ngày mai thức dậy dụi mắt mãi chưa hết tuổi thanh xuân =)))),0,0,0.2884213224369583
cay mắt,1,0,0.3525641260863692
đụ mẹ cười ỉa ????????,0,0,0.2603383548326055
t không phải con sến súa . ko cần quá cầu kì lãng mạn . cầu hôn tao thế này là tao đổ rồi per,0,0,0.3530042076674019
đã từng . và bị phũ như 1 con chó 🐶😂😂😂😂,1,0,0.2586301569805041
tao đau lòng quá,1,0,0.34123680023426206
"ngày xưa toàn ăn cơm với nước mắt , ngày trước giận bố lắm , nhưng giờ mới cảm ơn bố vì như thế mới có mình ngày nay",0,0,0.346441510443391
và cuối cùng là được đối xử như một thằng con trai luôn ..,1,0,0.42580005372497826
đứa nào bị táo bón thâm niên cứ ra cầu này mà nhảy đảm bảo hiệu quả ngay lần đầu trải nghiệm 🤣🤣🤣,0,0,0.4729137215952759
ê có khi nào đọc bài này xong buồn cười quá cười toác hàm có khi nào đi bệnh viện không các cụ :v,0,0,0.25746247450685433
cũng đỡ tắc hơn 1 tí,0,0,0.4546714352609216
áo xinh thế .. cho tớ mượn đi tiệc nhé !,0,0,0.2019177322056454
còn tao mỗi lần cắt tóc là y như rằng … nó tệ vãi :(,1,0,0.4044644117425002
per nhện kìa haha,0,0,0.22430489949179522
cả tuần không được nói chuyện,1,0,0.33743133468535624
ông này đẹp vãi,0,0,0.22888777214990505
nó cười với tất cả mng trừ tao 🙂,1,0,0.4820895766499131
"cấp 1 hiền lành ít nói , ngồi gần 1 cô bé cái gì cũng nhường cô ấy , nhường đến mức nhường luôn tập sách , để bà già phải dẫn ra nhà nó lấy lại ! 😂😂😂",0,0,0.221069180301517
ng dân biết phải làm sao bệnh chồng bệnh,1,0,0.35708069624610544
2 thế kỷ mới xây được vậy mà chỉ trong 63 phút tiêu tan hết :(,1,0,0.25222231723190475
per trung thu đéo liên quan đến việc có gấu cho lắm bạn nhể .... nhưng mà lễ gì cũng thế thì đúng là bất hạnh mà huhu,1,0,0.27574903020471336
mình còn để ảnh bạn ấy trong thẻ học sinh xong bị thấy cơ,0,0,0.25175207955804174
per nhất định chị em mê tín mình p đi xem phim này rồi,0,0,0.16100565978600107
"gần 2 năm đến sớm nhất để mở cửa lớp , lúc về cũng là người là sau cùng để khóa cửa . đến giờ ra trường được 3 năm vẫn không muốn vứt chìa khóa của lớp ...",1,0,0.2802715020504322
khổ thân các cháu,1,0,0.28561605131716883
t mong nó té quá chời :v,0,0,0.252527616614837
điều tồi tệ nhất là kiểm tra code trên giấy .,1,0,0.4399236115355932
đã xem 2 lần bộ phim này 😁,0,0,0.27070067709716383
cũng tên quỳnh nhưng 2 số phận thật khác nhau 😢( chỉ mong được 1 góc nhỏ xiu xíu của b ),1,0,0.25971956214083214
cho con được thay ông bán vé đi 😔,1,0,0.19355377014056757
thế giới này thật đáng sợ :3 trả đĩa bay cho tôi về đi :3,1,0,0.44240789111434103
gì cũng được ?????? dễ vãi,0,0,0.14777931849092352
t nói té 1 cái không dập mề thua gì cũg thua ..,1,0,0.3941554080276539
"tao cũng như mày đây . không sao cả , hãy tự hào vì tên mày vẫn rất đẹp",0,0,0.4173709267550696
trách ai bây giờ đây huhu,1,0,0.42528652017619306
không lau sạch về bà chủ mắng thì sao . nhiều người họ kinh lắm . trước mẹ minh đi làm cho nhà 5 tầng . họ chỉ ở 3 tầng còn 2 tầng bỏ không . mà ngày nào cũng phải lau hết,1,0,0.2877627562866906
phim kinh dị vào cái trời âm u 😒,1,0,0.2511202890230336
mẹ mắng lúc sáng sớm là xui cả ngày :(,1,0,0.39495679289374164
phụ nữ ngày xưa toàn cực phẩm :v,0,0,0.25750485698814357
cứ tưởng là người yêu =)),0,0,0.19407966807916532
đàn bà ở nhà thế kia không sợ ngoại tình à ? tao đang lo vợ tao đây này,1,0,0.33829878596493473
thời xưa yêu nhau đến chết vẫn yêu ... thời nay yêu không biết chết lúc nào 🤣 cuộc sống nay đáng sợ lắm 🤪,1,0,0.4023395297518145
lại mất tiền ngu,1,0,0.29811143828288295
làm bộ mặt ngầu cho thằng thỏ để ý mà thằng này láo ăn thiệt đéo cho mình ăn ké quê thiệt là quê luôn,1,0,0.23167457053230836
moá cưng quá ??,0,0,0.23209509497021363
"ai ở gần đó xin hãy giúp chú , thương chú",1,1,0.545835097812892
bố là số 1 vĩ đại hơn những gì con cần,0,0,0.28060698581218274
"lâu lắm đéo được gặp nhện trong wc , quên mất cảm giác nhịn ỉa như nào rồi 😂",1,1,0.5159409090720565
sau cùng cả 2 đều bị ảnh hưởng trầm trọng :((,1,1,0.591989795660376
lời được cánh của sắt tàu hỏa ngon rồi,0,0,0.2626742894175105
:v trời giờ mới biết thế giới có dạng hợp thể vầy đấy :v,0,0,0.21780649868953067
có ai đéo hiểu gì như mình không mình trong sáng vãi heee,0,0,0.41211737889869793
bà già đau khổ,1,0,0.2822012929703537
đag đi học mà gặp cảnh này :)) chắc chạy về cúp học luôn,1,0,0.13004225997460472
"bây giờ con đã sai vì đã chưa làm gì được cho cha , con thật sự xin lỗi cha và mẹ ,",1,0,0.44357360240191895
uầy . ngọt thế ??????,0,0,0.1827442616562032
nhìn muốn tè ra quần rồi,1,0,0.3609911804488059
quá giỏi . đạp đến ngất đi mà không quay đầu . sau này em sẽ thành công . chắc chắn vậy,0,0,0.1761076531182773
"dễ thương ghê =)) nói y như mấy ông ngồi nhậu trong bàn v "" đúng không "" "" đúng chưa "" "" vui rầu "" =)))",0,0,0.16005562040987065
per chuyện cổ tích nè ! haha !,0,0,0.16595690806597524
bây giờ thế mới biết tác dụng của con cái 😢,1,0,0.3202342467579062
bà mẹ nó @@ xem rùng con mẹ nó mình hơn cả phim ma .,1,0,0.21730913240362235
yêu thế,0,0,0.18734560479553333
"thôi xong 1 chiếc ôto . chắc tối nay ăn không ngon , nhậu không yên rồi .",1,0,0.20401722650084628
ấm áp vãi .,0,0,0.3161725277101421
per móc lên tới não :)),1,0,0.2578650488948214
bình yên thật,0,0,0.2299857193205459
"nói mưa là mưa v chời , tôi còn đi chơi đi học nữa mừ .",1,0,0.41065485532074597
lần đầu gặp anh cũng là phòng gym =)))),0,0,0.22039088467933973
có sáng tạo :)),0,0,0.14562984179730362
nhây qua ́ nhaaaa 😂😆,0,0,0.286166123637001
per trời đựu cầu hôn nó phải thế . đã đẹp trai còn có não,0,0,0.3230131377431663
ăn ngon nhưng nóng không chịu được,1,0,0.43330513087779216
thế mà cũng 5 năm rồi . ❤️,0,0,0.29022788611947326
cám ơn đã cho tôi cuộc sống này,0,0,0.4584396380041319
cuộc sống thật chua cay với tao,1,0,0.44983215737151183
ôi đáng yêu quá . đến bao giờ người đàn ông như thế nào mới xuất hiện trong cuộc đời tôi đây,0,0,0.30013351809512306
t thua cả đứa con nít nữa ám ảnh vãi,1,0,0.31458492781113256
nóng như này ăn vải là thích nhất còn gì ... auto mát,0,0,0.29306327959381295
mê trai hơn bạn có thật :(,0,0,0.2142883431084157
nghe bạn này nói dễ thương zị,0,0,0.24609361153274512
nhanh ghê mới đó đã 9 năm rồi 😢,1,0,0.25759805325691787
bố mẹ tao đọc được tin này + xem cặp lá yêu thương nữa thì bữa trưa nay tao không dám ăn cơm mất .,1,0,0.3491217041215663
lựa chọn cách thức tuyển như thế nào thì tốt quá rồi,0,0,0.315395132272124
"per cần thêm những trái dâu xinh xắn để ngăn chặn sự u ám này , huhu",1,0,0.36258054552920294
mày khá là may mắn khi không học tiếng huế đấy =)),0,0,0.17599900764310436
mình còn chưa được nắm tay,1,0,0.30146837560148
con đáng yêu quá,0,0,0.17962412075094167
"per huyền thoại , kkkk",0,0,0.20086938088033793
có vợ nên lắm . váy mới ngày trước toàn áo chấm bi của mẹ 🤣🤣,0,1,0.514609577781619
nhìn cái ngành gd việt nam bây giờ ai cũng mệt mỏi,1,0,0.30145425692406247
từ lúc có vợ nhiều váy mặc để quay video hẳn :)))))),0,0,0.23550606274023494
per mỏi chân quái :v,1,0,0.3345214245857082
"phim này nên xem và thuộc mấy đoạn thoại , rất hay",0,0,0.11182369605980247
cầu mong những công ơn sinh thành luôn mạnh khỏe .,0,0,0.20170640068337123
năm nào chả vậy :))),0,0,0.24839737648691962
anh chân thành nên anh tổn thương :((,1,0,0.3467639749551169
cả 1 đời người chẳng mong gì chỉ mong từ đây đến phút cuối vẫn có người không quên mình đã từng tồn tại,1,0,0.48713643627827274
xin lỗi mày nhưng tao đọc buồn cười,0,1,0.5735464517134643
vì tiền mà làm đau làm khổ người khác như thế này sao 😔,1,0,0.3506580139046268
"con mong bác dù nghèo nhưng sống luôn luôn vv , chúc bác 1 đời bình an",0,0,0.24981788297553031
tình cờ gặp nó và đột nhiên cắm mặt bỏ chạy như điên,1,0,0.34884259846917953
bà mẹ nó giật mình,1,0,0.22330255279351874
mấy nay tao cũng bị ám ảnh,1,0,0.3633116413471337
cái ngành tài chính của mình có chỗ dụng võ tốt rồi đây :)))),0,0,0.16176470659514863
":)))) cuộc sống mà . ngày càng thấy bản thân quá nhạt và "" duyên "" :v",1,0,0.23831831446830554
"per tặng quà cáp gì tặng hộp nhỏ thôi nha . đi hát hò gì đừng đem thùng quà to như vậy nha , nó biết nó nhổ trụi lông nó ngắt mép chết đó :((",1,0,0.15661918725146276
xin lỗi đây mình vẫn nấu nhé,0,0,0.28076520342144334
"ông sống trên vũ trụ , vợ ông sống ở trái đất , ông cao thêm 5cm là chuyện bthg 😂",0,0,0.2395950749965031
tao đã bị nó làm cho lầm tưởng rồi . tao thật ngu ngốc - _ -,1,0,0.3813927257692033
bấy bề ơi . thật là đáng yêu,0,0,0.14962686561396113
"con quỷ này hồi nhỏ tao khóc vì nó hoài , thấy nó không dám đi , bỏ đường phải vòng đường khác ,",1,0,0.2807981182069498
gắn bó thời sinh viên nè,0,0,0.3527763210206211
"per thấy chế thủ sẵn hộp mặt nạ rồi thì phải . tim em mong manh lắm , đừng để em hoạng sợ nhá chị ??",1,0,0.36842438720776377
"quần áo với xe thế kia là biết gia đình điều kiện tnao rồi 😂 anw , mong ông bà luôn khỏe mạnh , vui vẻ < 3",0,0,0.31446386052125747
sau khi xem ảnh này xong tôi quyết định ... mua honda :v,0,0,0.2563314412815421
"hiện tại mình cũng muốn kết hôn lắm . ngặt nỗi hai gia đình ngăn cản giữ dội , phản đối kịch liệt chuyện hai bọn mình đến với nhau :( nhất là chồng cô ý",1,0,0.3967061356382742
"khoảnh khắc anh quay mặt đi , con tim em tan nát vãi ra",1,0,0.3670781041632716
cảm giác tóc sau gáy bắt đầu dựng lên :))),1,0,0.31254043007733967
tao đã từng viết như thế này . bây giờ không muốn ai đọc chỉ có đốt mà lười đốt,1,0,0.3515804237493603
bộ phim ấn độ duy nhất xem được lol,0,0,0.3620901137628211
tuần sau nữa mới học =))),0,0,0.1705894649044138
mối nguy hại đó,1,0,0.15221381141486992
nhiều khi cũng muốn người yêu chọc để dỗi phát cho bằng người ta . mà nhận ra mình làm gì có người yêu 😌,1,0,0.24873198228928667
nguy hiểm thật,1,0,0.1283627394656297
per nhà mày mà nuôi thêm con này nữa là ám ảnh cuộc đời tao,1,1,0.5134766478185836
