comment_text,label,prediction,score_depression
ngày buồn nhất trời đổ cơn mưa :(,1,0,0.20016588437312877
per kỷ niệm khó quên nhỉ kkk,0,0,0.03261947879563814
em ý cute vãi !,0,0,0.09845697832772944
làm khách đi qua lại mắc mệt lun,1,0,0.4124234976087565
năm nay thì đở hơn rồi kkkk,0,0,0.11742101513317672
số tao không được ăn uống mà :((,1,0,0.16971075314502546
đang buồn cần 1 người nhắn tin tâm sự hằng đêm,1,0,0.31791226080121693
lâu lâu được nghe truyện cổ tích thấy còn niềm tin vào cuộc sống 🤣🤣,0,0,0.1480140208445921
anh này còn phim pk nữa rất hay và ý nghĩa,0,0,0.02257213026544781
lại thêm một con ngáo bất hạnh,1,0,0.27785304486381335
thiếu hình ăn gà rán rồi,1,0,0.10559720834196315
ăn ở cái gì huhu,1,0,0.05914447428182441
"điều đó không quan trọng , quan trọng là đéo xác nhận lời mời kết bạn",1,0,0.08375724125451842
"em sẽ mãi không biết có lúc tôi gọi chỉ để nghe câu "" ai vậy ?""",1,0,0.3600955733449413
thế giới giờ đáng sợ quá rồi 😌😌 tâm phải tịnh không là tiêu nha mấy ông 😢,1,0,0.3251880604692959
t gặp ngỗng chạy bỏ dép,1,0,0.07035893078510629
"chưa muốn lấy , cơ hội vẫn chia đều cho tất cả các anh : ))",0,0,0.12366371665157713
"per đúng rồi , không muốn xa cách đâu 😞",1,0,0.45003479128417445
"bọn 6 múi yêu nhau hết rồi , tao bụng mỡ đây , tao vẫn thích con gái đây !!!!!",0,0,0.054469302497572696
họ vui là được rồi :))),0,0,0.03896732112512015
per ồ ồ chân chính chạnh lòng rồi 😂,0,0,0.09680769363000964
còn các bạn đặt bánh của mình toàn gửi cho người yêu . chắc câu chuyện này còn buồn hơn :((,1,0,0.07627234262579674
per rồi sẽ có 1 ngày vừa cười tao vừa kể chuyện khiến tao rơi nước mắt,1,0,0.49591516418632225
ngôn lù thế hahaaa :))) đáng yêuc vãi,0,0,0.060893302634839365
nhìn ông với bà chất hơn thanh niên bây giờ,0,0,0.020241631990040733
"phim hay dã man diễn viên chính đẹp trai , xem đi xem lại không chán",0,0,0.01925890072797593
"mình đang thất tình đéo hiểu sao đi cafe còn toàn tận cùng nỗi nhớ , chạm đáy nỗi đau , đừng như thói quen ... dume :)",1,0,0.1810867739061636
"per vãi xem phải cỡ này . , đoạn nó nhếch môi bố mày sợ suýt đái ra quần dume 😑",1,0,0.17228668668193767
cám ơn mấy chế nhiều nhiều nhé 😗,0,0,0.07607419972394142
hồi bé tôi cũng bị chửi cả ngày từ sáng chí tối ! nhưng không phải bố tôi mà là bà nội tôi !,1,0,0.4936674740574903
cuộc sống tạo ta áp lực ..,1,1,0.7211191628201105
cười vãi ???????? mặt con bé cũng hài ghê,0,0,0.10854305601617437
tuổi thơ tôi bị ám ảnh mấy con ngỗng này . mấy con màu xám cứ mỗi lần đi học ngang qua ngõ nhà hàng xóm là nó đuổi . tao lại chạy thục mạng . cứ phải đắn đo mỗi lần qua đó xem có chúng nó không rồi ù chạy như ma đuổi . haizz tuổi thơ tôi ....,1,0,0.42251280631936977
ổng bị bắt rồi :( rồi lấy gì coi,1,0,0.28857868700211614
"ai thì tao không biết , chứ tao thấy tiền là đã có động lực phấn đấu rồi",0,0,0.28702133811514113
đã check in thành công và mãi vẫn chưa gặp được người ấy là ai :((,1,0,0.09314700930913199
":)) đang ăn mỳ , không có trứng nhạt lắm , có rụnng thì xin vài quả !",0,0,0.13459935457168226
đáng yêu quá ! tình yêu ông bà thật đẹp !,0,0,0.009236037059604473
per sắm 1 cái cho công túa ngồi nhà kêu gu gu hí =))))))))))),0,0,0.05396826828057237
"ăn 1 miếng bò mà giết thêm đàn kiến . chưa biết ngon thế nào nhưng một đàn kiến về cõi vĩnh hằng , tội cho đàn kiến .",1,0,0.18687168018204822
thứ ba mẹ cho con và con nhận thấy đó là sự đức hạnh tấm lòng cao cả cam on ba mẹ rất nhìu,0,0,0.09775491481375734
per my nè kkk,0,0,0.13372827842542834
tớ cũng muốn có mối tình như vậy ??,1,0,0.3792398904617072
hết buồn cũng phải có tiền mới hết được :)),0,0,0.0723603206068394
ng ta cuối cùng thì cũng được còn tôi thì never 😞,1,0,0.353772443471989
phim nay và phim triệu phú ổ chuột là 2 phim của ấn mà mình thích nhất,0,0,0.040616207017039725
bình dị vậy thôi .. mà sao mãi tao chưa tìm được ? hix,1,0,0.14347825625037433
biết nấu cơm bếp củi từ lớp 2_3 gì đó,0,0,0.1666130781005837
"ám ảnh hồi bé của c , con này trông nhà oke hơn cả chó luôn",1,0,0.09732497051548303
t mới tính tới bước thất bại chưa tính tới thành công :)),1,0,0.06958145847314263
"em lấy đi niềm tin chả lại cho anh những gì , cũng vì anh vụng về đánh rơi hay càng xa vời càng dễ mất .. anh chân thành nên anh tổn thương",1,0,0.1733645572597338
dễ thương . cứ yêu đi ngại gì .,0,0,0.0527122187215922
hí . dễ thương quá,0,0,0.04004414809873676
"1 đoạn phim được trích ra tuy ngắn nhưng , chứa 1 thông điệp rất có tầm quan trọng",0,0,0.057192748896502436
tối nay chồng tương lai sẽ đưa con khác đi chơi 😆😆😆,1,0,0.10211727536981502
"bất cứ lúc nào nghĩ về đời tao chỉ thấy vị cay , nồng nơi khóe mắt :))",1,0,0.2878792122701605
tự nhiên coi tới khúc th bé kéo hết bạn bè tới chụp hình tao buồn cười vãi ! ông kia nghĩ ! thôi chết mẹ rồi ! kiểu này tối mới lau xong 😂,0,0,0.447585599793156
"per cố gắng lên nha anh , mọi điều tốt đep đang chờ anh 💓💓",0,0,0.04186250404081913
gặp được em nhưng sẽ chỉ quan tâm và bảo vệ em từ xa,1,0,0.4499312513996641
thêm đường hay cho thêm bánh gato về tẩm bổ :),1,0,0.043729700884474455
thấy cái thèm ts quá,0,0,0.04709515222040555
"hiện tại mình cần tìm người yêu , bạn nữ nào chưa có chồng hay chưa người yêu thì bình luận bên dưới để mình lựa một bạn may mắn nhất nhé :)))",0,0,0.04346828201962089
a per ..... nhìn những hình ảnh này ... sao em nhớ về anh quá .... 15 năm ròng rã .. giờ anh lưu lạc nơi đâu . 😭😭😭😭,1,0,0.10413664039812665
chữ tao từ lớp 3 đã kiểu như thế nào và còn đẹp hơn nhé .,0,0,0.1375610077163151
per quẹo lựa mấy đứa ơi . để lễ nay đặt vé luôn cho rồi . nóng quá rồi :)))),0,0,0.05494574946316024
xem đi xem lại bao nhiêu lần cũng không chán ... vẫn cảm giác hồi hộp :),1,0,0.35621031385959107
bé có năng khiếu làm cô giáo dạy văn ... nghe thì nghĩ tục nhưng đời thường là có thật ... bác nghe thấy đồng cảm với các cháu,1,0,0.05491210418888657
chết luôn .. tình yêu không phân biệt . giới tính .. tình yêu ơi là tình yêu .. tao đau khổ vì mày lắm rồi ...,1,0,0.3533547846626172
"mức thu cao nhất - đồng ý vì số liệu nó thể hiện như vậy , chứ còn hiệu quả thì mình không biết đúng không 😂 mỗi lần vô vcb là hiểu phải đợi mỏi mòn , không như những nh khác",1,0,0.2923336199802797
"thà biết rồi đau 1 lần cho tởn rồi thôi , chứ đừng để nỗi đau cứ day dẳn giằng xé mãi cả đời ☻",1,0,0.25042671872027067
nghe anh ấy nới chuyện rất thuyết phục,0,0,0.015178862158596528
thông minh :v,0,0,0.08545076161790857
oimeoi tao thấy được tao ngày xưa đây rồi =))))),0,0,0.08025451713965083
con mong cụ cuộc sống sẽ tốt hơn 😔,0,0,0.2237068853145624
sau mưa ra đường sợ nhất gặp giun,1,0,0.10171743191450008
nên gan ngỗng ăn ngon đó,0,0,0.13148600214455142
"ngày nào cũng thấy tàu trật bánh , khá buồn",1,0,0.17476848872125808
nhìn đẹp quá đi mất,0,0,0.05055799013860073
tao đang cố un crush nhưng khi xem xong video trên thì ..........( khóc không ra nước mắt ),1,0,0.2041735881781552
đó là khi anh per cưới vợ đó 🤣,1,0,0.06490823301795763
ngoài những bài chia tay vì lí do vớ vẩn ra thì neu cũng có những bài đăng đọc rồi còn nhớ mãi .,1,0,0.06751398353978545
mặt nhỏ dễ thương vãi =)),0,0,0.04168103131585459
béo tí đáng yêu mà =)),0,0,0.020697420652233282
"hy vọng chừng đó con đã đi mẫu giáo lớn , 1 xe bảy chổ và nhà hai tấm 🤣",0,0,0.15533802801544783
1 năm không biết bao nhiêu lần x - quang :(,1,0,0.35791417052870506
cả người nhà người yêu cũng không đồng ý :((,1,0,0.05640488054976673
"mình nói thật nhìn từ trên cao xuống đã thấy chóng mặt rồi , vãi",1,0,0.17609578025638156
tao giận bạn trai tao và 5 ngày rồi nó đéo dỗ tao luôn hix,1,0,0.1728500621081866
dăm ba cái kỉu đây hồi nhỏ tao đốt chấy vài á mà 😃,0,0,0.0659200382170647
per lên lịch hẹn hò nhanh,0,0,0.05878366125114695
chia buồn cùng nước pháp .,1,0,0.2145774290235842
nta vẩy tay mấy cái cũng ra tranh còn tao thì 😪,1,0,0.13391724833985902
mặt chúng bạn kiểu lại đéo được trả tiền rồi 😞,1,0,0.09125339306562968
"hắt xì mệt quá , muốn bắn , muốn làm việc :(",1,1,0.58056691581621
"t xin nhắc lại một lần nữa , đây là một câu chuyện buồn nhé",1,0,0.18335460565111256
"tội nghiệp , có rất nhiều em ở nông thôn bị như vậy 😢.",1,0,0.10043184579084125
buồn thay cho lớp tao,1,0,0.08568856103836062
hi vọng trưa nay lúc ăn cơm vtv24 sẽ không đưa tin về bạn này ạ,1,0,0.17069731657589082
per sự thích thể hiện của các bạn mà bóng đá per tốn một món tiền không nhỏ ! 😩🙏🤕,1,0,0.11732030796766531
đáng iêu vãi =]],0,0,0.08450629088695133
quá ý nghĩa . mình trẻ mà chắc gì làm được vậy,1,0,0.10098943758221735
bộ phim hay nhất từng xem,0,0,0.008914655349232426
bạn đã hiểu nổi khổ của mario khi mua vui cho bạn chưa :)),1,0,0.11109020744120085
boss hổng có 6 múi hả :( buồn dị,1,0,0.09600376868697556
chân tao không đu ̉ da ̀ i đi ̉ đi con đươ ̀ người na ̀ y :((((,1,0,0.1290031203004743
nước ngoài có đầy mà :)),0,0,0.06303675409376998
cái gì mà rớt hột le tè vậy em gái 😁😁😁,0,0,0.05509714523930556
có người yêu coi bộ cũng vui 🙂,0,0,0.03658472704309924
14 / 2 năm ngoái tao mọc sừng . nên 14 / 2 năm nay tao quyết định cưa sừng 😊,0,0,0.12846132931418242
"vui vẻ chút , lạc quan chút cho đời thêm vui cũng là một cách 😂😂",0,0,0.17449317278683443
"lại là lào cai , tự hào quê mình quá :))",0,0,0.07912891579629243
nói tiếng tuy hoà phú yên làm tao nhớ đến nyc . giọng nó sao ngọt không thể tả . buồn,1,0,0.06859162051738667
yêu quá hóa điên 🤣,0,0,0.02672540395687007
nhìn nữa sao . hỏng yêu đi . cho doi . vui vẻ,0,0,0.035676403820692086
cứ thấy trai đẹp là tao hạnh phúc :),0,0,0.03297395624465162
đậu . tao mê nhất là giọng tuy hòa phú yên . nó luôn mang một ấn tượng sâu sắc . nghe cứ thích thế nào ấy,0,0,0.045034642863119985
cái con đồ chơi đó mua ở đâu nhỉ . cười đéo nhặt được mồm . 😂😂😂,0,0,0.10547675676708917
sao lại cưng đến thế này ^^,0,0,0.14920652791838376
per gặp thần tượng mỗi ngày kkk,0,0,0.07879409765979935
xem mấy lần rồi vẫn thấy hay,0,0,0.04768227346050532
đcm ngôn tình vãiiii,0,0,0.05652766586702263
dân kinh doanh khoái đi chợ này lắm nè,0,0,0.2984986183776216
đã trải qua và thấy chuẩn cơm má nấu,0,0,0.08840969648335742
crush mới thích ảnh tao mà tao đã . nghĩ đến chuyện đặt tên con rồi,0,0,0.22929660832937412
cái gì vui vậy mọi người :)),0,0,0.03800492321328169
má chủ dễ thương vậy tao cũng muốn xin,0,0,0.22190938976128746
câu chuyện dễ thương thật ^^,0,0,0.04747246360901011
điều tồi tệ là học nửa vời chã ra làm sao,1,0,0.08816887130269296
trước khi lấy vợ boss có một thân hình hoàn mĩ thế này đây,1,0,0.16422695988679037
cô quét đi cô cho cháu hốt về với =))),0,0,0.0435992313451212
này thì câu thích 😂😂😂,0,0,0.07788353551117788
bốc toàn trúng may mắn lần sau,1,0,0.23527498994296522
định mệnh tao lại quên mang áo mưa,1,0,0.27239184931987775
xem xong video tự thấy mình còn không bằng con chó ...,1,0,0.2734717764978951
chúc mừng cp . cố lên cp .,0,0,0.037775193451384706
per huhuu không biết lúc đấy thực tập chưa :(((,1,0,0.13798750167834642
"con này còn hại hơn cả ốc bươu vàng . cấm nhanh còn kịp , để nó ra ngoài thì chỉ có người nông dân thiệt thôi",1,0,0.09742478861088247
liên quan à . cr mày đéo thương mày đâu . nó có crush mới rồi . 🙂,1,0,0.1594305097042078
thật là đáng sợ,1,0,0.12060109171234804
em chờ được mà 🙂,0,0,0.135424492995318
"mình nhận thấy hình như ông ấy đang rất đau khổ , mà không thể or không muốn nói ra .",1,0,0.41696370405983024
"giá trị lịch sử văn hoá gần nghìn năm đã mất đi rồi :((""",1,0,0.30892866800992697
em nuôi con lợn mấy năm rồi mà vẫn trống rỗng huhu 😭😭😭,1,0,0.4221334323355386
sợ thế,1,0,0.24682178600166016
hay à ngheng,0,0,0.007725244951914549
"t cũng thế . đang ngồi chơi với con , vợ nó đắp mặt nạ lù lù bước vào . xém đái trog quần ??????",1,0,0.22910290449312481
"đúng rồi , vàng là phải vàng mới có giá trị , vàng trắng làm gì có giá trị 😥",1,0,0.20079441399116943
toàn tặng đồ gây sát thương thế kia khả năng bị phản damage là rất cao,1,0,0.06271544976172058
mệt mõi 😥,1,1,0.5736321522979275
tao không biết tao đủ ổn để đi học thêm không nữa,1,0,0.3745619271639673
ai đó hãy tát trà sữa vào mặt tao đi 😭😭,1,0,0.231090100748565
trông tội quá,1,0,0.06183647450798395
"thanh diễm giờ tao hiểu tại sao cứ sáng vô là tao trông tới đi về , đầu tuần trông tới cuối tuần và đầu tháng trông tới cuối tháng rồi 🤣🤣🤣🤭",0,0,0.2867894058356269
làm đéo gì có ai nói chuyện thân thiết với tao đâu mà,1,0,0.2773477574266856
ad cho hỏi nghệ an lúc nào mưa vậy ah 🌧🌧.. ốm cũng cam lòng chứ vã lắm rồi 🥵🥵,1,0,0.4084956210179734
"chửi vậy cũng bình thường mà mọi người cứ làm quá . mẹ tao cũng suốt ngày chửi tao , tao thấy vui mà .",0,0,0.28078487536947194
"đừng ám tao nữa , sợ lắm",1,1,0.5111747144551819
ý là giọng quê tao đó hã,0,0,0.04766078577143841
"đang định đi nhổ răng khôn , nghe được tin này thấy ghê răng 😁",1,0,0.07355121719550443
nhờ mất bạn nên mình mới biết 😂😂😂😂,0,0,0.08186433321571053
vừa đây về đông kinh hồn càng về đêm càng đông,1,1,0.6398884731621272
"mày làm tao nhớ em gái ghê , mai sinh nhật con bé rồi mà tao đang đi làm xa nhà , không về được .......... 😑",1,0,0.23703046363923932
ui nghe ấm thế,0,0,0.11362173869310263
chắc từ giờ tao đéo giám ho nữa quá .,1,0,0.35539872220553775
đau lòng quá,1,0,0.21815462258050883
không những hạnh phúc tao còn cứng nữa :)),0,0,0.07441221293579545
chúc mừng các anh . các anh giỏi quá . chuc các anh mạnh khỏe .,0,0,0.006841145584199205
"thương quá . giờ con đi học ở lại cả ngày thì hên xui thôi chứ biết làm sao , không ăn thịt heo thì ăn gì . mong sao có lệnh tạm dừng ăn thịt heo trong thời gian này cho các trường mầm non thì hay biết mấy .",1,0,0.254936803109743
tội em gái đó,1,0,0.10224514970741598
ăn cơm mốc có khả năng bị ung thư gan cao . hít,1,0,0.057497880787387406
làm người khác thỏa mãn bằng mùi hương của chính bản thân,0,0,0.08232804389676696
anh đừng bỏ em đi mà 😢,1,0,0.059519930124362894
muộn rồi :))),1,0,0.03571700786470466
dễ thương hết sức ??,0,0,0.11877549358616987
cái khó ló cái khôn :))),0,0,0.03626348241475942
a độc thân nè không có ai để nắm tay gọi là thử coi .. hihihi chúc em luon vui ve em nhé ...,0,0,0.14244218594403188
hồi nhỏ đọc tao đã nghi nghi rồi =)))))))),0,0,0.056053051294414014
per tìm được đối tượng nào để cầu hôn chưa :))),0,0,0.08502103860593736
cũng đúng :)),0,0,0.060718994598415066
"thích cái câu , có mỗi thằng con rể đểu mà cứ xoắn cả lên 😂😂😂",0,0,0.08206493276619921
"coi khúc đầu không hiểu , đến lúc ổng bước ra khỏi làn khói , thật không thể cầm được nước mắt",1,0,0.3778398129752166
per thích quáaaaa,0,0,0.13140615125573143
tao cũng ho trật mẹ khớp vai mà đéo phải 1 lần đầu nhé,1,0,0.22166781111152
hú hồn chim én :) nào làm ra này chắc cũng ngáo dữ :) chắc add không sợ nhện :),1,0,0.11429033674620188
biết trân trọng những gì mình đang có ☺️,0,0,0.3518691733119643
có gì đâu bé vậy mới cool đó anh thích 😉😉😉,0,0,0.04779608318546768
"aaaaa con nhện 😨 "" aaaaaaa con ế !"" - nhện said 😂😂😂",0,0,0.1563484792206689
tiếc cho mối tình ấy ....,1,0,0.09267908674013378
phim nay xem rất nhiều lân nhưng quá hay vẫn muốn sẽ tiếp tục xem,0,0,0.09013460543794323
"đúng thế , ở đâu cũng được đâu nhất thiết phải ở đây",0,0,0.11761784148683652
gu của tôi trời ơi . tiếc mới có chồng với đứa con thôi . huhu,1,0,0.1603123893995685
rồi mấy đứa chân không được dài như tao phóng qua kiểu gì :),1,0,0.12829068673062533
trời ơi . dễ thương quá luôn ❤️❤️,0,0,0.028250306306383494
per sáng mai kiểu gì cũng về tới nhà :)),0,0,0.10936930392898471
để anh dẫn em đi ăn nha :)),0,0,0.023679623977744185
vậy là thế giới mất đi không biết bao nhiêu món nướng rồi :(,1,0,0.49754761045772605
"tui đây vừa vô phòng thì con vợ mặt trắng bóc nhảy ra đây , tưởng là ma",1,1,0.7563948947626034
những điều đơn giản nhưng thật hạnh phúc 😘,0,0,0.11475023950153292
phải chi có người yêu nhắn tin ngọt ngào như này,0,0,0.0714894583215384
"hồi học lớp 5 bảo bố đi mua sgk cho , xong bố đi mua nguyên bộ lớp 4 đầy đủ từ sgk đến vở bài tập 😂",1,0,0.07070918836824071
cả 2 loại người này đều đáng sợ !,1,0,0.09807743658636857
per mỗi ngày đi làm thấy per là như có thêm power cho 1 ngày siêng năng !!!!,0,0,0.05987130739708895
"bị ám ảnh hồi bé đi nhổ răng , không dám đi nha sĩ nữa :((( huhu 😭😭",1,0,0.21084554010685816
quá đau lòng nhưng chúng ta phải chấp nhận với điều đó,1,0,0.10359320924015024
"per hồi nhỏ bị ngỗng dí riết ám ảnh , giờ mà bị dí chắc cầm cổ quay thấy moẹ nó luôn hehe",0,0,0.09896998878320971
per sợ nhện đúng không :)),1,0,0.06081359703712287
em chân thành nên em tổn thương !,1,0,0.34906574618123853
"per ăn tết xong , cần cây cầu này để giảm cân 😆😆",0,0,0.17061825624465432
"ngày cuối cùng còn ở lại , bản thân không có bất cứ một cảm xúc gì , trong lòng chỉ độc một mảnh phẳng lặng .",1,1,0.515290010044821
anh chờ ... đáng yêu ghê,0,0,0.019124372711911336
vẫn chọn tech là ngân hàng đồng hành,0,0,0.06444453952790233
đây là 1 câu chuyện buồn,1,0,0.11918360442115652
duyên quá nói chuyện hay,0,0,0.0452631579717763
móe . con nhện . cười đau cả ruột .,0,0,0.3199752812201762
thề cứ 1 lần trượt là tao cười to hơn 😆😆,0,0,0.17559811723675703
chị đầu tiên buồn v :((,1,0,0.20870997518142112
tao đã rất muốn làm bạn tốt anh em tri kỉ với tụi hắn nhưng không ai muốn làm bạn với tao - _ -,1,0,0.35855816601109897
con gái tao thì suốt ngày hêy siri bắt chước mẹ 😂,0,0,0.11718412169333063
"đi hát văn nghệ cho trường nguyên cấp 1 , kiếm được kha khá . cấp 2 vỡ giọng , khỏi hát 🤣",0,0,0.023921671865746723
tao rất thích nhạc trung từ giai điệu đến ý nghĩa rất hay 😁😁😁,0,0,0.03595841779515223
nhà tao cũng gần mà tao không bao giờ dám đi đêm,1,0,0.43116170224026756
per có ai còn nhớ thời đầu băng xem đi xem lại xuốt ngày không kakak,0,0,0.06480649319779852
thế là hết những gì đẹp nhất của nước pháp sao không phun nước cứ để cháy rần rật nhỉ,1,0,0.06599696586953228
tại vì anh trót nói lời thương em mà em không đáp lại,1,0,0.14494382179424425
mới ngày nào bidv còn đứng nhất mà .. haizzz,1,0,0.25052570982304007
bị nó chặn đầu mấy lần khóc sướt mướt luôn . mấy con yêu nghiệt này còn dữ hơn chó,1,0,0.34423236274904356
per tuổi thơ của mềnh đi học là lúc nào bạn tao cũng ngồi trên và khi nào múa giờ ra chơi cũng múa chung với mềnh 😅😅😅,0,0,0.2550478175600099
nhìn là yêu roi muốn nuôi quá trời mà sợ không chăm được em 😢,1,0,0.20807138770062533
đôi khi hạnh phúc chỉ là những điều giản dị nhất mà chả ai nghĩ tới 😊,0,0,0.15223052289758748
huhu xem mà muốn khóc vãi,1,0,0.19265494934496305
tao thấy tai nạn giao thông là tao nói với mẹ .. con chạy ra đó để tối lên ti vi ... mẹ tao chửi sấp mặt luôn,1,0,0.350684402544644
nó giống tao ghê . gặp tao tao cũng chọn mày,0,0,0.1630172081936111
"per hay đó bro , trừ điểm bro chưa bao ăn :)) - 10",1,0,0.05146416479040115
cũng sợ mấy con ngoe nguẩy như giòi 😰,1,0,0.21757899918729753
"ước gì mèo nhà mình cũng có thể về nhà như vậy , mất ẻm được 2 năm rồi :(((",1,0,0.3931816940906422
tự dưng cay mẹ mắt,1,0,0.28517840425237967
bác vẽ làm tao nhớ con cá này vãi =))),0,0,0.045280520498750115
trường gửi điểm về và mẹ cũng điện chửi :(,1,0,0.33847473745698126
nói chuyện như người yêu ??,0,0,0.04617372385741866
đó là một câu chuyện buồn 😀,1,0,0.11438154435745151
xem xong tôi cảm thấy còn u ám hơn :)),1,0,0.1280549064563818
chúng mày cứ cười . dm mai gần đấy có biến lại thấy anh ấy trong bộ cảnh phục thì lại tung hô quả nằm vùng quá đẳng cấp 😂😂😂,0,0,0.06443967135502378
không phải không thích mà bản thân chưa đủ tốt để sánh vai . phải chi anh có thể đợi em khôn lớn !,1,0,0.10054455387772884
rất có tố chất . liên đoàn xe đạp việt nam có thể liên hệ để đào tạo được đấy,0,0,0.029966296060232805
"đếu thể đỡ được "" tiền mừng , tiền mừng "" hahaha",0,0,0.07649927408957109
còn buồn hơn là cố quan tâm thế nào họ vẫn không hề rep lại,1,0,0.14594352387127207
đáng yêu phết nhể,0,0,0.02247361446289716
tuổi trẻ tài cao =))),0,0,0.021610329633845612
ước gì được giận lại 😐,1,0,0.1800058949852758
sợ vãi linh hồn 😞,1,0,0.12587441747317987
thôi chết haha ...,0,0,0.458609143711221
cái này phải hơn 20 năm rồi . lần đầu không biết canh lửa nên cơm khét hoài 🤣🤣🤣🤣🤣,0,0,0.1940710038995823
anh lỡ mất em rồi huhu,1,0,0.1549484144958049
per ly trà sen của anh đem qua có ngày nó thành như v đó 😭😭 hức hức ...,1,0,0.10263663674962059
ngầu lắm bạn ạ ^^,0,0,0.16674954927144753
đã gặp được em đúng lúc . nhưng lại không phải thời điểm em muốn ....,1,1,0.666560235176259
những người em thích đều đi nơi đâu rồi còn con ml bên cạnh song hành,1,0,0.2100883001906453
ơ thế hoá ra tao không bị ngu một mình ?,1,0,0.4247016835778112
ngày xưa mẹ tao dạy ở miền núi . năm tao học lớp 3 lần đầu tiên lên trường với mẹ . đaumoa mấy con ngỗng mất dạy rượt tao leo lên cây phượng cao chót vót cả tiếng không dám xuống .,1,0,0.29183982895487154
món này ngon vãi,0,0,0.16159095109210161
cầu cho chú luôn mạnh khoẻ ạ 😢,1,0,0.0410372449285311
chỉ ước về sau mình được vay,0,0,0.3128895351297275
không muốn yêu ai cả,1,0,0.3570608130941601
minh biết nữa ne,0,0,0.42967830764780207
trên đời vẫn còn nhiều điều tốt đẹp ❤️,0,0,0.06564908883241213
mai tao cũng đi ship mới được . có bài này áp dụng luôn .,0,0,0.09573550063847616
thằng ben thật tội nghiệp,1,0,0.03595202502809751
cả đời mình chỉ ước có 500tr trả nợ ngân hàng cái xe để chạy kiếm ăn ...😥😥😥,1,0,0.2214415240335523
t cười ỉa ...🤣🤣,0,0,0.3722061287132181
em buông tay anh nhé .... quá khứ ấy anh hãy xoá hết đi .......,1,0,0.06685431727760509
rụng tim 😭,1,0,0.05576979290103913
tao không tin đâu hiccc =(((,1,0,0.16340651749350485
ngày hôm ấy tuyệt đẹp nhưng lại đượm một nỗi buồn ngày mai thôi chg được gặp thầy cô bb lũ chúng tôi khép cánh cửa ấy lại nhìn lại toàn bộ khung cảnh ôi thân thương biết mấy cảnh vật quen thuộc sẽ không được trông thấy nữa,1,0,0.055419339904964095
chúc mày mau khoẻ nhá chủ thớt ạ =)),0,0,0.051957460001972905
được . đỡ tốn 5 nghìn,0,0,0.07126027969320667
muốn nhanh thì phải từ từ =))))),0,0,0.15766592250216932
ốm mà xinh thế :3,0,0,0.08600239691094874
dạ cho em hỏi cái đường này ở đâu z ạ . để em đéo tới đây ạ . đm bước cái chắc tét háng,1,0,0.10302314722466523
"dù chỉ để nhìn 1 cái , để biết người ấy vẫn ổn , người ấy còn tồn tại . ít nhất là nv 😔",1,0,0.1470378093417677
má . đang định đi chụp :((,1,0,0.1390073872094064
bày đặt viết trên cát khắc luôn vào đá cho tạt thoải mái,0,0,0.15200405076366633
cho em canh với . hehe,0,0,0.1006186575767193
"anh sau đó , không còn là anh nữa ...",1,0,0.11277343692575438
sao giống phim good doctor của hàn vậy ?? cũng bệnh tự kỉ và có khả năng nhìn được 3d !,0,0,0.03297933279905627
đẹp trai thật .,0,0,0.04660142310085578
hay . đỡ mệt,0,0,0.3014940063340023
per bài tủ 1 thời =)),0,0,0.03345648513732446
tôi cắn bất chấp =)))))))) chắc là tôi yêu tụi nó cuồng si rồi,0,0,0.07587524856263102
mở ra mà thấy vậy chắc tao sợ quá mà chết luôn mất :),1,0,0.17901904407468963
đồng đội chơi tốt quá hahaaa,0,0,0.032868815279297435
giọng cute phết,0,0,0.04904453030413685
tao sợ ăn xong nóng đêm gãi toét chân,1,0,0.13661825154425
"con gái không thích con trai đầu hói , vì cưới về dễ nhầm đầu :d",0,0,0.1636926247860753
chuẩn bị prayforparis thôi 23 tuần kể từ khi phe áo vàng làm loạn rồi mà vẫn chưa dẹp được .,1,0,0.1352695231920959
đau đớn quá sao phải tham mấy đồng tiền đó nhỉ,1,0,0.05440879220068497
"hăm hở đón nhận tất cả , thậm chí là nỗi buồn , nếu điều ấy khiến việc tồn tại của bạn mang một hương vị đáng nhớ ...",1,0,0.3664650797690641
buồn nhất là crush cũng chả có để mà thả 😞,1,0,0.08596979532603098
"tao sợ chó lắm .""",1,0,0.3937366944818243
"tuổi thơ tao gặp toàn trai bánh bều , mít ướt . toàn là tao galang , dỗ dành . ôi cái cuộc đời này per",1,0,0.13174921173226195
"ngày đẹp trời là ngày được nghỉ làm , đi những nơi mình thích , với người mình thương , ăn những món ăn ngon . xong về ôm nhau ngủ :)))",0,0,0.12790720035352302
"nhớ hồi euro 2012 rực sáng trong màu áo tuyển ý , ghi mấy bàn mà bàn nào cũng thấy phê .",0,0,0.041186660266827824
chồng tương lai lại nuôi vợ thằng khác,1,0,0.09085105781628705
"thương các con quá , lũ khốn nạn vì lợi trước mắt ma tội cho bọn trẻ , bọn này cho chết het",1,0,0.13490232810023828
t thấy tội nghiệp thằng cải,0,0,0.03783164944093276
hồi bé bị ngỗng dí hoài =)) sợ vãi,1,0,0.06936708564534726
má chắc gặp tao chạy mất giày,1,0,0.15197073700257976
"bữa tao coi cái video này nhưng nó ghép nhạc bựa vãi ... mỗi lần mỗi anh té là first blood , double kill ,... các kiểu =))))",0,0,0.039786843734073346
bạn gái nào xinh xinh mà bị lạc thì vào nhà mình cho ngủ nhờ này . ??,0,0,0.1831873425373494
đúng là càng ngày càng chán . cứ theo luật mà làm thì chán cực kỳ luôn,1,0,0.37906786711261
cái cuối phê vãi,0,0,0.049003579406700234
ê tao đi nhật chưa được 1 năm mà xem video này làm tao loạn ngôn ngữ ghê . thỉnh thoảng phải dừng video ngẫm câu nó nói nghĩa gì,1,0,0.20134272854335603
per kinh dị thấy mệ luôn nè,1,0,0.24113915849765877
làm chó khổ lắm chứ bộ :((,1,0,0.4330203959563498
bức ảnh này lại làm mình bị ám ảnh . haz,1,0,0.3929842967529774
dân chơi nhìn cái biết ngay 🤣🤣,0,0,0.03701724768697038
đáng yêuc quá,0,0,0.047814649417895615
tiếng guitar thật tuyệt,0,0,0.037135439549234525
mỗi lần tao ăn đu đủ bằng thìa thì bố tao lại chửi tao . bố tao bảo loại mày ăn đu đủ không cần thìa đâu .,1,0,0.2770498185776159
mệt như chó :3 nhưng mà hoan hỉ đầu năm đi xin lộc :v,0,1,0.5403630041634485
đáng yêu quá . phải thằng trai nhà tao thì nó sẽ nhẩy vào tính ôm luôn cái máy ấy về =)),0,0,0.03303209951467286
đau nếu còn nghĩ về nhau thì hãy quay về bên nhau :)),1,0,0.033649748636045015
một hành động đẹp đầy tính nhân văn ☺️☺️,0,0,0.033020577183911076
"hôm bữa đi ngang qua , thấy hết con mẹ nó hồn",1,0,0.1294661827287823
nhìn một cái rồi quay đi là thấy mãn nguyện rồi .,0,0,0.03788595214252184
ôi hạnh phúc quá 😄😄😄,0,0,0.04229568873052578
biết ngay anh per lại mượn đầm của vợ :)))),0,0,0.03282651790310649
sợ vãi,1,0,0.11009797786125392
tao ho rụng hết tóc rồi 😭,1,0,0.09258528258306785
dù có sống được mấy đời thì cũng nợ mẹ cha trọn cả mấy đời .,1,0,0.15833199961981298
đây là một câu chuyện buồn 🙁,1,0,0.12652724232337312
má ơi đây chính là thứ ám ảnh nhất cuộc đời con . kẻ thù 😢😢😢,1,0,0.30064888083645236
per bị chữi thì ráng nghe mà vui đi nghe . cứ như nghe hát miễn phí 🤣🤣 còn bị chữi là còn hạnh phúc . nguoi ngoài ngọt ngào nhưng chắc gì đã thật lòng đâu,0,0,0.1308833535177503
tao tưởng tượng sau này sẽ có 1 thằng bồ vừa điên vừa ngáo giống tao .. chắc vui hết sảy 🤣,0,0,0.10272880187894017
sợ quá đi,1,0,0.12971461429376052
cay và đắng nghe mấy ông lớn tuổi toàn kêu thế thôi,0,0,0.053115523004641056
thấy dòng này quen quen . thấy đọc bình luận của ai á . haha . buồn cười 🤣 🤣 🤣,0,0,0.0721326517494899
và đương nhiên sẽ có ngày cô ấy sốc vì giới tính thật của cô ấy !!!,1,0,0.09053679268543893
là nhân duyên trời ban cớ sao chẳng thành đôi :(,1,0,0.21488646361553929
tau đã được bà nội vá quần 🙂🙂🙂,0,0,0.09451490182165492
page bị hack rồi . video hay nhất mình từg xem,0,0,0.03170582207157478
""" tụi mình tuy không yêu nhau hai lần , nhưng nếu có cơ hội ... anh chắc chắn vẫn tặng em đoá hồng đẹp nhất """,0,0,0.04763421763774637
chỉ khổ các con thôi !! sao người ta lại có thể mất nhân tính như vậy,1,0,0.11585944077815337
crush của tao cười hơi bị xinh :3 xinh + cười = đỗ mãi • 3 •,0,0,0.1937824717795841
dễ thương quá à ????????,0,0,0.02854543668823829
chuẩn kkk 😁,0,0,0.06708179251633045
ukm . nguy hiểm thật :'<,1,0,0.053389952417276336
"đi chơi gặp 3 con mất dậy này vừa bị dí vừa bị cạp đít đau không chịu được sau phải nhảy lên cây để trốn , giờ gặp là sợ 😭😭",1,1,0.7011937688529819
per mày cứ kén chọn đi chúng nó yêuc nhaooo hết rồi kia kìa ahuhu .. không tin vào mấy thằng ông nội cơ bắpppp nữaaa,1,0,0.09939557822494355
câu chuyện lấy đi nước mắt của tao,1,0,0.14605222748477384
"thằng bạn ngồi kế bên lớp 2 nhà bán vàng mà nó học dốt , thế là làm bình thường về nhà cho nó , 1 bài 2k , mồi ngày kiếm 8 - 10k 🤑",0,0,0.08102786116608657
sự thật thì cố suy nghĩ vui vẻ hạnh phúc mà trong túi không có tiền chỉ sợ đất cũng không có mà ăn,1,0,0.15535831076138115
nhưng tao đéo có crush,1,0,0.15762314921543868
tận cùng của nỗi đau :(,1,0,0.21786600556072375
cần tìm gấp bạn trai đáng yêuc như anh này trời đất ơi =)),0,0,0.03283939987790951
đố ai định nghĩa được tình yêu . có khó gì đâu một buổi chiều . kề dao vào cổ yêu không hả . gật đầu lia lịa thế là yêu 🤣🤣🤣🤣🤣🤣,0,0,0.06800064958871128
chẳng biết nói gì . xem video em cười suốt mà lòng tôi không thấy vui tẹo nào . thương em,1,0,0.4123753793450969
cẩn thận mày lại có cháu sớm 🤣,0,0,0.14215266227513235
cái dây ở ảnh đầu xinh vãi vậy,0,0,0.10212681175638649
"lúc nhỏ mẹ nấu cơm bằng bếp củi , ttao thì không biết gì thấy lửa tắt thì chụm vô : )) mẹ ra quánh cho trận vì nồi cơm khét nghẹt 😑",1,0,0.2717481139664913
"ngày xưa đi học gần trường có bày ngỗng , hôm nào nó cũng cà khía rượt tụi học sinh chạy sấp mặt luôn",1,0,0.14870966983652295
tao thầy mày cười hí hửng vại mà ?,0,0,0.3050484437205916
nhìn đáng yêu vãi :))),0,0,0.008876390520609477
buồn thế nhỉ . t mới mua con per chưa nổi 1 năm . thế này thì biết sống sao 😨😨,1,0,0.35396730891338024
đồng nghiệp của tôi thật tuyệt vời,0,0,0.008150867556467092
per luôn yêu đời và luôn yêu công việc em nhé,0,0,0.032655195668476876
"sợ nhất mấy đứa ảo tưởng sức mạnh , nhắn tin nhiều chút là auto mình thích nó",1,0,0.14433294714269393
mẹ đang buồn ỉa mà trên đường về gặp mớ gờ giảm tốc kia thì phọt bà ra quần 😨,1,0,0.19856205193717127
hay lắm . thằng anh giúp 2e thêm yêu lao động,0,0,0.03191252553580296
"cô ấy rất tốt , nhưng tôi biết thứ nào tốt đều không dành cho mình",1,0,0.21271992488637997
"nhổ tóc sâu cho bố , hình như được 500đ để mua kẹo dồi 😂",0,0,0.06723934824596403
rất vui mừng khi ông ấy rời việt nam an toàn tuyệt đối ....,0,0,0.0628800255909238
"vợ người ta chưa bao giờ làm tôi thất vọng , còn vợ tôi thì ..... đi hết 1 / 3 cuộc đời rồi vẫn chưa tìm thấy 😓",1,0,0.3697436200743073
tao thì sợ nhất lúc nó mới cắt tóc,1,0,0.1513275105452227
"sau 1 thời còm men dạo khắp muôn nơi , cháu đã lên được fan cứng rất rất cứng 😆😆",0,0,0.10578666164345227
thằng nào sửa xe này dễ đau tim mà chết lắm . :)). nhất là những thằng sợ rắn .,1,0,0.15953788386179568
ừ công nhận == không có tiền mua,1,0,0.06097941660908882
chỉ là không có ai để nhắn thì mới nhắn cho mình . công nhận nguy hiểm,1,0,0.13046857852034716
có tâm mới có tầm haha,0,0,0.13726467020764435
"ngày xưa nuôi mấy con mèo . đêm hôm nó cứ lựa lúc cửa mở là chạy đi chơi mất . những lần nó không về buồn thối ruột , tối cứ mở cửa để đợi tiếng meo meo 😥",1,0,0.29538042436720696
per ơ tao còn chưa kịp đến bắt tay mà :((,1,0,0.15243725875196376
"chống mắt mà xem này khi bồ nói anh muốn đi tập gym thì dẹp ngay và luôn , măc công nó yêu thằng khác mất quá per",1,0,0.08443973032339107
đúng chất dân miền tây hahaha,0,0,0.048105256940567616
sống với nhau đến cuối đời người ta cũng chỉ mong có vậy .,0,0,0.16078875620550828
đang trong lớp mà ứa nước mắt,1,0,0.344126483389687
nhìn quả mặt nó làm tao thoả mãn vãi,0,0,0.06985011481659233
"😔 tao không lấy chồng nữa , ở nhà nấu cơm cho mẹ , tao sợ lắm",1,0,0.2766087930197656
"chuẩn thế còn gì , phải có uy tín trong nghề mới thành công được",0,0,0.10340413499152841
per ngôn tình luôn ở quanh ta nhưng nó đéo đến với chúng ta 😏,1,0,0.06914938212806582
vận may s cứ xua đuổi mình hoài chứ có bao giờ tự tìm đến đâu ? đen thôi chứ đỏ quên điii nha . đời thường giết chết kẻ mộng mer như mình .,1,0,0.3709084931036534
"nguy hiểm lắm , ngồi nhà lướt facebook thôi mà không cẩn thận thì mất tim lúc nào không biết",1,0,0.26974233590416885
per tập gym đi mày có người yêu đấyyyy =))))),0,0,0.03467690693255058
rõ ràng vẫn là một người mà cắt tóc xong nhìn đáng yêu vãi :v,0,0,0.028187389498605084
tuổi lồn hù được bố m,1,0,0.11587983335118579
dume sởn gai ốc 😭,1,0,0.10152937842726903
giờ thì chả dám nhìn nữa hic :((,1,0,0.20258436430573218
"không phù hợp thổ nhưỡng , khí hậu . vậy mà vẫn tung hô , dải ngân để làm khổ dân . quả bóng trách nhiệm chẳng thuộc về ai cả . 😢😢",1,0,0.11330838356492767
khóc vãi 😭,1,0,0.22495005022020717
thề luôn con ngáo nó thích trêu mấy đứa sợ sợ như này =)),0,0,0.10853144010473868
bố mày đã sợ nhện rồi xem cái video này ... vãi đái :(((,1,0,0.15702131001335673
chỉ những người độc thân thôi,1,0,0.20126653349837925
giữ mãi lòng nhân ái các em nhé ! tấm lòng các em đẹp biết bao .,0,0,0.07779296355548004
hay quá,0,0,0.002049192708445344
không cẩn thận phát là ngậm bả như chơi,1,0,0.1122036276230682
"trải qua một cuộc bể dâu , rồi bể ong ???? lót dép hóng :v",0,0,0.09650917212449064
xem mà rơi nói chuyện mắt khi ăn luôn 😭😭😢,1,0,0.15821579842868772
má :))) đoạn đeo mặt nạ kinh dị vkl :)),1,0,0.13616840915464315
mỗi tao thấy hồi xưa còn đẹp hơn à :))) bây giờ nhìn như bóng long xuyên vậy,0,0,0.043036186716085806
hạnh phúc . mà hạnh phúc của đàn ông thì khó nói lắm . kaka,0,0,0.06495587731910034
hahah thú vị ghê hen,0,0,0.11307672014150046
yêu quá ! xinh quá ??????,0,0,0.020432827928950303
đọc chả hiểu gì :( mất gốc rồi :(,1,0,0.3003122853094913
bức ảnh xuất sắc ❤️,0,0,0.053084245483721315
"có tớ nhé , bạn không cô đơn đâu .",0,0,0.20466771860568966
dăm ba con nhện nghĩ tao sợ (((=,0,0,0.23513852276316022
có tiền sẽ thấy các vị gọi là thượng hạng còn không tiền sẽ chỉ thấy vị mặn của mồ hôi + nước mắt,1,0,0.07870719443413784
"ước gì boss không co chân lên , tao vẫn sẽ nghĩ là boss thật khí chất =)))",1,0,0.049051171362090834
per dạo này béo quá rùi :(,1,0,0.09666667677842779
"làm ca nào không quan trọng , quan trọng là có đồng bọn bảo yến nguyễn hạnh 🤣🤣🤣",0,0,0.041948782073206486
thật tình là rất xin lỗi anh ở trog video . hi vọng sẽ gặp đuợc anh để xin lỗi và tạ tội với anh . thật ra hộp quà trong video là của con lol per với người yêu nó tặng nhau dịp sinh nhật . híccc,1,0,0.06579151740304034
"sời , lừa làm sao được tao :))",0,0,0.07874673922062862
may quá tao không xài huawei kkk,0,0,0.11324760032204556
thôi thì đi xem avenger lần 3 để tránh nóng nốt chiều nay không mai mưa rồi hehee,0,0,0.16806962907643525
bác này nói hay,0,0,0.06076050966376388
đối với thế giới này bà lão chỉ là một ai đó . nhưng đối với ông lão đó bà lão là cả thế giới 😊,0,0,0.2702825629676052
pháp không còn khoảng thời gian bình yên nữa rồi,1,0,0.3033417404096108
"trời mẹ phim gì vậy thớt ơi , cười ná thở",0,0,0.09379185463873839
"tui thi ́ ch va ̉ i lă ́ mày ma ̀ ăn nhỉ ̀ u no ́ người lă ́ mày mọi người anh ̣ , bi ̣ lơ ̉ miê ̣ người",1,0,0.24103205803841138
dễ thương vậy chời,0,0,0.04325657945525008
bằng tuổi em các bạn đang ôn thi mà em phân vân không biết chọn trường nào :((,1,0,0.1572932324255478
"ngày xưa , ngoài thú vui chọc chó dí , còn chọc cho ngỗg rượt . cách giảm cân hịu quả nhất cho mấy đứa lười 😂. nhớ lại vui thật , đúg là thời sửu nhi .",0,0,0.0527209945739169
buồn hơn khi tôi còn là gái 🙄,1,0,0.2098178416194701
sau vụ 200k thì vụ 5tr này có nội dung hài hước y hịt :)))),0,0,0.021292181733946418
per không lẽ sau này kím bạn trai không tập gym 😖,1,0,0.10384821302584783
per làm gì quên được kkkkk,0,0,0.12685169595545545
tao của ngày này năm trước đang ước đừng lấy quỳ tím đem ra thử nghiệm . :(,1,0,0.08508461477489583
"giống hệt mình , nhưng bạn may mắn hơn vì bên này quyết trốn nợ tận cùng",1,0,0.23519568887657483
cái mặt hoang mang thấy thương 😆❤️,0,0,0.22926591304195296
"tháng 10 đến rồi , em đừng buồn nữa nhé ❤",0,0,0.19645349960357517
có đứa nào hồi bé không biết nấu còn tranh làm rồi quên không đổ nước như tao không :))),1,0,0.12163639061185924
trời má cute vãi lozzzz,0,0,0.11231692818141466
"quá bản lĩnh luôn , người đáng nể , tiếc là anh ấy sắp bị tử hình rồi",1,0,0.07404238062345818
ngày tao chia tay tao khóc quá trời luôn,1,0,0.16811077641415126
thật may em đã gặp được người tài xế tốt 🌸🌸,0,0,0.049571141550853966
per giống cái bữa mình viết ghê,0,0,0.1526735644164839
chưa có cơ hội nói cảm ơn và xin lỗi . vì chúng ta xứng đáng được bình yên,1,0,0.04882470622046793
các bạn đã xuất sắc hoàn thành nhiệm vụ,0,0,0.017886415641107455
định share mà đọc bình luận tắt con mẹ nó cảm xúc :(((((,1,0,0.14056641015508609
per kinh nghiệm nha,0,0,0.05122042913092554
chàng trai vàng trong làng bấm biển =))),0,0,0.11629916040928599
chuyện buồn quá chúng mày à . tao không dám đọc sợ làm quyết tâm có người yêu của tao lung lay 🙄,1,0,0.12078603645451655
giống chó này hình như không có lông ạ ?? chó nhà em lông rụng đầy nhà .. huhu,1,0,0.11671258711599866
chời ơi mới chụp răng 2 bữa trước về không ngủ được tới nay luôn,1,0,0.062274561268922
trời ơi cái đoạn này em khóc tu tu luôn 😪.. trong khoảnh khắc rời xa một ai đó mãi mãi cơn đau thấu ngực trái huhu,1,0,0.24739637180517368
sao giốg với mình v . nhưg mình từ bỏ rồi người ta hình như cũng có người khác . từ đầu là do mình ảo tưởg thôi giờ thì tỉnh đi cô gái ạ,1,0,0.2695383832195875
tư duy của họ hơn hẳn 1 cái đầu 👍,0,0,0.06432322270764443
rất thuyết phục,0,0,0.03970148670100526
chỗ tao cũng có cây tình yêu < 3,0,0,0.06578091980729342
1 % kìa rồi ra cổng gọi thế nào :)),1,0,0.0928075561955567
hạnh phúc ghê,0,0,0.0379093197764011
ba ́ o giâ ̣ tao ti ́ tao la ̀ mày hoa ̉ người loa ̣ n ngươ ̀ i dân . haizzz,1,0,0.27749246457807236
đm main mới hay quá đi,0,0,0.030242835978258345
per kỉ niệm nhất là những ngày trốn học cùng nhau đi xem phim 😂😂😂,0,0,0.010141020980825016
nhìn cái bà này tôi chỉ muốn xoạc bà 1 cái . sao bà không là con trai nhỉ . ông trời quá là trêu người rồi,1,0,0.13452802245099835
sư tử chứ dễ thương q . q gì,1,0,0.13502679063789763
trai tài gái sắc .. danh ngôn rồi tài sản chứ tài gì !! 🤣🤣,0,0,0.0654928452012654
"chịu hay không không quan trọng , quan trọng là không có ai lấy",1,0,0.14236176235561207
điên khùng . nhưng hahahah . nhiều tiền quá mạ ơi,0,0,0.16302670544852774
"thiệt là cao minh , hahaaa",0,0,0.096236237662237
"đôi khi cũng muốn dỗi lắm , nhưng nghĩ lại đéo có người yêu mà dỗi",1,0,0.30922516486433865
trồi ôi mới đọc tưởng đâu người yêu,0,0,0.07418547129176295
em mình là con trai viết đẹp y chang thế này nhé,0,0,0.13195901757953318
"haha ,,, sao không kêu tao ..",0,0,0.07284320326093527
mặt tao như này ai mê cho nổiiiii,1,0,0.13751077771458448
"thứ yêu nghiệt , nhỏ g vẫn sợ nó nhất sau mấy con lắm chân t . t",1,0,0.08473687038016664
anh tây này đáng yêu chết được cứ tiếng tuy hoà phú yên ma học đi nhá ☺️☺️,0,0,0.11310334834765452
per sao bố lại đủ bình tĩnh để xem hết cái trailer này nhỉ . _ . sợ vãi,1,0,0.049208199014916326
"xem đi xem lại không chán , best của best 😭",0,0,0.08713714458730597
"cả đống người trên đường , mà nó chỉ dí mình tao 😭. t đã làm nên tội gì 😭😭",1,0,0.2551107379957138
chàng trai mạnh mẽ !,0,0,0.062071496858659155
tìm đối tác 😔,0,0,0.09733639947993937
thấy cưng gì đâu,0,0,0.09927113336953179
ngôn tình từ anh mà ra,0,0,0.06051675855483006
tao được thấy nói chuyện mắt của bố tao khi tao bệnh và khi tao lấy chồng,1,0,0.17995917074458476
không biết thật mà hix .,1,0,0.13744371237414135
per =)))))))))))) tao cười không biết chỗ nín lun,0,0,0.10625441504078524
cứu tao :(( tao sợ rắn,1,0,0.3157096832951337
bộ cuối nhìn đau lòng thật :(,1,0,0.07671263669890932
còn mình nhìn như thằng ngu,1,0,0.10120404461477708
thương chỉ sợ em không cho anh cơ hội thôi,1,0,0.15631537284409253
per má có điểm cho sướng vãi,0,0,0.09320746454520963
ôi không đừng vậy mà :((,1,0,0.07548387038367925
phim hay vãi ấy xem lâu lắm rồi,0,0,0.0570906689704591
chỉ cần 1 cây hoa . nói lên tất cả .. hi,0,0,0.38949195736724046
điều hối tiếc nhất cấp 3 là chưa kí lên áo của nhau 😢,1,0,0.028427640575694697
"ôi zồi ôi , nhìn cái mặt của ẻm kìa , yêu ghê :))",0,0,0.025477841284358503
chào tháng 10 !! tháng sanh thần của tôi .. hi vọng mọi chuyện tốt đẹp,0,0,0.23023359147590586
bây giờ tao lấy chồng rồi còn không có cơ hội ngủ với em gái 😫,1,0,0.33552169648782454
đáng yêuc quad 🤤🤤🤤,0,0,0.07183252460770473
có đứa nào đéo giật mình như tao không :))),0,0,0.1344213406732499
môn này đéo dành cho những người chân ngắn như tao :) bay qua chắc lọt mẹ xuống sông ^^,1,0,0.06055415934646434
góp vui cho chủ thớt 😂😂,0,0,0.03542944438809969
trông mặt buồn chưa kìa per :(,1,0,0.14986883710891302
30s mặc niệm bắt đầu ...,1,0,0.05881276673085115
"mà sếp cũng duyệt , cũng in rồi haha",0,0,0.10814281622402201
đm ngồi chờ đã rồi các tổng đài viên đều bận 😭😭😭,1,0,0.11799417688486465
con gái chả thế :)))) con trai đi dume mày có nhận hàng không,0,0,0.09327116196286839
ánh mắt thằng con muốn nói : cứu cháu hình như ba sắp ném con ùi,1,0,0.4243795181840705
"không được uống đã đành , ngồi dọn sấp mặt luôn , như con cáo và chùm nho xanh per",1,0,0.16577697539543912
"kỳ nghỉ hè muộn của anh mà , xõa hết đi anh .",0,0,0.024277102098238773
per chơi với con trai riết nên giờ đéo có người yêu nổi vì tính tình không khác gì con trai,1,0,0.09751198927700247
chán mấy ông thanh niên .,1,0,0.04611152863327072
má đáng yêuc quá dạyyyy ??,0,0,0.06141444432396258
phim này mới ra được có tập 1 thôi . hay phết,0,0,0.02899810484349081
mẹ đi ngầu chết mẹ đi được chứ kì quặc gì =)))),0,0,0.20478973570317283
"per mày nhìn thành long hồi này có thấy giống mặt anh chung nhung hồi xưa không :))))). thề luôn , tao thấy giống vãi 🤣",0,0,0.023098450506688472
t đã thử rồi mà dume vẫn la :)))),1,0,0.0433280664008255
thạ timmmmm đùa tao yêu mặt nó lúc ôm đầu vlllll xinh quá con ưiiiiiiii,0,0,0.1266533088291321
dự định tao là 28 nhưng giờ mà có bồ là bắt cưới luôn chớ sợ ế haha,0,0,0.0898717894464083
"chủ động nói chuyện , nhắn tin khi có time . nhưng đời không như mơ",1,0,0.20879025563293782
tuổi thơ của tôi =)),0,0,0.15258030459459687
"cũng tùy , đôi khi không cần vật chất mà chỉ cần động viên , san sẽ những khi con mình vấp ngã hay khó khăn trong cuộc sống thì ...",1,0,0.12529164106118432
khoảnh khắc tao nhận ra tao đã từng rơi vào hoàn cảnh bế tắc này 😌😌,1,0,0.2639214615991281
"per chị mày đánh lộn từ đầu làng đến cuối xóm thì cần chi bọn con trai , nhưng nhìn bọn nó dễ thương hén",0,0,0.15841155371992896
"crush một ai đó là điều không bao giờ có rồi , vì mình vừa béo , vừa xấu gái , vừa vv and vv . auto nhục 😞😞😞",1,0,0.16395678858304163
"chúng mày nhìn , tao nuốt cũng không xuống nổi , ông địa",1,0,0.12149438752022002
và rồi cô ấy sẽ mãi mãi không có người yêu =((,1,0,0.08395878659078812
"đau lòng vãi . cứ tưởng là đùa . ai ngờ , bồ nhau thiệt . ơ . tớ có sừng không",1,0,0.21085415767458726
nhiều khi nghĩ mình không phải con gái mà là 1 thằng đàn ông chính hiệu kkkk ....,0,0,0.21360813889742683
vẫn ế bền vững,1,0,0.03468631828178114
sao mình lại không xem được vậy admin 😭,1,0,0.1031320513581256
"khóc không chịu được luôn , và mình cũng sẽ làm được nếu phải đánh đổi tính mạng cho 2 cô con gái bé nhỏ của gia đình mình",1,0,0.30005064435420414
ảnh đẹp quá 😍,0,0,0.05286847705322491
ui còn chưa kịp đi xem đã rút rồi :((,1,0,0.16861977191069852
per bếp lò xo huyền thoại của ngoại hay nấu nè,0,0,0.028467279397911473
cả 2 kẻ này đều đáng sợ !,1,0,0.16371879745081322
muốn tạo ra niềm tin đôi khi bạn cần sự dối trá 😉,0,0,0.268715620851269
xài vietcombank sinh nhật cũng không được chúc luôn :((,1,0,0.06826472652259262
buồn cho số phận 😢,1,0,0.09331072587416671
"lâu rồi mới thấy trailer chất như lày , so excited",0,0,0.12001882048843723
quả mắt nhìn sợ vãi,1,0,0.035752108747204095
quê vải mà chưa được ăn quả nào . huhu,1,0,0.05276806948564043
chẳng bằng bố tao 13 năm tự nhiên hỏi bố biết tên con là gì không thì chần chừ một lúc rồi phun ra tên chị tao,1,1,0.5771037068541666
vì chúng ta không nên nói chuyện với nhau nữa,1,0,0.04020597605086728
"sợ vãi , mém xỉu",1,0,0.09244400606488108
"tự nhiên thấy tụi con gái khóc tu tu , thế là mình lủi ra ghế đá trước lớp ngồi . tự nhiên cô dạy văn cũng ra theo xong ôm mình khóc ,",1,0,0.41351984224727123
"bị ngỗng mổ sợ vãi_chưởng , hồi bé tao đã không sang nhà b tao cả tuần trời vì nhà nó mới nuôi ngỗng mà bình thường tao toàn ăn chùa cơm nhà nó thiếu điều làm con nuôi nhà nó nữa thôi :))) nhắc lại mới thấy sợ vãi",1,0,0.16827411703292136
mùa thu năm ấy cta đã gặp nhau ?,1,0,0.06893333641592439
thích :)))) đi làm vui hay không là có đồng nghiệp tốt đừng chơi xấu mình là được :)),0,0,0.011103222663358527
chỉ sợ lúc nó dí,1,0,0.2102139615555663
tao là thằng chưa bao giờ giận người yêu vì người yêu tao không bao giờ làm gì có lỗi hết,0,0,0.07901048472162825
ai sẽ cùng tôi mang nỗi đau này cơ chứ,1,1,0.6200527135346053
tao rất sợ mất đứa tỏ ra như thế,1,0,0.3141409392579454
rơi mất tim . nguy hiểm thiệt ^^,1,0,0.1219746125628509
phim này xem rồi ý nghĩa vài,0,0,0.06345856593010961
chắc học từ bỏ quá,1,0,0.14734914196958934
t đu ́ theo thôi :v tao biê ́ tao thư ̀ anh no ́ la ̀ shipper,0,0,0.1116276989167106
bởi vì gặp nhau sai thời điểm nên tôi mất người mãi mãi ...,1,0,0.2447029550706301
cưng ghê ❤️,0,0,0.08936690589241339
mới đi nhổ răng số 8 và chụp 😞,1,0,0.05707924987748479
chưa được đi pháp mà huhu,1,0,0.06325110541047037
"t không tiếc mấy ly trà sữa , chỉ thấy tội cho mấy cô lao công dọn dẹp mà thôi 😔",1,0,0.09689052724490378
qua chạy xe nẹt nẹt bốc đầu bố ai dám dô,1,0,0.2840516892526378
thế chân ngắn như tao thì phải làm sao với cái cầu,1,0,0.23624345302325034
đó là khi tao muốn cắn ai đó điên cuồng :),0,0,0.22039669737690817
"ước gì mày được quay về tuổi thơ , trước mày cũng có 1 b trai như vậy đó",1,0,0.21114467052366306
chuẩn luôn :3 độc vô tình bắt gặp thôi cơ mà giờ tao bị ăn bơ rồi 😭,1,0,0.22900748718657643
hình như sau boss bị chết ạ,1,1,0.5897556923107813
per thế mà cháu tôi không biết chơi 😭😭,1,0,0.23652957527984608
mẹ nó chứ xem xong mình khóc hết cả nước mắt,1,0,0.34475983674725647
chả mong gì nhiều chỉ mong về già được như hai ông bà ! 😊😊😊,0,0,0.21424924011722807
dăm ba cái trò nấu cơm này sao làm khó tao .,0,0,0.10809980543066904
"công ăn việc làm còn chưa ổn định , bố mẹ già còn chưa lo được thì kết hôn để làm gì 😪",1,0,0.2771249378113673
sợ vãi nồi tao còn tg thằng kia bay ra cơ :)))),1,0,0.06281972676214803
khổ nhất người có bầu,1,0,0.08597777254541467
thế thì nó lại tốt quá,0,0,0.049994257667926055
với mình đoạn mấy thằng đỡ đẻ là hay nhất,0,0,0.03286900531525191
mày xinh ghê vậy :d,0,0,0.10799203229918544
lâu lắm rồi mới nghe lại bài này 😀,0,0,0.10255302249670663
bình thương tao hay cười lắm . nhưng khi tức tên ... tao lại khóc . quá yếu đuối,1,0,0.426981953003462
hmm hãy tưởng tượng nó là một chú gián xink xắm xoè cánh thiên thần bay đến ... 😞,0,0,0.17558372402002842
em chân thành nên em tổn thương,1,0,0.3475310425410495
ngày xưa hồi còn học mẫu giáo mỗi lần đi qua là nó rượt tao chạy té khói dume còn thiếu nước chạy lại quỳ xuống van xin nó nữa thôi . đến giờ nó vẫn là nỗi ám ảnh với tao :)),1,0,0.16017981309463228
ko 1 từ nào để diễn tả bộ phim này ...,0,0,0.06775666087622322
"per đó là lý do tại sao em luôn nói với anh , có gì cũng phải nói ra",1,0,0.21182220553887238
xem video nay sao mà sướng hết thằng người,0,0,0.02443988367994779
coi ảnh này nổi cả gai ốc,1,0,0.1957017814565965
cưng chết,0,1,0.5524251349475617
thề dume c còn hết hồn nói chi đến khách =)))) sáng sớm ra mở cửa với tối đóng cửa thôi độ gan dạ cũng phải tăng lên mấy chân kính =)))),1,0,0.06331850293230705
"per trừ điểm , trừ điểm",1,0,0.14741166808195974
"chị ấy cười với tao kìa chúng mày , hạnh phúc ghê 😊",0,0,0.09774839567991588
lại đến giờ giải trí rồi mềnh ơiiii per =))))),0,0,0.0456271793333622
nhìn thôi đã đau lòng,1,0,0.14864923539344532
per có sub rồi nè . má coi đi coi lại vẫn mắc cười . với đưa anh stk đi,0,0,0.1090791340386616
câu được chục con heo vàng chả được cái gì,1,0,0.14385784860172118
thú vị vậy =)),0,0,0.042393686822003465
ngày xưa đi học đạp xe qua cứ tưởng được quay phim đưa lên truyền hình :)),0,0,0.030674778527871885
bằng tuổi người ta mình vẫn còn mải nghĩ chiều nay ăn gì 😢,1,0,0.09380181144608059
các bạn nữ đập đầu vào tường chết hết rồi,1,0,0.30318809842037264
cặp này lầy mà dễ thương,0,0,0.06569359188902282
nhìn hói mà thấy thương gê ??,1,0,0.035512115482961584
móng tay và tóc theo thời gian thì mọc càng dài tại sao chỉ có con chim là nó không mọc dài hơn nữa ta,1,0,0.18310279925361053
cao quá cũng khổ chứ sung sướng đéo gì 😓,1,0,0.18338022154525122
per một thời nè 😃,0,0,0.13925625766061234
tôi ở phú yên và anh này nói rất chuẩn < 3,0,0,0.05283463573584058
có đứa nào vừa coi vừa nuốt nước miếng như tao không ?,0,0,0.315343862740078
đó là 1 câu chuyện buồn,1,0,0.11571998856224514
nó mà cắn ai 1 phát thì ... nghĩ thôi đã rùng mình,1,0,0.29221613557722176
không phải thích của cải mà là thích ý chí của họ . đàn ông có chí tiến thủ bao giờ cũng quyến rũ,0,0,0.07314865569410918
"có tài nhưng đôi lúc muốn làm diễn viên hài 🤣🤣🤣, khoái thanh niên này buồn cười vkl",0,0,0.11664223228377887
siêu phẩm để đời .,0,0,0.03627190509516832
đựng túi nilon là chất rồi 🤣,0,0,0.10561970213906946
😭😭😭😭😭😭,1,0,0.19905814633919164
đúng . biết là sự thật tàn nhẫn nhưng vẫn muốn biết rõ cho nhẹ lòng hơn :(,1,0,0.2833806698062521
"nhỏ thấy qua 1 lần , nó bị cột ngay trước cửa nhà người ta ở trong hẻm , mỗi lần đi ngang qua là nó lại định lao tới cà khịa",1,0,0.11384806218005919
per thần thái còn phải thua haha,0,0,0.2535951311412045
per dã man,1,0,0.09541218013372971
"ở nói chuyện ngoài hộ không khì thị về giới tính , họ cho được kết hôn . chứ họ không kì thị như ở việt nam mình hai người kia họ thật dũng cảm khi sống thật với giới tính của mình",0,0,0.4176420272528175
tao đang chờ xem bà ấy được nghe nhạc ý mà hết video 🤣,0,0,0.024767842713935864
"1 bộ phim phải nói trên cả tuyệt vời , xem đi xem lại cả chục lần rồi mà không ngán",0,0,0.04252098951072591
tận cùng của tan vỡ,1,0,0.12271297098421353
làm kiểu không cần bẻ phê hơn =))),0,0,0.041659347157449296
còn gì đau đớn hơn cảnh này :(((,1,0,0.1219133602542192
tuổi thơ của tôi cũng từng có 1 người c . trai bỏ mặc tất cả để bảo vệ tôi 😘😘😘😘,0,0,0.35412069982316713
per ông xã xem khúc nó kéo xe chở con chó nè :)) đọc bình luận hài hước ghê,0,0,0.09699438797864678
đáng yêu như em tao ý . cứ mỗi lần nó quyết định ngủ ở đâu là nó lại đấu tranh tư tưởng 🤣🤣,0,0,0.16635897950336417
không có gì là tồn tại mãi nhỉ,1,0,0.3180468773709092
nhưng tôi đéo có bạn trai thì phải làm sao ?,1,0,0.37135766219558763
giờ mới biết =)),0,0,0.082754415894974
cần gì những thứ xa hoa lộng lẫy đâu . dù chỉ 1 bông hoa nhưng đong đầy yêu thương nhắn tin đã cảm thấy đủ hạnh phúc rồi 😊😊😊,0,0,0.17853632416443208
hồi bé bị ghiền mùi này :)))),0,0,0.057637077182235395
may mà còn gỡ lại được 1 miếng sắt lớn của tàu hỏa nó bung ra nên bán đi cũng đỡ được vài đồng . kaka,0,0,0.06767299671034739
"đẹp quá mày , còn không cho tao xin ít",0,0,0.241380457266369
:))) 1 phần của bài quyền là phải gẫy gậy và té sấp mặt luôn để đỡ bị đối phương đâm lòi phèo,1,0,0.04082682959737119
chất lượng âm thanh bản này hình như nghe hay hơn bản gốc hồi mấy năm trước nhiều < 3,0,0,0.034353504384078255
hay lắm,0,0,0.12166863276974928
kết thúc 3 năm cấp 3 là khoảng tg đẹp nhất nhưng nó cho ta nhiều kỷ niệm đầy tiếc nuối 🤔,1,0,0.045869194893134235
cái này chỉ sướng mấy anh đèo mấy em ngực bự đi đường này nẩy tâng tâng,0,0,0.09752610663952876
ơ tao cũng học ông này hướng dẫn hay sao ấy :))))),0,0,0.023426537961500814
anh em để tao hưởng trước nào,0,0,0.10355020836106278
"giờ đây chúng ta , những con người của ngày ấy giờ không còn nữa ... những lời nói về mai sau nhưng ta đâu ngờ sau này chúng ta càng trở lên xa lạ",1,0,0.22405800747704846
lâu lắc chưa xem lại !!! 😳. một bộ phim vừa ý nghĩa vừa hài hước ! 👍,0,0,0.07383964638404804
e quê bg mà mùa vải còn không có vải mà ăn @@@,1,0,0.09414267654117896
"kéo bấc mòn cả tay , ma nghĩ lai thấy nhớ thời đó nhỉ 😂😂😂",0,0,0.0725266702299092
lấy vợ xong béo quá rồi . hình như ai cũng v à 🙃,1,0,0.1855944209148364
đi học về thấy bán hoa đây đường mà cảm thấy tội cho bọn có gấu ... lại tốn tiền,1,0,0.07071538144655806
"mọa , mình nhà thanh hóa mà đéo biết gì luôn @@ :((((",1,0,0.11416694222901823
đám tụi tao đi chơi xưa nay đều dọn sạch đồ mình kêu hoặc xếp lại gọn một chút cho người ta đỡ dọn .. cái này là sự ý thức thôi …,0,0,0.05372884553191809
xem không dưới 3 lần chia sẻ không dưới 2 lần nhưng mỗi lần nhìn thấy lại xem lại buồn,1,0,0.11731933416136098
per năm nay 2 đứa quyết định ngồi hay đứng kkk,0,0,0.09572600381576848
nắng cũng đã sắp tàn sao mà chả thấy em đâu ...,1,0,0.20310438987966545
bình tĩnh vãi_chưởng =)),0,0,0.028440766357915374
bà tao mất rồi :<,1,0,0.1572297517892416
"đuma tao đang ở đấy nè , vừa đi vừa ôm túi sợ cướp :((",1,0,0.3120923082349694
câu nói quá chuẩn và ý nghĩa 👍,0,0,0.08872960620139209
một bình luận của người trong cuộc . đọc xong thấy ấm lòng cho per !,0,0,0.11734653557728503
đã thử và rất thích thú 😆.,0,0,0.10960126168738996
tao tưởng nó té cái đùng chứ . làm ngồi chờ mãi mỏi cả mắt,1,0,0.33413344445230325
"mà hiệu quả bất ngờ quá , quá đỉnh .",0,0,0.03412713996739491
cuộc sống mà =)),0,0,0.1307348547326043
"nó gieo cho tao mầm hi vọng , hi vọng vừa chớm nở nó đạp xẹp lép sự hi vọng bằg sự lặng im",1,0,0.2925751680346352
đề nghị admin xóa bài đi ạ . chứ bố mẹ em sắp đi chợ về rồi ạ :(((,1,0,0.10573346518718106
mèo nhà tao cũng từng đi lạc vì bị chó rượt tưởng mất rồi . sau mấy tháng thấy nó trở về nhà mừng vãi 😁,0,0,0.3536277110227802
chắc phát khóc mất 😭,1,0,0.27571245532939165
chủ quán này xinh gái lắm nha !,0,0,0.07162775268785847
nghe bài này nhớ nyc vãi,1,0,0.012862346354354183
lúc rài không gặp được mặt cờ rút nữa 😪,1,0,0.19810849206714634
tao phải công nhận là nó giỏi vãi . từ đứa diễn đến đứa quay và edit video .. giỏi vãi 🤣,0,0,0.04323880238546546
cười đau bụng :))),0,0,0.11564217218395283
tê tê phê phê sung sướng vãi 😌,0,0,0.07647151212946858
tao có hiểu đéo gì đau,1,0,0.2745829247922566
rồi nhận ra chỉ mình là cảm thấy như thế thôi hả :(,1,0,0.250380975282118
thôi mình nói đùa đấy :(,1,0,0.15115695001967921
thiệt là dễ thương quá đi mất . 💕,0,0,0.08404778282102147
ghê quá đi,1,0,0.06002826776193542
"thương tra ̀ o nươ ́ c mă ́ tao ... cuô ́ i cu ̀ người thi ̀ ban la ̃ nh đa ̣ o bă ́ c ninh đa ̃ lên tiê ́ người giu ́ p đơ ̃ ca ́ c be ́, du ̀ qua ́ muô ̣ n @",1,0,0.17636435393468003
cha mẹ tao còn cãi lộn nhau vì không biết ngày sinh tháng sinh của tao là dương hay âm 😢😢,1,0,0.12928414234202404
per đã nhẫn nhịn lắm ... đến khi con sen tao cứu tao thì tao đách có sợ đâu nhaaaaaaaa 😂😂😂,0,0,0.3774300013365642
"có bao nhiêu đôi ngôn tình , cớ sao lìa xa mình ta :((",1,0,0.14594160209843812
dăm ba chuyện hẹn hò có gì hay ho 😌 nhưng mà thi thoảng có dăm ba cái chuyện này cũng hay 🙂 tóm lại xem để giải trí đỡ buồn cũng tốt 🙂,0,0,0.0633046783262612
lâu quá rồi mới nghe lại bài này . từ lúc ctay mối tình đầu :((,1,0,0.10363786039140431
bị bắt nạt im re hà hiền khô luôn thấy tội nghiệp ai dè tới chừng ...... ha ha ha,0,0,0.09696886970128774
dể thương quá ah,0,0,0.06182649002059008
chị em mình giờ nói ít thôi haha,0,0,0.23096423432196878
không biết nói sao ... nghiện chuẩn mẹ rồi ... crush ợ . mà nó nhẫn tâm lắm hồi trước còn hay call video . từ hôm tao cạo trọc y như là mất tích luôn . chắc phải để tóc mọc lại tao mới dám gọi . 🤭,0,0,0.12407428722718267
con dang yêuc qua ha,0,0,0.19823589795556357
pháp luật là bạn của nó rồi anh ah vì quen anh anh chị b trên quận ah nên em cũng sợ lắm ah :-(,1,0,0.04905670515601848
con lai xinh phết ??????,0,0,0.07500831804271424
muốn được đi một lần 😆😆😆,0,0,0.3752744317553881
đm tao biết trước cả sự việc kiểu lìn gì cũng có nhện nhảy lên màn hình . vì mấy năm trước cũng có 1 thể loại giống như vậy . đm hú nhồn,1,0,0.14162902755921566
t thích nhìn mắt của crush hơn là nhìn nó cười,0,0,0.04677444331302218
hihi : chúc mừng đại kỷ nguyên có lắm người yêu,0,0,0.02482329889151207
cần lắm những sẻ chia . cần lắm những thấu hiểu,1,0,0.30564136198300307
làm ở đâu không quan trọng . quan trọng là có chị em tốt để tạo nghiệp :)))),0,0,0.027622038420739656
hơn cả bộ phim kinh dị !,1,0,0.10229496199276021
ngồi nhìn nó ngủ cũng thấy dth vler đừng nói cười 😌,0,0,0.11535551238240153
"kết nhất cái điệu "" xời quá là điều bình thường luôn """,0,0,0.049556096940669446
hời ơi ... cưng xĩu,0,0,0.12078299975204741
"thích chị này nhất phim í , bé bé xinh xinh lại diễn rất đạt :3 . hy vọng mai sau sẽ có bước tiến lớn và thành công hơn nữa < 3",0,0,0.022646584004448227
nguy hiểm,1,0,0.06325766442594909
per giờ thằng gù nhà thờ chạy đi đâu đây :(,1,0,0.14909185594971625
haiz nuôi được nuôi không thì thôi chứ nuôi mà để v coi được haizz,1,0,0.19149892636037258
lương cũng sắp về rồi 😉,0,0,0.0839298322535591
mình đã về đến nhà an toàn hihi,0,0,0.25794566016275733
trồi ôi bài hát đỉnh caooooo,0,0,0.01869059473194288
per anh tặng vợ cái bát nha kaka,0,0,0.023755146999102503
boss mắc bệnh nghiện vợ 🤣🤣😭,0,0,0.07917954616469801
vì tao hay bị chúng nó chọc nên thấy buồn,1,0,0.05810067739391582
ko biết crush bây giờ có ở nhà không nữa 😭😭😭😭,1,0,0.33515981721214166
per đem rác về nhà vứt luôn haha,0,0,0.07100015932804973
xem xong tao đã khóc rất nhiều,1,0,0.2585588624304648
"nước mắt tự trào ra , thật sự rất cảm động 😢",1,0,0.28805323653953746
không hiểu sao đoạn này rất kích thích trái tim hủ nữa của tao =)))),0,0,0.111123942831961
nhìn cái muốn cong :d,0,0,0.10254413583914974
mới gọi điện thoại xong mới cười với tuii xong heheh anh đáng yêu vãi,0,0,0.05440996147263178
đi đường buổi đêm nhìn thấy hãi vãi ??,1,0,0.0458463630557688
"có ai lần đầu bắn kéo ngược ra phía trước đạn bay vào mặt giống tao không , đau điếng",1,0,0.3194564381339839
đôi khi có tiền cũng không đi được đâu vì đéo có ai đi cùng,1,0,0.34616780024868826
cưng quá,0,0,0.10279229446434007
khi cô đơn lòng em nhớ ai :((,1,0,0.3464225250119717
"cha quay phim cũng không phải dạng vừa , mẹ diễn viên thần thái vãi",0,0,0.04148482642498052
"1 câu mà người ta hay nói , đắng như vị đời 😌",1,0,0.06164199231874043
mẹ tao cũng thix em này 😅,0,0,0.21720513765507307
rất ghét phim ấn nhưng phải nói phim này hay 👍,0,0,0.05241213182185529
tôi trưởng thành vclll,0,0,0.15157960927702643
hy vọng sẽ mau tìm được anh người yêu thật tốt để 5 năm sau có một gia đình như vậy ❤️❤️,0,0,0.0616247839489216
thực ra chủ nó cũng bẩn vãi :) vầy quá kinh dị rồi :),1,0,0.1336434362787423
cuộc sống là cho đi ❤ đôi khi chỉ cần được thấy họ cười là bản thân thấy vui rồi ..,0,0,0.47686263527154654
cực kì bản lĩnh lẫn liều lĩnh,0,0,0.1853324781309901
tôi còn chẳng lấy ảnh lớp cho nữa,1,1,0.6836990504561359
nấu cơm như vậy xong đi lên nhà xem hoạt hình .. đến lúc hết phim xuống để xới cơm thì .... khét lẹt,1,0,0.07406464368007061
tớ có thấy con ngáo đấy nhưng không dám lại sờ huhu tt,1,0,0.31650852708078475
muốn share về mà sợ bị bạn nè phẫn nộ quá,1,0,0.22230283603898263
kiểu lâu lâu cũng không được nhắn tin cho ai như thế nên cũng muốn tình cảm xíu =)))) biết đâu,0,0,0.29584199266291394
tao tháy gái nguy hiểm vãi,1,0,0.060670352889221325
câu hỏi thú vị 😃😃😃,0,0,0.19366255098633695
đcm ác mộng,1,0,0.1574165512406995
xem phát khóc mẹ luôn 😭😭😭,1,0,0.1691754373760557
"per nhớ ngày xưa gần nhà mày có đàn ngỗng , tụi khốn nạn đó toàn đi dàn hàng ngang chắn hết đường hết lối , mỗi lần tao đạp xe qua là rượt tao gần chết :v ám ảnh vãi",1,0,0.3578499851735589
crush của tao đi làm rồi . hihee . sáng mai mới về cơ 🤣🤣,0,0,0.11278193195347978
dễ thương 😂,0,0,0.039136605627456564
khổ thân vãi :)) xong bà lườm luôn :)),1,0,0.04848767309797341
có con gái thật tuyệt ! 😍,0,0,0.04885516436942121
"nhạc buồn quá . bài này là bài "" chia tay trong chiều hoàng hôn nắng úa màu "" - justin bieber cho bạn nào chưa biết nhé . :'(",1,0,0.061715137583801045
mày giận lại tao hả tốt quá bố mày được đi chơi game rồi . tối về dỗ nó sau . chờ mãi câu giận của mày :)),0,0,0.14348089778351497
đag bị cuồng mấy video của chế này . ai có ngoài video này tag cho mình xem với nhé 😂😂,0,0,0.06672305998163403
nhìn dáng đi mà nhớ ông nội 😞,1,0,0.019548670459388396
per hihi nhớ không,0,0,0.05547489116372312
3 giờ sáng nằm xem xong khóc miên man 😢😢,1,0,0.26689460125494363
đm trí tuệ vãi,0,0,0.050089385895716085
"sau khi kết hôn , anh sẽ thuê người giết cô để hưởng trọn tiền bảo hiểm 😌",1,0,0.07558703172897127
"đó là lý do tại sao tao chẳng bao giờ đi hùa mấy bài bóc phốt , xem cho vui rồi lướt thôi :))",0,0,0.07532850234500181
t phải tìm bạn trai là nhiếp ảnh gia mới được 😆,0,0,0.1623905659656464
hình như anh nay đóng phim ngây ngô thì fải ... phim đó hay lắm các bạn nên xem,0,0,0.026014376571449817
cảm thấy bị tổn thương,1,1,0.7769249057810553
động lực của phan con gái,0,0,0.12731454730932795
anh ấy không thương tao,1,0,0.06848288520662908
ha ha ❤️ chất lắm,0,0,0.09807644746775329
yêu chết đi được .,0,0,0.27141877639584827
một cách bán hàng nta gọi là đẳng cấp,0,0,0.09152923263140719
cute vậyyyyy,0,0,0.07584099522951177
"bắt cóc như chơi đó mậy , be careful",1,0,0.13344226088711267
xem đi xem lại vẫn hay ;)))))),0,0,0.015061013281963898
không biết s chứ ngày lúc 17t tao đi phục vụ phòng karaoke ... mình tao 2 phòng chạy qua chạy lại mệt quá vì xỉn ... kkk . thế là tao nghỉ trong ngày đầu vào phục vụ karaoke .🤣🤣🤣,0,0,0.3564864488563982
nghe quả tên nó đã khét vãi rồi . :))),0,0,0.051393081955042955
cho nó cắn phát xem có thành spider man không 😂,0,0,0.06401143480177839
nó ốm nhom thương ghê :(,1,0,0.08966823402708103
trẻ trâu việt nam thật đáng sợ,1,0,0.13263847628288206
per hóng phim này dụ dỗ mọi người xem tiếp nè anh :v,0,0,0.04357261375772804
cíu tao khỏi hai tên đồng nghiệp bị crazy huhu,1,0,0.1285464116055822
tuổi thơ mình lớp 4 đã cảm nắng 1 anh chàng từ 1 viên phấn vôi .,0,0,0.24472116503886632
"per chưa bị rượt mà đọc bình luận thấy sợ quá , chắc tao sợ chó không là gì với con này :)",1,0,0.14007103976999344
người ta có bạn bè nhìn vui thật,1,0,0.02211779929215494
"đã dùng , nhớ quá ngày xưa",0,0,0.06858542206711479
tiền mất tật mang . xe đã nát rồi giờ còn phải đền cách cửa cho tàu nửa,1,0,0.22718726168143472
người gì đâu mà đẹp trai hết sức !,0,0,0.09749857048325872
"haa ... haa ... ! đúng là có thay đổi lớn ! ngồi nhâm nhi ly cafe , phì phèo điếu thuốc nhìn thiên hạ cũng vui kkk ... !",0,0,0.08671022238402429
"tao toàn thế giận tao tao dỗi lại , lại phải dỗ tao . hahahaha",0,0,0.16185830155809725
lại công cốc rồi . cả thế giới kì vọng,1,1,0.5969048697557385
ước gì tôi cũng được kiên trì như anh ấy để dạy con gào mất nết nhà tôi 😪,1,0,0.16719227227753522
lạy ông nào nghĩ ra kịch này !!!,0,0,0.13515699443566126
đứng trước mặt nó tụt quần ra auto hết giận,0,0,0.1855682678193847
công nhận 😌😌😌 đồng nghiệp hạp hạp tí có khi ngồi buôn cả ngày bám hơn cả bám người yêu . đi làm hôm nào cảm thấy hôm đó ý nghĩa vãi,0,0,0.09163171320875993
chủ thớt sấp mặt rồi,1,0,0.08955001475321095
ngày ấy cũng từng như vậy ☺️,0,0,0.16264963310386202
quan trọng là đỉnh ^.,0,0,0.04641054843248389
"mình chưa từng thấy phim nào ý nghĩa như phim này cả , nó dạy cho ta về nhiều mặt trong cuộc sống , khi vui , khi buồn",0,0,0.19150088265870527
tính ra con bé đó chuyên nghiệp ấy chứ,0,0,0.04654975155557398
những người thả phẫn nộ xứng đáng là thiên thần . dăm ba cái yêu đương vớ vẩn . ahuhuhu,1,0,0.03695851023132134
"per anh nào nhắn vậy là tao yêuc luôn đéo suy nghĩ , ngọt vãi",0,0,0.09761131349803892
đm cười ĩa,0,0,0.42718554017600074
nhớ tới mối tình đơn phương !,1,0,0.056332256545398814
mỗi lần có video của con là cứ coi đi coi lại hoài . cưng con quá .,0,0,0.1358888565706247
là do bản thân tao ngu thôi,1,0,0.27467031451270296
per đã hiểu tại sao thằng bạn mình đam mê gym .. thì ra đây là nơi nó được sống thật với giới tính của mình ..🤣🤣🤣,0,0,0.31446616442883524
"3 idiots , bộ phim rất đáng xem",0,0,0.024326338312144372
"cái quá phơi lúa xong mưa , tao đang cười vì bà béo thì phải ngậm mồm .",0,0,0.15175515377393353
nhà tôi còn nè,0,0,0.34276383976941394
"mấy anh làm video đầu tư ghê , nội dung diễn xuất hay",0,0,0.007508512955786069
"kinh nghiệm được truyền lại là khi nào nấu xong bỏ tí "" tro "" vào lần sau không phải nấu 😊",0,0,0.11819192701721477
"đó là 1 câu chuyện buồn , tao không có bạn trai hix hix",1,0,0.11782470068477634
haha . dễ thương gê 😊😘😘,0,0,0.04809035541450706
"đúng vại , với ai nó cũng tỏ ra như thế . hihi 😂",0,0,0.2185401375861155
hạnh phúc phát khóc,0,0,0.10620350898318179
ông thần tài cũng không dám ăn luôn,1,0,0.20769962116063376
thương quá . géc nhất những người nuôi chó mà không chăm ... tội cho kiếp em nó gặp phải 1 người chủ như vầy . thân thương !,1,0,0.11269165745129293
"hồi nhỏ hay bị ngỗng rượt , vừa chạy vừa khóc la 🤣🤣",1,0,0.24935418617477884
1 câu chuyện buồn :)) khuôn mặt biểu cảm :((,1,0,0.1259896818682492
đúng là tốt quá lai thành lạm dụng 😶,1,0,0.12547246003208673
ngô ̀ i đo ̣ c bình luận chu ́ người no ́ tag người yêu va ̀ o ma ̀ sô ́ người mu ̃ i la ̣ i cay =)),1,0,0.05426691892372366
hôm qua tao cũng xem chục lần :))) bài đếch gì hay vãi :)))))),0,0,0.024952836650336728
cmt thế thôi chứ thật ra còn trả dám ấn vào video để xem . đời tao tởm nhất là lũ nhện mà hay gặp vãi :((((,1,0,0.08293522608174722
tưởng mai đi họp phụ huynh mới bị u ám . ai ngờ hôm nay mới biết điểm anh 9 . 5 thôi đã u ám rồi :),1,0,0.24071358077663446
cả tết được có 400k :(,1,0,0.118694626694561
xem xong thấy buồn quá,1,0,0.07515549136181694
mai đến phòng đi tập luôn,0,0,0.1869350731993377
per ông đó có đôi mắt đẹp ghê,0,0,0.06927577016868035
tao đéo ghê con rắn tao ghê mấy cái trồi lên kìa :))),1,0,0.10057039778953662
"mới đầu mày sẽ thấy vui , từ từ nó quậy cho mày ????",1,0,0.1876949902260693
tanh bành cuộc đời rồi,1,0,0.16479111749230432
cảm giác vừa uống cà phê vừa hát mỗi ngày bình an lắm,0,0,0.3442199057644056
dm . đồ dạo này lắm tạp chất hay s í nó đéo phê nhg mà vẫn bị ngáo,1,0,0.09950392143468773
đến giờ tao vẫn chưa biết biển là cái gì ad ạ .,1,0,0.1366291717275965
là đi phát tờ rơi ngay mấy ngã tư và cổng trường đại học ! được 200k về mua skin yasuo siêu phẩm 2016,0,0,0.047595965031022675
có ai xem xong không sợ với không giật mình như tao không @@,0,0,0.2508057356713512
nổii da gà hic,1,0,0.12339021817097877
bạn trai người khác không bao giờ làm tao thất vọng =))))),0,0,0.13866413939418995
cám ơn các anh,0,0,0.006478263488260654
tuyệt thật,0,0,0.04117995450440529
crush bị thịt hay không không quan trọng . t chỉ sợ vợ tao đang bị thg nào đó gạ địt thôi . nghĩ mà buồn,1,0,0.32132371669471416
per có nên áp dụng với anh hàng xóm không nhể 😆😆😆,0,0,0.18439762868287185
t chỉ sợ cảnh đấu kiếm :((,1,0,0.09115352112608374
bà của tôi đã không còn khi tôi còn chưa biết gg là gì,1,0,0.34302009784041887
"mỗi ngày đi làm về , tôi không vội vào thang ngay mà thường ngồi sảnh tầm 20p chỉ để ngắm gái xinh cùng tòa 😆.",0,0,0.19869914514503662
đau còn hơn tỏ tình bị từ chối per,1,0,0.3019976559320307
khổ thân em nó . ??,1,0,0.2662655021437788
nhìn đoạn ổng tránh nó cắn mà nhảy tưng tưng rất chi là điệu nghệ và mang trong đó cả sự tấu hài nữa 🤣🤣,0,0,0.15445743419066785
per cười tức bụng nà vợ 😄,0,0,0.22956028771763917
hôm nay thật tệ :((,1,0,0.1801440133265098
người ta đỗ giữa 2 cửa thế kia là rất ý thức rồi,0,0,0.07699584857015589
nhìn mặt con chó tội vãi,1,0,0.1349397316685952
đã khóc . cha mẹ là người luôn yêu thương minh nhất,1,0,0.0809078787788646
nó lại hợp lí vãi :v,0,0,0.05697808478316226
may nó không đâm cho lòi ruột,0,0,0.09020370529238539
và người đó đang ở nơi đâu về với em đi . đợi người rồi người sẽ đến chứ ?,1,0,0.21088875953270944
"tui ở tuy hòa , phú yên mà chả nhận ra luôn .",1,0,0.05628244393010523
con thương ông quá,1,0,0.13710024381285918
mặt ô kia khát nước nhìn buồn cườ thế 😂😂,0,0,0.16853067935478314
e vừa bị điện cao thế giật hôm 17 chạp . bh nhìn cái ông này mà sợ .,1,0,0.09561107560387402
hihi lâu lắm rùi mới thấy nó,0,0,0.1749494206886926
"phải chi có ai đối với tao như này ha . nghĩ lại , mình không bằng cả chó . aiyo ....",1,0,0.3856483828071698
"như đi hiến máu chẳng hạn :3 , suýt thì được gặp :(",1,0,0.3687750824143471
"thương các bác quá , vất vả 10 năm trời mà bị như vậy 😭",1,0,0.14014641286016943
cưng quá trời luôn,0,0,0.09143850307964366
mua con lợn 5 chục lì xì được có 40 nghìn mất thời gian tốn cả tiền bạc 😂,1,0,0.11680391850260663
đã từng xem em là tất cả . mỗi khi mỏi mệt về thấy em và con cười là anh hạnh phúc rồi,0,1,0.5757180983273856
đầu óc đến giờ vẫn còn nặng và đang né tránh mọi người .,1,0,0.39051436114570814
per bit cái nay không . hihi,0,0,0.08918301314176308
tội em vợ thế :(,1,0,0.21382843340176377
tôi từng được sống . nhưng đấy là truyện của năm ngoái rồi,1,0,0.23982415006684366
per không biết còn nhớ tên tao không nữa 😑,1,0,0.2811283423242058
"hồi lúc tao ăn lạp xưởng mắc xương , nói mà cũng đéo ai tin . tao hiểu cảm giác của mày lắm ?",0,1,0.5255545298533272
"cái đáng nói là chủ không có thương , dòm em husky này ốm nhom , mắt lờ đờ thấy tội lắm",1,0,0.1766257135920198
nhìn em mà thương roi nói chuyện mắt,1,0,0.15175493776631885
hu hu đã bị chụp,1,0,0.12211156068615364
:)) bật nhạc lên và quẩy thôi,0,0,0.023603069004731456
"chuẩn . tao mà chơi hoặc làm việc cùng bọn con gái tính công chúa một thời gian thì tao ngày nào cũng sờ troét , sau đó bị trầm cảm .",1,1,0.6241404218965876
aii may mắn thì có vị ngọt còn aii thiếu may mắn thì họ chỉ toàn gặp những vị cay vị đắng của đờii :)),1,0,0.1057254092597694
lúc đấy là mình mình cũng lắng liền rồi chắc trào nước mắt mất,1,0,0.37132136664323073
mới ho mà đã như thế nào thì lấy chồng chắc sống trong bệnh viện cả đời mất thôi,1,1,0.506388293567807
chạy ngay đi 😒 trước khi bọn chủ tịch vào đây và giả làm con cặc gì đó rồi bị coi thường và chúng mày phải nhận cái kết đấy !!,1,0,0.08753793069895396
tao dễ thương nhưng vẫn ế đây này mơ mộng ít thôi,1,0,0.2346895140140663
"ngày trước đi mua cái này cho chó của đứa bạn thân . mà 2 thằng thử xong phê quá quyết định mua mỗi đứa 1 cái , và chó 1 cái :))",0,0,0.032687939677884054
bản thân quá hạnh phúc khi trong cs này rất . rất nhiều người mơ ước được như mình hiện tại . 😊😊😊,0,0,0.2700608752036993
h chỉ pk nhìn họ bên người khác :((,1,0,0.10863298567907347
per =))))) hahaaaa,0,0,0.061726226237920234
đau lòng lắm khi tối nay chồng tương lai của tao lại cống hiến sức lực để chăm sóc vợ thằng khác ..,1,0,0.3870998942234522
per về xem anh :v đái ra quần chuẩn mẹ rồi,1,0,0.07057816254743378
mày không được ăn đồ chua nhưng phòng toàn xoài chua :(,1,0,0.3391586600631243
phim này rất hay . tình cảm nhẹ nhàng . toàn zai đẹp . hehe,0,0,0.023270991995452985
khi nhỏ còn bị nghiện mùi khói này nữa chớ . 😄,0,0,0.151801069812025
"vietcombank 1 tháng trừ hết 22k phí inter với mobile banking , dù tháng đó kau chả xài tới cái nào :((",1,0,0.18416841294865682
per =)))))) hít đi cho no chứ mắc công lại chửi tao không biết điều giở trò trước mặt cẩu fa như mày :),0,0,0.18683350263264464
dume cười muốn chết người ta ~~,0,1,0.7718946271825504
why ???? ai đã cướp boss 6 múi của tao vậy 😭😭😭😭,1,0,0.17020241892234797
"đã từng nhưng 10 năm về trước cơ , buồn ghê",1,0,0.2632973081093353
"giỏi mà 😁, đúng là thằng tây duy nhất ở vn học tiếng việt mà giọng tuy hoà ( giỏi )🤩",0,0,0.02976193196056089
"có hôm nó lo đọc cho mình nên không chép kịp bài , cô giáo bắt phạt đánh đòn cả hai đứa . năm sau bạn í chuyển trường mất , nhớ bạn quá !",1,0,0.057773092698761075
per đợi rụng răng rồi anh tặng quà cho em luôn háy . hhha,0,0,0.0338157178144828
tìm mọi lí do để có thể chạy xe ngang nhà nhìn nhà nó phát xong cười mãn nguyện đi về :)),0,0,0.07590556923407137
phận làm trai nào sung sướng gì 😂,1,0,0.1241019037431233
buồn cho 1 đất nước .,1,0,0.0803536521151225
"per 2 con hay cap màn hình nhất thế giới , nói chuyện với nhau toàn cười ỉ 🙄🙄🙄",0,0,0.12299452013921053
hy vọng mọi điều tốt đẹp sẽ tới,0,0,0.139427903878773
có ai xem đi xem lại như tao mà vẫn cười đéo nhặt được mồm không ạ :)),0,0,0.09593061219250446
cứ thấy nó là ăn không còn xác thì lấy gì chúng kịp phá . nhìn thèm ứ chịu được 😔😔😔,1,0,0.08527285698456027
nản kèo vãi,1,0,0.1158331171624605
vì yêu người khác nên biết là ngu nhưng vẫn làm :(,1,0,0.08665672906495757
nhỏ nhặt nhưng ý nghĩa và hạnh phúc 😊,0,0,0.07597378961248451
chúc trump chuyến bay thật may mắn nhớ tới thăm hà nội nhé xin chào,0,0,0.026149527253940777
chắc kiếp trước gieo nghiệp kiếp này phải gánh thôi,1,0,0.09360244260140708
"ôi mệt quá , một ngày buồn tẻ",1,0,0.49258103797062447
"thôi không níu giữ kí ức xa vời , và chẳng bao giờ thuộc về nơi em",1,0,0.13175978322134219
có cả chiêu của per trong đấu trường thú nè :))),0,0,0.05154182040569544
chẳng hiểu sao tao cười sặc sụa,0,1,0.5882817279058963
địt mẹ đời tao,1,0,0.20562686403258965
đúng là nhân tài luôn ở khắp mọi nơi kkkk,0,0,0.07030937020502692
có tiền chưa chắc đã ngọt nhưng nếu không có tiền chắc chắn là đắng .,1,0,0.060416200761453376
per có thằng bị tao bắn từ đó không thấy họa mi hót nữa luôn,0,0,0.15547509754921102
khuôn mặt đáng thương,1,0,0.107710304577407
kinh khủng thật :((,1,0,0.2525288919364315
mày lấy sỏi xếp thành tên dume khôn như tao này .,0,0,0.24622458208322504
tao thì muốn là đéo bao giờ . nhưng mẹ tao thì muốn ngay bây giờ 😢,1,1,0.5643565584190228
em vẫn nhớ cái bếp này kkk,0,0,0.051823040028234166
có ai không sợ nhưng giật mình như tao không :) dumehuhonchimen,0,0,0.2269035557228654
diễm quỳnh haha em không biết,0,0,0.10891174534705607
clm đêm rồi tha cho tao 🙂 tao đéo muốn chạy xuống dưới nhà hoặc là nhịn đến sáng mai đâu 🙂 con gì thì con kệ mẹ 🙂 đừng nhắc đến nhện 🙂,1,0,0.30115387113025316
"hí hí . tiến sĩ cừu , thạc sĩ cừu ... chẹp chẹp 😃",0,0,0.10023497865105686
chưa khi mô biết cảm giác đi nhởi trung thu với người yêu như răng,1,0,0.1150374962136375
khá quá nhể :))),0,0,0.03763012005463693
tình anh em thật đáng khâm phục 😍😍😍,0,0,0.037823005250021705
ngày trước mình qua singapore cũng vậy . dư hành lý 2 chi em mă ̣ c 4 bộ lên người kkk,0,0,0.12985279902005653
cứ sợ rớt điện thoại :)))) sợ nhất là lỡ khúc nào khó là té không thể tả nổi,1,0,0.07999035199306992
"ôiii vãi , dume nhìn thôi tao đã sợ rồi . từ nhện nhỏ đến nhện to không con nào là tao không sợ :((",1,0,0.19774588335296595
chủ như này lại chăm làm vãi =)),0,0,0.0614519531625282
per nhìn nó gớm những vẫn khoái coi . thú vui biến thái dễ sợ,0,0,0.08443971213871752
âu cũng là kiếp người . tại sao ông trời lại đày đoạ con người ta đến như vậy,1,0,0.16924604555118802
"per hồi học đại học , điện hỏi xin tiền bố , bố ra ngân hàng gửi tiền rồi điện em hỏi stk rồi hỏi "" tên mày là gì ??"" 😭😭",1,0,0.18458720585791472
"tao cưới rồi , cưới nữa cho vợ tao chém tao chết à",1,0,0.3153569378961352
gì mà ghê vậy 😑 sởn gai ốc,1,0,0.0730415746035701
moá . tao muốn chết quách cho rồi,1,1,0.5671338240321709
nói thật :)) tao chỉ buồn cười khi chúng nó chia tay thôi :)),0,0,0.08411879074378358
"những hành động đẹp , đáng được trân trọng , và sẽ được lan tỏa ở mọi nơi , thật tuyệt vời 😍",0,0,0.02642450972042818
nhìn mà nổi hết da gà,1,0,0.08119508164843894
:v tới đây đi anh chịu trách nhiệm cho :v,0,0,0.05489190913181596
chúc bạn thành công < 3,0,0,0.02555514836985697
"per lại nhớ chiều nay , buồn cười sấp mặt luôn . :v dù mệt nhưng ngày nào tan làm cũng muốn được đèo đưa đi ăn kem , ăn đồ chua , ăn miến trộn như hôm nay cerrrr :v",0,0,0.42661569366460106
"thấy bảo sang năm được tủi , nhưng mà năm nay vẫn chưa có người êu",1,0,0.1227993702130346
"khổ thân người dân , trước dự án cao su là dự án cà phê , làm thêm dự án nữa coi như một đời bỏ phí",1,0,0.17270301577364794
trong mv mà có tao đứng dưới mưa nữa thì buồn phải biết,1,0,0.30259078177113613
đố ai định nghĩa được tình yêu . có khó gì đâu một buổi chiều . nó chiếm hồn ta bằng nắng hạ . bằng mây nhè nhẹ gío hiu hiu 👏,0,0,0.06020232913691196
sợ nhất con quỷ này trên đời,1,0,0.14981871547455464
tự hào ngồi mâm dưới,0,0,0.20432817006996162
10 đứa bạn thì có 9 đứa là con trai rồi . sau nhiều năm kinh nghiệm thì chơi với nhiều trai thì sẽ bị ế muôn đời muôn kiếp . haizaaa ...,1,0,0.26629016794929566
"làm bác sĩ sướng thật , bảo cở là cởi , bảo cưới là cưới . lắc đầu cái là cả nhà khóc .",0,0,0.16368810143027632
đầu mùa chua chua ăn ngon vãi_chưởng . thích vải lắm luôn . trong khi nhà toàn nhãn .,0,0,0.25676439195255696
chị ấy được đào tạo qua lớp người nhện bắn tơ nên không biết sợ 😂😂😂,0,0,0.08750839653075043
xem mà cuối phim thấy tội chị ma nữ 😂,1,0,0.030293113674115985
😐😐 phê hơn lá chuối,0,0,0.05644657448865214
bên đây thấy yên bình hơn nhỉ,0,0,0.05747659769844069
cần lắm những nhà tuyển dụng như vầy :)))),0,0,0.11191675041951105
một giây rung động con tim :))))),0,0,0.05971398603051126
nhìn giống hai anh đang tỉnh tò với nhau ghê ( mình là hủ đừng ném đá nha 😅😅😅),0,0,0.045320576071468534
chúng ta thật hạnh phúc và luôn đi chung với nhau suốt chặn đường dài rồi đó nà ?,0,0,0.029344878458886697
mong bé sớm được mua lại,1,0,0.09450296913695336
sao lại bất công thế,1,0,0.17455885327131687
"một lúc nào đó chúng ta sẽ không nói chuyện nữa , lúc đó có lẽ em thật sự đã buông bỏ được rồi ...",1,0,0.3094131086702314
học xong 12 như hết thanh xuân có lẽ phải bỏ lỡ 1 người,1,0,0.06652668520114732
"cv không áp lực , môi trường xung quanh mới dễ tạo áp lực",1,0,0.33832684004873737
"ngày xưa có đĩa phim này . bố đi công tác về thấy cái đĩa tên là "" cô dâu 15 tuổi "" . má ăn chửi sấp mặt ...",1,0,0.16787613052809164
per bị chì chiết từ 6h sang đến 23h phia . vẫn sống vui 😊😉,0,0,0.17890796394573036
e thắc mắc là cố gắng 1 năm mà rủi ro khách hàng hay bên nhà sx dây không cảm động là ăn cám ạ 😌,1,0,0.11506761272931042
cưng xỉu ~~??,0,0,0.10475433676884958
chắc là uncrush thôi . bố mẹ thì còng lưng ra làm cho con đi học .,1,0,0.1422228493003728
và sếp tốt có thể giúp ta vui vẻ từ sáng thứ hai cho đến tối chủ nhật 😀,0,0,0.06135056427320682
hay lắm chàng trai trẻ,0,0,0.09434352604052211
"đang coi thấy nghi nghi , tắt vô xem bình luận , đoán ngay là sẽ giật mình , nên thôi không xem nữa haha , dễ gì bị dụ haha",0,0,0.2600101268212917
chưa bao giờ b đến đích là gì cả,1,0,0.12917989377055353
không cướp ở đâu đi cướp ngân hàng của nhà nước 🤣🤣🤣🤣,0,0,0.12862980596735393
nhiều lúc sợ bị pê đi,1,1,0.6029553700992847
dù thời tiết nóng bức ... nhưng ăn vải vẫn là ngon nhất,0,0,0.1438418024940983
bà tôi giờ mất mấy năm rồi giờ lớn lên rồi mà chả tặng được bà món quà nào cả 😭😭😭,1,0,0.31595293024905324
chỉ mong thương nhau đến đầu bạc răng long . vậy là đủ 👌,0,0,0.09558683271438176
éo biết sai hay đúng nhưng thanh niên này chất .. bản lĩnh bình tĩnh !!,0,0,0.030369507514118693
"fa lâu năm có biết 14 / 2 hay 15 / 2 là ngày gì đâu , chỉ biết là ngày đi làm về và rất mệt",1,0,0.37847514313635794
nụ cười của crush kích thích vãi :)))))),0,0,0.10927081763733687
tao cười tao ỉa =)))))) hâhhahhahahahaha,0,0,0.1232240200943033
cái cảm giác nhìn người thân mình khổ còn mình lại chẳng làm được gì giúp .,1,1,0.567062866935093
may mình đi làm rồi chứ 10 năm trước chắc sẽ phát khổ với bố mẹ vì mấy tin con nhà người ta như thế nào,0,0,0.3446150777196354
"moá nó , cười đau hết cả ruột",0,0,0.26351381530895707
tuyệt vời quá cần nhiều tấm lòng tốt hơn nua thật là ý nghĩa,0,0,0.02633777472517469
"tên của tao nghe rất bình thương , không có gì đặc sắc nên nhiều khi nghĩ cùng buồn tẹo .",1,0,0.24434262725805053
nhanh lẹ hiệu quả cao 😂😂,0,0,0.019201202516576733
được đấy tao thích,0,0,0.08808600335260564
"chúng ta những tháng ngày sau đó vẫn gặp nhau , vẫn nói chuyện nhưng không phải những cô cậu của hồi c3 nữa . chúng ta đều khác",1,0,0.04046454511913094
tao còn độc thân này :((,1,0,0.3075558308661252
"ám ảnh vãi :)) hồi bé tao với chị tao trên đường đi học về thấy có mấy con ngỗng , thấy hay ra nhìn thử dume xong nó dí tao với chị tao về gần nhà :)))",1,0,0.056994225121429584
"nhiều kỷ niệm đẹp , giờ nhìn mấy đứa nhóc đi học mà muốn quay về quá khứ .",1,0,0.03128527158883123
"chắc ông chồng hạnh phúc lắm khi sống chung với người vợ như vậy , những đứa con chắc cũng yêu mẹ họ lắm ! mà thặc ra là giống với mẹ tớ lắm kkk",0,0,0.18129090938506023
tao sẽ chỉ tự an ủi là đấy chỉ có trong phim truỵên ngôn tình :),1,0,0.12923897615215316
e lên mang câu chuyện này đi thi thách thức danh hài . rất duyên,0,0,0.06513518966329436
per :)))) buồn cười vãi,0,0,0.09233446958327131
"quá đơn rản , bạn thân yêu ơi ,",0,0,0.07389242701235028
"tiêu đề bộ phim cứ ngỡ là thể loại hài , nhưng nếu xem hết thì các bạn sẽ rút ra rất nhiều điều và cái hay trong phim này",0,0,0.04032530563651404
đù . ?????? sợ tụt lol,1,0,0.10357286690410493
trích mà như vầy rồi . sao dám coi phim đây 😢,1,0,0.11864419156780305
dù có nói thích mày thì cũng đừng có tin .. xã hội giờ nguy hiểm lắm,1,0,0.3117113103822732
khi bạn bất cần vãi đời ... làm việc xấu mà cảm thấy thanh thản vãi 😁,0,0,0.06703552886160244
tuyển ngay về làm nghiên cứu viên cao cấp cho các hãng khóa :d,0,0,0.03636449276507641
năm nay chạnh lòng quá . haizz,1,0,0.15162627271488066
bài mà từng nghe khi tổn thương lần đầu,1,0,0.35887070819517897
đang tập hát 😶😶 hay thật 😔😔,0,0,0.033935047935076866
"chồng biết không , hihi",0,0,0.16015786058489884
sẽ hấp dẫn hơn khi dưới sông có cá sấu :)) lót dép hóng,0,0,0.04718733572202754
người lớn tuổi nhiều lúc rất dễ thương 😊❤,0,0,0.0781382800756116
tao thề . nhìn bạn ấy xong tao muốn rụng mấy quả trứng luôn 😓,1,0,0.05490393904838079
tao cừi tao ỉa 🤣🤣🤣,0,0,0.12148793686343116
dù ra sao vẫn giữ nụ cười và sự tự tin,0,0,0.30141938320781514
cưng hết sức nà,0,0,0.23161088077454242
sợ đến lúc đó muốn lấy vợ phải sang nước khác nhập khẩu về quá,1,0,0.35302760161210606
"t nghe nói : đi tập gym sẽ có người yêu ...! awwww . điều đó không sai , điều đó là có thật 😂😂😂",0,0,0.0396441698474338
per trung thu chia tay gấu à ? bất hạnh nhỉ,1,0,0.05658412063706203
xem xong hết cái video mà cảm thấy buồn cho cái xã hội bây giờ,1,0,0.08838663901018896
em nó đây nha các bác . kkkkk :))))),0,0,0.02424084182285258
per mày phải thấy may mắn khi cuộc đời mày được gặp tao :))),0,0,0.18302829820076408
anh đánh mất thật rồi,1,0,0.21315521605803397
điện cho đứa bạn . đem mũ ra . coi ai hơn ai . kakaa .,0,0,0.06580455915059776
người yêu tao bỏ tao rồi :(,1,0,0.07525297714848693
boss có bộ đồ ngủ đĩ thõa ghê gớm 😅,0,0,0.06539260427832316
"má , mặt đúng ngáo luôn 😂",0,0,0.0969455488904471
móng của bố tao . hồi trước và bây giờ đã cắt vì lý do . sức khoẻ .,1,0,0.20204200121484117
hồi xưa anh hay bị chửi trẻ trâu này nọ ... giờ anh là tổng giám đốc rồi 😁😎,0,0,0.20828297758883216
trước em cũng hắt xì 1 cái lưng khụ xuống như ông già đau vãi,1,0,0.11780423575602973
hay ý nghĩa sâu sắc 🙂,0,0,0.05887750701435152
yêu quá nè nè,0,0,0.033543867595622064
vỉa hè to thế vẫn còn muốn ăn cả ồ hố nữa hả =)),0,0,0.14480775136792998
ngồi nhiều quá nhìn họ đau mắt,1,0,0.17573849515735998
t chỉ thấy tình yêu của tao nó tan vỡ thôi,1,0,0.056657856091770833
dễ thương quá !!!,0,0,0.04189124348476557
năm nào cũng phải ở nhà trông nhà :((,1,0,0.13349214153638528
nguy hiểm đến với bao nhiêu bất cứ lúc nào,1,0,0.30860630052077725
"có mà bữa chạy ngược chiều trên qlo 1a tại có hẻm nhỏ để quẹo tắt , chưa kịp quẹo bị 6 anh csgt + 1 xe bắt xe tấp vô chặn đầu xe , hoảng hồn cmnl .",1,0,0.2724018345912362
thương anh bạn kia quá .,0,0,0.0663307217423923
trông rợn vãi :)),1,0,0.05252191366698863
giọng lại còn ấm nữa chứ ♥️,0,0,0.11997267129589102
"ngày xưa toàn bị mẹ đánh bằng dây điện , vụt phát nào ứa máu phát đấy . giờ nghĩ lại tự nhiên lại thấy hay , vì ngày xưa mẹ nghiêm khắc như thế giờ mình mới ngoan 🙂",0,0,0.23401468258079017
chắc mình là thánh nguy hiểm,0,0,0.09545491605204937
nhớ lần nấu cơm thần thánh này không ? per chỉ là mải nghịch nước thôi mà …,0,0,0.12638477329998807
cảm ơn bố !,0,0,0.04552873821435918
nháy mắt cũng đáng yêu kkkk,0,0,0.09130969919024737
lãng mạn vãi_chưởng =)))))) 0,0,0,0.05237060456605027
vâng chú ah haha,0,0,0.07270002964466685
tôi cũng muốn được cảm thấy như vậy ??,1,0,0.43802603870980134
đáng yêu quá . chúc ông bà thật mạnh khỏe mãi hạnh phúc như vậy 😍,0,0,0.007592715570147648
nhờ đó mà tôi cảm thấy nhẹ nhõm và trở nên mạnh mẽ,0,0,0.14042195371810107
giun này mà xào thêm ít xả ớt thì tuyệt cú mèo 🤣,0,0,0.1409397815530162
tớ chỉ an ủi bạn í thôi mà :(,1,0,0.43832307708654067
"per giỏi phết đấy mỗi tội nghịch thôi , được cái làm từ thiện nhiều .",0,0,0.09899078905990741
nhưng mà từ giờ trở đi đéo được tiếp xúc rồiii,1,0,0.363461613166093
"hồi nhỏ thì tao bị cả bầy dí , được fine :)))))) đến khi tao 12 và đi học đh năm nhất , sau 1 tháng xa nhà , về nhà và cái kết là tao không còn bước ra khỏi cửa nữa , n dí everywhere :)))))))",1,0,0.10652395268236906
per gần nhà c ơi . hic hic,1,0,0.14210326723721164
nếu tao được gặp ba tôi 1 lần nửa thì tao sẻ nói con thw ba nhìu lắm . nhưng lời nói này chẳng pao giờ được nói nửa vì tao và ông ấy đã xa nhau mãi mãi,1,0,0.3621750067498248
bố đi đường mà sợ quá,1,0,0.11564498152732187
lúc dỗi thì càng dễ thương hơn,0,0,0.09852709438438431
đm lừa đảo hằng năm cả trăm tỉ . giờ phạt có 5 triệu :))) chán vãi,1,0,0.2317332423753314
"ko nói nhiều chỉ ủng hộ anh per vì thấy thái độ trước tòa là hiểu anh per hoàn toàn chân chất , không có thủ đoạn gì hết",1,0,0.04647682701484502
mình toàn làm ba mẹ buồn,1,0,0.3418083560929669
vui tính quá ?? vừa kết bạn xong ??,0,0,0.09107547533101244
chỉ biết xem và ngậm ngùi lướt qua,1,0,0.10919762084749536
cách tạo nghiệp chướng nhanh và hiệu quả :)),0,0,0.019021925531320732
ký ức 1 thời . nhớ,0,0,0.04795548308660201
chị lỡ mất 1 nhịp tim vì cưng đấy ❤️❤️❤️,0,0,0.0887099686064611
đẻ sao mà cu con đẹp quá vậy trời 😍,0,0,0.09598405200924534
mát lồng lộng mày ạ,0,0,0.11874270590775884
"bỏ qua mấy dòg chữ , nhìn khuôn mặt con bé không thể nhịn cười per :))",0,0,0.10922693724780527
"có ai nhìn thấy giun đang bò trong ảnh không , sợ vãi",1,0,0.16268224878626475
nấu có cháy mới ngon :)) còn nước cơm hoà với đường thì toẹt vời,0,0,0.05612894883620802
chắc thôi tao đéo ra đường luôn :))) sợ vãi,1,0,0.08729182727279453
khi nào tao thấy thích . mà thích rồi chưa có người thích cùng .,1,0,0.15235710233973931
gắn bó thời sinh viên á !,0,0,0.0777356282424011
bà ngày xưa đẹp quá ❤️,0,0,0.05125516171055934
buồn vì mình không giúp được gì cho ai . nhìn những người khác khổ hơn mình mà thấy thương họ,1,0,0.111093307923082
tao cũng vậy nè . lắm lúc đi với chồng mà cứ hỏi bên này bên phải nhỉ bên này bên trái nhỉ . mệt mỏi,1,1,0.5231323278174039
haha con mấy cái video toàn đóng vào mỏ nhau không . cười tụt quần 🤣,0,0,0.11654041370237038
ui đáng yêu gheê,0,0,0.043155511131427016
rồi đất nước mình sẽ đi về đâu .:'(,1,0,0.16256281399846134
"chắc tại từ nhỏ tới lớn mình "" man "" quá nên không gặp được gã nào ga lăng dư này :(",1,0,0.23068952669184123
đang thất tình mà dume cứ bắt đi bán xoài @@,1,0,0.12494185927272729
"per may có con bạn đang giảm cân nhưng nó hiền , nó sẽ lao vào ăn cùng tao chứ không tát sấp mặt tao như vậy , phải không ?",0,0,0.39820963381214414
hồi xưa làm fanpage được gạ kèo 7 triệu nhưng nhất quyết không bán . cảm thấy quyết định đúng đắn nhất trong đời,0,0,0.11909676906841207
ụa cho fa đọc chi rựa huhu,1,0,0.05160028597710204
tao coi tao sợ nó lọt quá bây,1,0,0.20083474530946105
các bác dẫn crush qua cây sữa nay mà hứng nước đái ve nha haha,0,0,0.06447274073603958
nếu để ý kĩ thì lái tàu có thể bước xuống và kéo đường ray qua một bên rồi cho tàu bẻ tay lái một chút là cứu được cái xe . tiếc cái xe quá,1,0,0.11865204375165359
buồn vương mi !!!,1,0,0.12402273309325089
chuyên cơ tt quá đẹp ! bao giờ má mua được chiêc như vâ ̀ y trơi ̀ !!,0,0,0.07904313902500185
chắc chắn bố của bạn này là một người vui tính chứ không phải khó tính . khiếu khôi hài bạn ấy ảnh hưởng từ bố .,0,0,0.11607626454501509
tuổi thơ bất hạnh .. học mẫu giáo mà cạnh trường học là 1 bầy ngỗng . sáng nào tao cũng được chạy bộ tập thể dục nhờ bọn nó,1,0,0.10009417979064725
thấy anh đấy làm tùm lum mà con nhện vẫn đứng im là tao biết có chiêu rồi . định gạt anh ak,0,0,0.0473809546695102
per đi bộ ở trường về thì dcm nổi ám ảnh đúng giờ tao về là dcm nó ra nó dí ngày nào cũng dí chạy cái luôn,1,0,0.18772794152111424
"per sợ chưa , ông bác hơi bị cứng nhé :))))",0,0,0.047378245106035034
tiếc quá đẹp trai mờ không có chim,1,0,0.04663518606976788
bài viết hay quá !,0,0,0.008847534782269453
cái nay nhận ra lâu roài . mà đi làm toàn gặp đồng nghiệp đáng yêu hi,0,0,0.01529664545357049
lại được làm thêm quả nhà nữa . ngon,0,0,0.17296191058262156
"coi 3 lần mà vẫn cười , phim hay nhân vật dễ thương",0,0,0.029778664414669812
bản thân cố gắng cũng chẳng dễ dàng gì :((,1,0,0.41429564003888925
coi phim này xong thì nhỏ bạn tao bắt chước giống vầy với crush nó . sau đó thì ... à mà đéo có sau đó nữa :v,0,0,0.07729092695680259
nó cười với người khác chứ * beep * phải tao :((,1,0,0.25224757513149965
"mong là bố mẹ mình không đọc được tin này , sợ vãi",1,0,0.22414622284832125
"còn tôi thì lại khác , thanh xuân của tôi chả có bây giờ gặp được aiii và hạnh phúc bền lâu cả :(",1,0,0.14845446257673509
mỗi phút bên em thật tuyệt vời . chỉ em mới cho anh cái cảm giác đó,0,0,0.052321336799636964
"trước đây mình không thích xem phim việt , nhưng mấy năm nay phim việt chiếu phim nào cũng hay . tự dưng không thích xem phim hàn quốc nữa .",0,0,0.0471153137056386
khoảng gần chục năm về trước thì còn vàng trắng .... giờ thì bán còn không đủ không đủ để trả công nữa là,1,0,0.3860379244386986
đứt quả chuối trong mồm . đéo dám nghĩ kết quả lun,1,0,0.1724364255717345
tao kìm nén lâu qá rồi mà 😌😌 tức nước vỡ bờ thôi,1,0,0.11229441519210684
đúng cát bà rồiii ~,0,0,0.05344884735475345
"đến lúc yêu nhạt cực :) tao thề ! kiểu chán chán , muốn quay về đơn phương hơn",1,0,0.2624676384924395
"những thứ tưởng chừng như rất đẹp nhưng kbh được trọn vẹn , cuối cùng để lại chỉ là những kỉ niệm đã từng :))",1,0,0.06366142954197386
"chuẩn , thấy đa phần nam chính vẫn được lòng hơn .",0,0,0.05797500436627035
đi làm quán nước mà mỗi cái bịch nay long đựng ống hút nó cũng xé nhỏ ra rồi để bay tứ tung đi quét đã muốn lòi lồn,1,0,0.1780353820470501
sởn gai ốc với chị ấy,1,0,0.09267934706928256
chủ kiểu lol gì đáng yêu vãi ?? :)))),0,0,0.015971300309237442
"lúc trước ông với bà tao cũng thế , bây giờ thì ông bỏ bà đi trước rồi .",1,0,0.13069389676663498
hôm nay bạn đi làm . tiền đâu mà mua 😌,1,0,0.05845741351845188
dễ thương vãiiiiiiiii,0,0,0.030766865014711566
dume nó hết con mẹ nó hồn ....😭😭😭😭,1,0,0.2303771955296106
còn tôi tự nhủ dù lớp học tự ý bỏ về hết tôi cũng phải ở lại học đến tiết cuối cùng . hết giờ tôi cứ ngồi đó rồi từ từ bước chậm ra cửa ngoái đầu nhìn lại .,1,1,0.5816462324749448
bạn trai thì chưa . nhưng mỗi lần thằng bạn nó cắt tóc cạo râu thì auto nhìn đẹp trai,0,0,0.07633999060381423
ngày đi học . có lúc đang ăn cơm . bố hỏi . per năm nay học lớp mấy rồi con ☺ t không hiểu bố tao hỏi cái gì 😭,1,0,0.36822731788948027
lớp 5 mà viết kiểu này cô đánh gãy tay .,1,0,0.13777366210662947
đi chơi xong về cũng buồn như chó cắn tiếp thôi,1,0,0.3463720724217411
dume cười vãi luôn trời :)))),0,0,0.07102305245550372
còn người yêu tao : một hơi có một anh đẹp trai bay lơ lửng rồi ôm lấy em khi em tắm :(((,0,0,0.11603529768747153
hạnh phúc là đây chứ đâu =))),0,0,0.0481038880520438
và cứ thế tôi khóa lại 3 năm thanh xuân tươi đẹp của mình :),0,0,0.13072783909586502
sáng nay mình cũng gặp 1 anh công an dễ thương lắm,0,0,0.14364849782970895
tất cả đã đều quá hoàn hảo rồi . trừ pha nhảy cuối thôiiii :v,0,0,0.11961224864849074
per :)) chắc giống cảm nhận của ông lái oto hôm qua,0,0,0.03896991019838243
hãy nên trân trọng những người bạn như vậy .,0,0,0.07374341072871705
ngoài mấy phim về vật lý ra thì phim nào của ấn cũng có những ý nghĩa sâu sắc .,0,0,0.06325426418879675
cuối cùng per cũng thành công rồi nha per nha,0,0,0.055949608774747535
cũng thơm mà . kì thị quá à .,0,0,0.16453347168449667
hình vui mà sao đọc lại muốn khóc nhĩ ...,1,0,0.2370004888807458
"per thể loại mới nè , có vẻ phê",0,0,0.07361253773223594
bạn này yêu bố nhiều lắm mới vui vì bị bố mắng . chứ ai đời bị la mắng mà kể lại cho người khác nghe mà vui đến thế,0,0,0.31867543910631124
"tình đến , rồi tình cũng điii 🙂🙂🙂",1,0,0.10854525877624774
mấy má đang có kinh rồi mặc áo đầm nhảy qua thì nhuộm đỏ 1 dòng sông cmnl 😳,1,0,0.37585070116534297
ủa là đụme video hài hay deep vậy . chớ tao thấy buồn cười vãi vì nhây đéo tả được :))),0,0,0.032792602709524284
thanh xuân rồi cũng sẽ qua có những người trong ta mãi chẳng thể xoá nhoà !,1,0,0.2023537798293772
cậu bạn mẫu giáo năm ấy chép bài cho tao để tao khỏi bị thẻ tay giờ đang nơi đâu ???,1,0,0.09839869253792138
nhà thì không xa lắm nhưng chưa bao giờ đi vì sợ bị đè bẹp luôn người =))))),1,0,0.13578145474947792
"từ nhỏ tới lớn đi học toàn ngồi chung bàn với nam , toàn phải đương đầu chiến đấu với vạch phấn chia đôi bàn ghế . 🤣🤣",0,0,0.09409500304598128
buổi tối vui vẻ và ấm áp nhé đại kỷ nguyên ! tương tác cho hằng khỏi trôi bài nhé !,0,0,0.019940244590890797
họ hành động quá đẹp,0,0,0.03678828655432064
rất chuẩn hãy sống làm người cơn luôn luôn co hiểu thảo với cha mẹ của mình nhé moi người ơi,0,0,0.05967025846387028
nói chuyện yêuu thế đmaaaa ??,0,0,0.13464263116896352
anh thích em rồi đấy 😂,0,0,0.06222985651679413
tội quá ! nuôi mà không chăm sóc,1,0,0.14310666139988204
3 thằng ngốc . xem ý nghĩa lắm,0,0,0.1176631749035602
"có người cả đời ăn không hết lại có người thiếu ăn , thiếu mặc nhìn chán đời vãi",1,0,0.12122826073886993
người tài như vậy lại không được sử dụng đúng mục đích … quá buồn,1,0,0.10866967827808044
t đã cố tình che mặt nhưng vẫn giật mình,1,0,0.24553356731147813
khi nào đón bé về nhà nhớ chụp đăng lên cho bọn tao coi dung nhan thằng bé nha :vv,0,0,0.02971629117301859
haha cứ lên xuống thấp thỏm kìa ..,0,0,0.16154565397518827
tao chả nhớ ngày tháng năm sinh của mẹ tao và ngược lại :((,1,0,0.18687744360286548
có tiến bộ ! kkk,0,0,0.09342068626224116
ngày buồn hôm ấy tôi cũng là người rời khỏi lớp cuối cùng .!!!,1,0,0.2921001090084132
vâng ah nên em cũng sợ quá mà :-),1,0,0.13740869507567807
cái mặt xinh quá,0,0,0.11327033177073172
tao toàn bạn gái mà sao vẫn tưng tửng nhể ???,1,0,0.048182057932623715
xong bỗng nhiên một ngày mất hút không để lại 1 hạt bụi,1,0,0.1259406530105246
một nỗi buồn thầm lặng,1,0,0.3863662301256332
cưng nhỉ,0,0,0.09965134951269715
"năm nay mua cân na về nhà ăn dần , tối ra đường xem chúng nó dẫn vợ thằng khác đi chơi ... kaka",0,0,0.15762059614792484
bà ma nữ nhập vào nv chính thấy dễ thương dã man 😍😍,0,0,0.0847130680683644
nhớ thời sinh viên 😃,0,0,0.02463428851432839
"cái ông này mới xem thì thấy bình thường , mà càng xem lại càng đẹp trai 😂",0,0,0.04680711941271051
dù cậu làm tôi tổn thương mỗi ngày nhưng chả hiểu sao vẫn thương cậu,1,1,0.5236013650628325
làm phục vụ xong 4 tháng đi hà nội 1 lần chỉ để gặp người yêu xong giờ thì mới biết là nó cắm nguyên cây sừng lên đầu mình,1,0,0.1500654420770106
buồn quá buồn,1,0,0.19797646846486638
còn gì đau xót hơn 🙂🙂,1,0,0.08964717134217275
đơn giản nha .. cơm này ngon hơn cơm điện nhiều . không tin thì cứ thử,0,0,0.098799780183735
tội nghiệp thằng bé :)))) chúng mày bốc đâu mấy cái thẻ hay thế ??? :v,1,0,0.019231821410567878
"và sau mùa vải , tàn dư còn lại là những nốt mụn 😌😌😌",1,0,0.0956874280374387
haha thì ra trên đời này tao không cu đơn đâu đó vẫn có những đứa con ghẻ như tao cùng bắt tay chào hỏi nhau nà,0,0,0.21513509036026582
per haha cái t2 hợp với em nè ;)),0,0,0.08637208362858756
hết tiền rồi này,1,0,0.11494991603493936
"tại giống nhau quá , nhưng đừng như người ta nha , nghĩ đến tự tử các thứ chẳng có gì là hay cả",1,0,0.2700399814277353
chợt nhận ra mình yếu đuối như một đứa con gái vậy 😢,1,0,0.06010750440573965
buồn nhỉ 😴😴😴,1,0,0.1263580908365601
tuổi thơ cũng từng trải qua nhiều lời cay nghiệt hơn vậy .. nên c hiểu được cảm giác của em ..,1,1,0.59430225348677
muốn nhanh thì cứ phải từ từ =))))),0,0,0.1730198690694701
cái giọng anh quay phim nghe ngọt quá 😘😘,0,0,0.005794557364396521
khiếp ăn tạp chẳng chết,1,1,0.6070788210945874
lại là án oan sai 😔😔😔,1,0,0.09745639970148307
cũng muốn vứt giày cũ nhưng lại không có tiền mua giày mới . đành chấp nhận đau chân vậy,1,0,0.13695782396277625
thế mới làm nên nghiệp lớn chứ,0,0,0.05781796250585683
chưa bao giờ được nge câu này 😞,1,0,0.17643110666475756
chả có tiền mua 😩😩😩,1,0,0.08014769015292536
"thời thanh xuân tôi từng yêu quý nét hiền thục của chị hiền mai . và đúng như cái tên hiền mai của chị , tên và tâm tính đều đẹp , hiếu thảo khó ai bằng . em xin chúc bác có thêm nhiều sức khoẻ để chị có được nhg tháng ngày hạnh phúc , ấm áp bên mẹ ạ .",0,0,0.16416534778821998
nói gì thì tụi bây cũng không tin đâu ..😌😌,1,0,0.3610558530367367
"thật tốt vì chú chó ấy đã tìm được người yêu thương nó , kiên trì để nó tin tưởng thật sự :"">",0,0,0.04864643185812652
đkm lại diễn rồi pr cho game aumobile chứ gì tuổi lol qua mắt tao =)),0,0,0.05162727710957835
"công nhận năm nay tiến triển hơn , đợi 2 bà chị đi hẹn hò về còn có scl mà ăn ké :v",1,0,0.06438285736409614
đoạn cuối hình như nó khóc,1,0,0.144538220763537
em hết ngáo rồi nha =))),0,0,0.04099797960998572
chỉ là muốn cạnh mà chỉ có 2 người . nói đủ chuyện trên đời dưới biển rồi đi vào giấc ngủ ngon . vậy thoii,0,0,0.30594306904706103
ngồi cười như dại =))),0,0,0.1553653040003139
nhiều khi cũng muốn chọc cho người yêu giận nhưng mới nhớ ra mình đéo có người yêu 😌,1,0,0.18859745821088802
tag vô cho xem mấy đứa xấu tánh thôi chứ ghệ anh tánh cực kỳ dt,0,0,0.14888328360744513
kiếp trước sống lỗi quá nên kiếp này nghiệp quật :((,1,0,0.09577159222404415
"một đời chẳng mong phải nhà lầu 4 tầng , xe hơi hàng tỉ , chỉ mong người đàn ông đi cùng mình đến cuối đời sẽ luôn nâng niu yêu thương mình 😊",0,0,0.3781074832123942
t nhận ra mình đã sai,1,0,0.2415330854171359
"tại như vầy nên bố tao không cho đi cùng . cụ bảo có năm còn lăn cả xuống ruộng , trèo lên mái nhà của người ta để đi ??",1,0,0.18932823617722278
per tạo hóa thật đáng sợ :))))),1,0,0.08365691688884691
"những việc này , mang lên đây chả giải quyết được gì cả .",1,0,0.15407360087233782
đọc cái mà cười rớt cả hàm .... cuộc đọ sức giữa xe lửa và ô tô,0,0,0.25202501007102285
mấy con yêu nghiệt ngày xưa nội có nuôi 2 con cứ ra đằng sau là nó dí chạy muốn tuột mẹ quần 🙄🙄,1,0,0.1898388692686699
kaka cái mặt bà kìa,0,0,0.08078166897270912
con bé cưng gì đâu . vk ơi anh muốn có cục bảo bối như vậy per,0,0,0.12902725701207182
"thật sự mình rất thích bạn này , xem phim mỗi tập cứ canh đúng cảnh có bạn ý , dễ thương quá 😗😚😚😚😚😚",0,0,0.03615072240539651
má tao xem mà lo thằng quay phim tét không à ? có ai như tao không ?,1,0,0.09054394507259213
"đúng mất vài giay để nói lời yêu thương , nhưng phải mất cả đời mới chứng minh được , cháu rất ngưỡng mộ ông bà !",0,0,0.20665133742691943
"dù thế nào thì anh tôi luôn bất hạnh , ai khóc cho anh khấc tôi đây 😢",1,0,0.301393480756423
có đứa nào xem mà thèm đi biển như tao không ?,0,0,0.1546867201146629
nghe nói dạo này bạn dưỡng da để kiếm người yêu per,0,0,0.04111674494200825
per trai hay gái thì vẫn thấy tữn như thường kk,0,0,0.03195727229827181
"ngày xưa nhà nuôi mấy con điên này cái giọng thì đã khó nghe thì chớ suốt ngày ngoạc ra , hễ về đến nhà là thấy giọng bọn n đầu tiên . xong cho ăn , rõ ràng là cho n ăn đàng hoàng mà đến n + 1 lần bị n mổ với đuổi bợt mạng . chốt là tao ghét cái bọn nì dã man . ám ảnh cả 1 tuổi thơ :(( cái thứ yêu nghiệt .",1,0,0.18227467006165918
hổng gặp cái buồn luôn ><,1,0,0.06237277439419145
"đừng nên thích mấy ông anh cơ bắp , sợ lắm 😆",1,0,0.0677308318722644
"chấp nhận đau khổ , để đổi lấy hạnh phúc , mà tìm mãi hạnh phúc không đến thế mới đau em .",1,0,0.12790196713353255
"đần mặt ra nhìn nó y như con ngu , còn cười theo nó nữa , xong bị nó phát hiện .",0,0,0.20647407456733857
"tập thể năm nay lại làm mình tiếc nuối từ thành viên đến gvcn :,((",1,0,0.1787306590729975
mai đấu giá thử cai lap cua mình chứa toàn tài liệu tiếng nhật 😂😂,0,0,0.09981031175886354
làm công nhân đã bị vắt kiệt sức khỏe cho đến khi bị thải,1,0,0.4932517176551484
hồi đó tao lấy cái đó kẻ tập luôn kiểu làm màu mè cho đẹp xong lên trả bài bị bà cô trừ điểm ????,1,0,0.06034489845254918
"con nghiệt súc này mỗi lần tao đi đá bóng là 2 vợ chồng nó dí theo cắn bầm hết chân , thứ này thù dai kinh khủng , chiều nào nó cũng khởi động cho tao trước khi đá bóng ... con mẹ nó giờ tao lớn rồi , tay nghề nấu nướng cũng không tệ gặp mà dí theo là xác định tao quay nó vàng ương luôn =]]",0,0,0.24081513060319373
"hút điếu cần xong nhìn nó ăn mà muốn phá cái tủ lạnh vô dụng của nhà mình quá , đéo đủ sức đựng thịt bò toàn rau .",1,0,0.3789166243040942
cuộc sống mà đành chịu thôi =(((,1,0,0.3082559533276835
"có rồi mà , nghén rồi nè hihi",0,0,0.10446360212122698
"và mày chỉ cần lùi về sau , như ít quan tâm và nhắn tin lại mày sẻ cua được crush 😎😎",0,0,0.21557127277036833
cặp nay dth ghê luôn 😍,0,0,0.05371822213089214
thương thương con =)) yêu ghê cơ ý cái mẹt hờn dỗi,0,0,0.0509178802110313
"ngày chia tay , chúng tôi đã ôm nhau khóc",1,0,0.13640258379099618
đứng dưới cây này chỉ sợ ngột vì mùi hoa sữa 😂😂😂,1,0,0.09624382173135598
hãy cảm ơn vì chúa đã ban em cho chị 😂😂,0,0,0.041108235187404814
"ước mơ của tao , thích vẽ lắm luôn , nhưng mỗi tội vẽ xong cho lên màu thì lại tệ 🙄",1,0,0.1743570429033
23 năm rồi tao còn chưa được đi chơi với bồ trung thu lần nào cả :(,1,0,0.24660400233001314
ngọt hơn cả người yêu haaaaa,0,0,0.04473554568946477
em chưa có người yêu . có ai yêu em không . em cô đơn quá,1,0,0.10349779879295325
có gặp cũng đéo dám ngẩng đầu lên nhìn,1,0,0.16553785223192935
rớt giá kinh khủng khiếp huhu,1,0,0.253289817524386
huhu đéo muốn đi học đâu,1,0,0.29446627179190865
anh vui thì anh ngồi thôi ... chú cự để mặc anh . :v,0,0,0.06660956700992328
tiếc là 23 cái xuân rồi chưa gặp được em . có ai giống tôi không,1,0,0.1797678290109325
per mi phải học con nay bán hàng lai chim mới chạy hàng này,0,0,0.10872595713720325
công nhận sáng tạo thật đấy,0,0,0.05320043065368276
tự nhiên mình lại không muốn làm single mum nữa -.-,1,1,0.5769738570340758
cắt tóc xong rùi gội đầu xong tóc còn ướt ý nhìn đẹp trai lắm luôn ý,0,0,0.10747173292897556
tao thấy đéo có cái gì để tao cầm được cơn cười cđcm nó ! :)),0,0,0.11381376491227922
tội quá . thương em,1,0,0.15012253362819636
tình yêu là sự mù quáng mà hix,1,0,0.03987771547552637
dòm sợ thiệt 🤐,1,0,0.09474961356169462
hicc thương em,1,0,0.16512298264852648
"cảm ơn các em , tuổi học sinh lắm nghịch ngợm nhưng có lòng yêu thương con vật nhỏ bé đã giúp bé cún được sống 😘😘",0,0,0.13020526531777923
t cũng buồn lắm chớ bộ 😓😓,1,0,0.24596127347513733
per nhớ hội chị em vinmec quá :((,1,0,0.04784578268414735
"đi viện mà tưng tưng ăn uống được là tốt rồi , mừng mày sớm ra viện nhé cô",0,0,0.08176503439707859
ngày bé nấu hoài không chín . tức rủ mấy đứa ra đốt cả đống rơm nhà hàng xóm,0,0,0.12112981716152167
nếu không gãy đó la 1 bài quyền đẹp rồi :((,1,0,0.02799789573533337
ý nghĩa và đáng suy ngẫm thật,0,0,0.098248799304276
"bố bạn ý chửi nhẹ đấy , bố mình chửi là chỉ mong đầu thai vào nhà khác 😬",1,1,0.5747396408894655
nhớ gia đình nhỏ nhiều lắm … mà không được về thăm,1,0,0.25015513528961286
coi xong đoan này . tao thấy nhớ nhà vô cùng 😭,1,0,0.2005992707791947
chuột nhìn thấy mèo sợ là đúng rồi =)),0,0,0.04613755179348978
nhìn rợn vãi,1,0,0.054051763227531226
per thịt nướng lò xô ne ăn z mà không chết 😎😎😎😎,0,0,0.32926199958989805
nhọc lòng :(((,1,0,0.09776836677273147
a per doi dap rat tuyet voi . chuc anh thanh cong trong vu nay .,0,0,0.03951972888989935
chỉ mới hỏi về người khác giới cái là bị gán là thích bạn đó luôn mí sợ :(,1,0,0.2798936305740523
trò này cũng nguy hiểm chết người đừng đùa theo mà mang họa,1,0,0.16941855065782688
ai như tao nghe tự nhiên thấy ấm lòng vãi không,0,0,0.255638296919047
ỏ đáng yêu =))),0,0,0.01105451627641041
"mình nghĩ sẽ không bao giờ là một thương hiệu quốc gia , là khát vọng về cà phê vn nữa ...",1,0,0.33701877998716323
nhẹ nhàng bay lên và hạ cánh thất bại do lổi kỹ thuật,1,0,0.1514401006511263
"cưng vậy trời , anh cho em xin ảnh nha ạ",0,0,0.06659717054273619
chuẩn không can chinh,0,0,0.06835773245940424
nhưng kp cười với mày đâu :) ảo tưởng vãi,1,0,0.4233698165778357
mua con lợn 50k được lì xì 40k . ok em ổn,1,0,0.15557248329934137
ra vậy . nguy hiểm thật :(((,1,0,0.06523715382943189
khổ tâm ghê =)),1,0,0.09111770096924345
"giả bộ vô tình gặp nhìn lén rồi đi , lại còn tìm hiểu cả gia phả người ta nữa chứ ... một thời ngu ngốc đáng yêu .",0,0,0.13777750716368306
có ai chỉ tự yêu bản thân như tôi không :(,1,1,0.5661525694429614
per hẹn xem phim này nữa nha mày 😛,0,0,0.05721303710048421
đau ghê,1,0,0.10829526278108327
dễ thương vầy :>,0,0,0.06022557780302355
rất nguy hiểm nhé nhảy không qua là xác định dập mặt,1,0,0.1432366706496458
ha ha ....,0,0,0.09377441145076063
nhiều lúc ngáo ngáo thoải mái đến mức người yêu cũng đéo bằng nó và đến khi nó thổ lộ tình cảm thì tao đéo tin :v,0,0,0.18008572150002247
phải tao tao vứt luôn xe ??,1,0,0.08834983329069108
là con bé con điên khùng và phiền vãi nhưng bạn vẫn yêu nó vãi chưởng :)))))),0,0,0.05025885313422807
"mong ai đó sẽ không nghe được bài hát này . xin lỗi , ngàn lần xin lỗi 😢",1,0,0.19000348982220044
chuẩn đét . t nghỉ công ty cũ cũng vì đồng nghiệp 😭😭😭,1,0,0.05846005016602867
ủa mắc gì gỡ fan cứng của em ? huhu,1,0,0.07832934255624675
chả bù cho con ml này . đợi mãi không thấy nó về . hy vọng em không bị bọn xấu bắt lên dĩa là tốt rồi :(,1,0,0.17269325221287768
má cười ỉa luônn,0,0,0.22054382757145038
từ lúc đấy tao không ăn được các loại thịt ngan - ngỗng - vịt lun 😞 ám ảnh vãi,1,0,0.16152587691033785
nhớ nhé đồng nghiệp haha,0,0,0.009458950965477978
cứu em nó với,1,0,0.47392505887991476
đã nguy hiểm vậy sao không hủy mà bán 0 . 0,1,0,0.0540212682327111
ông mặt trời dễ thương hha,0,0,0.07577590990396971
không hiểu sao xem đi xem lại bao nhiêu lần vẫn khóc được,1,0,0.3040213862020926
kiểu em sai rồi . a xin lỗi em đi 😂😂,0,0,0.24880686762727572
gáy sớm để làm gì cơ chứ haizz,1,0,0.22519096398036498
đái mẹ ra quần ??,1,0,0.16820859039552416
đọc xong nước mắt ứa ra,1,0,0.08984860295354735
tao cũng hay sử dụng chiêu này và bọn đàn ông vẫn cứ bị lừa ????,0,0,0.048341381139061564
dễ thương mà,0,0,0.049079690657676
per anh tải cái này về cho per học nè . thú vị ghê,0,0,0.03584577075584513
"cố gắng lên mọi lỗ lực và công lao của em sẽ được đền đáp một cách thật là sứng đáng , cố gắng lên em nhé 👍",0,0,0.18182891739394325
nhưng nói thì cứ bảo hay than thở 😢,1,0,0.20379230732163067
nhìn quả mặt của nó thì tao công nhận thất tình thật đáng thương ?,1,0,0.04214370775193587
đằng này họ nghĩ tao muốn giết người rồi chửi tao bị thần kinh rồi cho trôi qua mọi chuyện,1,1,0.6117838993529159
"chân ta cũng là chân đi và giờ bị đứt dây chằng , nằm một chỗ đợi mổ rồi mày . đồng cảm vãi",1,0,0.16155116199175906
xấu mà đáng yêuc quá,0,0,0.027884199889236197
thế nên bán hàng có tâm là đừng bao giờ nài nỉ khách mua thêm vì biết đâu bạn vô tình làm cho nỗi đau của họ trở nên tồi tệ hơn .,1,0,0.4972806242582941
dưới cái nóng 40 độ ngày hôm này xem video này xong thất mát lòng vãi_chưởng :)),0,0,0.04891286253058504
"cái thứ ba , trời nhìn mà rơi nước mắt thay cho luôn công cả một mùa mà đi tong chỉ vì một trận mưa",1,0,0.1678540443160132
"thấy bình sữa của em thấy ham quá , chị sinh em bé chả có sữa gì hết .",1,0,0.06462162320591398
nhiều lúc buồn đến nỗi coi những vid thế này . đéo thể cười nỗi .,1,0,0.41987342218072204
sư phụ giả vờ ngã để thử lòng các đồ đệ và cái kết ngã sấp mặt luôn 😢,1,0,0.05953475504221788
đéo có người thương để mà làm ấy chứ :(,1,0,0.13973794392735997
"đồng nghiệp tốt , chị em tốt đi làm như đi chơi :)) chứ làm cùng với mấy con mlz đáng sợ lắm :))",1,0,0.08722809202027364
rồi khi mày có 1 ít tiền :)) mày mới phát hiện ra còn đéo cả có người đi cùng cơ,1,0,0.22015986762407358
các b học sinh đáng yêu quá,0,0,0.010060617184083286
cuộc đời bà đã nấu hơn 50 nồi bánh chưng rồi nhưng bà chưa bao giờ thấy ai cắt tóc ngắn đi mà xinh như thế này các cháu ạ .,0,0,0.14868369201402218
đây là một câu chuyện buồn không chỉ riêng tao,1,0,0.1071254901982228
"cảm ơn nói chuyện nhật ! 1 nền khoa học , giáo dục , trí tuệ văn minh !! 😘",0,0,0.05730234741672129
bạn có bố thật hạnh phúc,0,0,0.039194810824615206
"per trong vòng 4 tháng chắc anh chụp hơn trăm tấm , huhu , sợ quá 😱😱😱😢😢😢",1,0,0.13853343657884828
chuỗi ngày tủi nhục cũng từ đó mà bắt đầu,1,0,0.26805952344913064
hàng xóm cũ của tao cũng thế may mà bà ý chuyển nhà rồi 😃,0,0,0.16309334000132011
không biết vì sao họ vẫn cười nhưng mình thì khóc ...,1,1,0.6743632638868646
"đúng vậy , có họ ở bên cạnh nuôi nấng ta từng ngày đã là quý lắm rồi",0,0,0.12642369387368896
5 năm nữa tao phải đẻ được 3 đứa 😂😂😂,0,0,0.11932822995868307
ôi cưng cưng quá,0,0,0.11384009484933535
dù s đi nữa thì mày vẫn xinh . cố lên,0,0,0.185232685479495
hay lắm :))),0,0,0.03543314439062668
buôn bỏ nhưng tình cảm ko thuoc về mình nua . bat đầu kiem tiên,1,0,0.4065179405633798
nó cười mà muốn rụng tim 😂💔,0,0,0.19986434906945896
"vì luật áp dụng đối với vụ án phân chia tài sản trên 4 tỷ thì mức án phí là 0 , 01 %. suy ra vụ này trên 8 nghìn tỷ thì mức án phí là 81 tỷ là đúng rồi .",0,0,0.22687769542351063
"per đi làm với c mình vui hết xẩy , trừ những lúc khó tính :))",0,0,0.07997760343621363
1 thời gắn bó với nó . nhớ lại ngày xưa cực khổ,1,0,0.27623397565442853
per nên mày hãy yên tâm về mấy con nhện nhé :))),0,0,0.07368820096145061
:) cảm giác đó đau lắm các mày ạ,1,1,0.5386306399822904
đề kháng của tao với mọi loại thính rồi cơ 😂,0,0,0.10718694477370726
cái này ghê vãi mày sẽ hiểu cảm giác khi nó lún xuống 😅😅,1,0,0.33068198214937533
🤣 lau mặt bằng quần chíp của vợ à ?,0,0,0.15861285199794026
mất rồi có lấy lại được đâu :)) cái gì nó cũng chỉ là quá khứ,1,0,0.18887822414263622
quay vào ô mất lượt :)),1,0,0.08002223118949854
:))) có thật nhiều tiền là vui,0,0,0.04191721993383425
mình rất rất muốn đi nhưng trong túi kô còn xu mẹ nào vân kiều ơi,1,0,0.4436389244087463
các bạn trẻ ! người lớn có thể nghe thấy tiếng chó kêu mà không hành động gì để cứu vớt . các em thật đáng khen . cần những bạn trẻ nhân ái như các bạn .,0,0,0.04661581730746266
"em đỗ 6 trường đại học ở mỹ , còn hàng trăm thằng đổ em luôn rồi đó , em biết không . trong đó có anh 🤪",0,0,0.1683245008032731
thật đáng khâm phục các bạn ... chúc các bạn gặp nhiều may mắn trong cuộc sống ...,0,0,0.12222285204703676
phim cực hay và cực cảm động lòng người,0,0,0.11486154513424768
chai này mới ghi được nhìu chữ kkk,0,0,0.1402578900842599
per cố đợi đi nha để em mua bảo hiểm cho anh 🙂,0,0,0.03716189126526376
"có ai nhìn thấy hình như người đàn ông này đang rất đau khổ không nhỉ ? mình nhận thấy hình như ông ấy đang rất đau khổ , mà không thể or không muốn nói ra .",1,0,0.29394112053189675
per đáng sợ quá,1,0,0.14309827021993907
tao chỉ lên ngắm cảnh tí xíu mà mày cũng dìm tao :)))),1,0,0.11424563437767232
chúc mừng,0,0,0.011365288315728615
thằng hack game nó gặp trùm cuối rồi 😭😭 truyện đến đây là kết thúc sao 😭,1,0,0.09806234200234747
"đang tính đi nhổ răng khôn ( à quên , nó ngu chứ khôn đéo gì ..) nghe được cảnh báo này chắc không dám đi nhổ luôn .",1,0,0.10310972851757376
hú hồn con chồn chạy ngang 😑,1,0,0.09903080909135119
đây là bạn tao . =)),0,0,0.03825493667195984
là mỗi buổi sáng thức dậy ta có thêm 1 ngày mới để yêu thương ❤️.,0,0,0.042423648088515925
đáng lẽ bệnh của tao đã không nặng đến thế,1,0,0.47246608004815144
tự nhiên nhớ cái cảnh 2 con bánh bèo bị ngỗng dí quá 😅😅 per,0,0,0.12203204593029193
🤣🤣🤣🤣 bo tay chấm cơm . hahaha,0,0,0.10511171124628772
và từ đó bà cụ sống trong hạnh phúc :)),0,0,0.12312352713430134
"cmt buồn cười vll , nhớ mình cừng có kinh nghiệm chạy ngỗng :)))",0,0,0.06700205182276484
chưa bao giờ nghe ngươ ̀ i ta chửi thề mà đáng êu đến vậy lun =))!,0,0,0.10958400862659551
đọc xong tao muốn khóc luôn,1,0,0.2452508390000797
t còn được nghỉ 1 tuần :)))),0,0,0.07644986687453915
xem phim cười gần chết . mà thích cái bạn ma nữ hơn là na bong,0,0,0.1774143165041691
"cải tạo được , có tái tạo được 100 % nguyên trạng rồi sao ? giá trị lịch sử văn hoá gần nghìn năm đã mất đi rồi :((",1,0,0.3025216394292603
sợ thì vkl,1,0,0.1162856102475412
per :)) hiểu được nỗi lòng anh chưa ! mốt đừng giận anh nhiều nữa nha,0,0,0.11054000454206465
thất vọng và áp lực tích tụ hằng ngày với tao,1,1,0.5776227835134468
nếu địa phương không xây cầu thì người dân cũng có thể tự làm cầu cây mà . phóng lỡ hụt chân thì xác định nát người .,1,0,0.1089566487096638
ngày chủ nhiệm cu nhà mình cô nhẹ nhàng nết na lắm mà ! giờ thì sao cô lại hành xử như vậy chứ ! thật buồn !,1,0,0.2073422266274941
t quá mệt mỏi với cuộc sống này rồi 😓,1,1,0.8987886316789392
per - chan đáng yêu zl =)))))),0,0,0.01879278190989777
khuôn mặt đậm chất giải trí 🙂,0,0,0.05302784409009459
tao nhìn sợ vãi,1,0,0.06418530706932793
gia đình có nhưng tình yêu không thì sao,1,0,0.1937796662324886
sau mỗi cuộc chia ly người ở lại vẫn là người đau lòng nhất :((,1,0,0.09732288181114128
đúng là chân thật luôn luôn tổn thương !,1,0,0.17643413764124813
"từ khi lấy vợ , làm vlog thiếu muối hẳn huhu",1,0,0.16393911414643741
sad cực mạnh,1,0,0.23996986547179608
nhất định sẽ có một ngày tao sẽ thành công và tự nói bản thân rằng mày làm tốt lắm,0,0,0.324274061205233
phim hay vãi ra . đến giờ vẫn thấy mình giống bạn ma nữ quá trời 😂😂😂,0,0,0.034017429656990214
tội nghiệp các bé đạp xe đi học,1,0,0.02773372042272854
thế nên tao với mày không thể làm người yêu nhau được,1,0,0.1367200036302051
sinh viên năm 3 rồi nhưng vẫn chưa định hướng ra trường làm cái giống gì đây :(,1,0,0.1179920822258435
khóc hết nước mắt 😞😞,1,0,0.3525064639924886
"wtf , tao đã làm gì sai ☹️☹️☹️",1,0,0.22375222328633135
"bọn tàu copy kịch bản phương tây , chắc bữa sau lại có mấy video make in việt nam như vậy và kịch bản tàu haha",0,0,0.04911015593594826
mình không áo mưa rồi 😞,1,0,0.3291160416473486
còn mềnh thì ra quán mua bim bim đều chỉ để nhì em mà cười,0,0,0.22700461800300795
"biết chỉ là phim thôi , xem con bé hôn bố lần cuối nước mắt tự rơi , híc híc",1,0,0.2764822431404427
tao lại bị mọc lông chân rồi :((,1,0,0.19507602619721062
mua thêm vài trăm con cá xấu thả chắc vui hơn,0,0,0.14859814498820798
per hôn nhẹ lên má nha 🤣,0,0,0.07663798928180404
góp phần xây dựng đất nước chứ gì kkk đóng nhiếu rứa,0,0,0.10486446426035047
dume mặc dù tao rất yêu chó nhưng tao cũng sợ chó nữa :((,1,0,0.25332441400251543
cứ mỗi lần cắt tóc xong tao lại thấy biết ơn bố mẹ vì đã sinh ra tao đzai vãi :))),0,0,0.11535510009766385
đó cũng là giải pháp hay để lừa một thèn ngu :))),0,0,0.03547878275360399
thương các con quá đi,1,0,0.14259416837164587
khổ thân con mèo :((,1,0,0.44894861781605044
một người đàn ông bản lĩnh thực sự 👍,0,0,0.09459176600775875
"per bởi , đéo dám tán ai hay tỏ tình",1,0,0.16566438335520275
ấm áp ghê =)),0,0,0.0859989497452318
phim ấn độ duy nhất tao xem mà không cảm thấy vật lý logic quá khó hiểu dù thật ra trong phim này nhiều kiến thức hại não thật ; )),0,0,0.04609949747094236
giọng chú hơi bị dễ thương nhá :)),0,0,0.05645246216850924
pháp năm nay nhiều biến quá :((,1,0,0.2822030563590147
hèn dì mấy nay đi học thấy bạn của crush nhìn mình cười,0,0,0.0670410981240265
cũng muốn đi xem lắm 😭,1,1,0.5928542264333085
có lẽ vậy là tốt nhất,1,0,0.04155571449004564
per đến con nít chúng ta cũng không bằng là sao ......... tuổi thơ và tuổi thanh xuân nợ chúng ta quá nhiều thứ rồi 😭😭😭😭,1,0,0.1049516016991445
gv có tâm vãi 😂,0,0,0.08517907150724342
mình thi xong còn không khóc được 😢,1,0,0.39081563689335547
một bộ phim quá suất sắc,0,0,0.035969456551311334
tao mừng quá vì tao biết chắc chắn hôm nay crush của tao không bị thịt . ahihi .,0,0,0.09924920118115567
"chị thích con gái mạnh mẽ , cá tính .",0,0,0.03467568707684815
cho dù em có dành được bao nhiêu học bổng đi chăng nữa nhưng mãi mãi em sẽ không thể có được tôi 😅,0,0,0.3295978566530538
cười ỉa :)),0,0,0.15419757863529698
lợi ích của việc giữ vững quan điểm 😄,0,0,0.07115442987980951
"chời , dễ thương quá",0,0,0.04335969846161588
t cười đấy . thế tao thả haha nhé . mà dume đấy là cháu tao . thế bây giờ không có icon vừa khóc vừa cười à :]],0,0,0.3595946385617068
nếu là tao thì tao sẽ không ăn được miếng nào,1,0,0.09229233591904092
nghe mát lòng mát gan thế ????,0,0,0.048261619377527765
lúc bé mình rất sợ,1,0,0.19491186160185425
chưa bao giờ bắn trúng thứ gì 😆.,0,0,0.13821698099474047
thôi xong . chia buồn cùng quý quốc,1,0,0.07221834044079432
thấy tội nó ghê ????,1,0,0.047872423292396965
ngày bé tao bị nó dí thế là tao cho nó 1 gậy 🙂 hôm đó tao được ăn thịt ngỗng,0,0,0.1897858555030924
đã sáng suốt hơn năm ngoái nhiều . ka ka,0,0,0.1521637960819575
tưởng tao sợ ư từ cái lần mày dọa rắn tao và tao rơi điện thoại cuối cùng vỡ màn hình là tao đéo sợ nữa nhớ,0,0,0.27058885907716657
"công trình 850 năm tuổi , xây dựng 100 năm mới hoàn thành chỉ còn là đống cháy sắt vụn .",1,0,0.09581234332584522
đau bụng quá ự ự,1,0,0.11212536696374234
"đang ỉa xem cười như điên , kkk",0,0,0.22281525718479214
hành động đẹp,0,0,0.041471037874261776
đúng là vàng trắng .. nhưng mà trắng tay :(((,1,0,0.21134211583833992
thanh niên co ́ em hoan hy ̉ qua ́ :))),0,0,0.03003785604513898
buồn cô lắm,1,1,0.5689516557568012
"thích cái câu "" em không yêu anh nữa ""😊😊",0,0,0.0669783743111959
"anh luôn nghĩ thế giới này không có gì đáng sợ , cho đến khi anh không còn thấy em nữa",1,0,0.2599987643121947
mình chụp mấy lần liền chả thấy bác sĩ cho mặc lớp áo gì cả 😭😭😭,1,0,0.1404127704687329
"hồi bé đi mua xôi bị một đàn ngỗng đuổi 🙂 may mình đi xe đạp không thì ăn lol ** với chúng nó , cái thứ mất dậy 🙎🏻‍♀️🙎🏻‍♀️🙎🏻‍♀️",1,0,0.10024375300697484
a đến sớm hơn nhé 😆,0,0,0.050171534273315846
tao ấn tượng anh đầm hường ghê 😂,0,0,0.05159154059326843
đáng yêu thế bà đẹp gê,0,0,0.017136620673706134
cười ỉa phút 1 : 11,0,0,0.2042390154473172
sao không cắt móng chân cho em ... nhìn mặt cute mà thấy móng chân em sợ phết,1,0,0.09332376795148796
per cđ chỉ cần đơn giản như thế đã ấm lòng thế ... rơi cả nói chuyện mắt ...,0,0,0.49238470174318566
huhu sợ vãi luôn á,1,0,0.07437556166634363
per mày cũng cắt tóc giống thế đi cho đẹp =)))),0,0,0.08948980812568297
ráng ăn cho nhìu vô ỉa cục cức dài hơn móng tay ổng luôn kk,0,0,0.15116943797095445
tiền nhiều để làm gì khi tình không còn,1,0,0.21758104005310486
cài lò xô huyền thoại,0,0,0.04816870358925369
sở khanh như boss chịu liền .. đẹp trai quá trời ui,0,0,0.14161545103128315
chỉ còn lại tro tàn,1,0,0.25890366725914526
huhu lần trước đi chụp răng . thằng kĩ thuật viện cho bạn vào cái máy to đùng xong nó bảo ngồi im . nó bật máy xong chạy ra ngoài đóng cửa với tốc độ ánh sáng .,1,0,0.09566299058705105
mẹ tao vừa đọc xong còn tag tên tao vào . bọn mày có cách nào trưa nay không về nhà mà vẫn có tiền ăn cơm không chỉ tao với,1,0,0.2672775043168247
độc nhất vô nhị . kkkk,0,0,0.19788515225962325
thề nhìn họ hôn nhau thôi mà nổi hết gai ốc . chưa dám nghĩ tới xxx . chắc thốn lắm . lạnh sống lưng thật .,1,0,0.1599255793833561
là gặp đúng người nhưng lại chẳng đúng thời điểm . cuối cùng vẫn là chúng ta bỏ lỡ nhau 😥😥😥,1,0,0.10016074237429767
quả nhiên chồng con nhà người ta đéo bao giờ làm tao thất vọng 😄,0,0,0.3074383374670104
họ đã cho ta có mặt ở trên cột đời này rồi còn gì bằng nữa chứ,0,0,0.2300907434857765
tôi đã giữ lại mấy cái giấy note đã ghi chú khi nào kiểm tra =))))),0,0,0.1454709889114337
"suốt ngày trật ray , còn hay không sự phù hợp hệ thống ray - tàu với hệ thống đường sắt vn",1,0,0.06975242597790202
một mình tao ăn hết 1 nồi lẩu từ lúc tối 😭,1,0,0.369604669434048
"thời buổi bây chừ chuyện gì cũng có thể xảy ra , vậy nên thôi trất , đừng nên tin ai",1,0,0.11564542290519608
mỗi lần quyết tâm bỏ mà lại thấy cười . đm đời,1,0,0.16004945921378572
có những ngày làm tới đâu là sai tới đó :)) muốn tát vào mặt hết sức,1,0,0.43077943225121335
nhìn vừa tội vừa thương ????,1,0,0.11375223654096649
giao lưu tí không . tự bấm chứ không mua =))),0,0,0.09608454198164018
nhà tao còn nè,0,0,0.20983481865931858
bữa cơm trưa nay tăm tối như cái ava của tao vầy :((((((,1,0,0.1275792239734705
t thấy nó cười hoài mà không bao giờ nó cười với tao cả :((,1,0,0.34304676156072195
2 năm rồi và đã kết thúc rồi,1,0,0.40046353116483646
cách tốt nhất là đứng lên và chọn 1 nơi khác để tìm 1 thứ tốt đẹp hơn và dễ viết hơn :)),0,0,0.022577065526185443
"xã hội thật phức tợp , huhu . không muốn sống chung loài người nữa , tao về núi đây",1,0,0.25235133450940894
tội cả con quá 😭😭 một lũ vô nhân tính đã hủy hoại những mầm non tương lai .,1,0,0.1724465521577124
"tao nói té 1 cái không dập mề thua gì cũg thua , trĩ nội trĩ ngọai nguyên chùm =)))",1,0,0.13310991343272185
"per tải thử cái này cho cún đi chị , hay phết này",0,0,0.030395054401176725
cổ tích thôi nhé . tao mới bị hỏi vì rẽ không xi nhan . và anh chỉ nhẹ nhàng phán 1 câu : ‘’ 2 triệu đưa đây không thôi mai cầm 3 triệu lên đồn nhận xe nhé ’’ anh thật là dễ thương 🙂,0,0,0.12666641815653992
cưng quá :))),0,0,0.04472620259011259
nơi ấy giữ lại những kí ức tuyệt vời,0,0,0.01672546525101993
cô gái này thật dễ thương “ anh cứ nhắm mắt làm đại một lần thôi mà “ 😂😂,0,0,0.06687706687215901
tao nhớ không nhầm hôm nay nó đến tháng vậy là sẽ không bị đâu nhỉ,0,0,0.15325576726257448
má toàn truyện trong mơ không hà mắc cười quá 😂,0,0,0.18129295411161256
"động lực là tình yêu . vì sau khi chia tay , tôi đã thấy mình vô dụng trong một thời gian dài .",1,1,0.6297665741473715
ngày xưa cũng như này trong lúc mối quan hệ bắt đầu nhạt :) haiz,1,0,0.24104748784919958
nay buồn :(((,1,0,0.15919709736134458
tối mà tắt đèn gặp mặt nó với cặp mắt nó là tao còn sợ hơn thấy ma,1,0,0.1664384109746769
per ối bạn ơi quà sinh nhật mình đây rồiiiii,0,0,0.1115391111359428
câu chuyện mọc sừng được bắt nguồn từ đó 😀,0,0,0.10990656941782741
và vui mừng hơn khi biết tin chị vợ ở nhà vừa sinh hạ em bé được 1 tuần,0,0,0.14041533164346104
nghe ngọt thế :((,0,0,0.07388390067222093
thích thật,0,0,0.08689871274530178
tao xem mà cứ sợ nó ngã vãi 🙂,1,0,0.1449635574689443
bỏ thế lồn nào được :(,1,0,0.2304504222438561
"thanh xuân của tớ gặp cậu rồi , 4 năm rồi , chỉ có điều vẫn là 2 đường thẳng song song",1,0,0.20003199646221573
xem hết mới biết cái video nó không phải video hài thấy buồn buồn 😪,1,0,0.06261989787374021
nghe nguồn tao biết được độ chân thực của câu chuyện rồi 😂😂😂,0,0,0.04755841829836302
hạnh phúc thật :)),0,0,0.020408745665603082
kiểu định share vì thấy tinh thần khá hơn nhưng đọc bình luận xong kiểu nhiều đứa còn tiêu cực hơn mình :<,1,0,0.2576142691994765
t nghe thấy nó nói gì tao chết liền,1,0,0.2363516157200086
mong ông bà được nhiu sức khỏe,0,0,0.07979453523680044
đó là những nơi khác . chứ chỗ làm của em . anh chị đáng yêu v đáng quý . em học tập được rất nhìu kinh nghiệm .,0,0,0.0438202955208366
hết hồn chim én,1,0,0.0637654833903483
con đường này chắc dành cho mấy người như tôi,0,0,0.12171132868928204
chắc là năm lớp 4 5 gì đó :)) tao mua bánh kẹo đem vô lớp bán lẻ lại ... mỗi lần đem bán như vậy chắc cũng kiếm được lãi 2 - 30k 😂,0,0,0.12134548422077333
già còn thích phi công =)),0,0,0.04989419981447801
chuyện tình huyền thoại của per với per :(,1,0,0.0425606702794079
để tao nấu thì quên luôn . xác định tối đó đói :((,1,0,0.10859536006835244
mình trả phòng là chăn ga gấp gọn gàng . đồ đạc hẳn hoi trả người ta . dù sao mình cũng như người ta bẩn dọn mãi không sạch ai chẳng điên,0,0,0.17396542542837942
chỉ cần thích cái là muốn rụng tim,0,0,0.17996550613658746
công an béo như lợn không đuổi nổi tội phạm 😂😂,0,0,0.06884171124445773
khổ người lao động thôi,1,0,0.14860113916847315
moá nhìn rùng hết cả mình,1,0,0.10275486304779223
"trước tao cũng tin vào tình yêu chân thành lắm , niềm tin chết rồi",1,0,0.3168262368178206
vcb thu phí dịch vụ cao có khác . lương nv cũng hơn chỗ khác :)),0,0,0.04960298897955657
bư ̃ anh trước mới nghi ̉ xong tao đi đa ̀ nă ̃ người chơi 3 nga ̀ y xong vê ̀ kho ̉ em re =))),0,0,0.055997446182702394
có thì tốt nhất đừng có giận vì ngoài kia bất cứ thằng nào cũng sẵn sàng dỗ dành bạn gái của bạn 😋,1,0,0.09183788603157114
"đấy gọi là biết ngu mà vẫn đâm đầu vào , giống tao :)",0,0,0.1066238158999637
tao cũng có 1 người bà như trong video nhưng bà ấy qua đời rồi 🙁🙁🙁,1,0,0.17324559923425245
bắt võng nằm cho sướng,0,0,0.10617215698392146
phim này ý nghĩa lắm,0,0,0.11505687545765884
thú vui đặc biệt vãi :v .,0,0,0.0781158193634968
ny tao đbh dỗi . chọc kiểu gì cũng không dỗi . đáng yêu vãi 😂,0,0,0.04825422824324045
ko sợ gì chỉ sợ con ml ý 😞,1,1,0.525777134984687
quá hay cho admin,0,0,0.027042286243436884
per gặp tao chắc tao đái trong vần 😅😅,1,0,0.150955927014544
ngày nào cũng ngủ với mẹ rồi mà vẫn còn tiếc :))))),0,0,0.08675933441209177
tao thích vẽ . nhưng vẽ xấu từ đó chuyển hẳn sang mê chụp ảnh .,0,0,0.08621059022744124
t thấy dễ mà . không biết thì học khác biết . ez vãi,0,0,0.09096691892593124
còn gì hơn lòng dạ đàn bà ... cũng may tao là một con đàn ông :)),0,0,0.11956794641506567
thôi xong tao rồi :((,1,0,0.17092884067271097
cảm ơn bạn vì đã chia sẻ cũng như đã luôn sáng suốt để không làm gì sai,0,0,0.12258009371368511
bộ phim hay ý nghĩa nhất từng xem,0,0,0.014328016825585854
bài viết đọc rất sướng .,0,0,0.037427385521852145
con này chăm sóc n là n bao đẹp ><,0,0,0.14191824132546554
ừ thì là chuyện cổ tích . cháu đang đi đường thẳng gặp mấy chú thì phải rẽ ngang . 😢😢,1,0,0.06306047039014927
cưng gì đâu,0,0,0.13939797922664615
lâu quá mới nghe lại bài này buồn thế,1,0,0.06311234374578815
per eo ôi làm nhớ hồi nhỏ đi học mẫu giáo quá :))),1,0,0.02102890730627671
ngày cuối cùng thực sự buồn,1,0,0.35517127459612324
hú hồn hà,1,0,0.09077967555760255
aw giống tao vậy =))) mấy thứ linh tinh tao còn để nguyên vào 1 cái hộp bự cơ,0,0,0.14627041455412365
khóc muốn rơi cả mắt,1,1,0.8250719208839329
có những ngày mọi thứ nó bỗng ập đến,1,0,0.20166948304555754
bộ phim đáng xem đó mấy man,0,0,0.03504502097632885
một đứa sợ sấm chớp không thích hình ảnh này huhu,1,0,0.10086264439007894
per đây . cô gái bán hàng thú vị đây . phải xem cho hết,0,0,0.09582895423715186
nuốt được cục tiền đó cũng hay đó ( y ),0,0,0.044647736143353
rất nguy hiểm,1,0,0.05233189908057177
:((( tôi vẫn chưa sẵn sàng để đi học mà,1,0,0.09552021519974652
khang khang 1 thời cùng nhau vui say ! bjo thì khác rồi thân ai nấy lo hở chị hố hố ;)),0,0,0.14280741219460685
"nhìn cảnh này mình nhớ lại cảnh ông ngoại mình đứng ngay quan tài bà ngoại khóc nức nở . bà đi rồi để ông ở lại một mình , đau lòng quá",1,0,0.041889224918305365
"tụi mày có hiểu được cảm giác , muốn bắt chuyện mà không dám bắt không ?? tụi mày có hiểu được cảm giác vờ ngủ gục để nhìn nó không ?? tụi mày đã từng nhìn nó thật kỉ , thật tỉ mỉ chưa ?",1,1,0.5183868619672023
"sao vẫn còn người tốt trong xã hội này , đáng khâm phục",0,0,0.05868128574398558
rất tiếc cho 1 bài quyền,1,0,0.019793360433474787
nhện này trong nhà tao chắc tao bỏ nhà đi mất 😱🤯,1,0,0.26597273524453
mình cũng có con mèo đực nuôi được 1 năm thì nó biệt tích 1 năm sau nó về rồi 1 năm sau thì nó mất .... buồn,1,1,0.521575655786131
"mẹ kể hồi nhỏ nuôi con ngỗng thay chó canh nhà . ăn trộm mà vào thì chạy đằng trời với nó , cả bầy lao ra quạt với táp , khi gia đình vác gậy chạy ra thì thằng ăn trộm nó ôm cây trên tít cành cao , áo quần tóc tai lủng máu me tè le . gia đình phải cứu ăn trộm má mấy mẻ còn không tha , 2 3 con vẫn dí nhảy hàng rào dí theo ăn trộm . phải nói dí bao dai mà cục súc vê lờ .",0,0,0.26709254001975735
cái kết có hậu quá :)),0,0,0.039175426663357056
thấy cờ rút trên tờ polime là tim rụng rời liền,0,0,0.06002828993949929
chuẩn bài =)))),0,0,0.010662644759643068
"per huhu đúng quá nè :< sư phụ đi rồi , còn per thôi , đừng đi đâu nữa nhaaa 😢",1,0,0.11318920501360136
"chuẩn luôn , áp lực công việc cũng không bằng mối quan hệ với đồng nghiệp",0,0,0.15995265555011487
ui sồi ôi đốn tim vãiiiiiiii,0,0,0.07004946749330718
per tao mãi mãi bị con này ám ảnh từ bé đến giờ . thứ gì mà đéo thể yêu thương nỗi . nghe tiếng nó kêu là tao bỏ chạy trăm mét 😒,1,0,0.3079236260819579
per hết tiền thật sự :(,1,0,0.115286010061278
chuyển từ thất tình sang muốn chết vì quá chán :((,1,1,0.6493439998409334
"mong là chuyện không có thật , chứ có thật thì đau lòng vãi ra 😪😪",1,0,0.17712835385162626
đơn giản 🙂,0,0,0.15053877927468426
tại trà sữa làm tao mập chứ tao có muốn đâu :(,1,0,0.30525323078782846
"vui nhất là câu "" lấy ghế ra ngồi nhìn """,0,0,0.07464209384973645
xem video cu ̃ người cho ́ người hê ́ tao ca ̉ mă ̣ tao,1,0,0.042936113533466824
"tan rã hết rồi , giờ toàn đánh lẻ thôi 😭😭😭",1,0,0.21909124731186544
hên là đụng nhầm người chứ đụng trúng cái là rụng trứng cả bày cả lũ -)),0,0,0.10890184500505096
trông anh thần thái vãi :v,0,0,0.05830034343256709
cười muốn tắt thở 😂😂😂,0,0,0.42765616696816433
khiếp quá đi tụi con ơi,1,0,0.2076851032567663
bây giờ nhìn vào cứ kiện tụng mà nãn :((,1,0,0.22432684225379104
uiii xinh gái thế ...,0,0,0.07976982418305821
per ê xem đi phim này lâu rồi nhưng mà hay lắm,0,0,0.09774124482161964
"xem phim mà cứ nhìn cặp chân của ổng , chân gì mà dài thường thượt . chồi ôi 1m87",0,0,0.03239138670086869
thất tình đi nghe nhạc chúng nó còn ngồi trước mặt ôm nhau . hận,1,0,0.01955503131906895
ha ha chịu không nổi luôn !,0,0,0.1644797698831195
cắt cả thắt lưng da của bố để làm ná 😂😂,0,0,0.1547947982568376
học giỏi lại xinh xắn hì,0,0,0.0895696181463913
đú quan trọng bởi người tao yêu củng không đi chơi valungtung thế là tao vui rồi :)),0,0,0.06878328889980379
"bị chó rượt cũng không đáng sợ bằng mẹ này . gặp chó mà có ý định rượt thì đứng im hoặc đi nhẹ nhàng nó nghỉ rượt . còn mẹ này chạy mẻ rượt , đi nhẹ mẻ rượt , đứng im mẻ mổ như mổ thức ăn . thiếu điều muốn quỳ lạy van xin mẻ luôn .",1,0,0.2059083346890977
cái video đầu làm hết hồn per per,1,0,0.09481942484581544
người gì đâu mà dễ thương quá chờiiiii,0,0,0.03154599637768896
chủ tịch đi nặn mụn ở tai và cái kết khóc thét,1,0,0.14464337263264854
"mất đi một di sản , chứng tích của lịch sử 😓",1,0,0.1335378900327531
em đi bộ chết mẹ đây này,1,1,0.6388093667101129
chuẩn con mẹ nó cơm oy 😂😂😂,0,0,0.05644382441363234
không biết đến 2021 tao có lấy được chồng không nữa :((,1,0,0.3375937487589632
chia buồn cùng nước pháp,1,0,0.23127055851199935
thiếu cái que chấm dầu là ổn 😂,0,0,0.09440585548496991
🙂 thanh xuân của em đã từng có khoảng time tươi đẹp,0,0,0.10462821504727336
ai cho mình xin page của con này với thích xem nó live stream bán đồ gê,0,0,0.14290033379569334
vl bố tao đang ở đây mà chắc sáng mai mới về mất ??,1,0,0.23742122798488174
"tao là trùm nấu cơm kiểu này rồi ,, còn bây giờ mất điện thi nấu bằng bếp ga :))",0,0,0.12481935598818765
per huhu nhất là mấy bài không cho chất thử á :(,1,0,0.025362302569210425
tán gái hay vãi,0,0,0.024228124057296976
cười vãi :))) tếu thật sự luôn ý,0,0,0.07755720912005516
khớp vãi =))))))) mặt con bé,0,0,0.05314408178278445
nhưng nó giỏi và bản lĩnh đó,0,0,0.14261962335519712
tuyệt vời,0,0,0.00147970898088606
t thề hồi nhỏ qua nhà ông hàng xóm vá xe tao bị con ngỗng dí chạy xúc quần quanh nhà ổng vừa chạy vừa la làng tới giờ nhớ lại vẫn còn hãi 😧😧😧,1,0,0.24431663163024636
thông minh lắm,0,0,0.286088172979358
bà ngoại của em đáng yêu hơn thế này nhiều,0,0,0.042152694046126205
bé gái đáng yêu quá ??,0,0,0.01443476882510378
buồn thật ấy,1,0,0.11525955766772608
uớc gì sau này về già vẫn có thể như cụ này :)),0,0,0.0590115451266754
cư ́ như kiê ̉ u =))) ngươ ̀ i yêu,0,0,0.031800501641135
tao sợ ma nên không dám coi lun,1,0,0.41104704898472105
ai muốn đi thái hè này với tôiii nào cũng chim ưng phết đấyy :))),0,0,0.17267195233765764
"phim này quá hay . xem đi xem lại mãi không chán . đặt tay lên ngực "" mọi chuyện đều ổn "" câu nói kinh điển",0,0,0.2135096133652342
tại sao anh cứ mất công giận dỗi trong khi người xin lỗi vẫn là anh =)),0,0,0.19880803698891067
giống y bố tao 🤣 ngoa khủng khiếp nhưng mà nhà tao vui vãi_chưởng 🤣🤣. điểm danh nhà bố học giỏi văn nào 🤦🏻‍♀️,0,0,0.15978674399363152
à thì ra là như v =)))),0,0,0.03944929149316219
"per anh không nặn đi , mai mốt nó sẽ chaii dầy nè hihii :)))",0,0,0.053551977917550106
ngã nhìn cũng thấy yêu 🤣,0,0,0.01893336378224916
"cũng chuẩn , giờ khởi nghiệp vậy phá sản chỉ mấy tháng đầu",0,0,0.10483163113742297
"hôm trước tao đi chơi về đường vắng nên chạy nhanh , vừa qua cua anh cảnh sát chạy ra chặn làm tao sợ chetme vì giấy tờ không có bằng lái thì chưa thi lại còn thiếu abcxyz",1,0,0.06084604144599678
rớt vô đây chắc chắc khóc tiếng thái lan,1,0,0.30608552223100255
đỉnh của đỉnh 🙂,0,0,0.038650615567043696
bà nuốt quả chuối tao cười tao ẻ,0,0,0.11707778741924975
"có những con người luôn phải chịu đắng cay , cta không được chọn gia đình , bạn bè và càng không có quyền lựa chọn cuộc sống này . hãy vui lên với tất cả những gì ta đang có dù là hai bàn tay trắng",1,0,0.3717667994828038
đi bao xa mới thoát đựoc kiếp không có người yêu ? :<,1,0,0.13498503843626175
"gặp cái này "" sun "" mẹ nó vào ... :))",1,0,0.07136901727901801
tội bà vợ,1,0,0.08132948988017395
per 😢😢 miss you .. chính xác luôn ak hậu,1,0,0.08224199358639475
chắc ỉa ra quần chứ đéo đùa -.-,1,0,0.15991903483965647
tôi cùng hoàn cảnh với bạn má tôi củng bệnh và từng ngày từng ngày tôi bên má tôi sợ giây phút má bỏ tôi ra đi và ngày đó củng đến ai còn mẹ hảy quí từng giây từng khắc bên mẹ,1,0,0.3169886775256291
thua cả người ta 😞,1,0,0.12653113530679344
tính ra tao lúc nào cũng hài hước vui vẻ luôn đó trời :)))),0,0,0.05075287684724113
thật đáng sợ,1,0,0.18623060739319744
sợ xanh mắt mèo,1,0,0.18003398995578757
ấy thế mà đã 6 năm rồi . bây giờ còn không nhớ được những đứa nào đã học cùng mình nữa rồi 😪,1,1,0.5351148212614742
"per lại nữa , tao dg suy nghĩ có nên đi bằng rap về không",1,0,0.19176339170179085
per tao thấy tao trong đó ahahahaha,0,0,0.12180022278921024
"em ơi , hết rồi 😔 hết rồi , chẳng còn chi nữa đâu em ...",1,1,0.5991621422922516
hello đồng nghiệp ;)))) không biết nghiệp gì thôi haha,0,0,0.037780812833024424
"cái này ở shop đồng giá 40k aeon có nè , tê tới dái luôn",0,0,0.07525397315479683
nhìn stt đồng cảm khủng khiếp .,1,0,0.043997302985648586
một câu chuyện bi đát :((,1,0,0.29115540554361424
haizzz ... thế là chưa có kq gì tốt đẹp cả ..,1,0,0.1003536586616336
để có được cái nắm tay tuổi già là bao giông bão của tuổi trẻ . mấy ai qua được bão giông ?,0,0,0.1610295213130818
"đấy , nó đấy . con tim tao đau quá .",1,0,0.08890454608577161
gặp em đúng lúc nhưng sao anh vẫn thấy mình cô đơn quá .,1,0,0.20325547891746482
nhớ lại thời đi học xa nhà . bếp dầu ... :(,1,0,0.07938812194850113
"con gấu trúc , cho nó ăn trúc đi =))) tướng ngồi nhìn cưng vãi",0,0,0.07173743698739045
nhưng nó sẽ to và rộng ra :(,1,0,0.17125932871117963
haha còn tao thì thấy nó lúc nào cũng đáng yêuc 😄😄😄,0,0,0.13063816063313716
"đừng tin vào lời ong bướm , đó là hố sâu , là cạm bẫy tình yêu =))",1,0,0.047721886855630245
bây chửi kệ bây ! riêng tao thik phá trong trường hợp này 😂,0,0,0.20165281218329872
ở chỗ khác chắc gì có đứa béo như mình !,0,0,0.1550094711914401
"yeahh ! tao giờ đã là khách quen quán trà sữa đó rồi , về nhà cũng phải ráng tạt qua",0,0,0.14436898496233566
cái miệng nói chuyện không có người phụ nữ nào có trời ơi thật là có duyên khiếp quá đi thôi,0,0,0.12397485026155441
cưng quá đi,0,0,0.10195097085472106
một phút huy hoàng rồi chợt tắt còn hơn le lói giữa ngàn thu,0,0,0.06829255856327587
"bộ phim này xem rất sướng . và rút ra được khám phá là thứ tuyệt vời nhất chứ không phải bằng cấp . giá như mấy ông "" bộ "" và mấy ông "" ngành "" dành thời gian xem phim này một lần .",0,0,0.02112410875417477
aeon tâm lý thế :)) mày . n vào mua que kem tránh nóng,0,0,0.21727954102678054
per vui quá .. đi dạo được ven hồ rồi 🙂,0,0,0.09123190049642682
thế làm sao dỗ bạn gái đang giận :(,1,0,0.19616978749732814
vãi :)) độc đấy,1,0,0.0431147234635452
tao bị bỏ rơi rồi,1,0,0.4659085591573854
🙁 bị rớt tiền,1,0,0.19784503412135385
phần còn lại là nỗi nhớ và những lần thở dài :((,1,0,0.3110503287734949
"tao rợn hết người luôn , ghi công mày 😑😑",1,0,0.1394037946889332
"đây là tao khi bảo "" tao biết đường mà , tin tao ."" 🙂",0,0,0.1763686165221423
đã sợ chó rồi thì chớ lại còn bị đùa zai như này . ai sợ chó đã từng trải sẽ hiểu :v,1,0,0.3586961578601167
hic hic mình còn chả bao giờ được giận lại ấy chứ :((,1,0,0.28325714186906115
gãy tay,1,0,0.06795653409343964
cho em xin tên facebook của c trong video để khi buồn em có thứ mua vui ạ . cám ơn mọi người,0,0,0.12963296122416196
đợi đến ngày họp lớp đi 😪,1,0,0.12350270684916798
"võ nghệ cao siêu đến mấy cũng phụ thuộc vào hung khí , em biết được điều này lên không bao giờ em học võ mà tự xắm cho mình khẩu hoa cải !",0,0,0.12945718550388863
chia buồn cùng người dân và đất nước pháp,1,0,0.082228613200665
và khi quay lại nói chuyện với nhau .... biết nói gì giờ huhu,1,0,0.08761118098804073
"lớp 2 xí mót được cái chong chóng , bán lại cho thằng hàng xóm 500d .",0,0,0.0941156306412472
yêu sắp 2 năm rồi mà không biết người yêu kể chuyện cho nghe là gì 😢 đòi mấy lần toàn kêu không bình thường xịu xịu,1,0,0.04399107826688141
buồn cười nhất cái đoạn cã lũ bạn đồng thanh * chó nó lấy * 😂,0,0,0.0642071734594048
ờ công nhận đáng sợ vãi 😭,1,0,0.0865644097492139
đọc nhiều chuyện cổ tích vầy thấy yêu cuộc sống hẳn :)),0,0,0.04340573499708938
giun xào đĩa luộc là ngon ngay 😂😂😂,0,0,0.06802392475310161
mỉa mai cực mạnh =)),0,0,0.08005041520824513
chia buồn với gã lưng gù 😥😢,1,0,0.21992004713674038
con gái hay ảo tưởng như vậy lắm 😌,1,0,0.1244751007862409
có ai thấy tội ông cụ như tao không 😭,1,0,0.146746269817095
"ê tao cũng hay giữ mấy cái linh tinh lại như vậy để vài năm sau mở ra xem lại có cảm giác hoài niệm , mà mẹ tao bắt tao vứt hết rồi 😢",1,0,0.0903704665843677
"đấy , chỉ có sale như tao mới tốt thôi , tao không bao giờ hỏi về nỗi đau của khách hàng : x",0,0,0.2109489964646687
lâu rất lâu mới gặp được lần rồi liết mắt nhìn cái :)))) chưa thấy nó cười,1,0,0.07618014292363214
ra xong bảo anh ý ship em về nhà luôn được không . xe em bị hỏng mất tiêu rồi =)),0,0,0.24336675272209235
per cảm ơn tôi đi . thấy tầm quan trọng của máy chém gió chưa,0,0,0.07576597953446042
mỗi lần coi lại sởn gai ốc,1,0,0.13673839135123098
khổ nhân viên,1,0,0.06353759116041184
thật sự đọc xong thấy hơi rưng rưng,1,0,0.060523731494920845
phim này hay dã man luôn - có ai biết phim nào kiểu dạng này nữa o 😍😍😍,0,0,0.04960209785827938
nói xong còn chả dám ăn nữa 😂😂,1,0,0.379574122262939
người trái đất thật đáng sợ mà - _ -,1,0,0.052919208913442706
nhớ hồi mình làm đồng nghiệp ghê :))),0,0,0.01189199161666324
bếp dầu ngày xưa thật ý nghĩa,0,0,0.1227191956801444
có khi nào kết hôn xong nó giết lấy tiền bảo hiểm không,1,0,0.18409396022338023
"per như một cú tát vào mặt , đau lòng quá đi",1,0,0.3741230565425395
lâu lắm rồi chưa ăn được miếng cơm cháy .,1,0,0.1882814587834844
"ước gì con về với mẹ .... đợi mấy tháng rồi vẫn chưa thấy bóng dáng con , mong con vẫn sống ...",1,0,0.35807740453935083
cả ngàn tin nhắn không đổi lại được 1 lần xem :((,1,0,0.2003819346885247
cảm thấy sợ mấy thứ suy nghĩ cổ hủ của người lớn :(,1,0,0.0872422230323031
để nó vậy không thấy tội sao,1,0,0.07087894347908327
nhìn qua ảnh thôi cũng thích =)),0,0,0.04724548488725357
con bé xinh ghê,0,0,0.09097704953798855
"yep . chính tao . đi vệ sinh thôi cũng phải đảo qua , mà giờ thì người ta sắp đi lấy chồng rồi",1,0,0.07097306219099854
cũng dể thương đấy chứ,0,0,0.1318803113720474
phải có bao nhiêu tình cảm mới có thể viết ra được những dòng này ...,1,0,0.2205112108059219
buồn dễ sợ mà huhu,1,0,0.0819903718094919
đẹp trai quá,0,0,0.05150234299213413
"trời đụ , tội bé",1,0,0.09345652610798648
mang anh này về nhà luôn được không 😻,0,0,0.13973288763864752
gia đình thì không còn . tình yêu thì chưa có gì chắc chắn . 😏,1,0,0.11028724804290359
"chơi game :v cấp 2 trộm tiền bố mẹ đốt gần 10tr vào game , cuối áy náy không chơi nữa nên ngồi bán nick được khoảng 2tr cũng gọi là thu nhập đầu tiên :v",0,0,0.15629496261043702
bà về nơi phương xa mất rồi . nhưng với tớ bà là người dễ thương nhất trên đời . chỉ muốn ngả vào lòng ngoại nghe kể về những câu chuyện cổ 😘,1,0,0.24807914222029023
"anh giờ thích ai rồi , không còn giữ câu nói trước kia nữa đâu nhỉ . ừ gần 1 năm rồi cơ mà :((",1,0,0.40004705921246614
nhớ lại kỷ niệm này buồn quá,1,0,0.016910974871939315
còn tao thì 14 / 2 này trở đi tao không còn fa nữa mà chuyển sang những người già neo đơn .. kkk,0,0,0.14643593060266394
chả vị nước mắt à 😔,1,0,0.18055592209467788
ngưỡng mộ quá đi ạ . chúc 2 ac mãi mãi hạnh phúc như này nha :))),0,0,0.01912212860804254
phìm này rất rất hay đôi với ai sống hướng nội !,0,0,0.09758537508278284
:v crush có người yêu rồi,1,0,0.027733351495690062
"trên đường tao đi làm cũng có 2 con , mỗi lần chay tới là nó vương cổ ra như kiểu muốn hút tao trong khi tao không làm gì nó , cứ mỗi lần chạy tới là tao cách ly cả "" nghìn mét "" với nó , thấy nó sợ bỏ mẹ . đúng chất con ngang",1,0,0.2878091042461981
cầu mong chú có cuộc sống tốt hơn ❤,0,0,0.12304556116703337
thề lun anh ấy rất kĩ thuật lun á,0,0,0.05590620289887377
moẹ ! nghe cái tên đã hấp con mẹ nó dẫn lắm rồi đây này ! đjln ??????,0,0,0.24864578168576398
được bác ạ !! cứ lấy vợ giàu là được tuốt =))),0,0,0.06520756170656926
hên là chay ra kip,0,0,0.09283914565512713
per tìm ông bán xoài này ngay cho em 😂😂😂,0,0,0.03300638882697506
cười ỉa 😂😂 thây nó thét mà tao nghĩ dọn xong nó đi luôn cái cổ họng,0,0,0.09635692895800105
hay lắm cậu bé,0,0,0.09822587374818652
có biết bao người có mảnh đời như vậy !,1,0,0.09880794450075708
per =)))) đáng sợ vãi,1,0,0.06923294386072897
hhaahhaah ! t đã may mắn như thế 😂,0,0,0.1656933047048241
maii ban thanh nhung nhớ cái này không hic 😭😭😭😭😭,1,0,0.03706186618249796
uề ... lại li hôn không thành công ... 😂😂. t buồn cười câu này quá per,0,0,0.32877967307402783
per thông minh là đây chớ đâu,0,0,0.08873515648739977
mai xem lại phim nay . phim rất hay .,0,0,0.005179385872209075
khi em nói 2 chữ muốn dừng là nước mắt không bao giờ ngưng . . . đau,1,0,0.4731398674027933
đa ́ người yêuc quá ́,0,0,0.03722019608077295
per anh ơi đừng gym nữa . boxing là đụ rùi :((,1,0,0.06315271749097642
nhà tao vẫn nấu . à mà lâu lâu tao về nấu một lần thì không cháy cũng nát,1,0,0.1977740194594126
tội cho cô gái ;((,1,0,0.07166386898016915
có những người đi qua đời bao nhiêu như 1 cơn gió vậy . vô tình nhìn lại . nó lại là quá khứ ...!,1,0,0.14262409892668226
"rất dũng cảm , đáng yêu quá",0,0,0.0497302048925677
"per ít bửa đi coi , trailer thấy hấp dẫn quá",0,0,0.0884089883628026
per kỷ niệm nè !!!,0,0,0.022766197823291773
cảm ơn mày đã khai phá cho tao thêm một nét văn hoá đẹp :)),0,0,0.0968155995506058
ít nhất con nhện nó còn yêu mày 🙂🙂🙂,0,0,0.11838144194554304
người ghép có tâm 😁😁,0,0,0.0722575607726508
tao cute mà các mày,0,0,0.10612860123047178
cưng ghê,0,0,0.09694015790841691
per chán quá,1,0,0.2296119519098911
yêu làm mẹ gì rồi phải chia tay người ơi,1,0,0.044890568317767145
"ôi những con người dễ bị ám ảnh với quá khứ , ôm nhau cái nào",0,0,0.1873717191028877
định tag anh vào nhưng chợt nhớ ra làm gì có anh nào 😑,1,0,0.07018996404872786
nhớ không em lời hứa ngày xưa mình bên nhau dưới ánh trăng đã nguyện thề :)),0,0,0.12421107314209526
"sau 15 năm cắp sách đi học và 2 , 5 năm không động đến sách thì bây giờ đang tự hỏi đây là gì sao mà giải được . huhu",1,0,0.22641173863945632
cay đắng và mặn :(,1,0,0.12660850980384813
đm thực tế như này còn hay . tiếc là đéo ở gần mình =)),1,0,0.16051375758146413
tuy chưa viết hết nhưng tao người khác sẽ hiểu là viết cái gì,0,0,0.1559852133162542
lúc tối mày cũng nằm mơ nèo nhà mày về . ước gì nó là sự thật 😢,1,0,0.43382163490359626
per dume đái trong quần,1,0,0.2298324235583445
mắt 2 mí dễ thương quá,0,0,0.04796856954321685
tuổi thơ tôi toàn gặp những thằng mất dậy và toàn đánh nhau với chúng . tuổi thơ nợ tôi quá nhiều,1,0,0.2217233592517625
"nhớ lúc trước có thằng bạn học rất giỏi và đẹp trai , lớp phó kỷ luật lạnh lùng và tàn ác không thương sót ai , ghi hết vào sổ . chỉ riêng mình là có thể giật tập nó để chép bài và đánh nó không thương tiếc mà nó vẫn im lặng , không bao giờ bị nó ghi tên vào sổ . kiểm tra quay phao nó giục bỏ và canh cô đưa bài cho chép",0,0,0.0578425727229618
"muốn hun , muốn ngắt , muốn nhéo , muốn tán vào cái mặt nó ghê , yêu vãi ??????",0,0,0.13801498936563228
mình làm ở sài gòn gặp nhiều bạn ở miền ngoài nhưng thích nghe nhất giọng ở phú yên nghe hay hay sau ah có ai vậy không,0,0,0.053743214770329006
lớn lên sẽ rất đẹp chaiii ??,0,0,0.040448720252515974
dễ thương ha,0,0,0.04000244004113036
nhưng đảm bảo coi cái nào là cười sặc cái đó :)) vì nó diễn tệ đến nỗi nó hay,0,0,0.15039710573349024
xem cả chục lần vẫn thấy hạnh phúc lây với cụ bà 😊 không biết mai sau mình có được vậy không,0,0,0.10807161505474684
cho thơm miếng nào yêu quá cơ,0,0,0.05259857821556402
để được maiz ngắm nhìn nụ cười đó nên quyết định chỉ crush mà thôi :3,0,0,0.11480134035614353
đối với tình yêu thì thời gian có tác dụng xây đắp chứ không còn là phá huỷ mọi thứ nữa . ngưỡng mộ hai ông bà ❤️❤️❤️,0,0,0.06172041838319815
kinh dị v,1,0,0.4099419682195807
hồi nhỏ cứ đi qua chỗ nào mà nhìn từ xa thấy bóng dáng mấy con đuỹ này là chuẩn bị tinh thần chạy chứ nó dí sấp mặt luôn dù mình đéo làm gì nó hết 😂 vừa dí vừa ngoác mỏ hét sợ vãi ra,1,0,0.32605207624262
"em cũng đi lead này , nhưng đừng gọi em là ninja được không , xin luôn đấy",1,0,0.18763810505491546
sợ vãi linh hồn,1,0,0.10623055412993017
giống ml em tao hồi n nhỏ vãi . muốn ngủ với mẹ nhưng bị tao nịnh nọt bắt lên ngủ với tao :)),0,0,0.27037819103424715
ôi vãi mình lên fan cứng rồi cơ 🤗,0,0,0.12524219866491834
bé gái đáng yêuc quá :))). dth nữa,0,0,0.04168306663057414
hôm nay anh xin lỗi em về những việc anh đã làm hôm nay .. anh không thể kiểm soát não anh được nữa rồi 🤫,1,0,0.2943851996155642
từ nay tôi quết định nuôi dưỡng con chim tôi tới già . và tôi mong được unesco công nhận kỳ quan thứ 8 của thế giới,0,0,0.24665809129784105
và đó đéo phải là tao =))),1,0,0.08863794657018559
ngọt sớt :))),0,0,0.04332903747075253
một sinh vật xinh đẹp và hiền lành . tiếc cho nó quá,1,0,0.02354552790290746
sau khi bố xem video của con xong thì bố rút ra 1 điều . bố không chỉ chửi con lúc con cầm đũa mà bố sẽ chửi con cả ngày thân ái ... yêu con,0,0,0.3110137337263323
đẹp quá v 😍😍,0,0,0.03869437587100995
xin đi chơi với bạn ngày tổng kết không cho cứ bắt học miết :)) khá mệt,1,0,0.2486079076456137
cảm động quá hjxhjx,1,0,0.11032574372713347
cuối ngày hình ảnh của ông bà là đẹp nhất ... chúc ông bà mãi hạnh phúc sống thật lâu lâu nhé 😘😘😘,0,0,0.029772757289686605
nhìn đôi bàn tay đã biết phải lao động rồi . chị có lấy trai việt không :)),0,0,0.09733474116899435
là crush ông nào thì chạy ra bế vào nhà dễ dàng có người yêu :),0,0,0.06388678008238055
ngáo cỏ này đáng yêu nhỉ,0,0,0.03205506138908742
ai cũng nói tao đẹp troai . hiền lành nhưng chưa biết lúc tao lên cơn 😂😂😁,0,0,0.17711071652230947
nó mới ghé nhà tao đây :)),0,0,0.07356952586932948
đái mẹ ra quần,1,0,0.18847652067988566
tao ngồi tao khóc 1 buổi ☹️,1,0,0.25460485978065595
ra xã hội rồi mới biết mình còn may mắn hơn rất nhiều người vậy nên hãy trân trọng những gì mình có 😊,0,0,0.23958589147552534
cưng thiệt chớ ????,0,0,0.045094248741316685
ý tưởng hay 😂,0,0,0.0733005101231601
nó thả thính xong nó chạy mất ..,1,0,0.12121890488014984
đang chán đời cắt tóc xong là chán cái mặt hơn chán đời luôn :((,1,0,0.3282427865683288
ai thấy pha cuối phê vãi không,0,0,0.07187971395454502
lo cho thang bé lỡ rớt điện thoại xuống nước thì ....,1,0,0.09339695474028806
tim vỡ nát,1,0,0.1453572724667352
per em hiểu sao anh đưa em quyển sổ rồi nha kkk,0,0,0.09418820631277348
bộ phim truyền cảm hứng hay nhất =),0,0,0.013906549164870672
"mai tao ăn gà , chụp hình bình luận lại cho mày thèm chơi ??",0,0,0.09894812521221635
"theo mình thì không nên vì định kiến xã hội quá khắc nghiệt , họ sẽ bị tổn thương và nghĩ quẩn",1,0,0.4059785552701341
"hôm nay ai có vàng bán hết đi , tuần sau mua lại , lời vãi .",0,0,0.0712186333474795
ai hát tao cho tao nge bài này chắc tao say quá,0,0,0.03220166481805802
thằng đoạn cuối mặc áo hồng đang định gải đít nhưng vì thấy rắn nên anh ấy đã hết ngứa,0,0,0.08240728707696031
khoảnh khắc mày nhận ra mày còn đéo bằng 1 thằg nhóc còn trong bụng mẹ :((,1,0,0.31442674387169744
đem người đó ra biển cho biển cuốn đi lun .. hihii,0,0,0.09775742168398995
hên crush nay ăn chơi lành mạnh,0,0,0.04614385856155931
nhiê ̀ u biê ́ n đô ̣ người kha ́ thu ́ vi ̣ =)),0,0,0.06616871516727163
nhiều lúc em di từ từ chưa kịp đỗ đã có n ra bảo không được đỗ ở đây chán qúa,1,0,0.4457612923088627
phim này là người cha zombie yêu thương con nè . xúc động quá 😢😢,1,0,0.03836396390694676
nhìn giống mấy đặc vụ của cia . sợ thế :)),1,0,0.038594001881890085
per vậy cug nghĩ ra được haha,0,0,0.08596285016405822
có lúc ngồi một mình mà cảm thấy lạc lõng lắm các cậu ak,1,0,0.3357841648149475
buồn cười vãi ý,0,0,0.21839303569199547
"gắng , nhanh khỏi bệnh rồi về bên anh",0,0,0.09192744727626385
per giải trí =))),0,0,0.03290510127994736
nụ cười của tôi thiên thần vãi,0,0,0.3291848655494221
per người yêu công sở nè 😂😂,0,0,0.046833801828963156
gd năm nay chán,1,0,0.28331921791899106
chúng ta mất 3s để nói yêu nhau vài 30p để phịch nhau phải không nào,0,0,0.03396199675236569
phim hay thật nhưng cái kết hơi khó hiểu :v chốt lại là đáng đồng tiền bát gạo :v,0,0,0.04734351432519795
em không muốn chúng ta già đi chút nào . điều đó đồng nghĩa với việc cta sắp xa nhau 😔# n,1,0,0.08696146896152615
"khi bạn làm con b sẽ khóc , nhưng khi bạn đã làm cha mẹ bạn sẽ thấy đau lòng .",1,0,0.3477074303756575
ông trời cho mình lũ bạn cờ hó quá ấy mà :),0,0,0.04907338198575968
biết là đau lòng nhưng sao bản thân vẫn muốn biết nó,1,1,0.626770754343405
có duyên nhưng không có phận ... người ở lại vẫn luôn là người đau nhất !,1,0,0.07110932183660007
nào tao cũng phải thử =)))),0,0,0.05755507043900546
"đỡ mua 5k tiền sổ rồi , kaka",0,0,0.07151787776173733
đẹp người đẹp cả giấc mơ 😊,0,0,0.06434486625851732
per tao cứ thấy giống giống mày :))))),0,0,0.08931187984018159
phận làm con trai haizz,1,0,0.18265924154701998
thà chia tay rồi ghét hận nhau còn hơn là đang lúc dang dở thì mất nhau 🙂,1,0,0.17599593446478057
phim xem hay ... nhẹ nhàng tình cảm ... và cười vkl,0,0,0.08214518248855134
không thấy không biết lòng không đau,1,0,0.2652558028583746
"úi sời , gần chỗ mình này",0,0,0.33602469197696183
"từ nay sẽ không cap màn hình ib nưa , thật tội lỗi tội lỗi",1,0,0.09612439717371538
uất quá anh ấy cũng phản ứng cãi lại . hì hì đáng yêu quá,0,0,0.027581380483248263
hahah tao chưa nghe hoàn chỉnh bài này lần nào,0,0,0.09647110666591178
"những người trẻ với tấm lòng nhân hậu , các bạn thật đáng yêu .",0,0,0.027474890284969702
đến năm cuối đại học rồi lúc nhớ lại đéo có gì :)),1,0,0.06719118007314605
đm nhậu say gặp cái cầu lol này chắc tao nằm xuống mẹ cho rồi per,1,0,0.13190376405152246
là nhìn người ta đi cạnh 1 cô gái mà bất lực không thể làm gì ngoài việc ngồi nhìn và mỉm cười,1,0,0.2425883062921559
đoạn phim này tốn khá nhiều nước mắt của người xem,1,0,0.066429883893073
đọc bình luận cười ẻ,0,0,0.15167627106896894
t có 2 con bạn thân nó thì cao trọc trời còn tao thì ... . buồn,1,0,0.23104540829556286
dẫu hiên ngang giữa đất trời gặp con vợ đểu thì đời cũng xong,1,0,0.11573755768221383
"hahaa , đợi em ngủ chút tí ròii buôn :))",0,0,0.09568280836761035
t định thả sad nhưng đọc bình luận buồn cười vailon 😂 nên thả hahaa :v,0,0,0.19331714998885188
sao nỡ lòng nào khiển trách bác ấy . còn họp kiểm điểm nữa . tội quá .,1,0,0.2170713796453152
t gặp quả này thì bỏ xe mà chạy ??,1,0,0.05487069444805423
"phải nói là hài tàu hay thật đấy , luôn li kì và khó đoán kết quả , ý nghĩa thì thâm sau . hihi thích rồi đó",0,0,0.07204022429278358
"đúng rồi , kiên trì thêm một chút nữa đi ! :v",0,0,0.1457273500044955
ngoài kia ! còn có rất nhiều điều tốt đẹp vẫn còn trên thế giớ này ! hy vọng những điều tốt đẹp luôn diễn ra từng giây phút ..,0,0,0.09241827859930694
đã check rồi lại còn đoán :)) em vui tính giống anh đấy :)),0,0,0.04050815907306004
per cảm ơn mọi người . do em thích mấy cái văn hoá tưng vùng để tìm hiểu,0,0,0.1309810001156588
bé tí mà đã có múi rồi :))),0,0,0.04162196079131534
thấy hơi sợ sợ rồi đấy :(,1,0,0.12611550160907392
nhìn lũ trẻ yêu nhau mà lòng già xao xuyến,1,0,0.016550456780607948
per hồi ở tam kì hay nghe ... giờ nghe lại buồn ds,1,0,0.08092884487297881
"crush đi nhậu rồi say , rồi bị thịt ... hic hic",1,0,0.166838379374733
lùn lùn làm sao sống qua nổi những chuyến đi phiêu lưu như vậy,1,0,0.09807225807623172
cảm động người thầy đưa học sinh đi làm hồ sơ 🙄,0,0,0.10609224921445334
hôm nay đi qua vẫn thấy nói chuyện thải chảy thẳng ra sông thì bao giờ mới sạch được ... haiz,1,0,0.19482611430466446
tao còn không dám ăn nói chi ruồi .,1,0,0.3559047049826539
việc đớn đau nhất . là nhường người mình yêuu nhất cho 1 người khác 😔😔😔. chỉ vì đơn giản không muốn ai phải đau buồn,1,0,0.29423634052960956
cách xử lý thông minh,0,0,0.14196730668009086
má nó thú dị thôi rồi 😂😂😂,0,0,0.07548319038883722
thì đúng là sẽ không buồn vì thất tình nữa :((,1,0,0.13996119024886616
sợ vãi tè ăn độc 2 quả mọc luôn 2 cái nhọt ở mông đíu hỉu,1,0,0.037609923771825204
"tao thì chưa cắt thì đã đéo có sức hút rồi cắt , bùn vãi",1,0,0.25796009997079
xui thôi chứ quyền đang hay mà 😢,1,0,0.06349710677533012
một năm đầy biến động và thăng trầm của nước pháp ☹️,1,0,0.45303368043503506
per nhờ mất bạn nên mình mới biết 😂😂😂😂,0,0,0.08380613159137605
chạm đáy nỗi đau 😞,1,0,0.1705983002270907
"nhìn một cái rồi thôi , chuyện của những năm trước",1,0,0.047763071821689485
không ngờ tin nhắn riêng tư cũng phải kiêng nể nhắn tin để lỡ có bị chụp vẫn thấy chả sao,1,0,0.06773065520652816
mỗi mùa trung thu đến nhìn người ta mua bánh tặng nhau mình lại thấy chạnh lòng ! 😞,1,0,0.021760265409628245
t chắc bỏ nhà ra đi khi ở với bố mẹ kiểu này quá . vẫn may bố mẹ tao không hề giống này tí nào,0,0,0.17924956212262871
per ơi nhột nhẹ kkkkk,0,0,0.07307616687742703
t thề với mày là tối thấy cái này chắc đái con mẹ nó ra quần,1,0,0.16067561515770093
dự là 30 mà 30 sợ già quá chả chó nào nó rước . năm nay đã 26 rồi mà vẫn chả ai thèm yêu 😔😔😔,1,0,0.07381783387621245
nhớ con gái tao quá :((((,1,0,0.06571999910672521
per nhìn mặt cưng gê,0,0,0.08820223329502914
mỗi lần chạy xe ngang kv bình chánh là cảm thấy sợ,1,0,0.11470461578922504
còn gì đau hơn,1,0,0.14664091220091754
"mới đây thôi mà đa 3 năm rồi , những ngày chia tay buồn đó :((",1,0,0.22833428655031357
các anh chị hãy nói với em đó chỉ là diễn xuất mà thôi . và tình yêu như vậy chỉ có trong tiểu thuyết mà thôi .,0,0,0.04859403161371238
nhỏ ngầu lớn lên nhìn bê đi =))),0,0,0.03999546416899927
"chia sẻ cho anh em , haha",0,0,0.04738385038856555
per đứa nào nghĩ ra được cái qcao hay vãi ...,0,0,0.09416283528777365
trời ơi tao chóng mặt quá đi :((,1,0,0.16099562886832117
"công ty nào nhận bạn không quan trọng , quan trọng là ai giới thiệu bạn vào công ty 🤣🤣🤣🤣",0,0,0.13127243153321932
tao học nhân sự đây còn đang lo thất nghiệp đây này,1,0,0.17448468113211663
"mình sợ nhất đến bữa ăn mà bố mình vác cái thớt vào mâm cơm , bố mình biết mình sợ vậy nên mọi chiện giải quyết sau khi ăn cơm xong ,",1,0,0.15076906178978378
tôi đã xem đi xem lại 3 lần và xem lại lần hai mới hiểu hết nội dung và thấy hay hơn khi xem lại lần 3 . ai chưa xem hãy vào xem thử 2 lần !,0,0,0.12968368380936396
"cả 2 bà đều mất khi mình nhỏ , không hưởng thụ cảm giác này rồi",1,1,0.6372777574646868
per được đi thi chưa babe 😂,0,0,0.045312997717183785
"cảm ơn cha mẹ đã cho mình hình hài này , xin được khôn ngoan để đừng làm đau người khác",0,0,0.11506955247299362
cười lộn ruột,0,0,0.17817278348753804
hôm đấy bổn cung về quê báo hiếu cha mẹ .,0,0,0.10126819484377905
"a nói là anh làm ngay đấy , các chú đừng đùa với anh 😂",0,0,0.02185313430194503
nếu 1 ngày per theo thằng khác và per cũng có bỏ bạn mà đi thôi huhu,1,0,0.061620121992813734
nghe hay,0,0,0.006704895225388784
"khi xưa bị rượt 1 lần mà nhớ đời , còn mổ tao nữa chứ 😨😨😨",1,0,0.27792470001614705
nó sẽ thì thầm tai mày “ dượng đây “ 🤣🤣,0,0,0.298783784644609
mất bà cái tuổi thơ -.-,1,0,0.19106581241425877
"hồi nhỏ đi học phải ngang qua nhà nuôi ngỗng nó dí chạy thấy bà luôn , ngày nào cũng phải cầm cái cây theo . thề luôn tới giờ tao vẫn còn sợ con này khiếp luôn 😭",1,0,0.09702164295586932
"má , dume cười ỉa :))))",0,0,0.09414288578983743
"per đây là thằng con trai vừa đẹp còn có não , mong per học hỏi ! xin cảm ơn",0,0,0.11440747702898363
thông minh vãi,0,0,0.09099715842520933
nhìn mặt là cười phọt rồi,0,0,0.16793525455204458
chắc là vì em .. đi lấy chồng 😥,1,0,0.13577894667300094
nghe lại bài này thấy chột dạ vãi,1,0,0.019557630923964297
dễ thương kinh khủng . bởi vậy mới nói mấy đứa yêu nhau là lầy nhất,0,0,0.045957394236768236
khi đã đổ vỡ hàn gắn lại chắc gì đã được như lúc đầu :'<,1,0,0.21882527834774856
ngày xưa mìh cũng thế . dume thấy mấy ông đứng đầu đường nhòm nhòm cũng phải lượn qua cái :)),0,0,0.056126280661652886
per ê tao với mày mà đi cái cầu này chắc rớt ngay bước đầu quá 😢😢 đã mặp rồi chân lùn nữa đi qua bằng niềm tin,1,0,0.23057036576070544
ae phục vụ ngày xưa của mình đâu rồi . sao thấy thương bạn này,1,0,0.12135616634509484
phim chuẩn chưa này =)))),0,0,0.012466702620155859
t chỉ muốn khoe là tao vẫn được nghỉ 1 tuần nữa =))))),0,0,0.18363734653215244
hi vọng hòa bình ở triều tiên sẽ không còn xa nữa . goodbye ! # per,1,0,0.19119563111827476
có móng tay dài cũng khổ,1,0,0.21902186342378877
sau nay em cung uoc duoc nhu vay ❤,0,0,0.13501156390439115
có đứa nào vừa xem vừa sờ tai mình không ? sợ vãi :<<<,1,0,0.24806825274662048
"tự nhiên nhớ đến hồi bé , đi kiểu nào cũng bị ngỗng rượt chạy té sấp mặt luôn , nhiều khi nghĩ sợ nó dí hơn sợ mẹ đánh",1,0,0.24493602105663198
tao lại sợ mày quá cơ :))),1,0,0.09055844850473291
hay bị giật khô trên đó rồi :(,1,0,0.16512015437439553
"phim hay , nhưng mà lần đầu xem là cùng nyc nên .. 😐",1,0,0.09252282464725817
"em cũng như con chó thôi , nếu anh đủ kiên nhẫn thì mọi chuyện đã khác rồi 😪",1,0,0.196186304555454
làm công nhân đã khổ rồi mà tụi nó còn nỡ lòng nào hại người ta nhắn tin,1,0,0.23071803655137907
ngày trước nấu cơm . đun rơm . đốt được hơn 10p mới nhớ ra chưa cho nước . hỏng cả nổi cơm huhu,1,0,0.04566754711821949
lúc ra hà nội ở ngay phố đào tấn mà không biết chổ này 😢,1,0,0.15008560453650954
má lỡ té xuống 1 cái tao nói lên tắm 8 năm cũng đéo sạch nữa,1,0,0.2837587641706948
tận cùng của nỗi đau 😑😑😑,1,0,0.21876040703346394
chuột mà làm như người vậy .. ít hôm nó gặm cả rắn cả dây thì thấy mẹ ..,1,0,0.1345407711922762
em này xinh vãi các bác ạ .,0,0,0.071110102752819
ai bảo con trai yêu không nặng tình ? :'(,1,0,0.1508581504801398
tao thì ngược lại .. cắt xong nhìn như thằng trốn trại vậy,1,0,0.13559345036670334
tên thì tất nhiên nhớ nhưng ngày sinh của tao thì ông bà bô nhà tao không một ai nhớ cả ^^,1,0,0.12551530947796818
"nhớ trung thu năm ngoái , đứng nhìn các cặp tình nhân ôm hôn , nắm tay nhau ... chạnh lòng lắm !😞",1,0,0.06416702434137772
thôi mày cố lên . đỡ rồi cũng tốt,0,0,0.16472735415832865
🙄🙄🙄🙄 tao cũng thích kiểu kể chuyện trước khi đi ngủ . cho đến khi tao ngủ luôn . mà đéo có ai hết . buồn đời,1,0,0.155727478720101
"nhìn 1 cái , cười 1 cái rồi về thôi",0,0,0.13454930424693218
thật chứ thấy bạn nam kia cứu con chó không cần nhìn mặt cũng biết đẹp trai rồi 😆,0,0,0.29146237048693185
:))) mình sướng mà mình không biết hưởng nhìn lại những mảnh đời bất hạnh mình nguối mặt thẹn gấp 100 lần,1,0,0.1294323743690948
oaaaaaaa ...... thực sự rất tạo động lực và niềm tin cho người khác đó < 3 rất thích nụ cười và sự thoải mái tự tin của anh chị < 3,0,0,0.2764427003254151
"per nhà giáo áp lực quá nhỉ , giống làm dâu trăm họ .",1,0,0.22145407664526445
"thường thì người thuận tay trái sẽ bị bệnh này :v , riêng tao thuận vả 2 tay nên chả sao",0,0,0.07808773197509923
trò cười . :v,0,0,0.21019193702389685
tội cho mấy thằng đang xoay tiền mua bánh trung thu cho vợ thằng khác ăn,1,0,0.054502372416501806
tội thằng per vãi,1,0,0.07263275185528102
nhìn con bé thấy cưng ghê chị ơi,0,0,0.040986606992670024
tao cũng ước mình có 1 tình yêu như ông bà ❤,0,0,0.09269064852584459
đi chơi lụm được tờ 2k rách mua băng keo 5k dán lại tờ 2k 🤔,0,0,0.09346066098773069
"các cháu thật tốt , hãy thương yêu mọi người và cả loài vật nhé , may mắn và niềm vui sẽ đến với các cháu .",0,0,0.021665141604981904
per con nhện cản bước bé xuống cầu thang =))))),1,0,0.05867369295256209
"chẳng phải chuyện hài nhưng sao tao thấy buồn cười quá , chắc thần kinh có vấn đề",0,1,0.5288063596742133
đồng cảnh ngộ :(,1,0,0.019589334652252887
con ước mình cũng có 1 tình yêu đẹp như ông bà vậy < 3,0,0,0.0665330294323962
per phải nói là hiền quá hiền luônnn 🤣,0,0,0.06523944621203849
cô ấy hết thương tao rồi,1,0,0.19595370652748234
phải tự cho mình đau lòng nhất thì mới bỏ được,1,0,0.27773265748441717
"đang học sử buồn ngủ , xem cái này tỉnh rụi liền =))",0,0,0.049907258058964336
thớt là gu của tôi :))) yêu quá hiuhiu,0,0,0.028492848884711507
mới có 3 năm thôi mà ... vậy mà chúng ta còn không tụ họp được lần nào cả,1,0,0.12116143653911214
đấy mới là điều càn đó . huhu,1,0,0.07592624509717615
thanh niên leo lên cao để theo dõi thời tiết để thông báo cho người dân đi cấy thật cảm động,0,0,0.021019052145893873
quen với quên rồi thì hết đau thôi mà,1,0,0.11936214346464691
"động lực là tình yêu , gia đình là nơi để về hihi",0,0,0.19692588385697074
nếu chịu khó đặt vào hoàn cảnh của nhau mà sống thì cuộc sống đơn giản hơn rồi đó,1,0,0.12381949982842676
vì bạn chỉ là con trai nắng hoặc em gái mưa thô :(,1,0,0.19877997258331317
"quỷ cái chứ ma đâu mà ma , haha",0,0,0.087599383819931
cười ị :v,0,0,0.26982063237143034
"vãi cả phí , có ... 81 tỷ hoy 😓",1,0,0.1392038025590796
có lẽ vì vậy nên moi thứ trở nên thật khó khăn lúc này :(((,1,0,0.21867875928057498
ai giúp bé với hix,1,0,0.099551826054788
ôi cháu taooo =)))),0,0,0.03514001765267623
chỉ có được cái chữ đẹp . hihihi ...,0,0,0.10085887957153115
nhớ đến lại buồn . chuyện tình chúng ta chẳng đi được đến đâu cả,1,0,0.07685201045159183
tao lại thích chua lè chua loét chứ :))),0,0,0.10343741778257617
dume đêm ròii =))) tao cười vãi tí hàng xóm qua đánh bỏ mẹ,1,0,0.2819770157824091
gặp tao cũng thế :))),0,0,0.06720621026951647
năm xưa mày cũng ôm gối đứng cửa phòng c như này này per 🤣🤣🤣,0,0,0.38576767380256627
"nói chung thánh này không ai ghét được , trừ hlv kkk , dễ thương gắp trăm thằng pogba ,,, mong cho thằng đó nhanh biến khỏi mu",0,0,0.16249917212744275
per nhớ cái này không bây kk,0,0,0.09057836427123714
"vợ mình cũng thế , mấy lần đắp mặt nạ dọa chồng :v được cái mình chơi game kinh dị nhiều nên đếch sợ =))",0,0,0.23130476747696593
vèo cái đã 7 năm 😕,1,0,0.13045919392843583
các mày trốn đi bọn chủ tịch đang đến kìa 😨😨😨,1,0,0.1450695679247061
kích thích vãi,0,0,0.20372305895713075
tao hiểu rất rõ cảm giác của em ấy ....,1,0,0.4135479744482103
cay đắng cuộc đời 😞 một chút vị mặn của mồ hôi nước mắt,1,0,0.18653425408324015
cãi tay đôi luôn hahhaa,0,0,0.10797120911745348
có hôm tao đang vương nỏ tính bắn vào con họa mi đang đậu trên cành thì ai ngờ nó phản đame đứt thun dội ngược vào mặt từ đó tao không còn chơi nữa,1,0,0.28356436248642225
"per hồi nhỏ bị con đỉ này dí lòi lol 😂, bị cắn bầm đen muốn thúi thịt luôn cả tháng hơn mới hết . mà đươ ̣ c cái con này nuôi nó giữ nhà cửa hay , có nó không sợ ma quỷ gì hết",1,0,0.27759695659883604
nốt hôm nay thui . thui không ngĩ đến và bắt đầu từ bỏ 1 thói quen,1,0,0.13882495487092292
"không biết khuyên thế nào , nhưng chỉ cần bình tĩnh 1 xíu , dù gì thì cũng đừng tự sát , đời người chỉ sống 1 lần thôi ...",1,0,0.4682983577168522
"tôi xin nhắc lại , đây là một câu chuyện buồn",1,0,0.20911648803602537
chưa cho ba mẹ được gì . vậy có quyền gì mà đòi phàn nàn về những thứ ba mẹ đã rành rụng bao nhiêu năm để lại cho mình,1,0,0.14123813564980145
vì tao xấu và chúng nó chỉ thích gái đẹp,1,0,0.029550302776422906
năm nào mà tao chã cô đơn,1,0,0.2531168850239329
"cũng như đàn ông gục ngã trước cô gái nhiều sắc ! đặc biệt là 50 "" sắc "" thái 😂😂",0,0,0.1770953045689428
tui nhớ anh quá à :(((,1,0,0.04498374539320212
tập có lỗi với thằng quay phim mà tao xem ba lần tao vẫn cười đứt ruột,0,0,0.0895853413163775
per mới bắt đầu tuần thánh mà chúa ơii,1,0,0.0900062824973205
hiện tại mình chưa người yêu bạn nam nào chưa có người yêu thì lo cua mình đi nhá đến khi mình có người yêu rồi thì đừng hối hận đấy huhu,1,0,0.06311287360314394
hahaa ngọt vãiii :)),0,0,0.04417653250624269
vl đánh đòn hic :))))),1,0,0.06629822643441804
tôi khóc lun ... huhu,1,0,0.3714973470671378
"hồi nhỏ đi ngang nhà hàng xóm con quỷ này dí tao từ ngoài đường vô tới trong nhà tao nó vẫn không tha , ba mẹ tao nghe tao la chạy ra chụp cổ nó quăng ra sân nó mới chịu đi . ám ảnh tuổi thơ 😅😅😅",1,0,0.34881376116283574
moá hồi hợp chờ main thắng ai dè thua bởi cái mông huhu,1,0,0.059016577300223735
nói thật gia lai nói riêng tây nguyên nói chung xưa nhờ vàng đen '' hồ tiêu ' và vàng trắng ' cao su ' mà người dân có dư cái ăn cái mặt bây giờ thì thua rồi bỏ đi tứ xứ .. một thời,1,0,0.1455049312146258
per tôi đợi ngày nhận thiệp cưới của ông,0,0,0.06328342318828871
ngoài mấy cảnh nhảy múa hát hò vớ vẩn ra thì phim hay,0,0,0.035120850006699934
đm chơi mất dạy vãi . tưởng khúc cuối là gì dume làm giật mình 😒😒😒,1,0,0.15718072823353274
quá nguy hiểm,1,0,0.055979816350342146
dume con ế đọc tổn thương sâu con mẹ nó sắc :((,1,0,0.42405154212988405
hoá nhện tỏ tình đấy :)))),0,0,0.04399837543734398
đây mới là công an của nhân dân việt nam cảm ơn bạn nhiều điều tốt đẹp hơn nhé vanew,0,0,0.017340076437202884
per nguy hiểm luôn rình rập xung quanh chúng ta :((,1,0,0.030361259696619923
per coi phim này chắc chết luôn trong rạp 😂,1,0,0.15531162511659058
per :))) không bù cho nhũng người như cta,1,0,0.059616535499504276
ghét nhất mấy loại bép xép thế thôi . nhanh gọn lẹ 😂😂😂,0,0,0.028651962247394105
chúng mày có thể bỏ ra 30s thả tim vào avatar coi như lì xì muộn cho tao được không ? chưa bao giờ được 30 tim buồn v . lol 😭😭😭😭,1,0,0.17451904611067037
:) đàn ông mà nặng tình vãi lol ra,1,0,0.08353964263950621
sợ ngỗng còn hơn sợ chó :))),1,0,0.0856971847260291
per tao thấy mấy ảnh thật đẹp trai,0,0,0.06698575533936918
per người đừng hành hạ tuôi như thế nào nữa,1,0,0.16601194651619167
còn quá nhiều mảnh đời bất hạnh ☹️,1,0,0.18402708769090959
per mệt quá mấy con ơi,1,1,0.5547722167408589
cười vui vãi,0,0,0.18150912080841247
"ai nói kết có hậu , đầu khấc mất vợ tương lai kia kìa",1,0,0.29693665376483913
từ đầu năm giờ chắc chụp 10 lần rồi huhu sợ quá 😭😭😭,1,0,0.21630892101186594
"kết mỗi câu ru con ngủ để vợ đắp mặt nạ làm đẹp , 10đ chồng tốt =))))",0,0,0.05694394320146775
bếp ga hj hj 🤣🤣🤣🤣🤣🤣,0,0,0.08069562353260265
ly hôn cũng phải hoành tráng chứ .. còn phải làm to hơn kết hôn mới được 🤣,0,0,0.24052281546753457
chuẩn rồi bác . :)))),0,0,0.030750811282971063
gia đình ổn tình yêu không có thì cần gì động lực ... kaka,0,0,0.2255761667475664
giờ anh gù lấy đâu ra chỗ ở :'(,1,0,0.1608352826123525
hồi đó khoái cái này lắm,0,0,0.1473542286184554
"chưa nói chuyện thân thiết quan tâm , mới xã giao thôi đã lầm tưởng rồi ấy chứ , haizz khổ lắm",1,1,0.5076805651230935
buồn cười 😂😂,0,0,0.22186308915743733
"muốn em vui vẻ đơn giản lắm , chỉ cần bao ăn bao xem phim tuần 1 lần thôi hỡi các đồng nghiệp ơiii 🤣",0,0,0.13838052760135022
"còn tao nhé , hơi bị ngon",0,0,0.2163540852408949
muốn bảo vệ và chăm sóc người đấy,0,0,0.1739826987043116
địt mẹ vừa đi ép lại kính xong giờ tan con mẹ nó cái kính rồi 200k của bà mày đấyyyyy !!!!!,1,0,0.20146122661610777
đây là video hay và ý nghĩa 😊,0,0,0.012887967827254463
"t thề mỗi lần dọn phòng sn này thì banh kem , pháo kim tuyến . đủ các thứ . khóc mà bụt nó đéo lên",1,0,0.16157107167967738
dịch vụ tận tâm . đáng yêu quá ! : x,0,0,0.0410829324526116
khoảnh khắc nhận ra đồng nghiệp mình is the best :)) nguyễn ngọc thái hiền,0,0,0.03509001988633698
mai đi học mà mình quên cách cầm bút rồi huhu :<,1,0,0.1665852851533751
thật đúng đắn khi đã follow page này !,0,0,0.08553732548798948
tình yêu lớn lên sẽ mang người con gái ta yêu thành gia đình . family is all,0,0,0.0763343128001481
đồng nai mùa chim nướng yên xe kaka,0,0,0.055084238547339535
phần này dù xem lại 100 lần vẫn bật khóc tình cha thật phi thường,1,0,0.09936100230447764
cũng có nơi gia đình khá giả mới có nó !,0,0,0.1908617281348041
cứ mỗi lần có phim hay là xách nhau đi 🤣,0,0,0.02381119872353415
tao thề tao rất sợ ma quỷ nên tao rất không dám xem phim,1,0,0.0975022418416963
- mấy bạn đừng có đổ mình nữa nha 😞😞. mình ngại lắm 😞🤣,0,0,0.2386929206858087
sợ vãi =))),1,0,0.0548629555358133
per nguy hiểm quá mày ơi 😩😩,1,0,0.10618990684117419
t thì thik cầu này vãi ... kiểu mấy người năng động thì sáng nào đi qua cầu này cũng vui,0,0,0.1361933268961182
khung cảnh ấy cuộc sống đấy mỗi lần được xem yên bình nhẹ nhàng cực ! yêu bạn ấy,0,0,0.09810747370278743
"đẹp , dẽ thương mà",0,0,0.05125724541282545
"bỏ ghê người ta ngồi ngại đều phải mua nước thoii , ý tưởng hay :)))",0,0,0.09549455976697999
mười mấy năm nữa tao cũng sẽ đạt kỉ lục thôi 😂😂😂,0,0,0.11048972484837671
thanh xuân là để bỏ lỡ 😔,1,0,0.057374279344451884
mấy chị làm chung rất ư là dễ thương luôn,0,0,0.03322401348181296
"trượt rồi , còn đâu mà rủ 😞",1,0,0.09932945432494389
tự nhiên thấy cảm động hic,0,0,0.20788253597060294
ngầu vãi lìn luôn á :))),0,0,0.03835951145378738
cay đắng vãi 😌,1,0,0.10099974931437898
giờ tao mới nhớ tao đã từng :)),0,0,0.06900622313306852
nhìn cái ngành giáo dục việt nam bây giờ ai cũng mệt mỏi,1,0,0.41279470673706914
:( cầu chúa ơn nhiều ban bình an cho những người kém may mắn như vậy,1,0,0.060529121419721305
moá . vẫn nhớ hồi nhỏ bị ngỗng đuổi . đù má tao mới là đứa bé ngây thơ hồn nhiên thôi mà dume tao sợ tao ám ảnh đến bao giờ huhu 😭😭😭,1,0,0.151314909201068
vk em nó bảo bếp gas các bác ạ 🤣🤣🤣🤣,0,0,0.06500928872884533
xem tới đây dume ứa nước mắt 😞,1,0,0.18836337725422347
an ủi cũng ghen à :(,1,0,0.24696567191298932
không may thụt chân xuống thì sẽ như thế nào nhỉ chắc là thốn đến tận rốn,1,0,0.095191462450803
"per một thời mình ở bên nhau 😘😘😘😘, nhớ ghê",0,0,0.04919090423346698
thề chứ .. phim nay xem đi xem lại không thấy chán ... vẫn như mớinxem vậy,0,0,0.07254045484733411
họ đáp vì phép lịch sự còn mình vì yêu mà chủ động vì quan tâm mà hỏi đủ điều ..🙁,1,0,0.07925650974227129
hạnh phúc to nè,0,0,0.05013581519011029
"thôi xong , biết thế tém tém lại .",1,0,0.12473074070061387
"ba cái đồ yêu , 1 ngày 2 lần nấu đây , ngon bá cháy bọ chét nhé , thơm mùi khói nữa …",0,0,0.14901562487869685
thân là người yêu mình mong cậu có thể giống được như đôi mặc áo nâu ❤️,0,0,0.2202095426450859
"ngàn cân treo sợi tóc nhỉ , csong mong manh quá",1,0,0.16464571001343636
"năm nào cũng đi cho có không khí xuân vậy , không đi thì thấy thiếu thiếu . nhà tao cách chợ 10km",0,0,0.12027101411113737
":))) ở đoạn đó hồi năm nhất tao "" được "" họ lấy 100k , vì sáng sớm đem duy nhất 100k trong túi , thế là nộp luôn :))))",1,0,0.06023957746208965
dã man quá ..,1,0,0.0954244858086469
"èo , ngọt quá đi",0,0,0.07409012708143431
per hay xàm xàm mà zui hè,0,0,0.04873703893011542
giờ tao mới hiểu được hết những gì mà trước đây đọc bình luận tao đéo ’ hiểu 😂😂😂,0,0,0.16494305163092246
không nổi thì mình chìm haha,0,0,0.15600476624295256
thật ra cách quét hạt xốp rất dễ mà có thể các bạn chưa biết . đó là . tẩm xăng những chỗ có xốp và đốt 😂,0,0,0.03812068534757779
đỡ mua cuốn sổ 5 ngàn =)),0,0,0.046169347775289374
chính xác ! nơi làm việc anh em mà đoàn kết với nhau cỡ nào cũng thấy mau hết giờ làm . 😊😊😊,0,0,0.08228787376965588
chuẩn luôn khi ở công tình yêu toàn là các anh chị em đồng nghiệp tốt he he,0,0,0.012533373306462542
"cười đấy , sau lưng nó đâm con mẹ nó dao vô hình cho chết mà vẫn sống nhăn răng luôn .",1,0,0.3148798338951266
nín đi . sang ngủ với mẹ đi đêm nay anh chông chị cho =))),0,0,0.03183097449394727
"1 chút đắng , chút chua cay , với 1 chút ngọt ngào ở đâu đó 😞",1,0,0.2263061394340354
hàng nông sản việt nam là thứ bị cạnh tranh và phá hoại nhìu nhất 😣,1,0,0.07879547346787538
kẻ ô điểm lời phê :((,1,0,0.105320158610658
"hòi nhỏ nhà ngoại bị rượt muốn chết , sợ tới giờ 😭😭",1,1,0.5694293396053804
người ta chỉ muốn dụ mày rồi xin một trái thận . 😪,1,0,0.3741604519455643
nó cưng quá mày,0,0,0.19210413920682112
đứng tim luôn,1,0,0.056405962106531586
cười xĩu,0,0,0.3585283415156145
tao thề từ giờ đến cuối năm mà tao không lấy được vợ thì tao quyết định sag năm lấy 😊,0,0,0.2307751263786497
nhìn bà cười thấy hạnh phúc quá ❤️❤️,0,0,0.02576268125123863
"per làm ở đâu không quan trọng , quan trọng là vẫn buôn chuyện đều 😂😂😂",0,0,0.056089918589509735
năm nay được nhận hoa và được ngồi nhìn người ta hạnh phúc,1,0,0.04208520683331854
tao muốn mèo nhà tao cũng tìm về được như này 😭,1,0,0.42538746557215595
đã đẹp trai còn khôn 🙂,0,0,0.1298269404180645
hi vọng câu chuyện admin vừa bịa ra giúp các bạn có thêm niềm tin trong cuộc sống 😂.,0,0,0.32705616889155315
lớp chúng mình rất rất vui anh em ta chan hòa tình thân =))),0,0,0.02537328552492308
đấy thấy chưa con người ta khổ như thế,1,0,0.09900827371737919
tầm tuổi này . họ không còn những áp lực cuộc sống nữa . mà chỉ còn thứ tình cảm gắn bó với họ từ những ngày khó khăn nhất . ngưỡng mộ và ước được chút phúc đức của ông bà,0,0,0.3729578623302816
tạm biệt ông cám ơn tất cả những gì ông đã làm cho vn,0,0,0.11247805922129443
per huhu trời ơiii,1,0,0.08602918997953785
lấy ghế ra ngồi thật tuyệt,0,0,0.12590949569874357
per không lấy được vợ thì có thể đi tâp gym đêt lấy chồng 😁😁,0,0,0.1338831937261007
ám ảnh đến bây giờ 24 tuổi vẫn sợ ngỗng :))),1,0,0.16796353577255285
cưng v trờiiiiii .,0,0,0.08126579013746939
nguy hiểm lắm,1,0,0.158535947601389
chỉ tại tôi không nói nên không còn cơ hội,1,0,0.48673028627940806
anh đã mơ về một ngôi nhà và những đứa trẻ 🤦🏻‍♂️,0,0,0.06556010843090548
em ấy còn cười được chứng tỏ em rất mạnh mẽ,0,0,0.25763476660428025
tao cũng phải về mở cho mẹ tao coi 😂😂,0,0,0.1152820828191484
móng này mày ra uống chữa yếu sinh lý với ung thư ... khá tuyệt !,0,0,0.1518356788748624
chuẩn lun,0,0,0.06351177056528513
chỉ khổ thân bọn trẻ thôi đau sót lắm,1,0,0.35939051051882714
per ngóng cuộc đấu tranh công nghệ này . tq đồng lòng ghê nhỉ,1,0,0.0748353503506065
"hành động đẹp chứ sao , đằng nào cũng tiệt kiệm hơn :)) 0",0,0,0.06212794318522202
tao đa khóc khi xem phim này 😭😭😭😭😭,1,0,0.18475932427999833
per tao đã làm cho mày đau lòng nhiều lắm ư 🤔,1,1,0.5594842228542423
có ai luyện mới được như mình không dạ,0,0,0.24233202459814218
cực phẩm luôn kìa,0,0,0.1328773141426936
t ngắm người yêu tao cười mà càng ngắm tao càng yêu lúc giận cơ nhìn muốn cắn cho mấy phát tao bị cuồng người yêu rồi cái,0,0,0.12753163646119686
"thề , coi rồi mà xem lại vẫn buồn",1,0,0.06490523468712216
thằng nhỏ mạnh vãi,0,0,0.03909942151688131
tao sợ thật sự :(((,1,0,0.22984358752078157
lại tạo điều kiện cho mấy chị fa vào thả thính . :)),0,0,0.07822832990992892
per haha sao tôi nghĩ tới em liền luôn á,0,0,0.20263900690492037
vn là vậy . bn công chăm sóc của tao đổ sông đổ biển .,1,0,0.09103162687344978
thật cảm động,0,0,0.14405951150603422
có chuyện gì thê bố . bố đừng làm con sợ :((,1,0,0.14058439095222436
per =))) nó kể chuyện buồn mà cười vãi cười =))),0,0,0.09090636583637264
m nói chuyện cũng cute ngoan ngoãn cơ chứ tao toàn okay anh =))),0,0,0.06551025696727747
"bồ tao cũng đang đi cái này , từ nhà nó lên đây cỡ 2 tiếng mấy và dume nó bảo tao ngủ đi vì nó đi đến sáng :)))))",0,0,0.08347078084504056
nhìn vậy nhớ ông ngoại quá 😞,1,0,0.011198576014452035
xem lâu rồi giờ xem lại vẫn buồn cười,0,0,0.16503721657351078
t không phàn nàn . t sẽ cố gắng giúp bố mẹ có được nhiều hơn 💪💪💪,0,0,0.08978206742859117
không biết crush có thích uống nước mắm không để còn tặng nàng chai nam ngư 900ml :)),0,0,0.10639600286778052
đáng yêu quá,0,0,0.01321695074079575
chính những người như thế họ rất cẩn trọng khi bật xi nhan đấy,1,0,0.06621665237897718
lấy chồng như 1 canh bạc . ko hoa . ko lời chúc không gì hết . pải chăng số ta chỉ được vậy . cô đơn quen rồi,1,0,0.11415259603985466
mai người ta đi học mai tao đi du lịch ố la la =))))))))))))),0,0,0.049888056930409465
bài học rút ra là học cách buông bỏ những thứ không thuộc về mình,0,0,0.08962667277521634
có đồng nghiệp đáng yêuc thì sếp có khó tánh mình vẫn cảm thấy vui rất nhiều . nhớ những ngày tháng đéo thèm tăng ca đi ăn bất chấp,0,0,0.05623247593320687
"anw , vote cho anh vũ",0,0,0.018741225906550803
tự nhiên muốn có con 😐 dume,0,1,0.6191238832557132
nhìn con mắt thấy đau đớn . tội em quá ????,1,0,0.1269299203842205
chỉ cần sống thật với cảm xúc .. với chính con người bạn là hạnh phúc nhất,0,0,0.16277461041672858
xem nà ra chiêu nà gẫy cây nà sấp mặt luôn nà 😂😆,0,0,0.0856770255482444
tội cho chàng trai ấy,1,0,0.07961332837716156
mỗi lần về quê mà sắp sửa đi qua chuồng ngỗng tao phải cầm cây chổi lông gà mới đi được đấy dume . quơ quơ vòng vòng cho mấy đĩ ngỗng né xa ra rồi chạy thụt lol luôn :=]]]],1,0,0.08079216382499459
azz :3 mặt cưng xĩu,0,0,0.18580576438690596
"chờ mãi mà không thấy , cứ thấy trống vắng vãi :((",1,0,0.20604254142268885
cưng vãi ấy,0,0,0.09587287151138942
"nhớ lại ngày đó , làm pg bán giấy , cười suốt ngày , khách chửi cũng cười , mà nhớ thời đó ghê , mới 1 , 2 năm chứ mấy",0,0,0.23878214074366907
tôi làm trades . lương tôi không có .. chỉ có thu nhập thôi có tính là cao nhất việt nam không ??? tháng tôi kiếm từ 3000 - 5000,0,0,0.13725808665000083
tao ở thanh hà và nhà tao không quả vải nào hết 😂,1,0,0.06459182346591269
ước gì có ai để tao tag vào .,1,0,0.2803381359520179
mong ông bà nhiều sức khoẻ . đáng yêu thực sự 😍😍😍,0,0,0.09130174852324496
phim này rất hay .,0,0,0.004658253537173401
ôi trời nguy hiểm thế,1,0,0.09775488444241046
"haha dần dần phải kiềm chế , khắc phục sẽ không đáng sợ không bằng vũ lực hành động mà nói đâu chết đó :)) kaka",0,0,0.39066937497362036
sao mình gặp toàn thằng mất dạy hay bắt nạt mình nhỉ ? tuổi thơ bất hạnh :),1,0,0.11347569406628413
ước gì ba còn sống để làm điều đó với má . nhớ ba ❤️,1,0,0.2492624810687817
tiền cắt tóc như kia đủ mua giày rồi :v,1,0,0.19493135733697514
"per đang định đi chụp , thấy cái này sợ quá đéo đi nữa",1,0,0.1426283799631637
bt mà tao vẫn lạng lách ở đây suốt,0,0,0.14408012147671598
nhiệt tình + ngu dốt là phải trả giá bằng tiền mặt 😂😂,0,0,0.06735385808270959
"má gần nhà có nuôi 1 cặp ngày nào đi ngang nó nhìn thấy nó quay đầu bỏ chạy , con gì mà dữ thấy mẹ hà",1,0,0.17685634230319808
bạn trai tao đéo biết giận dai nên không phải dỗ,0,0,0.22657338791494058
hú hồn,1,0,0.10010462842093208
bò ra mà cười :)),0,0,0.10329481735552248
"ai cho mình xin tên phim với , mình không xem được 😢",1,0,0.22407433236843585
per đi tong một năm học ... nhưng vẫn tốt nghiệp ... :(,1,0,0.07871799073069052
ngoài ra còn một số cái buồn nữa . không giải quyết kịp thời thì ??,1,0,0.2067966453234451
cay đắng đến cùng cực và hạnh phúc đến tột đỉnh . chỉ là mình có quyền lựa chọn nó hay không thôi,1,0,0.18867139073662728
ở đâu cho tao làm vớiiiiii,0,0,0.07814070398523035
như con đười ươi :)))))),0,0,0.06461371941572187
coi mà cái tay nó rung trái tim nó đập sợ cái thằng đó té sấp mặt luôn thì không bình thường họa mi còn hót được không :)))),1,0,0.04707523506615188
"ngày em đến anh mất ngủ suốt mấy đêm vì vui sướng , ngày em nói dừng lại nước mắt anh rơi trên đường chạy về nhà",1,0,0.21225923928229132
per nhớ ghê á nha 😂,0,0,0.015685352849510715
cái tháng học sấp mặt luôn,1,0,0.11803981220751443
trên đời sợ nhất mấy con trùn trùn như ri ! nhất là giun đất với rắn !!! đã từng bỏ tiết học sinh học mổ giun đất 😞😞,1,0,0.08642292543642245
hồi xưa còn bị vén tà áo dài nằm lên bàn rồi đánh . chứ quỳ thế này có là gì đâu . giờ mới thấy cảm ơn thầy cô vì hồi đó đã như vậy .,0,0,0.20562435736008516
dume nghe kể mà đau cổ họng vãi :),1,0,0.04331159715023684
"công nhận lãng mạn thật , nhưng tao đang tưởng tượng cái cảnh động phòng , eo ơi ......",1,0,0.13602652287930303
"per bất hạnh vãi , mà tao với mày đéo tạo được niềm vui :v",1,0,0.20735365856548252
nghĩ mà buồn vãi =)),1,0,0.07704288209145467
không biết có ai ở trong ngôi nhà không,1,0,0.2938376450372702
dcm . ngày bé tao sợ nhện vãi . xem phim thấy yêu tinh nhện,1,0,0.030346879970361937
quá nguy hiểm .,1,0,0.051142401380190196
tuổi trẻ tài cao mà :)))))))),0,0,0.019739152291014105
"t chẳng muốn phải nói "" suýt nữa thì .."" một lần nào nữa trong đời của nhau nữa đâu ... vì vậy sẽ trân trọng khi người tới .",1,1,0.7223591580479106
nam nhân nhà người ta kbh làm tôi thất vọng,0,0,0.27603018433798404
per mày này . nhưng mà lúc già sắp chết 😕,1,0,0.3891957513345355
cụ bà đẹp lão quá cậu,0,0,0.04508214740738137
per không bao giờ quên được hihi,0,0,0.14581878313196744
per đúng rồi mình đây =)),0,0,0.12207424206455504
năm nay tao không còn cảm thấy cô đơn và mỏi chân nữa ... vì tao được ngồi mát và ăn ké socola of bọn có người yêu 😁😂...# mun 😘,0,0,0.24576436976911842
đm quả gật đầu quả quyết vãi 😂,0,0,0.04534903074953039
"chuẩn rồi . nhiều khi mệt muốn xỉu , xong đồng nghiệp đùa nhau đôi ba câu hay kể cho nhau vài câu chuyện thế là lại vui trở lại 😂😂😂 đồng nghiệp quan trọng thật sự",0,0,0.07633094523696222
tụi nhỏ dễ thương quá,0,0,0.07747321503155163
con bé bị quơ trúng nhìn đẹp như búp bê ấy < 3,0,0,0.10276891885716288
thương em :(,1,0,0.23825494403476039
nó bỏ mình đi rồi mỗi lần nghĩ tới nó ôi sao mà xót tim gan hơn mất người yêu,1,0,0.11481129157583837
tao bắt đầu sợ nó ròi đấy :)) ám ảnh vãi,1,0,0.14005488639654742
nó vẫn luôn hiện hữu xung quanh chúng ta . hãy dùng tình yêu thương đó và cho đi ❤,0,0,0.009109606826841277
thấy tội em thỏ bị ăn đòn tới tấp,1,0,0.180706224958938
có đủ mọi gia vị :< em thấy vị đắng của sự chua sót quá nhiều :),1,0,0.17943787432888925
"năm nào cả sinh nhật âm hay dương mẹ cũng gọi điện cho mình , bà ngoại trên 80 , bác ruột mình đều nhớ hết 😂😂😂",0,0,0.08704153229076123
"chán thật , dạo này hồi xuân hay sao đọc mấy cái kiểu này ấm lòng vãi :(",1,0,0.08798849718754358
tks admin ... tôi muốn tìm phim này lâu rồi mà không nhớ tên phim ... tks admin nhiều,0,0,0.12984576840374334
crush tao mất rồi .,1,0,0.13805756328062843
per xem xong hình như tao mới bị thêm bệnh tiểu đường,1,0,0.283753323783629
câu chyện cổ tích thật ý nghĩa 😂😂,0,0,0.04395543193505825
"ôi trời ơi , buồn cười quá đi mất 😂😂😂😂😂😂",0,0,0.11853604176601908
vui quá ta ơi ......,0,0,0.06040879893220722
"bởi vì anh đã gặp em đúng lúc , đúng lúc đó em đã có người thương ...",1,0,0.16342928966386713
"tàn nhẫn thế nào , là khi mình trao họ hết hy vọng rồi họ lại dập tắt đi nó",1,0,0.447920104783515
cỡ nào anh cũng có thể chịu đựng được vì anh yêu em,0,0,0.11729142868811304
"thôi em sợ lắm , tha em bác",1,0,0.4583235022480945
"sướng nhờ , bên trung chúng nó yêu nhau toàn sống chung . 😂😂😂 toàn richkid :>",0,0,0.018634368929662772
ngưỡng mộ mấy cậu vẽ đẹp quá,0,0,0.03999711353782641
cảm ơn bạn đã yêu đất nước việt nam tôi,0,0,0.040432851724051186
mình sống ảo quen rồi nên đắp mặt nạ cũng đắp bằng app luôn :)))),0,0,0.05199833247996943
cuteeeeeee 😊😊😊😊😊,0,0,0.08776515713768689
nhưng nó cười với đứa khác không phải mày .... 💔,1,1,0.5178827334972074
per c . bị tinh thần đi xem đi 👻,0,0,0.2733406050616853
vậy mình xin chúc đk n năm tới không còn cô đơn nữa nha kkkkklk,0,0,0.2195916565523209
ấn tượng vãi :v bàn tay vàng trong làng vẩy khế :v,0,0,0.07891227296637093
"học xong cấp 3 , ngoài mừng vì được thoát khỏi đó thì không hề có lưu luyến 1 chút nào :))))))",0,0,0.10613642824738437
tao đang đi phân khối lớn đây . ai cũng kêu nhìn cá tính vãi 😁,0,0,0.056036061282344216
"mới đây mẹ tao giúp tao làm lại giấy khai sinh . mẹ có hỏi "" mày sinh ngày mấy để mẹ làm ""😑",1,0,0.2187672542996685
"công nhận , thời xưa bệnh mà cũng vui vãi . :)))",0,0,0.050172365453728586
chỉ mong ông trời sẽ bù đắp cho con cháu của họ sau này 😔😔,1,0,0.057014966226903156
không biết phải mình lúa không . chứ mỗi lần đi du lịch trước khi trả phòng là mình phải dọn sạch sẽ . cứ nghĩ nhận phòng sao thì trả phòng vậy . bị anh chồng la hoài là vậy,1,0,0.23321401565146344
và tôi đã mất đi 1 người như thế .,1,1,0.550455601752757
nguyễn thị hồng phấn cũng may tao không thấy cặp nao hêtd,1,0,0.15357871186054653
per hãy cứ vững tâm tập điều độ rồi sẽ có thôi,0,0,0.12832926040454495
úi giời khiếp quá !!!!,1,0,0.10192018438683999
sao tao thấy đa phần mấy đứa con trai cắt tóc xong nhìn ngáo đéo chịu được vậy =))).. cười tét cả hàm chứ đùa,0,0,0.15024463391113413
t mà bị như này thì chắc tao chết luôn c ạ 😂😂 per,1,0,0.3175440631368068
per thể loại tao thích nè nhưng mày đi coi với tao nha không tao khóc thét rạp,1,0,0.25744758030781856
giờ cắt bộ móng đi cái tay vẫn cứ bị phế khó mà phục hồi được,1,0,0.10024704543317735
:(( tội bé,1,0,0.09461008236885188
thật là một câu chuyện buồn 😌,1,0,0.09080482512364121
xỉu lên xỉu xuống :(,1,0,0.11429897226372647
vãi linh hồn .,1,0,0.07913756937810425
các cháu giờ lợi hại quá :<,0,0,0.036420947040254906
nỗi đau ấy ai thấy giúp tôi,1,0,0.2475454452941952
per sau này con bư lớn cũng vậy đó mẹ hahaa,0,0,0.12538733576303282
per hồi nhỏ chuyên gia đi ngang nhà hàng xóm là bị nguyên bầy ngỗng nó dí nó rượt chạy khóc la um xùm .. giờ còn ám ảnh 😭,1,0,0.27916426986828613
boss dễ thương vãi lúa,0,0,0.0663875201211572
cảm thấy mình thất bại :((,1,0,0.3919343697310759
bộ phim đầu tiên làm tao khóc thành tiếng,1,0,0.11624018872890474
bá đạo vậy chơi sao lại 🤣,1,0,0.06601843676686894
per huhu em không biết phải đi xem phim với ai nữa 😭,1,0,0.17245990728799895
gần 1h đêm là con trai mà xem xong nói chuyện mắt vẫn rỡi 😔😔,1,0,0.13782958562351375
mấy đứa chân ngắn qua sao,1,0,0.07935842042259543
hahahaha,0,0,0.10269674927383293
đúng vậy dù có mệt mà đồng nghiệp nhiệt tình vui vẻ là cùng muốn đi hoài,0,0,0.17157108247232175
tiếc là chưa thấy cậu cười ngoài đời bao giờ,1,0,0.26545077043511406
per tao không gửi cho mọi người . tao chỉ đăng lên facebook cho thiên hạ biết thôi :))),0,0,0.13327366577953076
đúng là yêu tới đầu bạc răng long .,0,0,0.03548255100753903
vậy là hên rồi,0,0,0.09255871590776546
per bị phạt 10tr à c 🤣🤣,0,0,0.15591499733452824
mình còn chưa kịp đến :((,1,0,0.26780604779165573
mình không quan tâm giá trị học bổng bao nhiêu . mà tớ q . tâm em đó sẽ dành những gì cho đất nước sau khi học xong thôi . hee . chúc mừng em .,0,0,0.13127476223057327
per trailer không có tiếng thôi mà đã thấy ghê rồi đó !,1,0,0.10435372568974471
"per chồng xem đi , hài lắm",0,0,0.15720408166304753
"cả thế giới biết toau crush mày , còn mày thì íu nhận ra 😐",1,0,0.29904227618994583
dễ thở hơn so với đề văn sáng nay 😂😂😂,0,0,0.05992012006453058
mèo người ta đi lạc về nó còn nhớ chủ chủ còn được đụng nó còn mèo nhà tao đi tán trai có mấy tháng về nhà thấy chủ như thấy ma 😌😌,1,0,0.11147629789889552
"ôi vãi , mày thật bất hạnh vì có lũ bạn như thế",1,0,0.17373928834171679
:))) đồng nghiệp đáng yêu,0,0,0.006040410423736488
gần nhà tao lại chẳng còn sót lại anh nào huhu,1,0,0.24778139216141976
cảm ơn các anh tình nguyện viên .,0,0,0.011222052001366061
hồi xưa tao bị tiêu chảy kèm ho đã sợ vãi . giờ ho không thôi cũng sợ nhỉ . ??,1,0,0.22008476992207276
hoá ra chúng ta không biết nhiều về tình yêu như ta vẫn nghĩ 😢,1,0,0.07064975381578843
nghe bài này đau lòng quá mà,1,0,0.04653476582159684
đáng yêu mà sợ gì,0,0,0.038745123175211414
còn tệ hơn năm ngoái,1,0,0.2388181235746321
gần thôi :))) giờ nhìn lại đề thi và không hiểu sao mình ra trường được :))),0,0,0.09072943354934522
có một sự tổn thương không hề nhẹ ở đây,1,0,0.4079905537648074
"học chán phèo , chả có gì đáng nhớ",1,0,0.10223727010644246
tao thấy dễ thương màaaa,0,0,0.0680600071678693
"mình theo dõi mấy nick quân nhân , tập trận , pccc ... hay vãi luôn á .",0,0,0.039802585595434065
sau khi có vợ anh per đã có đồ giả gái xinh và tinh tế hơn 😆,0,0,0.053125333275580236
giận ngược lại rồi giận luôn chứ có huề đéo đâu :(((,1,0,0.25601232195199064
ấm lòng vãi huhu,0,0,0.11641663400774901
per cười đau bụng luôn 🤣🤣,0,0,0.16984985095127014
"mình thấy sợ mấy con rắn quá trời , mà cái gì mình sợ là mình hay muốn tiêu diệt -))",1,0,0.2631810365862136
đợi chúng nó đang ăn lấy xe cứu hỏa phun nước ôi tao hình dung ra cảnh đó thật tuyệt,0,0,0.07280072952635505
ba mẹ tao chửi tao tao chỉ biết câm họng và bưng tô cơm ra chỗ khác vừa ngồi ăn vừa khóc một mình cho dù biết răng mình k có lỗi 😭😭 !?,1,1,0.6361261430007035
dạ đây là chị gái em nha không phải chồng đâu ạ người trong hình là em huhu ?,1,0,0.0999467565401189
đoạn cuối yêu mún chết,0,0,0.15695442232419096
"tao buồn quá , tao đang khóc !!!",1,0,0.3681707181728628
per đây là chúng mềnh 🤪🤪,0,0,0.03567331575816514
per đóng vai chính đúng xuất sắc lun,0,0,0.06408384749382776
ngày xưa mừn cũng hay thế lắm .,0,0,0.1576486117519949
má hồi xưa về ngoại chơi đi đường bị nguyên đàn yêu nghiệt này dí chạy té đái giờ vẫn sợ bọn nó 😨😨😨,1,0,0.06899870087703514
😑 sao cái kết gì mà buồn vậy,1,0,0.11177969475665875
tuổi trẻ tài cao là đây,0,0,0.04882022520279541
đùa ... cảnh sát việt nam tài thật . vụ gì cũng bắt trong 48 giờ,0,0,0.1021436822313229
"ôi đời vẫn là chịu không nỗi đời mà , chán",1,0,0.24250861665732668
sợ con này lắm :((,1,1,0.5231571992153821
rồi lại im thôi . 200k hay 5tr thì cũng vậy,1,0,0.04104849405830092
nghe mãi mà vẫn thấy hay,0,0,0.013828645123492604
"gập đúng người mà mình muốn thương , muốn yêu , muốn chăm sóc . nhưng thật tiếc khi trong tay vẫn chưa có gì",1,0,0.29437039749056254
tới lúc chia tay rồi khóc :(,1,0,0.3083538636795054
"có lần tao thổi cơm không đổ nước lúc khét mở vung ra mới biết , làm đánh đít xong cả tiếng trời không hết",1,0,0.28679309921144375
bố mẹ cho ta đx tồn tại trên cuộc đời này biết nhận thức thì tự đi lên từ đôi tay của mình nhé 😘,0,0,0.3488519567653132
per nhớ bột mì chiên huhuhu,1,0,0.04629140137654325
chắc hẳn trước kia em bị đối xử tồi tệ lắm nên mới vậy :(,1,1,0.506095750733761
chuẩn luôn :)),0,0,0.018113883383035045
"giờ bà già lắm rồi , nhổ sợ hết tóc , nghĩ tao lại thấy buồn quá 😞😞",1,0,0.20724436950927477
như kiểu người yêu luôn ấy =))) nhẹ nhàng,0,0,0.021456097500462342
chạy xe hơn 40 ' chỉ để chạy ngang chỗ crush làm nhìn 1 cái rồi về :) đến giờ vẫn vậy cứ rảnh là chạy vô nhìn cái rồi về :),0,0,0.07994136591961466
đừng ai lấy cả hộp kẹp của anh ý nhé :(((,1,0,0.07044328507866462
cuối cùng là hai mình ăn được ngủ được :))) đứa nào cũng lên vài kí,0,0,0.1564903546034111
haha mắc cười quá ... nhưng thật chúng mày là tao rất sợ rắn ...,1,0,0.21983263452471788
yêu nghề chuẩn mẹ rồi,0,0,0.04396591580047241
"tao khuyên mày , bật lên mr . siro lên mà nghe , đời sẽ vui vẻ hơn =))",0,0,0.04401837710273546
per chị ơi còn học được cả tiếng anh nữa luôn này :v hịn quá,0,0,0.052506118425629474
"mới xem 1 đoạn xíu này mà cũng khóc hết hơi , nhìn em bé mất bố mà quay ra nhìn lại con mình đỏ hỏn nằm bên cạnh , thấy thương quá 😭",1,0,0.13246971760163265
xem đi xem lại mà khóc sướt mướt 😭😭😭,1,0,0.09706500676026975
t nhớ tao đang xem xxx thì chưa cắm tai nghe 😭😭😭,1,0,0.07321519813448132
< 3 chuyện lạ có thật :))),0,0,0.03944136513762667
ông thần nhây vãi đái 😂😂,0,0,0.06890089101677063
nói chung là ai nào buông tay thì người chết vẫn là mấy đứa con gái như tao 😭,1,0,0.2130216945788825
mày định lướt qua rồi nhưng khi đọc bình luận của các bạn và xem kĩ lại thì mày đã rớt nước mắt 😭😭😭.... người cha thật vĩ đại,1,0,0.1548474515774742
câu chuyện vui ha =]],0,0,0.05270798215627274
tao cũng muốn học vẽ lắm :( cơ mà không có điều kiện để đi học,1,0,0.3213900975774545
21 năm chưa crush ai thì có gọi là ế thâm niêm không hả các bác,1,0,0.07441765747907832
em đừng đi tập gym em nhé . bth em đã mê trai lắm rồi . em mà đi tập nữa chị không biết em như thế nào luôn 😢 per,1,0,0.270002790180376
giòi béo lắm :)),0,0,0.12876360547259702
lũ kiến ở nhà mày thích vậy .,0,0,0.10477450621046347
thích bài này lắm lun . thuộc lun,0,0,0.10787747862076282
dù chỉ là 1 cây bông nhưng nó là tất cả tình yêu của ông dành cho bà ❤❤❤,0,0,0.04379582775266525
"per đấu nhau to rồi , phen này hay",0,0,0.03039305218845657
chạy ios cho máu 😂,0,0,0.04015223644418077
nấu mì 2 tôm là vô địch,0,0,0.1890218464242655
nghe thấm câu vàng trắng nhưng thực tế là trắng tay thôi nghe mà buồn,1,0,0.15971431771122288
ngồi suy nghĩ 1 hồi xem trái hay phải rồi mới nói được . khổ vãi mà !,1,0,0.12694013843755694
nghe kể mà thèm ạ :'(,1,0,0.046344216527633667
cầu trời phật cho đại gia đình con sức khỏe !,0,0,0.2452247810738728
xem lại quá nhiều lần đến nỗi không nhớ nổi . vì phim quá hay và ý nghĩa .,0,0,0.04485189892476885
t tin crush của tao không bị thịt vì tao đéo crush ai cả =)),0,0,0.13631383153827156
hôm qua xem cười lộn ruột,0,0,0.1341962471059064
và ông đã có nỗi buồn mới thay vì buồn thất tình,1,0,0.08789404462037834
giá mà có ai để giận :v,1,0,0.22229712615623087
ngộ nghĩnh nhỉ ! lạ lờ nhỉ !,0,0,0.08043949556684166
lúc thì cuốc đất è cổ ra không có giun mà câu cá 😒,1,0,0.06391583246394698
"còn giữ 2 cái đĩa cổ này luôn á , ghê hông",0,0,0.0794787363596909
có 1 đứa hợp tác vậy là cũg quý hoá quá rồi,0,0,0.06057144754189085
tao đã đóng dấu cấm đứa nào rớ vào =)))),0,0,0.12265848655443308
nguy hiểm vãi chưởng luôn ý,1,0,0.06320316381593175
em tìm link phim mà sao nó ra phim khác chứ không phải phim này zay mọi người 😞,1,0,0.04960071370887761
24 tuổi thấy đời đắng và khá mặn,1,0,0.08544719505701624
per coi phim này chắc chết luôn trong rạp,1,0,0.1713024014219162
bán hàng online hồi năm cấp 3 :))) tháng hè ấy đi quanh hạnh phúc để giao hàng với bố . được lãi 4 tr :)))),0,0,0.03150462369058321
cười sái mẹ quai hàm,0,0,0.24388116945698293
"cần gì xa hoa đâu , thế này là hạnh phúc , thấy thương và ngưỡng mộ ông bà quá",0,0,0.04903696592858877
bài nhạc hay khi nó đúng tâm trạng ... nhạc hay !!!!!,0,0,0.03215215187074433
thế là dấu ấn lịch sử và hình tượng thằng gù nhà thờ đức bà của nước pháp đã thành tàn tro :(,1,0,0.05381364893438248
"cậu ấy tán tôi , tôi từ chối . thế là từ đó chúng tôi đéo làm bạn được nữa !!!",1,0,0.30222860379742944
"bánh tráng trộn năm đó ở roai ờ ti , ruột đau như cắt nói chuyện mắt đầm đìa đền thg dưa gang cốc dưa hấu kem chi per",1,0,0.2218480036817551
như chết đi sống lại 🙂,1,1,0.7731955222846373
ai chưa xem thì nên xem 1 lần đi . đảm bảo không phí 3h đồng hồ của các bạn 😃,0,0,0.07390809629192972
đáng yêu vậy =))),0,0,0.014539878474140986
độc mà lần nào đi viện cũng bắt chụp 😭😭,1,0,0.15306759243780624
từ bé đến giờ mình chưa bao giờ xếp được 1 cái rubic nào thế mà cu nhóc kia xếp xong trong vài giây ! xấu hổ quá,1,0,0.20896834386679947
nếu ai cũng có ý thức tốt đẹp thì đất nước này còn gì để nói . đâu có ai hoàn toàn hoàn hảo đâu bạn . dù là moi tần lớp,0,0,0.06935951686717845
mày xinh thế ? tao ốm tí đã xấu hoắc,1,0,0.1799900525159644
một cái tết nhiều tiền,0,0,0.10072990092126431
per cách này coi bộ hay nha 😂,0,0,0.031702080493707215
đừng có thấy 6 múi mà ham nha nha 😂😂,0,0,0.01924014813877276
cái ông aamir khan đóng phim nao cũng hay và ý nghia het,0,0,0.03497502331854452
ở đâu cũng có người tốt nè anh kkkk,0,0,0.035006243464077096
lại mưa 😞,1,0,0.20066661088059964
xong là phê lắm mày,0,0,0.25405548287543955
bên aeon hay thật đấy =))))),0,0,0.01741561366849721
không có bạn trai ... thì giận ai 😑😑,1,0,0.24198835324948417
chia buồn cùng khổ chủ,1,0,0.3126568699541381
"quan trọng là lòng tin , bạn bè mình một số người mình đã mất lòng tin thì đừng bao giờ nói chuyện tiền nong . khâm phục anh",0,0,0.12985319360812675
thật khó để có cả 2 khi chúng ta còn trẻ :),1,0,0.0273126042512827
phim ấn thì của lão amir khan là hay vol,0,0,0.018974751620436794
ừ mỗi lần thế lần buồn kinh lắm mày ạ,1,1,0.8351547520123674
cảm ơn . anh .,0,0,0.004155998164608549
per kết truyện chất ghê :)))))),0,0,0.024947842971139843
chúng mày đã bao giờ bị hất cả cốc nước vào mặt vì mặt không bao giờ tươi cười niềm nở chưa ?,1,0,0.43942270520096216
t đã soi gương suốt ngày chỉ để gặp crush và ngắm nụ cười tỏa nắng của nó,0,0,0.2116475199681793
chẳng đủ dịu dàng để níu bước chân anh,1,0,0.09857791692876955
rủ được crush đi thì không cần qua đây nữa rồi admin ưiiii :(((,1,0,0.11159888637877635
per nghe lại buồn vãi,1,0,0.07525637822540991
"bọn nó nhỏ mà đã có người yêu , còn tao thì ế :((",1,0,0.05201806062277831
"người đàn ông ốm đau nói với vợ mình :” ở lại với anh ” rồi cầm tay bà . đó là tình yêu , vỏn vẹn 20 năm ngắn ngủi . tình yêu bố dành cho mẹ",0,0,0.07537829766693573
tao ám ảnh việc lau sàn,1,0,0.25485982136059504
ra chỗ khác sóng không tới viết đi cậu :((( nhìn buồn vãi,1,0,0.12252557143026588
nhói lòng lớp tôi,1,0,0.22033937891620842
nhìn ma tiếc từng hạt trân châu,1,0,0.07825292486389207
năm nay vào quán net ngồi cho đỡ phải nhìn .....☺️,1,0,0.14705267115601475
per sợ ghê bây .,1,0,0.17256650705680068
tao coi xong tao khóc .,1,0,0.22246152970602376
tao nhiều tài lắm .. nhưng tài sản còn cái mạng què và đôi tay trắng 😭😭,1,0,0.3975676114910247
"per 😥 cảm thấy tội lỗi quá , từ nay không chụp nữa thiệt luôn",1,0,0.10312536211093064
đã biết là thế nhưng không còn cách nào khác :(,1,1,0.6244147573235601
chưa bao giờ bắn trúng 😬,1,0,0.1273485031134333
đăng khoa lê lò dầu của mẹ nè anh 😘😘😘,0,0,0.0915905896972157
per phim này thấy trailer hấp dẫn ghê 😁,0,0,0.049812470340670933
bó tay luôn á,1,0,0.05501941180871549
"hai đứa chia tay , tao nhảy vào .",0,0,0.23647352358650006
thương nhau còn chả hết dỗi nhau làm chi 😂,0,0,0.08374421741097812
"ôi thôi , cưng quá :v",0,0,0.1061541956575139
đó là một câu chuyện buồn,1,0,0.12316761784145465
"động lực là lo được cho gdinh , tự chủ bản thân",0,0,0.3784621928077199
"buồn cho những ai thờ ơ , vô cảm trước một sự việc như thế .",1,0,0.45077217387000723
cuối cùng tao cũng được xem hết mấy cái video mà trước đọc comt đéo hiểu gì 🤣🤣,0,0,0.09104256440393878
đọc tin nhắn đầu thấy cay cay ngay mũi,1,0,0.12160504271715362
chỉ dân đen là khổ thôi . chả trách được họ khi cố gắng đi tìm may mắn ở nơi chùa chiền,1,0,0.1899856325208758
tinh trùng của người ngoài hành tinh thật đáng sợ 👏🏻👏🏻👏🏻,1,0,0.2511764544534337
haha :))) nãy giờ mấy tiếng rồi mà các bác vẫn còn căng :))),0,0,0.042042201185993354
chút mua ... hehe,0,0,0.1859703175043837
ra sông mò đồng xu cùng ông anh hàng xóm được khoản kếch xù :))),0,0,0.07842277104671656
cái chứng minh hình kia dễ vãi . cứ vẽ hình lên bài xong người chấm điểm người ta thấy là biết chứ sao :)),0,0,0.0646680119700961
thế này lại thành xây nhà cho nhà hàng xóm rồi 😰,1,0,0.13482080546768685
tôi từng trách bố mẹ sao sinh tôi ra trong hoàn cảnh này,1,0,0.22332241813534032
em xin lỗi anh,1,0,0.18203670002383793
"đến cả khi nó nói thích mình , 1 phút sau nó lại nói chỉ trêu . mệt mỏi",1,1,0.6563871947603148
mày nói thôi mà tao nghĩ cũng thấy buồn rồi :(((,1,0,0.3306021097477376
tao ghét và tao sợ nó,1,0,0.1705226427190933
buồn hơn thế là đối với 1 đứa con gái năm lần bảy lượt chủ động ib họ nhưng vẫn bị xem thường ... xem mà đéo rep ... hết thương là vậy ... 😞😞😞,1,0,0.2432383223751034
đúng là nói thì dễ hành động không bao giờ làm được ))),1,0,0.09547730363529766
add cứ khoe đi . mai lại chặt hết như nguyễn trãi mà 😂😂😂,0,0,0.07154163234133476
cả một bầu trời đáng yêu :))))),0,0,0.030313639437811603
đến câu nào có đáp số quen thì khoanh :)),0,0,0.08697577846006287
hoan hô . công nhân đâu phải trẻ mầm non,0,0,0.10092332905127148
hỏi sao bác sĩ hay bị người nhà bệnh nhân chém :)),0,0,0.07745210350747128
per nguy hiểm vãi,1,0,0.06473849486585806
nhìn thôi cũng đau lòng :)),1,0,0.06961852849811452
tao bị quỳ cột cờ mới ác . cả trường biết mặt luôn . nhục vãi,1,0,0.1359117203654054
per sau hôm sinh nhật là có cái này . ngon vãi,0,0,0.06307185637312142
per đúng chất em lun hâha,0,0,0.10653428603446916
thích mấy đứa này,0,0,0.08842128914762967
viết tên anh trên cát cho sóng đập nát cái matlon anh :)),0,0,0.05464302596779985
"má .., ruồi bay qua táp chết tươi :)))",0,0,0.1671092195387862
"tao có một nỗi sợ khác cũng khá giống con yêu tinh này đó là con yêu nghiệt ngan đực :3 con này thành tinh hung ác vãi_chưởng , đi ra vườn đéo làm gì nó , nó cũng rượt mình . đậu ! đó là tao kể ngày bé thôi =) chứ lớn lên tao biết vơ cây củi theo để đi ra vườn rồi =))",1,0,0.1589667855536254
"ai mang đồ ăn cho anh ấy đi , kẻo đói tội nghiệp",1,0,0.06307410280952944
vì mình chỉ là giờ giải lao trong một hiệp chơi chính của họ,1,0,0.2126501768819619
sắp có thực đơn món mới 😍,0,0,0.13403250295514513
tình yêu cha mẹ dành cho con cái là vô điều kiện . mình đã khóc,1,0,0.1968104680976169
cơ mà tao bị thần kinh thật,1,1,0.5580679659886422
hay cực,0,0,0.17967986277106793
má tao coi mà cứ sợ nó bay ra 😌😌,1,0,0.13817168922467968
hãy cười thật tươi để cho cuộc sống của bạn trở nên thật tuyệt vời 😁,0,0,0.07441494529069147
hơi bị nhanh trí :)),0,0,0.05942336829825748
thô nhưg thật :)),0,0,0.08406102891652659
nhớ lúc trước tao cũng có học quyền và múa tứ linh đao bay thẳng vào trán . :),1,0,0.05245191450139365
còn chả có ai nói chuyện thân thiết quan tâm đến tôi :<,1,0,0.4223023873675881
tao cũng có 1 con đi lạc 1 tuần xong nó về bắt cho tao 2 con chuột làm tao mất ngủ xong hôm sau nó đi tiếp 😞 tao mong nó về lắm 😞,1,0,0.3727330482072946
"hôm nào đi học về cũng phải đi qa , nhà nuôi lũ này ở đỉnh dốc , đi học về tới chân dốc thôi là nghe lũ quỷ đó đứng đầu dốc đón đường bọn tao rồi . méo đạp xe lên dốc nổi , dắt xe lên dốc mà muốn vứt mẹ cái xe đạp để chạy lấy thân cho rồi :((",1,0,0.1457101385157432
dễ thương quá,0,0,0.0428146847841552
dm ông cầm cam cho cẩn thận vào tôi cũng muốn ngã mẹ nó rồi này,1,1,0.5459553371922126
con nào cũng là con nhé . con trai tao tập từ nhỏ đã biết tự lo và phụ mẹ rồi :)),0,0,0.28871563550755286
người ta thật thà phết,0,0,0.0453476350135973
bị từ chối rồi,1,0,0.44777383277735944
ngày xưa cũng vui lắm mà giờ mỗi đứa 1 nơi rồi,1,0,0.23217648657780188
nghe tình vãi =)))),0,0,0.021430750216187813
"3s để tôi nói tôi yêu em và cả quãng đời còn lại để tôi chứng minh lời tôi nói :"" tôi yêu em """,0,0,0.3139967921668624
mình bình luận chủ yếu muốn khoe mình là fan cứng thôi :)) các bạn không cần để ý,0,0,0.09272041911709145
"gặp một nhà nuôi 1 con chó với 2 con ngỗng , trời ơi chưa kịp vào nhà , con chó còn chưa sủa mà con ngỗng đã đuổi chạy vắt chân lên cổ rồi :'( nhục",1,0,0.25908144306617525
câu chuyện của mày làm tao buồn quá,1,0,0.23317276378752916
"per này , thích thì xem cho đã con mắt đi 🙁 đáng sợ quá mà",1,0,0.18390983233358815
mau khoẻ nhé :d,0,0,0.05386515652324236
công nhận chữ đẹp . 🤧,0,0,0.0398622510187492
nhìn mày thế kia đến tao còn thích ngủ cùng huống gì em mày,0,0,0.4317017360282168
"thiện tai , thế giới này khi nào mới được yên bình",1,0,0.24730647974057368
làm tao liên tưởng đển phượng hoàng cổ trấn :))),0,0,0.05989520530666553
tiền nhiều để làm gì ? để rồi lại chia ly,1,0,0.21175556796543002
điềm báo gì đây,1,0,0.12906772004365236
per huhu mất đi đồng nghiệp 😭,1,0,0.0597824808265709
chẳng những hư xe mà còn bị phạt nặng nữa,1,0,0.4970172799867746
nhất là lúc 16h chuẩn bị đến giờ đá bóng . chất rơm đầy bếp cho nó mau chín 🥰🥰 yêu quá thời đó,0,0,0.07283367267145473
bắt ve cho nó điiii . trông khổ quá,1,0,0.06701168056432447
khi nào mình già rồi cũng như v nha per kkkkkkkkkk,0,0,0.11662058677932496
những người có tài như này công nhận giỏi,0,0,0.0608186361956043
😞 đó sẽ là những kỉ niệm thật đẹp,1,0,0.012738240639263139
tao bị biến dạng luôn một tay,1,0,0.2438840330278924
chời má . ngọt chết tao rồi :)))))),0,0,0.16920551324045874
chạy ngay đi 😱😱😱 sợ quá .,1,0,0.057878809328463635
"nhìn cảnh 2 bố con hôn từ biệt , em bé cũng rướn mặt theo hôn bố mà chảy nước mắt , em bé như thế chắc không biết diễn , đúng là cảnh đẹp quá",1,0,0.09919543827024375
rất tiếc em vẫn chưa gặp được anh :((((,1,0,0.0488986463752831
"e ấy đang khóc , nhưng vì hàm răng không thể thụt vào nên mọi người nghĩ là em đang cười :))))",0,0,0.26725946950901963
per thì tốt nhỉ quá đỉnh luôn ... nhưng không biết được trọng dụng không nữa buồn quá,1,0,0.20128496279521893
"cấp 3 , đáng tiếc nhất trong thời học sinh ^^",1,0,0.060911572849730755
đm nhìn ngầu vãi,0,0,0.04895327388797841
em đang ở đâu mà mấy năm rồi chưa thấy xuất hiện :),1,0,0.0707622565536435
phải chi có người để giận mình nhỉ :(((,1,0,0.1447299793000164
dễ thương vậy,0,0,0.04209327330712424
vào sg 50k / không cũng mua . 100k / không cũng mua ! ha ha,0,0,0.10108079693783945
"tao cũng là người cuối cùng ra khỏi căn phòng ấy , ngắm nghía lần cuối rồi rời đi , khép lại 3 năm đẹp nhất của đời người . tao không khóc nhưng trong lòng rối bời , muốn ôm hết all vào mình .",1,1,0.6797116565219299
14 / 2 năm sau tau sẽ là ông già cô đơn ....,1,0,0.09920248797550668
"ra đi là lựa chọn đúng , ở lại incheon để gánh team làm gì cho mệt ra lại bị tiếng xấu .",0,0,0.3121370563533722
"ôi dume giật nảy mình , tí thì rơi điện thoại",1,0,0.13910265613161138
hiện tại cảm thấy hạnh phúc khi môi trường làm việc toàn người lầy ....,0,0,0.12283393915809979
k cần biết nội dung ... nhìn mặt con bé thoy muốn cưới về cho con trai mình ngay rồi 😂😂,0,0,0.1543568573592378
vụ này chắc xử nhanh hơn vụ trong thang máy .... 😂😂😂,0,0,0.0656226792894999
"đặt mình vào vị trí của nhau , biết lo lắng suy nghĩ san sẻ cho nhau vậy là đủ rồi . có quá khó không ?",1,0,0.19484058949986943
per mã mẹ biết hôm qua quay video sớm hơn ự,1,0,0.0580778511603216
"cả phim trừ anh dv chính ra thì thấy anh này là đáng yêu nhất , dù nhìn hơi hâm hâm tý",0,0,0.012013932812557289
may mà không mua laptop này không thì ăn lìn lâu rồi :(,0,0,0.12966373498696585
câu chuyện của em làm anh cảm động quá …,1,0,0.07501963789754036
ý tưởng hay,0,0,0.08906867116608831
"xem mà đau lòng , đau lòng nhưng vẫn xem :((((",1,0,0.19558114363377968
con dựt gái đây sao hahaha,0,0,0.10083207748573177
thế hóa ra nguy cơ trầm cảm của tao cao lắm,1,1,0.7762779458253609
có ai thừa biết nó sẽ nhảy vào điện thoại nhưng cuối cùng là vẫn giật mình không 🤣,0,0,0.23818169422654234
per nghe chưa nhân viên mới ... kk,0,0,0.05609733949696332
đáng yêu vãi =))))),0,0,0.015454689392022457
nó bể 1 phát lúng tới cổ dume tởn tới già,1,0,0.05614594612917898
cảm ơn những người thả 😡 nên mình biết là đéo hay nên mình đéo xem . may vãi,0,0,0.06699409336576787
đồng nghiệp nhắng nhít nhất hệ mặt trời =))),0,0,0.029282629085840485
giống thằng này vãi :))),0,0,0.04148090670053745
lò xo chắc giờ không còn nữa rồi,1,0,0.24788947254380123
đơn giản là thấy họ cười 😂😂,0,0,0.14798790489672248
hú hồn lon vẫn còn,1,0,0.0746066949572558
"diễn còn cứng quá à , kiểu biết rồi mà còn giả bộ bất ngờ :))",0,0,0.05007483280828987
công nhận nó phê như vậy thật 😂,0,0,0.03696213057317448
per đã hiểu sao hè năm ngoái có quả lịch học vãi chưa =)),0,0,0.0636147879336767
chúng ta nói với nhau nhiều quá nên bao giờ không còn gì để nói với nhau 🙂,1,0,0.08264057076240296
hôm ấy tao chân ướt chân ráo từ quận 6 lên quận 3 cũng rẽ trái đoạn ntmk và cmt8 . mất 3 lít :( khôn hẳn ra,1,0,0.1245841776201836
rồi mấy đứa chân ngắn đi chắc dập người hết . bay qua sao nổi =)))),1,0,0.05245308141618805
vui tính tí cũng khó cơ,1,0,0.07964962924815826
"dân vũng tàu có khác , toàn người nhân cách cao",0,0,0.03710245870287391
"dăm ba cái thể hiện tình cảm này ngày xưa tao đầy , nhưng từ ngày cưới xong đi qua đường chắc chồng tao rơi mất não nên chưa thấy lặp lại bao giờ . 😌",1,0,0.24395625292003467
chưa kịp đặt chân đến chiêm ngưỡng nó ...,1,0,0.07785661246744496
per thế đéo nào mình chơi với toàn gái mà tính vẫn giống con trai . _ .,1,0,0.1307293085281975
đã sợ rồi .. cố gắng hí mắt để xa ra để coi như thế nào .. khúc cuối hết hồn dục luôn cái điện thoại :))),1,0,0.10698564675112646
per xem đi haha,0,0,0.07064559680810359
chỉ mong có người đến cuối đời vẫn yêu mình như ngày đầu tiên ❤,0,0,0.16233828763960542
per viêm màn túi cấp nghiêm trọng,1,0,0.04600531641711899
chiều mưa hứa tự sẽ tự đi mua đôi giầy mới 😂,0,0,0.223370629182232
vâng em gặp anh rồi mà giờ đây em vẫn cô đơn đi lang thang tìm những thứ vô nghĩa lấp vào nỗi cô đơn ấy,1,0,0.3154748497679691
mình cũng một thời gắn bó với nó,0,0,0.27482126203434354
nhện thông minh quá per,0,0,0.0775895302244738
mình thiì chưa năm nào được trọn vẹn,1,0,0.18558152669689268
số hưởng rồi tránh sao nổi :d,0,0,0.13484192300004508
ước mơ nhỏ nhoi của tao là được làm chị mà không thể nào làm được huhu,1,0,0.22420114243587203
cô ấy không yêu tôi,1,0,0.11487817705814553
tạm biệt ông 😢,1,0,0.20592208765515363
nguy hiểm thật ... suýt nữa tao ảo tưởng con mẹ nó luôn rồi ..,1,0,0.3219327341496789
"nhà tao bên cạnh phòng tập gym , lúc trước bán dụng cụ thể thao ế vãi ra , nợ nần chồng chất ! từ ngày chuyển sang làm đại lý dầu ăn , gia đình tao phất lên trông thấy !😂😂",0,0,0.1497127365346804
per hồi đó mua điểm đại học nè 😂😂😂,0,0,0.04141206508329079
nó lại hợp lí vãi,0,0,0.06259636914044675
"per hihi học ở đâu không quan trọng , quan trọng là bọn mình luôn có nhau hihi",0,0,0.0554196462658219
"may công an đến bắt chứ không thì dân chỗ đó cho vào nồi cả rồi , đã có người cắt cử nhau đi mua giềng mẻ rồi đó chứ 😆",0,0,0.14230246249686318
"eo ôi thằng nhóc áo xanh cuối cùng , sao này lớn lên chắc là sói ca haha",0,0,0.07111435873538677
"thôi bảo em gái xuống ngủ với mẹ đi , còn em percó sợ ma không ? thì ngủ với anh . hehe",0,0,0.19859166801879619
càng thân thiết khi quay lưng càng đau lòng .,1,0,0.23475532171564445
per nhìn đẹp thiệt mày,0,0,0.05325132009126107
😭😭😭 sinh lão bệnh tử hẹn gặp kiếp sau,1,0,0.19723077332875785
nghiệp hơi nặng nha !. làm hết hồn,1,0,0.09754962352873939
đúng là khổ trước sướng sau thế mới giàu =))),0,0,0.05653838782182435
nt thêm cái dạ vâng thấy quý vãi,0,0,0.07477101428912844
"200 năm xây dựng , tồn tại 800 năm , thật là tiếc cho nước pháp .",1,0,0.21326161183080525
hú hồn chim én :)),1,0,0.040117110184107005
đừng bỏ tao ra đi mà,1,0,0.1043161101606254
"gặp tao , tao ré cái hoảng mất :(( đáng sợ qué",1,0,0.27776322796910513
tự nhiên mình xem và mỉm cười theo .,0,0,0.2194535860245904
cái máy này có thật thì bọn chính trị gia sẽ ăn cứt hết 😂😂,0,0,0.10363085739864746
per hãy cảm ơn tao đi hâhah,0,0,0.03479955231722909
chú nghĩ cháu rất giỏi văn và là người có suy nghĩ trưởng thành rồi 💐 rất đáng yêu và tếu giống mấy con giặc nhà chú ❤️,0,0,0.05414492840029176
cần lắm nhiều vụ ly hôn như thế 😂😀😀😁🤣🤣,0,1,0.573591540241638
cái đoạn nướng cháy pizza để phốt công nhận là chuyên nghiệp thật :),0,0,0.02193752522892142
và mày chợt nhận ra người yêu củ của mày có người yêu mới huhu,1,0,0.028481006757300007
"con bé xinh nhờ , khốn nạn là cái thằng edit video ý :)))",0,0,0.024117166106926085
đây chính là lý do tao giảm cân toàn thất bại,1,0,0.28654101884868777
chưa bao giờ còn yêu nhiều hơn thế 😍😍 bởi cha mẹ cho tôi tất cả,0,0,0.17299239840225877
"giờ nghĩ lại mới thấy vui thế , đến nay bạn bè lập gia đình cả rồi :(((",1,0,0.2511924344604662
per đồng nghiệp tốt giúp ta dễ vào nhà thương điên kkkk,0,0,0.02731734670044312
thằng nào chưa bước vào quán bar hay karaoke giống tao không 😂 trai ngoan điểm danh 😄,0,0,0.0892351672972745
per đưa anh nè không cần năn nỉ . chỉ cần em cởi hết đồ ra thôi . đúng không,0,0,0.10548527154011048
tuyệt vời . aeon mall có khác,0,0,0.011602803966644447
trải qua một cuộc bể dâu . những điều trông thấy mà đau đớn lòng,1,0,0.2065349509534163
hè về chỉ thích ăn cái này .,0,0,0.1438585966903995
tư ̀ hô ̀ i ba ̣ n â ́ y chuyê ̉ n trươ ̀ người thi ̀ chă ̉ người co ̀ n ai đô ́ i xư ̉ tô ́ tao vơ ́ i tao như vâ ̣ y nư ̃ anh . :(,1,0,0.08321988915289305
"mặt đúng kiểu , em hiểu cảm giác phê của anh không kkk",0,0,0.23479722411218035
thỉnh thoảng lại xem lại phim này quá hay và ý nghĩa,0,0,0.05271081196249536
tận cùng của tan vỡ ah có biết là gì không ?,1,0,0.11727259695617596
không muốn huhu,1,0,0.3114211146539352
đầu năm chúc đại kỷ nguyên vạn sự như ý nhé,0,0,0.03219568389846109
loài này bé như ngón tay phàm ăn lắm sợ luôn,1,0,0.1969688143238734
rút kinh nghiệm năm ngoái 😂😂😂😂😂👍👍👍,0,0,0.07174429443480801
trông tội vãi,1,0,0.06998700612039133
yêu dã man kkk,0,0,0.05439136093935076
nước mình chả í thức gì cả xả rác bừa bãi để trôi rác đầy đường thể này thật buồn,1,0,0.09649806490879455
nghiệt ngã hơn là phi hành gia đéo tuyển mấy đứa lùn :((,1,0,0.09584910319238088
kiểu gì chả chết ? đá to như kia thoát sao nổi ?,1,1,0.7058339008910818
per 2 ly trà sữa bạn làm rơi mà chưa thấy bồi thường lại mình 😞,1,0,0.09736364912957844
cái này thì ai chả đau lòng trời,1,0,0.27054088413001476
mày làm tao buồn đó per ??,1,0,0.2812358044143242
tao không sợ đi làm mệt mỏi tao chỉ sợ không có niềm vui với nó,1,1,0.6582291339162256
tao đã khóc khi xem phim nay,1,0,0.10626147201212696
mong manh dể vở 😂😂,1,0,0.12470646444394227
"chúng ta hầu như ai cũng dùng đôi mắt bao dung để nhìn một người xa lạ , mà đối với người thân bên cạnh lại chỉ nhìn thấy khuyết điểm mà thôi ..",1,0,0.07134442469449881
ewww mình chẳng giữ được gì huhu,1,0,0.28090613487539007
nhìn nó cưng quá,0,0,0.044393507051155655
mẹ thằng này nói tiếng việt tốt thật lại còn nói được cả giọng phú yên nữa chứ,0,0,0.0958162429212877
tiếc quá ! nguyên nhân,1,0,0.07246724788602905
con mèo đág yêuc quá 🤣,0,0,0.16667082262843602
khổ thân em ý .,1,0,0.4443509919215228
cưng quá mà,0,0,0.0885851637731739
per sao tội vạy em,1,0,0.12490009487906821
"per :))) tuy anh hay bắt nạt , giấu đồ và ăn bòn đồ ăn của em nhưng nếu thiếu anh thì công việc sẽ trở nên căng thẳng phết đó 😭",1,0,0.08512735068107617
má như người yêu ??,0,0,0.039322839072726816
chỉ để nhìn cái thôi :)),0,0,0.032423412741145886
có người đến gần cuối đời rồi vẫn còn khổ ! :(,1,0,0.2993055559289506
ôi gu mình !! mà phim lâu quá rùi giờ mà đóng lại bản khác thì không biết sao haaa,0,0,0.09759589110892145
kinh khủng,1,0,0.27406538857046214
c trai như thế nào tuyệt chủng rồi :),1,0,0.08370244660507617
tao cũng đang là con ghẻ của tạo hoá,1,0,0.2567979626795584
lấy ống hút mỗi đứa cắm xuống mà hút thôi :)),0,0,0.09676626282309778
sau khi đọc bài của mày tao cười nhiều quá và gãy mẹ hàm cái à,0,0,0.1453407414289265
mệt vãi .. mà cừời cũng vãi ??????,0,0,0.15101216665124084
đã từng nên tao hiểu cảm giác ấy . vừa tiếc ly trà sữa vừa phải lết xác đi giặt cái balo,1,0,0.3528209878154213
tạm biệt ánh sáng của đời tao,1,0,0.29809713345466915
đau bụng vãi hix,1,0,0.10662477674975934
"ai cũng chỉ muốn cho con tất cả nhưng vì được không có mà thôi , có con thì mới biết lòng cha mẹ",1,1,0.695165199746025
"nhớ quá , độ chục năm không đi soi ve rồi :((((",1,0,0.09416821544318171
"k có con gì ác bằng con người , các con bé như thế mà nó không tha",1,0,0.11691065784480636
đáng tiếc đời không như là mơ . thực tế sẽ vả vào mặt cho mày tỉnh ra :(,1,0,0.26761173469741495
nhờ cái bếp như này . mà hồi nhỏ tao suýt đốt cả nhà và bị chửi đó :((,1,0,0.3001155333716775
còn tao thì còn không có nổi 1 người tỏ ra thân thiết quan tâm cơ . _ .,1,0,0.3272759982855034
và hơn hết là tụi nó không còn coi mình là con gái nữa,1,0,0.3024332336306733
nhà có người già vui thật nhỉ 🤣👍,0,0,0.038367068124869216
hiếu nghĩa . nhìn cái này nhớ mắc cười má đào chúc quá 😀😀😀,0,0,0.039134096155457765
cách người ta phản ứng cũng văn minh ghê ❤️,0,0,0.06423439142776163
rồi lỡ ai có bầu mà đi qua không biết nhảy kiểu gì nữa 😂😂,0,0,0.3625374003729593
"cứ thấy nó là đi đường vòng , dù đường hơi xa vẫn đỡ hơn bị nó dí =)))",1,0,0.05709834748828546
cũng muốn kết hôn lắm mà đến giờ vẫn chưa có người yêu 😭,1,0,0.29636158946060376
2 đg thẳng mãi mãi song song không bao giờ cắt nhau hix hix,1,0,0.21292976116900292
mẹ thấy đơn giản không ? đấy giờ chỉ việc lên số cái .... lên ...☝️☝️,0,0,0.21751328065461153
thực ra chỉ cần nhập đúng input là được thôi mà :d,0,0,0.14195176439208096
coi phim này không .. dễ thương lắm ..,0,0,0.11179863167613073
thương mấy anh quá mà tao không kiềm được vẫn phải thả haha,0,0,0.05844100375130326
này gọi là theo kịp thời đại :)))),0,0,0.03866922184429104
có người sinh ra đã giàu có người làm cực khổ cũng không thể giàu . thương ông,1,0,0.23037221300334765
"hồi lớp 1 đú theo lũ bạn về học nấu . thế là cơm sống , sợ quá vùi gạo trong đống tro",1,0,0.1394477137795343
"tao cũng hay nằm mơ con mèo của mình nó về , tao tưởng thật nên khóc cả trong mơ lẫn ngoài đời . nhưng nó đâu có thể về được nữa ...",1,1,0.7142920628170062
mình nghĩ đợt này bà per thua rồi . đuối lý lẫn truyền thông yếu,1,0,0.052285342258225356
đến gần đoạn cuối tao tắt âm xong vào xem bình luận rồi mới tua xem lại để minvolum . iq + vô cực chuẩn mẹ rồi,0,0,0.36845710983677316
vừa sếp vừa đồng nghiệp tốt thì đi làm như là đi chơi 💃 bonus 6h chưa hẳn đã muốn về,0,0,0.13140150198673248
coi phim này mà ứa nước mắt 😢,1,0,0.07112007266299084
đm hú hồn,1,0,0.10010462842093208
lâu rồi không được nhìn nụ cười ấy,1,0,0.1879171199082557
"đỉnh rồi , hiệu ứng tốt :))) ấn tượng vãi_chưởng luôn",0,0,0.02711565714341349
nó mà nhập viện thì xong đời tao . n 😂😂,0,0,0.06531899818618431
"hồi nhỏ bà mày có cho một con ngỗng mình tự tay nuôi nó . từ ngày đó nó đeo mày như chó mèo vậy . nhưng khi lớn nó lại mắc bệnh mà mất . giờ cũng hơn 4 , 5 năm rồi những nhớ nó lắm 😓",1,1,0.509811321784
"cùng cười cùng khóc cùng vượt qua khó khăn , đau khổ nhưng cuối cùng lại là con số 0 :)",1,1,0.6352798786021192
"sống trong một gia đình nhiều áp lực và lúc nào cũng chửi bới như vậy , tạo hóa đã ban tặng cho em bộ nhá khá là tươi để cân bằng cuộc sống",0,1,0.7661305680480295
trời . cưng chết được,0,0,0.4311825318318031
ám ảnh thật sự,1,0,0.2952632282448907
sống 17 năm chưa crush ai bao giờ,1,0,0.23647287316254212
lụm điều cho ba má . 2 ngàn 1 ngày bỏ heo đất . thằng hàng xóm vô trộm mất . khóc lóc mấy ngày .,1,0,0.33495534438209074
"miễn sao có tiền ăn bánh trung thu , mua lồng đèn , đi du lịch =))))",0,0,0.03454414231396509
"hôm bữa 2 bình siro dâu thấy tiếc , nay bình mật ong còn tiếc hơn",1,0,0.08327577045064584
tao còn phải đợi 3 tháng nữa là đủ 1 gia đình nhỏ rồi,0,0,0.4488646639588476
chú này tội lắm á :(,1,0,0.26100334600175296
"yeahh , được mở lại fan cứng rồi =)))",0,0,0.048873237280016836
dỗ lại dễ thôi mà . nhỉ nhỉ 🤣🤣🤣,0,0,0.052167727500443184
"tao nghĩ chắc do kiếp trước mình tu chưa thành tâm nên kiếp này cuộc đời tao như 1 trò đùa , tạo hóa ghẻ lạnh . chán đời :)))))",1,0,0.1652931819061474
ph :)) phê hơn cả cần nhé . nên mua cái này về dùng tốt cho chó và người :))),0,0,0.013492685872220253
ưới gì honey của mình sau này cũng thế,0,0,0.18942310518220343
"per nhớ ngày tháng cta bên nhau ghê , giờ thì chả còn gì",1,0,0.08919352889581751
tao . đôi lúc nghĩ lại thì tao vẫn thấy sợ tao lúc tức giận .,1,0,0.24062468373392032
mùa mưa đến sớm rồi huhu,1,0,0.1891866029192128
xem video không buồn cười lắm vì chửi thề quá xá .. cơ mà đọc bình luận của các bạn cười đã luôn . kkkkk,0,0,0.17164661389460972
"tuổi thơ của tao sợ nhất là con này , không làm gì mà nó cũng rược , suốt ngày thì kêu um sùm",1,0,0.16923621139141548
giỏi thật chứ đùa . biểu cảm gần như 90 % chuẩn mẹ rồi . thằng quay và edit cũng ghê luôn . nhảy cũng tốt ra phét chứ -.- ác thật,0,0,0.14136488363792352
"cay mắt lắm , mà nhìn nó lại nhớ nhiều kỉ niệm",1,0,0.03370145143504082
"tau sẽ phun thuốc kích thích , 2 nam nữa sẽ dài hơn ong nay ... sẽ được vào viện bảo tàng .. 😂😂😂",0,0,0.21417875673165981
"vị nước mắt , dù cảm xúc như nào thì khi có nó cũng thật đáng nhớ !",1,0,0.20218630544860425
thế này mà mày vẫn còn buồn thì ...,1,0,0.341739314495623
anh thíck kiểu tra tấn hằng ngày :))),0,0,0.06609917661197265
per em đã tìm ra giải pháp thiết kế rồi nhé :))),0,0,0.05753236301505092
chủ tịch giả vờ luyện vỏ và cái kết sấp mặt luôn haha,0,0,0.051817965215798505
per ru con để vợ đắp mặt nạ kìa ?? đúng là chồng người ta chưa bao giờ làm mình thất vọng ??,0,0,0.23736675605884222
"ở trên mái sảnh nhà tao cũng có một con nhện mẹ tao bảo tao giết nó ( hờ hờ ) , còn bố tao bảo "" mày cứ đi qua là nó rơi giữa đầu """,1,0,0.3661594152591123
per hàng hiếm nhà mình,0,0,0.2036660009729661
cung quá ak,0,0,0.09720672943492087
sao bao nhiêu năm kể từ ngày đó em đã không còn nghe lại nữa :((,1,0,0.4252529128407427
đôi khi đi tù chỉ để thoả mãi thú vui,0,0,0.20898292465335286
nhà tao có nhưng nó rỉ sét hết rồi :((,1,0,0.24390194869489257
per không cho anh đi tập đâu nha mất bồ như chơi,1,0,0.08059626923169146
trong nhà không biết có ai không nữa ? sập quả này sợ thật đấy,1,0,0.25538593640326973
ăn vào lại thức dậy ở một nơi xa thì bỏ mẹ :)),1,0,0.0738472582217343
per tiếc cái gì đấy bố nó,1,0,0.05809513963234071
chuẩn bị kiểm tra hình huhu :((,1,0,0.1571552794070724
mèo nhà tao gửi 10 ngày về ăn tết lên nó thành mèo hàng xóm này ( nhà hàng xóm bán cá ) :((,1,0,0.24812852818704006
giờ mới hiểu tại sao lúc đầu nhà hàng không cho đặt chỗ ..... má nó li hôn 3 lần rồi lần nào cũng phải giảm giá 30 % nó ly hôn thêm vài lần nữa chắc sập bà nó tiệm,0,1,0.5702585748808856
"đêm hôm coi lại , cười mún rụg rún",0,0,0.21822711210963813
tao cũng hao mòn nhan sắc như này,1,0,0.10330880235589376
người ta kê bàn ghế ra chả nhẽ lại vẫn nằm đất để nhìn mông người khác ngồi :))) pha xử lý rất cao tayyy,0,0,0.01860616363632923
chỉ cần nhìn họ thì đã thấy tim đập mạnh rồi =))),0,0,0.03052596371094707
"khuôn mặt ngây thơ vô số tội , trái tim nhỏ bé của tao sao chịu được ❤❤❤",0,0,0.12989321015549118
"có lần ba tao mua bánh kem sinh nhật cho tao , lúc đấy tao 13t nhưng khi ba tao mua về thì lại là 15t 😶",1,0,0.19221749914345468
nghe nói 2020 hơn 4tr đàn ông sẽ ế vợ . mình chỉ việc chờ thêm 1 năm nữa thôi là đăng tin tuyển chồng 😂😂,0,0,0.16448581218135705
"vừa về xong , phải nói là đông vãi đông chứ không phải đông bình thường =))))",0,0,0.15236015103887762
disss giật hết cả mình .:)),1,0,0.1047436263020479
ăn vải nóng lở hết miệng ra đây này,1,0,0.2688848492686364
idol có skill mới chất quá 😂 1 cú đánh mông thôi mà đối thủ bay sấp mặt luôn luôn 🤣,0,0,0.054078030503070765
tan tành rồi .,1,0,0.11863580382969127
rồi tôi sẽ hết được uống nước ở đây nữa :((,1,0,0.32676978548192803
per coi chừng bị vậy nha chưa haha,0,0,0.07738457174908976
tao không theo dõi phim . xem bập bõm mấy tập mới biết em nó là con gái 😅.,0,0,0.04823975549434652
chỉ thấy dễ thương và xinh khi crush thôi khi hết crush thì có cười nấy cười nữa cũng không có cảm giác,1,0,0.21823599205790825
chị khổ mấy cô giáo viên giám đứng ra tố cáo . sau này bị làm khó hoặc trả thù,1,0,0.16578880893678674
đi đâu cũng ngó ngang ngó dọc để được nhìn thấy crush 😂 ngóng nó đến mức cổ dài ra hẳn mấy cái 😂,0,0,0.06802160589559625
tác phẩm nghệ thuật chất lượng cao hiếm hoi của điện ảnh việt nam nhưng không được công chúng quê nhà đón nhận,1,0,0.03292475081008045
thương .. hy vọng sớm có người cưu mang bé,1,0,0.2204826252011163
tao thấy cảm động vãi .,0,0,0.10333585005896018
bây giờ mình 56 tuổi vẫn dùng để bắn bọn chuột neo dình sơi chim cảnh rất hiệu quả các bạn ơi,0,0,0.04136386409761188
êu ơi sao con mụ này không gặp mình nhờ :))) ước gì có con mụ thế này tông vào mình ý :)))) klq mà giọng bé quay video đáng yêu thế ❤️,0,0,0.031986397671814694
per xem đi mày sẽ sướng thi nhìn con nhện bị giết 😂,0,0,0.11023157982883366
tôi đã đúng khi đọc bình luận thay vì đọc bài :),0,0,0.04797236072506748
mạnh vỗ tay 👏,0,0,0.047479736532813434
couple cuối . yêu chết đi được,0,0,0.17819346780159376
"t đã hối hận vì nói ra , để rồi bao giờ tao với cô ấy chẳng còn thể nói chuyện như trước nữa",1,0,0.4821333350668699
k nuôi thì cho người muốn nuôi đi chứ để em nó bọ ve tùm lum sót quá ????,1,0,0.10854130125222652
đây là lần cuối cùng các bạn nhìn thấy anh ấy :d,1,0,0.03598350457584605
tao ngự ở trong uống nước cho nhàn thân rồi,0,0,0.3137068004417083
không phải crush :v nhưng mà nhìn ổng cười mỉm nhìn cute vãi -.-😑😆❤,0,0,0.05769972802610049
có ai như tao không đọc đề thì quen nhưng lại quên phương pháp giải . chắc mất gốc rồi :((,1,0,0.2170330549100606
hahahaha tao mắc cười ghê . nhớ cái hôm sinh nhật tao ghê . chắc mấy mẹ ở guru cũng rủa dữ lắm hahaha per,0,0,0.18674468711227066
chờ có người giận mà không được,1,0,0.11045227409383859
per khi ế nhưng vẫn phải giương mắt nhìn bọn nó ân ái,1,0,0.04080987066119032
có ai ngu như tao không đơn phương con nhỏ cạnh nhà 4 năm mặc dù nó ngồi chung bàn với tao suốt mấy năm cấp 3 :(((,1,0,0.22023890015678027
1 lần thôi cũng đủ xao xuyến anh rồi,0,0,0.1361875061305867
nhớ lắm .. cay mắt lắm ....,1,0,0.33106089564819213
bà xinh thật sự ❤️,0,0,0.07578872875700268
nếu là tao thì nhảy cẩng lên chuẩn mẹ rồi :)) má nhìn trong hình tưởng ma thật ở ngoài đéo biết như lào luôn ớ,1,0,0.20342731618442006
yêu thế nhè 😍😍😍 có em gái chắc cũng vui lắm,0,0,0.08172607306926673
tuổi gì so với anh ! :) haha,0,0,0.0496855781064331
"làm pv quán karaoke đi rồi khổ hơn nữa , toilet danh cho nam chỉ đứng tè , vậy mà nỡ lòng nào mấy anh ngồi ỉa 😢 thiệt chứ gặp cái mún khóc lun …",1,0,0.1735982793636153
"đến giờ , em vẫn đang đợi anh , người sẽ đúng và thời điểm sẽ đúng",0,0,0.10962009087492602
mấy lần đi ngang hết hồn,1,0,0.12013176525730504
đúng là tấm gương xáng để con cháu noi theo =)))))),0,0,0.029017710155973566
hôm qua tao xem xong ngất xỉu tới giờ mới tĩnh chúng mày ạ 😌😌😌,1,0,0.055595713292261886
"giọng nói , ngữ khí đi vào lòng người vãi . mắt chị gái đẹp thế 😻",0,0,0.07458390812601769
không khoe thì không sao . khoe ra mai lại còn cái gốc ... haha 😁,0,0,0.11933944340857011
hoan hô anh 😂😄,0,0,0.04571800725773437
căng thẳg quá mà,1,0,0.12243698803303205
"phàm việc quan trọng trong thiên hạ , cứ về hỏi vợ , vợ nói sao cứ làm ngược lại chắc chắc sẽ đúng !",0,0,0.19105407818652226
cũng xinh mà ?? lai cỏ có lẽ sẽ khỏe mạnh và đỡ ngáo hơn ??,0,0,0.06771146580579875
thế giới này thật đáng sợ ai chả đĩa bay cho tao về hành tinh tao đi,1,0,0.3476093388237346
mình bị say xe bạn à :(((,1,0,0.3801968412627205
tí nữa vợ nó vắt chân lên cổ bò thì hú hồn,1,0,0.11079635969597892
tao cay mẹ khoé mắt,1,0,0.29031596446851693
mấy anh thiệt là nóng bỏng !!,0,0,0.04525039111248807
per chị rep khách hàng thế ấy hả 😞 bị bóc phốt rồi,1,0,0.17040333135372876
tao buồn mấy năm nay rồi,1,0,0.25329092088346317
"lúc nhỏ nấu bằng này không , nấu hơi bị ngon , tạo cơm cháy ăn bao riềng",0,0,0.17038964389188319
yêu em mọa mọa 😘😘,0,0,0.05279623840463631
tình yêu là một thứ cao đẹp hãy trân trọng nó .,0,0,0.03586894015849041
yêu quá đi mất . tuổi thơ của mình toàn nện mấy thằng con trai . trong lớp mình toàn làm xếp nên chẳng được giúp đỡ,1,0,0.22630419662367046
per đồng nghiệp không tốt ta có thể bị chửi và ăn đòn từ sáng đến tối 🙄,1,0,0.13146773686086355
những cử chỉ đẹp làm từ thiện cho người nghèo hay thiếu đến lấy thừa đi đến cho,0,0,0.04207458532968654
"nói gì , em trai tao cắt tóc xong là tao đè nó ra chụp hình . cảm thấy nó cắt tóc xong là đứa nào chứ không phải em tao =)))))",0,0,0.11477818542721512
nghe cũng đúng đúng :)),0,0,0.048729664287285285
ngưỡn mộ chi lâu lắm oy . mà giờ biết thêm nhiều về chj nữa nên càng yêuc chj nhiều hơn 😍😍😍,0,0,0.2504598061749213
còn nhiều người có cuộc sống khốn khổ hơn ta :),1,0,0.1455707788034406
""" vậy là đủ tuổi ngồi tù rồi nhỉ ?"" , mặt anh rất tỉnh và đẹp zai =))",0,0,0.05701173382533644
nghe lại mà nhớ những ngày tháng say đắm trong nỗi cô đơn,1,0,0.14667717132732125
công nhận ngầu thật,0,0,0.05835997127512053
đến ngày sinh nhật mà còn không nhớ thì còn nói gì nũa,1,0,0.1675435221616856
"là thằng đàn ông phải có bản lĩnh từ khi còn bé , thay vì hay bắt nạt , quát tháo đàn bà thì hãy là người che chở , yêu thương !!!! mong con zai của mẹ sau này cũng như mấy anh này .!!!",0,0,0.04616383034069294
tao thì nói xong lại thấy người ta không hứng thú thì lại lượn,1,0,0.08607594669018029
khi bạn muốn lầy và cũng có người lầy cùng bạn =)),0,0,0.13109753196084167
"ba mẹ mình nhớ tất cả ngày tháng năm sinh âm lịch , giờ sinh , tên tuổi ...... của 4 chị em .....",0,0,0.32343895979965315
"per nếu có khi nào thấy bản thân vô dụng hay là thất bại , thì hãy nhớ có những người chế tạo ra mấy cái của nợ này . =))",0,0,0.12973197592581992
bể mẹ cái kính cường lực mới dán :#,1,0,0.2641277347107082
per cái gì mình không làm được chứ đánh cái lũ đéo phải người thì mình làm tốt kkk,0,0,0.1415594916527513
"lúc trước chạy xe đạp đi ngang qua đàn vịt có mấy con ngỗng lẫn trong đó . thế là dume tụi nó rượt tao vừa chạy vừa la cái thứ âm thanh nghe "" ứ ứ "" "" hiếp em đi "" làm tao sợ tụt lol :))",1,0,0.17202305234357182
cưng hết phần thiên hạ,0,0,0.16708678237197808
được cái công tác truyền thông tốt,0,0,0.011926961577570021
crush ở nhà chơi gane rồi haha,0,0,0.07921617501564955
dễ thươnggg,0,0,0.05433689953651101
nhìn sợ vãi ra,1,0,0.05196653925556442
đồng đội tốt ... nhưnh rất tiết chúng ta không có duyên 😀 kaka,0,0,0.02123175607989717
ơ tao đang mơ 🤩,0,0,0.2691254360563347
rất cá tính :v,0,0,0.03462923361150068
nhắn mà ấm lòng nhờ :))) ra gặp anh shipper đẹp trai nữa thì chủ thớt rụng hết buồng trứng :))),0,0,0.04066334604685
tưởng tượng mà dưới sông có cá sấu nữa chắc hết dám đi,1,0,0.17062350601844456
"xời tưởng gì , cái này tao làm được =)))",0,0,0.0557061198058832
xây 1 được 2 nhà :)) chủ nhà ấm vãi :)),0,0,0.040845935219045434
giống tao . nhưng cô ấy có hiểu đâu,1,0,0.3526839847779427
đau đớn hơn còn là khi làm bạn cũng khó và gặp nhau coi như người dưng nước lã,1,0,0.1201319283562294
"hồi đó đã undercut , bảnh vãi .",0,0,0.06907193964562243
đau lòng qá huhu,1,0,0.1805856290371372
mong anh có thể đạt được ước mơ của mình .... cố lên,0,0,0.14201909435751034
còn gì hạnh phúc hơn trong cuộc sống này ♥️,0,0,0.20316311505283816
thèm được bố chửi 1 lần 🤤🤤,0,0,0.3809777646481143
tao lại sợ ngôn tình quá cơ 😒,1,0,0.09384332316903159
đỉnh cao :)),0,0,0.02145160130852701
waooooo . hợp lí ghe,0,0,0.07558412593422763
tao mới mọc răng khôn huhu,1,0,0.08810560525298555
thực ra em mới đang phải là sự lựa chọn chứ không phải là người được lựa chọn đâu 😌.,1,0,0.3653950408110318
đã từng . hix,1,0,0.15274129386885507
"nói chứ uống đi , 1 ly thì giảm ăn một bữa sẽ không khiến mày phì đâu .",0,0,0.4457256741891852
quan trọng là có per luôn tạo độ khó game cho tôi :))) và không thể thiếu sự trợ giúp của các anh em trong team 😂,0,0,0.06995221332154866
tao thấy buồn cười vãi :)),0,0,0.11217763494156724
tao biết là có ý tốt gởi thông điệp ý nghĩa nhưng nhìn cứ sợ sợ lại còn sấm chớp :<,1,0,0.09053384739309567
vừa thấy thương vừa buồn cười vãi :))))))),0,0,0.12299662864485508
ước mơ tao 🙂 chỉ có thể sao chép lại và tao lên màu cực xấu !,1,0,0.1913967317933721
per đau hơn chia tay người yêu nữa,1,0,0.0470675501912365
mở máy lên .. rồii lại đặt xuống ... cả ngày nay tôi đều như vậy để chờ anh nhắn chúc tôi .. giờ này chắc anh quên ngày này thật rồi .. cô đơn quá mức rồi đấy 😭😭,1,0,0.20522271092381242
mink chỉ lo là nhà nước không đủ gạo nuôi mấy anh,1,0,0.13956994215081045
dell hiểu sao ngày sưa tao có thể cầm nó trưen tay đi câu cá 😳😳😳 nhớ lại vẫn thấy ớn 😂,1,0,0.06548223269621556
khi tắt đi mới thấy ngạt thở .,1,0,0.16447091504405648
trung thu là tết thiếu nhi cớ sao người lớn lại vi vu thế nhỉ,0,0,0.06107674175151765
mình sống không đủ tốt hay sao mà vẫn chưa gặp được anh người yêu tốt như này,1,0,0.027668081054053613
chỉ cần yên bình như thế này thôi . ❤️❤️❤️,0,0,0.11341560894800565
"tỉ năm mới thấy cười một lần người gì đâu mà khó cười đến thế 🤨 chả bù cho mình , lúc đéo nào cũng cười , cuộc sống tràn ngập niềm vui < 3",0,0,0.4646266231355407
đau ruột với thằng số 9 🤣🤣🤣,0,0,0.08863093176394762
"dễ thương , đáng yêu , cưng ...",0,0,0.048574932380911935
"nhiều nước quá , lấy bát về múc nước ra thêm tí đường vào là có 1 bát nước gạo ngon lành",0,0,0.16990030813522594
tao nhìn tao thấy ghê vcd ấy 😂😂,1,0,0.03895552131561023
chính xác ! chỉ cần đồng nghiệp tốt thì mọi ngày đi làm đều vui 😊😊😊,0,0,0.06873489417262685
tin vui cho bà con nông dân chuân bi vào ngày gặt lúa sắp tới,0,0,0.11603208818854946
một cái ỉn mông xong hết 😂😂😂 dăm ba cái võ thuật 😂😂😂🤣🤣🤣,0,0,0.03327296587247824
"chiến tranh có gì vui đâu nhỉ , chỉ gây đâu thương",1,0,0.1182744423630595
đâu phải ai muốn thích tao cũng được đâu,0,0,0.4371188973370758
3 idiots ! phim hay nhất mọi thời đại .,0,0,0.016802443368475237
cuộc sống mà mấy ai được trọn vẹn 😢😢,1,0,0.24405267763442326
""" học từ bỏ những thứ trời không cho "" nói thì dễ nhưng nhiều lúc quyết tâm lắm vẫn không làm được .. 😢😢😢",1,1,0.5241968698761101
ngày xưa mỗi lần tao làm ồn là ngoại tao liền la hoặc lấy roi đánh 😅 nhưng lúc đó vui lắm 😊,0,0,0.43065820788567416
nàng ấy chả yêu ta gì cả,1,0,0.02805104035724114
mặt dày lại ôm cứng ngắt cho chị . 😆,0,0,0.07470966483321269
tâm sự không đúng người ngoài việc họ cười vào mặt bạn,1,1,0.535108525529609
xem chỉ đợi đến đọan nó ngã để cười :)))),0,0,0.11498510885256087
nấu kiểu này ngon lắm luôn 😋😋,0,0,0.1613490948722733
kím cớ nói chuyện chỉ để biết người đó làm gì đang như nào . có vui hay buồn . rồi lại thôi,1,0,0.3120443876324595
per may cho bạn 😄😄😄,0,0,0.059319092886517155
"đù . tròn ung ủng , chân tay ngẵn cũn như tao nhảy sao",1,0,0.1473887721499298
xinh mà còn ngáo nữa thì người yêu mới cưng =)),0,0,0.04795054925431806
ông nào viết vui tính thế =)) cưng thật,0,0,0.06220603122851056
tuổi trẻ tài cao :)),0,0,0.021628820748823878
đó là những câu chuyện buồn mà :((,1,0,0.10533280823107029
per cái dume mày thấy tác hại của tập gym chưa,1,0,0.04634706416233005
thứ mà dễ dàng qa cũng nguy hiểm,1,0,0.07768234715545534
ngày ấy chỉ vì quá ngu ngơ mà để lạc mất .,1,0,0.2214218295324862
anh lấy đi niềm tin trả lại cho em những gì,1,0,0.11456329093764477
"hồi xưa vào trông nhà cho ông bà , thuê đĩa võ thuật này xem cho mạnh mé đỡ sợ mà thuê ngay đĩa này . ám ảnh quả nhạc tao tao téo vãi",1,0,0.041912248572733526
tủi hổ với bản thân ghê khi tao vẽ người mà mẹ tao hỏi : hóa ra đây là hình dạng thực của quỷ sao ?😑,1,0,0.1446572586241162
án mà cứ xử như vậy thì sao có được lòng dân,1,0,0.12069895252360804
đã thất tình xem pim này khóc cả đêm mất thôi mới đề mô mà đã khóc thút thít rồi chắc xem hết thì không biết pai làm sao ..,1,0,0.40907330344651843
áo phông dễ thương quá anh ơiiii,0,0,0.02137615963814085
đi chơi mẹ tao cũng không tha cho tao :) chửi tao làm mất buổi vui luôn á,1,0,0.1956530606782025
còn 1 tháng nữa thôi khép lại những ngày tháng vui buồn nhưng luôn có người bên cạnh sẻ chia không lo lắng của tuổi thanh xuân cái tuổi đẹp nhất của cng,0,0,0.13313990459071554
"vừa lắm ... cho chừa nè , ahihi đồ ngốc 😊😊😊",0,0,0.1656375367651739
"hồi xưa đi học mình ngồi gần lớp trưởng , tên này được cái rất ga lăng với bạn gái trừ mình .. huhu ..",1,0,0.17976448297599065
nếu chịu khó đặt vào hoàn cảnh của nhau mà sống thì mọi chuyện đã đơn giản hơn rồi .,1,0,0.08584259741827895
chỉ mong cảnh này sẽ không còn xãy ra ở xã hội này nữa . bất hạnh vậy đủ rồi 😞🙁,1,0,0.265472277256242
đẹp trai v :((((,0,0,0.0707829436428535
gắp đúng lúc nhưng hình như đúng lúc người ta không muốn y ai ???? đó là 1 câu chuyện buồn,1,0,0.20791541733223087
boss dễ thương hết sức,0,0,0.1336130075109568
đến ông cũng chẳng dám xơi,1,1,0.5119015441849882
bộ phim việt lần đầu xem thấy hay cảnh quay đẹp !!,0,0,0.015686342527348362
vỡ tan là như thế ấy,1,0,0.12073455767720319
đúng . a có tầm nhìn . tâm nữa . mình biết,0,0,0.2140960185155517
nhìn mặt ông thầy cay lắm :)),0,0,0.10339511993672704
anh thứ 2 cute thế =))),0,0,0.032178574112749304
cả tuổi trẻ bỏ công cày . có cơ ngơi ổn định . r về già con cháu đuổi ra đường bắt đầu 2 bàn tay trắng . đời 😅😅,1,0,0.13983006784706953
năm nay không được ăn dồi :((,1,0,0.1380962566484069
cưng xỉu ??,0,0,0.10287723909765123
tốt quá,0,0,0.013699723075491608
cứ thấy cute cưng cưng sao á .... có ai thấy giống per như tao không ??,0,0,0.1683078839844398
cảm ơn đoi tình nguyện viên nhớ có các bạn mà người dân bớt vất vả hơn,0,0,0.015092240384408895
per cho vợ đi cầu này để giảm cân nhá 🤣🤣,0,0,0.15131043288716609
hahaa nhìn mắc cười vãi per,0,0,0.08564682131009108
cái mặt cưng xĩu,0,0,0.14768418399262107
tao mà ở đây là sợ rụng trứng luôn chứ đừng nói ăn,1,0,0.10606446480451281
mình thì # mình chỉ mong chồng tốt thương yêu vợ con gia đình ! gia đình lúc nào cũng vui vẻ hạnh phúc thì ngày nào cũng là ngày ( tình yêu ),0,0,0.28911928582450175
rồi chưng ngắn như tao sao nhảy qua 😿,1,0,0.3371104823836572
đó là 1 câu chuyện buồn 😤,1,0,0.11571998856224514
kkk tao chọn anh đầu tiên,0,0,0.10195419394491427
kha ́ thông minh :)))),0,0,0.0520531593024
per cố lên gần đến nơi rồi . vào trong này mời nói chuyện nhé . ngay cửa đền chính . có bãi gửi xe . hehe,0,0,0.2488086098017777
thật dume nge yêu thương gì đâu :)) bắn tim bụp bụp,0,0,0.03498457849648513
diễn viên có cá tính hay nhât từng xem,0,0,0.013198299414955731
per nhớ cái bếp huyền thoại của 2 đứa mình he,0,0,0.04245457936395911
haizzzz đó là 1 câu chuyện khá bùn,1,0,0.10403734931071282
per nghe đi rồi khóc 1 trận cho thoải mái . đừng cố gồng mình lên nữa,1,0,0.34348673945883995
gap kiểu này chắc đái ra quần quá,1,0,0.09465006696662269
"per đọc vài dòng là lướt xuống cuối để xem có phải "" hi vọng câu chuyện mình vừa bịa ra ...."" nhưng không phải . kkk",0,0,0.22368173181345044
hú hồn cái lồn còn nguyên :),1,0,0.0766655574584255
chờ tý tao đi thay bỉm xíu tao quay lại .,1,0,0.037199617361250326
đại học vui lắm cậu :)) weeee,0,0,0.07748048818527566
"những chuyện trọng đại trong đời ... ta cứ nghe lời vợ khuyên , và làm ngược lại ắt thành công ????",0,0,0.0706326006964474
liệu có còn tồn tại cô gái nào chấp nhận một thằng vừa nghèo vừa xấu đặc biệt lại còn yếu sinh lý như tôi không,1,0,0.29936554160656825
"thật là romantic , mà mà mà ... sao nghĩ tới cảnh động phòng hoa chúc tao thấy nhột nhột lỗ đít 😧😧",1,0,0.06247407758277321
nhiều lúc tủi thân vãi_chưởng huhu,1,0,0.3685140209143501
dễ thương vãi ♥♥♥,0,0,0.05278546178662451
tình chỉ đẹp khi còn dang dở lấy nhau rồi nham nhỉ lắm ai ơi ...,1,0,0.28945054944784904
thật buồn khi mình thịt vợ thang khác mà thằng khác thịt vợ tưong lai mình,1,0,0.18026855023024987
tiên sư cái thằng ghép nhạc cười rớt mồm quả ghép,0,0,0.03092448869227904
đáng yêuc vãi anh ơi,0,0,0.02895764427935248
một cái vẫy tay đầy luyến tiếc từ cuộc họp tới đất nước việt nam,1,0,0.09291620458303297
"chỉ cần cho em nó 1 điểm tựa , em nó sẽ không ngán cả thế giới :))",0,0,0.23134566667419235
đứa con gái nào mà đề nghị là biết bị ma nhập mà né nha mấy cha,1,0,0.1470212510552026
1967 mà cụ ông đẹp trai phong độ ăn mặc thời trang quá :)),0,0,0.08232181451536405
"tội mày quá , lần sau mày bình tĩnh hơn nhé",1,0,0.08860559476464269
per b trà ơi . năm nay là pải mạnh dạn và bất chấp nhé 🤣🤣🤣,0,0,0.04788108990381943
chính xác là con gái xinh auto đáng yêu =)))),0,0,0.02515235314036984
thích quá mấy má ơi ! @@@,0,0,0.0892374908665163
xinh quá !,0,0,0.08323954682476015
ước là 1 ngày mai thức dậy dụi mắt mãi chưa hết tuổi thanh xuân =)))),0,0,0.08695230374123115
cay mắt,1,0,0.20245085898133727
đụ mẹ cười ỉa ????????,0,0,0.13766223429491314
t không phải con sến súa . ko cần quá cầu kì lãng mạn . cầu hôn tao thế này là tao đổ rồi per,0,0,0.2816536134675645
đã từng . và bị phũ như 1 con chó 🐶😂😂😂😂,1,0,0.24333299212858645
tao đau lòng quá,1,0,0.21820897229654154
"ngày xưa toàn ăn cơm với nước mắt , ngày trước giận bố lắm , nhưng giờ mới cảm ơn bố vì như thế mới có mình ngày nay",0,0,0.29729881604718983
và cuối cùng là được đối xử như một thằng con trai luôn ..,1,0,0.1699661912866139
đứa nào bị táo bón thâm niên cứ ra cầu này mà nhảy đảm bảo hiệu quả ngay lần đầu trải nghiệm 🤣🤣🤣,0,0,0.22125483692695883
ê có khi nào đọc bài này xong buồn cười quá cười toác hàm có khi nào đi bệnh viện không các cụ :v,0,0,0.13128866811657508
cũng đỡ tắc hơn 1 tí,0,0,0.2587580575445896
áo xinh thế .. cho tớ mượn đi tiệc nhé !,0,0,0.08998039565906754
còn tao mỗi lần cắt tóc là y như rằng … nó tệ vãi :(,1,0,0.22047050048679248
per nhện kìa haha,0,0,0.0863642181850016
cả tuần không được nói chuyện,1,0,0.13521171836824614
ông này đẹp vãi,0,0,0.03859019671778539
nó cười với tất cả mng trừ tao 🙂,1,0,0.3516814179818277
"cấp 1 hiền lành ít nói , ngồi gần 1 cô bé cái gì cũng nhường cô ấy , nhường đến mức nhường luôn tập sách , để bà già phải dẫn ra nhà nó lấy lại ! 😂😂😂",0,0,0.11207275325829529
ng dân biết phải làm sao bệnh chồng bệnh,1,0,0.3610381953904554
2 thế kỷ mới xây được vậy mà chỉ trong 63 phút tiêu tan hết :(,1,0,0.14070998585477204
per trung thu đéo liên quan đến việc có gấu cho lắm bạn nhể .... nhưng mà lễ gì cũng thế thì đúng là bất hạnh mà huhu,1,0,0.1507964765129183
mình còn để ảnh bạn ấy trong thẻ học sinh xong bị thấy cơ,0,0,0.15683627700487057
per nhất định chị em mê tín mình p đi xem phim này rồi,0,0,0.046495765601589946
"gần 2 năm đến sớm nhất để mở cửa lớp , lúc về cũng là người là sau cùng để khóa cửa . đến giờ ra trường được 3 năm vẫn không muốn vứt chìa khóa của lớp ...",1,0,0.28465186485315563
khổ thân các cháu,1,0,0.12932030405449707
t mong nó té quá chời :v,0,0,0.08734027761311407
điều tồi tệ nhất là kiểm tra code trên giấy .,1,0,0.2540260319623797
đã xem 2 lần bộ phim này 😁,0,0,0.06737180363291559
cũng tên quỳnh nhưng 2 số phận thật khác nhau 😢( chỉ mong được 1 góc nhỏ xiu xíu của b ),1,0,0.1388686054105474
cho con được thay ông bán vé đi 😔,1,0,0.04102322357077945
thế giới này thật đáng sợ :3 trả đĩa bay cho tôi về đi :3,1,0,0.310992806690618
gì cũng được ?????? dễ vãi,0,0,0.04860287548174789
t nói té 1 cái không dập mề thua gì cũg thua ..,1,0,0.25026914922982446
"tao cũng như mày đây . không sao cả , hãy tự hào vì tên mày vẫn rất đẹp",0,0,0.2545096554626758
trách ai bây giờ đây huhu,1,0,0.2801857754850823
không lau sạch về bà chủ mắng thì sao . nhiều người họ kinh lắm . trước mẹ minh đi làm cho nhà 5 tầng . họ chỉ ở 3 tầng còn 2 tầng bỏ không . mà ngày nào cũng phải lau hết,1,0,0.3517758977218065
phim kinh dị vào cái trời âm u 😒,1,0,0.213394872274333
mẹ mắng lúc sáng sớm là xui cả ngày :(,1,0,0.29683649976968934
phụ nữ ngày xưa toàn cực phẩm :v,0,0,0.13319322090358246
cứ tưởng là người yêu =)),0,0,0.05079708572454746
đàn bà ở nhà thế kia không sợ ngoại tình à ? tao đang lo vợ tao đây này,1,0,0.24173145351154085
thời xưa yêu nhau đến chết vẫn yêu ... thời nay yêu không biết chết lúc nào 🤣 cuộc sống nay đáng sợ lắm 🤪,1,1,0.5207142137479697
lại mất tiền ngu,1,0,0.15597477461967477
làm bộ mặt ngầu cho thằng thỏ để ý mà thằng này láo ăn thiệt đéo cho mình ăn ké quê thiệt là quê luôn,1,0,0.06002688184712488
moá cưng quá ??,0,0,0.10313479951512435
"ai ở gần đó xin hãy giúp chú , thương chú",1,0,0.24673599033771085
bố là số 1 vĩ đại hơn những gì con cần,0,0,0.09752317634682006
"lâu lắm đéo được gặp nhện trong wc , quên mất cảm giác nhịn ỉa như nào rồi 😂",1,1,0.7041984065876297
sau cùng cả 2 đều bị ảnh hưởng trầm trọng :((,1,1,0.7951821984763136
lời được cánh của sắt tàu hỏa ngon rồi,0,0,0.10735427056069415
:v trời giờ mới biết thế giới có dạng hợp thể vầy đấy :v,0,0,0.16970803284601713
có ai đéo hiểu gì như mình không mình trong sáng vãi heee,0,0,0.46667237676807566
bà già đau khổ,1,0,0.129678548192814
đag đi học mà gặp cảnh này :)) chắc chạy về cúp học luôn,1,0,0.024655946909581075
"bây giờ con đã sai vì đã chưa làm gì được cho cha , con thật sự xin lỗi cha và mẹ ,",1,0,0.39162416620128077
uầy . ngọt thế ??????,0,0,0.06469565575281291
nhìn muốn tè ra quần rồi,1,0,0.21710346141652154
quá giỏi . đạp đến ngất đi mà không quay đầu . sau này em sẽ thành công . chắc chắn vậy,0,0,0.07393219221313255
"dễ thương ghê =)) nói y như mấy ông ngồi nhậu trong bàn v "" đúng không "" "" đúng chưa "" "" vui rầu "" =)))",0,0,0.054791078544238675
per chuyện cổ tích nè ! haha !,0,0,0.05204595840815456
bây giờ thế mới biết tác dụng của con cái 😢,1,0,0.2798506142875685
bà mẹ nó @@ xem rùng con mẹ nó mình hơn cả phim ma .,1,0,0.09266532413789139
yêu thế,0,0,0.03205105466298435
"thôi xong 1 chiếc ôto . chắc tối nay ăn không ngon , nhậu không yên rồi .",1,0,0.07826157565297494
ấm áp vãi .,0,0,0.1636258290163738
per móc lên tới não :)),1,0,0.10987291269457711
bình yên thật,0,0,0.0640075738308095
"nói mưa là mưa v chời , tôi còn đi chơi đi học nữa mừ .",1,0,0.3695879156470114
lần đầu gặp anh cũng là phòng gym =)))),0,0,0.0924809975283531
có sáng tạo :)),0,0,0.05106824720471058
nhây qua ́ nhaaaa 😂😆,0,0,0.10706768023682817
per trời đựu cầu hôn nó phải thế . đã đẹp trai còn có não,0,0,0.17432893208326522
ăn ngon nhưng nóng không chịu được,1,0,0.39366668084059964
thế mà cũng 5 năm rồi . ❤️,0,0,0.18163495225442047
cám ơn đã cho tôi cuộc sống này,0,0,0.29117827717977457
cuộc sống thật chua cay với tao,1,0,0.39370439630492937
ôi đáng yêu quá . đến bao giờ người đàn ông như thế nào mới xuất hiện trong cuộc đời tôi đây,0,0,0.17334843947732817
t thua cả đứa con nít nữa ám ảnh vãi,1,0,0.24613541706840372
nóng như này ăn vải là thích nhất còn gì ... auto mát,0,0,0.1330231013032627
mê trai hơn bạn có thật :(,0,0,0.05044540136121471
nghe bạn này nói dễ thương zị,0,0,0.0673968852613417
nhanh ghê mới đó đã 9 năm rồi 😢,1,0,0.1203846591378778
bố mẹ tao đọc được tin này + xem cặp lá yêu thương nữa thì bữa trưa nay tao không dám ăn cơm mất .,1,0,0.22610806650222443
lựa chọn cách thức tuyển như thế nào thì tốt quá rồi,0,0,0.129863885868597
"per cần thêm những trái dâu xinh xắn để ngăn chặn sự u ám này , huhu",1,0,0.1475970841493849
mày khá là may mắn khi không học tiếng huế đấy =)),0,0,0.08400624235562487
mình còn chưa được nắm tay,1,0,0.18415117663414893
con đáng yêu quá,0,0,0.030170988513921766
"per huyền thoại , kkkk",0,0,0.05456640360619215
có vợ nên lắm . váy mới ngày trước toàn áo chấm bi của mẹ 🤣🤣,0,0,0.297508242104713
nhìn cái ngành gd việt nam bây giờ ai cũng mệt mỏi,1,0,0.49962223639660386
từ lúc có vợ nhiều váy mặc để quay video hẳn :)))))),0,0,0.06560333031045906
per mỏi chân quái :v,1,0,0.22106852998193552
"phim này nên xem và thuộc mấy đoạn thoại , rất hay",0,0,0.010404234304817477
cầu mong những công ơn sinh thành luôn mạnh khỏe .,0,0,0.03741815896295457
năm nào chả vậy :))),0,0,0.10206646567910616
anh chân thành nên anh tổn thương :((,1,0,0.11366855577220508
cả 1 đời người chẳng mong gì chỉ mong từ đây đến phút cuối vẫn có người không quên mình đã từng tồn tại,1,1,0.5577611987780762
xin lỗi mày nhưng tao đọc buồn cười,0,1,0.5579042507106506
vì tiền mà làm đau làm khổ người khác như thế này sao 😔,1,0,0.19996393376925758
"con mong bác dù nghèo nhưng sống luôn luôn vv , chúc bác 1 đời bình an",0,0,0.1471215151763842
tình cờ gặp nó và đột nhiên cắm mặt bỏ chạy như điên,1,0,0.10778850975347545
bà mẹ nó giật mình,1,0,0.12439697043945881
mấy nay tao cũng bị ám ảnh,1,0,0.310847304017442
cái ngành tài chính của mình có chỗ dụng võ tốt rồi đây :)))),0,0,0.05764930970840838
":)))) cuộc sống mà . ngày càng thấy bản thân quá nhạt và "" duyên "" :v",1,0,0.11083997620748201
"per tặng quà cáp gì tặng hộp nhỏ thôi nha . đi hát hò gì đừng đem thùng quà to như vậy nha , nó biết nó nhổ trụi lông nó ngắt mép chết đó :((",1,0,0.07229101657178044
xin lỗi đây mình vẫn nấu nhé,0,0,0.09844486932978246
"ông sống trên vũ trụ , vợ ông sống ở trái đất , ông cao thêm 5cm là chuyện bthg 😂",0,0,0.0721976093997591
tao đã bị nó làm cho lầm tưởng rồi . tao thật ngu ngốc - _ -,1,0,0.27965732214254646
bấy bề ơi . thật là đáng yêu,0,0,0.02225786805281165
"con quỷ này hồi nhỏ tao khóc vì nó hoài , thấy nó không dám đi , bỏ đường phải vòng đường khác ,",1,0,0.21620085640467993
gắn bó thời sinh viên nè,0,0,0.08365376972875437
"per thấy chế thủ sẵn hộp mặt nạ rồi thì phải . tim em mong manh lắm , đừng để em hoạng sợ nhá chị ??",1,0,0.3276147143721691
"quần áo với xe thế kia là biết gia đình điều kiện tnao rồi 😂 anw , mong ông bà luôn khỏe mạnh , vui vẻ < 3",0,0,0.16803746054456703
sau khi xem ảnh này xong tôi quyết định ... mua honda :v,0,0,0.1388358124291957
"hiện tại mình cũng muốn kết hôn lắm . ngặt nỗi hai gia đình ngăn cản giữ dội , phản đối kịch liệt chuyện hai bọn mình đến với nhau :( nhất là chồng cô ý",1,0,0.36298731620461694
"khoảnh khắc anh quay mặt đi , con tim em tan nát vãi ra",1,0,0.1450406734123786
cảm giác tóc sau gáy bắt đầu dựng lên :))),1,0,0.16368926917677176
tao đã từng viết như thế này . bây giờ không muốn ai đọc chỉ có đốt mà lười đốt,1,0,0.32343699100201523
bộ phim ấn độ duy nhất xem được lol,0,0,0.02730027654330399
tuần sau nữa mới học =))),0,0,0.060774449708731214
mối nguy hại đó,1,0,0.05131103828718435
nhiều khi cũng muốn người yêu chọc để dỗi phát cho bằng người ta . mà nhận ra mình làm gì có người yêu 😌,1,0,0.07461404165642217
nguy hiểm thật,1,0,0.05888378080334737
per nhà mày mà nuôi thêm con này nữa là ám ảnh cuộc đời tao,1,1,0.5909321858436585
