comment_text,label,prediction,score_depression
ngày buồn nhất trời đổ cơn mưa :(,1,0,0.38236634260447955
per kỷ niệm khó quên nhỉ kkk,0,0,0.1506660819006629
em ý cute vãi !,0,0,0.26924085311576945
làm khách đi qua lại mắc mệt lun,1,0,0.3903223799357124
năm nay thì đở hơn rồi kkkk,0,0,0.24625168177686105
số tao không được ăn uống mà :((,1,0,0.3142451288340722
đang buồn cần 1 người nhắn tin tâm sự hằng đêm,1,0,0.38546509271951657
lâu lâu được nghe truyện cổ tích thấy còn niềm tin vào cuộc sống 🤣🤣,0,0,0.2294616895356749
anh này còn phim pk nữa rất hay và ý nghĩa,0,0,0.19978980575198868
lại thêm một con ngáo bất hạnh,1,0,0.40354016957797456
thiếu hình ăn gà rán rồi,1,0,0.24937962410513315
ăn ở cái gì huhu,1,0,0.19042777085796564
"điều đó không quan trọng , quan trọng là đéo xác nhận lời mời kết bạn",1,0,0.20052167000889554
"em sẽ mãi không biết có lúc tôi gọi chỉ để nghe câu "" ai vậy ?""",1,0,0.3607315466709634
thế giới giờ đáng sợ quá rồi 😌😌 tâm phải tịnh không là tiêu nha mấy ông 😢,1,0,0.47949240466311155
t gặp ngỗng chạy bỏ dép,1,0,0.19393540077000687
"chưa muốn lấy , cơ hội vẫn chia đều cho tất cả các anh : ))",0,0,0.2792533230804976
"per đúng rồi , không muốn xa cách đâu 😞",1,0,0.47659155326468666
"bọn 6 múi yêu nhau hết rồi , tao bụng mỡ đây , tao vẫn thích con gái đây !!!!!",0,0,0.17332840673357494
họ vui là được rồi :))),0,0,0.1402727844768944
per ồ ồ chân chính chạnh lòng rồi 😂,0,0,0.216185514839278
còn các bạn đặt bánh của mình toàn gửi cho người yêu . chắc câu chuyện này còn buồn hơn :((,1,0,0.21284549499695718
per rồi sẽ có 1 ngày vừa cười tao vừa kể chuyện khiến tao rơi nước mắt,1,1,0.5244539605840768
ngôn lù thế hahaaa :))) đáng yêuc vãi,0,0,0.23393290842965617
nhìn ông với bà chất hơn thanh niên bây giờ,0,0,0.11845390387820312
"phim hay dã man diễn viên chính đẹp trai , xem đi xem lại không chán",0,0,0.13570139030360587
"mình đang thất tình đéo hiểu sao đi cafe còn toàn tận cùng nỗi nhớ , chạm đáy nỗi đau , đừng như thói quen ... dume :)",1,0,0.2646312619348594
"per vãi xem phải cỡ này . , đoạn nó nhếch môi bố mày sợ suýt đái ra quần dume 😑",1,0,0.3552851494348926
cám ơn mấy chế nhiều nhiều nhé 😗,0,0,0.2818472131252582
hồi bé tôi cũng bị chửi cả ngày từ sáng chí tối ! nhưng không phải bố tôi mà là bà nội tôi !,1,0,0.36768493007762404
cuộc sống tạo ta áp lực ..,1,0,0.4801087527008707
cười vãi ???????? mặt con bé cũng hài ghê,0,0,0.1906840397524593
tuổi thơ tôi bị ám ảnh mấy con ngỗng này . mấy con màu xám cứ mỗi lần đi học ngang qua ngõ nhà hàng xóm là nó đuổi . tao lại chạy thục mạng . cứ phải đắn đo mỗi lần qua đó xem có chúng nó không rồi ù chạy như ma đuổi . haizz tuổi thơ tôi ....,1,0,0.44084727890497
ổng bị bắt rồi :( rồi lấy gì coi,1,0,0.3307759039958842
"ai thì tao không biết , chứ tao thấy tiền là đã có động lực phấn đấu rồi",0,0,0.3495800243514165
đã check in thành công và mãi vẫn chưa gặp được người ấy là ai :((,1,0,0.2613962102401607
":)) đang ăn mỳ , không có trứng nhạt lắm , có rụnng thì xin vài quả !",0,0,0.2361902345842352
đáng yêu quá ! tình yêu ông bà thật đẹp !,0,0,0.1311986302346803
per sắm 1 cái cho công túa ngồi nhà kêu gu gu hí =))))))))))),0,0,0.18621505003943437
"ăn 1 miếng bò mà giết thêm đàn kiến . chưa biết ngon thế nào nhưng một đàn kiến về cõi vĩnh hằng , tội cho đàn kiến .",1,0,0.3875444853587669
thứ ba mẹ cho con và con nhận thấy đó là sự đức hạnh tấm lòng cao cả cam on ba mẹ rất nhìu,0,0,0.1916077503440227
per my nè kkk,0,0,0.3423417544268408
tớ cũng muốn có mối tình như vậy ??,1,0,0.3689868096913488
hết buồn cũng phải có tiền mới hết được :)),0,0,0.16394863708951565
ng ta cuối cùng thì cũng được còn tôi thì never 😞,1,0,0.38315244235146007
phim nay và phim triệu phú ổ chuột là 2 phim của ấn mà mình thích nhất,0,0,0.1801583356737899
bình dị vậy thôi .. mà sao mãi tao chưa tìm được ? hix,1,0,0.34848976564510253
biết nấu cơm bếp củi từ lớp 2_3 gì đó,0,0,0.2635573718459322
"ám ảnh hồi bé của c , con này trông nhà oke hơn cả chó luôn",1,0,0.22904582996475867
t mới tính tới bước thất bại chưa tính tới thành công :)),1,0,0.19495075578494947
"em lấy đi niềm tin chả lại cho anh những gì , cũng vì anh vụng về đánh rơi hay càng xa vời càng dễ mất .. anh chân thành nên anh tổn thương",1,0,0.32192929506483575
dễ thương . cứ yêu đi ngại gì .,0,0,0.18281267902805604
hí . dễ thương quá,0,0,0.1828293625057631
"1 đoạn phim được trích ra tuy ngắn nhưng , chứa 1 thông điệp rất có tầm quan trọng",0,0,0.2178305678473695
tối nay chồng tương lai sẽ đưa con khác đi chơi 😆😆😆,1,0,0.22800106357843206
"bất cứ lúc nào nghĩ về đời tao chỉ thấy vị cay , nồng nơi khóe mắt :))",1,0,0.314367504849062
tự nhiên coi tới khúc th bé kéo hết bạn bè tới chụp hình tao buồn cười vãi ! ông kia nghĩ ! thôi chết mẹ rồi ! kiểu này tối mới lau xong 😂,0,0,0.4329117539925311
"per cố gắng lên nha anh , mọi điều tốt đep đang chờ anh 💓💓",0,0,0.16120570459118058
gặp được em nhưng sẽ chỉ quan tâm và bảo vệ em từ xa,1,0,0.4641950429578026
thêm đường hay cho thêm bánh gato về tẩm bổ :),1,0,0.19243937984667142
thấy cái thèm ts quá,0,0,0.18898380676289384
"hiện tại mình cần tìm người yêu , bạn nữ nào chưa có chồng hay chưa người yêu thì bình luận bên dưới để mình lựa một bạn may mắn nhất nhé :)))",0,0,0.19658335346485367
a per ..... nhìn những hình ảnh này ... sao em nhớ về anh quá .... 15 năm ròng rã .. giờ anh lưu lạc nơi đâu . 😭😭😭😭,1,0,0.2833083824334793
chữ tao từ lớp 3 đã kiểu như thế nào và còn đẹp hơn nhé .,0,0,0.3144320713730236
per quẹo lựa mấy đứa ơi . để lễ nay đặt vé luôn cho rồi . nóng quá rồi :)))),0,0,0.21952295527456397
xem đi xem lại bao nhiêu lần cũng không chán ... vẫn cảm giác hồi hộp :),1,0,0.38469511967182934
bé có năng khiếu làm cô giáo dạy văn ... nghe thì nghĩ tục nhưng đời thường là có thật ... bác nghe thấy đồng cảm với các cháu,1,0,0.16772377065298222
chết luôn .. tình yêu không phân biệt . giới tính .. tình yêu ơi là tình yêu .. tao đau khổ vì mày lắm rồi ...,1,0,0.4047929770041544
"mức thu cao nhất - đồng ý vì số liệu nó thể hiện như vậy , chứ còn hiệu quả thì mình không biết đúng không 😂 mỗi lần vô vcb là hiểu phải đợi mỏi mòn , không như những nh khác",1,0,0.25024969000802527
"thà biết rồi đau 1 lần cho tởn rồi thôi , chứ đừng để nỗi đau cứ day dẳn giằng xé mãi cả đời ☻",1,0,0.28231045831921453
nghe anh ấy nới chuyện rất thuyết phục,0,0,0.12665592013350302
thông minh :v,0,0,0.22191380941337183
oimeoi tao thấy được tao ngày xưa đây rồi =))))),0,0,0.21869487873118984
con mong cụ cuộc sống sẽ tốt hơn 😔,0,0,0.3472810037666405
sau mưa ra đường sợ nhất gặp giun,1,0,0.2654288168203752
nên gan ngỗng ăn ngon đó,0,0,0.314584981376803
"ngày nào cũng thấy tàu trật bánh , khá buồn",1,0,0.2707080291393762
nhìn đẹp quá đi mất,0,0,0.201383059247363
tao đang cố un crush nhưng khi xem xong video trên thì ..........( khóc không ra nước mắt ),1,0,0.3111773091287951
đó là khi anh per cưới vợ đó 🤣,1,0,0.2302668587835966
ngoài những bài chia tay vì lí do vớ vẩn ra thì neu cũng có những bài đăng đọc rồi còn nhớ mãi .,1,0,0.2236142158734321
mặt nhỏ dễ thương vãi =)),0,0,0.15367454932430794
béo tí đáng yêu mà =)),0,0,0.12523380384139282
"hy vọng chừng đó con đã đi mẫu giáo lớn , 1 xe bảy chổ và nhà hai tấm 🤣",0,0,0.2323104027383616
1 năm không biết bao nhiêu lần x - quang :(,1,0,0.3734442409768671
cả người nhà người yêu cũng không đồng ý :((,1,0,0.19439343189519473
"mình nói thật nhìn từ trên cao xuống đã thấy chóng mặt rồi , vãi",1,0,0.26941856524688695
tao giận bạn trai tao và 5 ngày rồi nó đéo dỗ tao luôn hix,1,0,0.37967742274700367
dăm ba cái kỉu đây hồi nhỏ tao đốt chấy vài á mà 😃,0,0,0.19520153835092088
per lên lịch hẹn hò nhanh,0,0,0.2304473198884249
chia buồn cùng nước pháp .,1,0,0.3308383531434707
nta vẩy tay mấy cái cũng ra tranh còn tao thì 😪,1,0,0.30449170077828935
mặt chúng bạn kiểu lại đéo được trả tiền rồi 😞,1,0,0.2785107851957455
"hắt xì mệt quá , muốn bắn , muốn làm việc :(",1,0,0.477626083195536
"t xin nhắc lại một lần nữa , đây là một câu chuyện buồn nhé",1,0,0.28185027914764593
"tội nghiệp , có rất nhiều em ở nông thôn bị như vậy 😢.",1,0,0.21384289427624506
buồn thay cho lớp tao,1,0,0.27562514733175675
hi vọng trưa nay lúc ăn cơm vtv24 sẽ không đưa tin về bạn này ạ,1,0,0.24022079879818972
per sự thích thể hiện của các bạn mà bóng đá per tốn một món tiền không nhỏ ! 😩🙏🤕,1,0,0.3053275459354012
đáng iêu vãi =]],0,0,0.25007384918816544
quá ý nghĩa . mình trẻ mà chắc gì làm được vậy,1,0,0.26165864658635385
bộ phim hay nhất từng xem,0,0,0.0991404498815526
bạn đã hiểu nổi khổ của mario khi mua vui cho bạn chưa :)),1,0,0.23060245229280923
boss hổng có 6 múi hả :( buồn dị,1,0,0.23249944479906917
chân tao không đu ̉ da ̀ i đi ̉ đi con đươ ̀ người na ̀ y :((((,1,0,0.2677399042630693
nước ngoài có đầy mà :)),0,0,0.18077330317838075
cái gì mà rớt hột le tè vậy em gái 😁😁😁,0,0,0.18645592849614898
có người yêu coi bộ cũng vui 🙂,0,0,0.17799507683157673
14 / 2 năm ngoái tao mọc sừng . nên 14 / 2 năm nay tao quyết định cưa sừng 😊,0,0,0.2827746433556238
"vui vẻ chút , lạc quan chút cho đời thêm vui cũng là một cách 😂😂",0,0,0.3307283764091604
"lại là lào cai , tự hào quê mình quá :))",0,0,0.19887720057770386
nói tiếng tuy hoà phú yên làm tao nhớ đến nyc . giọng nó sao ngọt không thể tả . buồn,1,0,0.22419093127418036
yêu quá hóa điên 🤣,0,0,0.15088173552272666
nhìn nữa sao . hỏng yêu đi . cho doi . vui vẻ,0,0,0.13961626126336413
cứ thấy trai đẹp là tao hạnh phúc :),0,0,0.16477073958213223
đậu . tao mê nhất là giọng tuy hòa phú yên . nó luôn mang một ấn tượng sâu sắc . nghe cứ thích thế nào ấy,0,0,0.20270389357282775
cái con đồ chơi đó mua ở đâu nhỉ . cười đéo nhặt được mồm . 😂😂😂,0,0,0.22987757768849892
sao lại cưng đến thế này ^^,0,0,0.2885766594134784
per gặp thần tượng mỗi ngày kkk,0,0,0.2074703182087335
xem mấy lần rồi vẫn thấy hay,0,0,0.1840817295906119
đcm ngôn tình vãiiii,0,0,0.17918790293084302
dân kinh doanh khoái đi chợ này lắm nè,0,0,0.33475914052364064
đã trải qua và thấy chuẩn cơm má nấu,0,0,0.2361482768016855
crush mới thích ảnh tao mà tao đã . nghĩ đến chuyện đặt tên con rồi,0,0,0.3436363717105801
cái gì vui vậy mọi người :)),0,0,0.16909673310356557
má chủ dễ thương vậy tao cũng muốn xin,0,0,0.3510557982253805
câu chuyện dễ thương thật ^^,0,0,0.18516486035158378
điều tồi tệ là học nửa vời chã ra làm sao,1,0,0.2484407925735378
trước khi lấy vợ boss có một thân hình hoàn mĩ thế này đây,1,0,0.3039260594007442
cô quét đi cô cho cháu hốt về với =))),0,0,0.16523603190449704
này thì câu thích 😂😂😂,0,0,0.2461000872770213
bốc toàn trúng may mắn lần sau,1,0,0.35956572168559287
định mệnh tao lại quên mang áo mưa,1,0,0.48048292212455046
xem xong video tự thấy mình còn không bằng con chó ...,1,0,0.4207872254750523
chúc mừng cp . cố lên cp .,0,0,0.19439823211214835
per huhuu không biết lúc đấy thực tập chưa :(((,1,0,0.24837692502015402
"con này còn hại hơn cả ốc bươu vàng . cấm nhanh còn kịp , để nó ra ngoài thì chỉ có người nông dân thiệt thôi",1,0,0.2276597098842071
liên quan à . cr mày đéo thương mày đâu . nó có crush mới rồi . 🙂,1,0,0.3350789933315596
thật là đáng sợ,1,0,0.3066816932042548
em chờ được mà 🙂,0,0,0.28178749047644835
"mình nhận thấy hình như ông ấy đang rất đau khổ , mà không thể or không muốn nói ra .",1,0,0.37097720049064037
"giá trị lịch sử văn hoá gần nghìn năm đã mất đi rồi :((""",1,0,0.4145336295380566
em nuôi con lợn mấy năm rồi mà vẫn trống rỗng huhu 😭😭😭,1,0,0.42908029663695635
sợ thế,1,0,0.3426606221745693
hay à ngheng,0,0,0.15081533870949348
"t cũng thế . đang ngồi chơi với con , vợ nó đắp mặt nạ lù lù bước vào . xém đái trog quần ??????",1,0,0.3033130654028286
"đúng rồi , vàng là phải vàng mới có giá trị , vàng trắng làm gì có giá trị 😥",1,0,0.3611669081537922
toàn tặng đồ gây sát thương thế kia khả năng bị phản damage là rất cao,1,0,0.17727084456367284
mệt mõi 😥,1,1,0.5587306692844011
tao không biết tao đủ ổn để đi học thêm không nữa,1,0,0.44625136515750063
ai đó hãy tát trà sữa vào mặt tao đi 😭😭,1,0,0.40960252652078055
trông tội quá,1,0,0.21936083402912102
"thanh diễm giờ tao hiểu tại sao cứ sáng vô là tao trông tới đi về , đầu tuần trông tới cuối tuần và đầu tháng trông tới cuối tháng rồi 🤣🤣🤣🤭",0,0,0.30839421189292043
làm đéo gì có ai nói chuyện thân thiết với tao đâu mà,1,0,0.39858917195288324
ad cho hỏi nghệ an lúc nào mưa vậy ah 🌧🌧.. ốm cũng cam lòng chứ vã lắm rồi 🥵🥵,1,0,0.4618082037215703
"chửi vậy cũng bình thường mà mọi người cứ làm quá . mẹ tao cũng suốt ngày chửi tao , tao thấy vui mà .",0,0,0.38606835349236
"đừng ám tao nữa , sợ lắm",1,1,0.5146650557712404
ý là giọng quê tao đó hã,0,0,0.19884567427973918
"đang định đi nhổ răng khôn , nghe được tin này thấy ghê răng 😁",1,0,0.17508913224298886
nhờ mất bạn nên mình mới biết 😂😂😂😂,0,0,0.18990036372111255
vừa đây về đông kinh hồn càng về đêm càng đông,1,1,0.5133583279199707
"mày làm tao nhớ em gái ghê , mai sinh nhật con bé rồi mà tao đang đi làm xa nhà , không về được .......... 😑",1,0,0.322629360196553
ui nghe ấm thế,0,0,0.3545442274369671
chắc từ giờ tao đéo giám ho nữa quá .,1,1,0.5353930863925727
đau lòng quá,1,0,0.31960436161404143
không những hạnh phúc tao còn cứng nữa :)),0,0,0.214382631265244
chúc mừng các anh . các anh giỏi quá . chuc các anh mạnh khỏe .,0,0,0.11142213583653861
"thương quá . giờ con đi học ở lại cả ngày thì hên xui thôi chứ biết làm sao , không ăn thịt heo thì ăn gì . mong sao có lệnh tạm dừng ăn thịt heo trong thời gian này cho các trường mầm non thì hay biết mấy .",1,0,0.38006267990691445
tội em gái đó,1,0,0.2727243190730936
ăn cơm mốc có khả năng bị ung thư gan cao . hít,1,0,0.1543061615470659
làm người khác thỏa mãn bằng mùi hương của chính bản thân,0,0,0.17902530538365968
anh đừng bỏ em đi mà 😢,1,0,0.22589910830918347
muộn rồi :))),1,0,0.12350740532401502
dễ thương hết sức ??,0,0,0.2727582347890054
cái khó ló cái khôn :))),0,0,0.14439953453254192
a độc thân nè không có ai để nắm tay gọi là thử coi .. hihihi chúc em luon vui ve em nhé ...,0,0,0.3181624273583159
hồi nhỏ đọc tao đã nghi nghi rồi =)))))))),0,0,0.20968837678785146
per tìm được đối tượng nào để cầu hôn chưa :))),0,0,0.22510870532575153
cũng đúng :)),0,0,0.1977488478225364
"thích cái câu , có mỗi thằng con rể đểu mà cứ xoắn cả lên 😂😂😂",0,0,0.22224077106200776
"coi khúc đầu không hiểu , đến lúc ổng bước ra khỏi làn khói , thật không thể cầm được nước mắt",1,0,0.38712026470146765
per thích quáaaaa,0,0,0.33055030736616947
tao cũng ho trật mẹ khớp vai mà đéo phải 1 lần đầu nhé,1,0,0.3900858881072879
hú hồn chim én :) nào làm ra này chắc cũng ngáo dữ :) chắc add không sợ nhện :),1,0,0.1844526620979004
biết trân trọng những gì mình đang có ☺️,0,0,0.37917939333634715
có gì đâu bé vậy mới cool đó anh thích 😉😉😉,0,0,0.20490926957743938
"aaaaa con nhện 😨 "" aaaaaaa con ế !"" - nhện said 😂😂😂",0,0,0.25619366883450895
tiếc cho mối tình ấy ....,1,0,0.2354632154674759
phim nay xem rất nhiều lân nhưng quá hay vẫn muốn sẽ tiếp tục xem,0,0,0.25634734456242786
"đúng thế , ở đâu cũng được đâu nhất thiết phải ở đây",0,0,0.2567170247853589
gu của tôi trời ơi . tiếc mới có chồng với đứa con thôi . huhu,1,0,0.2766173762661466
rồi mấy đứa chân không được dài như tao phóng qua kiểu gì :),1,0,0.2596357287029895
trời ơi . dễ thương quá luôn ❤️❤️,0,0,0.15143938178350277
per sáng mai kiểu gì cũng về tới nhà :)),0,0,0.21714330732852286
để anh dẫn em đi ăn nha :)),0,0,0.13500799723087084
vậy là thế giới mất đi không biết bao nhiêu món nướng rồi :(,1,1,0.5375978962233127
"tui đây vừa vô phòng thì con vợ mặt trắng bóc nhảy ra đây , tưởng là ma",1,1,0.6345433306753714
những điều đơn giản nhưng thật hạnh phúc 😘,0,0,0.24044371470623468
phải chi có người yêu nhắn tin ngọt ngào như này,0,0,0.2289506338422248
"hồi học lớp 5 bảo bố đi mua sgk cho , xong bố đi mua nguyên bộ lớp 4 đầy đủ từ sgk đến vở bài tập 😂",1,0,0.212422874605972
cả 2 loại người này đều đáng sợ !,1,0,0.24365365303463976
per mỗi ngày đi làm thấy per là như có thêm power cho 1 ngày siêng năng !!!!,0,0,0.15307941401939668
"bị ám ảnh hồi bé đi nhổ răng , không dám đi nha sĩ nữa :((( huhu 😭😭",1,0,0.3346448292651966
quá đau lòng nhưng chúng ta phải chấp nhận với điều đó,1,0,0.24384084816080406
"per hồi nhỏ bị ngỗng dí riết ám ảnh , giờ mà bị dí chắc cầm cổ quay thấy moẹ nó luôn hehe",0,0,0.17476879975282467
per sợ nhện đúng không :)),1,0,0.175523812271318
em chân thành nên em tổn thương !,1,0,0.43910810471385203
"per ăn tết xong , cần cây cầu này để giảm cân 😆😆",0,0,0.32645087480165
"ngày cuối cùng còn ở lại , bản thân không có bất cứ một cảm xúc gì , trong lòng chỉ độc một mảnh phẳng lặng .",1,0,0.41677219059682746
anh chờ ... đáng yêu ghê,0,0,0.14634490532011682
vẫn chọn tech là ngân hàng đồng hành,0,0,0.26410872493479387
đây là 1 câu chuyện buồn,1,0,0.22752800998714823
duyên quá nói chuyện hay,0,0,0.29058020072821444
móe . con nhện . cười đau cả ruột .,0,0,0.3547751607455648
thề cứ 1 lần trượt là tao cười to hơn 😆😆,0,0,0.281790595777004
chị đầu tiên buồn v :((,1,0,0.3708707474469092
tao đã rất muốn làm bạn tốt anh em tri kỉ với tụi hắn nhưng không ai muốn làm bạn với tao - _ -,1,0,0.41118247945122693
con gái tao thì suốt ngày hêy siri bắt chước mẹ 😂,0,0,0.2261609156139114
"đi hát văn nghệ cho trường nguyên cấp 1 , kiếm được kha khá . cấp 2 vỡ giọng , khỏi hát 🤣",0,0,0.12215317046382634
tao rất thích nhạc trung từ giai điệu đến ý nghĩa rất hay 😁😁😁,0,0,0.21407185847441837
nhà tao cũng gần mà tao không bao giờ dám đi đêm,1,0,0.48539299374315886
per có ai còn nhớ thời đầu băng xem đi xem lại xuốt ngày không kakak,0,0,0.15875181402966707
thế là hết những gì đẹp nhất của nước pháp sao không phun nước cứ để cháy rần rật nhỉ,1,0,0.18738808859087616
tại vì anh trót nói lời thương em mà em không đáp lại,1,0,0.22141929373713298
mới ngày nào bidv còn đứng nhất mà .. haizzz,1,0,0.41267636686382625
bị nó chặn đầu mấy lần khóc sướt mướt luôn . mấy con yêu nghiệt này còn dữ hơn chó,1,0,0.34285598140165446
per tuổi thơ của mềnh đi học là lúc nào bạn tao cũng ngồi trên và khi nào múa giờ ra chơi cũng múa chung với mềnh 😅😅😅,0,0,0.36992738243163903
nhìn là yêu roi muốn nuôi quá trời mà sợ không chăm được em 😢,1,0,0.31451046782822445
đôi khi hạnh phúc chỉ là những điều giản dị nhất mà chả ai nghĩ tới 😊,0,0,0.2582369255741013
huhu xem mà muốn khóc vãi,1,0,0.22962865224062343
tao thấy tai nạn giao thông là tao nói với mẹ .. con chạy ra đó để tối lên ti vi ... mẹ tao chửi sấp mặt luôn,1,0,0.4074680676003563
nó giống tao ghê . gặp tao tao cũng chọn mày,0,0,0.3596678430612433
"per hay đó bro , trừ điểm bro chưa bao ăn :)) - 10",1,0,0.20317020320664286
cũng sợ mấy con ngoe nguẩy như giòi 😰,1,0,0.23723275132310614
"ước gì mèo nhà mình cũng có thể về nhà như vậy , mất ẻm được 2 năm rồi :(((",1,0,0.37395900545738364
tự dưng cay mẹ mắt,1,0,0.37139757330242695
bác vẽ làm tao nhớ con cá này vãi =))),0,0,0.14284396219745102
trường gửi điểm về và mẹ cũng điện chửi :(,1,0,0.3646809819961972
nói chuyện như người yêu ??,0,0,0.18658201681263617
đó là một câu chuyện buồn 😀,1,0,0.25608645762684173
xem xong tôi cảm thấy còn u ám hơn :)),1,0,0.25264637234072496
chúng mày cứ cười . dm mai gần đấy có biến lại thấy anh ấy trong bộ cảnh phục thì lại tung hô quả nằm vùng quá đẳng cấp 😂😂😂,0,0,0.21137132021738492
không phải không thích mà bản thân chưa đủ tốt để sánh vai . phải chi anh có thể đợi em khôn lớn !,1,0,0.2235460676400039
rất có tố chất . liên đoàn xe đạp việt nam có thể liên hệ để đào tạo được đấy,0,0,0.13826175558419704
"đếu thể đỡ được "" tiền mừng , tiền mừng "" hahaha",0,0,0.2694493288982325
còn buồn hơn là cố quan tâm thế nào họ vẫn không hề rep lại,1,0,0.24241356436257575
đáng yêu phết nhể,0,0,0.15299125223093532
tuổi trẻ tài cao =))),0,0,0.09726237408177453
ước gì được giận lại 😐,1,0,0.32992196385541983
sợ vãi linh hồn 😞,1,0,0.2593013324417316
thôi chết haha ...,0,1,0.5065735875150398
cái này phải hơn 20 năm rồi . lần đầu không biết canh lửa nên cơm khét hoài 🤣🤣🤣🤣🤣,0,0,0.3260933406664386
anh lỡ mất em rồi huhu,1,0,0.29866061082165274
per ly trà sen của anh đem qua có ngày nó thành như v đó 😭😭 hức hức ...,1,0,0.27189672605994725
ngầu lắm bạn ạ ^^,0,0,0.27071657859818254
đã gặp được em đúng lúc . nhưng lại không phải thời điểm em muốn ....,1,1,0.5139829911275693
những người em thích đều đi nơi đâu rồi còn con ml bên cạnh song hành,1,0,0.27399245812824713
ơ thế hoá ra tao không bị ngu một mình ?,1,0,0.43829675797689543
ngày xưa mẹ tao dạy ở miền núi . năm tao học lớp 3 lần đầu tiên lên trường với mẹ . đaumoa mấy con ngỗng mất dạy rượt tao leo lên cây phượng cao chót vót cả tiếng không dám xuống .,1,0,0.3278730465952385
món này ngon vãi,0,0,0.3590205808687319
cầu cho chú luôn mạnh khoẻ ạ 😢,1,0,0.1634525552049349
chỉ ước về sau mình được vay,0,0,0.4206453112843034
không muốn yêu ai cả,1,0,0.3509674741538205
minh biết nữa ne,0,0,0.42786359162020743
trên đời vẫn còn nhiều điều tốt đẹp ❤️,0,0,0.19087267369573307
mai tao cũng đi ship mới được . có bài này áp dụng luôn .,0,0,0.25253690573430687
thằng ben thật tội nghiệp,1,0,0.19463445849260097
cả đời mình chỉ ước có 500tr trả nợ ngân hàng cái xe để chạy kiếm ăn ...😥😥😥,1,0,0.34380602627939993
t cười ỉa ...🤣🤣,0,0,0.44885589430928724
em buông tay anh nhé .... quá khứ ấy anh hãy xoá hết đi .......,1,0,0.23965512734269306
rụng tim 😭,1,0,0.18604858394970789
tao không tin đâu hiccc =(((,1,0,0.3306573837224808
ngày hôm ấy tuyệt đẹp nhưng lại đượm một nỗi buồn ngày mai thôi chg được gặp thầy cô bb lũ chúng tôi khép cánh cửa ấy lại nhìn lại toàn bộ khung cảnh ôi thân thương biết mấy cảnh vật quen thuộc sẽ không được trông thấy nữa,1,0,0.1359456276274901
chúc mày mau khoẻ nhá chủ thớt ạ =)),0,0,0.19908816387931974
được . đỡ tốn 5 nghìn,0,0,0.22692648516383976
muốn nhanh thì phải từ từ =))))),0,0,0.30985910095126795
ốm mà xinh thế :3,0,0,0.26616200170965637
dạ cho em hỏi cái đường này ở đâu z ạ . để em đéo tới đây ạ . đm bước cái chắc tét háng,1,0,0.2386258387793687
"dù chỉ để nhìn 1 cái , để biết người ấy vẫn ổn , người ấy còn tồn tại . ít nhất là nv 😔",1,0,0.28307572392484925
má . đang định đi chụp :((,1,0,0.23960141228969126
bày đặt viết trên cát khắc luôn vào đá cho tạt thoải mái,0,0,0.2677333888636046
cho em canh với . hehe,0,0,0.23768650683204565
"anh sau đó , không còn là anh nữa ...",1,0,0.2803617532197153
sao giống phim good doctor của hàn vậy ?? cũng bệnh tự kỉ và có khả năng nhìn được 3d !,0,0,0.11772433585628674
đẹp trai thật .,0,0,0.22100450667232543
hay . đỡ mệt,0,0,0.4447132459000911
per bài tủ 1 thời =)),0,0,0.15733869805113423
tôi cắn bất chấp =)))))))) chắc là tôi yêu tụi nó cuồng si rồi,0,0,0.2236400383680401
mở ra mà thấy vậy chắc tao sợ quá mà chết luôn mất :),1,0,0.3179612985834419
đồng đội chơi tốt quá hahaaa,0,0,0.1756388410157802
giọng cute phết,0,0,0.1962350207901473
tao sợ ăn xong nóng đêm gãi toét chân,1,0,0.308121043771995
"con gái không thích con trai đầu hói , vì cưới về dễ nhầm đầu :d",0,0,0.24293960899137698
chuẩn bị prayforparis thôi 23 tuần kể từ khi phe áo vàng làm loạn rồi mà vẫn chưa dẹp được .,1,0,0.26724465723934016
đau đớn quá sao phải tham mấy đồng tiền đó nhỉ,1,0,0.17304801752484747
"hăm hở đón nhận tất cả , thậm chí là nỗi buồn , nếu điều ấy khiến việc tồn tại của bạn mang một hương vị đáng nhớ ...",1,0,0.447559148132945
buồn nhất là crush cũng chả có để mà thả 😞,1,0,0.2537437894417097
"tao sợ chó lắm .""",1,0,0.43271865930483655
"tuổi thơ tao gặp toàn trai bánh bều , mít ướt . toàn là tao galang , dỗ dành . ôi cái cuộc đời này per",1,0,0.2968640565990654
"ngày đẹp trời là ngày được nghỉ làm , đi những nơi mình thích , với người mình thương , ăn những món ăn ngon . xong về ôm nhau ngủ :)))",0,0,0.27412212481986376
"nhớ hồi euro 2012 rực sáng trong màu áo tuyển ý , ghi mấy bàn mà bàn nào cũng thấy phê .",0,0,0.13232683184910232
chồng tương lai lại nuôi vợ thằng khác,1,0,0.2610865066825014
"thương các con quá , lũ khốn nạn vì lợi trước mắt ma tội cho bọn trẻ , bọn này cho chết het",1,0,0.25893243123007254
t thấy tội nghiệp thằng cải,0,0,0.19551859579563746
hồi bé bị ngỗng dí hoài =)) sợ vãi,1,0,0.15199286577917323
má chắc gặp tao chạy mất giày,1,0,0.35874294284896463
"bữa tao coi cái video này nhưng nó ghép nhạc bựa vãi ... mỗi lần mỗi anh té là first blood , double kill ,... các kiểu =))))",0,0,0.1663829200672538
bạn gái nào xinh xinh mà bị lạc thì vào nhà mình cho ngủ nhờ này . ??,0,0,0.2734589433321797
đúng là càng ngày càng chán . cứ theo luật mà làm thì chán cực kỳ luôn,1,0,0.40680165863951995
cái cuối phê vãi,0,0,0.19180061169341878
ê tao đi nhật chưa được 1 năm mà xem video này làm tao loạn ngôn ngữ ghê . thỉnh thoảng phải dừng video ngẫm câu nó nói nghĩa gì,1,0,0.3790389861347804
per kinh dị thấy mệ luôn nè,1,0,0.31904107529877795
làm chó khổ lắm chứ bộ :((,1,0,0.4184534512402328
bức ảnh này lại làm mình bị ám ảnh . haz,1,0,0.4036586556333848
dân chơi nhìn cái biết ngay 🤣🤣,0,0,0.17786752588439647
đáng yêuc quá,0,0,0.24172080608201035
tiếng guitar thật tuyệt,0,0,0.21264176770558396
mỗi lần tao ăn đu đủ bằng thìa thì bố tao lại chửi tao . bố tao bảo loại mày ăn đu đủ không cần thìa đâu .,1,0,0.4066565416763816
mệt như chó :3 nhưng mà hoan hỉ đầu năm đi xin lộc :v,0,0,0.49364861789211983
đáng yêu quá . phải thằng trai nhà tao thì nó sẽ nhẩy vào tính ôm luôn cái máy ấy về =)),0,0,0.1704607210346771
đau nếu còn nghĩ về nhau thì hãy quay về bên nhau :)),1,0,0.11847039618687018
một hành động đẹp đầy tính nhân văn ☺️☺️,0,0,0.14044797251230035
"hôm bữa đi ngang qua , thấy hết con mẹ nó hồn",1,0,0.21681544206996525
nhìn một cái rồi quay đi là thấy mãn nguyện rồi .,0,0,0.14336684052365067
ôi hạnh phúc quá 😄😄😄,0,0,0.19490236025205204
biết ngay anh per lại mượn đầm của vợ :)))),0,0,0.1548881056414877
sợ vãi,1,0,0.24327909729703803
tao ho rụng hết tóc rồi 😭,1,0,0.22714922337932877
dù có sống được mấy đời thì cũng nợ mẹ cha trọn cả mấy đời .,1,0,0.22155916904712283
đây là một câu chuyện buồn 🙁,1,0,0.24392726307553225
má ơi đây chính là thứ ám ảnh nhất cuộc đời con . kẻ thù 😢😢😢,1,0,0.3619393299008544
per bị chữi thì ráng nghe mà vui đi nghe . cứ như nghe hát miễn phí 🤣🤣 còn bị chữi là còn hạnh phúc . nguoi ngoài ngọt ngào nhưng chắc gì đã thật lòng đâu,0,0,0.2796639666982264
tao tưởng tượng sau này sẽ có 1 thằng bồ vừa điên vừa ngáo giống tao .. chắc vui hết sảy 🤣,0,0,0.22389542420054043
sợ quá đi,1,0,0.3117790405566118
cay và đắng nghe mấy ông lớn tuổi toàn kêu thế thôi,0,0,0.16812562356060504
thấy dòng này quen quen . thấy đọc bình luận của ai á . haha . buồn cười 🤣 🤣 🤣,0,0,0.22347167361261314
và đương nhiên sẽ có ngày cô ấy sốc vì giới tính thật của cô ấy !!!,1,0,0.2164078311426076
là nhân duyên trời ban cớ sao chẳng thành đôi :(,1,0,0.40449786982739255
tau đã được bà nội vá quần 🙂🙂🙂,0,0,0.2849580633831293
page bị hack rồi . video hay nhất mình từg xem,0,0,0.1527647728636071
""" tụi mình tuy không yêu nhau hai lần , nhưng nếu có cơ hội ... anh chắc chắn vẫn tặng em đoá hồng đẹp nhất """,0,0,0.16600098563146376
chỉ khổ các con thôi !! sao người ta lại có thể mất nhân tính như vậy,1,0,0.17136938866443674
crush của tao cười hơi bị xinh :3 xinh + cười = đỗ mãi • 3 •,0,0,0.3450144113106652
dễ thương quá à ????????,0,0,0.12135439033134224
chuẩn kkk 😁,0,0,0.2398152242416577
ukm . nguy hiểm thật :'<,1,0,0.16595129397845199
"đi chơi gặp 3 con mất dậy này vừa bị dí vừa bị cạp đít đau không chịu được sau phải nhảy lên cây để trốn , giờ gặp là sợ 😭😭",1,1,0.5734959445374548
per mày cứ kén chọn đi chúng nó yêuc nhaooo hết rồi kia kìa ahuhu .. không tin vào mấy thằng ông nội cơ bắpppp nữaaa,1,0,0.27126502807910646
câu chuyện lấy đi nước mắt của tao,1,0,0.32545874047052625
"thằng bạn ngồi kế bên lớp 2 nhà bán vàng mà nó học dốt , thế là làm bình thường về nhà cho nó , 1 bài 2k , mồi ngày kiếm 8 - 10k 🤑",0,0,0.24643900741030378
sự thật thì cố suy nghĩ vui vẻ hạnh phúc mà trong túi không có tiền chỉ sợ đất cũng không có mà ăn,1,0,0.24510343840083162
nhưng tao đéo có crush,1,0,0.346188897631912
tận cùng của nỗi đau :(,1,0,0.3011195445934559
cần tìm gấp bạn trai đáng yêuc như anh này trời đất ơi =)),0,0,0.1458749390396028
đố ai định nghĩa được tình yêu . có khó gì đâu một buổi chiều . kề dao vào cổ yêu không hả . gật đầu lia lịa thế là yêu 🤣🤣🤣🤣🤣🤣,0,0,0.18705018220642297
chẳng biết nói gì . xem video em cười suốt mà lòng tôi không thấy vui tẹo nào . thương em,1,0,0.41938989038134816
cẩn thận mày lại có cháu sớm 🤣,0,0,0.3601975893046026
cái dây ở ảnh đầu xinh vãi vậy,0,0,0.29408732450775144
"lúc nhỏ mẹ nấu cơm bằng bếp củi , ttao thì không biết gì thấy lửa tắt thì chụm vô : )) mẹ ra quánh cho trận vì nồi cơm khét nghẹt 😑",1,0,0.32562246302302916
"ngày xưa đi học gần trường có bày ngỗng , hôm nào nó cũng cà khía rượt tụi học sinh chạy sấp mặt luôn",1,0,0.29074353574237183
tao thầy mày cười hí hửng vại mà ?,0,0,0.4216605399940761
nhìn đáng yêu vãi :))),0,0,0.09399995516077153
buồn thế nhỉ . t mới mua con per chưa nổi 1 năm . thế này thì biết sống sao 😨😨,1,0,0.3536756219287759
đồng nghiệp của tôi thật tuyệt vời,0,0,0.11440374966204964
per luôn yêu đời và luôn yêu công việc em nhé,0,0,0.1587535317871866
"sợ nhất mấy đứa ảo tưởng sức mạnh , nhắn tin nhiều chút là auto mình thích nó",1,0,0.22990829892883347
mẹ đang buồn ỉa mà trên đường về gặp mớ gờ giảm tốc kia thì phọt bà ra quần 😨,1,0,0.3219648866089562
hay lắm . thằng anh giúp 2e thêm yêu lao động,0,0,0.1545832134430939
"cô ấy rất tốt , nhưng tôi biết thứ nào tốt đều không dành cho mình",1,0,0.2613969750559759
"nhổ tóc sâu cho bố , hình như được 500đ để mua kẹo dồi 😂",0,0,0.16633990928507456
rất vui mừng khi ông ấy rời việt nam an toàn tuyệt đối ....,0,0,0.2874458517676353
"vợ người ta chưa bao giờ làm tôi thất vọng , còn vợ tôi thì ..... đi hết 1 / 3 cuộc đời rồi vẫn chưa tìm thấy 😓",1,0,0.32719842722855447
tao thì sợ nhất lúc nó mới cắt tóc,1,0,0.3166637226248269
"sau 1 thời còm men dạo khắp muôn nơi , cháu đã lên được fan cứng rất rất cứng 😆😆",0,0,0.2877119304982427
thằng nào sửa xe này dễ đau tim mà chết lắm . :)). nhất là những thằng sợ rắn .,1,0,0.2893191350013449
ừ công nhận == không có tiền mua,1,0,0.18728440442656333
chỉ là không có ai để nhắn thì mới nhắn cho mình . công nhận nguy hiểm,1,0,0.24733286186653183
có tâm mới có tầm haha,0,0,0.29585890555973227
"ngày xưa nuôi mấy con mèo . đêm hôm nó cứ lựa lúc cửa mở là chạy đi chơi mất . những lần nó không về buồn thối ruột , tối cứ mở cửa để đợi tiếng meo meo 😥",1,0,0.3714410940988474
per ơ tao còn chưa kịp đến bắt tay mà :((,1,0,0.3103158467744016
"chống mắt mà xem này khi bồ nói anh muốn đi tập gym thì dẹp ngay và luôn , măc công nó yêu thằng khác mất quá per",1,0,0.24108514416970314
đúng chất dân miền tây hahaha,0,0,0.19169007202203067
sống với nhau đến cuối đời người ta cũng chỉ mong có vậy .,0,0,0.2529472685129143
đang trong lớp mà ứa nước mắt,1,0,0.39482894729661566
nhìn quả mặt nó làm tao thoả mãn vãi,0,0,0.22106417189971628
"😔 tao không lấy chồng nữa , ở nhà nấu cơm cho mẹ , tao sợ lắm",1,0,0.35438890507062787
"chuẩn thế còn gì , phải có uy tín trong nghề mới thành công được",0,0,0.23957095147514704
per ngôn tình luôn ở quanh ta nhưng nó đéo đến với chúng ta 😏,1,0,0.2179035432796274
vận may s cứ xua đuổi mình hoài chứ có bao giờ tự tìm đến đâu ? đen thôi chứ đỏ quên điii nha . đời thường giết chết kẻ mộng mer như mình .,1,0,0.343305865863364
"nguy hiểm lắm , ngồi nhà lướt facebook thôi mà không cẩn thận thì mất tim lúc nào không biết",1,0,0.2937486454883224
per tập gym đi mày có người yêu đấyyyy =))))),0,0,0.16194157547199306
rõ ràng vẫn là một người mà cắt tóc xong nhìn đáng yêu vãi :v,0,0,0.18107207549561308
tuổi lồn hù được bố m,1,0,0.27360990158253007
dume sởn gai ốc 😭,1,0,0.2732393151690398
giờ thì chả dám nhìn nữa hic :((,1,0,0.32203078766547916
"không phù hợp thổ nhưỡng , khí hậu . vậy mà vẫn tung hô , dải ngân để làm khổ dân . quả bóng trách nhiệm chẳng thuộc về ai cả . 😢😢",1,0,0.25773491316324293
khóc vãi 😭,1,0,0.3204923960445237
thề luôn con ngáo nó thích trêu mấy đứa sợ sợ như này =)),0,0,0.21614792354799772
bố mày đã sợ nhện rồi xem cái video này ... vãi đái :(((,1,0,0.3373689227309986
chỉ những người độc thân thôi,1,0,0.2798576575957559
giữ mãi lòng nhân ái các em nhé ! tấm lòng các em đẹp biết bao .,0,0,0.20426876507669764
hay quá,0,0,0.11211355138616123
không cẩn thận phát là ngậm bả như chơi,1,0,0.24096354977225878
"trải qua một cuộc bể dâu , rồi bể ong ???? lót dép hóng :v",0,0,0.18970168541626808
xem mà rơi nói chuyện mắt khi ăn luôn 😭😭😢,1,0,0.3287447770277943
má :))) đoạn đeo mặt nạ kinh dị vkl :)),1,0,0.2598852544476609
mỗi tao thấy hồi xưa còn đẹp hơn à :))) bây giờ nhìn như bóng long xuyên vậy,0,0,0.16959787711116842
hạnh phúc . mà hạnh phúc của đàn ông thì khó nói lắm . kaka,0,0,0.21599329130539852
hahah thú vị ghê hen,0,0,0.27954652171314115
yêu quá ! xinh quá ??????,0,0,0.1244507228271744
đọc chả hiểu gì :( mất gốc rồi :(,1,0,0.4122988819077776
bức ảnh xuất sắc ❤️,0,0,0.19820809387945282
"có tớ nhé , bạn không cô đơn đâu .",0,0,0.31249981531325544
dăm ba con nhện nghĩ tao sợ (((=,0,0,0.3634098539176311
có tiền sẽ thấy các vị gọi là thượng hạng còn không tiền sẽ chỉ thấy vị mặn của mồ hôi + nước mắt,1,0,0.18903761884564588
"ước gì boss không co chân lên , tao vẫn sẽ nghĩ là boss thật khí chất =)))",1,0,0.14450551949215862
per dạo này béo quá rùi :(,1,0,0.27108525765169234
"làm ca nào không quan trọng , quan trọng là có đồng bọn bảo yến nguyễn hạnh 🤣🤣🤣",0,0,0.1632183163460788
thật tình là rất xin lỗi anh ở trog video . hi vọng sẽ gặp đuợc anh để xin lỗi và tạ tội với anh . thật ra hộp quà trong video là của con lol per với người yêu nó tặng nhau dịp sinh nhật . híccc,1,0,0.215085497211974
"sời , lừa làm sao được tao :))",0,0,0.25149159452681014
may quá tao không xài huawei kkk,0,0,0.2921970438775843
thôi thì đi xem avenger lần 3 để tránh nóng nốt chiều nay không mai mưa rồi hehee,0,0,0.29992292337346566
bác này nói hay,0,0,0.2317200501545585
đối với thế giới này bà lão chỉ là một ai đó . nhưng đối với ông lão đó bà lão là cả thế giới 😊,0,0,0.3760673760322756
pháp không còn khoảng thời gian bình yên nữa rồi,1,0,0.3563553806605435
"trời mẹ phim gì vậy thớt ơi , cười ná thở",0,0,0.21389228270169042
"tui thi ́ ch va ̉ i lă ́ mày ma ̀ ăn nhỉ ̀ u no ́ người lă ́ mày mọi người anh ̣ , bi ̣ lơ ̉ miê ̣ người",1,0,0.3985967652072285
dễ thương vậy chời,0,0,0.19787073804843966
bằng tuổi em các bạn đang ôn thi mà em phân vân không biết chọn trường nào :((,1,0,0.26961648963954565
"ngày xưa , ngoài thú vui chọc chó dí , còn chọc cho ngỗg rượt . cách giảm cân hịu quả nhất cho mấy đứa lười 😂. nhớ lại vui thật , đúg là thời sửu nhi .",0,0,0.15998154076566856
buồn hơn khi tôi còn là gái 🙄,1,0,0.2776417447738742
sau vụ 200k thì vụ 5tr này có nội dung hài hước y hịt :)))),0,0,0.10634092007858478
per không lẽ sau này kím bạn trai không tập gym 😖,1,0,0.23918180360118702
per làm gì quên được kkkkk,0,0,0.29095348540907634
tao của ngày này năm trước đang ước đừng lấy quỳ tím đem ra thử nghiệm . :(,1,0,0.212128846363937
"giống hệt mình , nhưng bạn may mắn hơn vì bên này quyết trốn nợ tận cùng",1,0,0.29436437893156564
cái mặt hoang mang thấy thương 😆❤️,0,0,0.40517623230776767
"tháng 10 đến rồi , em đừng buồn nữa nhé ❤",0,0,0.2635391543012864
có đứa nào hồi bé không biết nấu còn tranh làm rồi quên không đổ nước như tao không :))),1,0,0.24259564470165557
trời má cute vãi lozzzz,0,0,0.29120757421070986
"quá bản lĩnh luôn , người đáng nể , tiếc là anh ấy sắp bị tử hình rồi",1,0,0.22982816148992832
ngày tao chia tay tao khóc quá trời luôn,1,0,0.3485380165329679
thật may em đã gặp được người tài xế tốt 🌸🌸,0,0,0.17467473989773008
per giống cái bữa mình viết ghê,0,0,0.3037212945021229
chưa có cơ hội nói cảm ơn và xin lỗi . vì chúng ta xứng đáng được bình yên,1,0,0.21608198084111815
các bạn đã xuất sắc hoàn thành nhiệm vụ,0,0,0.12355513992242824
định share mà đọc bình luận tắt con mẹ nó cảm xúc :(((((,1,0,0.3243148883072064
per kinh nghiệm nha,0,0,0.13390047825005952
chàng trai vàng trong làng bấm biển =))),0,0,0.2933674504912173
chuyện buồn quá chúng mày à . tao không dám đọc sợ làm quyết tâm có người yêu của tao lung lay 🙄,1,0,0.3419563027880398
giống chó này hình như không có lông ạ ?? chó nhà em lông rụng đầy nhà .. huhu,1,0,0.22550650568959554
chời ơi mới chụp răng 2 bữa trước về không ngủ được tới nay luôn,1,0,0.16714410362540844
trời ơi cái đoạn này em khóc tu tu luôn 😪.. trong khoảnh khắc rời xa một ai đó mãi mãi cơn đau thấu ngực trái huhu,1,0,0.3186382900150391
sao giốg với mình v . nhưg mình từ bỏ rồi người ta hình như cũng có người khác . từ đầu là do mình ảo tưởg thôi giờ thì tỉnh đi cô gái ạ,1,0,0.294810033866791
tư duy của họ hơn hẳn 1 cái đầu 👍,0,0,0.20926026164678269
rất thuyết phục,0,0,0.18107675941144402
chỗ tao cũng có cây tình yêu < 3,0,0,0.20294816918518221
1 % kìa rồi ra cổng gọi thế nào :)),1,0,0.22061577073131886
hạnh phúc ghê,0,0,0.1684189638564687
ba ́ o giâ ̣ tao ti ́ tao la ̀ mày hoa ̉ người loa ̣ n ngươ ̀ i dân . haizzz,1,0,0.4651674479772909
đm main mới hay quá đi,0,0,0.21224146862597335
per kỉ niệm nhất là những ngày trốn học cùng nhau đi xem phim 😂😂😂,0,0,0.062361696366053196
nhìn cái bà này tôi chỉ muốn xoạc bà 1 cái . sao bà không là con trai nhỉ . ông trời quá là trêu người rồi,1,0,0.25214620865632886
sư tử chứ dễ thương q . q gì,1,0,0.27597314781584986
trai tài gái sắc .. danh ngôn rồi tài sản chứ tài gì !! 🤣🤣,0,0,0.23997732413345174
"chịu hay không không quan trọng , quan trọng là không có ai lấy",1,0,0.2865831515426626
điên khùng . nhưng hahahah . nhiều tiền quá mạ ơi,0,0,0.3642061426594195
"thiệt là cao minh , hahaaa",0,0,0.2821155953173156
"đôi khi cũng muốn dỗi lắm , nhưng nghĩ lại đéo có người yêu mà dỗi",1,0,0.31132052527178294
trồi ôi mới đọc tưởng đâu người yêu,0,0,0.2446822048889675
em mình là con trai viết đẹp y chang thế này nhé,0,0,0.26112008834784445
"haha ,,, sao không kêu tao ..",0,0,0.20834845672579794
mặt tao như này ai mê cho nổiiiii,1,0,0.26087978252895133
"thứ yêu nghiệt , nhỏ g vẫn sợ nó nhất sau mấy con lắm chân t . t",1,0,0.19106417163825176
anh tây này đáng yêu chết được cứ tiếng tuy hoà phú yên ma học đi nhá ☺️☺️,0,0,0.31106256112233666
per sao bố lại đủ bình tĩnh để xem hết cái trailer này nhỉ . _ . sợ vãi,1,0,0.16265301305249774
"xem đi xem lại không chán , best của best 😭",0,0,0.21250180588361112
"cả đống người trên đường , mà nó chỉ dí mình tao 😭. t đã làm nên tội gì 😭😭",1,0,0.40728547150527816
chàng trai mạnh mẽ !,0,0,0.22457101542658592
tìm đối tác 😔,0,0,0.27979697095609674
thấy cưng gì đâu,0,0,0.2459964422505438
ngôn tình từ anh mà ra,0,0,0.20444329230047512
tao được thấy nói chuyện mắt của bố tao khi tao bệnh và khi tao lấy chồng,1,0,0.3105332995585587
không biết thật mà hix .,1,0,0.2590981041575864
per =)))))))))))) tao cười không biết chỗ nín lun,0,0,0.21204188638160568
cứu tao :(( tao sợ rắn,1,0,0.48152762763738477
bộ cuối nhìn đau lòng thật :(,1,0,0.22712458503140048
còn mình nhìn như thằng ngu,1,0,0.2229258098349064
thương chỉ sợ em không cho anh cơ hội thôi,1,0,0.2715497666074964
per má có điểm cho sướng vãi,0,0,0.24176039220413909
ôi không đừng vậy mà :((,1,0,0.2299186322919527
phim hay vãi ấy xem lâu lắm rồi,0,0,0.17839989002905024
chỉ cần 1 cây hoa . nói lên tất cả .. hi,0,0,0.4252988892352588
điều hối tiếc nhất cấp 3 là chưa kí lên áo của nhau 😢,1,0,0.13638864380289822
"ôi zồi ôi , nhìn cái mặt của ẻm kìa , yêu ghê :))",0,0,0.13981231823873028
chào tháng 10 !! tháng sanh thần của tôi .. hi vọng mọi chuyện tốt đẹp,0,0,0.3071362196630432
bây giờ tao lấy chồng rồi còn không có cơ hội ngủ với em gái 😫,1,0,0.36272243739815824
đáng yêuc quad 🤤🤤🤤,0,0,0.277857175897127
có đứa nào đéo giật mình như tao không :))),0,0,0.2871049010527315
môn này đéo dành cho những người chân ngắn như tao :) bay qua chắc lọt mẹ xuống sông ^^,1,0,0.19902598088100987
góp vui cho chủ thớt 😂😂,0,0,0.1509717442021718
trông mặt buồn chưa kìa per :(,1,0,0.30000443211025113
30s mặc niệm bắt đầu ...,1,0,0.1813606080939334
"mà sếp cũng duyệt , cũng in rồi haha",0,0,0.2535711388362509
đm ngồi chờ đã rồi các tổng đài viên đều bận 😭😭😭,1,0,0.24695498100529628
con gái chả thế :)))) con trai đi dume mày có nhận hàng không,0,0,0.21690349396473477
ánh mắt thằng con muốn nói : cứu cháu hình như ba sắp ném con ùi,1,0,0.44839489457446513
"không được uống đã đành , ngồi dọn sấp mặt luôn , như con cáo và chùm nho xanh per",1,0,0.29488371297721055
"kỳ nghỉ hè muộn của anh mà , xõa hết đi anh .",0,0,0.11629937734572511
per chơi với con trai riết nên giờ đéo có người yêu nổi vì tính tình không khác gì con trai,1,0,0.19806322232624365
chán mấy ông thanh niên .,1,0,0.18472480485655787
má đáng yêuc quá dạyyyy ??,0,0,0.23713455535698405
phim này mới ra được có tập 1 thôi . hay phết,0,0,0.1383633053221311
mẹ đi ngầu chết mẹ đi được chứ kì quặc gì =)))),0,0,0.29308928919373534
"per mày nhìn thành long hồi này có thấy giống mặt anh chung nhung hồi xưa không :))))). thề luôn , tao thấy giống vãi 🤣",0,0,0.1332875390916899
t đã thử rồi mà dume vẫn la :)))),1,0,0.15615533392948633
thạ timmmmm đùa tao yêu mặt nó lúc ôm đầu vlllll xinh quá con ưiiiiiiii,0,0,0.2915312204721015
dự định tao là 28 nhưng giờ mà có bồ là bắt cưới luôn chớ sợ ế haha,0,0,0.1981863759607611
"chủ động nói chuyện , nhắn tin khi có time . nhưng đời không như mơ",1,0,0.31412672241099165
tuổi thơ của tôi =)),0,0,0.3116778646471959
"cũng tùy , đôi khi không cần vật chất mà chỉ cần động viên , san sẽ những khi con mình vấp ngã hay khó khăn trong cuộc sống thì ...",1,0,0.17036448176372984
khoảnh khắc tao nhận ra tao đã từng rơi vào hoàn cảnh bế tắc này 😌😌,1,0,0.3326335299135218
"per chị mày đánh lộn từ đầu làng đến cuối xóm thì cần chi bọn con trai , nhưng nhìn bọn nó dễ thương hén",0,0,0.2745232287269547
"crush một ai đó là điều không bao giờ có rồi , vì mình vừa béo , vừa xấu gái , vừa vv and vv . auto nhục 😞😞😞",1,0,0.24700500238984394
"chúng mày nhìn , tao nuốt cũng không xuống nổi , ông địa",1,0,0.2766687082543928
và rồi cô ấy sẽ mãi mãi không có người yêu =((,1,0,0.21327981961975465
"đau lòng vãi . cứ tưởng là đùa . ai ngờ , bồ nhau thiệt . ơ . tớ có sừng không",1,0,0.3089047478754718
nhiều khi nghĩ mình không phải con gái mà là 1 thằng đàn ông chính hiệu kkkk ....,0,0,0.34287105958851966
vẫn ế bền vững,1,0,0.14250856979707707
sao mình lại không xem được vậy admin 😭,1,0,0.2574691341174329
"khóc không chịu được luôn , và mình cũng sẽ làm được nếu phải đánh đổi tính mạng cho 2 cô con gái bé nhỏ của gia đình mình",1,0,0.3093176075299024
ảnh đẹp quá 😍,0,0,0.21183133732728657
ui còn chưa kịp đi xem đã rút rồi :((,1,0,0.33996212032687056
per bếp lò xo huyền thoại của ngoại hay nấu nè,0,0,0.15723904357362428
cả 2 kẻ này đều đáng sợ !,1,0,0.31297479625189484
muốn tạo ra niềm tin đôi khi bạn cần sự dối trá 😉,0,0,0.2704391058576563
xài vietcombank sinh nhật cũng không được chúc luôn :((,1,0,0.23466592508476006
buồn cho số phận 😢,1,0,0.245147014706825
"lâu rồi mới thấy trailer chất như lày , so excited",0,0,0.2417620969521601
quả mắt nhìn sợ vãi,1,0,0.1241191867301239
quê vải mà chưa được ăn quả nào . huhu,1,0,0.18257087844381112
chẳng bằng bố tao 13 năm tự nhiên hỏi bố biết tên con là gì không thì chần chừ một lúc rồi phun ra tên chị tao,1,1,0.5831829965852876
vì chúng ta không nên nói chuyện với nhau nữa,1,0,0.17929617665883116
"sợ vãi , mém xỉu",1,0,0.2313227703074133
"tự nhiên thấy tụi con gái khóc tu tu , thế là mình lủi ra ghế đá trước lớp ngồi . tự nhiên cô dạy văn cũng ra theo xong ôm mình khóc ,",1,0,0.4458144407593317
"bị ngỗng mổ sợ vãi_chưởng , hồi bé tao đã không sang nhà b tao cả tuần trời vì nhà nó mới nuôi ngỗng mà bình thường tao toàn ăn chùa cơm nhà nó thiếu điều làm con nuôi nhà nó nữa thôi :))) nhắc lại mới thấy sợ vãi",1,0,0.2778750914430396
mùa thu năm ấy cta đã gặp nhau ?,1,0,0.2034945046446608
thích :)))) đi làm vui hay không là có đồng nghiệp tốt đừng chơi xấu mình là được :)),0,0,0.089276895823048
chỉ sợ lúc nó dí,1,0,0.25502107262573825
tao là thằng chưa bao giờ giận người yêu vì người yêu tao không bao giờ làm gì có lỗi hết,0,0,0.22470048865971912
ai sẽ cùng tôi mang nỗi đau này cơ chứ,1,1,0.5026692721722453
tao rất sợ mất đứa tỏ ra như thế,1,0,0.4364148088231361
rơi mất tim . nguy hiểm thiệt ^^,1,0,0.2515318825279017
phim này xem rồi ý nghĩa vài,0,0,0.21440179155525216
chắc học từ bỏ quá,1,0,0.31265885825312867
t đu ́ theo thôi :v tao biê ́ tao thư ̀ anh no ́ la ̀ shipper,0,0,0.2838672971374434
bởi vì gặp nhau sai thời điểm nên tôi mất người mãi mãi ...,1,0,0.28801879899189176
cưng ghê ❤️,0,0,0.24467268442187282
mới đi nhổ răng số 8 và chụp 😞,1,0,0.16728038900753323
chưa được đi pháp mà huhu,1,0,0.22083278892554684
"t không tiếc mấy ly trà sữa , chỉ thấy tội cho mấy cô lao công dọn dẹp mà thôi 😔",1,0,0.26762218605329935
qua chạy xe nẹt nẹt bốc đầu bố ai dám dô,1,0,0.3709702100151187
thế chân ngắn như tao thì phải làm sao với cái cầu,1,0,0.40692473980684146
đó là khi tao muốn cắn ai đó điên cuồng :),0,0,0.32714072623403195
"ước gì mày được quay về tuổi thơ , trước mày cũng có 1 b trai như vậy đó",1,0,0.38927424288683
chuẩn luôn :3 độc vô tình bắt gặp thôi cơ mà giờ tao bị ăn bơ rồi 😭,1,0,0.3263324537432826
hình như sau boss bị chết ạ,1,0,0.48214704567137007
per thế mà cháu tôi không biết chơi 😭😭,1,0,0.38298985911013156
mẹ nó chứ xem xong mình khóc hết cả nước mắt,1,0,0.34802232381598525
chả mong gì nhiều chỉ mong về già được như hai ông bà ! 😊😊😊,0,0,0.3982582781771667
dăm ba cái trò nấu cơm này sao làm khó tao .,0,0,0.25446496392232515
"công ăn việc làm còn chưa ổn định , bố mẹ già còn chưa lo được thì kết hôn để làm gì 😪",1,0,0.37312781314127436
sợ vãi nồi tao còn tg thằng kia bay ra cơ :)))),1,0,0.1943553659525338
khổ nhất người có bầu,1,0,0.20410898881783465
thế thì nó lại tốt quá,0,0,0.2067292118463746
với mình đoạn mấy thằng đỡ đẻ là hay nhất,0,0,0.15043236338111277
mày xinh ghê vậy :d,0,0,0.2693004247703744
lâu lắm rồi mới nghe lại bài này 😀,0,0,0.21806243432021516
bình thương tao hay cười lắm . nhưng khi tức tên ... tao lại khóc . quá yếu đuối,1,0,0.47362077971699856
hmm hãy tưởng tượng nó là một chú gián xink xắm xoè cánh thiên thần bay đến ... 😞,0,0,0.32041775597529365
em chân thành nên em tổn thương,1,0,0.42275156485287985
ngày xưa hồi còn học mẫu giáo mỗi lần đi qua là nó rượt tao chạy té khói dume còn thiếu nước chạy lại quỳ xuống van xin nó nữa thôi . đến giờ nó vẫn là nỗi ám ảnh với tao :)),1,0,0.23833827938836794
ko 1 từ nào để diễn tả bộ phim này ...,0,0,0.20715746833067059
"per đó là lý do tại sao em luôn nói với anh , có gì cũng phải nói ra",1,0,0.3156818913629732
xem video nay sao mà sướng hết thằng người,0,0,0.1541135172740918
coi ảnh này nổi cả gai ốc,1,0,0.3402826633434262
cưng chết,0,1,0.5328164188265718
thề dume c còn hết hồn nói chi đến khách =)))) sáng sớm ra mở cửa với tối đóng cửa thôi độ gan dạ cũng phải tăng lên mấy chân kính =)))),1,0,0.14549257971410337
"per trừ điểm , trừ điểm",1,0,0.3089561144193849
"chị ấy cười với tao kìa chúng mày , hạnh phúc ghê 😊",0,0,0.31219105520072804
lại đến giờ giải trí rồi mềnh ơiiii per =))))),0,0,0.1386951891565626
nhìn thôi đã đau lòng,1,0,0.2598518953634495
per có sub rồi nè . má coi đi coi lại vẫn mắc cười . với đưa anh stk đi,0,0,0.25954530421007693
câu được chục con heo vàng chả được cái gì,1,0,0.2773836161265829
thú vị vậy =)),0,0,0.1321630504575843
ngày xưa đi học đạp xe qua cứ tưởng được quay phim đưa lên truyền hình :)),0,0,0.13625966963184552
bằng tuổi người ta mình vẫn còn mải nghĩ chiều nay ăn gì 😢,1,0,0.22369809861128453
các bạn nữ đập đầu vào tường chết hết rồi,1,0,0.3398078642575204
cặp này lầy mà dễ thương,0,0,0.22095334504017536
nhìn hói mà thấy thương gê ??,1,0,0.1472160126832911
móng tay và tóc theo thời gian thì mọc càng dài tại sao chỉ có con chim là nó không mọc dài hơn nữa ta,1,0,0.2982950947331473
cao quá cũng khổ chứ sung sướng đéo gì 😓,1,0,0.32503773000396136
per một thời nè 😃,0,0,0.31841113631619256
tôi ở phú yên và anh này nói rất chuẩn < 3,0,0,0.20025348134658505
có đứa nào vừa coi vừa nuốt nước miếng như tao không ?,0,0,0.4218262486242458
đó là 1 câu chuyện buồn,1,0,0.2506672390456053
nó mà cắn ai 1 phát thì ... nghĩ thôi đã rùng mình,1,0,0.40229985415951464
không phải thích của cải mà là thích ý chí của họ . đàn ông có chí tiến thủ bao giờ cũng quyến rũ,0,0,0.20097378504715924
"có tài nhưng đôi lúc muốn làm diễn viên hài 🤣🤣🤣, khoái thanh niên này buồn cười vkl",0,0,0.18539742038113818
siêu phẩm để đời .,0,0,0.15612063017573286
đựng túi nilon là chất rồi 🤣,0,0,0.2351098227735539
😭😭😭😭😭😭,1,0,0.4386774933540067
đúng . biết là sự thật tàn nhẫn nhưng vẫn muốn biết rõ cho nhẹ lòng hơn :(,1,0,0.36444545940782086
"nhỏ thấy qua 1 lần , nó bị cột ngay trước cửa nhà người ta ở trong hẻm , mỗi lần đi ngang qua là nó lại định lao tới cà khịa",1,0,0.17658658916677467
per thần thái còn phải thua haha,0,0,0.42621258861670874
per dã man,1,0,0.2718121996149783
"ở nói chuyện ngoài hộ không khì thị về giới tính , họ cho được kết hôn . chứ họ không kì thị như ở việt nam mình hai người kia họ thật dũng cảm khi sống thật với giới tính của mình",0,0,0.4899549381243788
tao đang chờ xem bà ấy được nghe nhạc ý mà hết video 🤣,0,0,0.1676799199686184
"1 bộ phim phải nói trên cả tuyệt vời , xem đi xem lại cả chục lần rồi mà không ngán",0,0,0.17939712519495235
tận cùng của tan vỡ,1,0,0.1944045929915529
làm kiểu không cần bẻ phê hơn =))),0,0,0.14775414734275163
còn gì đau đớn hơn cảnh này :(((,1,0,0.24648419469493424
tuổi thơ của tôi cũng từng có 1 người c . trai bỏ mặc tất cả để bảo vệ tôi 😘😘😘😘,0,0,0.46123058824536356
per ông xã xem khúc nó kéo xe chở con chó nè :)) đọc bình luận hài hước ghê,0,0,0.3127248695091044
đáng yêu như em tao ý . cứ mỗi lần nó quyết định ngủ ở đâu là nó lại đấu tranh tư tưởng 🤣🤣,0,0,0.33018690864855077
không có gì là tồn tại mãi nhỉ,1,0,0.3631785236594612
nhưng tôi đéo có bạn trai thì phải làm sao ?,1,0,0.4617013683414132
giờ mới biết =)),0,0,0.1766233549508192
cần gì những thứ xa hoa lộng lẫy đâu . dù chỉ 1 bông hoa nhưng đong đầy yêu thương nhắn tin đã cảm thấy đủ hạnh phúc rồi 😊😊😊,0,0,0.2787360206965866
hồi bé bị ghiền mùi này :)))),0,0,0.1745806067261338
may mà còn gỡ lại được 1 miếng sắt lớn của tàu hỏa nó bung ra nên bán đi cũng đỡ được vài đồng . kaka,0,0,0.19691902442798956
"đẹp quá mày , còn không cho tao xin ít",0,0,0.45219542331959667
:))) 1 phần của bài quyền là phải gẫy gậy và té sấp mặt luôn để đỡ bị đối phương đâm lòi phèo,1,0,0.15015908606291384
chất lượng âm thanh bản này hình như nghe hay hơn bản gốc hồi mấy năm trước nhiều < 3,0,0,0.1760560803246957
hay lắm,0,0,0.2815761066731885
kết thúc 3 năm cấp 3 là khoảng tg đẹp nhất nhưng nó cho ta nhiều kỷ niệm đầy tiếc nuối 🤔,1,0,0.16097972699857516
cái này chỉ sướng mấy anh đèo mấy em ngực bự đi đường này nẩy tâng tâng,0,0,0.26502968142882477
ơ tao cũng học ông này hướng dẫn hay sao ấy :))))),0,0,0.14334963784447258
anh em để tao hưởng trước nào,0,0,0.2806065176785356
"giờ đây chúng ta , những con người của ngày ấy giờ không còn nữa ... những lời nói về mai sau nhưng ta đâu ngờ sau này chúng ta càng trở lên xa lạ",1,0,0.298825309094271
lâu lắc chưa xem lại !!! 😳. một bộ phim vừa ý nghĩa vừa hài hước ! 👍,0,0,0.19848593803347053
e quê bg mà mùa vải còn không có vải mà ăn @@@,1,0,0.23451243598288488
"kéo bấc mòn cả tay , ma nghĩ lai thấy nhớ thời đó nhỉ 😂😂😂",0,0,0.18156732401322734
lấy vợ xong béo quá rồi . hình như ai cũng v à 🙃,1,0,0.33982270813995147
đi học về thấy bán hoa đây đường mà cảm thấy tội cho bọn có gấu ... lại tốn tiền,1,0,0.20457583469962162
"mọa , mình nhà thanh hóa mà đéo biết gì luôn @@ :((((",1,0,0.2650522577936628
đám tụi tao đi chơi xưa nay đều dọn sạch đồ mình kêu hoặc xếp lại gọn một chút cho người ta đỡ dọn .. cái này là sự ý thức thôi …,0,0,0.16525982132718797
xem không dưới 3 lần chia sẻ không dưới 2 lần nhưng mỗi lần nhìn thấy lại xem lại buồn,1,0,0.20756553985865403
per năm nay 2 đứa quyết định ngồi hay đứng kkk,0,0,0.28859409911492656
nắng cũng đã sắp tàn sao mà chả thấy em đâu ...,1,0,0.3450105536883149
bình tĩnh vãi_chưởng =)),0,0,0.13365802347879216
bà tao mất rồi :<,1,0,0.2709669550164995
"đuma tao đang ở đấy nè , vừa đi vừa ôm túi sợ cướp :((",1,0,0.381972075352047
câu nói quá chuẩn và ý nghĩa 👍,0,0,0.27777133236342477
một bình luận của người trong cuộc . đọc xong thấy ấm lòng cho per !,0,0,0.32904853177336735
đã thử và rất thích thú 😆.,0,0,0.29378163460160023
tao tưởng nó té cái đùng chứ . làm ngồi chờ mãi mỏi cả mắt,1,0,0.3677256365840691
"mà hiệu quả bất ngờ quá , quá đỉnh .",0,0,0.1813293377085114
cuộc sống mà =)),0,0,0.20449060365488095
"nó gieo cho tao mầm hi vọng , hi vọng vừa chớm nở nó đạp xẹp lép sự hi vọng bằg sự lặng im",1,0,0.3216368929266898
đề nghị admin xóa bài đi ạ . chứ bố mẹ em sắp đi chợ về rồi ạ :(((,1,0,0.2782736798634422
mèo nhà tao cũng từng đi lạc vì bị chó rượt tưởng mất rồi . sau mấy tháng thấy nó trở về nhà mừng vãi 😁,0,0,0.3669650153469708
chắc phát khóc mất 😭,1,0,0.3711016273038234
chủ quán này xinh gái lắm nha !,0,0,0.22041194261487965
nghe bài này nhớ nyc vãi,1,0,0.10232164678522934
lúc rài không gặp được mặt cờ rút nữa 😪,1,0,0.3330662822092816
tao phải công nhận là nó giỏi vãi . từ đứa diễn đến đứa quay và edit video .. giỏi vãi 🤣,0,0,0.19605403681920244
cười đau bụng :))),0,0,0.22574525867206394
tê tê phê phê sung sướng vãi 😌,0,0,0.24214374833921848
tao có hiểu đéo gì đau,1,0,0.3966719138265759
rồi nhận ra chỉ mình là cảm thấy như thế thôi hả :(,1,0,0.30202519320612936
thôi mình nói đùa đấy :(,1,0,0.24512949188833777
thiệt là dễ thương quá đi mất . 💕,0,0,0.2666374837412921
ghê quá đi,1,0,0.20765162920870034
"thương tra ̀ o nươ ́ c mă ́ tao ... cuô ́ i cu ̀ người thi ̀ ban la ̃ nh đa ̣ o bă ́ c ninh đa ̃ lên tiê ́ người giu ́ p đơ ̃ ca ́ c be ́, du ̀ qua ́ muô ̣ n @",1,0,0.3121722272475832
cha mẹ tao còn cãi lộn nhau vì không biết ngày sinh tháng sinh của tao là dương hay âm 😢😢,1,0,0.263340871995449
per đã nhẫn nhịn lắm ... đến khi con sen tao cứu tao thì tao đách có sợ đâu nhaaaaaaaa 😂😂😂,0,0,0.4404989623830822
"có bao nhiêu đôi ngôn tình , cớ sao lìa xa mình ta :((",1,0,0.3142046280485315
dăm ba chuyện hẹn hò có gì hay ho 😌 nhưng mà thi thoảng có dăm ba cái chuyện này cũng hay 🙂 tóm lại xem để giải trí đỡ buồn cũng tốt 🙂,0,0,0.22039021763406727
lâu quá rồi mới nghe lại bài này . từ lúc ctay mối tình đầu :((,1,0,0.2638743320709272
bị bắt nạt im re hà hiền khô luôn thấy tội nghiệp ai dè tới chừng ...... ha ha ha,0,0,0.22996338976624842
dể thương quá ah,0,0,0.1946005609187247
chị em mình giờ nói ít thôi haha,0,0,0.35283613097513605
không biết nói sao ... nghiện chuẩn mẹ rồi ... crush ợ . mà nó nhẫn tâm lắm hồi trước còn hay call video . từ hôm tao cạo trọc y như là mất tích luôn . chắc phải để tóc mọc lại tao mới dám gọi . 🤭,0,0,0.25875815147264214
con dang yêuc qua ha,0,0,0.3093433140054579
pháp luật là bạn của nó rồi anh ah vì quen anh anh chị b trên quận ah nên em cũng sợ lắm ah :-(,1,0,0.14807735003476338
con lai xinh phết ??????,0,0,0.16884646526724512
muốn được đi một lần 😆😆😆,0,0,0.36658920187788097
đm tao biết trước cả sự việc kiểu lìn gì cũng có nhện nhảy lên màn hình . vì mấy năm trước cũng có 1 thể loại giống như vậy . đm hú nhồn,1,0,0.21822397873915472
t thích nhìn mắt của crush hơn là nhìn nó cười,0,0,0.17763610777046004
hihi : chúc mừng đại kỷ nguyên có lắm người yêu,0,0,0.14790123824913462
cần lắm những sẻ chia . cần lắm những thấu hiểu,1,0,0.3358449081291329
làm ở đâu không quan trọng . quan trọng là có chị em tốt để tạo nghiệp :)))),0,0,0.14300914484287475
hơn cả bộ phim kinh dị !,1,0,0.2217816545509035
ngồi nhìn nó ngủ cũng thấy dth vler đừng nói cười 😌,0,0,0.22746128752205896
"kết nhất cái điệu "" xời quá là điều bình thường luôn """,0,0,0.17878030352885904
hời ơi ... cưng xĩu,0,0,0.3017039936690711
"thích chị này nhất phim í , bé bé xinh xinh lại diễn rất đạt :3 . hy vọng mai sau sẽ có bước tiến lớn và thành công hơn nữa < 3",0,0,0.12206517983471639
nguy hiểm,1,0,0.17511667120126928
per giờ thằng gù nhà thờ chạy đi đâu đây :(,1,0,0.2989120420759838
haiz nuôi được nuôi không thì thôi chứ nuôi mà để v coi được haizz,1,0,0.33565113772277994
lương cũng sắp về rồi 😉,0,0,0.18549592713761925
mình đã về đến nhà an toàn hihi,0,0,0.3614935552717164
trồi ôi bài hát đỉnh caooooo,0,0,0.17016035830464213
per anh tặng vợ cái bát nha kaka,0,0,0.13318643788625525
boss mắc bệnh nghiện vợ 🤣🤣😭,0,0,0.2143627452676847
vì tao hay bị chúng nó chọc nên thấy buồn,1,0,0.23568199518696217
ko biết crush bây giờ có ở nhà không nữa 😭😭😭😭,1,0,0.4141314290986908
per đem rác về nhà vứt luôn haha,0,0,0.18914458908857304
xem xong tao đã khóc rất nhiều,1,0,0.3541728196156414
"nước mắt tự trào ra , thật sự rất cảm động 😢",1,0,0.38322901128934245
không hiểu sao đoạn này rất kích thích trái tim hủ nữa của tao =)))),0,0,0.3068253970377426
nhìn cái muốn cong :d,0,0,0.1883290173689784
mới gọi điện thoại xong mới cười với tuii xong heheh anh đáng yêu vãi,0,0,0.22507722095749363
đi đường buổi đêm nhìn thấy hãi vãi ??,1,0,0.1563992591867226
"có ai lần đầu bắn kéo ngược ra phía trước đạn bay vào mặt giống tao không , đau điếng",1,0,0.40604703384962904
đôi khi có tiền cũng không đi được đâu vì đéo có ai đi cùng,1,0,0.3811862220743402
cưng quá,0,0,0.2991217479286817
khi cô đơn lòng em nhớ ai :((,1,0,0.3862119938426231
"cha quay phim cũng không phải dạng vừa , mẹ diễn viên thần thái vãi",0,0,0.13476969933138727
"1 câu mà người ta hay nói , đắng như vị đời 😌",1,0,0.20149283415096236
mẹ tao cũng thix em này 😅,0,0,0.33965659088107153
rất ghét phim ấn nhưng phải nói phim này hay 👍,0,0,0.2117318369779229
tôi trưởng thành vclll,0,0,0.24477738556510598
hy vọng sẽ mau tìm được anh người yêu thật tốt để 5 năm sau có một gia đình như vậy ❤️❤️,0,0,0.14672397006510315
thực ra chủ nó cũng bẩn vãi :) vầy quá kinh dị rồi :),1,0,0.2257381785505039
cuộc sống là cho đi ❤ đôi khi chỉ cần được thấy họ cười là bản thân thấy vui rồi ..,0,0,0.4097523506743768
cực kì bản lĩnh lẫn liều lĩnh,0,0,0.331526369788017
tôi còn chẳng lấy ảnh lớp cho nữa,1,1,0.5624078766113543
nấu cơm như vậy xong đi lên nhà xem hoạt hình .. đến lúc hết phim xuống để xới cơm thì .... khét lẹt,1,0,0.16067793199136082
tớ có thấy con ngáo đấy nhưng không dám lại sờ huhu tt,1,0,0.37508364206428574
muốn share về mà sợ bị bạn nè phẫn nộ quá,1,0,0.311719880144422
kiểu lâu lâu cũng không được nhắn tin cho ai như thế nên cũng muốn tình cảm xíu =)))) biết đâu,0,0,0.3141976689346771
tao tháy gái nguy hiểm vãi,1,0,0.18439778872591445
câu hỏi thú vị 😃😃😃,0,0,0.34075176352584713
đcm ác mộng,1,0,0.3601102619304276
xem phát khóc mẹ luôn 😭😭😭,1,0,0.2954973612189136
"per nhớ ngày xưa gần nhà mày có đàn ngỗng , tụi khốn nạn đó toàn đi dàn hàng ngang chắn hết đường hết lối , mỗi lần tao đạp xe qua là rượt tao gần chết :v ám ảnh vãi",1,0,0.4320508563536108
crush của tao đi làm rồi . hihee . sáng mai mới về cơ 🤣🤣,0,0,0.2831115618117611
dễ thương 😂,0,0,0.1662102829823468
khổ thân vãi :)) xong bà lườm luôn :)),1,0,0.15329471206049336
có con gái thật tuyệt ! 😍,0,0,0.22419205104119
"nhạc buồn quá . bài này là bài "" chia tay trong chiều hoàng hôn nắng úa màu "" - justin bieber cho bạn nào chưa biết nhé . :'(",1,0,0.2349671233342018
mày giận lại tao hả tốt quá bố mày được đi chơi game rồi . tối về dỗ nó sau . chờ mãi câu giận của mày :)),0,0,0.3137895537578948
đag bị cuồng mấy video của chế này . ai có ngoài video này tag cho mình xem với nhé 😂😂,0,0,0.17787243722813242
nhìn dáng đi mà nhớ ông nội 😞,1,0,0.1263102634596572
per hihi nhớ không,0,0,0.20160467608686666
3 giờ sáng nằm xem xong khóc miên man 😢😢,1,0,0.38578490218390316
đm trí tuệ vãi,0,0,0.20276296709535907
"sau khi kết hôn , anh sẽ thuê người giết cô để hưởng trọn tiền bảo hiểm 😌",1,0,0.20666095291736292
"đó là lý do tại sao tao chẳng bao giờ đi hùa mấy bài bóc phốt , xem cho vui rồi lướt thôi :))",0,0,0.16411860805179232
t phải tìm bạn trai là nhiếp ảnh gia mới được 😆,0,0,0.3091227542010109
hình như anh nay đóng phim ngây ngô thì fải ... phim đó hay lắm các bạn nên xem,0,0,0.1351430685314571
cảm thấy bị tổn thương,1,1,0.6344383350470174
động lực của phan con gái,0,0,0.20202655889925097
anh ấy không thương tao,1,0,0.2325166527268376
ha ha ❤️ chất lắm,0,0,0.20237798397492257
yêu chết đi được .,0,0,0.37652841052181674
một cách bán hàng nta gọi là đẳng cấp,0,0,0.2833560907883508
cute vậyyyyy,0,0,0.2471129044797578
"bắt cóc như chơi đó mậy , be careful",1,0,0.28721678261056816
xem đi xem lại vẫn hay ;)))))),0,0,0.12066771629353826
không biết s chứ ngày lúc 17t tao đi phục vụ phòng karaoke ... mình tao 2 phòng chạy qua chạy lại mệt quá vì xỉn ... kkk . thế là tao nghỉ trong ngày đầu vào phục vụ karaoke .🤣🤣🤣,0,0,0.4003204526778366
nghe quả tên nó đã khét vãi rồi . :))),0,0,0.18157202429840907
cho nó cắn phát xem có thành spider man không 😂,0,0,0.2329661696636231
nó ốm nhom thương ghê :(,1,0,0.23120764981562864
trẻ trâu việt nam thật đáng sợ,1,0,0.3005068209070626
per hóng phim này dụ dỗ mọi người xem tiếp nè anh :v,0,0,0.1988208514625224
cíu tao khỏi hai tên đồng nghiệp bị crazy huhu,1,0,0.27163080055098465
tuổi thơ mình lớp 4 đã cảm nắng 1 anh chàng từ 1 viên phấn vôi .,0,0,0.4088502568630345
"per chưa bị rượt mà đọc bình luận thấy sợ quá , chắc tao sợ chó không là gì với con này :)",1,0,0.2974557158521678
người ta có bạn bè nhìn vui thật,1,0,0.12297169583127592
"đã dùng , nhớ quá ngày xưa",0,0,0.22376175266797552
tiền mất tật mang . xe đã nát rồi giờ còn phải đền cách cửa cho tàu nửa,1,0,0.3286135481885135
người gì đâu mà đẹp trai hết sức !,0,0,0.26927942627885715
"haa ... haa ... ! đúng là có thay đổi lớn ! ngồi nhâm nhi ly cafe , phì phèo điếu thuốc nhìn thiên hạ cũng vui kkk ... !",0,0,0.2730040510943662
"tao toàn thế giận tao tao dỗi lại , lại phải dỗ tao . hahahaha",0,0,0.36031897852217065
lại công cốc rồi . cả thế giới kì vọng,1,1,0.5770097020275274
ước gì tôi cũng được kiên trì như anh ấy để dạy con gào mất nết nhà tôi 😪,1,0,0.26041698663342244
lạy ông nào nghĩ ra kịch này !!!,0,0,0.28531155397235797
đứng trước mặt nó tụt quần ra auto hết giận,0,0,0.37373150176210607
công nhận 😌😌😌 đồng nghiệp hạp hạp tí có khi ngồi buôn cả ngày bám hơn cả bám người yêu . đi làm hôm nào cảm thấy hôm đó ý nghĩa vãi,0,0,0.21271937300336619
chủ thớt sấp mặt rồi,1,0,0.21071402073840934
ngày ấy cũng từng như vậy ☺️,0,0,0.2811635587132298
quan trọng là đỉnh ^.,0,0,0.19698016654060732
"mình chưa từng thấy phim nào ý nghĩa như phim này cả , nó dạy cho ta về nhiều mặt trong cuộc sống , khi vui , khi buồn",0,0,0.24269104904126027
tính ra con bé đó chuyên nghiệp ấy chứ,0,0,0.17060817657066488
những người thả phẫn nộ xứng đáng là thiên thần . dăm ba cái yêu đương vớ vẩn . ahuhuhu,1,0,0.15164407135843463
"per anh nào nhắn vậy là tao yêuc luôn đéo suy nghĩ , ngọt vãi",0,0,0.2985688915482666
đm cười ĩa,0,0,0.4831928713863757
nhớ tới mối tình đơn phương !,1,0,0.1466657461800289
mỗi lần có video của con là cứ coi đi coi lại hoài . cưng con quá .,0,0,0.29524417363269095
là do bản thân tao ngu thôi,1,0,0.36812717761039826
per đã hiểu tại sao thằng bạn mình đam mê gym .. thì ra đây là nơi nó được sống thật với giới tính của mình ..🤣🤣🤣,0,0,0.38598468215600856
"3 idiots , bộ phim rất đáng xem",0,0,0.17310893692266138
"cái quá phơi lúa xong mưa , tao đang cười vì bà béo thì phải ngậm mồm .",0,0,0.31427582533301457
nhà tôi còn nè,0,0,0.3632689428638749
"mấy anh làm video đầu tư ghê , nội dung diễn xuất hay",0,0,0.08993424393121073
"kinh nghiệm được truyền lại là khi nào nấu xong bỏ tí "" tro "" vào lần sau không phải nấu 😊",0,0,0.2017623036370513
"đó là 1 câu chuyện buồn , tao không có bạn trai hix hix",1,0,0.26419162804690305
haha . dễ thương gê 😊😘😘,0,0,0.22028016240807508
"đúng vại , với ai nó cũng tỏ ra như thế . hihi 😂",0,0,0.330714404261901
hạnh phúc phát khóc,0,0,0.26166509191464266
ông thần tài cũng không dám ăn luôn,1,0,0.354246632290278
thương quá . géc nhất những người nuôi chó mà không chăm ... tội cho kiếp em nó gặp phải 1 người chủ như vầy . thân thương !,1,0,0.22884557128474523
"hồi nhỏ hay bị ngỗng rượt , vừa chạy vừa khóc la 🤣🤣",1,0,0.33999988965748273
1 câu chuyện buồn :)) khuôn mặt biểu cảm :((,1,0,0.24264108365405745
đúng là tốt quá lai thành lạm dụng 😶,1,0,0.3801210836988964
ngô ̀ i đo ̣ c bình luận chu ́ người no ́ tag người yêu va ̀ o ma ̀ sô ́ người mu ̃ i la ̣ i cay =)),1,0,0.19742045996323002
hôm qua tao cũng xem chục lần :))) bài đếch gì hay vãi :)))))),0,0,0.13345316921688608
cmt thế thôi chứ thật ra còn trả dám ấn vào video để xem . đời tao tởm nhất là lũ nhện mà hay gặp vãi :((((,1,0,0.2653732774604848
tưởng mai đi họp phụ huynh mới bị u ám . ai ngờ hôm nay mới biết điểm anh 9 . 5 thôi đã u ám rồi :),1,0,0.3380066146512281
cả tết được có 400k :(,1,0,0.25075661249330555
xem xong thấy buồn quá,1,0,0.21707907488298506
mai đến phòng đi tập luôn,0,0,0.3344071888372672
per ông đó có đôi mắt đẹp ghê,0,0,0.20983086224662117
tao đéo ghê con rắn tao ghê mấy cái trồi lên kìa :))),1,0,0.26259283239294673
"mới đầu mày sẽ thấy vui , từ từ nó quậy cho mày ????",1,0,0.31892528561542294
tanh bành cuộc đời rồi,1,0,0.2806901035839275
cảm giác vừa uống cà phê vừa hát mỗi ngày bình an lắm,0,0,0.36233229603597694
dm . đồ dạo này lắm tạp chất hay s í nó đéo phê nhg mà vẫn bị ngáo,1,0,0.25987025284269843
đến giờ tao vẫn chưa biết biển là cái gì ad ạ .,1,0,0.330579595753007
là đi phát tờ rơi ngay mấy ngã tư và cổng trường đại học ! được 200k về mua skin yasuo siêu phẩm 2016,0,0,0.16032128335394213
có ai xem xong không sợ với không giật mình như tao không @@,0,0,0.34851533663276835
nổii da gà hic,1,0,0.32182870270195235
bạn trai người khác không bao giờ làm tao thất vọng =))))),0,0,0.23197926029841484
cám ơn các anh,0,0,0.1187498832176011
tuyệt thật,0,0,0.3353890216457943
crush bị thịt hay không không quan trọng . t chỉ sợ vợ tao đang bị thg nào đó gạ địt thôi . nghĩ mà buồn,1,0,0.36980806892002294
per có nên áp dụng với anh hàng xóm không nhể 😆😆😆,0,0,0.3630723123657067
t chỉ sợ cảnh đấu kiếm :((,1,0,0.18140159443108927
bà của tôi đã không còn khi tôi còn chưa biết gg là gì,1,0,0.3130770859572873
"mỗi ngày đi làm về , tôi không vội vào thang ngay mà thường ngồi sảnh tầm 20p chỉ để ngắm gái xinh cùng tòa 😆.",0,0,0.24845474941388157
đau còn hơn tỏ tình bị từ chối per,1,0,0.3518684100837756
khổ thân em nó . ??,1,0,0.27971549335652585
nhìn đoạn ổng tránh nó cắn mà nhảy tưng tưng rất chi là điệu nghệ và mang trong đó cả sự tấu hài nữa 🤣🤣,0,0,0.2887951153678753
per cười tức bụng nà vợ 😄,0,0,0.3859521558410724
hôm nay thật tệ :((,1,0,0.3452785509695312
người ta đỗ giữa 2 cửa thế kia là rất ý thức rồi,0,0,0.2148036107670937
nhìn mặt con chó tội vãi,1,0,0.3067965085158709
đã khóc . cha mẹ là người luôn yêu thương minh nhất,1,0,0.1820259775345331
nó lại hợp lí vãi :v,0,0,0.16994160336813102
may nó không đâm cho lòi ruột,0,0,0.21420990584921556
và người đó đang ở nơi đâu về với em đi . đợi người rồi người sẽ đến chứ ?,1,0,0.28822455163892663
"tui ở tuy hòa , phú yên mà chả nhận ra luôn .",1,0,0.21236929304290553
con thương ông quá,1,0,0.2792517664424792
mặt ô kia khát nước nhìn buồn cườ thế 😂😂,0,0,0.31852716191852953
e vừa bị điện cao thế giật hôm 17 chạp . bh nhìn cái ông này mà sợ .,1,0,0.2328882172546476
hihi lâu lắm rùi mới thấy nó,0,0,0.30596893256864877
"phải chi có ai đối với tao như này ha . nghĩ lại , mình không bằng cả chó . aiyo ....",1,0,0.41746522948077414
"như đi hiến máu chẳng hạn :3 , suýt thì được gặp :(",1,0,0.49369946015260774
"thương các bác quá , vất vả 10 năm trời mà bị như vậy 😭",1,0,0.27364918767171637
cưng quá trời luôn,0,0,0.27388183468862953
mua con lợn 5 chục lì xì được có 40 nghìn mất thời gian tốn cả tiền bạc 😂,1,0,0.20842714574829363
đã từng xem em là tất cả . mỗi khi mỏi mệt về thấy em và con cười là anh hạnh phúc rồi,0,0,0.4940422447123375
đầu óc đến giờ vẫn còn nặng và đang né tránh mọi người .,1,0,0.42729130332087306
per bit cái nay không . hihi,0,0,0.23824908840583234
tội em vợ thế :(,1,0,0.4279337051563328
tôi từng được sống . nhưng đấy là truyện của năm ngoái rồi,1,0,0.30765439669932443
per không biết còn nhớ tên tao không nữa 😑,1,0,0.3989442962725831
"hồi lúc tao ăn lạp xưởng mắc xương , nói mà cũng đéo ai tin . tao hiểu cảm giác của mày lắm ?",0,0,0.42733898457931835
"cái đáng nói là chủ không có thương , dòm em husky này ốm nhom , mắt lờ đờ thấy tội lắm",1,0,0.29406570134989624
nhìn em mà thương roi nói chuyện mắt,1,0,0.2798733844387093
hu hu đã bị chụp,1,0,0.20314547882199446
:)) bật nhạc lên và quẩy thôi,0,0,0.12371824946994525
"chuẩn . tao mà chơi hoặc làm việc cùng bọn con gái tính công chúa một thời gian thì tao ngày nào cũng sờ troét , sau đó bị trầm cảm .",1,0,0.47948123143231597
aii may mắn thì có vị ngọt còn aii thiếu may mắn thì họ chỉ toàn gặp những vị cay vị đắng của đờii :)),1,0,0.21200806263136873
lúc đấy là mình mình cũng lắng liền rồi chắc trào nước mắt mất,1,0,0.37726180184181557
mới ho mà đã như thế nào thì lấy chồng chắc sống trong bệnh viện cả đời mất thôi,1,0,0.4384768574090394
chạy ngay đi 😒 trước khi bọn chủ tịch vào đây và giả làm con cặc gì đó rồi bị coi thường và chúng mày phải nhận cái kết đấy !!,1,0,0.20427148729572167
tao dễ thương nhưng vẫn ế đây này mơ mộng ít thôi,1,0,0.39088974758006245
"ngày trước đi mua cái này cho chó của đứa bạn thân . mà 2 thằng thử xong phê quá quyết định mua mỗi đứa 1 cái , và chó 1 cái :))",0,0,0.15344398367581288
bản thân quá hạnh phúc khi trong cs này rất . rất nhiều người mơ ước được như mình hiện tại . 😊😊😊,0,0,0.3537591928859962
h chỉ pk nhìn họ bên người khác :((,1,0,0.2581456175675474
per =))))) hahaaaa,0,0,0.22464413654587131
đau lòng lắm khi tối nay chồng tương lai của tao lại cống hiến sức lực để chăm sóc vợ thằng khác ..,1,0,0.43972962664669624
per về xem anh :v đái ra quần chuẩn mẹ rồi,1,0,0.23628811217745013
mày không được ăn đồ chua nhưng phòng toàn xoài chua :(,1,0,0.4345279719111905
phim này rất hay . tình cảm nhẹ nhàng . toàn zai đẹp . hehe,0,0,0.15247234624848163
khi nhỏ còn bị nghiện mùi khói này nữa chớ . 😄,0,0,0.22051845201204787
"vietcombank 1 tháng trừ hết 22k phí inter với mobile banking , dù tháng đó kau chả xài tới cái nào :((",1,0,0.2645646879907345
per =)))))) hít đi cho no chứ mắc công lại chửi tao không biết điều giở trò trước mặt cẩu fa như mày :),0,0,0.2730387483803259
dume cười muốn chết người ta ~~,0,1,0.5905971173800563
why ???? ai đã cướp boss 6 múi của tao vậy 😭😭😭😭,1,0,0.34121244357519837
"đã từng nhưng 10 năm về trước cơ , buồn ghê",1,0,0.31896178470982395
"giỏi mà 😁, đúng là thằng tây duy nhất ở vn học tiếng việt mà giọng tuy hoà ( giỏi )🤩",0,0,0.1813317798762405
"có hôm nó lo đọc cho mình nên không chép kịp bài , cô giáo bắt phạt đánh đòn cả hai đứa . năm sau bạn í chuyển trường mất , nhớ bạn quá !",1,0,0.17474495793901196
per đợi rụng răng rồi anh tặng quà cho em luôn háy . hhha,0,0,0.13002685399644381
tìm mọi lí do để có thể chạy xe ngang nhà nhìn nhà nó phát xong cười mãn nguyện đi về :)),0,0,0.18427087380502055
phận làm trai nào sung sướng gì 😂,1,0,0.2802494554376576
buồn cho 1 đất nước .,1,0,0.21432777214422685
"per 2 con hay cap màn hình nhất thế giới , nói chuyện với nhau toàn cười ỉ 🙄🙄🙄",0,0,0.28959067650390785
hy vọng mọi điều tốt đẹp sẽ tới,0,0,0.19708789760617595
có ai xem đi xem lại như tao mà vẫn cười đéo nhặt được mồm không ạ :)),0,0,0.2393706803885275
cứ thấy nó là ăn không còn xác thì lấy gì chúng kịp phá . nhìn thèm ứ chịu được 😔😔😔,1,0,0.2564770158193875
nản kèo vãi,1,0,0.25093756209988394
vì yêu người khác nên biết là ngu nhưng vẫn làm :(,1,0,0.2090182654645501
nhỏ nhặt nhưng ý nghĩa và hạnh phúc 😊,0,0,0.2111196092710921
chúc trump chuyến bay thật may mắn nhớ tới thăm hà nội nhé xin chào,0,0,0.12769440792378503
chắc kiếp trước gieo nghiệp kiếp này phải gánh thôi,1,0,0.24598071067369448
"ôi mệt quá , một ngày buồn tẻ",1,0,0.4818576656315232
"thôi không níu giữ kí ức xa vời , và chẳng bao giờ thuộc về nơi em",1,0,0.21825726069376486
có cả chiêu của per trong đấu trường thú nè :))),0,0,0.13289573169293334
chẳng hiểu sao tao cười sặc sụa,0,1,0.5383448394953382
địt mẹ đời tao,1,0,0.3381974127305014
đúng là nhân tài luôn ở khắp mọi nơi kkkk,0,0,0.21276409386547496
có tiền chưa chắc đã ngọt nhưng nếu không có tiền chắc chắn là đắng .,1,0,0.17557623781248127
per có thằng bị tao bắn từ đó không thấy họa mi hót nữa luôn,0,0,0.2914985365997002
khuôn mặt đáng thương,1,0,0.25312375614024585
kinh khủng thật :((,1,0,0.28425754563306876
mày lấy sỏi xếp thành tên dume khôn như tao này .,0,0,0.39153495549078066
tao thì muốn là đéo bao giờ . nhưng mẹ tao thì muốn ngay bây giờ 😢,1,1,0.5289824616657651
em vẫn nhớ cái bếp này kkk,0,0,0.18297279132333008
có ai không sợ nhưng giật mình như tao không :) dumehuhonchimen,0,0,0.294294020058922
diễm quỳnh haha em không biết,0,0,0.2610934350195574
clm đêm rồi tha cho tao 🙂 tao đéo muốn chạy xuống dưới nhà hoặc là nhịn đến sáng mai đâu 🙂 con gì thì con kệ mẹ 🙂 đừng nhắc đến nhện 🙂,1,0,0.36756534565022314
"hí hí . tiến sĩ cừu , thạc sĩ cừu ... chẹp chẹp 😃",0,0,0.28274757675094275
chưa khi mô biết cảm giác đi nhởi trung thu với người yêu như răng,1,0,0.22315546704084485
khá quá nhể :))),0,0,0.16787620849033147
tình anh em thật đáng khâm phục 😍😍😍,0,0,0.14628191435978527
ngày trước mình qua singapore cũng vậy . dư hành lý 2 chi em mă ̣ c 4 bộ lên người kkk,0,0,0.2822890989283105
cứ sợ rớt điện thoại :)))) sợ nhất là lỡ khúc nào khó là té không thể tả nổi,1,0,0.2048250989838269
"ôiii vãi , dume nhìn thôi tao đã sợ rồi . từ nhện nhỏ đến nhện to không con nào là tao không sợ :((",1,0,0.28072378695409034
chủ như này lại chăm làm vãi =)),0,0,0.16790269280213777
per nhìn nó gớm những vẫn khoái coi . thú vui biến thái dễ sợ,0,0,0.2141996569370451
âu cũng là kiếp người . tại sao ông trời lại đày đoạ con người ta đến như vậy,1,0,0.27014524838292925
"per hồi học đại học , điện hỏi xin tiền bố , bố ra ngân hàng gửi tiền rồi điện em hỏi stk rồi hỏi "" tên mày là gì ??"" 😭😭",1,0,0.3201960978265663
"tao cưới rồi , cưới nữa cho vợ tao chém tao chết à",1,0,0.44306270759828487
gì mà ghê vậy 😑 sởn gai ốc,1,0,0.21880650805092158
moá . tao muốn chết quách cho rồi,1,1,0.544788918298564
nói thật :)) tao chỉ buồn cười khi chúng nó chia tay thôi :)),0,0,0.2262824547005388
"những hành động đẹp , đáng được trân trọng , và sẽ được lan tỏa ở mọi nơi , thật tuyệt vời 😍",0,0,0.17163633565675823
nhìn mà nổi hết da gà,1,0,0.2481278012030445
:v tới đây đi anh chịu trách nhiệm cho :v,0,0,0.15918262141145925
chúc bạn thành công < 3,0,0,0.19174508195640327
"per lại nhớ chiều nay , buồn cười sấp mặt luôn . :v dù mệt nhưng ngày nào tan làm cũng muốn được đèo đưa đi ăn kem , ăn đồ chua , ăn miến trộn như hôm nay cerrrr :v",0,0,0.42302904422860954
"thấy bảo sang năm được tủi , nhưng mà năm nay vẫn chưa có người êu",1,0,0.275939936737486
"khổ thân người dân , trước dự án cao su là dự án cà phê , làm thêm dự án nữa coi như một đời bỏ phí",1,0,0.28931813669751627
trong mv mà có tao đứng dưới mưa nữa thì buồn phải biết,1,0,0.3900617576415901
đố ai định nghĩa được tình yêu . có khó gì đâu một buổi chiều . nó chiếm hồn ta bằng nắng hạ . bằng mây nhè nhẹ gío hiu hiu 👏,0,0,0.16264104635835053
sợ nhất con quỷ này trên đời,1,0,0.24346842897200913
tự hào ngồi mâm dưới,0,0,0.29760686868451663
10 đứa bạn thì có 9 đứa là con trai rồi . sau nhiều năm kinh nghiệm thì chơi với nhiều trai thì sẽ bị ế muôn đời muôn kiếp . haizaaa ...,1,0,0.3288775057572089
"làm bác sĩ sướng thật , bảo cở là cởi , bảo cưới là cưới . lắc đầu cái là cả nhà khóc .",0,0,0.29238673361816586
đầu mùa chua chua ăn ngon vãi_chưởng . thích vải lắm luôn . trong khi nhà toàn nhãn .,0,0,0.35118839347735803
chị ấy được đào tạo qua lớp người nhện bắn tơ nên không biết sợ 😂😂😂,0,0,0.23078323506841236
xem mà cuối phim thấy tội chị ma nữ 😂,1,0,0.17008375333975265
😐😐 phê hơn lá chuối,0,0,0.20455122801640058
bên đây thấy yên bình hơn nhỉ,0,0,0.17847188478982032
cần lắm những nhà tuyển dụng như vầy :)))),0,0,0.22506959318627257
một giây rung động con tim :))))),0,0,0.21154074075002777
nhìn giống hai anh đang tỉnh tò với nhau ghê ( mình là hủ đừng ném đá nha 😅😅😅),0,0,0.16921274080118023
chúng ta thật hạnh phúc và luôn đi chung với nhau suốt chặn đường dài rồi đó nà ?,0,0,0.14957097608990796
mong bé sớm được mua lại,1,0,0.22010575987806946
sao lại bất công thế,1,0,0.3503383611017408
"một lúc nào đó chúng ta sẽ không nói chuyện nữa , lúc đó có lẽ em thật sự đã buông bỏ được rồi ...",1,0,0.35628860601062107
học xong 12 như hết thanh xuân có lẽ phải bỏ lỡ 1 người,1,0,0.18579252103611088
"cv không áp lực , môi trường xung quanh mới dễ tạo áp lực",1,0,0.30779480560281053
"ngày xưa có đĩa phim này . bố đi công tác về thấy cái đĩa tên là "" cô dâu 15 tuổi "" . má ăn chửi sấp mặt ...",1,0,0.3217937651035402
per bị chì chiết từ 6h sang đến 23h phia . vẫn sống vui 😊😉,0,0,0.3079099103414108
e thắc mắc là cố gắng 1 năm mà rủi ro khách hàng hay bên nhà sx dây không cảm động là ăn cám ạ 😌,1,0,0.29793746572755336
cưng xỉu ~~??,0,0,0.2714343720697078
chắc là uncrush thôi . bố mẹ thì còng lưng ra làm cho con đi học .,1,0,0.2655932509342101
và sếp tốt có thể giúp ta vui vẻ từ sáng thứ hai cho đến tối chủ nhật 😀,0,0,0.14431116654220658
hay lắm chàng trai trẻ,0,0,0.24729409110728165
"đang coi thấy nghi nghi , tắt vô xem bình luận , đoán ngay là sẽ giật mình , nên thôi không xem nữa haha , dễ gì bị dụ haha",0,0,0.4008950270366126
chưa bao giờ b đến đích là gì cả,1,0,0.2662138134955362
không cướp ở đâu đi cướp ngân hàng của nhà nước 🤣🤣🤣🤣,0,0,0.301840047526603
nhiều lúc sợ bị pê đi,1,0,0.4142590030844815
dù thời tiết nóng bức ... nhưng ăn vải vẫn là ngon nhất,0,0,0.2980913004661126
bà tôi giờ mất mấy năm rồi giờ lớn lên rồi mà chả tặng được bà món quà nào cả 😭😭😭,1,0,0.3212474433266492
chỉ mong thương nhau đến đầu bạc răng long . vậy là đủ 👌,0,0,0.2217963361051945
éo biết sai hay đúng nhưng thanh niên này chất .. bản lĩnh bình tĩnh !!,0,0,0.14214067269111433
"fa lâu năm có biết 14 / 2 hay 15 / 2 là ngày gì đâu , chỉ biết là ngày đi làm về và rất mệt",1,0,0.4084473033932851
nụ cười của crush kích thích vãi :)))))),0,0,0.32006650021624516
tao cười tao ỉa =)))))) hâhhahhahahahaha,0,0,0.3097460685039892
cái cảm giác nhìn người thân mình khổ còn mình lại chẳng làm được gì giúp .,1,0,0.4243211379283264
may mình đi làm rồi chứ 10 năm trước chắc sẽ phát khổ với bố mẹ vì mấy tin con nhà người ta như thế nào,0,0,0.3469852871360294
"moá nó , cười đau hết cả ruột",0,0,0.33516854580331273
tuyệt vời quá cần nhiều tấm lòng tốt hơn nua thật là ý nghĩa,0,0,0.20428047153770235
"tên của tao nghe rất bình thương , không có gì đặc sắc nên nhiều khi nghĩ cùng buồn tẹo .",1,0,0.40274732181383793
nhanh lẹ hiệu quả cao 😂😂,0,0,0.12530732074343878
được đấy tao thích,0,0,0.2484505483600682
"chúng ta những tháng ngày sau đó vẫn gặp nhau , vẫn nói chuyện nhưng không phải những cô cậu của hồi c3 nữa . chúng ta đều khác",1,0,0.14997231330439498
tao còn độc thân này :((,1,0,0.4119146956413615
"ám ảnh vãi :)) hồi bé tao với chị tao trên đường đi học về thấy có mấy con ngỗng , thấy hay ra nhìn thử dume xong nó dí tao với chị tao về gần nhà :)))",1,0,0.18893862909680356
"nhiều kỷ niệm đẹp , giờ nhìn mấy đứa nhóc đi học mà muốn quay về quá khứ .",1,0,0.10961804969993871
"chắc ông chồng hạnh phúc lắm khi sống chung với người vợ như vậy , những đứa con chắc cũng yêu mẹ họ lắm ! mà thặc ra là giống với mẹ tớ lắm kkk",0,0,0.25780268191612354
tao sẽ chỉ tự an ủi là đấy chỉ có trong phim truỵên ngôn tình :),1,0,0.24653122242487063
e lên mang câu chuyện này đi thi thách thức danh hài . rất duyên,0,0,0.22720651221671792
per :)))) buồn cười vãi,0,0,0.22796010752603815
"quá đơn rản , bạn thân yêu ơi ,",0,0,0.2229494647794011
"tiêu đề bộ phim cứ ngỡ là thể loại hài , nhưng nếu xem hết thì các bạn sẽ rút ra rất nhiều điều và cái hay trong phim này",0,0,0.14880052657612633
đù . ?????? sợ tụt lol,1,0,0.22468674378989942
trích mà như vầy rồi . sao dám coi phim đây 😢,1,0,0.22542202266873335
dù có nói thích mày thì cũng đừng có tin .. xã hội giờ nguy hiểm lắm,1,0,0.3316150166311401
khi bạn bất cần vãi đời ... làm việc xấu mà cảm thấy thanh thản vãi 😁,0,0,0.15627768425415722
tuyển ngay về làm nghiên cứu viên cao cấp cho các hãng khóa :d,0,0,0.13038826638796525
năm nay chạnh lòng quá . haizz,1,0,0.30475489795920596
bài mà từng nghe khi tổn thương lần đầu,1,0,0.4724046164443342
đang tập hát 😶😶 hay thật 😔😔,0,0,0.20666422102835716
"chồng biết không , hihi",0,0,0.30034170022897266
sẽ hấp dẫn hơn khi dưới sông có cá sấu :)) lót dép hóng,0,0,0.17799021085385847
người lớn tuổi nhiều lúc rất dễ thương 😊❤,0,0,0.22237459104339968
tao thề . nhìn bạn ấy xong tao muốn rụng mấy quả trứng luôn 😓,1,0,0.17800021369135421
tao cừi tao ỉa 🤣🤣🤣,0,0,0.32363780603712883
dù ra sao vẫn giữ nụ cười và sự tự tin,0,0,0.33248539201848604
cưng hết sức nà,0,0,0.377492402847157
sợ đến lúc đó muốn lấy vợ phải sang nước khác nhập khẩu về quá,1,0,0.4018831640265401
"t nghe nói : đi tập gym sẽ có người yêu ...! awwww . điều đó không sai , điều đó là có thật 😂😂😂",0,0,0.16078823282761878
per trung thu chia tay gấu à ? bất hạnh nhỉ,1,0,0.21204935451407603
xem xong hết cái video mà cảm thấy buồn cho cái xã hội bây giờ,1,0,0.22334013995110255
em nó đây nha các bác . kkkkk :))))),0,0,0.10976641039821475
per mày phải thấy may mắn khi cuộc đời mày được gặp tao :))),0,0,0.3207028759471787
anh đánh mất thật rồi,1,0,0.3106382487067786
điện cho đứa bạn . đem mũ ra . coi ai hơn ai . kakaa .,0,0,0.19324929703547636
người yêu tao bỏ tao rồi :(,1,0,0.23847208562705707
boss có bộ đồ ngủ đĩ thõa ghê gớm 😅,0,0,0.2033022783698873
"má , mặt đúng ngáo luôn 😂",0,0,0.2657898620119396
móng của bố tao . hồi trước và bây giờ đã cắt vì lý do . sức khoẻ .,1,0,0.3511073737290068
hồi xưa anh hay bị chửi trẻ trâu này nọ ... giờ anh là tổng giám đốc rồi 😁😎,0,0,0.34202839104314936
trước em cũng hắt xì 1 cái lưng khụ xuống như ông già đau vãi,1,0,0.26510430022922077
hay ý nghĩa sâu sắc 🙂,0,0,0.2808762769738805
yêu quá nè nè,0,0,0.2045067386839778
vỉa hè to thế vẫn còn muốn ăn cả ồ hố nữa hả =)),0,0,0.2167812549663365
ngồi nhiều quá nhìn họ đau mắt,1,0,0.2864233760646597
t chỉ thấy tình yêu của tao nó tan vỡ thôi,1,0,0.15563645862788053
dễ thương quá !!!,0,0,0.18296684134099037
năm nào cũng phải ở nhà trông nhà :((,1,0,0.19122999341298377
nguy hiểm đến với bao nhiêu bất cứ lúc nào,1,0,0.31257814864743333
"có mà bữa chạy ngược chiều trên qlo 1a tại có hẻm nhỏ để quẹo tắt , chưa kịp quẹo bị 6 anh csgt + 1 xe bắt xe tấp vô chặn đầu xe , hoảng hồn cmnl .",1,0,0.36760028229340375
thương anh bạn kia quá .,0,0,0.26536479584620154
trông rợn vãi :)),1,0,0.1828846656397733
giọng lại còn ấm nữa chứ ♥️,0,0,0.25712708441119314
"ngày xưa toàn bị mẹ đánh bằng dây điện , vụt phát nào ứa máu phát đấy . giờ nghĩ lại tự nhiên lại thấy hay , vì ngày xưa mẹ nghiêm khắc như thế giờ mình mới ngoan 🙂",0,0,0.3287703586688066
chắc mình là thánh nguy hiểm,0,0,0.20110236276642504
nhớ lần nấu cơm thần thánh này không ? per chỉ là mải nghịch nước thôi mà …,0,0,0.23874446975169591
cảm ơn bố !,0,0,0.2643408388410868
nháy mắt cũng đáng yêu kkkk,0,0,0.2979414411857776
lãng mạn vãi_chưởng =)))))) 0,0,0,0.18537319313741404
vâng chú ah haha,0,0,0.24243809621939555
tôi cũng muốn được cảm thấy như vậy ??,1,0,0.3482801638811129
đáng yêu quá . chúc ông bà thật mạnh khỏe mãi hạnh phúc như vậy 😍,0,0,0.10019951513729321
nhờ đó mà tôi cảm thấy nhẹ nhõm và trở nên mạnh mẽ,0,0,0.24316832376278147
giun này mà xào thêm ít xả ớt thì tuyệt cú mèo 🤣,0,0,0.35984698371991225
tớ chỉ an ủi bạn í thôi mà :(,1,0,0.48339642855320525
"per giỏi phết đấy mỗi tội nghịch thôi , được cái làm từ thiện nhiều .",0,0,0.27073834241585015
nhưng mà từ giờ trở đi đéo được tiếp xúc rồiii,1,0,0.38792355019371444
"hồi nhỏ thì tao bị cả bầy dí , được fine :)))))) đến khi tao 12 và đi học đh năm nhất , sau 1 tháng xa nhà , về nhà và cái kết là tao không còn bước ra khỏi cửa nữa , n dí everywhere :)))))))",1,0,0.2012638658181163
per gần nhà c ơi . hic hic,1,0,0.3003892172164427
nếu tao được gặp ba tôi 1 lần nửa thì tao sẻ nói con thw ba nhìu lắm . nhưng lời nói này chẳng pao giờ được nói nửa vì tao và ông ấy đã xa nhau mãi mãi,1,0,0.33903731648578533
bố đi đường mà sợ quá,1,0,0.29721271735744587
lúc dỗi thì càng dễ thương hơn,0,0,0.22401089419933337
đm lừa đảo hằng năm cả trăm tỉ . giờ phạt có 5 triệu :))) chán vãi,1,0,0.4412636525827712
"ko nói nhiều chỉ ủng hộ anh per vì thấy thái độ trước tòa là hiểu anh per hoàn toàn chân chất , không có thủ đoạn gì hết",1,0,0.14120955288472833
mình toàn làm ba mẹ buồn,1,0,0.3437494507634782
vui tính quá ?? vừa kết bạn xong ??,0,0,0.23641328769504277
chỉ biết xem và ngậm ngùi lướt qua,1,0,0.21292771258512688
cách tạo nghiệp chướng nhanh và hiệu quả :)),0,0,0.1351818280379256
ký ức 1 thời . nhớ,0,0,0.1915651843499463
chị lỡ mất 1 nhịp tim vì cưng đấy ❤️❤️❤️,0,0,0.2221914750493249
đẻ sao mà cu con đẹp quá vậy trời 😍,0,0,0.27728922182473076
mát lồng lộng mày ạ,0,0,0.2915966629522904
"bỏ qua mấy dòg chữ , nhìn khuôn mặt con bé không thể nhịn cười per :))",0,0,0.20424434357632526
"có ai nhìn thấy giun đang bò trong ảnh không , sợ vãi",1,0,0.24503230028396836
nấu có cháy mới ngon :)) còn nước cơm hoà với đường thì toẹt vời,0,0,0.2152021460367305
chắc thôi tao đéo ra đường luôn :))) sợ vãi,1,0,0.2809985370783275
khi nào tao thấy thích . mà thích rồi chưa có người thích cùng .,1,0,0.2928998123533786
gắn bó thời sinh viên á !,0,0,0.2527295684118356
bà ngày xưa đẹp quá ❤️,0,0,0.2148036889086362
buồn vì mình không giúp được gì cho ai . nhìn những người khác khổ hơn mình mà thấy thương họ,1,0,0.17074364327100008
tao cũng vậy nè . lắm lúc đi với chồng mà cứ hỏi bên này bên phải nhỉ bên này bên trái nhỉ . mệt mỏi,1,0,0.3996009179151923
haha con mấy cái video toàn đóng vào mỏ nhau không . cười tụt quần 🤣,0,0,0.29983439456094585
ui đáng yêu gheê,0,0,0.23143271841363558
rồi đất nước mình sẽ đi về đâu .:'(,1,0,0.2624093611901546
"chắc tại từ nhỏ tới lớn mình "" man "" quá nên không gặp được gã nào ga lăng dư này :(",1,0,0.32830910643246003
đang thất tình mà dume cứ bắt đi bán xoài @@,1,0,0.2458055731839343
"per may có con bạn đang giảm cân nhưng nó hiền , nó sẽ lao vào ăn cùng tao chứ không tát sấp mặt tao như vậy , phải không ?",0,0,0.4042502411950544
hồi xưa làm fanpage được gạ kèo 7 triệu nhưng nhất quyết không bán . cảm thấy quyết định đúng đắn nhất trong đời,0,0,0.2377643780929865
ụa cho fa đọc chi rựa huhu,1,0,0.2208529461666637
tao coi tao sợ nó lọt quá bây,1,0,0.3840983963939574
các bác dẫn crush qua cây sữa nay mà hứng nước đái ve nha haha,0,0,0.22247190915693588
nếu để ý kĩ thì lái tàu có thể bước xuống và kéo đường ray qua một bên rồi cho tàu bẻ tay lái một chút là cứu được cái xe . tiếc cái xe quá,1,0,0.26903383703429573
buồn vương mi !!!,1,0,0.22974065709366837
chuyên cơ tt quá đẹp ! bao giờ má mua được chiêc như vâ ̀ y trơi ̀ !!,0,0,0.21686533263688818
chắc chắn bố của bạn này là một người vui tính chứ không phải khó tính . khiếu khôi hài bạn ấy ảnh hưởng từ bố .,0,0,0.24970035933176044
tuổi thơ bất hạnh .. học mẫu giáo mà cạnh trường học là 1 bầy ngỗng . sáng nào tao cũng được chạy bộ tập thể dục nhờ bọn nó,1,0,0.262845208812218
thấy anh đấy làm tùm lum mà con nhện vẫn đứng im là tao biết có chiêu rồi . định gạt anh ak,0,0,0.16295722399597218
per đi bộ ở trường về thì dcm nổi ám ảnh đúng giờ tao về là dcm nó ra nó dí ngày nào cũng dí chạy cái luôn,1,0,0.3118539854819531
"per sợ chưa , ông bác hơi bị cứng nhé :))))",0,0,0.17044055084777784
tiếc quá đẹp trai mờ không có chim,1,0,0.17660744156135674
bài viết hay quá !,0,0,0.17772124041472745
cái nay nhận ra lâu roài . mà đi làm toàn gặp đồng nghiệp đáng yêu hi,0,0,0.10134615143878524
lại được làm thêm quả nhà nữa . ngon,0,0,0.299791918703961
"coi 3 lần mà vẫn cười , phim hay nhân vật dễ thương",0,0,0.15443789050075912
bản thân cố gắng cũng chẳng dễ dàng gì :((,1,0,0.4438702654029814
coi phim này xong thì nhỏ bạn tao bắt chước giống vầy với crush nó . sau đó thì ... à mà đéo có sau đó nữa :v,0,0,0.23303785533025773
nó cười với người khác chứ * beep * phải tao :((,1,0,0.41517135222505547
"mong là bố mẹ mình không đọc được tin này , sợ vãi",1,0,0.3137143792874878
"còn tôi thì lại khác , thanh xuân của tôi chả có bây giờ gặp được aiii và hạnh phúc bền lâu cả :(",1,0,0.27628458966310804
mỗi phút bên em thật tuyệt vời . chỉ em mới cho anh cái cảm giác đó,0,0,0.23970324027285994
"trước đây mình không thích xem phim việt , nhưng mấy năm nay phim việt chiếu phim nào cũng hay . tự dưng không thích xem phim hàn quốc nữa .",0,0,0.15774741197041015
khoảng gần chục năm về trước thì còn vàng trắng .... giờ thì bán còn không đủ không đủ để trả công nữa là,1,0,0.4001598424143331
đứt quả chuối trong mồm . đéo dám nghĩ kết quả lun,1,0,0.28739205091053915
tao kìm nén lâu qá rồi mà 😌😌 tức nước vỡ bờ thôi,1,0,0.2095045381230443
đúng cát bà rồiii ~,0,0,0.18682715885944476
"đến lúc yêu nhạt cực :) tao thề ! kiểu chán chán , muốn quay về đơn phương hơn",1,0,0.27191196576654963
"những thứ tưởng chừng như rất đẹp nhưng kbh được trọn vẹn , cuối cùng để lại chỉ là những kỉ niệm đã từng :))",1,0,0.15952775260715504
"chuẩn , thấy đa phần nam chính vẫn được lòng hơn .",0,0,0.1960668610349762
đi làm quán nước mà mỗi cái bịch nay long đựng ống hút nó cũng xé nhỏ ra rồi để bay tứ tung đi quét đã muốn lòi lồn,1,0,0.29659698125798023
sởn gai ốc với chị ấy,1,0,0.2546035691456018
chủ kiểu lol gì đáng yêu vãi ?? :)))),0,0,0.11797068633100419
"lúc trước ông với bà tao cũng thế , bây giờ thì ông bỏ bà đi trước rồi .",1,0,0.24857729042142593
hôm nay bạn đi làm . tiền đâu mà mua 😌,1,0,0.1606667772931363
dễ thương vãiiiiiiiii,0,0,0.14668706264522366
dume nó hết con mẹ nó hồn ....😭😭😭😭,1,0,0.3139805091054089
còn tôi tự nhủ dù lớp học tự ý bỏ về hết tôi cũng phải ở lại học đến tiết cuối cùng . hết giờ tôi cứ ngồi đó rồi từ từ bước chậm ra cửa ngoái đầu nhìn lại .,1,0,0.45803237844441325
bạn trai thì chưa . nhưng mỗi lần thằng bạn nó cắt tóc cạo râu thì auto nhìn đẹp trai,0,0,0.2312810856106923
ngày đi học . có lúc đang ăn cơm . bố hỏi . per năm nay học lớp mấy rồi con ☺ t không hiểu bố tao hỏi cái gì 😭,1,0,0.39655810252776874
lớp 5 mà viết kiểu này cô đánh gãy tay .,1,0,0.2646322381239833
đi chơi xong về cũng buồn như chó cắn tiếp thôi,1,0,0.46680787677107766
dume cười vãi luôn trời :)))),0,0,0.23150322495135456
còn người yêu tao : một hơi có một anh đẹp trai bay lơ lửng rồi ôm lấy em khi em tắm :(((,0,0,0.27455114060250496
hạnh phúc là đây chứ đâu =))),0,0,0.1689479043627821
và cứ thế tôi khóa lại 3 năm thanh xuân tươi đẹp của mình :),0,0,0.2549405451977733
sáng nay mình cũng gặp 1 anh công an dễ thương lắm,0,0,0.26417708597487105
tất cả đã đều quá hoàn hảo rồi . trừ pha nhảy cuối thôiiii :v,0,0,0.27358083159198804
per :)) chắc giống cảm nhận của ông lái oto hôm qua,0,0,0.1587259228656493
hãy nên trân trọng những người bạn như vậy .,0,0,0.23391231036049454
ngoài mấy phim về vật lý ra thì phim nào của ấn cũng có những ý nghĩa sâu sắc .,0,0,0.20041767373212185
cuối cùng per cũng thành công rồi nha per nha,0,0,0.17062824813842628
cũng thơm mà . kì thị quá à .,0,0,0.3819226016242756
hình vui mà sao đọc lại muốn khóc nhĩ ...,1,0,0.2805860650990507
"per thể loại mới nè , có vẻ phê",0,0,0.21396007810139783
bạn này yêu bố nhiều lắm mới vui vì bị bố mắng . chứ ai đời bị la mắng mà kể lại cho người khác nghe mà vui đến thế,0,0,0.35229352830744487
"tình đến , rồi tình cũng điii 🙂🙂🙂",1,0,0.20625017379665855
mấy má đang có kinh rồi mặc áo đầm nhảy qua thì nhuộm đỏ 1 dòng sông cmnl 😳,1,0,0.38936448392938017
ủa là đụme video hài hay deep vậy . chớ tao thấy buồn cười vãi vì nhây đéo tả được :))),0,0,0.1509098261830795
thanh xuân rồi cũng sẽ qua có những người trong ta mãi chẳng thể xoá nhoà !,1,0,0.310001751330681
cậu bạn mẫu giáo năm ấy chép bài cho tao để tao khỏi bị thẻ tay giờ đang nơi đâu ???,1,0,0.18464005120102636
nhà thì không xa lắm nhưng chưa bao giờ đi vì sợ bị đè bẹp luôn người =))))),1,0,0.1804042737484227
"từ nhỏ tới lớn đi học toàn ngồi chung bàn với nam , toàn phải đương đầu chiến đấu với vạch phấn chia đôi bàn ghế . 🤣🤣",0,0,0.20967807716484946
buổi tối vui vẻ và ấm áp nhé đại kỷ nguyên ! tương tác cho hằng khỏi trôi bài nhé !,0,0,0.10644891951131799
họ hành động quá đẹp,0,0,0.16987155695761366
rất chuẩn hãy sống làm người cơn luôn luôn co hiểu thảo với cha mẹ của mình nhé moi người ơi,0,0,0.19543953017820587
nói chuyện yêuu thế đmaaaa ??,0,0,0.33696509629171056
anh thích em rồi đấy 😂,0,0,0.19210109033936654
tội quá ! nuôi mà không chăm sóc,1,0,0.3464596191546358
3 thằng ngốc . xem ý nghĩa lắm,0,0,0.25791812023504596
"có người cả đời ăn không hết lại có người thiếu ăn , thiếu mặc nhìn chán đời vãi",1,0,0.23479284459733274
người tài như vậy lại không được sử dụng đúng mục đích … quá buồn,1,0,0.27861442923943663
t đã cố tình che mặt nhưng vẫn giật mình,1,0,0.3485193881263209
khi nào đón bé về nhà nhớ chụp đăng lên cho bọn tao coi dung nhan thằng bé nha :vv,0,0,0.12780305326506378
haha cứ lên xuống thấp thỏm kìa ..,0,0,0.3402559883302443
tao chả nhớ ngày tháng năm sinh của mẹ tao và ngược lại :((,1,0,0.33099488363467255
có tiến bộ ! kkk,0,0,0.2928452977771095
ngày buồn hôm ấy tôi cũng là người rời khỏi lớp cuối cùng .!!!,1,0,0.3392775481358991
vâng ah nên em cũng sợ quá mà :-),1,0,0.2851967913972067
cái mặt xinh quá,0,0,0.32235260090911116
tao toàn bạn gái mà sao vẫn tưng tửng nhể ???,1,0,0.16372207003306974
xong bỗng nhiên một ngày mất hút không để lại 1 hạt bụi,1,0,0.22929526282133622
một nỗi buồn thầm lặng,1,0,0.43841436328854005
cưng nhỉ,0,0,0.24668477654916618
"năm nay mua cân na về nhà ăn dần , tối ra đường xem chúng nó dẫn vợ thằng khác đi chơi ... kaka",0,0,0.3603984817800389
bà ma nữ nhập vào nv chính thấy dễ thương dã man 😍😍,0,0,0.25125802878492237
nhớ thời sinh viên 😃,0,0,0.11396000067109367
"cái ông này mới xem thì thấy bình thường , mà càng xem lại càng đẹp trai 😂",0,0,0.18309060536409907
dù cậu làm tôi tổn thương mỗi ngày nhưng chả hiểu sao vẫn thương cậu,1,0,0.4623690522106096
làm phục vụ xong 4 tháng đi hà nội 1 lần chỉ để gặp người yêu xong giờ thì mới biết là nó cắm nguyên cây sừng lên đầu mình,1,0,0.2404348110225553
buồn quá buồn,1,0,0.32267521443613034
còn gì đau xót hơn 🙂🙂,1,0,0.18260599393254198
đơn giản nha .. cơm này ngon hơn cơm điện nhiều . không tin thì cứ thử,0,0,0.23320299311071732
tội nghiệp thằng bé :)))) chúng mày bốc đâu mấy cái thẻ hay thế ??? :v,1,0,0.1417615438493042
"và sau mùa vải , tàn dư còn lại là những nốt mụn 😌😌😌",1,0,0.2535791407808066
haha thì ra trên đời này tao không cu đơn đâu đó vẫn có những đứa con ghẻ như tao cùng bắt tay chào hỏi nhau nà,0,0,0.3299569849547627
per haha cái t2 hợp với em nè ;)),0,0,0.24087272876784074
hết tiền rồi này,1,0,0.22363316943661968
"tại giống nhau quá , nhưng đừng như người ta nha , nghĩ đến tự tử các thứ chẳng có gì là hay cả",1,0,0.3243444606610897
chợt nhận ra mình yếu đuối như một đứa con gái vậy 😢,1,0,0.14780420707231434
buồn nhỉ 😴😴😴,1,0,0.2244375308773195
tuổi thơ cũng từng trải qua nhiều lời cay nghiệt hơn vậy .. nên c hiểu được cảm giác của em ..,1,1,0.620458586958438
muốn nhanh thì cứ phải từ từ =))))),0,0,0.30362899180014913
cái giọng anh quay phim nghe ngọt quá 😘😘,0,0,0.08391575112136115
khiếp ăn tạp chẳng chết,1,1,0.5042232367325714
lại là án oan sai 😔😔😔,1,0,0.2854484595066339
cũng muốn vứt giày cũ nhưng lại không có tiền mua giày mới . đành chấp nhận đau chân vậy,1,0,0.255797946494803
thế mới làm nên nghiệp lớn chứ,0,0,0.19410681624704337
chưa bao giờ được nge câu này 😞,1,0,0.3584213489652662
chả có tiền mua 😩😩😩,1,0,0.2125810052705549
"thời thanh xuân tôi từng yêu quý nét hiền thục của chị hiền mai . và đúng như cái tên hiền mai của chị , tên và tâm tính đều đẹp , hiếu thảo khó ai bằng . em xin chúc bác có thêm nhiều sức khoẻ để chị có được nhg tháng ngày hạnh phúc , ấm áp bên mẹ ạ .",0,0,0.31056405886296906
nói gì thì tụi bây cũng không tin đâu ..😌😌,1,0,0.4223883085738544
"thật tốt vì chú chó ấy đã tìm được người yêu thương nó , kiên trì để nó tin tưởng thật sự :"">",0,0,0.15831910787501138
đkm lại diễn rồi pr cho game aumobile chứ gì tuổi lol qua mắt tao =)),0,0,0.15255463142748016
"công nhận năm nay tiến triển hơn , đợi 2 bà chị đi hẹn hò về còn có scl mà ăn ké :v",1,0,0.23702206803823977
đoạn cuối hình như nó khóc,1,0,0.2381655412869198
em hết ngáo rồi nha =))),0,0,0.1283663188214881
chỉ là muốn cạnh mà chỉ có 2 người . nói đủ chuyện trên đời dưới biển rồi đi vào giấc ngủ ngon . vậy thoii,0,0,0.35878765506437865
ngồi cười như dại =))),0,0,0.25281782146736015
nhiều khi cũng muốn chọc cho người yêu giận nhưng mới nhớ ra mình đéo có người yêu 😌,1,0,0.3314551231747784
tag vô cho xem mấy đứa xấu tánh thôi chứ ghệ anh tánh cực kỳ dt,0,0,0.21152762808837702
kiếp trước sống lỗi quá nên kiếp này nghiệp quật :((,1,0,0.2334012246354702
"một đời chẳng mong phải nhà lầu 4 tầng , xe hơi hàng tỉ , chỉ mong người đàn ông đi cùng mình đến cuối đời sẽ luôn nâng niu yêu thương mình 😊",0,0,0.4679040360001362
t nhận ra mình đã sai,1,0,0.3574909808185721
"tại như vầy nên bố tao không cho đi cùng . cụ bảo có năm còn lăn cả xuống ruộng , trèo lên mái nhà của người ta để đi ??",1,0,0.25914904109248516
per tạo hóa thật đáng sợ :))))),1,0,0.27864294924086164
"những việc này , mang lên đây chả giải quyết được gì cả .",1,0,0.2560520056621163
đọc cái mà cười rớt cả hàm .... cuộc đọ sức giữa xe lửa và ô tô,0,0,0.3891748177689746
mấy con yêu nghiệt ngày xưa nội có nuôi 2 con cứ ra đằng sau là nó dí chạy muốn tuột mẹ quần 🙄🙄,1,0,0.3364255770786678
kaka cái mặt bà kìa,0,0,0.2712246506875914
con bé cưng gì đâu . vk ơi anh muốn có cục bảo bối như vậy per,0,0,0.2506845369012181
"thật sự mình rất thích bạn này , xem phim mỗi tập cứ canh đúng cảnh có bạn ý , dễ thương quá 😗😚😚😚😚😚",0,0,0.1721673205862945
má tao xem mà lo thằng quay phim tét không à ? có ai như tao không ?,1,0,0.24264430990543673
"đúng mất vài giay để nói lời yêu thương , nhưng phải mất cả đời mới chứng minh được , cháu rất ngưỡng mộ ông bà !",0,0,0.33996420460533205
"dù thế nào thì anh tôi luôn bất hạnh , ai khóc cho anh khấc tôi đây 😢",1,0,0.3867137210178532
có đứa nào xem mà thèm đi biển như tao không ?,0,0,0.344357484606388
nghe nói dạo này bạn dưỡng da để kiếm người yêu per,0,0,0.17437807963936455
per trai hay gái thì vẫn thấy tữn như thường kk,0,0,0.16518786627164211
"ngày xưa nhà nuôi mấy con điên này cái giọng thì đã khó nghe thì chớ suốt ngày ngoạc ra , hễ về đến nhà là thấy giọng bọn n đầu tiên . xong cho ăn , rõ ràng là cho n ăn đàng hoàng mà đến n + 1 lần bị n mổ với đuổi bợt mạng . chốt là tao ghét cái bọn nì dã man . ám ảnh cả 1 tuổi thơ :(( cái thứ yêu nghiệt .",1,0,0.3186961003587091
hổng gặp cái buồn luôn ><,1,0,0.1906496408791421
"đừng nên thích mấy ông anh cơ bắp , sợ lắm 😆",1,0,0.2044864215898477
"chấp nhận đau khổ , để đổi lấy hạnh phúc , mà tìm mãi hạnh phúc không đến thế mới đau em .",1,0,0.2588995085729074
"đần mặt ra nhìn nó y như con ngu , còn cười theo nó nữa , xong bị nó phát hiện .",0,0,0.2818861785278639
"tập thể năm nay lại làm mình tiếc nuối từ thành viên đến gvcn :,((",1,0,0.25384872448388274
mai đấu giá thử cai lap cua mình chứa toàn tài liệu tiếng nhật 😂😂,0,0,0.2480454407725328
làm công nhân đã bị vắt kiệt sức khỏe cho đến khi bị thải,1,1,0.517976395944881
hồi đó tao lấy cái đó kẻ tập luôn kiểu làm màu mè cho đẹp xong lên trả bài bị bà cô trừ điểm ????,1,0,0.19606241220244447
"con nghiệt súc này mỗi lần tao đi đá bóng là 2 vợ chồng nó dí theo cắn bầm hết chân , thứ này thù dai kinh khủng , chiều nào nó cũng khởi động cho tao trước khi đá bóng ... con mẹ nó giờ tao lớn rồi , tay nghề nấu nướng cũng không tệ gặp mà dí theo là xác định tao quay nó vàng ương luôn =]]",0,0,0.3210422738710753
"hút điếu cần xong nhìn nó ăn mà muốn phá cái tủ lạnh vô dụng của nhà mình quá , đéo đủ sức đựng thịt bò toàn rau .",1,0,0.46513274718556463
cuộc sống mà đành chịu thôi =(((,1,0,0.39152213765576727
"có rồi mà , nghén rồi nè hihi",0,0,0.26358093093257984
"và mày chỉ cần lùi về sau , như ít quan tâm và nhắn tin lại mày sẻ cua được crush 😎😎",0,0,0.34259603356895046
cặp nay dth ghê luôn 😍,0,0,0.19091084838890185
thương thương con =)) yêu ghê cơ ý cái mẹt hờn dỗi,0,0,0.1485193037406054
"ngày chia tay , chúng tôi đã ôm nhau khóc",1,0,0.25421596502258514
đứng dưới cây này chỉ sợ ngột vì mùi hoa sữa 😂😂😂,1,0,0.19231324957148524
hãy cảm ơn vì chúa đã ban em cho chị 😂😂,0,0,0.20691012416029098
"ước mơ của tao , thích vẽ lắm luôn , nhưng mỗi tội vẽ xong cho lên màu thì lại tệ 🙄",1,0,0.2901022033718455
23 năm rồi tao còn chưa được đi chơi với bồ trung thu lần nào cả :(,1,0,0.33267249978995683
ngọt hơn cả người yêu haaaaa,0,0,0.21207514227414775
em chưa có người yêu . có ai yêu em không . em cô đơn quá,1,0,0.26281424949979454
có gặp cũng đéo dám ngẩng đầu lên nhìn,1,0,0.32354367271948
rớt giá kinh khủng khiếp huhu,1,0,0.33574259733835576
huhu đéo muốn đi học đâu,1,0,0.41079873826438656
anh vui thì anh ngồi thôi ... chú cự để mặc anh . :v,0,0,0.22677561103756913
tiếc là 23 cái xuân rồi chưa gặp được em . có ai giống tôi không,1,0,0.2846478414517744
per mi phải học con nay bán hàng lai chim mới chạy hàng này,0,0,0.2579593157947008
công nhận sáng tạo thật đấy,0,0,0.18616554671596675
tự nhiên mình lại không muốn làm single mum nữa -.-,1,0,0.4243448033371602
cắt tóc xong rùi gội đầu xong tóc còn ướt ý nhìn đẹp trai lắm luôn ý,0,0,0.2732105351595765
tao thấy đéo có cái gì để tao cầm được cơn cười cđcm nó ! :)),0,0,0.27195687926208717
tội quá . thương em,1,0,0.34987721286594364
tình yêu là sự mù quáng mà hix,1,0,0.18749806667287247
dòm sợ thiệt 🤐,1,0,0.24859970346697224
hicc thương em,1,0,0.32460909226587437
"cảm ơn các em , tuổi học sinh lắm nghịch ngợm nhưng có lòng yêu thương con vật nhỏ bé đã giúp bé cún được sống 😘😘",0,0,0.24450171115441766
t cũng buồn lắm chớ bộ 😓😓,1,0,0.2688239672657583
per nhớ hội chị em vinmec quá :((,1,0,0.1739138956137625
"đi viện mà tưng tưng ăn uống được là tốt rồi , mừng mày sớm ra viện nhé cô",0,0,0.23990120112838098
ngày bé nấu hoài không chín . tức rủ mấy đứa ra đốt cả đống rơm nhà hàng xóm,0,0,0.2530134297407779
nếu không gãy đó la 1 bài quyền đẹp rồi :((,1,0,0.12443060125572121
ý nghĩa và đáng suy ngẫm thật,0,0,0.29507332148546034
"bố bạn ý chửi nhẹ đấy , bố mình chửi là chỉ mong đầu thai vào nhà khác 😬",1,1,0.5146256867340093
nhớ gia đình nhỏ nhiều lắm … mà không được về thăm,1,0,0.26776581449850523
coi xong đoan này . tao thấy nhớ nhà vô cùng 😭,1,0,0.23920455319514602
chuột nhìn thấy mèo sợ là đúng rồi =)),0,0,0.15647342160348404
nhìn rợn vãi,1,0,0.20434805725554972
per thịt nướng lò xô ne ăn z mà không chết 😎😎😎😎,0,0,0.4406592206561755
nhọc lòng :(((,1,0,0.21233415423570876
a per doi dap rat tuyet voi . chuc anh thanh cong trong vu nay .,0,0,0.20600989074369216
chỉ mới hỏi về người khác giới cái là bị gán là thích bạn đó luôn mí sợ :(,1,0,0.395221090116625
trò này cũng nguy hiểm chết người đừng đùa theo mà mang họa,1,0,0.27263998875869716
ai như tao nghe tự nhiên thấy ấm lòng vãi không,0,0,0.40799924989995695
ỏ đáng yêu =))),0,0,0.1091599884164612
"mình nghĩ sẽ không bao giờ là một thương hiệu quốc gia , là khát vọng về cà phê vn nữa ...",1,0,0.3695305236576258
nhẹ nhàng bay lên và hạ cánh thất bại do lổi kỹ thuật,1,0,0.271475472974339
"cưng vậy trời , anh cho em xin ảnh nha ạ",0,0,0.22361734943910527
chuẩn không can chinh,0,0,0.20587024442699128
nhưng kp cười với mày đâu :) ảo tưởng vãi,1,0,0.46460406217856376
mua con lợn 50k được lì xì 40k . ok em ổn,1,0,0.27345305847494394
ra vậy . nguy hiểm thật :(((,1,0,0.19866265306662995
khổ tâm ghê =)),1,0,0.1569075524834117
"giả bộ vô tình gặp nhìn lén rồi đi , lại còn tìm hiểu cả gia phả người ta nữa chứ ... một thời ngu ngốc đáng yêu .",0,0,0.24779001108418777
có ai chỉ tự yêu bản thân như tôi không :(,1,0,0.3720624064364888
per hẹn xem phim này nữa nha mày 😛,0,0,0.21981178059577955
đau ghê,1,0,0.21770838377966156
dễ thương vầy :>,0,0,0.21027469904203042
rất nguy hiểm nhé nhảy không qua là xác định dập mặt,1,0,0.3127088910058694
ha ha ....,0,0,0.24566815097280886
nhiều lúc ngáo ngáo thoải mái đến mức người yêu cũng đéo bằng nó và đến khi nó thổ lộ tình cảm thì tao đéo tin :v,0,0,0.27975535959777353
phải tao tao vứt luôn xe ??,1,0,0.26326552566595735
là con bé con điên khùng và phiền vãi nhưng bạn vẫn yêu nó vãi chưởng :)))))),0,0,0.18614411896056826
"mong ai đó sẽ không nghe được bài hát này . xin lỗi , ngàn lần xin lỗi 😢",1,0,0.3697260385986829
chuẩn đét . t nghỉ công ty cũ cũng vì đồng nghiệp 😭😭😭,1,0,0.19644121992330804
ủa mắc gì gỡ fan cứng của em ? huhu,1,0,0.1988196735332535
chả bù cho con ml này . đợi mãi không thấy nó về . hy vọng em không bị bọn xấu bắt lên dĩa là tốt rồi :(,1,0,0.19541324831356385
má cười ỉa luônn,0,0,0.3634893120605562
từ lúc đấy tao không ăn được các loại thịt ngan - ngỗng - vịt lun 😞 ám ảnh vãi,1,0,0.3019342170152129
nhớ nhé đồng nghiệp haha,0,0,0.09408691816032688
cứu em nó với,1,0,0.46627411727144835
đã nguy hiểm vậy sao không hủy mà bán 0 . 0,1,0,0.1699174861212795
ông mặt trời dễ thương hha,0,0,0.2629354759361297
không hiểu sao xem đi xem lại bao nhiêu lần vẫn khóc được,1,0,0.35038609056484465
kiểu em sai rồi . a xin lỗi em đi 😂😂,0,0,0.3640148939438605
gáy sớm để làm gì cơ chứ haizz,1,0,0.405306983809977
đái mẹ ra quần ??,1,0,0.33800773847563825
đọc xong nước mắt ứa ra,1,0,0.27034966721752174
tao cũng hay sử dụng chiêu này và bọn đàn ông vẫn cứ bị lừa ????,0,0,0.15232737403156346
dễ thương mà,0,0,0.20164226414655428
per anh tải cái này về cho per học nè . thú vị ghê,0,0,0.1549566062471642
"cố gắng lên mọi lỗ lực và công lao của em sẽ được đền đáp một cách thật là sứng đáng , cố gắng lên em nhé 👍",0,0,0.31898114453119736
nhưng nói thì cứ bảo hay than thở 😢,1,0,0.36049587145485434
nhìn quả mặt của nó thì tao công nhận thất tình thật đáng thương ?,1,0,0.18240896041565388
đằng này họ nghĩ tao muốn giết người rồi chửi tao bị thần kinh rồi cho trôi qua mọi chuyện,1,0,0.44488486553204387
"chân ta cũng là chân đi và giờ bị đứt dây chằng , nằm một chỗ đợi mổ rồi mày . đồng cảm vãi",1,0,0.29278103055767646
xấu mà đáng yêuc quá,0,0,0.13951076500531434
thế nên bán hàng có tâm là đừng bao giờ nài nỉ khách mua thêm vì biết đâu bạn vô tình làm cho nỗi đau của họ trở nên tồi tệ hơn .,1,0,0.481515092026442
dưới cái nóng 40 độ ngày hôm này xem video này xong thất mát lòng vãi_chưởng :)),0,0,0.17987629027477822
"cái thứ ba , trời nhìn mà rơi nước mắt thay cho luôn công cả một mùa mà đi tong chỉ vì một trận mưa",1,0,0.32047416057005806
"thấy bình sữa của em thấy ham quá , chị sinh em bé chả có sữa gì hết .",1,0,0.22062148019480518
nhiều lúc buồn đến nỗi coi những vid thế này . đéo thể cười nỗi .,1,0,0.4268138986707023
sư phụ giả vờ ngã để thử lòng các đồ đệ và cái kết ngã sấp mặt luôn 😢,1,0,0.19587186917859528
đéo có người thương để mà làm ấy chứ :(,1,0,0.3160635730401335
"đồng nghiệp tốt , chị em tốt đi làm như đi chơi :)) chứ làm cùng với mấy con mlz đáng sợ lắm :))",1,0,0.17132713584776374
rồi khi mày có 1 ít tiền :)) mày mới phát hiện ra còn đéo cả có người đi cùng cơ,1,0,0.359074630178184
các b học sinh đáng yêu quá,0,0,0.10977227913405274
cuộc đời bà đã nấu hơn 50 nồi bánh chưng rồi nhưng bà chưa bao giờ thấy ai cắt tóc ngắn đi mà xinh như thế này các cháu ạ .,0,0,0.2902857957256567
đây là một câu chuyện buồn không chỉ riêng tao,1,0,0.2166657670282271
"cảm ơn nói chuyện nhật ! 1 nền khoa học , giáo dục , trí tuệ văn minh !! 😘",0,0,0.22657132959074874
bạn có bố thật hạnh phúc,0,0,0.1809423682582122
"per trong vòng 4 tháng chắc anh chụp hơn trăm tấm , huhu , sợ quá 😱😱😱😢😢😢",1,0,0.30025397600485226
chuỗi ngày tủi nhục cũng từ đó mà bắt đầu,1,0,0.407451997082525
hàng xóm cũ của tao cũng thế may mà bà ý chuyển nhà rồi 😃,0,0,0.36599276808576403
không biết vì sao họ vẫn cười nhưng mình thì khóc ...,1,1,0.5243928316721181
"đúng vậy , có họ ở bên cạnh nuôi nấng ta từng ngày đã là quý lắm rồi",0,0,0.2061778643388221
5 năm nữa tao phải đẻ được 3 đứa 😂😂😂,0,0,0.2769281240853849
ôi cưng cưng quá,0,0,0.30084396321815865
dù s đi nữa thì mày vẫn xinh . cố lên,0,0,0.2999249051619223
hay lắm :))),0,0,0.15530482125740674
buôn bỏ nhưng tình cảm ko thuoc về mình nua . bat đầu kiem tiên,1,0,0.4112181067218684
nó cười mà muốn rụng tim 😂💔,0,0,0.256091669107131
"vì luật áp dụng đối với vụ án phân chia tài sản trên 4 tỷ thì mức án phí là 0 , 01 %. suy ra vụ này trên 8 nghìn tỷ thì mức án phí là 81 tỷ là đúng rồi .",0,0,0.39092618636112714
"per đi làm với c mình vui hết xẩy , trừ những lúc khó tính :))",0,0,0.16129939385436554
1 thời gắn bó với nó . nhớ lại ngày xưa cực khổ,1,0,0.35820147459929874
per nên mày hãy yên tâm về mấy con nhện nhé :))),0,0,0.2133935449561481
:) cảm giác đó đau lắm các mày ạ,1,0,0.4358372890174074
đề kháng của tao với mọi loại thính rồi cơ 😂,0,0,0.2206133603233494
cái này ghê vãi mày sẽ hiểu cảm giác khi nó lún xuống 😅😅,1,0,0.35452316269254747
🤣 lau mặt bằng quần chíp của vợ à ?,0,0,0.39078345571574413
mất rồi có lấy lại được đâu :)) cái gì nó cũng chỉ là quá khứ,1,0,0.26595743325678445
quay vào ô mất lượt :)),1,0,0.20619139634684303
:))) có thật nhiều tiền là vui,0,0,0.17166075210466242
mình rất rất muốn đi nhưng trong túi kô còn xu mẹ nào vân kiều ơi,1,0,0.3943936992346365
các bạn trẻ ! người lớn có thể nghe thấy tiếng chó kêu mà không hành động gì để cứu vớt . các em thật đáng khen . cần những bạn trẻ nhân ái như các bạn .,0,0,0.1488797438379733
"em đỗ 6 trường đại học ở mỹ , còn hàng trăm thằng đổ em luôn rồi đó , em biết không . trong đó có anh 🤪",0,0,0.3245292379003693
thật đáng khâm phục các bạn ... chúc các bạn gặp nhiều may mắn trong cuộc sống ...,0,0,0.2380195382670875
phim cực hay và cực cảm động lòng người,0,0,0.23102960442381537
chai này mới ghi được nhìu chữ kkk,0,0,0.33360093631514337
per cố đợi đi nha để em mua bảo hiểm cho anh 🙂,0,0,0.15567844404365466
"có ai nhìn thấy hình như người đàn ông này đang rất đau khổ không nhỉ ? mình nhận thấy hình như ông ấy đang rất đau khổ , mà không thể or không muốn nói ra .",1,0,0.3258104462860745
per đáng sợ quá,1,0,0.3551788720223437
tao chỉ lên ngắm cảnh tí xíu mà mày cũng dìm tao :)))),1,0,0.2702404266917204
chúc mừng,0,0,0.1652918171603789
thằng hack game nó gặp trùm cuối rồi 😭😭 truyện đến đây là kết thúc sao 😭,1,0,0.2988105719569885
"đang tính đi nhổ răng khôn ( à quên , nó ngu chứ khôn đéo gì ..) nghe được cảnh báo này chắc không dám đi nhổ luôn .",1,0,0.2495091720824842
hú hồn con chồn chạy ngang 😑,1,0,0.21167702349595027
đây là bạn tao . =)),0,0,0.11988129193809095
là mỗi buổi sáng thức dậy ta có thêm 1 ngày mới để yêu thương ❤️.,0,0,0.14911362978862394
đáng lẽ bệnh của tao đã không nặng đến thế,1,0,0.47854918377703753
tự nhiên nhớ cái cảnh 2 con bánh bèo bị ngỗng dí quá 😅😅 per,0,0,0.2345816112706551
🤣🤣🤣🤣 bo tay chấm cơm . hahaha,0,0,0.3149834366320223
và từ đó bà cụ sống trong hạnh phúc :)),0,0,0.266135218880642
"cmt buồn cười vll , nhớ mình cừng có kinh nghiệm chạy ngỗng :)))",0,0,0.14495616914781467
chưa bao giờ nghe ngươ ̀ i ta chửi thề mà đáng êu đến vậy lun =))!,0,0,0.22647156484375533
đọc xong tao muốn khóc luôn,1,0,0.3271340109283288
t còn được nghỉ 1 tuần :)))),0,0,0.21586315476611645
xem phim cười gần chết . mà thích cái bạn ma nữ hơn là na bong,0,0,0.3098538003376026
"cải tạo được , có tái tạo được 100 % nguyên trạng rồi sao ? giá trị lịch sử văn hoá gần nghìn năm đã mất đi rồi :((",1,0,0.37700966030174615
sợ thì vkl,1,0,0.23172982960577382
per :)) hiểu được nỗi lòng anh chưa ! mốt đừng giận anh nhiều nữa nha,0,0,0.30671056414075487
thất vọng và áp lực tích tụ hằng ngày với tao,1,0,0.482838075844313
nếu địa phương không xây cầu thì người dân cũng có thể tự làm cầu cây mà . phóng lỡ hụt chân thì xác định nát người .,1,0,0.2219510880424352
ngày chủ nhiệm cu nhà mình cô nhẹ nhàng nết na lắm mà ! giờ thì sao cô lại hành xử như vậy chứ ! thật buồn !,1,0,0.3260158575459861
t quá mệt mỏi với cuộc sống này rồi 😓,1,1,0.6384511788428975
per - chan đáng yêu zl =)))))),0,0,0.1446529360588681
khuôn mặt đậm chất giải trí 🙂,0,0,0.16262030941847658
tao nhìn sợ vãi,1,0,0.2043541754298632
gia đình có nhưng tình yêu không thì sao,1,0,0.28796958474781753
sau mỗi cuộc chia ly người ở lại vẫn là người đau lòng nhất :((,1,0,0.2750154110608127
đúng là chân thật luôn luôn tổn thương !,1,0,0.3548424075357682
"từ khi lấy vợ , làm vlog thiếu muối hẳn huhu",1,0,0.27676790989640243
sad cực mạnh,1,0,0.26623453590723534
nhất định sẽ có một ngày tao sẽ thành công và tự nói bản thân rằng mày làm tốt lắm,0,0,0.40337775945044424
phim hay vãi ra . đến giờ vẫn thấy mình giống bạn ma nữ quá trời 😂😂😂,0,0,0.1655598681365682
tội nghiệp các bé đạp xe đi học,1,0,0.14956682571159335
thế nên tao với mày không thể làm người yêu nhau được,1,0,0.3258822708136621
sinh viên năm 3 rồi nhưng vẫn chưa định hướng ra trường làm cái giống gì đây :(,1,0,0.20057224253062067
khóc hết nước mắt 😞😞,1,0,0.43275705489549104
"wtf , tao đã làm gì sai ☹️☹️☹️",1,0,0.39662727435946854
"bọn tàu copy kịch bản phương tây , chắc bữa sau lại có mấy video make in việt nam như vậy và kịch bản tàu haha",0,0,0.19410734647506794
mình không áo mưa rồi 😞,1,0,0.43336777309239755
còn mềnh thì ra quán mua bim bim đều chỉ để nhì em mà cười,0,0,0.3448908010483825
"biết chỉ là phim thôi , xem con bé hôn bố lần cuối nước mắt tự rơi , híc híc",1,0,0.3338212681768155
tao lại bị mọc lông chân rồi :((,1,0,0.3041450806971824
mua thêm vài trăm con cá xấu thả chắc vui hơn,0,0,0.29572617700316006
per hôn nhẹ lên má nha 🤣,0,0,0.21687491214839377
góp phần xây dựng đất nước chứ gì kkk đóng nhiếu rứa,0,0,0.25643976766044835
dume mặc dù tao rất yêu chó nhưng tao cũng sợ chó nữa :((,1,0,0.3814974270942891
cứ mỗi lần cắt tóc xong tao lại thấy biết ơn bố mẹ vì đã sinh ra tao đzai vãi :))),0,0,0.26970714846543686
đó cũng là giải pháp hay để lừa một thèn ngu :))),0,0,0.18610940944030985
thương các con quá đi,1,0,0.29671094719550734
khổ thân con mèo :((,1,0,0.46833083410616605
một người đàn ông bản lĩnh thực sự 👍,0,0,0.2724468995693543
"per bởi , đéo dám tán ai hay tỏ tình",1,0,0.3463939663664746
ấm áp ghê =)),0,0,0.18533408535965326
phim ấn độ duy nhất tao xem mà không cảm thấy vật lý logic quá khó hiểu dù thật ra trong phim này nhiều kiến thức hại não thật ; )),0,0,0.1715797944528884
giọng chú hơi bị dễ thương nhá :)),0,0,0.21329412906098988
pháp năm nay nhiều biến quá :((,1,0,0.42396540706117225
hèn dì mấy nay đi học thấy bạn của crush nhìn mình cười,0,0,0.18454232868875522
cũng muốn đi xem lắm 😭,1,0,0.42128607297167525
có lẽ vậy là tốt nhất,1,0,0.2086259378657418
per đến con nít chúng ta cũng không bằng là sao ......... tuổi thơ và tuổi thanh xuân nợ chúng ta quá nhiều thứ rồi 😭😭😭😭,1,0,0.2685384332835689
gv có tâm vãi 😂,0,0,0.1990956230947813
mình thi xong còn không khóc được 😢,1,0,0.4183920747903183
một bộ phim quá suất sắc,0,0,0.1890244727851594
tao mừng quá vì tao biết chắc chắn hôm nay crush của tao không bị thịt . ahihi .,0,0,0.25663586383180814
"chị thích con gái mạnh mẽ , cá tính .",0,0,0.14099831010809577
cho dù em có dành được bao nhiêu học bổng đi chăng nữa nhưng mãi mãi em sẽ không thể có được tôi 😅,0,0,0.3787684835080475
cười ỉa :)),0,0,0.28172851831910534
lợi ích của việc giữ vững quan điểm 😄,0,0,0.20966466778904058
"chời , dễ thương quá",0,0,0.19277167033886247
t cười đấy . thế tao thả haha nhé . mà dume đấy là cháu tao . thế bây giờ không có icon vừa khóc vừa cười à :]],0,0,0.4917833363857811
nếu là tao thì tao sẽ không ăn được miếng nào,1,0,0.2530500725580921
nghe mát lòng mát gan thế ????,0,0,0.14430831132550756
lúc bé mình rất sợ,1,0,0.26656651874748144
chưa bao giờ bắn trúng thứ gì 😆.,0,0,0.24933851633802584
thôi xong . chia buồn cùng quý quốc,1,0,0.20729398014016556
thấy tội nó ghê ????,1,0,0.15981981826985556
ngày bé tao bị nó dí thế là tao cho nó 1 gậy 🙂 hôm đó tao được ăn thịt ngỗng,0,0,0.3312254145184467
đã sáng suốt hơn năm ngoái nhiều . ka ka,0,0,0.2818811317348372
tưởng tao sợ ư từ cái lần mày dọa rắn tao và tao rơi điện thoại cuối cùng vỡ màn hình là tao đéo sợ nữa nhớ,0,0,0.3693564104957365
"công trình 850 năm tuổi , xây dựng 100 năm mới hoàn thành chỉ còn là đống cháy sắt vụn .",1,0,0.2611809543246297
đau bụng quá ự ự,1,0,0.2374061406640982
"đang ỉa xem cười như điên , kkk",0,0,0.32046078493989644
hành động đẹp,0,0,0.18612301005576293
đúng là vàng trắng .. nhưng mà trắng tay :(((,1,0,0.38127705196218536
thanh niên co ́ em hoan hy ̉ qua ́ :))),0,0,0.12362301363135789
buồn cô lắm,1,0,0.45698583992558084
"thích cái câu "" em không yêu anh nữa ""😊😊",0,0,0.22380042769430428
"anh luôn nghĩ thế giới này không có gì đáng sợ , cho đến khi anh không còn thấy em nữa",1,0,0.36316724871201134
mình chụp mấy lần liền chả thấy bác sĩ cho mặc lớp áo gì cả 😭😭😭,1,0,0.20767481443431599
"hồi bé đi mua xôi bị một đàn ngỗng đuổi 🙂 may mình đi xe đạp không thì ăn lol ** với chúng nó , cái thứ mất dậy 🙎🏻‍♀️🙎🏻‍♀️🙎🏻‍♀️",1,0,0.19450485655520183
a đến sớm hơn nhé 😆,0,0,0.19319897531813224
tao ấn tượng anh đầm hường ghê 😂,0,0,0.19120563752678446
đáng yêu thế bà đẹp gê,0,0,0.15013283502461594
cười ỉa phút 1 : 11,0,0,0.37959170386827124
sao không cắt móng chân cho em ... nhìn mặt cute mà thấy móng chân em sợ phết,1,0,0.22298068979706837
per cđ chỉ cần đơn giản như thế đã ấm lòng thế ... rơi cả nói chuyện mắt ...,0,0,0.494479104496676
huhu sợ vãi luôn á,1,0,0.22325675206198387
per mày cũng cắt tóc giống thế đi cho đẹp =)))),0,0,0.26588024973494645
ráng ăn cho nhìu vô ỉa cục cức dài hơn móng tay ổng luôn kk,0,0,0.2892550114017218
tiền nhiều để làm gì khi tình không còn,1,0,0.2953397769035802
cài lò xô huyền thoại,0,0,0.17852286032991194
sở khanh như boss chịu liền .. đẹp trai quá trời ui,0,0,0.3566350062274475
chỉ còn lại tro tàn,1,0,0.37997233006297426
huhu lần trước đi chụp răng . thằng kĩ thuật viện cho bạn vào cái máy to đùng xong nó bảo ngồi im . nó bật máy xong chạy ra ngoài đóng cửa với tốc độ ánh sáng .,1,0,0.24217258848791906
mẹ tao vừa đọc xong còn tag tên tao vào . bọn mày có cách nào trưa nay không về nhà mà vẫn có tiền ăn cơm không chỉ tao với,1,0,0.3935950421419433
độc nhất vô nhị . kkkk,0,0,0.30540913036372447
thề nhìn họ hôn nhau thôi mà nổi hết gai ốc . chưa dám nghĩ tới xxx . chắc thốn lắm . lạnh sống lưng thật .,1,0,0.2452432222093141
là gặp đúng người nhưng lại chẳng đúng thời điểm . cuối cùng vẫn là chúng ta bỏ lỡ nhau 😥😥😥,1,0,0.2175828971501647
quả nhiên chồng con nhà người ta đéo bao giờ làm tao thất vọng 😄,0,0,0.3726063937592749
họ đã cho ta có mặt ở trên cột đời này rồi còn gì bằng nữa chứ,0,0,0.29687595143197526
tôi đã giữ lại mấy cái giấy note đã ghi chú khi nào kiểm tra =))))),0,0,0.24597562034631537
"suốt ngày trật ray , còn hay không sự phù hợp hệ thống ray - tàu với hệ thống đường sắt vn",1,0,0.19928756773831025
một mình tao ăn hết 1 nồi lẩu từ lúc tối 😭,1,0,0.40989377525776394
"thời buổi bây chừ chuyện gì cũng có thể xảy ra , vậy nên thôi trất , đừng nên tin ai",1,0,0.22137780056669643
mỗi lần quyết tâm bỏ mà lại thấy cười . đm đời,1,0,0.21888946106127222
có những ngày làm tới đâu là sai tới đó :)) muốn tát vào mặt hết sức,1,0,0.39997739344701905
nhìn vừa tội vừa thương ????,1,0,0.21934846143735334
giao lưu tí không . tự bấm chứ không mua =))),0,0,0.18778702764215924
nhà tao còn nè,0,0,0.37078297675653493
bữa cơm trưa nay tăm tối như cái ava của tao vầy :((((((,1,0,0.30893021837953033
t thấy nó cười hoài mà không bao giờ nó cười với tao cả :((,1,0,0.4406408615743295
2 năm rồi và đã kết thúc rồi,1,0,0.45742111432447763
cách tốt nhất là đứng lên và chọn 1 nơi khác để tìm 1 thứ tốt đẹp hơn và dễ viết hơn :)),0,0,0.11913964496934394
"xã hội thật phức tợp , huhu . không muốn sống chung loài người nữa , tao về núi đây",1,0,0.3193083838308272
tội cả con quá 😭😭 một lũ vô nhân tính đã hủy hoại những mầm non tương lai .,1,0,0.3120860464997888
"tao nói té 1 cái không dập mề thua gì cũg thua , trĩ nội trĩ ngọai nguyên chùm =)))",1,0,0.27217945394073534
"per tải thử cái này cho cún đi chị , hay phết này",0,0,0.16202807388916407
cổ tích thôi nhé . tao mới bị hỏi vì rẽ không xi nhan . và anh chỉ nhẹ nhàng phán 1 câu : ‘’ 2 triệu đưa đây không thôi mai cầm 3 triệu lên đồn nhận xe nhé ’’ anh thật là dễ thương 🙂,0,0,0.2964258277561644
cưng quá :))),0,0,0.19989667154383706
nơi ấy giữ lại những kí ức tuyệt vời,0,0,0.14108172098265392
cô gái này thật dễ thương “ anh cứ nhắm mắt làm đại một lần thôi mà “ 😂😂,0,0,0.192372328700621
tao nhớ không nhầm hôm nay nó đến tháng vậy là sẽ không bị đâu nhỉ,0,0,0.22433440790179726
má toàn truyện trong mơ không hà mắc cười quá 😂,0,0,0.2926320278031809
"động lực là tình yêu . vì sau khi chia tay , tôi đã thấy mình vô dụng trong một thời gian dài .",1,1,0.5209693011423776
ngày xưa cũng như này trong lúc mối quan hệ bắt đầu nhạt :) haiz,1,0,0.3473544748403869
nay buồn :(((,1,0,0.28574557605656276
tối mà tắt đèn gặp mặt nó với cặp mắt nó là tao còn sợ hơn thấy ma,1,0,0.31046767960170446
per ối bạn ơi quà sinh nhật mình đây rồiiiii,0,0,0.21903812243018592
câu chuyện mọc sừng được bắt nguồn từ đó 😀,0,0,0.24422832082094498
và vui mừng hơn khi biết tin chị vợ ở nhà vừa sinh hạ em bé được 1 tuần,0,0,0.26943175295964417
nghe ngọt thế :((,0,0,0.2672317555854836
thích thật,0,0,0.27234717199354297
tao xem mà cứ sợ nó ngã vãi 🙂,1,0,0.30629618930868013
bỏ thế lồn nào được :(,1,0,0.37437940383798995
"thanh xuân của tớ gặp cậu rồi , 4 năm rồi , chỉ có điều vẫn là 2 đường thẳng song song",1,0,0.29062629261320005
xem hết mới biết cái video nó không phải video hài thấy buồn buồn 😪,1,0,0.18912474092604487
nghe nguồn tao biết được độ chân thực của câu chuyện rồi 😂😂😂,0,0,0.15171549264170447
hạnh phúc thật :)),0,0,0.13269306561257996
kiểu định share vì thấy tinh thần khá hơn nhưng đọc bình luận xong kiểu nhiều đứa còn tiêu cực hơn mình :<,1,0,0.3285660152594606
t nghe thấy nó nói gì tao chết liền,1,0,0.36537518724069507
mong ông bà được nhiu sức khỏe,0,0,0.23943957346644598
đó là những nơi khác . chứ chỗ làm của em . anh chị đáng yêu v đáng quý . em học tập được rất nhìu kinh nghiệm .,0,0,0.18013641067295263
hết hồn chim én,1,0,0.17481428452352565
con đường này chắc dành cho mấy người như tôi,0,0,0.24909861240643139
chắc là năm lớp 4 5 gì đó :)) tao mua bánh kẹo đem vô lớp bán lẻ lại ... mỗi lần đem bán như vậy chắc cũng kiếm được lãi 2 - 30k 😂,0,0,0.1870800601635971
già còn thích phi công =)),0,0,0.18702507055516726
chuyện tình huyền thoại của per với per :(,1,0,0.16271992969420007
để tao nấu thì quên luôn . xác định tối đó đói :((,1,0,0.2781975798412477
mình trả phòng là chăn ga gấp gọn gàng . đồ đạc hẳn hoi trả người ta . dù sao mình cũng như người ta bẩn dọn mãi không sạch ai chẳng điên,0,0,0.2662841694257374
chỉ cần thích cái là muốn rụng tim,0,0,0.2717930501366137
công an béo như lợn không đuổi nổi tội phạm 😂😂,0,0,0.18634800124151665
khổ người lao động thôi,1,0,0.25756257842332886
moá nhìn rùng hết cả mình,1,0,0.21287109349597746
"trước tao cũng tin vào tình yêu chân thành lắm , niềm tin chết rồi",1,0,0.3092750112500939
vcb thu phí dịch vụ cao có khác . lương nv cũng hơn chỗ khác :)),0,0,0.14708455897739264
bư ̃ anh trước mới nghi ̉ xong tao đi đa ̀ nă ̃ người chơi 3 nga ̀ y xong vê ̀ kho ̉ em re =))),0,0,0.2005486740823609
có thì tốt nhất đừng có giận vì ngoài kia bất cứ thằng nào cũng sẵn sàng dỗ dành bạn gái của bạn 😋,1,0,0.24308906297419533
"đấy gọi là biết ngu mà vẫn đâm đầu vào , giống tao :)",0,0,0.23769994863958976
tao cũng có 1 người bà như trong video nhưng bà ấy qua đời rồi 🙁🙁🙁,1,0,0.3133316280095254
bắt võng nằm cho sướng,0,0,0.2745140824741431
phim này ý nghĩa lắm,0,0,0.23328496892409645
thú vui đặc biệt vãi :v .,0,0,0.19865238468776283
ny tao đbh dỗi . chọc kiểu gì cũng không dỗi . đáng yêu vãi 😂,0,0,0.17885405903276533
ko sợ gì chỉ sợ con ml ý 😞,1,0,0.45797699006596687
quá hay cho admin,0,0,0.20477271456808033
per gặp tao chắc tao đái trong vần 😅😅,1,0,0.321039238699169
ngày nào cũng ngủ với mẹ rồi mà vẫn còn tiếc :))))),0,0,0.1971129529483036
tao thích vẽ . nhưng vẽ xấu từ đó chuyển hẳn sang mê chụp ảnh .,0,0,0.18253021269091485
t thấy dễ mà . không biết thì học khác biết . ez vãi,0,0,0.21424005269271795
còn gì hơn lòng dạ đàn bà ... cũng may tao là một con đàn ông :)),0,0,0.30133815853054297
thôi xong tao rồi :((,1,0,0.3375092768850606
cảm ơn bạn vì đã chia sẻ cũng như đã luôn sáng suốt để không làm gì sai,0,0,0.28535577298965803
bộ phim hay ý nghĩa nhất từng xem,0,0,0.1301021275787752
bài viết đọc rất sướng .,0,0,0.231983764170205
con này chăm sóc n là n bao đẹp ><,0,0,0.28900835831989546
ừ thì là chuyện cổ tích . cháu đang đi đường thẳng gặp mấy chú thì phải rẽ ngang . 😢😢,1,0,0.1856721437749609
cưng gì đâu,0,0,0.303802880417687
lâu quá mới nghe lại bài này buồn thế,1,0,0.23038454535902989
per eo ôi làm nhớ hồi nhỏ đi học mẫu giáo quá :))),1,0,0.10446083749614304
ngày cuối cùng thực sự buồn,1,0,0.3635492220670125
hú hồn hà,1,0,0.22251410133297123
aw giống tao vậy =))) mấy thứ linh tinh tao còn để nguyên vào 1 cái hộp bự cơ,0,0,0.2743976950576887
khóc muốn rơi cả mắt,1,1,0.5464694128818715
có những ngày mọi thứ nó bỗng ập đến,1,0,0.27429264671765075
bộ phim đáng xem đó mấy man,0,0,0.17755576178405877
một đứa sợ sấm chớp không thích hình ảnh này huhu,1,0,0.22460192687752165
per đây . cô gái bán hàng thú vị đây . phải xem cho hết,0,0,0.23773159317838702
nuốt được cục tiền đó cũng hay đó ( y ),0,0,0.154343035755218
rất nguy hiểm,1,0,0.17617856035994567
:((( tôi vẫn chưa sẵn sàng để đi học mà,1,0,0.2260747936135573
khang khang 1 thời cùng nhau vui say ! bjo thì khác rồi thân ai nấy lo hở chị hố hố ;)),0,0,0.26999306761873654
"nhìn cảnh này mình nhớ lại cảnh ông ngoại mình đứng ngay quan tài bà ngoại khóc nức nở . bà đi rồi để ông ở lại một mình , đau lòng quá",1,0,0.12758859524715999
"tụi mày có hiểu được cảm giác , muốn bắt chuyện mà không dám bắt không ?? tụi mày có hiểu được cảm giác vờ ngủ gục để nhìn nó không ?? tụi mày đã từng nhìn nó thật kỉ , thật tỉ mỉ chưa ?",1,1,0.5214348210313139
"sao vẫn còn người tốt trong xã hội này , đáng khâm phục",0,0,0.15525174793735813
rất tiếc cho 1 bài quyền,1,0,0.1622493815820545
nhện này trong nhà tao chắc tao bỏ nhà đi mất 😱🤯,1,0,0.38023533986879937
mình cũng có con mèo đực nuôi được 1 năm thì nó biệt tích 1 năm sau nó về rồi 1 năm sau thì nó mất .... buồn,1,0,0.4948319156728487
"mẹ kể hồi nhỏ nuôi con ngỗng thay chó canh nhà . ăn trộm mà vào thì chạy đằng trời với nó , cả bầy lao ra quạt với táp , khi gia đình vác gậy chạy ra thì thằng ăn trộm nó ôm cây trên tít cành cao , áo quần tóc tai lủng máu me tè le . gia đình phải cứu ăn trộm má mấy mẻ còn không tha , 2 3 con vẫn dí nhảy hàng rào dí theo ăn trộm . phải nói dí bao dai mà cục súc vê lờ .",0,0,0.37368182456394816
cái kết có hậu quá :)),0,0,0.1864789557444234
thấy cờ rút trên tờ polime là tim rụng rời liền,0,0,0.2027835261062588
chuẩn bài =)))),0,0,0.10768577456895621
"per huhu đúng quá nè :< sư phụ đi rồi , còn per thôi , đừng đi đâu nữa nhaaa 😢",1,0,0.26898260540473196
"chuẩn luôn , áp lực công việc cũng không bằng mối quan hệ với đồng nghiệp",0,0,0.2881335306006922
ui sồi ôi đốn tim vãiiiiiiii,0,0,0.2152790304733229
per tao mãi mãi bị con này ám ảnh từ bé đến giờ . thứ gì mà đéo thể yêu thương nỗi . nghe tiếng nó kêu là tao bỏ chạy trăm mét 😒,1,0,0.37449959105260655
per hết tiền thật sự :(,1,0,0.2531455830247726
chuyển từ thất tình sang muốn chết vì quá chán :((,1,1,0.5715548815178527
"mong là chuyện không có thật , chứ có thật thì đau lòng vãi ra 😪😪",1,0,0.3177167883081033
đơn giản 🙂,0,0,0.29376358479995407
tại trà sữa làm tao mập chứ tao có muốn đâu :(,1,0,0.39957532312804883
"vui nhất là câu "" lấy ghế ra ngồi nhìn """,0,0,0.19339128864556923
xem video cu ̃ người cho ́ người hê ́ tao ca ̉ mă ̣ tao,1,0,0.24329490295496398
"tan rã hết rồi , giờ toàn đánh lẻ thôi 😭😭😭",1,0,0.2745589463771916
hên là đụng nhầm người chứ đụng trúng cái là rụng trứng cả bày cả lũ -)),0,0,0.25331852297448065
trông anh thần thái vãi :v,0,0,0.18771369239126165
cười muốn tắt thở 😂😂😂,0,0,0.3973073346722426
khiếp quá đi tụi con ơi,1,0,0.39695791516285206
bây giờ nhìn vào cứ kiện tụng mà nãn :((,1,0,0.38116922099435807
uiii xinh gái thế ...,0,0,0.2243615162322041
per ê xem đi phim này lâu rồi nhưng mà hay lắm,0,0,0.21629420697558838
"xem phim mà cứ nhìn cặp chân của ổng , chân gì mà dài thường thượt . chồi ôi 1m87",0,0,0.1349864343715711
thất tình đi nghe nhạc chúng nó còn ngồi trước mặt ôm nhau . hận,1,0,0.13136330740808028
ha ha chịu không nổi luôn !,0,0,0.34321956659959224
cắt cả thắt lưng da của bố để làm ná 😂😂,0,0,0.33890991284549854
học giỏi lại xinh xắn hì,0,0,0.2712533149297792
đú quan trọng bởi người tao yêu củng không đi chơi valungtung thế là tao vui rồi :)),0,0,0.21637653475161947
"bị chó rượt cũng không đáng sợ bằng mẹ này . gặp chó mà có ý định rượt thì đứng im hoặc đi nhẹ nhàng nó nghỉ rượt . còn mẹ này chạy mẻ rượt , đi nhẹ mẻ rượt , đứng im mẻ mổ như mổ thức ăn . thiếu điều muốn quỳ lạy van xin mẻ luôn .",1,0,0.3111306729848086
cái video đầu làm hết hồn per per,1,0,0.2840641330123618
người gì đâu mà dễ thương quá chờiiiii,0,0,0.13337120060117844
chủ tịch đi nặn mụn ở tai và cái kết khóc thét,1,0,0.30274788364834226
"mất đi một di sản , chứng tích của lịch sử 😓",1,0,0.28848440484293064
em đi bộ chết mẹ đây này,1,1,0.5384324382159255
chuẩn con mẹ nó cơm oy 😂😂😂,0,0,0.16638207449172207
không biết đến 2021 tao có lấy được chồng không nữa :((,1,0,0.4455472251558912
chia buồn cùng nước pháp,1,0,0.3434659537554037
thiếu cái que chấm dầu là ổn 😂,0,0,0.2301591918613367
🙂 thanh xuân của em đã từng có khoảng time tươi đẹp,0,0,0.25416594833330436
ai cho mình xin page của con này với thích xem nó live stream bán đồ gê,0,0,0.2863299136614156
vl bố tao đang ở đây mà chắc sáng mai mới về mất ??,1,0,0.3442879587564097
"tao là trùm nấu cơm kiểu này rồi ,, còn bây giờ mất điện thi nấu bằng bếp ga :))",0,0,0.2380217688956827
per huhu nhất là mấy bài không cho chất thử á :(,1,0,0.1372256317959202
tán gái hay vãi,0,0,0.14325061111007648
cười vãi :))) tếu thật sự luôn ý,0,0,0.2173278101125137
khớp vãi =))))))) mặt con bé,0,0,0.16061633699008654
nhưng nó giỏi và bản lĩnh đó,0,0,0.28881838978783225
tuyệt vời,0,0,0.10502853519874189
t thề hồi nhỏ qua nhà ông hàng xóm vá xe tao bị con ngỗng dí chạy xúc quần quanh nhà ổng vừa chạy vừa la làng tới giờ nhớ lại vẫn còn hãi 😧😧😧,1,0,0.32348833138503535
thông minh lắm,0,0,0.3263198921340995
bà ngoại của em đáng yêu hơn thế này nhiều,0,0,0.19946541884416102
bé gái đáng yêu quá ??,0,0,0.1313430655563074
buồn thật ấy,1,0,0.24925899502074397
uớc gì sau này về già vẫn có thể như cụ này :)),0,0,0.1997006369130543
cư ́ như kiê ̉ u =))) ngươ ̀ i yêu,0,0,0.12528524051211204
tao sợ ma nên không dám coi lun,1,0,0.46564260043889466
ai muốn đi thái hè này với tôiii nào cũng chim ưng phết đấyy :))),0,0,0.20862848807367426
"phim này quá hay . xem đi xem lại mãi không chán . đặt tay lên ngực "" mọi chuyện đều ổn "" câu nói kinh điển",0,0,0.3136992444138173
tại sao anh cứ mất công giận dỗi trong khi người xin lỗi vẫn là anh =)),0,0,0.3525647311093437
giống y bố tao 🤣 ngoa khủng khiếp nhưng mà nhà tao vui vãi_chưởng 🤣🤣. điểm danh nhà bố học giỏi văn nào 🤦🏻‍♀️,0,0,0.29559174101341723
à thì ra là như v =)))),0,0,0.14216305534022572
"per anh không nặn đi , mai mốt nó sẽ chaii dầy nè hihii :)))",0,0,0.2082532368118315
ngã nhìn cũng thấy yêu 🤣,0,0,0.09354998796056405
"cũng chuẩn , giờ khởi nghiệp vậy phá sản chỉ mấy tháng đầu",0,0,0.27568812647824337
"hôm trước tao đi chơi về đường vắng nên chạy nhanh , vừa qua cua anh cảnh sát chạy ra chặn làm tao sợ chetme vì giấy tờ không có bằng lái thì chưa thi lại còn thiếu abcxyz",1,0,0.17768421069401824
rớt vô đây chắc chắc khóc tiếng thái lan,1,0,0.33900146631638983
đỉnh của đỉnh 🙂,0,0,0.20622554259292517
bà nuốt quả chuối tao cười tao ẻ,0,0,0.2767323975072993
"có những con người luôn phải chịu đắng cay , cta không được chọn gia đình , bạn bè và càng không có quyền lựa chọn cuộc sống này . hãy vui lên với tất cả những gì ta đang có dù là hai bàn tay trắng",1,0,0.41487918470863183
đi bao xa mới thoát đựoc kiếp không có người yêu ? :<,1,0,0.2375604642289183
"gặp cái này "" sun "" mẹ nó vào ... :))",1,0,0.17551814518285358
tội bà vợ,1,0,0.3131299730367621
per 😢😢 miss you .. chính xác luôn ak hậu,1,0,0.25423262621616544
chắc ỉa ra quần chứ đéo đùa -.-,1,0,0.3766731422346255
tôi cùng hoàn cảnh với bạn má tôi củng bệnh và từng ngày từng ngày tôi bên má tôi sợ giây phút má bỏ tôi ra đi và ngày đó củng đến ai còn mẹ hảy quí từng giây từng khắc bên mẹ,1,0,0.3299607083554319
thua cả người ta 😞,1,0,0.3167193955242214
tính ra tao lúc nào cũng hài hước vui vẻ luôn đó trời :)))),0,0,0.15053156120828098
thật đáng sợ,1,0,0.3701888538353798
sợ xanh mắt mèo,1,0,0.33171283108609656
ấy thế mà đã 6 năm rồi . bây giờ còn không nhớ được những đứa nào đã học cùng mình nữa rồi 😪,1,0,0.46258549604660115
"per lại nữa , tao dg suy nghĩ có nên đi bằng rap về không",1,0,0.31844206826030635
per tao thấy tao trong đó ahahahaha,0,0,0.2677160866347279
"em ơi , hết rồi 😔 hết rồi , chẳng còn chi nữa đâu em ...",1,1,0.5186014549676807
hello đồng nghiệp ;)))) không biết nghiệp gì thôi haha,0,0,0.15866251670368534
"cái này ở shop đồng giá 40k aeon có nè , tê tới dái luôn",0,0,0.24789170547570996
nhìn stt đồng cảm khủng khiếp .,1,0,0.14745768650623825
một câu chuyện bi đát :((,1,0,0.3758366797697089
haizzz ... thế là chưa có kq gì tốt đẹp cả ..,1,0,0.2918987031846095
để có được cái nắm tay tuổi già là bao giông bão của tuổi trẻ . mấy ai qua được bão giông ?,0,0,0.36451009442756555
"đấy , nó đấy . con tim tao đau quá .",1,0,0.2134136201891414
gặp em đúng lúc nhưng sao anh vẫn thấy mình cô đơn quá .,1,0,0.3631754347517198
nhớ lại thời đi học xa nhà . bếp dầu ... :(,1,0,0.2001488618855961
"con gấu trúc , cho nó ăn trúc đi =))) tướng ngồi nhìn cưng vãi",0,0,0.20698037758304647
nhưng nó sẽ to và rộng ra :(,1,0,0.2830238775451989
haha còn tao thì thấy nó lúc nào cũng đáng yêuc 😄😄😄,0,0,0.26799296206468914
"đừng tin vào lời ong bướm , đó là hố sâu , là cạm bẫy tình yêu =))",1,0,0.1510633276218764
bây chửi kệ bây ! riêng tao thik phá trong trường hợp này 😂,0,0,0.30260842691434703
ở chỗ khác chắc gì có đứa béo như mình !,0,0,0.2944940940850959
"yeahh ! tao giờ đã là khách quen quán trà sữa đó rồi , về nhà cũng phải ráng tạt qua",0,0,0.2924765697598417
cái miệng nói chuyện không có người phụ nữ nào có trời ơi thật là có duyên khiếp quá đi thôi,0,0,0.30316229903864916
cưng quá đi,0,0,0.2985063437452049
một phút huy hoàng rồi chợt tắt còn hơn le lói giữa ngàn thu,0,0,0.15691781360089943
"bộ phim này xem rất sướng . và rút ra được khám phá là thứ tuyệt vời nhất chứ không phải bằng cấp . giá như mấy ông "" bộ "" và mấy ông "" ngành "" dành thời gian xem phim này một lần .",0,0,0.13667197610842324
aeon tâm lý thế :)) mày . n vào mua que kem tránh nóng,0,0,0.3487610507798636
per vui quá .. đi dạo được ven hồ rồi 🙂,0,0,0.25974665030909283
thế làm sao dỗ bạn gái đang giận :(,1,0,0.31753214146234343
vãi :)) độc đấy,1,0,0.1597225627366945
tao bị bỏ rơi rồi,1,0,0.4172877918021168
🙁 bị rớt tiền,1,0,0.3319365872390934
phần còn lại là nỗi nhớ và những lần thở dài :((,1,0,0.4093160483255606
"tao rợn hết người luôn , ghi công mày 😑😑",1,0,0.3357155606938134
"đây là tao khi bảo "" tao biết đường mà , tin tao ."" 🙂",0,0,0.3163979666216219
đã sợ chó rồi thì chớ lại còn bị đùa zai như này . ai sợ chó đã từng trải sẽ hiểu :v,1,0,0.3030416024082157
hic hic mình còn chả bao giờ được giận lại ấy chứ :((,1,0,0.3963651764983907
gãy tay,1,0,0.20776555583069645
cho em xin tên facebook của c trong video để khi buồn em có thứ mua vui ạ . cám ơn mọi người,0,0,0.3043135732313483
đợi đến ngày họp lớp đi 😪,1,0,0.2634280310688085
"võ nghệ cao siêu đến mấy cũng phụ thuộc vào hung khí , em biết được điều này lên không bao giờ em học võ mà tự xắm cho mình khẩu hoa cải !",0,0,0.18340086156629243
chia buồn cùng người dân và đất nước pháp,1,0,0.22188105727981
và khi quay lại nói chuyện với nhau .... biết nói gì giờ huhu,1,0,0.1764285476364137
"lớp 2 xí mót được cái chong chóng , bán lại cho thằng hàng xóm 500d .",0,0,0.29979058550523074
yêu sắp 2 năm rồi mà không biết người yêu kể chuyện cho nghe là gì 😢 đòi mấy lần toàn kêu không bình thường xịu xịu,1,0,0.14340650343370892
buồn cười nhất cái đoạn cã lũ bạn đồng thanh * chó nó lấy * 😂,0,0,0.19199576429680104
ờ công nhận đáng sợ vãi 😭,1,0,0.25409101070792534
đọc nhiều chuyện cổ tích vầy thấy yêu cuộc sống hẳn :)),0,0,0.13774473413384167
giun xào đĩa luộc là ngon ngay 😂😂😂,0,0,0.22484463978379046
mỉa mai cực mạnh =)),0,0,0.16177741182609148
chia buồn với gã lưng gù 😥😢,1,0,0.3858254750721807
con gái hay ảo tưởng như vậy lắm 😌,1,0,0.20579088110035687
có ai thấy tội ông cụ như tao không 😭,1,0,0.33829658658152584
"ê tao cũng hay giữ mấy cái linh tinh lại như vậy để vài năm sau mở ra xem lại có cảm giác hoài niệm , mà mẹ tao bắt tao vứt hết rồi 😢",1,0,0.21258397521614025
"đấy , chỉ có sale như tao mới tốt thôi , tao không bao giờ hỏi về nỗi đau của khách hàng : x",0,0,0.3388047689882692
lâu rất lâu mới gặp được lần rồi liết mắt nhìn cái :)))) chưa thấy nó cười,1,0,0.19656163519806574
ra xong bảo anh ý ship em về nhà luôn được không . xe em bị hỏng mất tiêu rồi =)),0,0,0.35473717782350395
per cảm ơn tôi đi . thấy tầm quan trọng của máy chém gió chưa,0,0,0.24543450691846683
mỗi lần coi lại sởn gai ốc,1,0,0.25923332396721255
khổ nhân viên,1,0,0.16317335302187524
thật sự đọc xong thấy hơi rưng rưng,1,0,0.19152297414999617
phim này hay dã man luôn - có ai biết phim nào kiểu dạng này nữa o 😍😍😍,0,0,0.1761363354439562
nói xong còn chả dám ăn nữa 😂😂,1,0,0.4605281837404585
người trái đất thật đáng sợ mà - _ -,1,0,0.17671857269255234
nhớ hồi mình làm đồng nghiệp ghê :))),0,0,0.07172026788713905
bếp dầu ngày xưa thật ý nghĩa,0,0,0.27935886393474074
có khi nào kết hôn xong nó giết lấy tiền bảo hiểm không,1,0,0.28169161617564964
"per như một cú tát vào mặt , đau lòng quá đi",1,0,0.46802841788838956
lâu lắm rồi chưa ăn được miếng cơm cháy .,1,0,0.2870333613372644
"ước gì con về với mẹ .... đợi mấy tháng rồi vẫn chưa thấy bóng dáng con , mong con vẫn sống ...",1,0,0.35653878655191196
cả ngàn tin nhắn không đổi lại được 1 lần xem :((,1,0,0.32079478993031363
cảm thấy sợ mấy thứ suy nghĩ cổ hủ của người lớn :(,1,0,0.14346177119181677
để nó vậy không thấy tội sao,1,0,0.22958267637694366
nhìn qua ảnh thôi cũng thích =)),0,0,0.1372621039487168
con bé xinh ghê,0,0,0.20917854641797629
"yep . chính tao . đi vệ sinh thôi cũng phải đảo qua , mà giờ thì người ta sắp đi lấy chồng rồi",1,0,0.17417568164627792
cũng dể thương đấy chứ,0,0,0.2812891817729946
phải có bao nhiêu tình cảm mới có thể viết ra được những dòng này ...,1,0,0.33320021855301674
buồn dễ sợ mà huhu,1,0,0.19706216698605497
đẹp trai quá,0,0,0.23977098872957933
"trời đụ , tội bé",1,0,0.29157839841517535
mang anh này về nhà luôn được không 😻,0,0,0.3233638353181964
gia đình thì không còn . tình yêu thì chưa có gì chắc chắn . 😏,1,0,0.22841820952959568
"chơi game :v cấp 2 trộm tiền bố mẹ đốt gần 10tr vào game , cuối áy náy không chơi nữa nên ngồi bán nick được khoảng 2tr cũng gọi là thu nhập đầu tiên :v",0,0,0.2894831223536746
bà về nơi phương xa mất rồi . nhưng với tớ bà là người dễ thương nhất trên đời . chỉ muốn ngả vào lòng ngoại nghe kể về những câu chuyện cổ 😘,1,0,0.29482504619549654
"anh giờ thích ai rồi , không còn giữ câu nói trước kia nữa đâu nhỉ . ừ gần 1 năm rồi cơ mà :((",1,0,0.4348429137828055
nhớ lại kỷ niệm này buồn quá,1,0,0.10236837489287486
còn tao thì 14 / 2 này trở đi tao không còn fa nữa mà chuyển sang những người già neo đơn .. kkk,0,0,0.2975482777104051
chả vị nước mắt à 😔,1,0,0.32348005618508213
ngưỡng mộ quá đi ạ . chúc 2 ac mãi mãi hạnh phúc như này nha :))),0,0,0.12059104553989118
phìm này rất rất hay đôi với ai sống hướng nội !,0,0,0.2880695502924483
:v crush có người yêu rồi,1,0,0.13370923922526212
"trên đường tao đi làm cũng có 2 con , mỗi lần chay tới là nó vương cổ ra như kiểu muốn hút tao trong khi tao không làm gì nó , cứ mỗi lần chạy tới là tao cách ly cả "" nghìn mét "" với nó , thấy nó sợ bỏ mẹ . đúng chất con ngang",1,0,0.2835830363423479
cầu mong chú có cuộc sống tốt hơn ❤,0,0,0.22511539812942535
thề lun anh ấy rất kĩ thuật lun á,0,0,0.19595012288467484
moẹ ! nghe cái tên đã hấp con mẹ nó dẫn lắm rồi đây này ! đjln ??????,0,0,0.3055546598424616
được bác ạ !! cứ lấy vợ giàu là được tuốt =))),0,0,0.19765119556905053
hên là chay ra kip,0,0,0.2667938425514755
per tìm ông bán xoài này ngay cho em 😂😂😂,0,0,0.13331150061375288
cười ỉa 😂😂 thây nó thét mà tao nghĩ dọn xong nó đi luôn cái cổ họng,0,0,0.21940532825495954
hay lắm cậu bé,0,0,0.23699559537370055
có biết bao người có mảnh đời như vậy !,1,0,0.20389107503807694
per =)))) đáng sợ vãi,1,0,0.22319751198685317
hhaahhaah ! t đã may mắn như thế 😂,0,0,0.2859515843367584
maii ban thanh nhung nhớ cái này không hic 😭😭😭😭😭,1,0,0.1826758853634771
uề ... lại li hôn không thành công ... 😂😂. t buồn cười câu này quá per,0,0,0.46577373509892706
per thông minh là đây chớ đâu,0,0,0.1772082752581255
mai xem lại phim nay . phim rất hay .,0,0,0.07522193465848415
khi em nói 2 chữ muốn dừng là nước mắt không bao giờ ngưng . . . đau,1,0,0.44696717032709465
đa ́ người yêuc quá ́,0,0,0.15583998349978495
per anh ơi đừng gym nữa . boxing là đụ rùi :((,1,0,0.22589251705644856
nhà tao vẫn nấu . à mà lâu lâu tao về nấu một lần thì không cháy cũng nát,1,0,0.30997682038031804
tội cho cô gái ;((,1,0,0.26875274930710985
có những người đi qua đời bao nhiêu như 1 cơn gió vậy . vô tình nhìn lại . nó lại là quá khứ ...!,1,0,0.2616293449146459
"rất dũng cảm , đáng yêu quá",0,0,0.2915693739445576
"per ít bửa đi coi , trailer thấy hấp dẫn quá",0,0,0.24175655104006177
per kỷ niệm nè !!!,0,0,0.13534397861012062
cảm ơn mày đã khai phá cho tao thêm một nét văn hoá đẹp :)),0,0,0.31403956726930227
ít nhất con nhện nó còn yêu mày 🙂🙂🙂,0,0,0.2571693126392746
người ghép có tâm 😁😁,0,0,0.1716889273200452
tao cute mà các mày,0,0,0.3073630025254269
cưng ghê,0,0,0.25148465896330974
per chán quá,1,0,0.3682178445919946
yêu làm mẹ gì rồi phải chia tay người ơi,1,0,0.15261122612237574
"ôi những con người dễ bị ám ảnh với quá khứ , ôm nhau cái nào",0,0,0.27829973828770416
định tag anh vào nhưng chợt nhớ ra làm gì có anh nào 😑,1,0,0.18841272244358936
nhớ không em lời hứa ngày xưa mình bên nhau dưới ánh trăng đã nguyện thề :)),0,0,0.25327770593636095
"sau 15 năm cắp sách đi học và 2 , 5 năm không động đến sách thì bây giờ đang tự hỏi đây là gì sao mà giải được . huhu",1,0,0.3205297515021794
cay đắng và mặn :(,1,0,0.282685101698272
đm thực tế như này còn hay . tiếc là đéo ở gần mình =)),1,0,0.3192477140845639
tuy chưa viết hết nhưng tao người khác sẽ hiểu là viết cái gì,0,0,0.28541214596271264
lúc tối mày cũng nằm mơ nèo nhà mày về . ước gì nó là sự thật 😢,1,0,0.4647100769491495
per dume đái trong quần,1,0,0.3936803030322185
mắt 2 mí dễ thương quá,0,0,0.1754049102316421
tuổi thơ tôi toàn gặp những thằng mất dậy và toàn đánh nhau với chúng . tuổi thơ nợ tôi quá nhiều,1,0,0.38506230671430725
"nhớ lúc trước có thằng bạn học rất giỏi và đẹp trai , lớp phó kỷ luật lạnh lùng và tàn ác không thương sót ai , ghi hết vào sổ . chỉ riêng mình là có thể giật tập nó để chép bài và đánh nó không thương tiếc mà nó vẫn im lặng , không bao giờ bị nó ghi tên vào sổ . kiểm tra quay phao nó giục bỏ và canh cô đưa bài cho chép",0,0,0.14350541751777618
"muốn hun , muốn ngắt , muốn nhéo , muốn tán vào cái mặt nó ghê , yêu vãi ??????",0,0,0.2062721376269739
mình làm ở sài gòn gặp nhiều bạn ở miền ngoài nhưng thích nghe nhất giọng ở phú yên nghe hay hay sau ah có ai vậy không,0,0,0.17926401702850067
lớn lên sẽ rất đẹp chaiii ??,0,0,0.16865087474953494
dễ thương ha,0,0,0.18303706875873682
nhưng đảm bảo coi cái nào là cười sặc cái đó :)) vì nó diễn tệ đến nỗi nó hay,0,0,0.3125410616913337
xem cả chục lần vẫn thấy hạnh phúc lây với cụ bà 😊 không biết mai sau mình có được vậy không,0,0,0.22289919381770967
cho thơm miếng nào yêu quá cơ,0,0,0.22647716366770765
để được maiz ngắm nhìn nụ cười đó nên quyết định chỉ crush mà thôi :3,0,0,0.2595292626857724
đối với tình yêu thì thời gian có tác dụng xây đắp chứ không còn là phá huỷ mọi thứ nữa . ngưỡng mộ hai ông bà ❤️❤️❤️,0,0,0.18350786543232406
kinh dị v,1,0,0.37418808598675235
hồi nhỏ cứ đi qua chỗ nào mà nhìn từ xa thấy bóng dáng mấy con đuỹ này là chuẩn bị tinh thần chạy chứ nó dí sấp mặt luôn dù mình đéo làm gì nó hết 😂 vừa dí vừa ngoác mỏ hét sợ vãi ra,1,0,0.34358600736877554
"em cũng đi lead này , nhưng đừng gọi em là ninja được không , xin luôn đấy",1,0,0.31628324475391295
sợ vãi linh hồn,1,0,0.22066621217525104
giống ml em tao hồi n nhỏ vãi . muốn ngủ với mẹ nhưng bị tao nịnh nọt bắt lên ngủ với tao :)),0,0,0.3165583405071031
ôi vãi mình lên fan cứng rồi cơ 🤗,0,0,0.229719196197693
bé gái đáng yêuc quá :))). dth nữa,0,0,0.18872067232538084
hôm nay anh xin lỗi em về những việc anh đã làm hôm nay .. anh không thể kiểm soát não anh được nữa rồi 🤫,1,0,0.41276271537899956
từ nay tôi quết định nuôi dưỡng con chim tôi tới già . và tôi mong được unesco công nhận kỳ quan thứ 8 của thế giới,0,0,0.3106610734782212
và đó đéo phải là tao =))),1,0,0.2636377418981893
ngọt sớt :))),0,0,0.17565820702904808
một sinh vật xinh đẹp và hiền lành . tiếc cho nó quá,1,0,0.1334282918891832
sau khi bố xem video của con xong thì bố rút ra 1 điều . bố không chỉ chửi con lúc con cầm đũa mà bố sẽ chửi con cả ngày thân ái ... yêu con,0,0,0.3888826261508354
đẹp quá v 😍😍,0,0,0.19187909649816173
xin đi chơi với bạn ngày tổng kết không cho cứ bắt học miết :)) khá mệt,1,0,0.3000394171406333
cảm động quá hjxhjx,1,0,0.2636758862690277
cuối ngày hình ảnh của ông bà là đẹp nhất ... chúc ông bà mãi hạnh phúc sống thật lâu lâu nhé 😘😘😘,0,0,0.16526176904656997
nhìn đôi bàn tay đã biết phải lao động rồi . chị có lấy trai việt không :)),0,0,0.22729077098220835
là crush ông nào thì chạy ra bế vào nhà dễ dàng có người yêu :),0,0,0.22105624175916283
ngáo cỏ này đáng yêu nhỉ,0,0,0.1677718159275874
ai cũng nói tao đẹp troai . hiền lành nhưng chưa biết lúc tao lên cơn 😂😂😁,0,0,0.2614896695680003
nó mới ghé nhà tao đây :)),0,0,0.21075674928770596
đái mẹ ra quần,1,0,0.3694643242921607
tao ngồi tao khóc 1 buổi ☹️,1,0,0.3844022844621958
ra xã hội rồi mới biết mình còn may mắn hơn rất nhiều người vậy nên hãy trân trọng những gì mình có 😊,0,0,0.3087047274602887
cưng thiệt chớ ????,0,0,0.12037501165069059
ý tưởng hay 😂,0,0,0.2669745638163553
nó thả thính xong nó chạy mất ..,1,0,0.2987699013189352
đang chán đời cắt tóc xong là chán cái mặt hơn chán đời luôn :((,1,0,0.44929914830592443
ai thấy pha cuối phê vãi không,0,0,0.19674250840188512
lo cho thang bé lỡ rớt điện thoại xuống nước thì ....,1,0,0.21390161121985396
tim vỡ nát,1,0,0.2776323999586148
per em hiểu sao anh đưa em quyển sổ rồi nha kkk,0,0,0.27077417608130006
bộ phim truyền cảm hứng hay nhất =),0,0,0.14094347314173872
"mai tao ăn gà , chụp hình bình luận lại cho mày thèm chơi ??",0,0,0.29362356031431563
"theo mình thì không nên vì định kiến xã hội quá khắc nghiệt , họ sẽ bị tổn thương và nghĩ quẩn",1,0,0.4575983707000258
"hôm nay ai có vàng bán hết đi , tuần sau mua lại , lời vãi .",0,0,0.17069904066667682
ai hát tao cho tao nge bài này chắc tao say quá,0,0,0.18855954344377726
thằng đoạn cuối mặc áo hồng đang định gải đít nhưng vì thấy rắn nên anh ấy đã hết ngứa,0,0,0.20866856691425362
khoảnh khắc mày nhận ra mày còn đéo bằng 1 thằg nhóc còn trong bụng mẹ :((,1,0,0.3819016238188087
đem người đó ra biển cho biển cuốn đi lun .. hihii,0,0,0.2512688878783202
hên crush nay ăn chơi lành mạnh,0,0,0.17786308489864183
nhiê ̀ u biê ́ n đô ̣ người kha ́ thu ́ vi ̣ =)),0,0,0.18794347213720153
nhiều lúc em di từ từ chưa kịp đỗ đã có n ra bảo không được đỗ ở đây chán qúa,1,0,0.48844990989687953
phim này là người cha zombie yêu thương con nè . xúc động quá 😢😢,1,0,0.17915212798115168
nhìn giống mấy đặc vụ của cia . sợ thế :)),1,0,0.13387502425676023
per vậy cug nghĩ ra được haha,0,0,0.22943398970929008
có lúc ngồi một mình mà cảm thấy lạc lõng lắm các cậu ak,1,0,0.34291942370512285
buồn cười vãi ý,0,0,0.3278111522951435
"gắng , nhanh khỏi bệnh rồi về bên anh",0,0,0.18975213921176615
per giải trí =))),0,0,0.13865805058618016
nụ cười của tôi thiên thần vãi,0,0,0.41501185892433895
per người yêu công sở nè 😂😂,0,0,0.20394152491128012
gd năm nay chán,1,0,0.3846429724403906
chúng ta mất 3s để nói yêu nhau vài 30p để phịch nhau phải không nào,0,0,0.15145747444728985
phim hay thật nhưng cái kết hơi khó hiểu :v chốt lại là đáng đồng tiền bát gạo :v,0,0,0.1673671175491982
em không muốn chúng ta già đi chút nào . điều đó đồng nghĩa với việc cta sắp xa nhau 😔# n,1,0,0.21430876450718922
"khi bạn làm con b sẽ khóc , nhưng khi bạn đã làm cha mẹ bạn sẽ thấy đau lòng .",1,0,0.30693387973373043
ông trời cho mình lũ bạn cờ hó quá ấy mà :),0,0,0.18166452295625504
biết là đau lòng nhưng sao bản thân vẫn muốn biết nó,1,0,0.47217276463211466
có duyên nhưng không có phận ... người ở lại vẫn luôn là người đau nhất !,1,0,0.22063398819693006
nào tao cũng phải thử =)))),0,0,0.16403735416511278
"đỡ mua 5k tiền sổ rồi , kaka",0,0,0.2005065457493472
đẹp người đẹp cả giấc mơ 😊,0,0,0.21068872313540912
per tao cứ thấy giống giống mày :))))),0,0,0.25859313909265125
phận làm con trai haizz,1,0,0.33660981005499596
thà chia tay rồi ghét hận nhau còn hơn là đang lúc dang dở thì mất nhau 🙂,1,0,0.29588148346808735
phim xem hay ... nhẹ nhàng tình cảm ... và cười vkl,0,0,0.2513803807798055
không thấy không biết lòng không đau,1,0,0.3124936185268127
"úi sời , gần chỗ mình này",0,0,0.38315760608572114
"từ nay sẽ không cap màn hình ib nưa , thật tội lỗi tội lỗi",1,0,0.2380056282134822
uất quá anh ấy cũng phản ứng cãi lại . hì hì đáng yêu quá,0,0,0.18368583182711765
hahah tao chưa nghe hoàn chỉnh bài này lần nào,0,0,0.29626340585269423
"những người trẻ với tấm lòng nhân hậu , các bạn thật đáng yêu .",0,0,0.14275603319606017
đến năm cuối đại học rồi lúc nhớ lại đéo có gì :)),1,0,0.1820418247344464
đm nhậu say gặp cái cầu lol này chắc tao nằm xuống mẹ cho rồi per,1,0,0.2765815211796011
là nhìn người ta đi cạnh 1 cô gái mà bất lực không thể làm gì ngoài việc ngồi nhìn và mỉm cười,1,0,0.29942051490223137
đoạn phim này tốn khá nhiều nước mắt của người xem,1,0,0.21488346472425254
đọc bình luận cười ẻ,0,0,0.3916444660120646
t có 2 con bạn thân nó thì cao trọc trời còn tao thì ... . buồn,1,0,0.30669784844748055
dẫu hiên ngang giữa đất trời gặp con vợ đểu thì đời cũng xong,1,0,0.25335614576367665
"hahaa , đợi em ngủ chút tí ròii buôn :))",0,0,0.24955178314614684
t định thả sad nhưng đọc bình luận buồn cười vailon 😂 nên thả hahaa :v,0,0,0.37515835254850893
sao nỡ lòng nào khiển trách bác ấy . còn họp kiểm điểm nữa . tội quá .,1,0,0.32810403622135126
t gặp quả này thì bỏ xe mà chạy ??,1,0,0.17962727305456122
"phải nói là hài tàu hay thật đấy , luôn li kì và khó đoán kết quả , ý nghĩa thì thâm sau . hihi thích rồi đó",0,0,0.21146850426702302
"đúng rồi , kiên trì thêm một chút nữa đi ! :v",0,0,0.27496094025322565
ngoài kia ! còn có rất nhiều điều tốt đẹp vẫn còn trên thế giớ này ! hy vọng những điều tốt đẹp luôn diễn ra từng giây phút ..,0,0,0.21382394919958667
đã check rồi lại còn đoán :)) em vui tính giống anh đấy :)),0,0,0.13855039310473996
per cảm ơn mọi người . do em thích mấy cái văn hoá tưng vùng để tìm hiểu,0,0,0.2868058478408056
bé tí mà đã có múi rồi :))),0,0,0.1469795223373966
thấy hơi sợ sợ rồi đấy :(,1,0,0.2352620056738667
nhìn lũ trẻ yêu nhau mà lòng già xao xuyến,1,0,0.09340303021294051
per hồi ở tam kì hay nghe ... giờ nghe lại buồn ds,1,0,0.27933493780130686
"crush đi nhậu rồi say , rồi bị thịt ... hic hic",1,0,0.32079435837144166
lùn lùn làm sao sống qua nổi những chuyến đi phiêu lưu như vậy,1,0,0.20036116069873158
cảm động người thầy đưa học sinh đi làm hồ sơ 🙄,0,0,0.24451633887733087
hôm nay đi qua vẫn thấy nói chuyện thải chảy thẳng ra sông thì bao giờ mới sạch được ... haiz,1,0,0.3505787995521241
tao còn không dám ăn nói chi ruồi .,1,0,0.47533406505112363
việc đớn đau nhất . là nhường người mình yêuu nhất cho 1 người khác 😔😔😔. chỉ vì đơn giản không muốn ai phải đau buồn,1,0,0.3078426142155402
cách xử lý thông minh,0,0,0.30549280658081357
má nó thú dị thôi rồi 😂😂😂,0,0,0.19553903841340364
thì đúng là sẽ không buồn vì thất tình nữa :((,1,0,0.2490053254530712
sợ vãi tè ăn độc 2 quả mọc luôn 2 cái nhọt ở mông đíu hỉu,1,0,0.1461414006020151
"tao thì chưa cắt thì đã đéo có sức hút rồi cắt , bùn vãi",1,0,0.460606671939308
xui thôi chứ quyền đang hay mà 😢,1,0,0.229542753594931
một năm đầy biến động và thăng trầm của nước pháp ☹️,1,0,0.4036872736395407
per nhờ mất bạn nên mình mới biết 😂😂😂😂,0,0,0.19429350788664812
chạm đáy nỗi đau 😞,1,0,0.3440002846679925
"nhìn một cái rồi thôi , chuyện của những năm trước",1,0,0.1709562075229518
không ngờ tin nhắn riêng tư cũng phải kiêng nể nhắn tin để lỡ có bị chụp vẫn thấy chả sao,1,0,0.14319687989281787
mỗi mùa trung thu đến nhìn người ta mua bánh tặng nhau mình lại thấy chạnh lòng ! 😞,1,0,0.08640029880873677
t chắc bỏ nhà ra đi khi ở với bố mẹ kiểu này quá . vẫn may bố mẹ tao không hề giống này tí nào,0,0,0.2790062916476507
per ơi nhột nhẹ kkkkk,0,0,0.23287280936187563
t thề với mày là tối thấy cái này chắc đái con mẹ nó ra quần,1,0,0.27762590946415605
dự là 30 mà 30 sợ già quá chả chó nào nó rước . năm nay đã 26 rồi mà vẫn chả ai thèm yêu 😔😔😔,1,0,0.22363434955668418
nhớ con gái tao quá :((((,1,0,0.21963657645325677
per nhìn mặt cưng gê,0,0,0.25379399229314137
mỗi lần chạy xe ngang kv bình chánh là cảm thấy sợ,1,0,0.21430011813519473
còn gì đau hơn,1,0,0.2334666784815117
"mới đây thôi mà đa 3 năm rồi , những ngày chia tay buồn đó :((",1,0,0.3190420053290903
các anh chị hãy nói với em đó chỉ là diễn xuất mà thôi . và tình yêu như vậy chỉ có trong tiểu thuyết mà thôi .,0,0,0.169205964020742
nhỏ ngầu lớn lên nhìn bê đi =))),0,0,0.13971834870349925
"chia sẻ cho anh em , haha",0,0,0.27194895969796495
per đứa nào nghĩ ra được cái qcao hay vãi ...,0,0,0.27890587233660985
trời ơi tao chóng mặt quá đi :((,1,0,0.378214527194605
"công ty nào nhận bạn không quan trọng , quan trọng là ai giới thiệu bạn vào công ty 🤣🤣🤣🤣",0,0,0.27956574610575663
tao học nhân sự đây còn đang lo thất nghiệp đây này,1,0,0.25416097072631494
"mình sợ nhất đến bữa ăn mà bố mình vác cái thớt vào mâm cơm , bố mình biết mình sợ vậy nên mọi chiện giải quyết sau khi ăn cơm xong ,",1,0,0.2587759844645621
tôi đã xem đi xem lại 3 lần và xem lại lần hai mới hiểu hết nội dung và thấy hay hơn khi xem lại lần 3 . ai chưa xem hãy vào xem thử 2 lần !,0,0,0.2529620912630243
"cả 2 bà đều mất khi mình nhỏ , không hưởng thụ cảm giác này rồi",1,1,0.5371996571504576
per được đi thi chưa babe 😂,0,0,0.154642000295918
"cảm ơn cha mẹ đã cho mình hình hài này , xin được khôn ngoan để đừng làm đau người khác",0,0,0.2682611103846322
cười lộn ruột,0,0,0.2967185596122992
hôm đấy bổn cung về quê báo hiếu cha mẹ .,0,0,0.2128223150467932
"a nói là anh làm ngay đấy , các chú đừng đùa với anh 😂",0,0,0.12138974328221595
nếu 1 ngày per theo thằng khác và per cũng có bỏ bạn mà đi thôi huhu,1,0,0.20167299815203663
nghe hay,0,0,0.13760319640000893
"khi xưa bị rượt 1 lần mà nhớ đời , còn mổ tao nữa chứ 😨😨😨",1,0,0.3373272131145618
nó sẽ thì thầm tai mày “ dượng đây “ 🤣🤣,0,0,0.44763903653442616
mất bà cái tuổi thơ -.-,1,0,0.4063893917950632
"hồi nhỏ đi học phải ngang qua nhà nuôi ngỗng nó dí chạy thấy bà luôn , ngày nào cũng phải cầm cái cây theo . thề luôn tới giờ tao vẫn còn sợ con này khiếp luôn 😭",1,0,0.16738665288371674
"má , dume cười ỉa :))))",0,0,0.2517762177942633
"per đây là thằng con trai vừa đẹp còn có não , mong per học hỏi ! xin cảm ơn",0,0,0.2722131631499532
thông minh vãi,0,0,0.241572704881555
nhìn mặt là cười phọt rồi,0,0,0.3020480420351064
chắc là vì em .. đi lấy chồng 😥,1,0,0.2508422274694278
nghe lại bài này thấy chột dạ vãi,1,0,0.13025503095377988
dễ thương kinh khủng . bởi vậy mới nói mấy đứa yêu nhau là lầy nhất,0,0,0.13610832260682842
khi đã đổ vỡ hàn gắn lại chắc gì đã được như lúc đầu :'<,1,0,0.3296247794333688
ngày xưa mìh cũng thế . dume thấy mấy ông đứng đầu đường nhòm nhòm cũng phải lượn qua cái :)),0,0,0.15834687239896786
per ê tao với mày mà đi cái cầu này chắc rớt ngay bước đầu quá 😢😢 đã mặp rồi chân lùn nữa đi qua bằng niềm tin,1,0,0.3603141227893244
ae phục vụ ngày xưa của mình đâu rồi . sao thấy thương bạn này,1,0,0.23766098340628855
phim chuẩn chưa này =)))),0,0,0.09335757564224263
t chỉ muốn khoe là tao vẫn được nghỉ 1 tuần nữa =))))),0,0,0.30509556671911703
hi vọng hòa bình ở triều tiên sẽ không còn xa nữa . goodbye ! # per,1,0,0.2735396695162323
có móng tay dài cũng khổ,1,0,0.3294732118797148
sau nay em cung uoc duoc nhu vay ❤,0,0,0.21991728676969421
có đứa nào vừa xem vừa sờ tai mình không ? sợ vãi :<<<,1,0,0.3170002779113785
"tự nhiên nhớ đến hồi bé , đi kiểu nào cũng bị ngỗng rượt chạy té sấp mặt luôn , nhiều khi nghĩ sợ nó dí hơn sợ mẹ đánh",1,0,0.2602416759882631
tao lại sợ mày quá cơ :))),1,0,0.2624153811765275
hay bị giật khô trên đó rồi :(,1,0,0.2969145215502798
"phim hay , nhưng mà lần đầu xem là cùng nyc nên .. 😐",1,0,0.2385282686903972
"em cũng như con chó thôi , nếu anh đủ kiên nhẫn thì mọi chuyện đã khác rồi 😪",1,0,0.3176919428904449
làm công nhân đã khổ rồi mà tụi nó còn nỡ lòng nào hại người ta nhắn tin,1,0,0.33719786438971466
ngày trước nấu cơm . đun rơm . đốt được hơn 10p mới nhớ ra chưa cho nước . hỏng cả nổi cơm huhu,1,0,0.1661688484347886
lúc ra hà nội ở ngay phố đào tấn mà không biết chổ này 😢,1,0,0.31659251377523645
má lỡ té xuống 1 cái tao nói lên tắm 8 năm cũng đéo sạch nữa,1,0,0.39755487748013973
tận cùng của nỗi đau 😑😑😑,1,0,0.29624797253423774
chuột mà làm như người vậy .. ít hôm nó gặm cả rắn cả dây thì thấy mẹ ..,1,0,0.30220225885688495
em này xinh vãi các bác ạ .,0,0,0.20230562279898687
ai bảo con trai yêu không nặng tình ? :'(,1,0,0.24312378164316617
tao thì ngược lại .. cắt xong nhìn như thằng trốn trại vậy,1,0,0.3653397348645447
tên thì tất nhiên nhớ nhưng ngày sinh của tao thì ông bà bô nhà tao không một ai nhớ cả ^^,1,0,0.251329132302903
"nhớ trung thu năm ngoái , đứng nhìn các cặp tình nhân ôm hôn , nắm tay nhau ... chạnh lòng lắm !😞",1,0,0.17487359012101916
thôi mày cố lên . đỡ rồi cũng tốt,0,0,0.2651721582044281
🙄🙄🙄🙄 tao cũng thích kiểu kể chuyện trước khi đi ngủ . cho đến khi tao ngủ luôn . mà đéo có ai hết . buồn đời,1,0,0.310136173750046
"nhìn 1 cái , cười 1 cái rồi về thôi",0,0,0.25900086092466146
thật chứ thấy bạn nam kia cứu con chó không cần nhìn mặt cũng biết đẹp trai rồi 😆,0,0,0.37699574355091214
:))) mình sướng mà mình không biết hưởng nhìn lại những mảnh đời bất hạnh mình nguối mặt thẹn gấp 100 lần,1,0,0.2400898818806218
oaaaaaaa ...... thực sự rất tạo động lực và niềm tin cho người khác đó < 3 rất thích nụ cười và sự thoải mái tự tin của anh chị < 3,0,0,0.3871502873899582
"per nhà giáo áp lực quá nhỉ , giống làm dâu trăm họ .",1,0,0.2536720793538167
"thường thì người thuận tay trái sẽ bị bệnh này :v , riêng tao thuận vả 2 tay nên chả sao",0,0,0.19133827496118608
trò cười . :v,0,0,0.32424447705684256
tội cho mấy thằng đang xoay tiền mua bánh trung thu cho vợ thằng khác ăn,1,0,0.20594763187678322
tội thằng per vãi,1,0,0.25616611866790534
nhìn con bé thấy cưng ghê chị ơi,0,0,0.1539606956925188
tao cũng ước mình có 1 tình yêu như ông bà ❤,0,0,0.2528491622392811
đi chơi lụm được tờ 2k rách mua băng keo 5k dán lại tờ 2k 🤔,0,0,0.22423283458044718
"các cháu thật tốt , hãy thương yêu mọi người và cả loài vật nhé , may mắn và niềm vui sẽ đến với các cháu .",0,0,0.11896151621253603
per con nhện cản bước bé xuống cầu thang =))))),1,0,0.1715637241394547
"chẳng phải chuyện hài nhưng sao tao thấy buồn cười quá , chắc thần kinh có vấn đề",0,0,0.4245992798661811
đồng cảnh ngộ :(,1,0,0.10009732896625312
con ước mình cũng có 1 tình yêu đẹp như ông bà vậy < 3,0,0,0.2095231462331876
per phải nói là hiền quá hiền luônnn 🤣,0,0,0.19410988069730054
cô ấy hết thương tao rồi,1,0,0.308030777450203
phải tự cho mình đau lòng nhất thì mới bỏ được,1,0,0.3378912286850299
"đang học sử buồn ngủ , xem cái này tỉnh rụi liền =))",0,0,0.13622503024678698
thớt là gu của tôi :))) yêu quá hiuhiu,0,0,0.13701139048364747
mới có 3 năm thôi mà ... vậy mà chúng ta còn không tụ họp được lần nào cả,1,0,0.24346173641505248
đấy mới là điều càn đó . huhu,1,0,0.20589870251955042
thanh niên leo lên cao để theo dõi thời tiết để thông báo cho người dân đi cấy thật cảm động,0,0,0.11574593214271209
quen với quên rồi thì hết đau thôi mà,1,0,0.21269953450062412
"động lực là tình yêu , gia đình là nơi để về hihi",0,0,0.3237824191954861
nếu chịu khó đặt vào hoàn cảnh của nhau mà sống thì cuộc sống đơn giản hơn rồi đó,1,0,0.1840439764568987
vì bạn chỉ là con trai nắng hoặc em gái mưa thô :(,1,0,0.3117955614509413
"quỷ cái chứ ma đâu mà ma , haha",0,0,0.24504061740077038
cười ị :v,0,0,0.35557387858739153
"vãi cả phí , có ... 81 tỷ hoy 😓",1,0,0.31953587324055915
có lẽ vì vậy nên moi thứ trở nên thật khó khăn lúc này :(((,1,0,0.31003353583934634
ai giúp bé với hix,1,0,0.19643740461474793
ôi cháu taooo =)))),0,0,0.19119300447485604
chỉ có được cái chữ đẹp . hihihi ...,0,0,0.28742540408844053
nhớ đến lại buồn . chuyện tình chúng ta chẳng đi được đến đâu cả,1,0,0.19301203727701935
tao lại thích chua lè chua loét chứ :))),0,0,0.2780533538272093
dume đêm ròii =))) tao cười vãi tí hàng xóm qua đánh bỏ mẹ,1,0,0.3875697070735386
gặp tao cũng thế :))),0,0,0.21470742735257042
năm xưa mày cũng ôm gối đứng cửa phòng c như này này per 🤣🤣🤣,0,0,0.4785827256621922
"nói chung thánh này không ai ghét được , trừ hlv kkk , dễ thương gắp trăm thằng pogba ,,, mong cho thằng đó nhanh biến khỏi mu",0,0,0.3520556848769298
per nhớ cái này không bây kk,0,0,0.2463922955158609
"vợ mình cũng thế , mấy lần đắp mặt nạ dọa chồng :v được cái mình chơi game kinh dị nhiều nên đếch sợ =))",0,0,0.27335393253265566
vèo cái đã 7 năm 😕,1,0,0.2809509668280181
các mày trốn đi bọn chủ tịch đang đến kìa 😨😨😨,1,0,0.30173632024375907
kích thích vãi,0,0,0.4471925744080252
tao hiểu rất rõ cảm giác của em ấy ....,1,0,0.43250771176059966
cay đắng cuộc đời 😞 một chút vị mặn của mồ hôi nước mắt,1,0,0.31327658474895087
cãi tay đôi luôn hahhaa,0,0,0.2893168815881335
có hôm tao đang vương nỏ tính bắn vào con họa mi đang đậu trên cành thì ai ngờ nó phản đame đứt thun dội ngược vào mặt từ đó tao không còn chơi nữa,1,0,0.33478870191024734
"per hồi nhỏ bị con đỉ này dí lòi lol 😂, bị cắn bầm đen muốn thúi thịt luôn cả tháng hơn mới hết . mà đươ ̣ c cái con này nuôi nó giữ nhà cửa hay , có nó không sợ ma quỷ gì hết",1,0,0.31257975300696755
nốt hôm nay thui . thui không ngĩ đến và bắt đầu từ bỏ 1 thói quen,1,0,0.255884902669146
"không biết khuyên thế nào , nhưng chỉ cần bình tĩnh 1 xíu , dù gì thì cũng đừng tự sát , đời người chỉ sống 1 lần thôi ...",1,0,0.40616496681645864
"tôi xin nhắc lại , đây là một câu chuyện buồn",1,0,0.3038826232208052
chưa cho ba mẹ được gì . vậy có quyền gì mà đòi phàn nàn về những thứ ba mẹ đã rành rụng bao nhiêu năm để lại cho mình,1,0,0.28249021325046036
vì tao xấu và chúng nó chỉ thích gái đẹp,1,0,0.15577650049089486
năm nào mà tao chã cô đơn,1,0,0.35210369935707764
"cũng như đàn ông gục ngã trước cô gái nhiều sắc ! đặc biệt là 50 "" sắc "" thái 😂😂",0,0,0.384508434934284
tui nhớ anh quá à :(((,1,0,0.21348963994514322
tập có lỗi với thằng quay phim mà tao xem ba lần tao vẫn cười đứt ruột,0,0,0.251247982421612
per mới bắt đầu tuần thánh mà chúa ơii,1,0,0.2259041233477077
hiện tại mình chưa người yêu bạn nam nào chưa có người yêu thì lo cua mình đi nhá đến khi mình có người yêu rồi thì đừng hối hận đấy huhu,1,0,0.1879575000451584
hahaa ngọt vãiii :)),0,0,0.18252655227629078
vl đánh đòn hic :))))),1,0,0.18841142817049894
tôi khóc lun ... huhu,1,0,0.34612068456056955
"hồi nhỏ đi ngang nhà hàng xóm con quỷ này dí tao từ ngoài đường vô tới trong nhà tao nó vẫn không tha , ba mẹ tao nghe tao la chạy ra chụp cổ nó quăng ra sân nó mới chịu đi . ám ảnh tuổi thơ 😅😅😅",1,0,0.3756810498366835
moá hồi hợp chờ main thắng ai dè thua bởi cái mông huhu,1,0,0.15787215126208665
nói thật gia lai nói riêng tây nguyên nói chung xưa nhờ vàng đen '' hồ tiêu ' và vàng trắng ' cao su ' mà người dân có dư cái ăn cái mặt bây giờ thì thua rồi bỏ đi tứ xứ .. một thời,1,0,0.2922081015389196
per tôi đợi ngày nhận thiệp cưới của ông,0,0,0.1891776530861045
ngoài mấy cảnh nhảy múa hát hò vớ vẩn ra thì phim hay,0,0,0.17257279556192645
đm chơi mất dạy vãi . tưởng khúc cuối là gì dume làm giật mình 😒😒😒,1,0,0.3026422147334664
quá nguy hiểm,1,0,0.17700933898650795
dume con ế đọc tổn thương sâu con mẹ nó sắc :((,1,0,0.465631246189836
hoá nhện tỏ tình đấy :)))),0,0,0.17418580476044626
đây mới là công an của nhân dân việt nam cảm ơn bạn nhiều điều tốt đẹp hơn nhé vanew,0,0,0.14317037490169102
per nguy hiểm luôn rình rập xung quanh chúng ta :((,1,0,0.14761083222122087
per coi phim này chắc chết luôn trong rạp 😂,1,0,0.2486868766084822
per :))) không bù cho nhũng người như cta,1,0,0.20337820917091073
ghét nhất mấy loại bép xép thế thôi . nhanh gọn lẹ 😂😂😂,0,0,0.13500374365425016
chúng mày có thể bỏ ra 30s thả tim vào avatar coi như lì xì muộn cho tao được không ? chưa bao giờ được 30 tim buồn v . lol 😭😭😭😭,1,0,0.31150090217849863
:) đàn ông mà nặng tình vãi lol ra,1,0,0.2384861288026269
sợ ngỗng còn hơn sợ chó :))),1,0,0.18477499199832517
per tao thấy mấy ảnh thật đẹp trai,0,0,0.23710116546216622
per người đừng hành hạ tuôi như thế nào nữa,1,0,0.3030628970589136
còn quá nhiều mảnh đời bất hạnh ☹️,1,0,0.3448378578010445
per mệt quá mấy con ơi,1,1,0.5343931699461646
cười vui vãi,0,0,0.34345328585471996
"ai nói kết có hậu , đầu khấc mất vợ tương lai kia kìa",1,0,0.42308794581912057
từ đầu năm giờ chắc chụp 10 lần rồi huhu sợ quá 😭😭😭,1,0,0.2783717670843002
"kết mỗi câu ru con ngủ để vợ đắp mặt nạ làm đẹp , 10đ chồng tốt =))))",0,0,0.1815020768159068
bếp ga hj hj 🤣🤣🤣🤣🤣🤣,0,0,0.22051395193929482
ly hôn cũng phải hoành tráng chứ .. còn phải làm to hơn kết hôn mới được 🤣,0,0,0.3912823286125877
chuẩn rồi bác . :)))),0,0,0.14395281476901126
gia đình ổn tình yêu không có thì cần gì động lực ... kaka,0,0,0.306935691700965
giờ anh gù lấy đâu ra chỗ ở :'(,1,0,0.3505001146224085
hồi đó khoái cái này lắm,0,0,0.21817640117181705
"chưa nói chuyện thân thiết quan tâm , mới xã giao thôi đã lầm tưởng rồi ấy chứ , haizz khổ lắm",1,0,0.42829307297636504
buồn cười 😂😂,0,0,0.3117930839979291
"muốn em vui vẻ đơn giản lắm , chỉ cần bao ăn bao xem phim tuần 1 lần thôi hỡi các đồng nghiệp ơiii 🤣",0,0,0.2180647278140648
"còn tao nhé , hơi bị ngon",0,0,0.39788236374857544
muốn bảo vệ và chăm sóc người đấy,0,0,0.2746791796397809
địt mẹ vừa đi ép lại kính xong giờ tan con mẹ nó cái kính rồi 200k của bà mày đấyyyyy !!!!!,1,0,0.29965305367888495
đây là video hay và ý nghĩa 😊,0,0,0.14144826396933774
"t thề mỗi lần dọn phòng sn này thì banh kem , pháo kim tuyến . đủ các thứ . khóc mà bụt nó đéo lên",1,0,0.28215171329402694
dịch vụ tận tâm . đáng yêu quá ! : x,0,0,0.219043500450126
khoảnh khắc nhận ra đồng nghiệp mình is the best :)) nguyễn ngọc thái hiền,0,0,0.11797198314117435
mai đi học mà mình quên cách cầm bút rồi huhu :<,1,0,0.3087499353189011
thật đúng đắn khi đã follow page này !,0,0,0.23436450171326295
tình yêu lớn lên sẽ mang người con gái ta yêu thành gia đình . family is all,0,0,0.19795466967646574
đồng nai mùa chim nướng yên xe kaka,0,0,0.20262843609036305
phần này dù xem lại 100 lần vẫn bật khóc tình cha thật phi thường,1,0,0.20299930214475784
cũng có nơi gia đình khá giả mới có nó !,0,0,0.3122817201262308
cứ mỗi lần có phim hay là xách nhau đi 🤣,0,0,0.1242008782852719
tao thề tao rất sợ ma quỷ nên tao rất không dám xem phim,1,0,0.25940542610952605
- mấy bạn đừng có đổ mình nữa nha 😞😞. mình ngại lắm 😞🤣,0,0,0.32527396148389626
sợ vãi =))),1,0,0.16226947364458755
per nguy hiểm quá mày ơi 😩😩,1,0,0.27115378722672606
t thì thik cầu này vãi ... kiểu mấy người năng động thì sáng nào đi qua cầu này cũng vui,0,0,0.25720591981869934
khung cảnh ấy cuộc sống đấy mỗi lần được xem yên bình nhẹ nhàng cực ! yêu bạn ấy,0,0,0.181037060515307
"đẹp , dẽ thương mà",0,0,0.19775472256021656
"bỏ ghê người ta ngồi ngại đều phải mua nước thoii , ý tưởng hay :)))",0,0,0.237602049693745
mười mấy năm nữa tao cũng sẽ đạt kỉ lục thôi 😂😂😂,0,0,0.2597506168114612
thanh xuân là để bỏ lỡ 😔,1,0,0.20668501028048683
mấy chị làm chung rất ư là dễ thương luôn,0,0,0.17628990819540866
"trượt rồi , còn đâu mà rủ 😞",1,0,0.21892771512838868
tự nhiên thấy cảm động hic,0,0,0.35774149279425854
ngầu vãi lìn luôn á :))),0,0,0.16600206353776686
cay đắng vãi 😌,1,0,0.248263805066221
giờ tao mới nhớ tao đã từng :)),0,0,0.21576611794913805
nhìn cái ngành giáo dục việt nam bây giờ ai cũng mệt mỏi,1,0,0.35921104578369306
:( cầu chúa ơn nhiều ban bình an cho những người kém may mắn như vậy,1,0,0.2118080198637849
moá . vẫn nhớ hồi nhỏ bị ngỗng đuổi . đù má tao mới là đứa bé ngây thơ hồn nhiên thôi mà dume tao sợ tao ám ảnh đến bao giờ huhu 😭😭😭,1,0,0.28458737791797956
vk em nó bảo bếp gas các bác ạ 🤣🤣🤣🤣,0,0,0.18004550488356347
xem tới đây dume ứa nước mắt 😞,1,0,0.31929159574204335
an ủi cũng ghen à :(,1,0,0.41048242035638044
không may thụt chân xuống thì sẽ như thế nào nhỉ chắc là thốn đến tận rốn,1,0,0.19197986840577466
"per một thời mình ở bên nhau 😘😘😘😘, nhớ ghê",0,0,0.15485435426934901
thề chứ .. phim nay xem đi xem lại không thấy chán ... vẫn như mớinxem vậy,0,0,0.18916053252524015
họ đáp vì phép lịch sự còn mình vì yêu mà chủ động vì quan tâm mà hỏi đủ điều ..🙁,1,0,0.16129525728070615
hạnh phúc to nè,0,0,0.20015406174180175
"thôi xong , biết thế tém tém lại .",1,0,0.25091114865826886
"ba cái đồ yêu , 1 ngày 2 lần nấu đây , ngon bá cháy bọ chét nhé , thơm mùi khói nữa …",0,0,0.32300421446303745
thân là người yêu mình mong cậu có thể giống được như đôi mặc áo nâu ❤️,0,0,0.32580080717502485
"ngàn cân treo sợi tóc nhỉ , csong mong manh quá",1,0,0.3520064605351981
"năm nào cũng đi cho có không khí xuân vậy , không đi thì thấy thiếu thiếu . nhà tao cách chợ 10km",0,0,0.22827590357177788
":))) ở đoạn đó hồi năm nhất tao "" được "" họ lấy 100k , vì sáng sớm đem duy nhất 100k trong túi , thế là nộp luôn :))))",1,0,0.189922365577254
dã man quá ..,1,0,0.2970653165033705
"èo , ngọt quá đi",0,0,0.267091216551407
per hay xàm xàm mà zui hè,0,0,0.16572813053613172
giờ tao mới hiểu được hết những gì mà trước đây đọc bình luận tao đéo ’ hiểu 😂😂😂,0,0,0.36311045258268543
không nổi thì mình chìm haha,0,0,0.28387627950079614
thật ra cách quét hạt xốp rất dễ mà có thể các bạn chưa biết . đó là . tẩm xăng những chỗ có xốp và đốt 😂,0,0,0.14306391677508415
đỡ mua cuốn sổ 5 ngàn =)),0,0,0.13088272346327048
chính xác ! nơi làm việc anh em mà đoàn kết với nhau cỡ nào cũng thấy mau hết giờ làm . 😊😊😊,0,0,0.21085313312834797
chuẩn luôn khi ở công tình yêu toàn là các anh chị em đồng nghiệp tốt he he,0,0,0.12028650323244723
"cười đấy , sau lưng nó đâm con mẹ nó dao vô hình cho chết mà vẫn sống nhăn răng luôn .",1,0,0.33189428216949735
nín đi . sang ngủ với mẹ đi đêm nay anh chông chị cho =))),0,0,0.12252101258638798
"1 chút đắng , chút chua cay , với 1 chút ngọt ngào ở đâu đó 😞",1,0,0.41751307681281247
hàng nông sản việt nam là thứ bị cạnh tranh và phá hoại nhìu nhất 😣,1,0,0.22782972276230984
kẻ ô điểm lời phê :((,1,0,0.24204380044709956
"hòi nhỏ nhà ngoại bị rượt muốn chết , sợ tới giờ 😭😭",1,0,0.44309207791369004
người ta chỉ muốn dụ mày rồi xin một trái thận . 😪,1,0,0.4257248256713662
nó cưng quá mày,0,0,0.40156357621872607
đứng tim luôn,1,0,0.2103623467259735
cười xĩu,0,0,0.4360733588746952
tao thề từ giờ đến cuối năm mà tao không lấy được vợ thì tao quyết định sag năm lấy 😊,0,0,0.36672909848827584
nhìn bà cười thấy hạnh phúc quá ❤️❤️,0,0,0.13456550093205072
"per làm ở đâu không quan trọng , quan trọng là vẫn buôn chuyện đều 😂😂😂",0,0,0.17835635189799534
năm nay được nhận hoa và được ngồi nhìn người ta hạnh phúc,1,0,0.16958225757655965
tao muốn mèo nhà tao cũng tìm về được như này 😭,1,0,0.4760376028250941
đã đẹp trai còn khôn 🙂,0,0,0.29980170171236925
hi vọng câu chuyện admin vừa bịa ra giúp các bạn có thêm niềm tin trong cuộc sống 😂.,0,0,0.29495532121445645
lớp chúng mình rất rất vui anh em ta chan hòa tình thân =))),0,0,0.1283983711853186
đấy thấy chưa con người ta khổ như thế,1,0,0.1784836925113661
tầm tuổi này . họ không còn những áp lực cuộc sống nữa . mà chỉ còn thứ tình cảm gắn bó với họ từ những ngày khó khăn nhất . ngưỡng mộ và ước được chút phúc đức của ông bà,0,0,0.3857055102415845
tạm biệt ông cám ơn tất cả những gì ông đã làm cho vn,0,0,0.3584050294228537
per huhu trời ơiii,1,0,0.24899929564146872
lấy ghế ra ngồi thật tuyệt,0,0,0.3393372547787533
per không lấy được vợ thì có thể đi tâp gym đêt lấy chồng 😁😁,0,0,0.24110945047050517
ám ảnh đến bây giờ 24 tuổi vẫn sợ ngỗng :))),1,0,0.308628604914657
cưng v trờiiiiii .,0,0,0.23138388747468883
nguy hiểm lắm,1,0,0.22070172331252425
chỉ tại tôi không nói nên không còn cơ hội,1,0,0.38253124707519714
anh đã mơ về một ngôi nhà và những đứa trẻ 🤦🏻‍♂️,0,0,0.18040040611430438
em ấy còn cười được chứng tỏ em rất mạnh mẽ,0,0,0.32776013016605776
tao cũng phải về mở cho mẹ tao coi 😂😂,0,0,0.25383225923323205
móng này mày ra uống chữa yếu sinh lý với ung thư ... khá tuyệt !,0,0,0.32307673527440656
chuẩn lun,0,0,0.19853257937335597
chỉ khổ thân bọn trẻ thôi đau sót lắm,1,0,0.2817138234412015
per ngóng cuộc đấu tranh công nghệ này . tq đồng lòng ghê nhỉ,1,0,0.2067092424828518
"hành động đẹp chứ sao , đằng nào cũng tiệt kiệm hơn :)) 0",0,0,0.22935941281564018
tao đa khóc khi xem phim này 😭😭😭😭😭,1,0,0.37760273658368565
per tao đã làm cho mày đau lòng nhiều lắm ư 🤔,1,1,0.5135847165824559
có ai luyện mới được như mình không dạ,0,0,0.34010750843206405
cực phẩm luôn kìa,0,0,0.287857260221448
t ngắm người yêu tao cười mà càng ngắm tao càng yêu lúc giận cơ nhìn muốn cắn cho mấy phát tao bị cuồng người yêu rồi cái,0,0,0.25973016037401847
"thề , coi rồi mà xem lại vẫn buồn",1,0,0.16934035363823755
thằng nhỏ mạnh vãi,0,0,0.1641018867747547
tao sợ thật sự :(((,1,0,0.3965301465244859
lại tạo điều kiện cho mấy chị fa vào thả thính . :)),0,0,0.2527438708623965
per haha sao tôi nghĩ tới em liền luôn á,0,0,0.35957353340119125
vn là vậy . bn công chăm sóc của tao đổ sông đổ biển .,1,0,0.2782696948121075
thật cảm động,0,0,0.29432582887332265
có chuyện gì thê bố . bố đừng làm con sợ :((,1,0,0.27468453499732576
per =))) nó kể chuyện buồn mà cười vãi cười =))),0,0,0.22861625764826243
m nói chuyện cũng cute ngoan ngoãn cơ chứ tao toàn okay anh =))),0,0,0.2156253120059485
"bồ tao cũng đang đi cái này , từ nhà nó lên đây cỡ 2 tiếng mấy và dume nó bảo tao ngủ đi vì nó đi đến sáng :)))))",0,0,0.1831414323896794
nhìn vậy nhớ ông ngoại quá 😞,1,0,0.11270491214257299
xem lâu rồi giờ xem lại vẫn buồn cười,0,0,0.258540168429193
t không phàn nàn . t sẽ cố gắng giúp bố mẹ có được nhiều hơn 💪💪💪,0,0,0.20843890099116644
không biết crush có thích uống nước mắm không để còn tặng nàng chai nam ngư 900ml :)),0,0,0.22055346457343752
đáng yêu quá,0,0,0.15528394664716946
chính những người như thế họ rất cẩn trọng khi bật xi nhan đấy,1,0,0.1964550566769248
lấy chồng như 1 canh bạc . ko hoa . ko lời chúc không gì hết . pải chăng số ta chỉ được vậy . cô đơn quen rồi,1,0,0.19957620888504574
mai người ta đi học mai tao đi du lịch ố la la =))))))))))))),0,0,0.18773823323489564
bài học rút ra là học cách buông bỏ những thứ không thuộc về mình,0,0,0.20224297596294316
có đồng nghiệp đáng yêuc thì sếp có khó tánh mình vẫn cảm thấy vui rất nhiều . nhớ những ngày tháng đéo thèm tăng ca đi ăn bất chấp,0,0,0.17119209278464714
"anw , vote cho anh vũ",0,0,0.1349582142217527
tự nhiên muốn có con 😐 dume,0,1,0.5101470272294507
nhìn con mắt thấy đau đớn . tội em quá ????,1,0,0.24068395447277183
chỉ cần sống thật với cảm xúc .. với chính con người bạn là hạnh phúc nhất,0,0,0.2679027112650132
xem nà ra chiêu nà gẫy cây nà sấp mặt luôn nà 😂😆,0,0,0.21661765009312792
tội cho chàng trai ấy,1,0,0.2598280213600746
mỗi lần về quê mà sắp sửa đi qua chuồng ngỗng tao phải cầm cây chổi lông gà mới đi được đấy dume . quơ quơ vòng vòng cho mấy đĩ ngỗng né xa ra rồi chạy thụt lol luôn :=]]]],1,0,0.19776355297246112
azz :3 mặt cưng xĩu,0,0,0.3778230440042055
"chờ mãi mà không thấy , cứ thấy trống vắng vãi :((",1,0,0.30908378796260405
cưng vãi ấy,0,0,0.26019485875985104
"nhớ lại ngày đó , làm pg bán giấy , cười suốt ngày , khách chửi cũng cười , mà nhớ thời đó ghê , mới 1 , 2 năm chứ mấy",0,0,0.32083383267118604
tôi làm trades . lương tôi không có .. chỉ có thu nhập thôi có tính là cao nhất việt nam không ??? tháng tôi kiếm từ 3000 - 5000,0,0,0.19350779968484882
tao ở thanh hà và nhà tao không quả vải nào hết 😂,1,0,0.1970884108225209
ước gì có ai để tao tag vào .,1,0,0.39697637806736125
mong ông bà nhiều sức khoẻ . đáng yêu thực sự 😍😍😍,0,0,0.2692457750965584
phim này rất hay .,0,0,0.08773346534454092
ôi trời nguy hiểm thế,1,0,0.2304162004135264
"haha dần dần phải kiềm chế , khắc phục sẽ không đáng sợ không bằng vũ lực hành động mà nói đâu chết đó :)) kaka",0,0,0.454793144585483
sao mình gặp toàn thằng mất dạy hay bắt nạt mình nhỉ ? tuổi thơ bất hạnh :),1,0,0.2959842178199008
ước gì ba còn sống để làm điều đó với má . nhớ ba ❤️,1,0,0.29679481041567046
tiền cắt tóc như kia đủ mua giày rồi :v,1,0,0.3639800014052634
"per đang định đi chụp , thấy cái này sợ quá đéo đi nữa",1,0,0.25581614273249803
bt mà tao vẫn lạng lách ở đây suốt,0,0,0.29198547822270127
nhiệt tình + ngu dốt là phải trả giá bằng tiền mặt 😂😂,0,0,0.1846062768407038
"má gần nhà có nuôi 1 cặp ngày nào đi ngang nó nhìn thấy nó quay đầu bỏ chạy , con gì mà dữ thấy mẹ hà",1,0,0.22416973200756862
bạn trai tao đéo biết giận dai nên không phải dỗ,0,0,0.39877447337575106
hú hồn,1,0,0.22765809202188156
bò ra mà cười :)),0,0,0.26350923151969063
"ai cho mình xin tên phim với , mình không xem được 😢",1,0,0.33637833396978417
per đi tong một năm học ... nhưng vẫn tốt nghiệp ... :(,1,0,0.21913199281093795
ngoài ra còn một số cái buồn nữa . không giải quyết kịp thời thì ??,1,0,0.2994827927217093
cay đắng đến cùng cực và hạnh phúc đến tột đỉnh . chỉ là mình có quyền lựa chọn nó hay không thôi,1,0,0.32809629443339444
ở đâu cho tao làm vớiiiiii,0,0,0.21862678634536273
như con đười ươi :)))))),0,0,0.16564101460177716
coi mà cái tay nó rung trái tim nó đập sợ cái thằng đó té sấp mặt luôn thì không bình thường họa mi còn hót được không :)))),1,0,0.17374295779095583
"ngày em đến anh mất ngủ suốt mấy đêm vì vui sướng , ngày em nói dừng lại nước mắt anh rơi trên đường chạy về nhà",1,0,0.304033222927024
per nhớ ghê á nha 😂,0,0,0.09422558935977851
cái tháng học sấp mặt luôn,1,0,0.25898034281639254
trên đời sợ nhất mấy con trùn trùn như ri ! nhất là giun đất với rắn !!! đã từng bỏ tiết học sinh học mổ giun đất 😞😞,1,0,0.16924270784795284
hồi xưa còn bị vén tà áo dài nằm lên bàn rồi đánh . chứ quỳ thế này có là gì đâu . giờ mới thấy cảm ơn thầy cô vì hồi đó đã như vậy .,0,0,0.2970460839608316
dume nghe kể mà đau cổ họng vãi :),1,0,0.13257154862044151
"công nhận lãng mạn thật , nhưng tao đang tưởng tượng cái cảnh động phòng , eo ơi ......",1,0,0.24664647461530756
"per bất hạnh vãi , mà tao với mày đéo tạo được niềm vui :v",1,0,0.40108320259658076
nghĩ mà buồn vãi =)),1,0,0.18011575644442912
không biết có ai ở trong ngôi nhà không,1,0,0.313549738792868
dcm . ngày bé tao sợ nhện vãi . xem phim thấy yêu tinh nhện,1,0,0.12933578454447237
quá nguy hiểm .,1,0,0.16905077789487286
tuổi trẻ tài cao mà :)))))))),0,0,0.11091695709264712
"t chẳng muốn phải nói "" suýt nữa thì .."" một lần nào nữa trong đời của nhau nữa đâu ... vì vậy sẽ trân trọng khi người tới .",1,1,0.5923452069023784
nam nhân nhà người ta kbh làm tôi thất vọng,0,0,0.2670861543102386
per mày này . nhưng mà lúc già sắp chết 😕,1,0,0.42726495641655704
cụ bà đẹp lão quá cậu,0,0,0.1982656204937181
per không bao giờ quên được hihi,0,0,0.30409894786773933
per đúng rồi mình đây =)),0,0,0.20886359856953093
năm nay tao không còn cảm thấy cô đơn và mỏi chân nữa ... vì tao được ngồi mát và ăn ké socola of bọn có người yêu 😁😂...# mun 😘,0,0,0.30527931595218544
đm quả gật đầu quả quyết vãi 😂,0,0,0.16268308753089802
"chuẩn rồi . nhiều khi mệt muốn xỉu , xong đồng nghiệp đùa nhau đôi ba câu hay kể cho nhau vài câu chuyện thế là lại vui trở lại 😂😂😂 đồng nghiệp quan trọng thật sự",0,0,0.20306278286093152
tụi nhỏ dễ thương quá,0,0,0.2804789576670012
con bé bị quơ trúng nhìn đẹp như búp bê ấy < 3,0,0,0.2057998750001963
thương em :(,1,0,0.3683382277428944
nó bỏ mình đi rồi mỗi lần nghĩ tới nó ôi sao mà xót tim gan hơn mất người yêu,1,0,0.1918763907905377
tao bắt đầu sợ nó ròi đấy :)) ám ảnh vãi,1,0,0.2807897554920889
nó vẫn luôn hiện hữu xung quanh chúng ta . hãy dùng tình yêu thương đó và cho đi ❤,0,0,0.0803742238694735
thấy tội em thỏ bị ăn đòn tới tấp,1,0,0.28685957618627356
có đủ mọi gia vị :< em thấy vị đắng của sự chua sót quá nhiều :),1,0,0.301648924607233
"năm nào cả sinh nhật âm hay dương mẹ cũng gọi điện cho mình , bà ngoại trên 80 , bác ruột mình đều nhớ hết 😂😂😂",0,0,0.23328940443723045
"chán thật , dạo này hồi xuân hay sao đọc mấy cái kiểu này ấm lòng vãi :(",1,0,0.3014703439084635
tks admin ... tôi muốn tìm phim này lâu rồi mà không nhớ tên phim ... tks admin nhiều,0,0,0.24157794288785753
crush tao mất rồi .,1,0,0.2757600763893354
per xem xong hình như tao mới bị thêm bệnh tiểu đường,1,0,0.37160525260013766
câu chyện cổ tích thật ý nghĩa 😂😂,0,0,0.148958026089211
"ôi trời ơi , buồn cười quá đi mất 😂😂😂😂😂😂",0,0,0.27327532043820096
vui quá ta ơi ......,0,0,0.21922963068105236
"bởi vì anh đã gặp em đúng lúc , đúng lúc đó em đã có người thương ...",1,0,0.29825509320985955
"tàn nhẫn thế nào , là khi mình trao họ hết hy vọng rồi họ lại dập tắt đi nó",1,0,0.4273813158843906
cỡ nào anh cũng có thể chịu đựng được vì anh yêu em,0,0,0.25049554294349274
"thôi em sợ lắm , tha em bác",1,0,0.43193910885827047
"sướng nhờ , bên trung chúng nó yêu nhau toàn sống chung . 😂😂😂 toàn richkid :>",0,0,0.12193115664556185
ngưỡng mộ mấy cậu vẽ đẹp quá,0,0,0.15580827807133366
cảm ơn bạn đã yêu đất nước việt nam tôi,0,0,0.18814802214484158
mình sống ảo quen rồi nên đắp mặt nạ cũng đắp bằng app luôn :)))),0,0,0.12941319015869915
cuteeeeeee 😊😊😊😊😊,0,0,0.2642793352528638
nhưng nó cười với đứa khác không phải mày .... 💔,1,1,0.5048184120569518
per c . bị tinh thần đi xem đi 👻,0,0,0.34128942534550605
vậy mình xin chúc đk n năm tới không còn cô đơn nữa nha kkkkklk,0,0,0.3148512175278474
ấn tượng vãi :v bàn tay vàng trong làng vẩy khế :v,0,0,0.20548624603441729
"học xong cấp 3 , ngoài mừng vì được thoát khỏi đó thì không hề có lưu luyến 1 chút nào :))))))",0,0,0.23310091722315432
tao đang đi phân khối lớn đây . ai cũng kêu nhìn cá tính vãi 😁,0,0,0.1315951690530856
"mới đây mẹ tao giúp tao làm lại giấy khai sinh . mẹ có hỏi "" mày sinh ngày mấy để mẹ làm ""😑",1,0,0.3314655797856182
"công nhận , thời xưa bệnh mà cũng vui vãi . :)))",0,0,0.17163709827090173
chỉ mong ông trời sẽ bù đắp cho con cháu của họ sau này 😔😔,1,0,0.19177990954290017
không biết phải mình lúa không . chứ mỗi lần đi du lịch trước khi trả phòng là mình phải dọn sạch sẽ . cứ nghĩ nhận phòng sao thì trả phòng vậy . bị anh chồng la hoài là vậy,1,0,0.30139781190437986
và tôi đã mất đi 1 người như thế .,1,0,0.4780875205019866
nguyễn thị hồng phấn cũng may tao không thấy cặp nao hêtd,1,0,0.3086151953057677
per hãy cứ vững tâm tập điều độ rồi sẽ có thôi,0,0,0.22928816104287433
úi giời khiếp quá !!!!,1,0,0.26660180767733316
sao tao thấy đa phần mấy đứa con trai cắt tóc xong nhìn ngáo đéo chịu được vậy =))).. cười tét cả hàm chứ đùa,0,0,0.2758922616081161
t mà bị như này thì chắc tao chết luôn c ạ 😂😂 per,1,0,0.3766389931779727
per thể loại tao thích nè nhưng mày đi coi với tao nha không tao khóc thét rạp,1,0,0.3725508864998551
giờ cắt bộ móng đi cái tay vẫn cứ bị phế khó mà phục hồi được,1,0,0.2430842757759809
:(( tội bé,1,0,0.28771888220417424
thật là một câu chuyện buồn 😌,1,0,0.22980896934366365
xỉu lên xỉu xuống :(,1,0,0.24831945449594856
vãi linh hồn .,1,0,0.20283975640231855
các cháu giờ lợi hại quá :<,0,0,0.184678925157271
nỗi đau ấy ai thấy giúp tôi,1,0,0.28590228289597536
per sau này con bư lớn cũng vậy đó mẹ hahaa,0,0,0.251487875993916
per hồi nhỏ chuyên gia đi ngang nhà hàng xóm là bị nguyên bầy ngỗng nó dí nó rượt chạy khóc la um xùm .. giờ còn ám ảnh 😭,1,0,0.3434460323330097
boss dễ thương vãi lúa,0,0,0.2197556141514739
cảm thấy mình thất bại :((,1,0,0.44728947693402843
bộ phim đầu tiên làm tao khóc thành tiếng,1,0,0.276436167025757
bá đạo vậy chơi sao lại 🤣,1,0,0.2276186723190252
per huhu em không biết phải đi xem phim với ai nữa 😭,1,0,0.263825974368244
gần 1h đêm là con trai mà xem xong nói chuyện mắt vẫn rỡi 😔😔,1,0,0.30325161339341866
mấy đứa chân ngắn qua sao,1,0,0.24002252779119584
hahahaha,0,0,0.29216511787652183
đúng vậy dù có mệt mà đồng nghiệp nhiệt tình vui vẻ là cùng muốn đi hoài,0,0,0.24792010740992557
tiếc là chưa thấy cậu cười ngoài đời bao giờ,1,0,0.34707448301802124
per tao không gửi cho mọi người . tao chỉ đăng lên facebook cho thiên hạ biết thôi :))),0,0,0.30548882674447514
đúng là yêu tới đầu bạc răng long .,0,0,0.13749962715376446
vậy là hên rồi,0,0,0.22065186328213088
per bị phạt 10tr à c 🤣🤣,0,0,0.3019626715976181
mình còn chưa kịp đến :((,1,0,0.36199709975099426
mình không quan tâm giá trị học bổng bao nhiêu . mà tớ q . tâm em đó sẽ dành những gì cho đất nước sau khi học xong thôi . hee . chúc mừng em .,0,0,0.28211254168216815
per trailer không có tiếng thôi mà đã thấy ghê rồi đó !,1,0,0.21235763259777427
"per chồng xem đi , hài lắm",0,0,0.25080296323292506
"cả thế giới biết toau crush mày , còn mày thì íu nhận ra 😐",1,0,0.4208238599202236
dễ thở hơn so với đề văn sáng nay 😂😂😂,0,0,0.17168380602699015
mèo người ta đi lạc về nó còn nhớ chủ chủ còn được đụng nó còn mèo nhà tao đi tán trai có mấy tháng về nhà thấy chủ như thấy ma 😌😌,1,0,0.2212498922077557
"ôi vãi , mày thật bất hạnh vì có lũ bạn như thế",1,0,0.3535661741487373
:))) đồng nghiệp đáng yêu,0,0,0.07737769164041002
gần nhà tao lại chẳng còn sót lại anh nào huhu,1,0,0.32795481652366154
cảm ơn các anh tình nguyện viên .,0,0,0.1238904846526169
hồi xưa tao bị tiêu chảy kèm ho đã sợ vãi . giờ ho không thôi cũng sợ nhỉ . ??,1,0,0.282847212422447
hoá ra chúng ta không biết nhiều về tình yêu như ta vẫn nghĩ 😢,1,0,0.21623741164973106
nghe bài này đau lòng quá mà,1,0,0.19681006144990676
đáng yêu mà sợ gì,0,0,0.18145605987469232
còn tệ hơn năm ngoái,1,0,0.3649576649536005
gần thôi :))) giờ nhìn lại đề thi và không hiểu sao mình ra trường được :))),0,0,0.19179835819418167
có một sự tổn thương không hề nhẹ ở đây,1,0,0.39194348117998207
"học chán phèo , chả có gì đáng nhớ",1,0,0.2564371873277781
tao thấy dễ thương màaaa,0,0,0.2516100065039246
"mình theo dõi mấy nick quân nhân , tập trận , pccc ... hay vãi luôn á .",0,0,0.17759369392930352
sau khi có vợ anh per đã có đồ giả gái xinh và tinh tế hơn 😆,0,0,0.21815499504933097
giận ngược lại rồi giận luôn chứ có huề đéo đâu :(((,1,0,0.45193983733416077
ấm lòng vãi huhu,0,0,0.28997106537047995
per cười đau bụng luôn 🤣🤣,0,0,0.2978313521770731
"mình thấy sợ mấy con rắn quá trời , mà cái gì mình sợ là mình hay muốn tiêu diệt -))",1,0,0.3496542135093974
đợi chúng nó đang ăn lấy xe cứu hỏa phun nước ôi tao hình dung ra cảnh đó thật tuyệt,0,0,0.2528152583720265
ba mẹ tao chửi tao tao chỉ biết câm họng và bưng tô cơm ra chỗ khác vừa ngồi ăn vừa khóc một mình cho dù biết răng mình k có lỗi 😭😭 !?,1,1,0.5221906762555685
dạ đây là chị gái em nha không phải chồng đâu ạ người trong hình là em huhu ?,1,0,0.22549730821625608
đoạn cuối yêu mún chết,0,0,0.299406349567253
"tao buồn quá , tao đang khóc !!!",1,0,0.4121663971540188
per đây là chúng mềnh 🤪🤪,0,0,0.154071039717219
per đóng vai chính đúng xuất sắc lun,0,0,0.20797058332641696
ngày xưa mừn cũng hay thế lắm .,0,0,0.29404842986338764
má hồi xưa về ngoại chơi đi đường bị nguyên đàn yêu nghiệt này dí chạy té đái giờ vẫn sợ bọn nó 😨😨😨,1,0,0.22204123275093718
😑 sao cái kết gì mà buồn vậy,1,0,0.2609857497227061
tuổi trẻ tài cao là đây,0,0,0.1558127675292591
đùa ... cảnh sát việt nam tài thật . vụ gì cũng bắt trong 48 giờ,0,0,0.23716768945454603
"ôi đời vẫn là chịu không nỗi đời mà , chán",1,0,0.32039999559922444
sợ con này lắm :((,1,0,0.4221036108594374
rồi lại im thôi . 200k hay 5tr thì cũng vậy,1,0,0.16114789254017117
nghe mãi mà vẫn thấy hay,0,0,0.14066079887321434
"gập đúng người mà mình muốn thương , muốn yêu , muốn chăm sóc . nhưng thật tiếc khi trong tay vẫn chưa có gì",1,0,0.333405806514023
tới lúc chia tay rồi khóc :(,1,0,0.3249352738170686
"có lần tao thổi cơm không đổ nước lúc khét mở vung ra mới biết , làm đánh đít xong cả tiếng trời không hết",1,0,0.36139982579105856
bố mẹ cho ta đx tồn tại trên cuộc đời này biết nhận thức thì tự đi lên từ đôi tay của mình nhé 😘,0,0,0.3887322034190021
per nhớ bột mì chiên huhuhu,1,0,0.1912772613539449
chắc hẳn trước kia em bị đối xử tồi tệ lắm nên mới vậy :(,1,1,0.5182549190021949
chuẩn luôn :)),0,0,0.12570180079573504
"giờ bà già lắm rồi , nhổ sợ hết tóc , nghĩ tao lại thấy buồn quá 😞😞",1,0,0.2997118282998873
như kiểu người yêu luôn ấy =))) nhẹ nhàng,0,0,0.1104504743621449
chạy xe hơn 40 ' chỉ để chạy ngang chỗ crush làm nhìn 1 cái rồi về :) đến giờ vẫn vậy cứ rảnh là chạy vô nhìn cái rồi về :),0,0,0.17419887202144244
đừng ai lấy cả hộp kẹp của anh ý nhé :(((,1,0,0.25548740620698296
cuối cùng là hai mình ăn được ngủ được :))) đứa nào cũng lên vài kí,0,0,0.26829193722950395
haha mắc cười quá ... nhưng thật chúng mày là tao rất sợ rắn ...,1,0,0.41271450757589034
yêu nghề chuẩn mẹ rồi,0,0,0.17464587681540245
"tao khuyên mày , bật lên mr . siro lên mà nghe , đời sẽ vui vẻ hơn =))",0,0,0.15732955119856087
per chị ơi còn học được cả tiếng anh nữa luôn này :v hịn quá,0,0,0.18547824595936055
"mới xem 1 đoạn xíu này mà cũng khóc hết hơi , nhìn em bé mất bố mà quay ra nhìn lại con mình đỏ hỏn nằm bên cạnh , thấy thương quá 😭",1,0,0.20918321926739986
xem đi xem lại mà khóc sướt mướt 😭😭😭,1,0,0.20941273755979542
t nhớ tao đang xem xxx thì chưa cắm tai nghe 😭😭😭,1,0,0.21298915487726675
< 3 chuyện lạ có thật :))),0,0,0.18882496847747576
ông thần nhây vãi đái 😂😂,0,0,0.20704721673899504
nói chung là ai nào buông tay thì người chết vẫn là mấy đứa con gái như tao 😭,1,0,0.2991514250761786
mày định lướt qua rồi nhưng khi đọc bình luận của các bạn và xem kĩ lại thì mày đã rớt nước mắt 😭😭😭.... người cha thật vĩ đại,1,0,0.33004573503007595
câu chuyện vui ha =]],0,0,0.20343636045495217
tao cũng muốn học vẽ lắm :( cơ mà không có điều kiện để đi học,1,0,0.32314976521772143
21 năm chưa crush ai thì có gọi là ế thâm niêm không hả các bác,1,0,0.1970276183690937
em đừng đi tập gym em nhé . bth em đã mê trai lắm rồi . em mà đi tập nữa chị không biết em như thế nào luôn 😢 per,1,0,0.32882701327368175
giòi béo lắm :)),0,0,0.21971813297650267
lũ kiến ở nhà mày thích vậy .,0,0,0.28005526993867585
thích bài này lắm lun . thuộc lun,0,0,0.22201991913489078
dù chỉ là 1 cây bông nhưng nó là tất cả tình yêu của ông dành cho bà ❤❤❤,0,0,0.14906697709774655
"per đấu nhau to rồi , phen này hay",0,0,0.1401358982219185
chạy ios cho máu 😂,0,0,0.15258965817379394
nấu mì 2 tôm là vô địch,0,0,0.3135453673065354
nghe thấm câu vàng trắng nhưng thực tế là trắng tay thôi nghe mà buồn,1,0,0.33545880798303757
ngồi suy nghĩ 1 hồi xem trái hay phải rồi mới nói được . khổ vãi mà !,1,0,0.28253243048945026
nghe kể mà thèm ạ :'(,1,0,0.17735247336736237
cầu trời phật cho đại gia đình con sức khỏe !,0,0,0.34232540097961234
xem lại quá nhiều lần đến nỗi không nhớ nổi . vì phim quá hay và ý nghĩa .,0,0,0.16472069565596897
t tin crush của tao không bị thịt vì tao đéo crush ai cả =)),0,0,0.2683109499463378
hôm qua xem cười lộn ruột,0,0,0.2432866309398285
và ông đã có nỗi buồn mới thay vì buồn thất tình,1,0,0.22530070503054886
giá mà có ai để giận :v,1,0,0.37819993166220495
ngộ nghĩnh nhỉ ! lạ lờ nhỉ !,0,0,0.22723675478786312
lúc thì cuốc đất è cổ ra không có giun mà câu cá 😒,1,0,0.13455662555710557
"còn giữ 2 cái đĩa cổ này luôn á , ghê hông",0,0,0.20470106137973684
có 1 đứa hợp tác vậy là cũg quý hoá quá rồi,0,0,0.21995409116526565
tao đã đóng dấu cấm đứa nào rớ vào =)))),0,0,0.28648441662548413
nguy hiểm vãi chưởng luôn ý,1,0,0.19302267177486054
em tìm link phim mà sao nó ra phim khác chứ không phải phim này zay mọi người 😞,1,0,0.1870654444833396
24 tuổi thấy đời đắng và khá mặn,1,0,0.2169883500081243
per coi phim này chắc chết luôn trong rạp,1,0,0.26954137542919704
bán hàng online hồi năm cấp 3 :))) tháng hè ấy đi quanh hạnh phúc để giao hàng với bố . được lãi 4 tr :)))),0,0,0.11908069296868905
cười sái mẹ quai hàm,0,0,0.3358210598587339
"cần gì xa hoa đâu , thế này là hạnh phúc , thấy thương và ngưỡng mộ ông bà quá",0,0,0.19083601305870973
bài nhạc hay khi nó đúng tâm trạng ... nhạc hay !!!!!,0,0,0.21239304165592812
thế là dấu ấn lịch sử và hình tượng thằng gù nhà thờ đức bà của nước pháp đã thành tàn tro :(,1,0,0.182909617528981
"cậu ấy tán tôi , tôi từ chối . thế là từ đó chúng tôi đéo làm bạn được nữa !!!",1,0,0.4187000148641551
"bánh tráng trộn năm đó ở roai ờ ti , ruột đau như cắt nói chuyện mắt đầm đìa đền thg dưa gang cốc dưa hấu kem chi per",1,0,0.37100408129878826
như chết đi sống lại 🙂,1,1,0.6113134885464777
ai chưa xem thì nên xem 1 lần đi . đảm bảo không phí 3h đồng hồ của các bạn 😃,0,0,0.20039924459885972
đáng yêu vậy =))),0,0,0.11846348768737104
độc mà lần nào đi viện cũng bắt chụp 😭😭,1,0,0.25216789556047164
từ bé đến giờ mình chưa bao giờ xếp được 1 cái rubic nào thế mà cu nhóc kia xếp xong trong vài giây ! xấu hổ quá,1,0,0.3050249930099086
nếu ai cũng có ý thức tốt đẹp thì đất nước này còn gì để nói . đâu có ai hoàn toàn hoàn hảo đâu bạn . dù là moi tần lớp,0,0,0.19022303240452798
mày xinh thế ? tao ốm tí đã xấu hoắc,1,0,0.35361628247988086
một cái tết nhiều tiền,0,0,0.2302235706088829
per cách này coi bộ hay nha 😂,0,0,0.18730244995826956
đừng có thấy 6 múi mà ham nha nha 😂😂,0,0,0.12841467079859073
cái ông aamir khan đóng phim nao cũng hay và ý nghia het,0,0,0.16782351339252874
ở đâu cũng có người tốt nè anh kkkk,0,0,0.17806106624349732
lại mưa 😞,1,0,0.42230376910383155
xong là phê lắm mày,0,0,0.37708343719364656
bên aeon hay thật đấy =))))),0,0,0.1143350007385082
không có bạn trai ... thì giận ai 😑😑,1,0,0.36749934100098747
chia buồn cùng khổ chủ,1,0,0.354669387966144
"quan trọng là lòng tin , bạn bè mình một số người mình đã mất lòng tin thì đừng bao giờ nói chuyện tiền nong . khâm phục anh",0,0,0.21211602987102599
thật khó để có cả 2 khi chúng ta còn trẻ :),1,0,0.10456545662668917
phim ấn thì của lão amir khan là hay vol,0,0,0.13070019423654736
ừ mỗi lần thế lần buồn kinh lắm mày ạ,1,1,0.5743277462721212
cảm ơn . anh .,0,0,0.1269575226594893
per kết truyện chất ghê :)))))),0,0,0.13440855168676322
chúng mày đã bao giờ bị hất cả cốc nước vào mặt vì mặt không bao giờ tươi cười niềm nở chưa ?,1,0,0.4562080180155112
t đã soi gương suốt ngày chỉ để gặp crush và ngắm nụ cười tỏa nắng của nó,0,0,0.3352816748321534
chẳng đủ dịu dàng để níu bước chân anh,1,0,0.23142313509226886
rủ được crush đi thì không cần qua đây nữa rồi admin ưiiii :(((,1,0,0.22590186174204724
per nghe lại buồn vãi,1,0,0.22521234344694296
"bọn nó nhỏ mà đã có người yêu , còn tao thì ế :((",1,0,0.19711057178922317
"người đàn ông ốm đau nói với vợ mình :” ở lại với anh ” rồi cầm tay bà . đó là tình yêu , vỏn vẹn 20 năm ngắn ngủi . tình yêu bố dành cho mẹ",0,0,0.23624217232667014
tao ám ảnh việc lau sàn,1,0,0.4188927269976932
ra chỗ khác sóng không tới viết đi cậu :((( nhìn buồn vãi,1,0,0.2109608805534721
nhói lòng lớp tôi,1,0,0.29462694101680753
nhìn ma tiếc từng hạt trân châu,1,0,0.21813318998235035
năm nay vào quán net ngồi cho đỡ phải nhìn .....☺️,1,0,0.3005656647481368
per sợ ghê bây .,1,0,0.2875294345131826
tao coi xong tao khóc .,1,0,0.3626469875205002
tao nhiều tài lắm .. nhưng tài sản còn cái mạng què và đôi tay trắng 😭😭,1,0,0.46854433911356635
"per 😥 cảm thấy tội lỗi quá , từ nay không chụp nữa thiệt luôn",1,0,0.22125854778572857
đã biết là thế nhưng không còn cách nào khác :(,1,1,0.5745722012101088
chưa bao giờ bắn trúng 😬,1,0,0.2700877432540247
đăng khoa lê lò dầu của mẹ nè anh 😘😘😘,0,0,0.29904647710838533
per phim này thấy trailer hấp dẫn ghê 😁,0,0,0.19255245468971863
bó tay luôn á,1,0,0.20781841743503768
"hai đứa chia tay , tao nhảy vào .",0,0,0.4799361868583752
thương nhau còn chả hết dỗi nhau làm chi 😂,0,0,0.19275977185784718
"ôi thôi , cưng quá :v",0,0,0.27040209679702426
đó là một câu chuyện buồn,1,0,0.2678840295917382
"động lực là lo được cho gdinh , tự chủ bản thân",0,0,0.40731988936082564
"buồn cho những ai thờ ơ , vô cảm trước một sự việc như thế .",1,0,0.37859010286286043
cuối cùng tao cũng được xem hết mấy cái video mà trước đọc comt đéo hiểu gì 🤣🤣,0,0,0.25761667261588356
đọc tin nhắn đầu thấy cay cay ngay mũi,1,0,0.29825113952616367
chỉ dân đen là khổ thôi . chả trách được họ khi cố gắng đi tìm may mắn ở nơi chùa chiền,1,0,0.2968482134631419
tinh trùng của người ngoài hành tinh thật đáng sợ 👏🏻👏🏻👏🏻,1,0,0.3864546230302987
haha :))) nãy giờ mấy tiếng rồi mà các bác vẫn còn căng :))),0,0,0.1631188200484642
chút mua ... hehe,0,0,0.3626075556281274
ra sông mò đồng xu cùng ông anh hàng xóm được khoản kếch xù :))),0,0,0.2437923659050399
cái chứng minh hình kia dễ vãi . cứ vẽ hình lên bài xong người chấm điểm người ta thấy là biết chứ sao :)),0,0,0.17103317310595523
thế này lại thành xây nhà cho nhà hàng xóm rồi 😰,1,0,0.29194586162926994
tôi từng trách bố mẹ sao sinh tôi ra trong hoàn cảnh này,1,0,0.3138278029166249
em xin lỗi anh,1,0,0.3699090989192586
"đến cả khi nó nói thích mình , 1 phút sau nó lại nói chỉ trêu . mệt mỏi",1,0,0.46446137057528336
mày nói thôi mà tao nghĩ cũng thấy buồn rồi :(((,1,0,0.39432177203923574
tao ghét và tao sợ nó,1,0,0.34018961562836786
buồn hơn thế là đối với 1 đứa con gái năm lần bảy lượt chủ động ib họ nhưng vẫn bị xem thường ... xem mà đéo rep ... hết thương là vậy ... 😞😞😞,1,0,0.34576736506420236
đúng là nói thì dễ hành động không bao giờ làm được ))),1,0,0.2327194998022005
add cứ khoe đi . mai lại chặt hết như nguyễn trãi mà 😂😂😂,0,0,0.18021816998216203
cả một bầu trời đáng yêu :))))),0,0,0.17597863955801346
đến câu nào có đáp số quen thì khoanh :)),0,0,0.17911277594637018
hoan hô . công nhân đâu phải trẻ mầm non,0,0,0.2285227996253466
hỏi sao bác sĩ hay bị người nhà bệnh nhân chém :)),0,0,0.20594861884039514
per nguy hiểm vãi,1,0,0.18479511995347947
nhìn thôi cũng đau lòng :)),1,0,0.16928231770548394
tao bị quỳ cột cờ mới ác . cả trường biết mặt luôn . nhục vãi,1,0,0.2613578675587755
per sau hôm sinh nhật là có cái này . ngon vãi,0,0,0.1976132517065215
per đúng chất em lun hâha,0,0,0.23698785214517779
thích mấy đứa này,0,0,0.25502432656954455
viết tên anh trên cát cho sóng đập nát cái matlon anh :)),0,0,0.20201266874400395
"má .., ruồi bay qua táp chết tươi :)))",0,0,0.26319210894909995
"tao có một nỗi sợ khác cũng khá giống con yêu tinh này đó là con yêu nghiệt ngan đực :3 con này thành tinh hung ác vãi_chưởng , đi ra vườn đéo làm gì nó , nó cũng rượt mình . đậu ! đó là tao kể ngày bé thôi =) chứ lớn lên tao biết vơ cây củi theo để đi ra vườn rồi =))",1,0,0.27181646799350656
"ai mang đồ ăn cho anh ấy đi , kẻo đói tội nghiệp",1,0,0.2623936108051146
vì mình chỉ là giờ giải lao trong một hiệp chơi chính của họ,1,0,0.3040273550999458
sắp có thực đơn món mới 😍,0,0,0.28655890177983984
tình yêu cha mẹ dành cho con cái là vô điều kiện . mình đã khóc,1,0,0.22656255141146625
cơ mà tao bị thần kinh thật,1,0,0.4447693124414957
hay cực,0,0,0.3279605491827837
má tao coi mà cứ sợ nó bay ra 😌😌,1,0,0.2579041397413255
hãy cười thật tươi để cho cuộc sống của bạn trở nên thật tuyệt vời 😁,0,0,0.26294105659151495
hơi bị nhanh trí :)),0,0,0.20477848107179217
thô nhưg thật :)),0,0,0.2385414114675365
nhớ lúc trước tao cũng có học quyền và múa tứ linh đao bay thẳng vào trán . :),1,0,0.13946846861445697
còn chả có ai nói chuyện thân thiết quan tâm đến tôi :<,1,0,0.39098545642457
tao cũng có 1 con đi lạc 1 tuần xong nó về bắt cho tao 2 con chuột làm tao mất ngủ xong hôm sau nó đi tiếp 😞 tao mong nó về lắm 😞,1,0,0.4467352493128744
"hôm nào đi học về cũng phải đi qa , nhà nuôi lũ này ở đỉnh dốc , đi học về tới chân dốc thôi là nghe lũ quỷ đó đứng đầu dốc đón đường bọn tao rồi . méo đạp xe lên dốc nổi , dắt xe lên dốc mà muốn vứt mẹ cái xe đạp để chạy lấy thân cho rồi :((",1,0,0.20947560956043879
dễ thương quá,0,0,0.1913206861000437
dm ông cầm cam cho cẩn thận vào tôi cũng muốn ngã mẹ nó rồi này,1,0,0.47846296854936715
con nào cũng là con nhé . con trai tao tập từ nhỏ đã biết tự lo và phụ mẹ rồi :)),0,0,0.2949968514657975
người ta thật thà phết,0,0,0.15711683291727266
bị từ chối rồi,1,0,0.451405335841413
ngày xưa cũng vui lắm mà giờ mỗi đứa 1 nơi rồi,1,0,0.3069931305128648
nghe tình vãi =)))),0,0,0.12133594315728566
"3s để tôi nói tôi yêu em và cả quãng đời còn lại để tôi chứng minh lời tôi nói :"" tôi yêu em """,0,0,0.2907765170876255
mình bình luận chủ yếu muốn khoe mình là fan cứng thôi :)) các bạn không cần để ý,0,0,0.2189995132349386
"gặp một nhà nuôi 1 con chó với 2 con ngỗng , trời ơi chưa kịp vào nhà , con chó còn chưa sủa mà con ngỗng đã đuổi chạy vắt chân lên cổ rồi :'( nhục",1,0,0.3353792731920332
câu chuyện của mày làm tao buồn quá,1,0,0.43461074988772697
"per này , thích thì xem cho đã con mắt đi 🙁 đáng sợ quá mà",1,0,0.36190482783969785
mau khoẻ nhé :d,0,0,0.20584012394913426
công nhận chữ đẹp . 🤧,0,0,0.1862481596672219
nhìn mày thế kia đến tao còn thích ngủ cùng huống gì em mày,0,0,0.48042461013619814
"thiện tai , thế giới này khi nào mới được yên bình",1,0,0.41950325025007495
làm tao liên tưởng đển phượng hoàng cổ trấn :))),0,0,0.17321345601615584
tiền nhiều để làm gì ? để rồi lại chia ly,1,0,0.3602907151276821
điềm báo gì đây,1,0,0.25937376223263553
per huhu mất đi đồng nghiệp 😭,1,0,0.19407057459239066
chẳng những hư xe mà còn bị phạt nặng nữa,1,0,0.4462454982896706
nhất là lúc 16h chuẩn bị đến giờ đá bóng . chất rơm đầy bếp cho nó mau chín 🥰🥰 yêu quá thời đó,0,0,0.20436489528234106
bắt ve cho nó điiii . trông khổ quá,1,0,0.1807436735985617
khi nào mình già rồi cũng như v nha per kkkkkkkkkk,0,0,0.21935091311689647
những người có tài như này công nhận giỏi,0,0,0.20527518504779563
😞 đó sẽ là những kỉ niệm thật đẹp,1,0,0.10382836308287403
tao bị biến dạng luôn một tay,1,0,0.365400513234305
chời má . ngọt chết tao rồi :)))))),0,0,0.3181543989479533
chạy ngay đi 😱😱😱 sợ quá .,1,0,0.20172906093185763
"nhìn cảnh 2 bố con hôn từ biệt , em bé cũng rướn mặt theo hôn bố mà chảy nước mắt , em bé như thế chắc không biết diễn , đúng là cảnh đẹp quá",1,0,0.22840572550506136
rất tiếc em vẫn chưa gặp được anh :((((,1,0,0.21744353717852788
"e ấy đang khóc , nhưng vì hàm răng không thể thụt vào nên mọi người nghĩ là em đang cười :))))",0,0,0.2587204829453003
per thì tốt nhỉ quá đỉnh luôn ... nhưng không biết được trọng dụng không nữa buồn quá,1,0,0.36079622959890034
"cấp 3 , đáng tiếc nhất trong thời học sinh ^^",1,0,0.19633245064240554
đm nhìn ngầu vãi,0,0,0.17870299854467164
em đang ở đâu mà mấy năm rồi chưa thấy xuất hiện :),1,0,0.14507197724912332
phải chi có người để giận mình nhỉ :(((,1,0,0.27947221413739814
dễ thương vậy,0,0,0.1972342863250059
vào sg 50k / không cũng mua . 100k / không cũng mua ! ha ha,0,0,0.22270277971923552
"tao cũng là người cuối cùng ra khỏi căn phòng ấy , ngắm nghía lần cuối rồi rời đi , khép lại 3 năm đẹp nhất của đời người . tao không khóc nhưng trong lòng rối bời , muốn ôm hết all vào mình .",1,0,0.4903186898752439
14 / 2 năm sau tau sẽ là ông già cô đơn ....,1,0,0.24432544846710688
"ra đi là lựa chọn đúng , ở lại incheon để gánh team làm gì cho mệt ra lại bị tiếng xấu .",0,0,0.40040447645025096
"ôi dume giật nảy mình , tí thì rơi điện thoại",1,0,0.2607899128951409
hiện tại cảm thấy hạnh phúc khi môi trường làm việc toàn người lầy ....,0,0,0.2242158709607864
k cần biết nội dung ... nhìn mặt con bé thoy muốn cưới về cho con trai mình ngay rồi 😂😂,0,0,0.1925016318263618
vụ này chắc xử nhanh hơn vụ trong thang máy .... 😂😂😂,0,0,0.2123512415297417
"đặt mình vào vị trí của nhau , biết lo lắng suy nghĩ san sẻ cho nhau vậy là đủ rồi . có quá khó không ?",1,0,0.2651405095706505
per mã mẹ biết hôm qua quay video sớm hơn ự,1,0,0.1813946375763056
"cả phim trừ anh dv chính ra thì thấy anh này là đáng yêu nhất , dù nhìn hơi hâm hâm tý",0,0,0.09312495038249365
may mà không mua laptop này không thì ăn lìn lâu rồi :(,0,0,0.25746559653639073
câu chuyện của em làm anh cảm động quá …,1,0,0.251932648642428
ý tưởng hay,0,0,0.3167756898250788
"xem mà đau lòng , đau lòng nhưng vẫn xem :((((",1,0,0.33605925681822374
con dựt gái đây sao hahaha,0,0,0.23242954264756943
thế hóa ra nguy cơ trầm cảm của tao cao lắm,1,1,0.5635360684847547
có ai thừa biết nó sẽ nhảy vào điện thoại nhưng cuối cùng là vẫn giật mình không 🤣,0,0,0.2869134402407496
per nghe chưa nhân viên mới ... kk,0,0,0.21582106750011684
đáng yêu vãi =))))),0,0,0.12459048353591624
nó bể 1 phát lúng tới cổ dume tởn tới già,1,0,0.16229163780057906
cảm ơn những người thả 😡 nên mình biết là đéo hay nên mình đéo xem . may vãi,0,0,0.24673678477087843
đồng nghiệp nhắng nhít nhất hệ mặt trời =))),0,0,0.13909586050883774
giống thằng này vãi :))),0,0,0.17683515355260884
lò xo chắc giờ không còn nữa rồi,1,0,0.3118217221200914
đơn giản là thấy họ cười 😂😂,0,0,0.2676289426102596
hú hồn lon vẫn còn,1,0,0.2022077774108816
"diễn còn cứng quá à , kiểu biết rồi mà còn giả bộ bất ngờ :))",0,0,0.1485886707770733
công nhận nó phê như vậy thật 😂,0,0,0.14403410731442937
per đã hiểu sao hè năm ngoái có quả lịch học vãi chưa =)),0,0,0.16052302361134743
chúng ta nói với nhau nhiều quá nên bao giờ không còn gì để nói với nhau 🙂,1,0,0.1931635416366109
hôm ấy tao chân ướt chân ráo từ quận 6 lên quận 3 cũng rẽ trái đoạn ntmk và cmt8 . mất 3 lít :( khôn hẳn ra,1,0,0.2603584508653062
rồi mấy đứa chân ngắn đi chắc dập người hết . bay qua sao nổi =)))),1,0,0.16404584820191503
vui tính tí cũng khó cơ,1,0,0.19635198403294696
"dân vũng tàu có khác , toàn người nhân cách cao",0,0,0.1446603344973109
"dăm ba cái thể hiện tình cảm này ngày xưa tao đầy , nhưng từ ngày cưới xong đi qua đường chắc chồng tao rơi mất não nên chưa thấy lặp lại bao giờ . 😌",1,0,0.3264301357950743
chưa kịp đặt chân đến chiêm ngưỡng nó ...,1,0,0.19266301265887503
per thế đéo nào mình chơi với toàn gái mà tính vẫn giống con trai . _ .,1,0,0.24772354165662117
đã sợ rồi .. cố gắng hí mắt để xa ra để coi như thế nào .. khúc cuối hết hồn dục luôn cái điện thoại :))),1,0,0.22918208565012985
per xem đi haha,0,0,0.24470729839001826
chỉ mong có người đến cuối đời vẫn yêu mình như ngày đầu tiên ❤,0,0,0.270690222629245
per viêm màn túi cấp nghiêm trọng,1,0,0.19587080341510063
chiều mưa hứa tự sẽ tự đi mua đôi giầy mới 😂,0,0,0.3393802701686258
vâng em gặp anh rồi mà giờ đây em vẫn cô đơn đi lang thang tìm những thứ vô nghĩa lấp vào nỗi cô đơn ấy,1,0,0.34189387083921297
mình cũng một thời gắn bó với nó,0,0,0.39463585130673595
nhện thông minh quá per,0,0,0.24168829818598447
mình thiì chưa năm nào được trọn vẹn,1,0,0.30526586125479754
số hưởng rồi tránh sao nổi :d,0,0,0.24569692630588139
ước mơ nhỏ nhoi của tao là được làm chị mà không thể nào làm được huhu,1,0,0.385259023854642
cô ấy không yêu tôi,1,0,0.23112972256464187
tạm biệt ông 😢,1,0,0.4558863546640534
nguy hiểm thật ... suýt nữa tao ảo tưởng con mẹ nó luôn rồi ..,1,0,0.4039948936818684
"nhà tao bên cạnh phòng tập gym , lúc trước bán dụng cụ thể thao ế vãi ra , nợ nần chồng chất ! từ ngày chuyển sang làm đại lý dầu ăn , gia đình tao phất lên trông thấy !😂😂",0,0,0.2412499722962718
per hồi đó mua điểm đại học nè 😂😂😂,0,0,0.14375660809040164
nó lại hợp lí vãi,0,0,0.1862662596068596
"per hihi học ở đâu không quan trọng , quan trọng là bọn mình luôn có nhau hihi",0,0,0.17078307895265155
"may công an đến bắt chứ không thì dân chỗ đó cho vào nồi cả rồi , đã có người cắt cử nhau đi mua giềng mẻ rồi đó chứ 😆",0,0,0.28760088389184413
"eo ôi thằng nhóc áo xanh cuối cùng , sao này lớn lên chắc là sói ca haha",0,0,0.23638329907862038
"thôi bảo em gái xuống ngủ với mẹ đi , còn em percó sợ ma không ? thì ngủ với anh . hehe",0,0,0.27894851171478086
càng thân thiết khi quay lưng càng đau lòng .,1,0,0.2963751182539594
per nhìn đẹp thiệt mày,0,0,0.22268753606622982
😭😭😭 sinh lão bệnh tử hẹn gặp kiếp sau,1,0,0.3161801950201289
nghiệp hơi nặng nha !. làm hết hồn,1,0,0.2780576263487659
đúng là khổ trước sướng sau thế mới giàu =))),0,0,0.17629688936016288
nt thêm cái dạ vâng thấy quý vãi,0,0,0.23540942925468145
"200 năm xây dựng , tồn tại 800 năm , thật là tiếc cho nước pháp .",1,0,0.37806424782309006
hú hồn chim én :)),1,0,0.1496974733448941
đừng bỏ tao ra đi mà,1,0,0.27497051115369336
"gặp tao , tao ré cái hoảng mất :(( đáng sợ qué",1,0,0.44640039271984605
tự nhiên mình xem và mỉm cười theo .,0,0,0.3009823412435532
cái máy này có thật thì bọn chính trị gia sẽ ăn cứt hết 😂😂,0,0,0.27320362354233435
per hãy cảm ơn tao đi hâhah,0,0,0.23873190452051093
chú nghĩ cháu rất giỏi văn và là người có suy nghĩ trưởng thành rồi 💐 rất đáng yêu và tếu giống mấy con giặc nhà chú ❤️,0,0,0.20559580181040277
cần lắm nhiều vụ ly hôn như thế 😂😀😀😁🤣🤣,0,1,0.5559336063408987
cái đoạn nướng cháy pizza để phốt công nhận là chuyên nghiệp thật :),0,0,0.12069728163551433
và mày chợt nhận ra người yêu củ của mày có người yêu mới huhu,1,0,0.14233026214041897
"con bé xinh nhờ , khốn nạn là cái thằng edit video ý :)))",0,0,0.13502749275156226
đây chính là lý do tao giảm cân toàn thất bại,1,0,0.419875138527685
chưa bao giờ còn yêu nhiều hơn thế 😍😍 bởi cha mẹ cho tôi tất cả,0,0,0.255392175638039
"giờ nghĩ lại mới thấy vui thế , đến nay bạn bè lập gia đình cả rồi :(((",1,0,0.31351800709269306
per đồng nghiệp tốt giúp ta dễ vào nhà thương điên kkkk,0,0,0.12922156933216628
thằng nào chưa bước vào quán bar hay karaoke giống tao không 😂 trai ngoan điểm danh 😄,0,0,0.302525236449366
per đưa anh nè không cần năn nỉ . chỉ cần em cởi hết đồ ra thôi . đúng không,0,0,0.23946936382562073
tuyệt vời . aeon mall có khác,0,0,0.1580597157186058
trải qua một cuộc bể dâu . những điều trông thấy mà đau đớn lòng,1,0,0.30604409919757963
hè về chỉ thích ăn cái này .,0,0,0.27739878351709135
tư ̀ hô ̀ i ba ̣ n â ́ y chuyê ̉ n trươ ̀ người thi ̀ chă ̉ người co ̀ n ai đô ́ i xư ̉ tô ́ tao vơ ́ i tao như vâ ̣ y nư ̃ anh . :(,1,0,0.24061918872425994
"mặt đúng kiểu , em hiểu cảm giác phê của anh không kkk",0,0,0.35595098185590923
thỉnh thoảng lại xem lại phim này quá hay và ý nghĩa,0,0,0.2454833113702074
tận cùng của tan vỡ ah có biết là gì không ?,1,0,0.15913863744327353
không muốn huhu,1,0,0.3400502461900783
đầu năm chúc đại kỷ nguyên vạn sự như ý nhé,0,0,0.1286693431515267
loài này bé như ngón tay phàm ăn lắm sợ luôn,1,0,0.3020273397352519
rút kinh nghiệm năm ngoái 😂😂😂😂😂👍👍👍,0,0,0.17804975633117592
trông tội vãi,1,0,0.21540447054480635
yêu dã man kkk,0,0,0.22141505143972406
nước mình chả í thức gì cả xả rác bừa bãi để trôi rác đầy đường thể này thật buồn,1,0,0.159871400520065
nghiệt ngã hơn là phi hành gia đéo tuyển mấy đứa lùn :((,1,0,0.2947447193958668
kiểu gì chả chết ? đá to như kia thoát sao nổi ?,1,1,0.5700536168439179
per 2 ly trà sữa bạn làm rơi mà chưa thấy bồi thường lại mình 😞,1,0,0.23218129837734283
cái này thì ai chả đau lòng trời,1,0,0.3850427373564306
mày làm tao buồn đó per ??,1,0,0.417216522002977
tao không sợ đi làm mệt mỏi tao chỉ sợ không có niềm vui với nó,1,0,0.4906066554017296
tao đã khóc khi xem phim nay,1,0,0.22146521541621028
mong manh dể vở 😂😂,1,0,0.33341975963436726
"chúng ta hầu như ai cũng dùng đôi mắt bao dung để nhìn một người xa lạ , mà đối với người thân bên cạnh lại chỉ nhìn thấy khuyết điểm mà thôi ..",1,0,0.16247314251506298
ewww mình chẳng giữ được gì huhu,1,0,0.3540144894159695
nhìn nó cưng quá,0,0,0.19050465739587646
mẹ thằng này nói tiếng việt tốt thật lại còn nói được cả giọng phú yên nữa chứ,0,0,0.23657365424684468
tiếc quá ! nguyên nhân,1,0,0.22438009579067356
con mèo đág yêuc quá 🤣,0,0,0.35178117848183704
khổ thân em ý .,1,0,0.39363877020600185
cưng quá mà,0,0,0.279832286271304
per sao tội vạy em,1,0,0.2996756483443907
"per :))) tuy anh hay bắt nạt , giấu đồ và ăn bòn đồ ăn của em nhưng nếu thiếu anh thì công việc sẽ trở nên căng thẳng phết đó 😭",1,0,0.24517846909205626
má như người yêu ??,0,0,0.1660628975226429
chỉ để nhìn cái thôi :)),0,0,0.1252371777124777
có người đến gần cuối đời rồi vẫn còn khổ ! :(,1,0,0.3733135750379248
ôi gu mình !! mà phim lâu quá rùi giờ mà đóng lại bản khác thì không biết sao haaa,0,0,0.22073619086247112
kinh khủng,1,0,0.26232849308588974
c trai như thế nào tuyệt chủng rồi :),1,0,0.2605863953798293
tao cũng đang là con ghẻ của tạo hoá,1,0,0.3774203588612909
lấy ống hút mỗi đứa cắm xuống mà hút thôi :)),0,0,0.25660297749405175
sau khi đọc bài của mày tao cười nhiều quá và gãy mẹ hàm cái à,0,0,0.3560979500445642
mệt vãi .. mà cừời cũng vãi ??????,0,0,0.23586540027324698
đã từng nên tao hiểu cảm giác ấy . vừa tiếc ly trà sữa vừa phải lết xác đi giặt cái balo,1,0,0.39800497464514617
tạm biệt ánh sáng của đời tao,1,0,0.4718010188988067
đau bụng vãi hix,1,0,0.22429037671495733
"ai cũng chỉ muốn cho con tất cả nhưng vì được không có mà thôi , có con thì mới biết lòng cha mẹ",1,0,0.4678664659041647
"nhớ quá , độ chục năm không đi soi ve rồi :((((",1,0,0.2248270793212166
"k có con gì ác bằng con người , các con bé như thế mà nó không tha",1,0,0.22312721729070417
đáng tiếc đời không như là mơ . thực tế sẽ vả vào mặt cho mày tỉnh ra :(,1,0,0.39429573205149027
nhờ cái bếp như này . mà hồi nhỏ tao suýt đốt cả nhà và bị chửi đó :((,1,0,0.3689730325466431
còn tao thì còn không có nổi 1 người tỏ ra thân thiết quan tâm cơ . _ .,1,0,0.4090105306375738
và hơn hết là tụi nó không còn coi mình là con gái nữa,1,0,0.3771266417952713
nhà có người già vui thật nhỉ 🤣👍,0,0,0.18562583783484596
hiếu nghĩa . nhìn cái này nhớ mắc cười má đào chúc quá 😀😀😀,0,0,0.17414565283348152
cách người ta phản ứng cũng văn minh ghê ❤️,0,0,0.1960058790268908
rồi lỡ ai có bầu mà đi qua không biết nhảy kiểu gì nữa 😂😂,0,0,0.40336330186027114
"cứ thấy nó là đi đường vòng , dù đường hơi xa vẫn đỡ hơn bị nó dí =)))",1,0,0.15108883428181427
cũng muốn kết hôn lắm mà đến giờ vẫn chưa có người yêu 😭,1,0,0.34938060121638986
2 đg thẳng mãi mãi song song không bao giờ cắt nhau hix hix,1,0,0.30265928825482846
mẹ thấy đơn giản không ? đấy giờ chỉ việc lên số cái .... lên ...☝️☝️,0,0,0.2610686579500991
thực ra chỉ cần nhập đúng input là được thôi mà :d,0,0,0.26778038237536955
coi phim này không .. dễ thương lắm ..,0,0,0.2357602678722636
thương mấy anh quá mà tao không kiềm được vẫn phải thả haha,0,0,0.23045902460476492
này gọi là theo kịp thời đại :)))),0,0,0.1707322591534428
có người sinh ra đã giàu có người làm cực khổ cũng không thể giàu . thương ông,1,0,0.32467434183060107
"hồi lớp 1 đú theo lũ bạn về học nấu . thế là cơm sống , sợ quá vùi gạo trong đống tro",1,0,0.2578385430619959
"tao cũng hay nằm mơ con mèo của mình nó về , tao tưởng thật nên khóc cả trong mơ lẫn ngoài đời . nhưng nó đâu có thể về được nữa ...",1,1,0.6303329773933851
mình nghĩ đợt này bà per thua rồi . đuối lý lẫn truyền thông yếu,1,0,0.16977281296917449
đến gần đoạn cuối tao tắt âm xong vào xem bình luận rồi mới tua xem lại để minvolum . iq + vô cực chuẩn mẹ rồi,0,0,0.4112564620412085
vừa sếp vừa đồng nghiệp tốt thì đi làm như là đi chơi 💃 bonus 6h chưa hẳn đã muốn về,0,0,0.2183619697808556
coi phim này mà ứa nước mắt 😢,1,0,0.2194401793619603
đm hú hồn,1,0,0.22765809202188156
lâu rồi không được nhìn nụ cười ấy,1,0,0.28706753456799494
"đỉnh rồi , hiệu ứng tốt :))) ấn tượng vãi_chưởng luôn",0,0,0.15407139661568872
nó mà nhập viện thì xong đời tao . n 😂😂,0,0,0.21411183910501108
"hồi nhỏ bà mày có cho một con ngỗng mình tự tay nuôi nó . từ ngày đó nó đeo mày như chó mèo vậy . nhưng khi lớn nó lại mắc bệnh mà mất . giờ cũng hơn 4 , 5 năm rồi những nhớ nó lắm 😓",1,0,0.4280250506944032
"cùng cười cùng khóc cùng vượt qua khó khăn , đau khổ nhưng cuối cùng lại là con số 0 :)",1,0,0.4398707566981893
"sống trong một gia đình nhiều áp lực và lúc nào cũng chửi bới như vậy , tạo hóa đã ban tặng cho em bộ nhá khá là tươi để cân bằng cuộc sống",0,1,0.5480424540464259
trời . cưng chết được,0,0,0.4774449676530132
ám ảnh thật sự,1,0,0.42431431733514974
sống 17 năm chưa crush ai bao giờ,1,0,0.3417152279304425
lụm điều cho ba má . 2 ngàn 1 ngày bỏ heo đất . thằng hàng xóm vô trộm mất . khóc lóc mấy ngày .,1,0,0.38305064002643807
"miễn sao có tiền ăn bánh trung thu , mua lồng đèn , đi du lịch =))))",0,0,0.158442718889519
"hôm bữa 2 bình siro dâu thấy tiếc , nay bình mật ong còn tiếc hơn",1,0,0.2382847117492142
tao còn phải đợi 3 tháng nữa là đủ 1 gia đình nhỏ rồi,0,0,0.45589315591696816
chú này tội lắm á :(,1,0,0.36722972140867394
"yeahh , được mở lại fan cứng rồi =)))",0,0,0.15412482184981954
dỗ lại dễ thôi mà . nhỉ nhỉ 🤣🤣🤣,0,0,0.1709743551188275
"tao nghĩ chắc do kiếp trước mình tu chưa thành tâm nên kiếp này cuộc đời tao như 1 trò đùa , tạo hóa ghẻ lạnh . chán đời :)))))",1,0,0.28579117194233933
ph :)) phê hơn cả cần nhé . nên mua cái này về dùng tốt cho chó và người :))),0,0,0.09451561227001014
ưới gì honey của mình sau này cũng thế,0,0,0.29487887780457245
"per nhớ ngày tháng cta bên nhau ghê , giờ thì chả còn gì",1,0,0.17692892223708895
tao . đôi lúc nghĩ lại thì tao vẫn thấy sợ tao lúc tức giận .,1,0,0.38857690164897424
mùa mưa đến sớm rồi huhu,1,0,0.34092099984816054
xem video không buồn cười lắm vì chửi thề quá xá .. cơ mà đọc bình luận của các bạn cười đã luôn . kkkkk,0,0,0.3436815230730768
"tuổi thơ của tao sợ nhất là con này , không làm gì mà nó cũng rược , suốt ngày thì kêu um sùm",1,0,0.28170911065767873
giỏi thật chứ đùa . biểu cảm gần như 90 % chuẩn mẹ rồi . thằng quay và edit cũng ghê luôn . nhảy cũng tốt ra phét chứ -.- ác thật,0,0,0.29634015410873377
"cay mắt lắm , mà nhìn nó lại nhớ nhiều kỉ niệm",1,0,0.11642182803066665
"tau sẽ phun thuốc kích thích , 2 nam nữa sẽ dài hơn ong nay ... sẽ được vào viện bảo tàng .. 😂😂😂",0,0,0.4135555718446525
"vị nước mắt , dù cảm xúc như nào thì khi có nó cũng thật đáng nhớ !",1,0,0.3079932533825415
thế này mà mày vẫn còn buồn thì ...,1,0,0.4577366111196094
anh thíck kiểu tra tấn hằng ngày :))),0,0,0.2720422440593477
per em đã tìm ra giải pháp thiết kế rồi nhé :))),0,0,0.1872660476654668
chủ tịch giả vờ luyện vỏ và cái kết sấp mặt luôn haha,0,0,0.23214420832583843
per ru con để vợ đắp mặt nạ kìa ?? đúng là chồng người ta chưa bao giờ làm mình thất vọng ??,0,0,0.2874661706145641
"ở trên mái sảnh nhà tao cũng có một con nhện mẹ tao bảo tao giết nó ( hờ hờ ) , còn bố tao bảo "" mày cứ đi qua là nó rơi giữa đầu """,1,0,0.4096422959937285
per hàng hiếm nhà mình,0,0,0.33825841251014566
cung quá ak,0,0,0.21679427429257225
sao bao nhiêu năm kể từ ngày đó em đã không còn nghe lại nữa :((,1,0,0.4901055382787921
đôi khi đi tù chỉ để thoả mãi thú vui,0,0,0.28873502304001886
nhà tao có nhưng nó rỉ sét hết rồi :((,1,0,0.37782704355401764
per không cho anh đi tập đâu nha mất bồ như chơi,1,0,0.2384850783205138
trong nhà không biết có ai không nữa ? sập quả này sợ thật đấy,1,0,0.3135226857748152
ăn vào lại thức dậy ở một nơi xa thì bỏ mẹ :)),1,0,0.16742895674698463
per tiếc cái gì đấy bố nó,1,0,0.16787036180337966
chuẩn bị kiểm tra hình huhu :((,1,0,0.3017027121824698
mèo nhà tao gửi 10 ngày về ăn tết lên nó thành mèo hàng xóm này ( nhà hàng xóm bán cá ) :((,1,0,0.42735370456281385
giờ mới hiểu tại sao lúc đầu nhà hàng không cho đặt chỗ ..... má nó li hôn 3 lần rồi lần nào cũng phải giảm giá 30 % nó ly hôn thêm vài lần nữa chắc sập bà nó tiệm,0,0,0.4947669477843958
"đêm hôm coi lại , cười mún rụg rún",0,0,0.3693213637051058
tao cũng hao mòn nhan sắc như này,1,0,0.252001695172028
người ta kê bàn ghế ra chả nhẽ lại vẫn nằm đất để nhìn mông người khác ngồi :))) pha xử lý rất cao tayyy,0,0,0.0990375138870341
chỉ cần nhìn họ thì đã thấy tim đập mạnh rồi =))),0,0,0.09595191362969092
"khuôn mặt ngây thơ vô số tội , trái tim nhỏ bé của tao sao chịu được ❤❤❤",0,0,0.27330644728551606
"có lần ba tao mua bánh kem sinh nhật cho tao , lúc đấy tao 13t nhưng khi ba tao mua về thì lại là 15t 😶",1,0,0.27305426895253887
nghe nói 2020 hơn 4tr đàn ông sẽ ế vợ . mình chỉ việc chờ thêm 1 năm nữa thôi là đăng tin tuyển chồng 😂😂,0,0,0.3264647939664615
"vừa về xong , phải nói là đông vãi đông chứ không phải đông bình thường =))))",0,0,0.28450331136066426
disss giật hết cả mình .:)),1,0,0.18986906456237046
ăn vải nóng lở hết miệng ra đây này,1,0,0.4201498864946144
idol có skill mới chất quá 😂 1 cú đánh mông thôi mà đối thủ bay sấp mặt luôn luôn 🤣,0,0,0.17736094519768436
tan tành rồi .,1,0,0.2334996461111248
rồi tôi sẽ hết được uống nước ở đây nữa :((,1,0,0.33082871218732846
per coi chừng bị vậy nha chưa haha,0,0,0.2225030344168864
tao không theo dõi phim . xem bập bõm mấy tập mới biết em nó là con gái 😅.,0,0,0.15017193056608372
chỉ thấy dễ thương và xinh khi crush thôi khi hết crush thì có cười nấy cười nữa cũng không có cảm giác,1,0,0.28368676388839725
chị khổ mấy cô giáo viên giám đứng ra tố cáo . sau này bị làm khó hoặc trả thù,1,0,0.2901367781807886
đi đâu cũng ngó ngang ngó dọc để được nhìn thấy crush 😂 ngóng nó đến mức cổ dài ra hẳn mấy cái 😂,0,0,0.17427825965294472
tác phẩm nghệ thuật chất lượng cao hiếm hoi của điện ảnh việt nam nhưng không được công chúng quê nhà đón nhận,1,0,0.17493571899343247
thương .. hy vọng sớm có người cưu mang bé,1,0,0.30784868911421476
tao thấy cảm động vãi .,0,0,0.2624468586039809
bây giờ mình 56 tuổi vẫn dùng để bắn bọn chuột neo dình sơi chim cảnh rất hiệu quả các bạn ơi,0,0,0.17488049157617394
êu ơi sao con mụ này không gặp mình nhờ :))) ước gì có con mụ thế này tông vào mình ý :)))) klq mà giọng bé quay video đáng yêu thế ❤️,0,0,0.14386503409463355
per xem đi mày sẽ sướng thi nhìn con nhện bị giết 😂,0,0,0.2212549811092209
tôi đã đúng khi đọc bình luận thay vì đọc bài :),0,0,0.21730785505740338
mạnh vỗ tay 👏,0,0,0.16682628911153932
couple cuối . yêu chết đi được,0,0,0.32724815036339844
"t đã hối hận vì nói ra , để rồi bao giờ tao với cô ấy chẳng còn thể nói chuyện như trước nữa",1,0,0.46420240810770574
k nuôi thì cho người muốn nuôi đi chứ để em nó bọ ve tùm lum sót quá ????,1,0,0.2049134786414412
đây là lần cuối cùng các bạn nhìn thấy anh ấy :d,1,0,0.13041326327762925
tao ngự ở trong uống nước cho nhàn thân rồi,0,0,0.4004490991368212
không phải crush :v nhưng mà nhìn ổng cười mỉm nhìn cute vãi -.-😑😆❤,0,0,0.15145996916957088
có ai như tao không đọc đề thì quen nhưng lại quên phương pháp giải . chắc mất gốc rồi :((,1,0,0.3571246045015746
hahahaha tao mắc cười ghê . nhớ cái hôm sinh nhật tao ghê . chắc mấy mẹ ở guru cũng rủa dữ lắm hahaha per,0,0,0.27403735669574913
chờ có người giận mà không được,1,0,0.2838087399947352
per khi ế nhưng vẫn phải giương mắt nhìn bọn nó ân ái,1,0,0.1221402116311356
có ai ngu như tao không đơn phương con nhỏ cạnh nhà 4 năm mặc dù nó ngồi chung bàn với tao suốt mấy năm cấp 3 :(((,1,0,0.2800085268445931
1 lần thôi cũng đủ xao xuyến anh rồi,0,0,0.258158956642672
nhớ lắm .. cay mắt lắm ....,1,0,0.3430400172167267
bà xinh thật sự ❤️,0,0,0.23436012869733264
nếu là tao thì nhảy cẩng lên chuẩn mẹ rồi :)) má nhìn trong hình tưởng ma thật ở ngoài đéo biết như lào luôn ớ,1,0,0.3303029916805194
yêu thế nhè 😍😍😍 có em gái chắc cũng vui lắm,0,0,0.18907586315754654
tuổi gì so với anh ! :) haha,0,0,0.20216643379420643
"làm pv quán karaoke đi rồi khổ hơn nữa , toilet danh cho nam chỉ đứng tè , vậy mà nỡ lòng nào mấy anh ngồi ỉa 😢 thiệt chứ gặp cái mún khóc lun …",1,0,0.3175736129643206
"đến giờ , em vẫn đang đợi anh , người sẽ đúng và thời điểm sẽ đúng",0,0,0.24208003304699863
mấy lần đi ngang hết hồn,1,0,0.19999326977302873
đúng là tấm gương xáng để con cháu noi theo =)))))),0,0,0.12900423285762472
hôm qua tao xem xong ngất xỉu tới giờ mới tĩnh chúng mày ạ 😌😌😌,1,0,0.18865589408819858
"giọng nói , ngữ khí đi vào lòng người vãi . mắt chị gái đẹp thế 😻",0,0,0.23263106862486096
không khoe thì không sao . khoe ra mai lại còn cái gốc ... haha 😁,0,0,0.26759995966898537
hoan hô anh 😂😄,0,0,0.198010046535263
căng thẳg quá mà,1,0,0.31707576917454117
"phàm việc quan trọng trong thiên hạ , cứ về hỏi vợ , vợ nói sao cứ làm ngược lại chắc chắc sẽ đúng !",0,0,0.34213191643600055
cũng xinh mà ?? lai cỏ có lẽ sẽ khỏe mạnh và đỡ ngáo hơn ??,0,0,0.21068939617195512
thế giới này thật đáng sợ ai chả đĩa bay cho tao về hành tinh tao đi,1,0,0.46968261093309643
mình bị say xe bạn à :(((,1,0,0.4289153528812883
tí nữa vợ nó vắt chân lên cổ bò thì hú hồn,1,0,0.22683649861531285
tao cay mẹ khoé mắt,1,0,0.40152479249008916
mấy anh thiệt là nóng bỏng !!,0,0,0.20533175441187534
per chị rep khách hàng thế ấy hả 😞 bị bóc phốt rồi,1,0,0.3335146631645321
tao buồn mấy năm nay rồi,1,0,0.36208878432547664
"lúc nhỏ nấu bằng này không , nấu hơi bị ngon , tạo cơm cháy ăn bao riềng",0,0,0.29115248771663554
yêu em mọa mọa 😘😘,0,0,0.18954410924923643
tình yêu là một thứ cao đẹp hãy trân trọng nó .,0,0,0.15788314256394953
yêu quá đi mất . tuổi thơ của mình toàn nện mấy thằng con trai . trong lớp mình toàn làm xếp nên chẳng được giúp đỡ,1,0,0.35177795988655836
per đồng nghiệp không tốt ta có thể bị chửi và ăn đòn từ sáng đến tối 🙄,1,0,0.19744218672657687
những cử chỉ đẹp làm từ thiện cho người nghèo hay thiếu đến lấy thừa đi đến cho,0,0,0.1593779991946972
"nói gì , em trai tao cắt tóc xong là tao đè nó ra chụp hình . cảm thấy nó cắt tóc xong là đứa nào chứ không phải em tao =)))))",0,0,0.2707699802011181
nghe cũng đúng đúng :)),0,0,0.2059376575759272
ngưỡn mộ chi lâu lắm oy . mà giờ biết thêm nhiều về chj nữa nên càng yêuc chj nhiều hơn 😍😍😍,0,0,0.28770411111732014
còn nhiều người có cuộc sống khốn khổ hơn ta :),1,0,0.2032336254618792
""" vậy là đủ tuổi ngồi tù rồi nhỉ ?"" , mặt anh rất tỉnh và đẹp zai =))",0,0,0.1996833342336241
nghe lại mà nhớ những ngày tháng say đắm trong nỗi cô đơn,1,0,0.22947786864632763
công nhận ngầu thật,0,0,0.2007679092812842
đến ngày sinh nhật mà còn không nhớ thì còn nói gì nũa,1,0,0.2625227905836395
"là thằng đàn ông phải có bản lĩnh từ khi còn bé , thay vì hay bắt nạt , quát tháo đàn bà thì hãy là người che chở , yêu thương !!!! mong con zai của mẹ sau này cũng như mấy anh này .!!!",0,0,0.19505354798909583
tao thì nói xong lại thấy người ta không hứng thú thì lại lượn,1,0,0.21752185593299492
khi bạn muốn lầy và cũng có người lầy cùng bạn =)),0,0,0.1982865296788184
"ba mẹ mình nhớ tất cả ngày tháng năm sinh âm lịch , giờ sinh , tên tuổi ...... của 4 chị em .....",0,0,0.36826122546573686
"per nếu có khi nào thấy bản thân vô dụng hay là thất bại , thì hãy nhớ có những người chế tạo ra mấy cái của nợ này . =))",0,0,0.23537859378064793
bể mẹ cái kính cường lực mới dán :#,1,0,0.35919866059689165
per cái gì mình không làm được chứ đánh cái lũ đéo phải người thì mình làm tốt kkk,0,0,0.23994498748267307
"lúc trước chạy xe đạp đi ngang qua đàn vịt có mấy con ngỗng lẫn trong đó . thế là dume tụi nó rượt tao vừa chạy vừa la cái thứ âm thanh nghe "" ứ ứ "" "" hiếp em đi "" làm tao sợ tụt lol :))",1,0,0.288297213493707
cưng hết phần thiên hạ,0,0,0.319638774282339
được cái công tác truyền thông tốt,0,0,0.13114036942814988
crush ở nhà chơi gane rồi haha,0,0,0.2340987378841814
dễ thươnggg,0,0,0.2153908074156943
nhìn sợ vãi ra,1,0,0.16523187923130947
đồng đội tốt ... nhưnh rất tiết chúng ta không có duyên 😀 kaka,0,0,0.1340428533623385
ơ tao đang mơ 🤩,0,0,0.3747728134623771
rất cá tính :v,0,0,0.14658748477862218
nhắn mà ấm lòng nhờ :))) ra gặp anh shipper đẹp trai nữa thì chủ thớt rụng hết buồng trứng :))),0,0,0.18070854417239793
tưởng tượng mà dưới sông có cá sấu nữa chắc hết dám đi,1,0,0.2877865290835971
"xời tưởng gì , cái này tao làm được =)))",0,0,0.16276670062993048
xây 1 được 2 nhà :)) chủ nhà ấm vãi :)),0,0,0.15539677087197956
giống tao . nhưng cô ấy có hiểu đâu,1,0,0.4211004681409629
đau đớn hơn còn là khi làm bạn cũng khó và gặp nhau coi như người dưng nước lã,1,0,0.2421531614289496
"hồi đó đã undercut , bảnh vãi .",0,0,0.19246540233372053
đau lòng qá huhu,1,0,0.3265261736272915
mong anh có thể đạt được ước mơ của mình .... cố lên,0,0,0.26182539060925286
còn gì hạnh phúc hơn trong cuộc sống này ♥️,0,0,0.2749232569757176
thèm được bố chửi 1 lần 🤤🤤,0,0,0.41054106251165995
tao lại sợ ngôn tình quá cơ 😒,1,0,0.2508574074658475
đỉnh cao :)),0,0,0.137772034167301
waooooo . hợp lí ghe,0,0,0.23215901558662302
tao mới mọc răng khôn huhu,1,0,0.25459490809112806
thực ra em mới đang phải là sự lựa chọn chứ không phải là người được lựa chọn đâu 😌.,1,0,0.4880040434076529
đã từng . hix,1,0,0.280425937022645
"nói chứ uống đi , 1 ly thì giảm ăn một bữa sẽ không khiến mày phì đâu .",0,1,0.5213596121444959
quan trọng là có per luôn tạo độ khó game cho tôi :))) và không thể thiếu sự trợ giúp của các anh em trong team 😂,0,0,0.19977690207826704
tao thấy buồn cười vãi :)),0,0,0.24546403797597832
tao biết là có ý tốt gởi thông điệp ý nghĩa nhưng nhìn cứ sợ sợ lại còn sấm chớp :<,1,0,0.2080875329553914
vừa thấy thương vừa buồn cười vãi :))))))),0,0,0.2494840639986412
ước mơ tao 🙂 chỉ có thể sao chép lại và tao lên màu cực xấu !,1,0,0.24935347145498665
per đau hơn chia tay người yêu nữa,1,0,0.18763861728762055
mở máy lên .. rồii lại đặt xuống ... cả ngày nay tôi đều như vậy để chờ anh nhắn chúc tôi .. giờ này chắc anh quên ngày này thật rồi .. cô đơn quá mức rồi đấy 😭😭,1,0,0.29345137107051483
mink chỉ lo là nhà nước không đủ gạo nuôi mấy anh,1,0,0.25689940732633376
dell hiểu sao ngày sưa tao có thể cầm nó trưen tay đi câu cá 😳😳😳 nhớ lại vẫn thấy ớn 😂,1,0,0.175794479297135
khi tắt đi mới thấy ngạt thở .,1,0,0.30161031940368316
trung thu là tết thiếu nhi cớ sao người lớn lại vi vu thế nhỉ,0,0,0.20413381615398232
mình sống không đủ tốt hay sao mà vẫn chưa gặp được anh người yêu tốt như này,1,0,0.17709395585287827
chỉ cần yên bình như thế này thôi . ❤️❤️❤️,0,0,0.22808062274498633
"tỉ năm mới thấy cười một lần người gì đâu mà khó cười đến thế 🤨 chả bù cho mình , lúc đéo nào cũng cười , cuộc sống tràn ngập niềm vui < 3",0,0,0.3983327841937359
đau ruột với thằng số 9 🤣🤣🤣,0,0,0.2237753653960294
"dễ thương , đáng yêu , cưng ...",0,0,0.2433692960012526
"nhiều nước quá , lấy bát về múc nước ra thêm tí đường vào là có 1 bát nước gạo ngon lành",0,0,0.3061208218042809
tao nhìn tao thấy ghê vcd ấy 😂😂,1,0,0.16232708429138282
chính xác ! chỉ cần đồng nghiệp tốt thì mọi ngày đi làm đều vui 😊😊😊,0,0,0.19868773001917006
tin vui cho bà con nông dân chuân bi vào ngày gặt lúa sắp tới,0,0,0.22412372195327948
một cái ỉn mông xong hết 😂😂😂 dăm ba cái võ thuật 😂😂😂🤣🤣🤣,0,0,0.1438114067747773
"chiến tranh có gì vui đâu nhỉ , chỉ gây đâu thương",1,0,0.2593695799849817
đâu phải ai muốn thích tao cũng được đâu,0,0,0.45547879848103356
3 idiots ! phim hay nhất mọi thời đại .,0,0,0.1397117675094585
cuộc sống mà mấy ai được trọn vẹn 😢😢,1,0,0.32535352568363296
""" học từ bỏ những thứ trời không cho "" nói thì dễ nhưng nhiều lúc quyết tâm lắm vẫn không làm được .. 😢😢😢",1,0,0.4417244968176088
ngày xưa mỗi lần tao làm ồn là ngoại tao liền la hoặc lấy roi đánh 😅 nhưng lúc đó vui lắm 😊,0,0,0.39338039620210447
nàng ấy chả yêu ta gì cả,1,0,0.11138468362237657
mặt dày lại ôm cứng ngắt cho chị . 😆,0,0,0.18422414012429447
tâm sự không đúng người ngoài việc họ cười vào mặt bạn,1,0,0.492434051850834
xem chỉ đợi đến đọan nó ngã để cười :)))),0,0,0.25366446817528443
nấu kiểu này ngon lắm luôn 😋😋,0,0,0.2844062969888515
kím cớ nói chuyện chỉ để biết người đó làm gì đang như nào . có vui hay buồn . rồi lại thôi,1,0,0.3968651066194843
per may cho bạn 😄😄😄,0,0,0.2160002171681693
"đù . tròn ung ủng , chân tay ngẵn cũn như tao nhảy sao",1,0,0.36701232529589767
xinh mà còn ngáo nữa thì người yêu mới cưng =)),0,0,0.1619072333811699
ông nào viết vui tính thế =)) cưng thật,0,0,0.18711888205654112
tuổi trẻ tài cao :)),0,0,0.10144427592648411
đó là những câu chuyện buồn mà :((,1,0,0.2629660637818833
per cái dume mày thấy tác hại của tập gym chưa,1,0,0.18855023784733743
thứ mà dễ dàng qa cũng nguy hiểm,1,0,0.18894465390906454
ngày ấy chỉ vì quá ngu ngơ mà để lạc mất .,1,0,0.31690128980377286
anh lấy đi niềm tin trả lại cho em những gì,1,0,0.23946858676741112
"hồi xưa vào trông nhà cho ông bà , thuê đĩa võ thuật này xem cho mạnh mé đỡ sợ mà thuê ngay đĩa này . ám ảnh quả nhạc tao tao téo vãi",1,0,0.16405704394699908
tủi hổ với bản thân ghê khi tao vẽ người mà mẹ tao hỏi : hóa ra đây là hình dạng thực của quỷ sao ?😑,1,0,0.23721431386775124
án mà cứ xử như vậy thì sao có được lòng dân,1,0,0.29500823429921963
đã thất tình xem pim này khóc cả đêm mất thôi mới đề mô mà đã khóc thút thít rồi chắc xem hết thì không biết pai làm sao ..,1,0,0.3856364302296388
áo phông dễ thương quá anh ơiiii,0,0,0.13980747420343412
đi chơi mẹ tao cũng không tha cho tao :) chửi tao làm mất buổi vui luôn á,1,0,0.3238879324292383
còn 1 tháng nữa thôi khép lại những ngày tháng vui buồn nhưng luôn có người bên cạnh sẻ chia không lo lắng của tuổi thanh xuân cái tuổi đẹp nhất của cng,0,0,0.23897102703645165
"vừa lắm ... cho chừa nè , ahihi đồ ngốc 😊😊😊",0,0,0.2866197714262113
"hồi xưa đi học mình ngồi gần lớp trưởng , tên này được cái rất ga lăng với bạn gái trừ mình .. huhu ..",1,0,0.3093373548918227
nếu chịu khó đặt vào hoàn cảnh của nhau mà sống thì mọi chuyện đã đơn giản hơn rồi .,1,0,0.16494403575379712
chỉ mong cảnh này sẽ không còn xãy ra ở xã hội này nữa . bất hạnh vậy đủ rồi 😞🙁,1,0,0.34745136811557525
đẹp trai v :((((,0,0,0.26418893917085273
gắp đúng lúc nhưng hình như đúng lúc người ta không muốn y ai ???? đó là 1 câu chuyện buồn,1,0,0.23158457140908417
boss dễ thương hết sức,0,0,0.2942513534353308
đến ông cũng chẳng dám xơi,1,0,0.4822767640384464
bộ phim việt lần đầu xem thấy hay cảnh quay đẹp !!,0,0,0.12343763407668476
vỡ tan là như thế ấy,1,0,0.21490577027387744
đúng . a có tầm nhìn . tâm nữa . mình biết,0,0,0.3012054476376838
nhìn mặt ông thầy cay lắm :)),0,0,0.21903023380724362
anh thứ 2 cute thế =))),0,0,0.14580622251000694
cả tuổi trẻ bỏ công cày . có cơ ngơi ổn định . r về già con cháu đuổi ra đường bắt đầu 2 bàn tay trắng . đời 😅😅,1,0,0.2957893652621113
năm nay không được ăn dồi :((,1,0,0.2739307944448701
cưng xỉu ??,0,0,0.2680855652893016
tốt quá,0,0,0.12310000286749315
cứ thấy cute cưng cưng sao á .... có ai thấy giống per như tao không ??,0,0,0.30695129583197944
cảm ơn đoi tình nguyện viên nhớ có các bạn mà người dân bớt vất vả hơn,0,0,0.13672995158841783
per cho vợ đi cầu này để giảm cân nhá 🤣🤣,0,0,0.3551053529208118
hahaa nhìn mắc cười vãi per,0,0,0.2144330916297931
cái mặt cưng xĩu,0,0,0.3424147263897999
tao mà ở đây là sợ rụng trứng luôn chứ đừng nói ăn,1,0,0.2553571288375645
mình thì # mình chỉ mong chồng tốt thương yêu vợ con gia đình ! gia đình lúc nào cũng vui vẻ hạnh phúc thì ngày nào cũng là ngày ( tình yêu ),0,0,0.33003147899608865
rồi chưng ngắn như tao sao nhảy qua 😿,1,0,0.4819607543379626
đó là 1 câu chuyện buồn 😤,1,0,0.2506672390456053
kkk tao chọn anh đầu tiên,0,0,0.3251735617408646
kha ́ thông minh :)))),0,0,0.1953875190424402
per cố lên gần đến nơi rồi . vào trong này mời nói chuyện nhé . ngay cửa đền chính . có bãi gửi xe . hehe,0,0,0.37763319422541913
thật dume nge yêu thương gì đâu :)) bắn tim bụp bụp,0,0,0.15154713158904967
diễn viên có cá tính hay nhât từng xem,0,0,0.09924508818229102
per nhớ cái bếp huyền thoại của 2 đứa mình he,0,0,0.17319719067666137
haizzzz đó là 1 câu chuyện khá bùn,1,0,0.2562033076506661
per nghe đi rồi khóc 1 trận cho thoải mái . đừng cố gồng mình lên nữa,1,0,0.38919228265491734
gap kiểu này chắc đái ra quần quá,1,0,0.2818886943991048
"per đọc vài dòng là lướt xuống cuối để xem có phải "" hi vọng câu chuyện mình vừa bịa ra ...."" nhưng không phải . kkk",0,0,0.2621217755970896
hú hồn cái lồn còn nguyên :),1,0,0.18670089168277207
chờ tý tao đi thay bỉm xíu tao quay lại .,1,0,0.13784107046146438
đại học vui lắm cậu :)) weeee,0,0,0.17268165932699964
"những chuyện trọng đại trong đời ... ta cứ nghe lời vợ khuyên , và làm ngược lại ắt thành công ????",0,0,0.21106996201663358
liệu có còn tồn tại cô gái nào chấp nhận một thằng vừa nghèo vừa xấu đặc biệt lại còn yếu sinh lý như tôi không,1,0,0.34405648661145755
"thật là romantic , mà mà mà ... sao nghĩ tới cảnh động phòng hoa chúc tao thấy nhột nhột lỗ đít 😧😧",1,0,0.18354163968040946
nhiều lúc tủi thân vãi_chưởng huhu,1,0,0.40954151865454713
dễ thương vãi ♥♥♥,0,0,0.20032417180522402
tình chỉ đẹp khi còn dang dở lấy nhau rồi nham nhỉ lắm ai ơi ...,1,0,0.356376892043368
thật buồn khi mình thịt vợ thang khác mà thằng khác thịt vợ tưong lai mình,1,0,0.37280698159792913
tiên sư cái thằng ghép nhạc cười rớt mồm quả ghép,0,0,0.15262512475883863
đáng yêuc vãi anh ơi,0,0,0.18380843160154453
một cái vẫy tay đầy luyến tiếc từ cuộc họp tới đất nước việt nam,1,0,0.22499397245353575
"chỉ cần cho em nó 1 điểm tựa , em nó sẽ không ngán cả thế giới :))",0,0,0.3009305299849115
đứa con gái nào mà đề nghị là biết bị ma nhập mà né nha mấy cha,1,0,0.28542697357893115
1967 mà cụ ông đẹp trai phong độ ăn mặc thời trang quá :)),0,0,0.2878151410568571
"tội mày quá , lần sau mày bình tĩnh hơn nhé",1,0,0.29723188383603827
per b trà ơi . năm nay là pải mạnh dạn và bất chấp nhé 🤣🤣🤣,0,0,0.20466278251853046
chính xác là con gái xinh auto đáng yêu =)))),0,0,0.1308772254074212
thích quá mấy má ơi ! @@@,0,0,0.29462899963952177
xinh quá !,0,0,0.2929761452104368
ước là 1 ngày mai thức dậy dụi mắt mãi chưa hết tuổi thanh xuân =)))),0,0,0.2650285375800594
cay mắt,1,0,0.3433971241797494
đụ mẹ cười ỉa ????????,0,0,0.23128745550825186
t không phải con sến súa . ko cần quá cầu kì lãng mạn . cầu hôn tao thế này là tao đổ rồi per,0,0,0.3833139296814319
đã từng . và bị phũ như 1 con chó 🐶😂😂😂😂,1,0,0.31309746140451084
tao đau lòng quá,1,0,0.3540771155234232
"ngày xưa toàn ăn cơm với nước mắt , ngày trước giận bố lắm , nhưng giờ mới cảm ơn bố vì như thế mới có mình ngày nay",0,0,0.3293635502519571
và cuối cùng là được đối xử như một thằng con trai luôn ..,1,0,0.303076041156055
đứa nào bị táo bón thâm niên cứ ra cầu này mà nhảy đảm bảo hiệu quả ngay lần đầu trải nghiệm 🤣🤣🤣,0,0,0.36495917756839225
ê có khi nào đọc bài này xong buồn cười quá cười toác hàm có khi nào đi bệnh viện không các cụ :v,0,0,0.24239448188713328
cũng đỡ tắc hơn 1 tí,0,0,0.36839207440699806
áo xinh thế .. cho tớ mượn đi tiệc nhé !,0,0,0.230628210557626
còn tao mỗi lần cắt tóc là y như rằng … nó tệ vãi :(,1,0,0.3507672599358492
per nhện kìa haha,0,0,0.27792782054625975
cả tuần không được nói chuyện,1,0,0.29448579100818095
ông này đẹp vãi,0,0,0.1777601998886271
nó cười với tất cả mng trừ tao 🙂,1,0,0.48111564149102054
"cấp 1 hiền lành ít nói , ngồi gần 1 cô bé cái gì cũng nhường cô ấy , nhường đến mức nhường luôn tập sách , để bà già phải dẫn ra nhà nó lấy lại ! 😂😂😂",0,0,0.2663729500404194
ng dân biết phải làm sao bệnh chồng bệnh,1,0,0.4017428596383379
2 thế kỷ mới xây được vậy mà chỉ trong 63 phút tiêu tan hết :(,1,0,0.2351957165587253
per trung thu đéo liên quan đến việc có gấu cho lắm bạn nhể .... nhưng mà lễ gì cũng thế thì đúng là bất hạnh mà huhu,1,0,0.24772124500286286
mình còn để ảnh bạn ấy trong thẻ học sinh xong bị thấy cơ,0,0,0.22115323395914827
per nhất định chị em mê tín mình p đi xem phim này rồi,0,0,0.13346770205802516
"gần 2 năm đến sớm nhất để mở cửa lớp , lúc về cũng là người là sau cùng để khóa cửa . đến giờ ra trường được 3 năm vẫn không muốn vứt chìa khóa của lớp ...",1,0,0.32827074978710075
khổ thân các cháu,1,0,0.2764341695419783
t mong nó té quá chời :v,0,0,0.2174980313881483
điều tồi tệ nhất là kiểm tra code trên giấy .,1,0,0.39977136807722613
đã xem 2 lần bộ phim này 😁,0,0,0.2080663313471694
cũng tên quỳnh nhưng 2 số phận thật khác nhau 😢( chỉ mong được 1 góc nhỏ xiu xíu của b ),1,0,0.270317446834809
cho con được thay ông bán vé đi 😔,1,0,0.16633900033931234
thế giới này thật đáng sợ :3 trả đĩa bay cho tôi về đi :3,1,0,0.42245349921853825
gì cũng được ?????? dễ vãi,0,0,0.13335000219082377
t nói té 1 cái không dập mề thua gì cũg thua ..,1,0,0.3731330944442572
"tao cũng như mày đây . không sao cả , hãy tự hào vì tên mày vẫn rất đẹp",0,0,0.42061915818781515
trách ai bây giờ đây huhu,1,0,0.36826706192369413
không lau sạch về bà chủ mắng thì sao . nhiều người họ kinh lắm . trước mẹ minh đi làm cho nhà 5 tầng . họ chỉ ở 3 tầng còn 2 tầng bỏ không . mà ngày nào cũng phải lau hết,1,0,0.3163492816945676
phim kinh dị vào cái trời âm u 😒,1,0,0.31040574205730204
mẹ mắng lúc sáng sớm là xui cả ngày :(,1,0,0.3947877624298401
phụ nữ ngày xưa toàn cực phẩm :v,0,0,0.23181402602715742
cứ tưởng là người yêu =)),0,0,0.1878401720224543
đàn bà ở nhà thế kia không sợ ngoại tình à ? tao đang lo vợ tao đây này,1,0,0.3773904322356046
thời xưa yêu nhau đến chết vẫn yêu ... thời nay yêu không biết chết lúc nào 🤣 cuộc sống nay đáng sợ lắm 🤪,1,0,0.4266832617355069
lại mất tiền ngu,1,0,0.28313158641137887
làm bộ mặt ngầu cho thằng thỏ để ý mà thằng này láo ăn thiệt đéo cho mình ăn ké quê thiệt là quê luôn,1,0,0.22728951085266963
moá cưng quá ??,0,0,0.29370529687549135
"ai ở gần đó xin hãy giúp chú , thương chú",1,0,0.4073123062261851
bố là số 1 vĩ đại hơn những gì con cần,0,0,0.23218359416293824
"lâu lắm đéo được gặp nhện trong wc , quên mất cảm giác nhịn ỉa như nào rồi 😂",1,1,0.586239430928769
sau cùng cả 2 đều bị ảnh hưởng trầm trọng :((,1,1,0.5553566342260153
lời được cánh của sắt tàu hỏa ngon rồi,0,0,0.24330003936359312
:v trời giờ mới biết thế giới có dạng hợp thể vầy đấy :v,0,0,0.2590090357657974
có ai đéo hiểu gì như mình không mình trong sáng vãi heee,0,0,0.42317271909763965
bà già đau khổ,1,0,0.2864403954492231
đag đi học mà gặp cảnh này :)) chắc chạy về cúp học luôn,1,0,0.11922521897851264
"bây giờ con đã sai vì đã chưa làm gì được cho cha , con thật sự xin lỗi cha và mẹ ,",1,0,0.42323249356197784
uầy . ngọt thế ??????,0,0,0.17975043977983193
nhìn muốn tè ra quần rồi,1,0,0.2983748107181925
quá giỏi . đạp đến ngất đi mà không quay đầu . sau này em sẽ thành công . chắc chắn vậy,0,0,0.21834047609414226
"dễ thương ghê =)) nói y như mấy ông ngồi nhậu trong bàn v "" đúng không "" "" đúng chưa "" "" vui rầu "" =)))",0,0,0.16021890001480932
per chuyện cổ tích nè ! haha !,0,0,0.20335088120966877
bây giờ thế mới biết tác dụng của con cái 😢,1,0,0.3945172690331163
bà mẹ nó @@ xem rùng con mẹ nó mình hơn cả phim ma .,1,0,0.20698733403671035
yêu thế,0,0,0.16504894362175618
"thôi xong 1 chiếc ôto . chắc tối nay ăn không ngon , nhậu không yên rồi .",1,0,0.22097072100094273
ấm áp vãi .,0,0,0.3058753047646806
per móc lên tới não :)),1,0,0.24092701445731626
bình yên thật,0,0,0.22900747296605317
"nói mưa là mưa v chời , tôi còn đi chơi đi học nữa mừ .",1,0,0.4542849301348528
lần đầu gặp anh cũng là phòng gym =)))),0,0,0.23158695288110157
có sáng tạo :)),0,0,0.1847712199394895
nhây qua ́ nhaaaa 😂😆,0,0,0.25560781299555835
per trời đựu cầu hôn nó phải thế . đã đẹp trai còn có não,0,0,0.36218362217838956
ăn ngon nhưng nóng không chịu được,1,0,0.48639430830202024
thế mà cũng 5 năm rồi . ❤️,0,0,0.28514630619606673
cám ơn đã cho tôi cuộc sống này,0,0,0.38876844640058034
cuộc sống thật chua cay với tao,1,0,0.4492797211546442
ôi đáng yêu quá . đến bao giờ người đàn ông như thế nào mới xuất hiện trong cuộc đời tôi đây,0,0,0.29765418996141196
t thua cả đứa con nít nữa ám ảnh vãi,1,0,0.3311230050420539
nóng như này ăn vải là thích nhất còn gì ... auto mát,0,0,0.2577190417487842
mê trai hơn bạn có thật :(,0,0,0.18519172534799686
nghe bạn này nói dễ thương zị,0,0,0.23705892484503954
nhanh ghê mới đó đã 9 năm rồi 😢,1,0,0.27021734683692156
bố mẹ tao đọc được tin này + xem cặp lá yêu thương nữa thì bữa trưa nay tao không dám ăn cơm mất .,1,0,0.3853188603656608
lựa chọn cách thức tuyển như thế nào thì tốt quá rồi,0,0,0.31406205225954553
"per cần thêm những trái dâu xinh xắn để ngăn chặn sự u ám này , huhu",1,0,0.3225424805685216
mày khá là may mắn khi không học tiếng huế đấy =)),0,0,0.1837782586314645
mình còn chưa được nắm tay,1,0,0.31237225654866985
con đáng yêu quá,0,0,0.19404404366823103
"per huyền thoại , kkkk",0,0,0.198860015505639
có vợ nên lắm . váy mới ngày trước toàn áo chấm bi của mẹ 🤣🤣,0,0,0.39766660813391896
nhìn cái ngành gd việt nam bây giờ ai cũng mệt mỏi,1,0,0.42291065106474757
từ lúc có vợ nhiều váy mặc để quay video hẳn :)))))),0,0,0.2310340303186479
per mỏi chân quái :v,1,0,0.30702079251827896
"phim này nên xem và thuộc mấy đoạn thoại , rất hay",0,0,0.09124868601351845
cầu mong những công ơn sinh thành luôn mạnh khỏe .,0,0,0.17793168471554738
năm nào chả vậy :))),0,0,0.2557118804179173
anh chân thành nên anh tổn thương :((,1,0,0.30489263920444043
cả 1 đời người chẳng mong gì chỉ mong từ đây đến phút cuối vẫn có người không quên mình đã từng tồn tại,1,1,0.5050442764471806
xin lỗi mày nhưng tao đọc buồn cười,0,1,0.577946513755347
vì tiền mà làm đau làm khổ người khác như thế này sao 😔,1,0,0.291278064220126
"con mong bác dù nghèo nhưng sống luôn luôn vv , chúc bác 1 đời bình an",0,0,0.28817407368205034
tình cờ gặp nó và đột nhiên cắm mặt bỏ chạy như điên,1,0,0.2565674395940543
bà mẹ nó giật mình,1,0,0.23777503626520746
mấy nay tao cũng bị ám ảnh,1,0,0.36709919251811496
cái ngành tài chính của mình có chỗ dụng võ tốt rồi đây :)))),0,0,0.18070544170439204
":)))) cuộc sống mà . ngày càng thấy bản thân quá nhạt và "" duyên "" :v",1,0,0.22678598286294915
"per tặng quà cáp gì tặng hộp nhỏ thôi nha . đi hát hò gì đừng đem thùng quà to như vậy nha , nó biết nó nhổ trụi lông nó ngắt mép chết đó :((",1,0,0.14559854183442983
xin lỗi đây mình vẫn nấu nhé,0,0,0.23276289644453688
"ông sống trên vũ trụ , vợ ông sống ở trái đất , ông cao thêm 5cm là chuyện bthg 😂",0,0,0.1982561019824738
tao đã bị nó làm cho lầm tưởng rồi . tao thật ngu ngốc - _ -,1,0,0.363448812253384
bấy bề ơi . thật là đáng yêu,0,0,0.14408669269578286
"con quỷ này hồi nhỏ tao khóc vì nó hoài , thấy nó không dám đi , bỏ đường phải vòng đường khác ,",1,0,0.29479658838197337
gắn bó thời sinh viên nè,0,0,0.2553069937091582
"per thấy chế thủ sẵn hộp mặt nạ rồi thì phải . tim em mong manh lắm , đừng để em hoạng sợ nhá chị ??",1,0,0.4189582175368029
"quần áo với xe thế kia là biết gia đình điều kiện tnao rồi 😂 anw , mong ông bà luôn khỏe mạnh , vui vẻ < 3",0,0,0.30162690581248974
sau khi xem ảnh này xong tôi quyết định ... mua honda :v,0,0,0.2560628797615681
"hiện tại mình cũng muốn kết hôn lắm . ngặt nỗi hai gia đình ngăn cản giữ dội , phản đối kịch liệt chuyện hai bọn mình đến với nhau :( nhất là chồng cô ý",1,0,0.3724610540238951
"khoảnh khắc anh quay mặt đi , con tim em tan nát vãi ra",1,0,0.26793636456256187
cảm giác tóc sau gáy bắt đầu dựng lên :))),1,0,0.2621837619422131
tao đã từng viết như thế này . bây giờ không muốn ai đọc chỉ có đốt mà lười đốt,1,0,0.31110472886983026
bộ phim ấn độ duy nhất xem được lol,0,0,0.17085188659421036
tuần sau nữa mới học =))),0,0,0.18649483145463325
mối nguy hại đó,1,0,0.1673928917710632
nhiều khi cũng muốn người yêu chọc để dỗi phát cho bằng người ta . mà nhận ra mình làm gì có người yêu 😌,1,0,0.20624335897961846
nguy hiểm thật,1,0,0.17377693417068815
per nhà mày mà nuôi thêm con này nữa là ám ảnh cuộc đời tao,1,1,0.5637089815678666
