{
  "gold_rows": 2515,
  "evaluated_rows": 343,
  "skipped_uncertain": 2172,
  "accuracy": 0.8251,
  "precision_macro": 0.8015,
  "recall_macro": 0.8729,
  "f1_macro": 0.8092,
  "f1_depression": 0.7541,
  "confusion_matrix": [
    [
      191,
      58
    ],
    [
      2,
      92
    ]
  ],
  "classification_report": {
    "normal": {
      "precision": 0.9896373056994818,
      "recall": 0.7670682730923695,
      "f1-score": 0.8642533936651584,
      "support": 249.0
    },
    "depression": {
      "precision": 0.6133333333333333,
      "recall": 0.9787234042553191,
      "f1-score": 0.7540983606557377,
      "support": 94.0
    },
    "accuracy": 0.8250728862973761,
    "macro avg": {
      "precision": 0.8014853195164076,
      "recall": 0.8728958386738443,
      "f1-score": 0.809175877160448,
      "support": 343.0
    },
    "weighted avg": {
      "precision": 0.8865102695408288,
      "recall": 0.8250728862973761,
      "f1-score": 0.8340651338899818,
      "support": 343.0
    }
  },
  "error_rows": 60,
  "errors_file": "/Users/iannwendy/Documents/crawl_yt/youtube_depression_crawler/data/review_eval_errors.csv"
}