{
  "git_commit": "c14608d1f2d1ffb12798b307a37d3b62f3f2a988",
  "timestamp": "2026-06-25_123658",
  "runs": [
    {
      "model_tag": "original",
      "seed": 42,
      "test_set": "final_test",
      "status": "ok",
      "elapsed_seconds": 811.41,
      "accuracy": 0.811,
      "precision_macro": 0.7937,
      "recall_macro": 0.824,
      "f1_macro": 0.7999,
      "f1_depression": 0.753,
      "confusion_matrix": [
        [
          401,
          110
        ],
        [
          35,
          221
        ]
      ],
      "classification_report": {
        "normal": {
          "precision": 0.9197247706422018,
          "recall": 0.7847358121330724,
          "f1-score": 0.8468848996832101,
          "support": 511.0
        },
        "depression": {
          "precision": 0.6676737160120846,
          "recall": 0.86328125,
          "f1-score": 0.7529812606473595,
          "support": 256.0
        },
        "accuracy": 0.8109517601043025,
        "macro avg": {
          "precision": 0.7936992433271433,
          "recall": 0.8240085310665362,
          "f1-score": 0.7999330801652849,
          "support": 767.0
        },
        "weighted avg": {
          "precision": 0.8355982126431015,
          "recall": 0.8109517601043025,
          "f1-score": 0.8155428767455598,
          "support": 767.0
        }
      }
    },
    {
      "model_tag": "original",
      "seed": 42,
      "test_set": "vsmec",
      "status": "ok",
      "elapsed_seconds": 811.41,
      "accuracy": 0.7724,
      "precision_macro": 0.7724,
      "recall_macro": 0.7724,
      "f1_macro": 0.7724,
      "f1_depression": 0.7733,
      "confusion_matrix": [
        [
          1185,
          357
        ],
        [
          345,
          1197
        ]
      ],
      "classification_report": {
        "normal": {
          "precision": 0.7745098039215687,
          "recall": 0.7684824902723736,
          "f1-score": 0.771484375,
          "support": 1542.0
        },
        "depression": {
          "precision": 0.7702702702702703,
          "recall": 0.7762645914396887,
          "f1-score": 0.7732558139534884,
          "support": 1542.0
        },
        "accuracy": 0.7723735408560312,
        "macro avg": {
          "precision": 0.7723900370959195,
          "recall": 0.7723735408560312,
          "f1-score": 0.7723700944767442,
          "support": 3084.0
        },
        "weighted avg": {
          "precision": 0.7723900370959195,
          "recall": 0.7723735408560312,
          "f1-score": 0.7723700944767442,
          "support": 3084.0
        }
      }
    },
    {
      "model_tag": "original",
      "seed": 123,
      "test_set": "final_test",
      "status": "ok",
      "elapsed_seconds": 800.92,
      "accuracy": 0.7666,
      "precision_macro": 0.7719,
      "recall_macro": 0.8054,
      "f1_macro": 0.7612,
      "f1_depression": 0.725,
      "confusion_matrix": [
        [
          352,
          159
        ],
        [
          20,
          236
        ]
      ],
      "classification_report": {
        "normal": {
          "precision": 0.946236559139785,
          "recall": 0.6888454011741683,
          "f1-score": 0.797281993204983,
          "support": 511.0
        },
        "depression": {
          "precision": 0.5974683544303797,
          "recall": 0.921875,
          "f1-score": 0.7250384024577573,
          "support": 256.0
        },
        "accuracy": 0.7666232073011734,
        "macro avg": {
          "precision": 0.7718524567850824,
          "recall": 0.8053602005870841,
          "f1-score": 0.7611601978313702,
          "support": 767.0
        },
        "weighted avg": {
          "precision": 0.8298289184545076,
          "recall": 0.7666232073011734,
          "f1-score": 0.7731693996830928,
          "support": 767.0
        }
      }
    },
    {
      "model_tag": "original",
      "seed": 123,
      "test_set": "vsmec",
      "status": "ok",
      "elapsed_seconds": 800.92,
      "accuracy": 0.7649,
      "precision_macro": 0.7881,
      "recall_macro": 0.7649,
      "f1_macro": 0.7601,
      "f1_depression": 0.7941,
      "confusion_matrix": [
        [
          961,
          581
        ],
        [
          144,
          1398
        ]
      ],
      "classification_report": {
        "normal": {
          "precision": 0.869683257918552,
          "recall": 0.6232166018158236,
          "f1-score": 0.7261050245561013,
          "support": 1542.0
        },
        "depression": {
          "precision": 0.7064173825164224,
          "recall": 0.9066147859922179,
          "f1-score": 0.794092587333144,
          "support": 1542.0
        },
        "accuracy": 0.7649156939040207,
        "macro avg": {
          "precision": 0.7880503202174872,
          "recall": 0.7649156939040207,
          "f1-score": 0.7600988059446226,
          "support": 3084.0
        },
        "weighted avg": {
          "precision": 0.7880503202174871,
          "recall": 0.7649156939040207,
          "f1-score": 0.7600988059446225,
          "support": 3084.0
        }
      }
    },
    {
      "model_tag": "original",
      "seed": 2024,
      "test_set": "final_test",
      "status": "ok",
      "elapsed_seconds": 793.8,
      "accuracy": 0.811,
      "precision_macro": 0.7973,
      "recall_macro": 0.8308,
      "f1_macro": 0.8017,
      "f1_depression": 0.7587,
      "confusion_matrix": [
        [
          394,
          117
        ],
        [
          28,
          228
        ]
      ],
      "classification_report": {
        "normal": {
          "precision": 0.933649289099526,
          "recall": 0.7710371819960861,
          "f1-score": 0.8445873526259379,
          "support": 511.0
        },
        "depression": {
          "precision": 0.6608695652173913,
          "recall": 0.890625,
          "f1-score": 0.7587354409317804,
          "support": 256.0
        },
        "accuracy": 0.8109517601043025,
        "macro avg": {
          "precision": 0.7972594271584587,
          "recall": 0.830831090998043,
          "f1-score": 0.8016613967788591,
          "support": 767.0
        },
        "weighted avg": {
          "precision": 0.8426041661349543,
          "recall": 0.8109517601043025,
          "f1-score": 0.8159327380317992,
          "support": 767.0
        }
      }
    },
    {
      "model_tag": "original",
      "seed": 2024,
      "test_set": "vsmec",
      "status": "ok",
      "elapsed_seconds": 793.8,
      "accuracy": 0.7529,
      "precision_macro": 0.7529,
      "recall_macro": 0.7529,
      "f1_macro": 0.7529,
      "f1_depression": 0.752,
      "confusion_matrix": [
        [
          1167,
          375
        ],
        [
          387,
          1155
        ]
      ],
      "classification_report": {
        "normal": {
          "precision": 0.750965250965251,
          "recall": 0.7568093385214008,
          "f1-score": 0.7538759689922481,
          "support": 1542.0
        },
        "depression": {
          "precision": 0.7549019607843137,
          "recall": 0.7490272373540856,
          "f1-score": 0.751953125,
          "support": 1542.0
        },
        "accuracy": 0.7529182879377432,
        "macro avg": {
          "precision": 0.7529336058747824,
          "recall": 0.7529182879377432,
          "f1-score": 0.752914546996124,
          "support": 3084.0
        },
        "weighted avg": {
          "precision": 0.7529336058747824,
          "recall": 0.7529182879377432,
          "f1-score": 0.7529145469961241,
          "support": 3084.0
        }
      }
    },
    {
      "model_tag": "domain_adapted",
      "seed": 42,
      "test_set": "final_test",
      "status": "ok",
      "elapsed_seconds": 794.16,
      "accuracy": 0.7614,
      "precision_macro": 0.7612,
      "recall_macro": 0.7936,
      "f1_macro": 0.7546,
      "f1_depression": 0.7136,