comment_text,predicted_label,prob_normal,prob_depression
ngày buồn nhất trời đổ cơn mưa :(,0,0.9936,0.0064
per kỷ niệm khó quên nhỉ kkk,0,0.9947,0.0053
em ý cute vãi !,0,0.9942,0.0058
làm khách đi qua lại mắc mệt lun,0,0.9883,0.0117
năm nay thì đở hơn rồi kkkk,0,0.991,0.009
số tao không được ăn uống mà :((,0,0.9891,0.0109
đang buồn cần 1 người nhắn tin tâm sự hằng đêm,0,0.9787,0.0213
lâu lâu được nghe truyện cổ tích thấy còn niềm tin vào cuộc sống 🤣🤣,0,0.9944,0.0056
anh này còn phim pk nữa rất hay và ý nghĩa,0,0.9957,0.0043
lại thêm một con ngáo bất hạnh,0,0.9353,0.0647
thiếu hình ăn gà rán rồi,0,0.9945,0.0055
ăn ở cái gì huhu,0,0.9901,0.0099
"điều đó không quan trọng , quan trọng là đéo xác nhận lời mời kết bạn",0,0.9931,0.0069
"em sẽ mãi không biết có lúc tôi gọi chỉ để nghe câu "" ai vậy ?""",0,0.9675,0.0325
thế giới giờ đáng sợ quá rồi 😌😌 tâm phải tịnh không là tiêu nha mấy ông 😢,0,0.9882,0.0118
t gặp ngỗng chạy bỏ dép,0,0.9941,0.0059
"chưa muốn lấy , cơ hội vẫn chia đều cho tất cả các anh : ))",0,0.9931,0.0069
"per đúng rồi , không muốn xa cách đâu 😞",0,0.9891,0.0109
"bọn 6 múi yêu nhau hết rồi , tao bụng mỡ đây , tao vẫn thích con gái đây !!!!!",0,0.9919,0.0081
họ vui là được rồi :))),0,0.9946,0.0054
per ồ ồ chân chính chạnh lòng rồi 😂,0,0.9897,0.0103
còn các bạn đặt bánh của mình toàn gửi cho người yêu . chắc câu chuyện này còn buồn hơn :((,0,0.9939,0.0061
per rồi sẽ có 1 ngày vừa cười tao vừa kể chuyện khiến tao rơi nước mắt,0,0.9879,0.0121
ngôn lù thế hahaaa :))) đáng yêuc vãi,0,0.9948,0.0052
nhìn ông với bà chất hơn thanh niên bây giờ,0,0.9925,0.0075
"phim hay dã man diễn viên chính đẹp trai , xem đi xem lại không chán",0,0.9956,0.0044
"mình đang thất tình đéo hiểu sao đi cafe còn toàn tận cùng nỗi nhớ , chạm đáy nỗi đau , đừng như thói quen ... dume :)",0,0.9885,0.0115
"per vãi xem phải cỡ này . , đoạn nó nhếch môi bố mày sợ suýt đái ra quần dume 😑",0,0.9923,0.0077
cám ơn mấy chế nhiều nhiều nhé 😗,0,0.9956,0.0044
hồi bé tôi cũng bị chửi cả ngày từ sáng chí tối ! nhưng không phải bố tôi mà là bà nội tôi !,0,0.9892,0.0108
cuộc sống tạo ta áp lực ..,1,0.0079,0.9921
cười vãi ???????? mặt con bé cũng hài ghê,0,0.9911,0.0089
tuổi thơ tôi bị ám ảnh mấy con ngỗng này . mấy con màu xám cứ mỗi lần đi học ngang qua ngõ nhà hàng xóm là nó đuổi . tao lại chạy thục mạng . cứ phải đắn đo mỗi lần qua đó xem có chúng nó không rồi ù chạy như ma đuổi . haizz tuổi thơ tôi ....,0,0.9862,0.0138
ổng bị bắt rồi :( rồi lấy gì coi,0,0.9917,0.0083
"ai thì tao không biết , chứ tao thấy tiền là đã có động lực phấn đấu rồi",0,0.9886,0.0114
đã check in thành công và mãi vẫn chưa gặp được người ấy là ai :((,0,0.9927,0.0073
":)) đang ăn mỳ , không có trứng nhạt lắm , có rụnng thì xin vài quả !",0,0.9938,0.0062
đáng yêu quá ! tình yêu ông bà thật đẹp !,0,0.9956,0.0044
per sắm 1 cái cho công túa ngồi nhà kêu gu gu hí =))))))))))),0,0.9951,0.0049
"ăn 1 miếng bò mà giết thêm đàn kiến . chưa biết ngon thế nào nhưng một đàn kiến về cõi vĩnh hằng , tội cho đàn kiến .",0,0.9929,0.0071
thứ ba mẹ cho con và con nhận thấy đó là sự đức hạnh tấm lòng cao cả cam on ba mẹ rất nhìu,0,0.992,0.008
per my nè kkk,0,0.9942,0.0058
tớ cũng muốn có mối tình như vậy ??,0,0.9815,0.0185
hết buồn cũng phải có tiền mới hết được :)),0,0.9941,0.0059
ng ta cuối cùng thì cũng được còn tôi thì never 😞,0,0.9926,0.0074
phim nay và phim triệu phú ổ chuột là 2 phim của ấn mà mình thích nhất,0,0.995,0.005
bình dị vậy thôi .. mà sao mãi tao chưa tìm được ? hix,0,0.9941,0.0059
biết nấu cơm bếp củi từ lớp 2_3 gì đó,0,0.9952,0.0048
"ám ảnh hồi bé của c , con này trông nhà oke hơn cả chó luôn",0,0.9925,0.0075
t mới tính tới bước thất bại chưa tính tới thành công :)),0,0.9938,0.0062
"em lấy đi niềm tin chả lại cho anh những gì , cũng vì anh vụng về đánh rơi hay càng xa vời càng dễ mất .. anh chân thành nên anh tổn thương",0,0.9812,0.0188
dễ thương . cứ yêu đi ngại gì .,0,0.9946,0.0054
hí . dễ thương quá,0,0.9947,0.0053
"1 đoạn phim được trích ra tuy ngắn nhưng , chứa 1 thông điệp rất có tầm quan trọng",0,0.9945,0.0055
tối nay chồng tương lai sẽ đưa con khác đi chơi 😆😆😆,0,0.9929,0.0071
"bất cứ lúc nào nghĩ về đời tao chỉ thấy vị cay , nồng nơi khóe mắt :))",0,0.9724,0.0276
tự nhiên coi tới khúc th bé kéo hết bạn bè tới chụp hình tao buồn cười vãi ! ông kia nghĩ ! thôi chết mẹ rồi ! kiểu này tối mới lau xong 😂,0,0.9886,0.0114
"per cố gắng lên nha anh , mọi điều tốt đep đang chờ anh 💓💓",0,0.9908,0.0092
gặp được em nhưng sẽ chỉ quan tâm và bảo vệ em từ xa,0,0.9893,0.0107
thêm đường hay cho thêm bánh gato về tẩm bổ :),0,0.9953,0.0047
thấy cái thèm ts quá,0,0.9947,0.0053
"hiện tại mình cần tìm người yêu , bạn nữ nào chưa có chồng hay chưa người yêu thì bình luận bên dưới để mình lựa một bạn may mắn nhất nhé :)))",0,0.9938,0.0062
a per ..... nhìn những hình ảnh này ... sao em nhớ về anh quá .... 15 năm ròng rã .. giờ anh lưu lạc nơi đâu . 😭😭😭😭,0,0.9506,0.0494
chữ tao từ lớp 3 đã kiểu như thế nào và còn đẹp hơn nhé .,0,0.9955,0.0045
per quẹo lựa mấy đứa ơi . để lễ nay đặt vé luôn cho rồi . nóng quá rồi :)))),0,0.9948,0.0052
xem đi xem lại bao nhiêu lần cũng không chán ... vẫn cảm giác hồi hộp :),0,0.994,0.006
bé có năng khiếu làm cô giáo dạy văn ... nghe thì nghĩ tục nhưng đời thường là có thật ... bác nghe thấy đồng cảm với các cháu,0,0.9955,0.0045
chết luôn .. tình yêu không phân biệt . giới tính .. tình yêu ơi là tình yêu .. tao đau khổ vì mày lắm rồi ...,1,0.0932,0.9068
"mức thu cao nhất - đồng ý vì số liệu nó thể hiện như vậy , chứ còn hiệu quả thì mình không biết đúng không 😂 mỗi lần vô vcb là hiểu phải đợi mỏi mòn , không như những nh khác",0,0.9931,0.0069
"thà biết rồi đau 1 lần cho tởn rồi thôi , chứ đừng để nỗi đau cứ day dẳn giằng xé mãi cả đời ☻",0,0.9877,0.0123
nghe anh ấy nới chuyện rất thuyết phục,0,0.9945,0.0055
thông minh :v,0,0.9937,0.0063
oimeoi tao thấy được tao ngày xưa đây rồi =))))),0,0.9947,0.0053
con mong cụ cuộc sống sẽ tốt hơn 😔,0,0.9657,0.0343
sau mưa ra đường sợ nhất gặp giun,0,0.9926,0.0074
nên gan ngỗng ăn ngon đó,0,0.9945,0.0055
"ngày nào cũng thấy tàu trật bánh , khá buồn",0,0.991,0.009
nhìn đẹp quá đi mất,0,0.9947,0.0053
tao đang cố un crush nhưng khi xem xong video trên thì ..........( khóc không ra nước mắt ),0,0.9915,0.0085
đó là khi anh per cưới vợ đó 🤣,0,0.9922,0.0078
ngoài những bài chia tay vì lí do vớ vẩn ra thì neu cũng có những bài đăng đọc rồi còn nhớ mãi .,0,0.994,0.006
mặt nhỏ dễ thương vãi =)),0,0.9948,0.0052
béo tí đáng yêu mà =)),0,0.9953,0.0047
"hy vọng chừng đó con đã đi mẫu giáo lớn , 1 xe bảy chổ và nhà hai tấm 🤣",0,0.9927,0.0073
1 năm không biết bao nhiêu lần x - quang :(,0,0.9931,0.0069
cả người nhà người yêu cũng không đồng ý :((,0,0.9904,0.0096
"mình nói thật nhìn từ trên cao xuống đã thấy chóng mặt rồi , vãi",0,0.9864,0.0136
tao giận bạn trai tao và 5 ngày rồi nó đéo dỗ tao luôn hix,0,0.9768,0.0232
dăm ba cái kỉu đây hồi nhỏ tao đốt chấy vài á mà 😃,0,0.9936,0.0064
per lên lịch hẹn hò nhanh,0,0.9949,0.0051
chia buồn cùng nước pháp .,0,0.9923,0.0077
nta vẩy tay mấy cái cũng ra tranh còn tao thì 😪,0,0.9923,0.0077
mặt chúng bạn kiểu lại đéo được trả tiền rồi 😞,0,0.9937,0.0063
"hắt xì mệt quá , muốn bắn , muốn làm việc :(",0,0.9921,0.0079
"t xin nhắc lại một lần nữa , đây là một câu chuyện buồn nhé",0,0.9932,0.0068
"tội nghiệp , có rất nhiều em ở nông thôn bị như vậy 😢.",0,0.9931,0.0069
buồn thay cho lớp tao,0,0.9937,0.0063
hi vọng trưa nay lúc ăn cơm vtv24 sẽ không đưa tin về bạn này ạ,0,0.9918,0.0082
per sự thích thể hiện của các bạn mà bóng đá per tốn một món tiền không nhỏ ! 😩🙏🤕,0,0.994,0.006
đáng iêu vãi =]],0,0.9933,0.0067
quá ý nghĩa . mình trẻ mà chắc gì làm được vậy,0,0.9946,0.0054
bộ phim hay nhất từng xem,0,0.9947,0.0053
bạn đã hiểu nổi khổ của mario khi mua vui cho bạn chưa :)),0,0.9954,0.0046
boss hổng có 6 múi hả :( buồn dị,0,0.9926,0.0074
chân tao không đu ̉ da ̀ i đi ̉ đi con đươ ̀ người na ̀ y :((((,0,0.9883,0.0117
nước ngoài có đầy mà :)),0,0.9947,0.0053
cái gì mà rớt hột le tè vậy em gái 😁😁😁,0,0.9924,0.0076
có người yêu coi bộ cũng vui 🙂,0,0.9933,0.0067
14 / 2 năm ngoái tao mọc sừng . nên 14 / 2 năm nay tao quyết định cưa sừng 😊,0,0.9889,0.0111
"vui vẻ chút , lạc quan chút cho đời thêm vui cũng là một cách 😂😂",0,0.9924,0.0076
"lại là lào cai , tự hào quê mình quá :))",0,0.9948,0.0052
nói tiếng tuy hoà phú yên làm tao nhớ đến nyc . giọng nó sao ngọt không thể tả . buồn,0,0.9931,0.0069
yêu quá hóa điên 🤣,0,0.9933,0.0067
nhìn nữa sao . hỏng yêu đi . cho doi . vui vẻ,0,0.9954,0.0046
cứ thấy trai đẹp là tao hạnh phúc :),0,0.9938,0.0062
đậu . tao mê nhất là giọng tuy hòa phú yên . nó luôn mang một ấn tượng sâu sắc . nghe cứ thích thế nào ấy,0,0.9942,0.0058
cái con đồ chơi đó mua ở đâu nhỉ . cười đéo nhặt được mồm . 😂😂😂,0,0.9945,0.0055
sao lại cưng đến thế này ^^,0,0.9942,0.0058
per gặp thần tượng mỗi ngày kkk,0,0.9938,0.0062
xem mấy lần rồi vẫn thấy hay,0,0.9953,0.0047
đcm ngôn tình vãiiii,0,0.9918,0.0082
dân kinh doanh khoái đi chợ này lắm nè,0,0.995,0.005
đã trải qua và thấy chuẩn cơm má nấu,0,0.994,0.006
crush mới thích ảnh tao mà tao đã . nghĩ đến chuyện đặt tên con rồi,0,0.99,0.01
cái gì vui vậy mọi người :)),0,0.9944,0.0056
má chủ dễ thương vậy tao cũng muốn xin,0,0.9942,0.0058
câu chuyện dễ thương thật ^^,0,0.9952,0.0048
điều tồi tệ là học nửa vời chã ra làm sao,0,0.9899,0.0101
trước khi lấy vợ boss có một thân hình hoàn mĩ thế này đây,0,0.9934,0.0066
cô quét đi cô cho cháu hốt về với =))),0,0.9946,0.0054
này thì câu thích 😂😂😂,0,0.9944,0.0056
bốc toàn trúng may mắn lần sau,0,0.9947,0.0053
định mệnh tao lại quên mang áo mưa,0,0.991,0.009
xem xong video tự thấy mình còn không bằng con chó ...,0,0.9913,0.0087
chúc mừng cp . cố lên cp .,0,0.9945,0.0055
per huhuu không biết lúc đấy thực tập chưa :(((,0,0.9934,0.0066
"con này còn hại hơn cả ốc bươu vàng . cấm nhanh còn kịp , để nó ra ngoài thì chỉ có người nông dân thiệt thôi",0,0.9883,0.0117
liên quan à . cr mày đéo thương mày đâu . nó có crush mới rồi . 🙂,0,0.9915,0.0085
thật là đáng sợ,0,0.9875,0.0125
em chờ được mà 🙂,0,0.9914,0.0086
"mình nhận thấy hình như ông ấy đang rất đau khổ , mà không thể or không muốn nói ra .",1,0.0858,0.9142
"giá trị lịch sử văn hoá gần nghìn năm đã mất đi rồi :((""",0,0.9925,0.0075
em nuôi con lợn mấy năm rồi mà vẫn trống rỗng huhu 😭😭😭,0,0.7629,0.2371
sợ thế,0,0.9892,0.0108
hay à ngheng,0,0.9948,0.0052
"t cũng thế . đang ngồi chơi với con , vợ nó đắp mặt nạ lù lù bước vào . xém đái trog quần ??????",0,0.9859,0.0141
"đúng rồi , vàng là phải vàng mới có giá trị , vàng trắng làm gì có giá trị 😥",0,0.994,0.006
toàn tặng đồ gây sát thương thế kia khả năng bị phản damage là rất cao,0,0.9916,0.0084
mệt mõi 😥,1,0.0965,0.9035
tao không biết tao đủ ổn để đi học thêm không nữa,0,0.6326,0.3674
ai đó hãy tát trà sữa vào mặt tao đi 😭😭,0,0.9906,0.0094
trông tội quá,0,0.9932,0.0068
"thanh diễm giờ tao hiểu tại sao cứ sáng vô là tao trông tới đi về , đầu tuần trông tới cuối tuần và đầu tháng trông tới cuối tháng rồi 🤣🤣🤣🤭",0,0.9915,0.0085
làm đéo gì có ai nói chuyện thân thiết với tao đâu mà,0,0.9801,0.0199
ad cho hỏi nghệ an lúc nào mưa vậy ah 🌧🌧.. ốm cũng cam lòng chứ vã lắm rồi 🥵🥵,0,0.9463,0.0537
"chửi vậy cũng bình thường mà mọi người cứ làm quá . mẹ tao cũng suốt ngày chửi tao , tao thấy vui mà .",0,0.977,0.023
"đừng ám tao nữa , sợ lắm",0,0.9884,0.0116
ý là giọng quê tao đó hã,0,0.9933,0.0067
"đang định đi nhổ răng khôn , nghe được tin này thấy ghê răng 😁",0,0.9926,0.0074
nhờ mất bạn nên mình mới biết 😂😂😂😂,0,0.993,0.007
vừa đây về đông kinh hồn càng về đêm càng đông,0,0.9907,0.0093
"mày làm tao nhớ em gái ghê , mai sinh nhật con bé rồi mà tao đang đi làm xa nhà , không về được .......... 😑",0,0.9845,0.0155
ui nghe ấm thế,0,0.9946,0.0054
chắc từ giờ tao đéo giám ho nữa quá .,0,0.9778,0.0222
đau lòng quá,0,0.9333,0.0667
không những hạnh phúc tao còn cứng nữa :)),0,0.9938,0.0062
chúc mừng các anh . các anh giỏi quá . chuc các anh mạnh khỏe .,0,0.9952,0.0048
"thương quá . giờ con đi học ở lại cả ngày thì hên xui thôi chứ biết làm sao , không ăn thịt heo thì ăn gì . mong sao có lệnh tạm dừng ăn thịt heo trong thời gian này cho các trường mầm non thì hay biết mấy .",0,0.9911,0.0089
tội em gái đó,0,0.9914,0.0086
ăn cơm mốc có khả năng bị ung thư gan cao . hít,0,0.9932,0.0068
làm người khác thỏa mãn bằng mùi hương của chính bản thân,0,0.993,0.007
anh đừng bỏ em đi mà 😢,0,0.9883,0.0117
muộn rồi :))),0,0.9933,0.0067
dễ thương hết sức ??,0,0.9943,0.0057
cái khó ló cái khôn :))),0,0.9928,0.0072
a độc thân nè không có ai để nắm tay gọi là thử coi .. hihihi chúc em luon vui ve em nhé ...,0,0.9893,0.0107
hồi nhỏ đọc tao đã nghi nghi rồi =)))))))),0,0.9948,0.0052
per tìm được đối tượng nào để cầu hôn chưa :))),0,0.9947,0.0053
cũng đúng :)),0,0.9944,0.0056
"thích cái câu , có mỗi thằng con rể đểu mà cứ xoắn cả lên 😂😂😂",0,0.9939,0.0061
"coi khúc đầu không hiểu , đến lúc ổng bước ra khỏi làn khói , thật không thể cầm được nước mắt",0,0.9811,0.0189
per thích quáaaaa,0,0.9921,0.0079
tao cũng ho trật mẹ khớp vai mà đéo phải 1 lần đầu nhé,0,0.9937,0.0063
hú hồn chim én :) nào làm ra này chắc cũng ngáo dữ :) chắc add không sợ nhện :),0,0.995,0.005
biết trân trọng những gì mình đang có ☺️,0,0.9894,0.0106
có gì đâu bé vậy mới cool đó anh thích 😉😉😉,0,0.9945,0.0055
"aaaaa con nhện 😨 "" aaaaaaa con ế !"" - nhện said 😂😂😂",0,0.9919,0.0081
tiếc cho mối tình ấy ....,0,0.9914,0.0086
phim nay xem rất nhiều lân nhưng quá hay vẫn muốn sẽ tiếp tục xem,0,0.9953,0.0047
"đúng thế , ở đâu cũng được đâu nhất thiết phải ở đây",0,0.9944,0.0056
gu của tôi trời ơi . tiếc mới có chồng với đứa con thôi . huhu,0,0.991,0.009
rồi mấy đứa chân không được dài như tao phóng qua kiểu gì :),0,0.9925,0.0075
trời ơi . dễ thương quá luôn ❤️❤️,0,0.9954,0.0046
per sáng mai kiểu gì cũng về tới nhà :)),0,0.9942,0.0058
để anh dẫn em đi ăn nha :)),0,0.9944,0.0056
vậy là thế giới mất đi không biết bao nhiêu món nướng rồi :(,0,0.9939,0.0061
"tui đây vừa vô phòng thì con vợ mặt trắng bóc nhảy ra đây , tưởng là ma",0,0.9883,0.0117
những điều đơn giản nhưng thật hạnh phúc 😘,0,0.9944,0.0056
phải chi có người yêu nhắn tin ngọt ngào như này,0,0.9952,0.0048
"hồi học lớp 5 bảo bố đi mua sgk cho , xong bố đi mua nguyên bộ lớp 4 đầy đủ từ sgk đến vở bài tập 😂",0,0.9937,0.0063
cả 2 loại người này đều đáng sợ !,0,0.992,0.008
per mỗi ngày đi làm thấy per là như có thêm power cho 1 ngày siêng năng !!!!,0,0.9947,0.0053
"bị ám ảnh hồi bé đi nhổ răng , không dám đi nha sĩ nữa :((( huhu 😭😭",0,0.9874,0.0126
quá đau lòng nhưng chúng ta phải chấp nhận với điều đó,0,0.9887,0.0113
"per hồi nhỏ bị ngỗng dí riết ám ảnh , giờ mà bị dí chắc cầm cổ quay thấy moẹ nó luôn hehe",0,0.9898,0.0102
per sợ nhện đúng không :)),0,0.995,0.005
em chân thành nên em tổn thương !,0,0.9855,0.0145
"per ăn tết xong , cần cây cầu này để giảm cân 😆😆",0,0.994,0.006
"ngày cuối cùng còn ở lại , bản thân không có bất cứ một cảm xúc gì , trong lòng chỉ độc một mảnh phẳng lặng .",1,0.3848,0.6152
anh chờ ... đáng yêu ghê,0,0.9947,0.0053
vẫn chọn tech là ngân hàng đồng hành,0,0.9946,0.0054
đây là 1 câu chuyện buồn,0,0.9938,0.0062
duyên quá nói chuyện hay,0,0.995,0.005
móe . con nhện . cười đau cả ruột .,0,0.9941,0.0059
thề cứ 1 lần trượt là tao cười to hơn 😆😆,0,0.9861,0.0139
chị đầu tiên buồn v :((,0,0.9939,0.0061
tao đã rất muốn làm bạn tốt anh em tri kỉ với tụi hắn nhưng không ai muốn làm bạn với tao - _ -,0,0.984,0.016
con gái tao thì suốt ngày hêy siri bắt chước mẹ 😂,0,0.9888,0.0112
"đi hát văn nghệ cho trường nguyên cấp 1 , kiếm được kha khá . cấp 2 vỡ giọng , khỏi hát 🤣",0,0.9942,0.0058
tao rất thích nhạc trung từ giai điệu đến ý nghĩa rất hay 😁😁😁,0,0.9953,0.0047
nhà tao cũng gần mà tao không bao giờ dám đi đêm,0,0.9875,0.0125
per có ai còn nhớ thời đầu băng xem đi xem lại xuốt ngày không kakak,0,0.9935,0.0065
thế là hết những gì đẹp nhất của nước pháp sao không phun nước cứ để cháy rần rật nhỉ,0,0.9935,0.0065
tại vì anh trót nói lời thương em mà em không đáp lại,0,0.9822,0.0178
mới ngày nào bidv còn đứng nhất mà .. haizzz,0,0.9935,0.0065
bị nó chặn đầu mấy lần khóc sướt mướt luôn . mấy con yêu nghiệt này còn dữ hơn chó,0,0.9889,0.0111
per tuổi thơ của mềnh đi học là lúc nào bạn tao cũng ngồi trên và khi nào múa giờ ra chơi cũng múa chung với mềnh 😅😅😅,0,0.9897,0.0103
nhìn là yêu roi muốn nuôi quá trời mà sợ không chăm được em 😢,0,0.9844,0.0156
đôi khi hạnh phúc chỉ là những điều giản dị nhất mà chả ai nghĩ tới 😊,0,0.9896,0.0104
huhu xem mà muốn khóc vãi,0,0.9894,0.0106
tao thấy tai nạn giao thông là tao nói với mẹ .. con chạy ra đó để tối lên ti vi ... mẹ tao chửi sấp mặt luôn,0,0.9851,0.0149
nó giống tao ghê . gặp tao tao cũng chọn mày,0,0.9916,0.0084
"per hay đó bro , trừ điểm bro chưa bao ăn :)) - 10",0,0.9952,0.0048
cũng sợ mấy con ngoe nguẩy như giòi 😰,0,0.9906,0.0094
"ước gì mèo nhà mình cũng có thể về nhà như vậy , mất ẻm được 2 năm rồi :(((",0,0.9928,0.0072
tự dưng cay mẹ mắt,0,0.993,0.007
bác vẽ làm tao nhớ con cá này vãi =))),0,0.995,0.005
trường gửi điểm về và mẹ cũng điện chửi :(,0,0.9923,0.0077
nói chuyện như người yêu ??,0,0.9935,0.0065
đó là một câu chuyện buồn 😀,0,0.9922,0.0078
xem xong tôi cảm thấy còn u ám hơn :)),0,0.9934,0.0066
chúng mày cứ cười . dm mai gần đấy có biến lại thấy anh ấy trong bộ cảnh phục thì lại tung hô quả nằm vùng quá đẳng cấp 😂😂😂,0,0.9918,0.0082
không phải không thích mà bản thân chưa đủ tốt để sánh vai . phải chi anh có thể đợi em khôn lớn !,0,0.9871,0.0129
rất có tố chất . liên đoàn xe đạp việt nam có thể liên hệ để đào tạo được đấy,0,0.9932,0.0068
"đếu thể đỡ được "" tiền mừng , tiền mừng "" hahaha",0,0.995,0.005
còn buồn hơn là cố quan tâm thế nào họ vẫn không hề rep lại,0,0.989,0.011
đáng yêu phết nhể,0,0.9943,0.0057
tuổi trẻ tài cao =))),0,0.9947,0.0053
ước gì được giận lại 😐,0,0.9837,0.0163
sợ vãi linh hồn 😞,0,0.9857,0.0143
thôi chết haha ...,1,0.0183,0.9817
cái này phải hơn 20 năm rồi . lần đầu không biết canh lửa nên cơm khét hoài 🤣🤣🤣🤣🤣,0,0.9926,0.0074
anh lỡ mất em rồi huhu,0,0.9901,0.0099
per ly trà sen của anh đem qua có ngày nó thành như v đó 😭😭 hức hức ...,0,0.992,0.008
ngầu lắm bạn ạ ^^,0,0.9943,0.0057
đã gặp được em đúng lúc . nhưng lại không phải thời điểm em muốn ....,0,0.9849,0.0151
những người em thích đều đi nơi đâu rồi còn con ml bên cạnh song hành,0,0.9827,0.0173
ơ thế hoá ra tao không bị ngu một mình ?,0,0.9936,0.0064
ngày xưa mẹ tao dạy ở miền núi . năm tao học lớp 3 lần đầu tiên lên trường với mẹ . đaumoa mấy con ngỗng mất dạy rượt tao leo lên cây phượng cao chót vót cả tiếng không dám xuống .,0,0.9842,0.0158
món này ngon vãi,0,0.9949,0.0051
cầu cho chú luôn mạnh khoẻ ạ 😢,0,0.9939,0.0061
chỉ ước về sau mình được vay,0,0.9902,0.0098
không muốn yêu ai cả,1,0.0307,0.9693
minh biết nữa ne,0,0.9903,0.0097
trên đời vẫn còn nhiều điều tốt đẹp ❤️,0,0.993,0.007
mai tao cũng đi ship mới được . có bài này áp dụng luôn .,0,0.9946,0.0054
thằng ben thật tội nghiệp,0,0.9932,0.0068
cả đời mình chỉ ước có 500tr trả nợ ngân hàng cái xe để chạy kiếm ăn ...😥😥😥,1,0.186,0.814
t cười ỉa ...🤣🤣,0,0.9913,0.0087
em buông tay anh nhé .... quá khứ ấy anh hãy xoá hết đi .......,0,0.9887,0.0113
rụng tim 😭,0,0.9858,0.0142
tao không tin đâu hiccc =(((,0,0.994,0.006
ngày hôm ấy tuyệt đẹp nhưng lại đượm một nỗi buồn ngày mai thôi chg được gặp thầy cô bb lũ chúng tôi khép cánh cửa ấy lại nhìn lại toàn bộ khung cảnh ôi thân thương biết mấy cảnh vật quen thuộc sẽ không được trông thấy nữa,0,0.9848,0.0152
chúc mày mau khoẻ nhá chủ thớt ạ =)),0,0.9946,0.0054
được . đỡ tốn 5 nghìn,0,0.9947,0.0053
muốn nhanh thì phải từ từ =))))),0,0.9946,0.0054
ốm mà xinh thế :3,0,0.9935,0.0065
dạ cho em hỏi cái đường này ở đâu z ạ . để em đéo tới đây ạ . đm bước cái chắc tét háng,0,0.9929,0.0071
"dù chỉ để nhìn 1 cái , để biết người ấy vẫn ổn , người ấy còn tồn tại . ít nhất là nv 😔",0,0.99,0.01
má . đang định đi chụp :((,0,0.9918,0.0082
bày đặt viết trên cát khắc luôn vào đá cho tạt thoải mái,0,0.9954,0.0046
cho em canh với . hehe,0,0.9945,0.0055
"anh sau đó , không còn là anh nữa ...",0,0.8622,0.1378
sao giống phim good doctor của hàn vậy ?? cũng bệnh tự kỉ và có khả năng nhìn được 3d !,0,0.8955,0.1045
đẹp trai thật .,0,0.994,0.006
hay . đỡ mệt,0,0.9945,0.0055
per bài tủ 1 thời =)),0,0.9945,0.0055
tôi cắn bất chấp =)))))))) chắc là tôi yêu tụi nó cuồng si rồi,0,0.9928,0.0072
mở ra mà thấy vậy chắc tao sợ quá mà chết luôn mất :),0,0.9864,0.0136
đồng đội chơi tốt quá hahaaa,0,0.9946,0.0054
giọng cute phết,0,0.9938,0.0062
tao sợ ăn xong nóng đêm gãi toét chân,0,0.9883,0.0117
"con gái không thích con trai đầu hói , vì cưới về dễ nhầm đầu :d",0,0.993,0.007
chuẩn bị prayforparis thôi 23 tuần kể từ khi phe áo vàng làm loạn rồi mà vẫn chưa dẹp được .,0,0.9891,0.0109
đau đớn quá sao phải tham mấy đồng tiền đó nhỉ,0,0.9849,0.0151
"hăm hở đón nhận tất cả , thậm chí là nỗi buồn , nếu điều ấy khiến việc tồn tại của bạn mang một hương vị đáng nhớ ...",0,0.9898,0.0102
buồn nhất là crush cũng chả có để mà thả 😞,0,0.99,0.01
"tao sợ chó lắm .""",0,0.9816,0.0184
"tuổi thơ tao gặp toàn trai bánh bều , mít ướt . toàn là tao galang , dỗ dành . ôi cái cuộc đời này per",0,0.9898,0.0102
"ngày đẹp trời là ngày được nghỉ làm , đi những nơi mình thích , với người mình thương , ăn những món ăn ngon . xong về ôm nhau ngủ :)))",0,0.9942,0.0058
"nhớ hồi euro 2012 rực sáng trong màu áo tuyển ý , ghi mấy bàn mà bàn nào cũng thấy phê .",0,0.9901,0.0099
chồng tương lai lại nuôi vợ thằng khác,0,0.9908,0.0092
"thương các con quá , lũ khốn nạn vì lợi trước mắt ma tội cho bọn trẻ , bọn này cho chết het",0,0.9903,0.0097
t thấy tội nghiệp thằng cải,0,0.9897,0.0103
hồi bé bị ngỗng dí hoài =)) sợ vãi,0,0.9949,0.0051
má chắc gặp tao chạy mất giày,0,0.993,0.007
"bữa tao coi cái video này nhưng nó ghép nhạc bựa vãi ... mỗi lần mỗi anh té là first blood , double kill ,... các kiểu =))))",0,0.9949,0.0051
bạn gái nào xinh xinh mà bị lạc thì vào nhà mình cho ngủ nhờ này . ??,0,0.9937,0.0063
đúng là càng ngày càng chán . cứ theo luật mà làm thì chán cực kỳ luôn,0,0.9883,0.0117
cái cuối phê vãi,0,0.9919,0.0081
ê tao đi nhật chưa được 1 năm mà xem video này làm tao loạn ngôn ngữ ghê . thỉnh thoảng phải dừng video ngẫm câu nó nói nghĩa gì,0,0.9925,0.0075
per kinh dị thấy mệ luôn nè,0,0.9946,0.0054
làm chó khổ lắm chứ bộ :((,0,0.9938,0.0062
bức ảnh này lại làm mình bị ám ảnh . haz,0,0.9906,0.0094
dân chơi nhìn cái biết ngay 🤣🤣,0,0.9936,0.0064
đáng yêuc quá,0,0.9938,0.0062
tiếng guitar thật tuyệt,0,0.9944,0.0056
mỗi lần tao ăn đu đủ bằng thìa thì bố tao lại chửi tao . bố tao bảo loại mày ăn đu đủ không cần thìa đâu .,0,0.9836,0.0164
mệt như chó :3 nhưng mà hoan hỉ đầu năm đi xin lộc :v,0,0.993,0.007
đáng yêu quá . phải thằng trai nhà tao thì nó sẽ nhẩy vào tính ôm luôn cái máy ấy về =)),0,0.9941,0.0059
đau nếu còn nghĩ về nhau thì hãy quay về bên nhau :)),0,0.9937,0.0063
một hành động đẹp đầy tính nhân văn ☺️☺️,0,0.9947,0.0053
"hôm bữa đi ngang qua , thấy hết con mẹ nó hồn",0,0.9915,0.0085
nhìn một cái rồi quay đi là thấy mãn nguyện rồi .,0,0.9908,0.0092
ôi hạnh phúc quá 😄😄😄,0,0.991,0.009
biết ngay anh per lại mượn đầm của vợ :)))),0,0.9949,0.0051
sợ vãi,0,0.986,0.014
tao ho rụng hết tóc rồi 😭,0,0.856,0.144
dù có sống được mấy đời thì cũng nợ mẹ cha trọn cả mấy đời .,0,0.9879,0.0121
đây là một câu chuyện buồn 🙁,0,0.994,0.006
má ơi đây chính là thứ ám ảnh nhất cuộc đời con . kẻ thù 😢😢😢,0,0.6807,0.3193
per bị chữi thì ráng nghe mà vui đi nghe . cứ như nghe hát miễn phí 🤣🤣 còn bị chữi là còn hạnh phúc . nguoi ngoài ngọt ngào nhưng chắc gì đã thật lòng đâu,0,0.9946,0.0054
tao tưởng tượng sau này sẽ có 1 thằng bồ vừa điên vừa ngáo giống tao .. chắc vui hết sảy 🤣,0,0.9794,0.0206
sợ quá đi,0,0.9917,0.0083
cay và đắng nghe mấy ông lớn tuổi toàn kêu thế thôi,0,0.9943,0.0057
thấy dòng này quen quen . thấy đọc bình luận của ai á . haha . buồn cười 🤣 🤣 🤣,0,0.9948,0.0052
và đương nhiên sẽ có ngày cô ấy sốc vì giới tính thật của cô ấy !!!,0,0.9793,0.0207
là nhân duyên trời ban cớ sao chẳng thành đôi :(,0,0.9939,0.0061
tau đã được bà nội vá quần 🙂🙂🙂,0,0.9928,0.0072
page bị hack rồi . video hay nhất mình từg xem,0,0.9945,0.0055
""" tụi mình tuy không yêu nhau hai lần , nhưng nếu có cơ hội ... anh chắc chắn vẫn tặng em đoá hồng đẹp nhất """,0,0.9923,0.0077
chỉ khổ các con thôi !! sao người ta lại có thể mất nhân tính như vậy,0,0.9911,0.0089
crush của tao cười hơi bị xinh :3 xinh + cười = đỗ mãi • 3 •,0,0.9947,0.0053
dễ thương quá à ????????,0,0.9947,0.0053
chuẩn kkk 😁,0,0.9907,0.0093
ukm . nguy hiểm thật :'<,0,0.9948,0.0052
"đi chơi gặp 3 con mất dậy này vừa bị dí vừa bị cạp đít đau không chịu được sau phải nhảy lên cây để trốn , giờ gặp là sợ 😭😭",0,0.9895,0.0105
per mày cứ kén chọn đi chúng nó yêuc nhaooo hết rồi kia kìa ahuhu .. không tin vào mấy thằng ông nội cơ bắpppp nữaaa,0,0.9894,0.0106
câu chuyện lấy đi nước mắt của tao,0,0.9925,0.0075
"thằng bạn ngồi kế bên lớp 2 nhà bán vàng mà nó học dốt , thế là làm bình thường về nhà cho nó , 1 bài 2k , mồi ngày kiếm 8 - 10k 🤑",0,0.9923,0.0077
sự thật thì cố suy nghĩ vui vẻ hạnh phúc mà trong túi không có tiền chỉ sợ đất cũng không có mà ăn,0,0.9359,0.0641
nhưng tao đéo có crush,0,0.9925,0.0075
tận cùng của nỗi đau :(,0,0.9769,0.0231
cần tìm gấp bạn trai đáng yêuc như anh này trời đất ơi =)),0,0.995,0.005
đố ai định nghĩa được tình yêu . có khó gì đâu một buổi chiều . kề dao vào cổ yêu không hả . gật đầu lia lịa thế là yêu 🤣🤣🤣🤣🤣🤣,0,0.9927,0.0073
chẳng biết nói gì . xem video em cười suốt mà lòng tôi không thấy vui tẹo nào . thương em,0,0.9902,0.0098
cẩn thận mày lại có cháu sớm 🤣,0,0.9935,0.0065
cái dây ở ảnh đầu xinh vãi vậy,0,0.9949,0.0051
"lúc nhỏ mẹ nấu cơm bằng bếp củi , ttao thì không biết gì thấy lửa tắt thì chụm vô : )) mẹ ra quánh cho trận vì nồi cơm khét nghẹt 😑",0,0.9935,0.0065
"ngày xưa đi học gần trường có bày ngỗng , hôm nào nó cũng cà khía rượt tụi học sinh chạy sấp mặt luôn",0,0.9924,0.0076
tao thầy mày cười hí hửng vại mà ?,0,0.9936,0.0064
nhìn đáng yêu vãi :))),0,0.9943,0.0057
buồn thế nhỉ . t mới mua con per chưa nổi 1 năm . thế này thì biết sống sao 😨😨,0,0.7104,0.2896
đồng nghiệp của tôi thật tuyệt vời,0,0.9943,0.0057
per luôn yêu đời và luôn yêu công việc em nhé,0,0.9936,0.0064
"sợ nhất mấy đứa ảo tưởng sức mạnh , nhắn tin nhiều chút là auto mình thích nó",0,0.9897,0.0103
mẹ đang buồn ỉa mà trên đường về gặp mớ gờ giảm tốc kia thì phọt bà ra quần 😨,0,0.989,0.011
hay lắm . thằng anh giúp 2e thêm yêu lao động,0,0.9952,0.0048
"cô ấy rất tốt , nhưng tôi biết thứ nào tốt đều không dành cho mình",0,0.99,0.01
"nhổ tóc sâu cho bố , hình như được 500đ để mua kẹo dồi 😂",0,0.9945,0.0055
rất vui mừng khi ông ấy rời việt nam an toàn tuyệt đối ....,0,0.9906,0.0094
"vợ người ta chưa bao giờ làm tôi thất vọng , còn vợ tôi thì ..... đi hết 1 / 3 cuộc đời rồi vẫn chưa tìm thấy 😓",0,0.9452,0.0548
tao thì sợ nhất lúc nó mới cắt tóc,0,0.993,0.007
"sau 1 thời còm men dạo khắp muôn nơi , cháu đã lên được fan cứng rất rất cứng 😆😆",0,0.9931,0.0069
thằng nào sửa xe này dễ đau tim mà chết lắm . :)). nhất là những thằng sợ rắn .,0,0.9944,0.0056
ừ công nhận == không có tiền mua,0,0.9932,0.0068
chỉ là không có ai để nhắn thì mới nhắn cho mình . công nhận nguy hiểm,0,0.9943,0.0057
có tâm mới có tầm haha,0,0.9936,0.0064
"ngày xưa nuôi mấy con mèo . đêm hôm nó cứ lựa lúc cửa mở là chạy đi chơi mất . những lần nó không về buồn thối ruột , tối cứ mở cửa để đợi tiếng meo meo 😥",0,0.9427,0.0573
per ơ tao còn chưa kịp đến bắt tay mà :((,0,0.9928,0.0072
"chống mắt mà xem này khi bồ nói anh muốn đi tập gym thì dẹp ngay và luôn , măc công nó yêu thằng khác mất quá per",0,0.9915,0.0085
đúng chất dân miền tây hahaha,0,0.9933,0.0067
sống với nhau đến cuối đời người ta cũng chỉ mong có vậy .,0,0.9817,0.0183
đang trong lớp mà ứa nước mắt,0,0.9902,0.0098
nhìn quả mặt nó làm tao thoả mãn vãi,0,0.9926,0.0074
"😔 tao không lấy chồng nữa , ở nhà nấu cơm cho mẹ , tao sợ lắm",1,0.0745,0.9255
"chuẩn thế còn gì , phải có uy tín trong nghề mới thành công được",0,0.9935,0.0065
per ngôn tình luôn ở quanh ta nhưng nó đéo đến với chúng ta 😏,0,0.993,0.007
vận may s cứ xua đuổi mình hoài chứ có bao giờ tự tìm đến đâu ? đen thôi chứ đỏ quên điii nha . đời thường giết chết kẻ mộng mer như mình .,0,0.9781,0.0219
"nguy hiểm lắm , ngồi nhà lướt facebook thôi mà không cẩn thận thì mất tim lúc nào không biết",0,0.9888,0.0112
per tập gym đi mày có người yêu đấyyyy =))))),0,0.9947,0.0053
rõ ràng vẫn là một người mà cắt tóc xong nhìn đáng yêu vãi :v,0,0.9947,0.0053
tuổi lồn hù được bố m,0,0.9943,0.0057
dume sởn gai ốc 😭,0,0.9917,0.0083
giờ thì chả dám nhìn nữa hic :((,0,0.991,0.009
"không phù hợp thổ nhưỡng , khí hậu . vậy mà vẫn tung hô , dải ngân để làm khổ dân . quả bóng trách nhiệm chẳng thuộc về ai cả . 😢😢",0,0.9932,0.0068
khóc vãi 😭,0,0.978,0.022
thề luôn con ngáo nó thích trêu mấy đứa sợ sợ như này =)),0,0.9932,0.0068
bố mày đã sợ nhện rồi xem cái video này ... vãi đái :(((,0,0.9937,0.0063
chỉ những người độc thân thôi,0,0.99,0.01
giữ mãi lòng nhân ái các em nhé ! tấm lòng các em đẹp biết bao .,0,0.9949,0.0051
hay quá,0,0.9937,0.0063
không cẩn thận phát là ngậm bả như chơi,0,0.9929,0.0071
"trải qua một cuộc bể dâu , rồi bể ong ???? lót dép hóng :v",0,0.9943,0.0057
xem mà rơi nói chuyện mắt khi ăn luôn 😭😭😢,0,0.9942,0.0058
má :))) đoạn đeo mặt nạ kinh dị vkl :)),0,0.9943,0.0057
mỗi tao thấy hồi xưa còn đẹp hơn à :))) bây giờ nhìn như bóng long xuyên vậy,0,0.9938,0.0062
hạnh phúc . mà hạnh phúc của đàn ông thì khó nói lắm . kaka,0,0.9937,0.0063
hahah thú vị ghê hen,0,0.9944,0.0056
yêu quá ! xinh quá ??????,0,0.9952,0.0048
đọc chả hiểu gì :( mất gốc rồi :(,0,0.9932,0.0068
bức ảnh xuất sắc ❤️,0,0.994,0.006
"có tớ nhé , bạn không cô đơn đâu .",0,0.9887,0.0113
dăm ba con nhện nghĩ tao sợ (((=,0,0.9926,0.0074
có tiền sẽ thấy các vị gọi là thượng hạng còn không tiền sẽ chỉ thấy vị mặn của mồ hôi + nước mắt,0,0.9931,0.0069
"ước gì boss không co chân lên , tao vẫn sẽ nghĩ là boss thật khí chất =)))",0,0.9937,0.0063
per dạo này béo quá rùi :(,0,0.9949,0.0051
"làm ca nào không quan trọng , quan trọng là có đồng bọn bảo yến nguyễn hạnh 🤣🤣🤣",0,0.9936,0.0064
thật tình là rất xin lỗi anh ở trog video . hi vọng sẽ gặp đuợc anh để xin lỗi và tạ tội với anh . thật ra hộp quà trong video là của con lol per với người yêu nó tặng nhau dịp sinh nhật . híccc,0,0.9931,0.0069
"sời , lừa làm sao được tao :))",0,0.9943,0.0057
may quá tao không xài huawei kkk,0,0.9927,0.0073
thôi thì đi xem avenger lần 3 để tránh nóng nốt chiều nay không mai mưa rồi hehee,0,0.9917,0.0083
bác này nói hay,0,0.9947,0.0053
đối với thế giới này bà lão chỉ là một ai đó . nhưng đối với ông lão đó bà lão là cả thế giới 😊,0,0.9887,0.0113
pháp không còn khoảng thời gian bình yên nữa rồi,1,0.4488,0.5512
"trời mẹ phim gì vậy thớt ơi , cười ná thở",0,0.9948,0.0052
"tui thi ́ ch va ̉ i lă ́ mày ma ̀ ăn nhỉ ̀ u no ́ người lă ́ mày mọi người anh ̣ , bi ̣ lơ ̉ miê ̣ người",0,0.991,0.009
dễ thương vậy chời,0,0.9948,0.0052
bằng tuổi em các bạn đang ôn thi mà em phân vân không biết chọn trường nào :((,0,0.9877,0.0123
"ngày xưa , ngoài thú vui chọc chó dí , còn chọc cho ngỗg rượt . cách giảm cân hịu quả nhất cho mấy đứa lười 😂. nhớ lại vui thật , đúg là thời sửu nhi .",0,0.9942,0.0058
buồn hơn khi tôi còn là gái 🙄,0,0.9685,0.0315
sau vụ 200k thì vụ 5tr này có nội dung hài hước y hịt :)))),0,0.9952,0.0048
per không lẽ sau này kím bạn trai không tập gym 😖,0,0.9918,0.0082
per làm gì quên được kkkkk,0,0.9905,0.0095
tao của ngày này năm trước đang ước đừng lấy quỳ tím đem ra thử nghiệm . :(,0,0.9937,0.0063
"giống hệt mình , nhưng bạn may mắn hơn vì bên này quyết trốn nợ tận cùng",0,0.9857,0.0143
cái mặt hoang mang thấy thương 😆❤️,0,0.9801,0.0199
"tháng 10 đến rồi , em đừng buồn nữa nhé ❤",0,0.9919,0.0081
có đứa nào hồi bé không biết nấu còn tranh làm rồi quên không đổ nước như tao không :))),0,0.9944,0.0056
trời má cute vãi lozzzz,0,0.994,0.006
"quá bản lĩnh luôn , người đáng nể , tiếc là anh ấy sắp bị tử hình rồi",0,0.9919,0.0081
ngày tao chia tay tao khóc quá trời luôn,0,0.9172,0.0828
thật may em đã gặp được người tài xế tốt 🌸🌸,0,0.9945,0.0055
per giống cái bữa mình viết ghê,0,0.9938,0.0062
chưa có cơ hội nói cảm ơn và xin lỗi . vì chúng ta xứng đáng được bình yên,0,0.9928,0.0072
các bạn đã xuất sắc hoàn thành nhiệm vụ,0,0.9937,0.0063
định share mà đọc bình luận tắt con mẹ nó cảm xúc :(((((,0,0.9954,0.0046
per kinh nghiệm nha,0,0.9932,0.0068
chàng trai vàng trong làng bấm biển =))),0,0.9944,0.0056
chuyện buồn quá chúng mày à . tao không dám đọc sợ làm quyết tâm có người yêu của tao lung lay 🙄,0,0.9767,0.0233
giống chó này hình như không có lông ạ ?? chó nhà em lông rụng đầy nhà .. huhu,0,0.9895,0.0105
chời ơi mới chụp răng 2 bữa trước về không ngủ được tới nay luôn,0,0.9888,0.0112
trời ơi cái đoạn này em khóc tu tu luôn 😪.. trong khoảnh khắc rời xa một ai đó mãi mãi cơn đau thấu ngực trái huhu,1,0.2785,0.7215
sao giốg với mình v . nhưg mình từ bỏ rồi người ta hình như cũng có người khác . từ đầu là do mình ảo tưởg thôi giờ thì tỉnh đi cô gái ạ,0,0.957,0.043
tư duy của họ hơn hẳn 1 cái đầu 👍,0,0.9934,0.0066
rất thuyết phục,0,0.9933,0.0067
chỗ tao cũng có cây tình yêu < 3,0,0.9943,0.0057
1 % kìa rồi ra cổng gọi thế nào :)),0,0.9942,0.0058
hạnh phúc ghê,0,0.9921,0.0079
ba ́ o giâ ̣ tao ti ́ tao la ̀ mày hoa ̉ người loa ̣ n ngươ ̀ i dân . haizzz,0,0.9917,0.0083
đm main mới hay quá đi,0,0.9953,0.0047
per kỉ niệm nhất là những ngày trốn học cùng nhau đi xem phim 😂😂😂,0,0.9934,0.0066
nhìn cái bà này tôi chỉ muốn xoạc bà 1 cái . sao bà không là con trai nhỉ . ông trời quá là trêu người rồi,0,0.9899,0.0101
sư tử chứ dễ thương q . q gì,0,0.9941,0.0059
trai tài gái sắc .. danh ngôn rồi tài sản chứ tài gì !! 🤣🤣,0,0.9935,0.0065
"chịu hay không không quan trọng , quan trọng là không có ai lấy",0,0.993,0.007
điên khùng . nhưng hahahah . nhiều tiền quá mạ ơi,0,0.992,0.008
"thiệt là cao minh , hahaaa",0,0.9944,0.0056
"đôi khi cũng muốn dỗi lắm , nhưng nghĩ lại đéo có người yêu mà dỗi",0,0.9919,0.0081
trồi ôi mới đọc tưởng đâu người yêu,0,0.9953,0.0047
em mình là con trai viết đẹp y chang thế này nhé,0,0.9957,0.0043
"haha ,,, sao không kêu tao ..",0,0.9901,0.0099
mặt tao như này ai mê cho nổiiiii,0,0.9909,0.0091
"thứ yêu nghiệt , nhỏ g vẫn sợ nó nhất sau mấy con lắm chân t . t",0,0.9908,0.0092
anh tây này đáng yêu chết được cứ tiếng tuy hoà phú yên ma học đi nhá ☺️☺️,0,0.9937,0.0063
per sao bố lại đủ bình tĩnh để xem hết cái trailer này nhỉ . _ . sợ vãi,0,0.9938,0.0062
"xem đi xem lại không chán , best của best 😭",0,0.9952,0.0048
"cả đống người trên đường , mà nó chỉ dí mình tao 😭. t đã làm nên tội gì 😭😭",0,0.9912,0.0088
chàng trai mạnh mẽ !,0,0.9931,0.0069
tìm đối tác 😔,0,0.991,0.009
thấy cưng gì đâu,0,0.9899,0.0101
ngôn tình từ anh mà ra,0,0.9929,0.0071
tao được thấy nói chuyện mắt của bố tao khi tao bệnh và khi tao lấy chồng,0,0.9909,0.0091
không biết thật mà hix .,0,0.9947,0.0053
per =)))))))))))) tao cười không biết chỗ nín lun,0,0.9941,0.0059
cứu tao :(( tao sợ rắn,0,0.9903,0.0097
bộ cuối nhìn đau lòng thật :(,0,0.9936,0.0064
còn mình nhìn như thằng ngu,0,0.8699,0.1301
thương chỉ sợ em không cho anh cơ hội thôi,0,0.9832,0.0168
per má có điểm cho sướng vãi,0,0.9948,0.0052
ôi không đừng vậy mà :((,0,0.9944,0.0056
phim hay vãi ấy xem lâu lắm rồi,0,0.995,0.005
chỉ cần 1 cây hoa . nói lên tất cả .. hi,0,0.9947,0.0053
điều hối tiếc nhất cấp 3 là chưa kí lên áo của nhau 😢,0,0.9929,0.0071
"ôi zồi ôi , nhìn cái mặt của ẻm kìa , yêu ghê :))",0,0.9946,0.0054
chào tháng 10 !! tháng sanh thần của tôi .. hi vọng mọi chuyện tốt đẹp,0,0.9915,0.0085
bây giờ tao lấy chồng rồi còn không có cơ hội ngủ với em gái 😫,0,0.9609,0.0391
đáng yêuc quad 🤤🤤🤤,0,0.9935,0.0065
có đứa nào đéo giật mình như tao không :))),0,0.9943,0.0057
môn này đéo dành cho những người chân ngắn như tao :) bay qua chắc lọt mẹ xuống sông ^^,0,0.9939,0.0061
góp vui cho chủ thớt 😂😂,0,0.9942,0.0058
trông mặt buồn chưa kìa per :(,0,0.9936,0.0064
30s mặc niệm bắt đầu ...,0,0.9876,0.0124
"mà sếp cũng duyệt , cũng in rồi haha",0,0.9931,0.0069
đm ngồi chờ đã rồi các tổng đài viên đều bận 😭😭😭,0,0.9889,0.0111
con gái chả thế :)))) con trai đi dume mày có nhận hàng không,0,0.9943,0.0057
ánh mắt thằng con muốn nói : cứu cháu hình như ba sắp ném con ùi,0,0.953,0.047
"không được uống đã đành , ngồi dọn sấp mặt luôn , như con cáo và chùm nho xanh per",0,0.9912,0.0088
"kỳ nghỉ hè muộn của anh mà , xõa hết đi anh .",0,0.9943,0.0057
per chơi với con trai riết nên giờ đéo có người yêu nổi vì tính tình không khác gì con trai,0,0.9907,0.0093
chán mấy ông thanh niên .,0,0.9784,0.0216
má đáng yêuc quá dạyyyy ??,0,0.9934,0.0066
phim này mới ra được có tập 1 thôi . hay phết,0,0.9949,0.0051
mẹ đi ngầu chết mẹ đi được chứ kì quặc gì =)))),0,0.9942,0.0058
"per mày nhìn thành long hồi này có thấy giống mặt anh chung nhung hồi xưa không :))))). thề luôn , tao thấy giống vãi 🤣",0,0.9938,0.0062
t đã thử rồi mà dume vẫn la :)))),0,0.9946,0.0054
thạ timmmmm đùa tao yêu mặt nó lúc ôm đầu vlllll xinh quá con ưiiiiiiii,0,0.9913,0.0087
dự định tao là 28 nhưng giờ mà có bồ là bắt cưới luôn chớ sợ ế haha,0,0.9857,0.0143
"chủ động nói chuyện , nhắn tin khi có time . nhưng đời không như mơ",0,0.9922,0.0078
tuổi thơ của tôi =)),0,0.9938,0.0062
"cũng tùy , đôi khi không cần vật chất mà chỉ cần động viên , san sẽ những khi con mình vấp ngã hay khó khăn trong cuộc sống thì ...",0,0.9931,0.0069
khoảnh khắc tao nhận ra tao đã từng rơi vào hoàn cảnh bế tắc này 😌😌,1,0.0084,0.9916
"per chị mày đánh lộn từ đầu làng đến cuối xóm thì cần chi bọn con trai , nhưng nhìn bọn nó dễ thương hén",0,0.9923,0.0077
"crush một ai đó là điều không bao giờ có rồi , vì mình vừa béo , vừa xấu gái , vừa vv and vv . auto nhục 😞😞😞",0,0.9912,0.0088
"chúng mày nhìn , tao nuốt cũng không xuống nổi , ông địa",0,0.9897,0.0103
và rồi cô ấy sẽ mãi mãi không có người yêu =((,0,0.9855,0.0145
"đau lòng vãi . cứ tưởng là đùa . ai ngờ , bồ nhau thiệt . ơ . tớ có sừng không",0,0.9935,0.0065
nhiều khi nghĩ mình không phải con gái mà là 1 thằng đàn ông chính hiệu kkkk ....,0,0.9647,0.0353
vẫn ế bền vững,0,0.9893,0.0107
sao mình lại không xem được vậy admin 😭,0,0.9918,0.0082
"khóc không chịu được luôn , và mình cũng sẽ làm được nếu phải đánh đổi tính mạng cho 2 cô con gái bé nhỏ của gia đình mình",0,0.8291,0.1709
ảnh đẹp quá 😍,0,0.995,0.005
ui còn chưa kịp đi xem đã rút rồi :((,0,0.9944,0.0056
per bếp lò xo huyền thoại của ngoại hay nấu nè,0,0.9958,0.0042
cả 2 kẻ này đều đáng sợ !,0,0.9929,0.0071
muốn tạo ra niềm tin đôi khi bạn cần sự dối trá 😉,0,0.9928,0.0072
xài vietcombank sinh nhật cũng không được chúc luôn :((,0,0.9943,0.0057
buồn cho số phận 😢,0,0.8893,0.1107
"lâu rồi mới thấy trailer chất như lày , so excited",0,0.9927,0.0073
quả mắt nhìn sợ vãi,0,0.993,0.007
quê vải mà chưa được ăn quả nào . huhu,0,0.9928,0.0072
chẳng bằng bố tao 13 năm tự nhiên hỏi bố biết tên con là gì không thì chần chừ một lúc rồi phun ra tên chị tao,0,0.9897,0.0103
vì chúng ta không nên nói chuyện với nhau nữa,0,0.9699,0.0301
"sợ vãi , mém xỉu",0,0.9909,0.0091
"tự nhiên thấy tụi con gái khóc tu tu , thế là mình lủi ra ghế đá trước lớp ngồi . tự nhiên cô dạy văn cũng ra theo xong ôm mình khóc ,",0,0.9795,0.0205
"bị ngỗng mổ sợ vãi_chưởng , hồi bé tao đã không sang nhà b tao cả tuần trời vì nhà nó mới nuôi ngỗng mà bình thường tao toàn ăn chùa cơm nhà nó thiếu điều làm con nuôi nhà nó nữa thôi :))) nhắc lại mới thấy sợ vãi",0,0.9927,0.0073
mùa thu năm ấy cta đã gặp nhau ?,0,0.9899,0.0101
thích :)))) đi làm vui hay không là có đồng nghiệp tốt đừng chơi xấu mình là được :)),0,0.9948,0.0052
chỉ sợ lúc nó dí,0,0.9899,0.0101
tao là thằng chưa bao giờ giận người yêu vì người yêu tao không bao giờ làm gì có lỗi hết,0,0.984,0.016
ai sẽ cùng tôi mang nỗi đau này cơ chứ,0,0.853,0.147
tao rất sợ mất đứa tỏ ra như thế,0,0.9878,0.0122
rơi mất tim . nguy hiểm thiệt ^^,0,0.9877,0.0123
phim này xem rồi ý nghĩa vài,0,0.9954,0.0046
chắc học từ bỏ quá,0,0.9797,0.0203
t đu ́ theo thôi :v tao biê ́ tao thư ̀ anh no ́ la ̀ shipper,0,0.9925,0.0075
bởi vì gặp nhau sai thời điểm nên tôi mất người mãi mãi ...,0,0.9889,0.0111
cưng ghê ❤️,0,0.9918,0.0082
mới đi nhổ răng số 8 và chụp 😞,0,0.9933,0.0067
chưa được đi pháp mà huhu,0,0.9948,0.0052
"t không tiếc mấy ly trà sữa , chỉ thấy tội cho mấy cô lao công dọn dẹp mà thôi 😔",0,0.9911,0.0089
qua chạy xe nẹt nẹt bốc đầu bố ai dám dô,0,0.9931,0.0069
thế chân ngắn như tao thì phải làm sao với cái cầu,0,0.9927,0.0073
đó là khi tao muốn cắn ai đó điên cuồng :),0,0.9736,0.0264
"ước gì mày được quay về tuổi thơ , trước mày cũng có 1 b trai như vậy đó",0,0.9902,0.0098
chuẩn luôn :3 độc vô tình bắt gặp thôi cơ mà giờ tao bị ăn bơ rồi 😭,0,0.9937,0.0063
hình như sau boss bị chết ạ,0,0.9924,0.0076
per thế mà cháu tôi không biết chơi 😭😭,0,0.9934,0.0066
mẹ nó chứ xem xong mình khóc hết cả nước mắt,0,0.9838,0.0162
chả mong gì nhiều chỉ mong về già được như hai ông bà ! 😊😊😊,0,0.9913,0.0087
dăm ba cái trò nấu cơm này sao làm khó tao .,0,0.9946,0.0054
"công ăn việc làm còn chưa ổn định , bố mẹ già còn chưa lo được thì kết hôn để làm gì 😪",0,0.9789,0.0211
sợ vãi nồi tao còn tg thằng kia bay ra cơ :)))),0,0.994,0.006
khổ nhất người có bầu,0,0.9915,0.0085
thế thì nó lại tốt quá,0,0.9949,0.0051
với mình đoạn mấy thằng đỡ đẻ là hay nhất,0,0.9951,0.0049
mày xinh ghê vậy :d,0,0.9945,0.0055
lâu lắm rồi mới nghe lại bài này 😀,0,0.995,0.005
bình thương tao hay cười lắm . nhưng khi tức tên ... tao lại khóc . quá yếu đuối,0,0.8953,0.1047
hmm hãy tưởng tượng nó là một chú gián xink xắm xoè cánh thiên thần bay đến ... 😞,0,0.9943,0.0057
em chân thành nên em tổn thương,0,0.9882,0.0118
ngày xưa hồi còn học mẫu giáo mỗi lần đi qua là nó rượt tao chạy té khói dume còn thiếu nước chạy lại quỳ xuống van xin nó nữa thôi . đến giờ nó vẫn là nỗi ám ảnh với tao :)),0,0.9867,0.0133
ko 1 từ nào để diễn tả bộ phim này ...,0,0.9918,0.0082
"per đó là lý do tại sao em luôn nói với anh , có gì cũng phải nói ra",0,0.9906,0.0094
xem video nay sao mà sướng hết thằng người,0,0.9949,0.0051
coi ảnh này nổi cả gai ốc,0,0.9922,0.0078
cưng chết,0,0.8797,0.1203
thề dume c còn hết hồn nói chi đến khách =)))) sáng sớm ra mở cửa với tối đóng cửa thôi độ gan dạ cũng phải tăng lên mấy chân kính =)))),0,0.9947,0.0053
"per trừ điểm , trừ điểm",0,0.9942,0.0058
"chị ấy cười với tao kìa chúng mày , hạnh phúc ghê 😊",0,0.9907,0.0093
lại đến giờ giải trí rồi mềnh ơiiii per =))))),0,0.9952,0.0048
nhìn thôi đã đau lòng,0,0.9892,0.0108
per có sub rồi nè . má coi đi coi lại vẫn mắc cười . với đưa anh stk đi,0,0.9946,0.0054
câu được chục con heo vàng chả được cái gì,0,0.9923,0.0077
thú vị vậy =)),0,0.995,0.005
ngày xưa đi học đạp xe qua cứ tưởng được quay phim đưa lên truyền hình :)),0,0.9947,0.0053
bằng tuổi người ta mình vẫn còn mải nghĩ chiều nay ăn gì 😢,0,0.9901,0.0099
các bạn nữ đập đầu vào tường chết hết rồi,0,0.9049,0.0951
cặp này lầy mà dễ thương,0,0.9949,0.0051
nhìn hói mà thấy thương gê ??,0,0.9935,0.0065
móng tay và tóc theo thời gian thì mọc càng dài tại sao chỉ có con chim là nó không mọc dài hơn nữa ta,0,0.9915,0.0085
cao quá cũng khổ chứ sung sướng đéo gì 😓,0,0.991,0.009
per một thời nè 😃,0,0.9935,0.0065
tôi ở phú yên và anh này nói rất chuẩn < 3,0,0.9933,0.0067
có đứa nào vừa coi vừa nuốt nước miếng như tao không ?,0,0.9907,0.0093
đó là 1 câu chuyện buồn,0,0.9927,0.0073
nó mà cắn ai 1 phát thì ... nghĩ thôi đã rùng mình,0,0.991,0.009
không phải thích của cải mà là thích ý chí của họ . đàn ông có chí tiến thủ bao giờ cũng quyến rũ,0,0.993,0.007
"có tài nhưng đôi lúc muốn làm diễn viên hài 🤣🤣🤣, khoái thanh niên này buồn cười vkl",0,0.9944,0.0056
siêu phẩm để đời .,0,0.9938,0.0062
đựng túi nilon là chất rồi 🤣,0,0.9937,0.0063
😭😭😭😭😭😭,0,0.9899,0.0101
đúng . biết là sự thật tàn nhẫn nhưng vẫn muốn biết rõ cho nhẹ lòng hơn :(,0,0.9923,0.0077
"nhỏ thấy qua 1 lần , nó bị cột ngay trước cửa nhà người ta ở trong hẻm , mỗi lần đi ngang qua là nó lại định lao tới cà khịa",0,0.9891,0.0109
per thần thái còn phải thua haha,0,0.9935,0.0065
per dã man,0,0.9903,0.0097
"ở nói chuyện ngoài hộ không khì thị về giới tính , họ cho được kết hôn . chứ họ không kì thị như ở việt nam mình hai người kia họ thật dũng cảm khi sống thật với giới tính của mình",0,0.9876,0.0124
tao đang chờ xem bà ấy được nghe nhạc ý mà hết video 🤣,0,0.9939,0.0061
"1 bộ phim phải nói trên cả tuyệt vời , xem đi xem lại cả chục lần rồi mà không ngán",0,0.9952,0.0048
tận cùng của tan vỡ,0,0.9543,0.0457
làm kiểu không cần bẻ phê hơn =))),0,0.9949,0.0051
còn gì đau đớn hơn cảnh này :(((,0,0.9873,0.0127
tuổi thơ của tôi cũng từng có 1 người c . trai bỏ mặc tất cả để bảo vệ tôi 😘😘😘😘,0,0.9826,0.0174
per ông xã xem khúc nó kéo xe chở con chó nè :)) đọc bình luận hài hước ghê,0,0.9951,0.0049
đáng yêu như em tao ý . cứ mỗi lần nó quyết định ngủ ở đâu là nó lại đấu tranh tư tưởng 🤣🤣,0,0.9915,0.0085
không có gì là tồn tại mãi nhỉ,0,0.9919,0.0081
nhưng tôi đéo có bạn trai thì phải làm sao ?,0,0.9733,0.0267
giờ mới biết =)),0,0.9944,0.0056
cần gì những thứ xa hoa lộng lẫy đâu . dù chỉ 1 bông hoa nhưng đong đầy yêu thương nhắn tin đã cảm thấy đủ hạnh phúc rồi 😊😊😊,0,0.9931,0.0069
hồi bé bị ghiền mùi này :)))),0,0.995,0.005
may mà còn gỡ lại được 1 miếng sắt lớn của tàu hỏa nó bung ra nên bán đi cũng đỡ được vài đồng . kaka,0,0.9926,0.0074
"đẹp quá mày , còn không cho tao xin ít",0,0.9922,0.0078
:))) 1 phần của bài quyền là phải gẫy gậy và té sấp mặt luôn để đỡ bị đối phương đâm lòi phèo,0,0.9933,0.0067
chất lượng âm thanh bản này hình như nghe hay hơn bản gốc hồi mấy năm trước nhiều < 3,0,0.9943,0.0057
hay lắm,0,0.9943,0.0057
kết thúc 3 năm cấp 3 là khoảng tg đẹp nhất nhưng nó cho ta nhiều kỷ niệm đầy tiếc nuối 🤔,0,0.9929,0.0071
cái này chỉ sướng mấy anh đèo mấy em ngực bự đi đường này nẩy tâng tâng,0,0.9935,0.0065
ơ tao cũng học ông này hướng dẫn hay sao ấy :))))),0,0.9951,0.0049
anh em để tao hưởng trước nào,0,0.9917,0.0083
"giờ đây chúng ta , những con người của ngày ấy giờ không còn nữa ... những lời nói về mai sau nhưng ta đâu ngờ sau này chúng ta càng trở lên xa lạ",0,0.9871,0.0129
lâu lắc chưa xem lại !!! 😳. một bộ phim vừa ý nghĩa vừa hài hước ! 👍,0,0.9957,0.0043
e quê bg mà mùa vải còn không có vải mà ăn @@@,0,0.9945,0.0055
"kéo bấc mòn cả tay , ma nghĩ lai thấy nhớ thời đó nhỉ 😂😂😂",0,0.9933,0.0067
lấy vợ xong béo quá rồi . hình như ai cũng v à 🙃,0,0.9931,0.0069
đi học về thấy bán hoa đây đường mà cảm thấy tội cho bọn có gấu ... lại tốn tiền,0,0.9932,0.0068
"mọa , mình nhà thanh hóa mà đéo biết gì luôn @@ :((((",0,0.994,0.006
đám tụi tao đi chơi xưa nay đều dọn sạch đồ mình kêu hoặc xếp lại gọn một chút cho người ta đỡ dọn .. cái này là sự ý thức thôi …,0,0.9916,0.0084
xem không dưới 3 lần chia sẻ không dưới 2 lần nhưng mỗi lần nhìn thấy lại xem lại buồn,0,0.9939,0.0061
per năm nay 2 đứa quyết định ngồi hay đứng kkk,0,0.9898,0.0102
nắng cũng đã sắp tàn sao mà chả thấy em đâu ...,0,0.9627,0.0373
bình tĩnh vãi_chưởng =)),0,0.994,0.006
bà tao mất rồi :<,0,0.9928,0.0072
"đuma tao đang ở đấy nè , vừa đi vừa ôm túi sợ cướp :((",0,0.9849,0.0151
câu nói quá chuẩn và ý nghĩa 👍,0,0.9954,0.0046
một bình luận của người trong cuộc . đọc xong thấy ấm lòng cho per !,0,0.9942,0.0058
đã thử và rất thích thú 😆.,0,0.9945,0.0055
tao tưởng nó té cái đùng chứ . làm ngồi chờ mãi mỏi cả mắt,0,0.9902,0.0098
"mà hiệu quả bất ngờ quá , quá đỉnh .",0,0.9951,0.0049
cuộc sống mà =)),0,0.9934,0.0066
"nó gieo cho tao mầm hi vọng , hi vọng vừa chớm nở nó đạp xẹp lép sự hi vọng bằg sự lặng im",0,0.983,0.017
đề nghị admin xóa bài đi ạ . chứ bố mẹ em sắp đi chợ về rồi ạ :(((,0,0.9929,0.0071
mèo nhà tao cũng từng đi lạc vì bị chó rượt tưởng mất rồi . sau mấy tháng thấy nó trở về nhà mừng vãi 😁,0,0.977,0.023
chắc phát khóc mất 😭,1,0.0854,0.9146
chủ quán này xinh gái lắm nha !,0,0.9952,0.0048
nghe bài này nhớ nyc vãi,0,0.9955,0.0045
lúc rài không gặp được mặt cờ rút nữa 😪,0,0.9936,0.0064
tao phải công nhận là nó giỏi vãi . từ đứa diễn đến đứa quay và edit video .. giỏi vãi 🤣,0,0.9949,0.0051
cười đau bụng :))),0,0.9942,0.0058
tê tê phê phê sung sướng vãi 😌,0,0.9722,0.0278
tao có hiểu đéo gì đau,0,0.9903,0.0097
rồi nhận ra chỉ mình là cảm thấy như thế thôi hả :(,0,0.9867,0.0133
thôi mình nói đùa đấy :(,0,0.9943,0.0057
thiệt là dễ thương quá đi mất . 💕,0,0.9949,0.0051
ghê quá đi,0,0.9936,0.0064
"thương tra ̀ o nươ ́ c mă ́ tao ... cuô ́ i cu ̀ người thi ̀ ban la ̃ nh đa ̣ o bă ́ c ninh đa ̃ lên tiê ́ người giu ́ p đơ ̃ ca ́ c be ́, du ̀ qua ́ muô ̣ n @",0,0.9867,0.0133
cha mẹ tao còn cãi lộn nhau vì không biết ngày sinh tháng sinh của tao là dương hay âm 😢😢,0,0.9802,0.0198
per đã nhẫn nhịn lắm ... đến khi con sen tao cứu tao thì tao đách có sợ đâu nhaaaaaaaa 😂😂😂,0,0.9878,0.0122
"có bao nhiêu đôi ngôn tình , cớ sao lìa xa mình ta :((",0,0.9915,0.0085
dăm ba chuyện hẹn hò có gì hay ho 😌 nhưng mà thi thoảng có dăm ba cái chuyện này cũng hay 🙂 tóm lại xem để giải trí đỡ buồn cũng tốt 🙂,0,0.9941,0.0059
lâu quá rồi mới nghe lại bài này . từ lúc ctay mối tình đầu :((,0,0.9947,0.0053
bị bắt nạt im re hà hiền khô luôn thấy tội nghiệp ai dè tới chừng ...... ha ha ha,0,0.9935,0.0065
dể thương quá ah,0,0.9938,0.0062
chị em mình giờ nói ít thôi haha,0,0.9915,0.0085
không biết nói sao ... nghiện chuẩn mẹ rồi ... crush ợ . mà nó nhẫn tâm lắm hồi trước còn hay call video . từ hôm tao cạo trọc y như là mất tích luôn . chắc phải để tóc mọc lại tao mới dám gọi . 🤭,0,0.9867,0.0133
con dang yêuc qua ha,0,0.9879,0.0121
pháp luật là bạn của nó rồi anh ah vì quen anh anh chị b trên quận ah nên em cũng sợ lắm ah :-(,0,0.9894,0.0106
con lai xinh phết ??????,0,0.9942,0.0058
muốn được đi một lần 😆😆😆,0,0.9902,0.0098
đm tao biết trước cả sự việc kiểu lìn gì cũng có nhện nhảy lên màn hình . vì mấy năm trước cũng có 1 thể loại giống như vậy . đm hú nhồn,0,0.9941,0.0059
t thích nhìn mắt của crush hơn là nhìn nó cười,0,0.991,0.009
hihi : chúc mừng đại kỷ nguyên có lắm người yêu,0,0.9942,0.0058
cần lắm những sẻ chia . cần lắm những thấu hiểu,0,0.9932,0.0068
làm ở đâu không quan trọng . quan trọng là có chị em tốt để tạo nghiệp :)))),0,0.9946,0.0054
hơn cả bộ phim kinh dị !,0,0.994,0.006
ngồi nhìn nó ngủ cũng thấy dth vler đừng nói cười 😌,0,0.9928,0.0072
"kết nhất cái điệu "" xời quá là điều bình thường luôn """,0,0.995,0.005
hời ơi ... cưng xĩu,0,0.9945,0.0055
"thích chị này nhất phim í , bé bé xinh xinh lại diễn rất đạt :3 . hy vọng mai sau sẽ có bước tiến lớn và thành công hơn nữa < 3",0,0.9952,0.0048
nguy hiểm,0,0.9829,0.0171
per giờ thằng gù nhà thờ chạy đi đâu đây :(,0,0.9929,0.0071
haiz nuôi được nuôi không thì thôi chứ nuôi mà để v coi được haizz,0,0.9937,0.0063
lương cũng sắp về rồi 😉,0,0.9903,0.0097
mình đã về đến nhà an toàn hihi,0,0.9885,0.0115
trồi ôi bài hát đỉnh caooooo,0,0.9938,0.0062
per anh tặng vợ cái bát nha kaka,0,0.9948,0.0052
boss mắc bệnh nghiện vợ 🤣🤣😭,0,0.9851,0.0149
vì tao hay bị chúng nó chọc nên thấy buồn,0,0.9847,0.0153
ko biết crush bây giờ có ở nhà không nữa 😭😭😭😭,0,0.99,0.01
per đem rác về nhà vứt luôn haha,0,0.9935,0.0065
xem xong tao đã khóc rất nhiều,0,0.9194,0.0806
"nước mắt tự trào ra , thật sự rất cảm động 😢",0,0.9898,0.0102
không hiểu sao đoạn này rất kích thích trái tim hủ nữa của tao =)))),0,0.9948,0.0052
nhìn cái muốn cong :d,0,0.9935,0.0065
mới gọi điện thoại xong mới cười với tuii xong heheh anh đáng yêu vãi,0,0.9946,0.0054
đi đường buổi đêm nhìn thấy hãi vãi ??,0,0.9864,0.0136
"có ai lần đầu bắn kéo ngược ra phía trước đạn bay vào mặt giống tao không , đau điếng",0,0.9915,0.0085
đôi khi có tiền cũng không đi được đâu vì đéo có ai đi cùng,0,0.9794,0.0206
cưng quá,0,0.9924,0.0076
khi cô đơn lòng em nhớ ai :((,0,0.9691,0.0309
"cha quay phim cũng không phải dạng vừa , mẹ diễn viên thần thái vãi",0,0.9946,0.0054
"1 câu mà người ta hay nói , đắng như vị đời 😌",0,0.9936,0.0064
mẹ tao cũng thix em này 😅,0,0.9905,0.0095
rất ghét phim ấn nhưng phải nói phim này hay 👍,0,0.9947,0.0053
tôi trưởng thành vclll,0,0.9929,0.0071
hy vọng sẽ mau tìm được anh người yêu thật tốt để 5 năm sau có một gia đình như vậy ❤️❤️,0,0.9937,0.0063
thực ra chủ nó cũng bẩn vãi :) vầy quá kinh dị rồi :),0,0.9947,0.0053
cuộc sống là cho đi ❤ đôi khi chỉ cần được thấy họ cười là bản thân thấy vui rồi ..,0,0.988,0.012
cực kì bản lĩnh lẫn liều lĩnh,0,0.9924,0.0076
tôi còn chẳng lấy ảnh lớp cho nữa,0,0.9669,0.0331
nấu cơm như vậy xong đi lên nhà xem hoạt hình .. đến lúc hết phim xuống để xới cơm thì .... khét lẹt,0,0.9919,0.0081
tớ có thấy con ngáo đấy nhưng không dám lại sờ huhu tt,0,0.9663,0.0337
muốn share về mà sợ bị bạn nè phẫn nộ quá,0,0.9922,0.0078
kiểu lâu lâu cũng không được nhắn tin cho ai như thế nên cũng muốn tình cảm xíu =)))) biết đâu,0,0.9941,0.0059
tao tháy gái nguy hiểm vãi,0,0.9938,0.0062
câu hỏi thú vị 😃😃😃,0,0.9949,0.0051
đcm ác mộng,0,0.7642,0.2358
xem phát khóc mẹ luôn 😭😭😭,0,0.9935,0.0065
"per nhớ ngày xưa gần nhà mày có đàn ngỗng , tụi khốn nạn đó toàn đi dàn hàng ngang chắn hết đường hết lối , mỗi lần tao đạp xe qua là rượt tao gần chết :v ám ảnh vãi",0,0.9801,0.0199
crush của tao đi làm rồi . hihee . sáng mai mới về cơ 🤣🤣,0,0.9893,0.0107
dễ thương 😂,0,0.9906,0.0094
khổ thân vãi :)) xong bà lườm luôn :)),0,0.9933,0.0067
có con gái thật tuyệt ! 😍,0,0.9946,0.0054
"nhạc buồn quá . bài này là bài "" chia tay trong chiều hoàng hôn nắng úa màu "" - justin bieber cho bạn nào chưa biết nhé . :'(",0,0.9948,0.0052
mày giận lại tao hả tốt quá bố mày được đi chơi game rồi . tối về dỗ nó sau . chờ mãi câu giận của mày :)),0,0.9932,0.0068
đag bị cuồng mấy video của chế này . ai có ngoài video này tag cho mình xem với nhé 😂😂,0,0.9946,0.0054
nhìn dáng đi mà nhớ ông nội 😞,0,0.9939,0.0061
per hihi nhớ không,0,0.9937,0.0063
3 giờ sáng nằm xem xong khóc miên man 😢😢,0,0.9636,0.0364
đm trí tuệ vãi,0,0.9934,0.0066
"sau khi kết hôn , anh sẽ thuê người giết cô để hưởng trọn tiền bảo hiểm 😌",0,0.9897,0.0103
"đó là lý do tại sao tao chẳng bao giờ đi hùa mấy bài bóc phốt , xem cho vui rồi lướt thôi :))",0,0.9941,0.0059
t phải tìm bạn trai là nhiếp ảnh gia mới được 😆,0,0.9933,0.0067
hình như anh nay đóng phim ngây ngô thì fải ... phim đó hay lắm các bạn nên xem,0,0.9951,0.0049
cảm thấy bị tổn thương,1,0.0305,0.9695
động lực của phan con gái,0,0.9934,0.0066
anh ấy không thương tao,0,0.984,0.016
ha ha ❤️ chất lắm,0,0.9938,0.0062
yêu chết đi được .,0,0.8288,0.1712
một cách bán hàng nta gọi là đẳng cấp,0,0.9951,0.0049
cute vậyyyyy,0,0.9916,0.0084
"bắt cóc như chơi đó mậy , be careful",0,0.994,0.006
xem đi xem lại vẫn hay ;)))))),0,0.9947,0.0053
không biết s chứ ngày lúc 17t tao đi phục vụ phòng karaoke ... mình tao 2 phòng chạy qua chạy lại mệt quá vì xỉn ... kkk . thế là tao nghỉ trong ngày đầu vào phục vụ karaoke .🤣🤣🤣,0,0.9843,0.0157
nghe quả tên nó đã khét vãi rồi . :))),0,0.9947,0.0053
cho nó cắn phát xem có thành spider man không 😂,0,0.9939,0.0061
nó ốm nhom thương ghê :(,0,0.9932,0.0068
trẻ trâu việt nam thật đáng sợ,0,0.9933,0.0067
per hóng phim này dụ dỗ mọi người xem tiếp nè anh :v,0,0.9956,0.0044
cíu tao khỏi hai tên đồng nghiệp bị crazy huhu,0,0.9924,0.0076
tuổi thơ mình lớp 4 đã cảm nắng 1 anh chàng từ 1 viên phấn vôi .,0,0.9931,0.0069
"per chưa bị rượt mà đọc bình luận thấy sợ quá , chắc tao sợ chó không là gì với con này :)",0,0.9923,0.0077
người ta có bạn bè nhìn vui thật,0,0.9943,0.0057
"đã dùng , nhớ quá ngày xưa",0,0.9947,0.0053
tiền mất tật mang . xe đã nát rồi giờ còn phải đền cách cửa cho tàu nửa,0,0.9898,0.0102
người gì đâu mà đẹp trai hết sức !,0,0.9948,0.0052
"haa ... haa ... ! đúng là có thay đổi lớn ! ngồi nhâm nhi ly cafe , phì phèo điếu thuốc nhìn thiên hạ cũng vui kkk ... !",0,0.9883,0.0117
"tao toàn thế giận tao tao dỗi lại , lại phải dỗ tao . hahahaha",0,0.9906,0.0094
lại công cốc rồi . cả thế giới kì vọng,0,0.9921,0.0079
ước gì tôi cũng được kiên trì như anh ấy để dạy con gào mất nết nhà tôi 😪,0,0.991,0.009
lạy ông nào nghĩ ra kịch này !!!,0,0.9952,0.0048
đứng trước mặt nó tụt quần ra auto hết giận,0,0.9902,0.0098
công nhận 😌😌😌 đồng nghiệp hạp hạp tí có khi ngồi buôn cả ngày bám hơn cả bám người yêu . đi làm hôm nào cảm thấy hôm đó ý nghĩa vãi,0,0.9932,0.0068
chủ thớt sấp mặt rồi,0,0.9924,0.0076
ngày ấy cũng từng như vậy ☺️,0,0.9929,0.0071
quan trọng là đỉnh ^.,0,0.9938,0.0062
"mình chưa từng thấy phim nào ý nghĩa như phim này cả , nó dạy cho ta về nhiều mặt trong cuộc sống , khi vui , khi buồn",0,0.9949,0.0051
tính ra con bé đó chuyên nghiệp ấy chứ,0,0.9946,0.0054
những người thả phẫn nộ xứng đáng là thiên thần . dăm ba cái yêu đương vớ vẩn . ahuhuhu,0,0.994,0.006
"per anh nào nhắn vậy là tao yêuc luôn đéo suy nghĩ , ngọt vãi",0,0.9893,0.0107
đm cười ĩa,0,0.9939,0.0061
nhớ tới mối tình đơn phương !,0,0.9928,0.0072
mỗi lần có video của con là cứ coi đi coi lại hoài . cưng con quá .,0,0.9927,0.0073
là do bản thân tao ngu thôi,0,0.8476,0.1524
per đã hiểu tại sao thằng bạn mình đam mê gym .. thì ra đây là nơi nó được sống thật với giới tính của mình ..🤣🤣🤣,0,0.9869,0.0131
"3 idiots , bộ phim rất đáng xem",0,0.9955,0.0045
"cái quá phơi lúa xong mưa , tao đang cười vì bà béo thì phải ngậm mồm .",0,0.9932,0.0068
nhà tôi còn nè,0,0.993,0.007
"mấy anh làm video đầu tư ghê , nội dung diễn xuất hay",0,0.9956,0.0044
"kinh nghiệm được truyền lại là khi nào nấu xong bỏ tí "" tro "" vào lần sau không phải nấu 😊",0,0.9934,0.0066
"đó là 1 câu chuyện buồn , tao không có bạn trai hix hix",0,0.9775,0.0225
haha . dễ thương gê 😊😘😘,0,0.9946,0.0054
"đúng vại , với ai nó cũng tỏ ra như thế . hihi 😂",0,0.9945,0.0055
hạnh phúc phát khóc,0,0.9274,0.0726
ông thần tài cũng không dám ăn luôn,0,0.9919,0.0081
thương quá . géc nhất những người nuôi chó mà không chăm ... tội cho kiếp em nó gặp phải 1 người chủ như vầy . thân thương !,0,0.9942,0.0058
"hồi nhỏ hay bị ngỗng rượt , vừa chạy vừa khóc la 🤣🤣",0,0.9891,0.0109
1 câu chuyện buồn :)) khuôn mặt biểu cảm :((,0,0.9932,0.0068
đúng là tốt quá lai thành lạm dụng 😶,0,0.9936,0.0064
ngô ̀ i đo ̣ c bình luận chu ́ người no ́ tag người yêu va ̀ o ma ̀ sô ́ người mu ̃ i la ̣ i cay =)),0,0.9934,0.0066
hôm qua tao cũng xem chục lần :))) bài đếch gì hay vãi :)))))),0,0.9952,0.0048
cmt thế thôi chứ thật ra còn trả dám ấn vào video để xem . đời tao tởm nhất là lũ nhện mà hay gặp vãi :((((,0,0.9928,0.0072
tưởng mai đi họp phụ huynh mới bị u ám . ai ngờ hôm nay mới biết điểm anh 9 . 5 thôi đã u ám rồi :),0,0.9927,0.0073
cả tết được có 400k :(,0,0.994,0.006
xem xong thấy buồn quá,0,0.9939,0.0061
mai đến phòng đi tập luôn,0,0.9936,0.0064
per ông đó có đôi mắt đẹp ghê,0,0.9946,0.0054
tao đéo ghê con rắn tao ghê mấy cái trồi lên kìa :))),0,0.9945,0.0055
"mới đầu mày sẽ thấy vui , từ từ nó quậy cho mày ????",0,0.9936,0.0064
tanh bành cuộc đời rồi,1,0.3691,0.6309
cảm giác vừa uống cà phê vừa hát mỗi ngày bình an lắm,0,0.9934,0.0066
dm . đồ dạo này lắm tạp chất hay s í nó đéo phê nhg mà vẫn bị ngáo,0,0.9927,0.0073
đến giờ tao vẫn chưa biết biển là cái gì ad ạ .,0,0.9892,0.0108
là đi phát tờ rơi ngay mấy ngã tư và cổng trường đại học ! được 200k về mua skin yasuo siêu phẩm 2016,0,0.9939,0.0061
có ai xem xong không sợ với không giật mình như tao không @@,0,0.9944,0.0056
nổii da gà hic,0,0.994,0.006
bạn trai người khác không bao giờ làm tao thất vọng =))))),0,0.9939,0.0061
cám ơn các anh,0,0.9933,0.0067
tuyệt thật,0,0.9923,0.0077
crush bị thịt hay không không quan trọng . t chỉ sợ vợ tao đang bị thg nào đó gạ địt thôi . nghĩ mà buồn,0,0.9875,0.0125
per có nên áp dụng với anh hàng xóm không nhể 😆😆😆,0,0.9952,0.0048
t chỉ sợ cảnh đấu kiếm :((,0,0.9899,0.0101
bà của tôi đã không còn khi tôi còn chưa biết gg là gì,1,0.0388,0.9612
"mỗi ngày đi làm về , tôi không vội vào thang ngay mà thường ngồi sảnh tầm 20p chỉ để ngắm gái xinh cùng tòa 😆.",0,0.9885,0.0115
đau còn hơn tỏ tình bị từ chối per,0,0.9918,0.0082
khổ thân em nó . ??,0,0.9895,0.0105
nhìn đoạn ổng tránh nó cắn mà nhảy tưng tưng rất chi là điệu nghệ và mang trong đó cả sự tấu hài nữa 🤣🤣,0,0.9939,0.0061
per cười tức bụng nà vợ 😄,0,0.9942,0.0058
hôm nay thật tệ :((,0,0.9925,0.0075
người ta đỗ giữa 2 cửa thế kia là rất ý thức rồi,0,0.9917,0.0083
nhìn mặt con chó tội vãi,0,0.9913,0.0087
đã khóc . cha mẹ là người luôn yêu thương minh nhất,0,0.9909,0.0091
nó lại hợp lí vãi :v,0,0.9949,0.0051
may nó không đâm cho lòi ruột,0,0.9929,0.0071
và người đó đang ở nơi đâu về với em đi . đợi người rồi người sẽ đến chứ ?,0,0.9865,0.0135
"tui ở tuy hòa , phú yên mà chả nhận ra luôn .",0,0.9926,0.0074
con thương ông quá,0,0.9865,0.0135
mặt ô kia khát nước nhìn buồn cườ thế 😂😂,0,0.9894,0.0106
e vừa bị điện cao thế giật hôm 17 chạp . bh nhìn cái ông này mà sợ .,0,0.9847,0.0153
hihi lâu lắm rùi mới thấy nó,0,0.994,0.006
"phải chi có ai đối với tao như này ha . nghĩ lại , mình không bằng cả chó . aiyo ....",0,0.9855,0.0145
"như đi hiến máu chẳng hạn :3 , suýt thì được gặp :(",0,0.9942,0.0058
"thương các bác quá , vất vả 10 năm trời mà bị như vậy 😭",0,0.9879,0.0121
cưng quá trời luôn,0,0.9944,0.0056
mua con lợn 5 chục lì xì được có 40 nghìn mất thời gian tốn cả tiền bạc 😂,0,0.9931,0.0069
đã từng xem em là tất cả . mỗi khi mỏi mệt về thấy em và con cười là anh hạnh phúc rồi,0,0.879,0.121
đầu óc đến giờ vẫn còn nặng và đang né tránh mọi người .,1,0.0354,0.9646
per bit cái nay không . hihi,0,0.9943,0.0057
tội em vợ thế :(,0,0.9942,0.0058
tôi từng được sống . nhưng đấy là truyện của năm ngoái rồi,0,0.9856,0.0144
per không biết còn nhớ tên tao không nữa 😑,0,0.8435,0.1565
"hồi lúc tao ăn lạp xưởng mắc xương , nói mà cũng đéo ai tin . tao hiểu cảm giác của mày lắm ?",0,0.9838,0.0162
"cái đáng nói là chủ không có thương , dòm em husky này ốm nhom , mắt lờ đờ thấy tội lắm",0,0.986,0.014
nhìn em mà thương roi nói chuyện mắt,0,0.9921,0.0079
hu hu đã bị chụp,0,0.9916,0.0084
:)) bật nhạc lên và quẩy thôi,0,0.995,0.005
"chuẩn . tao mà chơi hoặc làm việc cùng bọn con gái tính công chúa một thời gian thì tao ngày nào cũng sờ troét , sau đó bị trầm cảm .",1,0.009,0.991
aii may mắn thì có vị ngọt còn aii thiếu may mắn thì họ chỉ toàn gặp những vị cay vị đắng của đờii :)),0,0.9946,0.0054
lúc đấy là mình mình cũng lắng liền rồi chắc trào nước mắt mất,0,0.9788,0.0212
mới ho mà đã như thế nào thì lấy chồng chắc sống trong bệnh viện cả đời mất thôi,0,0.989,0.011
chạy ngay đi 😒 trước khi bọn chủ tịch vào đây và giả làm con cặc gì đó rồi bị coi thường và chúng mày phải nhận cái kết đấy !!,0,0.9918,0.0082
tao dễ thương nhưng vẫn ế đây này mơ mộng ít thôi,0,0.9936,0.0064
"ngày trước đi mua cái này cho chó của đứa bạn thân . mà 2 thằng thử xong phê quá quyết định mua mỗi đứa 1 cái , và chó 1 cái :))",0,0.9935,0.0065
bản thân quá hạnh phúc khi trong cs này rất . rất nhiều người mơ ước được như mình hiện tại . 😊😊😊,0,0.9814,0.0186
h chỉ pk nhìn họ bên người khác :((,0,0.9924,0.0076
per =))))) hahaaaa,0,0.9938,0.0062
đau lòng lắm khi tối nay chồng tương lai của tao lại cống hiến sức lực để chăm sóc vợ thằng khác ..,0,0.987,0.013
per về xem anh :v đái ra quần chuẩn mẹ rồi,0,0.9943,0.0057
mày không được ăn đồ chua nhưng phòng toàn xoài chua :(,0,0.9933,0.0067
phim này rất hay . tình cảm nhẹ nhàng . toàn zai đẹp . hehe,0,0.9953,0.0047
khi nhỏ còn bị nghiện mùi khói này nữa chớ . 😄,0,0.9907,0.0093
"vietcombank 1 tháng trừ hết 22k phí inter với mobile banking , dù tháng đó kau chả xài tới cái nào :((",0,0.9926,0.0074
per =)))))) hít đi cho no chứ mắc công lại chửi tao không biết điều giở trò trước mặt cẩu fa như mày :),0,0.994,0.006
dume cười muốn chết người ta ~~,0,0.9563,0.0437
why ???? ai đã cướp boss 6 múi của tao vậy 😭😭😭😭,0,0.9929,0.0071
"đã từng nhưng 10 năm về trước cơ , buồn ghê",0,0.9918,0.0082
"giỏi mà 😁, đúng là thằng tây duy nhất ở vn học tiếng việt mà giọng tuy hoà ( giỏi )🤩",0,0.995,0.005
"có hôm nó lo đọc cho mình nên không chép kịp bài , cô giáo bắt phạt đánh đòn cả hai đứa . năm sau bạn í chuyển trường mất , nhớ bạn quá !",0,0.9898,0.0102
per đợi rụng răng rồi anh tặng quà cho em luôn háy . hhha,0,0.9931,0.0069
tìm mọi lí do để có thể chạy xe ngang nhà nhìn nhà nó phát xong cười mãn nguyện đi về :)),0,0.9928,0.0072
phận làm trai nào sung sướng gì 😂,0,0.9891,0.0109
buồn cho 1 đất nước .,0,0.9873,0.0127
"per 2 con hay cap màn hình nhất thế giới , nói chuyện với nhau toàn cười ỉ 🙄🙄🙄",0,0.9944,0.0056
hy vọng mọi điều tốt đẹp sẽ tới,0,0.9932,0.0068
có ai xem đi xem lại như tao mà vẫn cười đéo nhặt được mồm không ạ :)),0,0.9948,0.0052
cứ thấy nó là ăn không còn xác thì lấy gì chúng kịp phá . nhìn thèm ứ chịu được 😔😔😔,0,0.9894,0.0106
nản kèo vãi,0,0.925,0.075
vì yêu người khác nên biết là ngu nhưng vẫn làm :(,0,0.9936,0.0064
nhỏ nhặt nhưng ý nghĩa và hạnh phúc 😊,0,0.9949,0.0051
chúc trump chuyến bay thật may mắn nhớ tới thăm hà nội nhé xin chào,0,0.9944,0.0056
chắc kiếp trước gieo nghiệp kiếp này phải gánh thôi,0,0.9806,0.0194
"ôi mệt quá , một ngày buồn tẻ",1,0.0148,0.9852
"thôi không níu giữ kí ức xa vời , và chẳng bao giờ thuộc về nơi em",0,0.9809,0.0191
có cả chiêu của per trong đấu trường thú nè :))),0,0.995,0.005
chẳng hiểu sao tao cười sặc sụa,1,0.0143,0.9857
địt mẹ đời tao,0,0.993,0.007
đúng là nhân tài luôn ở khắp mọi nơi kkkk,0,0.9929,0.0071
có tiền chưa chắc đã ngọt nhưng nếu không có tiền chắc chắn là đắng .,0,0.9911,0.0089
per có thằng bị tao bắn từ đó không thấy họa mi hót nữa luôn,0,0.9875,0.0125
khuôn mặt đáng thương,0,0.9881,0.0119
kinh khủng thật :((,0,0.9922,0.0078
mày lấy sỏi xếp thành tên dume khôn như tao này .,0,0.9943,0.0057
tao thì muốn là đéo bao giờ . nhưng mẹ tao thì muốn ngay bây giờ 😢,0,0.9843,0.0157
em vẫn nhớ cái bếp này kkk,0,0.9932,0.0068
có ai không sợ nhưng giật mình như tao không :) dumehuhonchimen,0,0.9939,0.0061
diễm quỳnh haha em không biết,0,0.9929,0.0071
clm đêm rồi tha cho tao 🙂 tao đéo muốn chạy xuống dưới nhà hoặc là nhịn đến sáng mai đâu 🙂 con gì thì con kệ mẹ 🙂 đừng nhắc đến nhện 🙂,0,0.7306,0.2694
"hí hí . tiến sĩ cừu , thạc sĩ cừu ... chẹp chẹp 😃",0,0.9924,0.0076
chưa khi mô biết cảm giác đi nhởi trung thu với người yêu như răng,0,0.9922,0.0078
khá quá nhể :))),0,0.9942,0.0058
tình anh em thật đáng khâm phục 😍😍😍,0,0.994,0.006
ngày trước mình qua singapore cũng vậy . dư hành lý 2 chi em mă ̣ c 4 bộ lên người kkk,0,0.9866,0.0134
cứ sợ rớt điện thoại :)))) sợ nhất là lỡ khúc nào khó là té không thể tả nổi,0,0.9945,0.0055
"ôiii vãi , dume nhìn thôi tao đã sợ rồi . từ nhện nhỏ đến nhện to không con nào là tao không sợ :((",0,0.9922,0.0078
chủ như này lại chăm làm vãi =)),0,0.995,0.005
per nhìn nó gớm những vẫn khoái coi . thú vui biến thái dễ sợ,0,0.9933,0.0067
âu cũng là kiếp người . tại sao ông trời lại đày đoạ con người ta đến như vậy,0,0.9793,0.0207
"per hồi học đại học , điện hỏi xin tiền bố , bố ra ngân hàng gửi tiền rồi điện em hỏi stk rồi hỏi "" tên mày là gì ??"" 😭😭",0,0.9908,0.0092
"tao cưới rồi , cưới nữa cho vợ tao chém tao chết à",0,0.9862,0.0138
gì mà ghê vậy 😑 sởn gai ốc,0,0.9869,0.0131
moá . tao muốn chết quách cho rồi,1,0.0095,0.9905
nói thật :)) tao chỉ buồn cười khi chúng nó chia tay thôi :)),0,0.9937,0.0063
"những hành động đẹp , đáng được trân trọng , và sẽ được lan tỏa ở mọi nơi , thật tuyệt vời 😍",0,0.995,0.005
nhìn mà nổi hết da gà,0,0.9928,0.0072
:v tới đây đi anh chịu trách nhiệm cho :v,0,0.9943,0.0057
chúc bạn thành công < 3,0,0.9951,0.0049
"per lại nhớ chiều nay , buồn cười sấp mặt luôn . :v dù mệt nhưng ngày nào tan làm cũng muốn được đèo đưa đi ăn kem , ăn đồ chua , ăn miến trộn như hôm nay cerrrr :v",0,0.9902,0.0098
"thấy bảo sang năm được tủi , nhưng mà năm nay vẫn chưa có người êu",0,0.9909,0.0091
"khổ thân người dân , trước dự án cao su là dự án cà phê , làm thêm dự án nữa coi như một đời bỏ phí",0,0.989,0.011
trong mv mà có tao đứng dưới mưa nữa thì buồn phải biết,0,0.992,0.008
đố ai định nghĩa được tình yêu . có khó gì đâu một buổi chiều . nó chiếm hồn ta bằng nắng hạ . bằng mây nhè nhẹ gío hiu hiu 👏,0,0.9902,0.0098
sợ nhất con quỷ này trên đời,0,0.9763,0.0237
tự hào ngồi mâm dưới,0,0.9936,0.0064
10 đứa bạn thì có 9 đứa là con trai rồi . sau nhiều năm kinh nghiệm thì chơi với nhiều trai thì sẽ bị ế muôn đời muôn kiếp . haizaaa ...,0,0.9936,0.0064
"làm bác sĩ sướng thật , bảo cở là cởi , bảo cưới là cưới . lắc đầu cái là cả nhà khóc .",0,0.9916,0.0084
đầu mùa chua chua ăn ngon vãi_chưởng . thích vải lắm luôn . trong khi nhà toàn nhãn .,0,0.9937,0.0063
chị ấy được đào tạo qua lớp người nhện bắn tơ nên không biết sợ 😂😂😂,0,0.992,0.008
xem mà cuối phim thấy tội chị ma nữ 😂,0,0.9942,0.0058
😐😐 phê hơn lá chuối,0,0.9947,0.0053
bên đây thấy yên bình hơn nhỉ,0,0.9946,0.0054
cần lắm những nhà tuyển dụng như vầy :)))),0,0.9941,0.0059
một giây rung động con tim :))))),0,0.9939,0.0061
nhìn giống hai anh đang tỉnh tò với nhau ghê ( mình là hủ đừng ném đá nha 😅😅😅),0,0.9929,0.0071
chúng ta thật hạnh phúc và luôn đi chung với nhau suốt chặn đường dài rồi đó nà ?,0,0.9918,0.0082
mong bé sớm được mua lại,0,0.9938,0.0062
sao lại bất công thế,0,0.9922,0.0078
"một lúc nào đó chúng ta sẽ không nói chuyện nữa , lúc đó có lẽ em thật sự đã buông bỏ được rồi ...",0,0.9195,0.0805
học xong 12 như hết thanh xuân có lẽ phải bỏ lỡ 1 người,0,0.9942,0.0058
"cv không áp lực , môi trường xung quanh mới dễ tạo áp lực",0,0.9943,0.0057
"ngày xưa có đĩa phim này . bố đi công tác về thấy cái đĩa tên là "" cô dâu 15 tuổi "" . má ăn chửi sấp mặt ...",0,0.994,0.006
per bị chì chiết từ 6h sang đến 23h phia . vẫn sống vui 😊😉,0,0.9901,0.0099
e thắc mắc là cố gắng 1 năm mà rủi ro khách hàng hay bên nhà sx dây không cảm động là ăn cám ạ 😌,0,0.9926,0.0074
cưng xỉu ~~??,0,0.9933,0.0067
chắc là uncrush thôi . bố mẹ thì còng lưng ra làm cho con đi học .,0,0.9889,0.0111
và sếp tốt có thể giúp ta vui vẻ từ sáng thứ hai cho đến tối chủ nhật 😀,0,0.9935,0.0065
hay lắm chàng trai trẻ,0,0.9951,0.0049
"đang coi thấy nghi nghi , tắt vô xem bình luận , đoán ngay là sẽ giật mình , nên thôi không xem nữa haha , dễ gì bị dụ haha",0,0.9935,0.0065
chưa bao giờ b đến đích là gì cả,0,0.9922,0.0078
không cướp ở đâu đi cướp ngân hàng của nhà nước 🤣🤣🤣🤣,0,0.9924,0.0076
nhiều lúc sợ bị pê đi,0,0.9829,0.0171
dù thời tiết nóng bức ... nhưng ăn vải vẫn là ngon nhất,0,0.9915,0.0085
bà tôi giờ mất mấy năm rồi giờ lớn lên rồi mà chả tặng được bà món quà nào cả 😭😭😭,0,0.9868,0.0132
chỉ mong thương nhau đến đầu bạc răng long . vậy là đủ 👌,0,0.9928,0.0072
éo biết sai hay đúng nhưng thanh niên này chất .. bản lĩnh bình tĩnh !!,0,0.9936,0.0064
"fa lâu năm có biết 14 / 2 hay 15 / 2 là ngày gì đâu , chỉ biết là ngày đi làm về và rất mệt",0,0.9914,0.0086
nụ cười của crush kích thích vãi :)))))),0,0.9948,0.0052
tao cười tao ỉa =)))))) hâhhahhahahahaha,0,0.9938,0.0062
cái cảm giác nhìn người thân mình khổ còn mình lại chẳng làm được gì giúp .,1,0.0202,0.9798
may mình đi làm rồi chứ 10 năm trước chắc sẽ phát khổ với bố mẹ vì mấy tin con nhà người ta như thế nào,0,0.9882,0.0118
"moá nó , cười đau hết cả ruột",0,0.9913,0.0087
tuyệt vời quá cần nhiều tấm lòng tốt hơn nua thật là ý nghĩa,0,0.995,0.005
"tên của tao nghe rất bình thương , không có gì đặc sắc nên nhiều khi nghĩ cùng buồn tẹo .",0,0.9918,0.0082
nhanh lẹ hiệu quả cao 😂😂,0,0.994,0.006
được đấy tao thích,0,0.9933,0.0067
"chúng ta những tháng ngày sau đó vẫn gặp nhau , vẫn nói chuyện nhưng không phải những cô cậu của hồi c3 nữa . chúng ta đều khác",0,0.9889,0.0111
tao còn độc thân này :((,0,0.9915,0.0085
"ám ảnh vãi :)) hồi bé tao với chị tao trên đường đi học về thấy có mấy con ngỗng , thấy hay ra nhìn thử dume xong nó dí tao với chị tao về gần nhà :)))",0,0.9938,0.0062
"nhiều kỷ niệm đẹp , giờ nhìn mấy đứa nhóc đi học mà muốn quay về quá khứ .",0,0.9908,0.0092
"chắc ông chồng hạnh phúc lắm khi sống chung với người vợ như vậy , những đứa con chắc cũng yêu mẹ họ lắm ! mà thặc ra là giống với mẹ tớ lắm kkk",0,0.9904,0.0096
tao sẽ chỉ tự an ủi là đấy chỉ có trong phim truỵên ngôn tình :),0,0.993,0.007
e lên mang câu chuyện này đi thi thách thức danh hài . rất duyên,0,0.9955,0.0045
per :)))) buồn cười vãi,0,0.9947,0.0053
"quá đơn rản , bạn thân yêu ơi ,",1,0.0823,0.9177
"tiêu đề bộ phim cứ ngỡ là thể loại hài , nhưng nếu xem hết thì các bạn sẽ rút ra rất nhiều điều và cái hay trong phim này",0,0.9949,0.0051
đù . ?????? sợ tụt lol,0,0.9921,0.0079
trích mà như vầy rồi . sao dám coi phim đây 😢,0,0.994,0.006
dù có nói thích mày thì cũng đừng có tin .. xã hội giờ nguy hiểm lắm,0,0.9874,0.0126
khi bạn bất cần vãi đời ... làm việc xấu mà cảm thấy thanh thản vãi 😁,0,0.8845,0.1155
tuyển ngay về làm nghiên cứu viên cao cấp cho các hãng khóa :d,0,0.9935,0.0065
năm nay chạnh lòng quá . haizz,0,0.9931,0.0069
bài mà từng nghe khi tổn thương lần đầu,0,0.9948,0.0052
đang tập hát 😶😶 hay thật 😔😔,0,0.995,0.005
"chồng biết không , hihi",0,0.9917,0.0083
sẽ hấp dẫn hơn khi dưới sông có cá sấu :)) lót dép hóng,0,0.9951,0.0049
người lớn tuổi nhiều lúc rất dễ thương 😊❤,0,0.9946,0.0054
tao thề . nhìn bạn ấy xong tao muốn rụng mấy quả trứng luôn 😓,0,0.9809,0.0191
tao cừi tao ỉa 🤣🤣🤣,0,0.9884,0.0116
dù ra sao vẫn giữ nụ cười và sự tự tin,0,0.9919,0.0081
cưng hết sức nà,0,0.9937,0.0063
sợ đến lúc đó muốn lấy vợ phải sang nước khác nhập khẩu về quá,0,0.9909,0.0091
"t nghe nói : đi tập gym sẽ có người yêu ...! awwww . điều đó không sai , điều đó là có thật 😂😂😂",0,0.9946,0.0054
per trung thu chia tay gấu à ? bất hạnh nhỉ,0,0.9868,0.0132
xem xong hết cái video mà cảm thấy buồn cho cái xã hội bây giờ,0,0.9949,0.0051
em nó đây nha các bác . kkkkk :))))),0,0.9942,0.0058
per mày phải thấy may mắn khi cuộc đời mày được gặp tao :))),0,0.992,0.008
anh đánh mất thật rồi,0,0.9905,0.0095
điện cho đứa bạn . đem mũ ra . coi ai hơn ai . kakaa .,0,0.9936,0.0064
người yêu tao bỏ tao rồi :(,0,0.9919,0.0081
boss có bộ đồ ngủ đĩ thõa ghê gớm 😅,0,0.9929,0.0071
"má , mặt đúng ngáo luôn 😂",0,0.9926,0.0074
móng của bố tao . hồi trước và bây giờ đã cắt vì lý do . sức khoẻ .,0,0.9918,0.0082
hồi xưa anh hay bị chửi trẻ trâu này nọ ... giờ anh là tổng giám đốc rồi 😁😎,0,0.9909,0.0091
trước em cũng hắt xì 1 cái lưng khụ xuống như ông già đau vãi,0,0.9776,0.0224
hay ý nghĩa sâu sắc 🙂,0,0.9945,0.0055
yêu quá nè nè,0,0.9948,0.0052
vỉa hè to thế vẫn còn muốn ăn cả ồ hố nữa hả =)),0,0.9936,0.0064
ngồi nhiều quá nhìn họ đau mắt,0,0.9885,0.0115
t chỉ thấy tình yêu của tao nó tan vỡ thôi,0,0.9801,0.0199
dễ thương quá !!!,0,0.9942,0.0058
năm nào cũng phải ở nhà trông nhà :((,0,0.9927,0.0073
nguy hiểm đến với bao nhiêu bất cứ lúc nào,0,0.9836,0.0164
"có mà bữa chạy ngược chiều trên qlo 1a tại có hẻm nhỏ để quẹo tắt , chưa kịp quẹo bị 6 anh csgt + 1 xe bắt xe tấp vô chặn đầu xe , hoảng hồn cmnl .",0,0.9913,0.0087
thương anh bạn kia quá .,0,0.9933,0.0067
trông rợn vãi :)),0,0.9937,0.0063
giọng lại còn ấm nữa chứ ♥️,0,0.9933,0.0067
"ngày xưa toàn bị mẹ đánh bằng dây điện , vụt phát nào ứa máu phát đấy . giờ nghĩ lại tự nhiên lại thấy hay , vì ngày xưa mẹ nghiêm khắc như thế giờ mình mới ngoan 🙂",0,0.9919,0.0081
chắc mình là thánh nguy hiểm,0,0.9923,0.0077
nhớ lần nấu cơm thần thánh này không ? per chỉ là mải nghịch nước thôi mà …,0,0.995,0.005
cảm ơn bố !,0,0.9882,0.0118
nháy mắt cũng đáng yêu kkkk,0,0.9947,0.0053
lãng mạn vãi_chưởng =)))))) 0,0,0.9949,0.0051
vâng chú ah haha,0,0.9927,0.0073
tôi cũng muốn được cảm thấy như vậy ??,0,0.98,0.02
đáng yêu quá . chúc ông bà thật mạnh khỏe mãi hạnh phúc như vậy 😍,0,0.9944,0.0056
nhờ đó mà tôi cảm thấy nhẹ nhõm và trở nên mạnh mẽ,0,0.9908,0.0092
giun này mà xào thêm ít xả ớt thì tuyệt cú mèo 🤣,0,0.9945,0.0055
tớ chỉ an ủi bạn í thôi mà :(,0,0.9899,0.0101
"per giỏi phết đấy mỗi tội nghịch thôi , được cái làm từ thiện nhiều .",0,0.9947,0.0053
nhưng mà từ giờ trở đi đéo được tiếp xúc rồiii,0,0.9923,0.0077
"hồi nhỏ thì tao bị cả bầy dí , được fine :)))))) đến khi tao 12 và đi học đh năm nhất , sau 1 tháng xa nhà , về nhà và cái kết là tao không còn bước ra khỏi cửa nữa , n dí everywhere :)))))))",0,0.9872,0.0128
per gần nhà c ơi . hic hic,0,0.9941,0.0059
nếu tao được gặp ba tôi 1 lần nửa thì tao sẻ nói con thw ba nhìu lắm . nhưng lời nói này chẳng pao giờ được nói nửa vì tao và ông ấy đã xa nhau mãi mãi,0,0.9868,0.0132
bố đi đường mà sợ quá,0,0.9914,0.0086
lúc dỗi thì càng dễ thương hơn,0,0.9952,0.0048
đm lừa đảo hằng năm cả trăm tỉ . giờ phạt có 5 triệu :))) chán vãi,0,0.9911,0.0089
"ko nói nhiều chỉ ủng hộ anh per vì thấy thái độ trước tòa là hiểu anh per hoàn toàn chân chất , không có thủ đoạn gì hết",0,0.9915,0.0085
mình toàn làm ba mẹ buồn,0,0.987,0.013
vui tính quá ?? vừa kết bạn xong ??,0,0.9945,0.0055
chỉ biết xem và ngậm ngùi lướt qua,0,0.9904,0.0096
cách tạo nghiệp chướng nhanh và hiệu quả :)),0,0.9952,0.0048
ký ức 1 thời . nhớ,0,0.9936,0.0064
chị lỡ mất 1 nhịp tim vì cưng đấy ❤️❤️❤️,0,0.993,0.007
đẻ sao mà cu con đẹp quá vậy trời 😍,0,0.9949,0.0051
mát lồng lộng mày ạ,0,0.9928,0.0072
"bỏ qua mấy dòg chữ , nhìn khuôn mặt con bé không thể nhịn cười per :))",0,0.9943,0.0057
"có ai nhìn thấy giun đang bò trong ảnh không , sợ vãi",0,0.9898,0.0102
nấu có cháy mới ngon :)) còn nước cơm hoà với đường thì toẹt vời,0,0.9949,0.0051
chắc thôi tao đéo ra đường luôn :))) sợ vãi,0,0.9927,0.0073
khi nào tao thấy thích . mà thích rồi chưa có người thích cùng .,0,0.9913,0.0087
gắn bó thời sinh viên á !,0,0.994,0.006
bà ngày xưa đẹp quá ❤️,0,0.9946,0.0054
buồn vì mình không giúp được gì cho ai . nhìn những người khác khổ hơn mình mà thấy thương họ,0,0.8762,0.1238
tao cũng vậy nè . lắm lúc đi với chồng mà cứ hỏi bên này bên phải nhỉ bên này bên trái nhỉ . mệt mỏi,0,0.9616,0.0384
haha con mấy cái video toàn đóng vào mỏ nhau không . cười tụt quần 🤣,0,0.9943,0.0057
ui đáng yêu gheê,0,0.9937,0.0063
rồi đất nước mình sẽ đi về đâu .:'(,0,0.9936,0.0064
"chắc tại từ nhỏ tới lớn mình "" man "" quá nên không gặp được gã nào ga lăng dư này :(",0,0.9924,0.0076
đang thất tình mà dume cứ bắt đi bán xoài @@,0,0.9913,0.0087
"per may có con bạn đang giảm cân nhưng nó hiền , nó sẽ lao vào ăn cùng tao chứ không tát sấp mặt tao như vậy , phải không ?",0,0.9889,0.0111
hồi xưa làm fanpage được gạ kèo 7 triệu nhưng nhất quyết không bán . cảm thấy quyết định đúng đắn nhất trong đời,0,0.9935,0.0065
ụa cho fa đọc chi rựa huhu,0,0.9931,0.0069
tao coi tao sợ nó lọt quá bây,0,0.9914,0.0086
các bác dẫn crush qua cây sữa nay mà hứng nước đái ve nha haha,0,0.9946,0.0054
nếu để ý kĩ thì lái tàu có thể bước xuống và kéo đường ray qua một bên rồi cho tàu bẻ tay lái một chút là cứu được cái xe . tiếc cái xe quá,0,0.9928,0.0072
buồn vương mi !!!,0,0.9928,0.0072
chuyên cơ tt quá đẹp ! bao giờ má mua được chiêc như vâ ̀ y trơi ̀ !!,0,0.9953,0.0047
chắc chắn bố của bạn này là một người vui tính chứ không phải khó tính . khiếu khôi hài bạn ấy ảnh hưởng từ bố .,0,0.9928,0.0072
tuổi thơ bất hạnh .. học mẫu giáo mà cạnh trường học là 1 bầy ngỗng . sáng nào tao cũng được chạy bộ tập thể dục nhờ bọn nó,0,0.6559,0.3441
thấy anh đấy làm tùm lum mà con nhện vẫn đứng im là tao biết có chiêu rồi . định gạt anh ak,0,0.9881,0.0119
per đi bộ ở trường về thì dcm nổi ám ảnh đúng giờ tao về là dcm nó ra nó dí ngày nào cũng dí chạy cái luôn,0,0.9861,0.0139
"per sợ chưa , ông bác hơi bị cứng nhé :))))",0,0.9949,0.0051
tiếc quá đẹp trai mờ không có chim,0,0.994,0.006
bài viết hay quá !,0,0.9953,0.0047
cái nay nhận ra lâu roài . mà đi làm toàn gặp đồng nghiệp đáng yêu hi,0,0.9948,0.0052
lại được làm thêm quả nhà nữa . ngon,0,0.9953,0.0047
"coi 3 lần mà vẫn cười , phim hay nhân vật dễ thương",0,0.9955,0.0045
bản thân cố gắng cũng chẳng dễ dàng gì :((,0,0.9815,0.0185
coi phim này xong thì nhỏ bạn tao bắt chước giống vầy với crush nó . sau đó thì ... à mà đéo có sau đó nữa :v,0,0.9945,0.0055
nó cười với người khác chứ * beep * phải tao :((,0,0.9933,0.0067
"mong là bố mẹ mình không đọc được tin này , sợ vãi",0,0.9844,0.0156
"còn tôi thì lại khác , thanh xuân của tôi chả có bây giờ gặp được aiii và hạnh phúc bền lâu cả :(",0,0.9896,0.0104
mỗi phút bên em thật tuyệt vời . chỉ em mới cho anh cái cảm giác đó,0,0.9909,0.0091
"trước đây mình không thích xem phim việt , nhưng mấy năm nay phim việt chiếu phim nào cũng hay . tự dưng không thích xem phim hàn quốc nữa .",0,0.9882,0.0118
khoảng gần chục năm về trước thì còn vàng trắng .... giờ thì bán còn không đủ không đủ để trả công nữa là,0,0.9856,0.0144
đứt quả chuối trong mồm . đéo dám nghĩ kết quả lun,0,0.9937,0.0063
tao kìm nén lâu qá rồi mà 😌😌 tức nước vỡ bờ thôi,0,0.9916,0.0084
đúng cát bà rồiii ~,0,0.9946,0.0054
"đến lúc yêu nhạt cực :) tao thề ! kiểu chán chán , muốn quay về đơn phương hơn",0,0.9894,0.0106
"những thứ tưởng chừng như rất đẹp nhưng kbh được trọn vẹn , cuối cùng để lại chỉ là những kỉ niệm đã từng :))",0,0.9942,0.0058
"chuẩn , thấy đa phần nam chính vẫn được lòng hơn .",0,0.9943,0.0057
đi làm quán nước mà mỗi cái bịch nay long đựng ống hút nó cũng xé nhỏ ra rồi để bay tứ tung đi quét đã muốn lòi lồn,0,0.9905,0.0095
sởn gai ốc với chị ấy,0,0.9884,0.0116
chủ kiểu lol gì đáng yêu vãi ?? :)))),0,0.9953,0.0047
"lúc trước ông với bà tao cũng thế , bây giờ thì ông bỏ bà đi trước rồi .",0,0.9894,0.0106
hôm nay bạn đi làm . tiền đâu mà mua 😌,0,0.9924,0.0076
dễ thương vãiiiiiiiii,0,0.9935,0.0065
dume nó hết con mẹ nó hồn ....😭😭😭😭,0,0.8898,0.1102
còn tôi tự nhủ dù lớp học tự ý bỏ về hết tôi cũng phải ở lại học đến tiết cuối cùng . hết giờ tôi cứ ngồi đó rồi từ từ bước chậm ra cửa ngoái đầu nhìn lại .,0,0.966,0.034
bạn trai thì chưa . nhưng mỗi lần thằng bạn nó cắt tóc cạo râu thì auto nhìn đẹp trai,0,0.9926,0.0074
ngày đi học . có lúc đang ăn cơm . bố hỏi . per năm nay học lớp mấy rồi con ☺ t không hiểu bố tao hỏi cái gì 😭,0,0.98,0.02
lớp 5 mà viết kiểu này cô đánh gãy tay .,0,0.9945,0.0055
đi chơi xong về cũng buồn như chó cắn tiếp thôi,0,0.9843,0.0157
dume cười vãi luôn trời :)))),0,0.9944,0.0056
còn người yêu tao : một hơi có một anh đẹp trai bay lơ lửng rồi ôm lấy em khi em tắm :(((,0,0.9928,0.0072
hạnh phúc là đây chứ đâu =))),0,0.9949,0.0051
và cứ thế tôi khóa lại 3 năm thanh xuân tươi đẹp của mình :),0,0.9898,0.0102
sáng nay mình cũng gặp 1 anh công an dễ thương lắm,0,0.9939,0.0061
tất cả đã đều quá hoàn hảo rồi . trừ pha nhảy cuối thôiiii :v,0,0.9939,0.0061
per :)) chắc giống cảm nhận của ông lái oto hôm qua,0,0.9948,0.0052
hãy nên trân trọng những người bạn như vậy .,0,0.9942,0.0058
ngoài mấy phim về vật lý ra thì phim nào của ấn cũng có những ý nghĩa sâu sắc .,0,0.9938,0.0062
cuối cùng per cũng thành công rồi nha per nha,0,0.9945,0.0055
cũng thơm mà . kì thị quá à .,0,0.9934,0.0066
hình vui mà sao đọc lại muốn khóc nhĩ ...,0,0.9899,0.0101
"per thể loại mới nè , có vẻ phê",0,0.9941,0.0059
bạn này yêu bố nhiều lắm mới vui vì bị bố mắng . chứ ai đời bị la mắng mà kể lại cho người khác nghe mà vui đến thế,0,0.9928,0.0072
"tình đến , rồi tình cũng điii 🙂🙂🙂",0,0.9931,0.0069
mấy má đang có kinh rồi mặc áo đầm nhảy qua thì nhuộm đỏ 1 dòng sông cmnl 😳,0,0.9909,0.0091
ủa là đụme video hài hay deep vậy . chớ tao thấy buồn cười vãi vì nhây đéo tả được :))),0,0.9952,0.0048
thanh xuân rồi cũng sẽ qua có những người trong ta mãi chẳng thể xoá nhoà !,0,0.9895,0.0105
cậu bạn mẫu giáo năm ấy chép bài cho tao để tao khỏi bị thẻ tay giờ đang nơi đâu ???,0,0.9921,0.0079
nhà thì không xa lắm nhưng chưa bao giờ đi vì sợ bị đè bẹp luôn người =))))),0,0.9943,0.0057
"từ nhỏ tới lớn đi học toàn ngồi chung bàn với nam , toàn phải đương đầu chiến đấu với vạch phấn chia đôi bàn ghế . 🤣🤣",0,0.9925,0.0075
buổi tối vui vẻ và ấm áp nhé đại kỷ nguyên ! tương tác cho hằng khỏi trôi bài nhé !,0,0.9955,0.0045
họ hành động quá đẹp,0,0.9947,0.0053
rất chuẩn hãy sống làm người cơn luôn luôn co hiểu thảo với cha mẹ của mình nhé moi người ơi,0,0.9953,0.0047
nói chuyện yêuu thế đmaaaa ??,0,0.9924,0.0076
anh thích em rồi đấy 😂,0,0.9905,0.0095
tội quá ! nuôi mà không chăm sóc,0,0.9935,0.0065
3 thằng ngốc . xem ý nghĩa lắm,0,0.9951,0.0049
"có người cả đời ăn không hết lại có người thiếu ăn , thiếu mặc nhìn chán đời vãi",0,0.9917,0.0083
người tài như vậy lại không được sử dụng đúng mục đích … quá buồn,0,0.9935,0.0065
t đã cố tình che mặt nhưng vẫn giật mình,0,0.9885,0.0115
khi nào đón bé về nhà nhớ chụp đăng lên cho bọn tao coi dung nhan thằng bé nha :vv,0,0.9943,0.0057
haha cứ lên xuống thấp thỏm kìa ..,0,0.9803,0.0197
tao chả nhớ ngày tháng năm sinh của mẹ tao và ngược lại :((,0,0.9911,0.0089
có tiến bộ ! kkk,0,0.9938,0.0062
ngày buồn hôm ấy tôi cũng là người rời khỏi lớp cuối cùng .!!!,0,0.9861,0.0139
vâng ah nên em cũng sợ quá mà :-),0,0.9921,0.0079
cái mặt xinh quá,0,0.9941,0.0059
tao toàn bạn gái mà sao vẫn tưng tửng nhể ???,0,0.9928,0.0072
xong bỗng nhiên một ngày mất hút không để lại 1 hạt bụi,0,0.989,0.011
một nỗi buồn thầm lặng,0,0.9702,0.0298
cưng nhỉ,0,0.9908,0.0092
"năm nay mua cân na về nhà ăn dần , tối ra đường xem chúng nó dẫn vợ thằng khác đi chơi ... kaka",0,0.9921,0.0079
bà ma nữ nhập vào nv chính thấy dễ thương dã man 😍😍,0,0.9941,0.0059
nhớ thời sinh viên 😃,0,0.9924,0.0076
"cái ông này mới xem thì thấy bình thường , mà càng xem lại càng đẹp trai 😂",0,0.9948,0.0052
dù cậu làm tôi tổn thương mỗi ngày nhưng chả hiểu sao vẫn thương cậu,0,0.9663,0.0337
làm phục vụ xong 4 tháng đi hà nội 1 lần chỉ để gặp người yêu xong giờ thì mới biết là nó cắm nguyên cây sừng lên đầu mình,0,0.9892,0.0108
buồn quá buồn,0,0.9925,0.0075
còn gì đau xót hơn 🙂🙂,0,0.967,0.033
đơn giản nha .. cơm này ngon hơn cơm điện nhiều . không tin thì cứ thử,0,0.9945,0.0055
tội nghiệp thằng bé :)))) chúng mày bốc đâu mấy cái thẻ hay thế ??? :v,0,0.9951,0.0049
"và sau mùa vải , tàn dư còn lại là những nốt mụn 😌😌😌",0,0.9893,0.0107
haha thì ra trên đời này tao không cu đơn đâu đó vẫn có những đứa con ghẻ như tao cùng bắt tay chào hỏi nhau nà,0,0.9912,0.0088
per haha cái t2 hợp với em nè ;)),0,0.9947,0.0053
hết tiền rồi này,0,0.9858,0.0142
"tại giống nhau quá , nhưng đừng như người ta nha , nghĩ đến tự tử các thứ chẳng có gì là hay cả",0,0.9894,0.0106
chợt nhận ra mình yếu đuối như một đứa con gái vậy 😢,0,0.9077,0.0923
buồn nhỉ 😴😴😴,0,0.9924,0.0076
tuổi thơ cũng từng trải qua nhiều lời cay nghiệt hơn vậy .. nên c hiểu được cảm giác của em ..,0,0.9658,0.0342
muốn nhanh thì cứ phải từ từ =))))),0,0.9946,0.0054
cái giọng anh quay phim nghe ngọt quá 😘😘,0,0.995,0.005
khiếp ăn tạp chẳng chết,0,0.9923,0.0077
lại là án oan sai 😔😔😔,0,0.9894,0.0106
cũng muốn vứt giày cũ nhưng lại không có tiền mua giày mới . đành chấp nhận đau chân vậy,0,0.9188,0.0812
thế mới làm nên nghiệp lớn chứ,0,0.9942,0.0058
chưa bao giờ được nge câu này 😞,0,0.9941,0.0059
chả có tiền mua 😩😩😩,0,0.9893,0.0107
"thời thanh xuân tôi từng yêu quý nét hiền thục của chị hiền mai . và đúng như cái tên hiền mai của chị , tên và tâm tính đều đẹp , hiếu thảo khó ai bằng . em xin chúc bác có thêm nhiều sức khoẻ để chị có được nhg tháng ngày hạnh phúc , ấm áp bên mẹ ạ .",0,0.9929,0.0071
nói gì thì tụi bây cũng không tin đâu ..😌😌,0,0.9895,0.0105
"thật tốt vì chú chó ấy đã tìm được người yêu thương nó , kiên trì để nó tin tưởng thật sự :"">",0,0.9934,0.0066
đkm lại diễn rồi pr cho game aumobile chứ gì tuổi lol qua mắt tao =)),0,0.9944,0.0056
"công nhận năm nay tiến triển hơn , đợi 2 bà chị đi hẹn hò về còn có scl mà ăn ké :v",0,0.9936,0.0064
đoạn cuối hình như nó khóc,0,0.9901,0.0099
em hết ngáo rồi nha =))),0,0.9928,0.0072
chỉ là muốn cạnh mà chỉ có 2 người . nói đủ chuyện trên đời dưới biển rồi đi vào giấc ngủ ngon . vậy thoii,0,0.9926,0.0074
ngồi cười như dại =))),0,0.9939,0.0061
nhiều khi cũng muốn chọc cho người yêu giận nhưng mới nhớ ra mình đéo có người yêu 😌,0,0.9924,0.0076
tag vô cho xem mấy đứa xấu tánh thôi chứ ghệ anh tánh cực kỳ dt,0,0.9929,0.0071
kiếp trước sống lỗi quá nên kiếp này nghiệp quật :((,0,0.8628,0.1372
"một đời chẳng mong phải nhà lầu 4 tầng , xe hơi hàng tỉ , chỉ mong người đàn ông đi cùng mình đến cuối đời sẽ luôn nâng niu yêu thương mình 😊",0,0.9776,0.0224
t nhận ra mình đã sai,1,0.2739,0.7261
"tại như vầy nên bố tao không cho đi cùng . cụ bảo có năm còn lăn cả xuống ruộng , trèo lên mái nhà của người ta để đi ??",0,0.9861,0.0139
per tạo hóa thật đáng sợ :))))),0,0.9946,0.0054
"những việc này , mang lên đây chả giải quyết được gì cả .",0,0.9892,0.0108
đọc cái mà cười rớt cả hàm .... cuộc đọ sức giữa xe lửa và ô tô,0,0.994,0.006
mấy con yêu nghiệt ngày xưa nội có nuôi 2 con cứ ra đằng sau là nó dí chạy muốn tuột mẹ quần 🙄🙄,0,0.9877,0.0123
kaka cái mặt bà kìa,0,0.9935,0.0065
con bé cưng gì đâu . vk ơi anh muốn có cục bảo bối như vậy per,0,0.9926,0.0074
"thật sự mình rất thích bạn này , xem phim mỗi tập cứ canh đúng cảnh có bạn ý , dễ thương quá 😗😚😚😚😚😚",0,0.995,0.005
má tao xem mà lo thằng quay phim tét không à ? có ai như tao không ?,0,0.9916,0.0084
"đúng mất vài giay để nói lời yêu thương , nhưng phải mất cả đời mới chứng minh được , cháu rất ngưỡng mộ ông bà !",0,0.9936,0.0064
"dù thế nào thì anh tôi luôn bất hạnh , ai khóc cho anh khấc tôi đây 😢",1,0.0923,0.9077
có đứa nào xem mà thèm đi biển như tao không ?,0,0.9918,0.0082
nghe nói dạo này bạn dưỡng da để kiếm người yêu per,0,0.9924,0.0076
per trai hay gái thì vẫn thấy tữn như thường kk,0,0.9923,0.0077
"ngày xưa nhà nuôi mấy con điên này cái giọng thì đã khó nghe thì chớ suốt ngày ngoạc ra , hễ về đến nhà là thấy giọng bọn n đầu tiên . xong cho ăn , rõ ràng là cho n ăn đàng hoàng mà đến n + 1 lần bị n mổ với đuổi bợt mạng . chốt là tao ghét cái bọn nì dã man . ám ảnh cả 1 tuổi thơ :(( cái thứ yêu nghiệt .",0,0.9751,0.0249
hổng gặp cái buồn luôn ><,0,0.9945,0.0055
"đừng nên thích mấy ông anh cơ bắp , sợ lắm 😆",0,0.9922,0.0078
"chấp nhận đau khổ , để đổi lấy hạnh phúc , mà tìm mãi hạnh phúc không đến thế mới đau em .",0,0.983,0.017
"đần mặt ra nhìn nó y như con ngu , còn cười theo nó nữa , xong bị nó phát hiện .",0,0.9842,0.0158
"tập thể năm nay lại làm mình tiếc nuối từ thành viên đến gvcn :,((",0,0.9936,0.0064
mai đấu giá thử cai lap cua mình chứa toàn tài liệu tiếng nhật 😂😂,0,0.9935,0.0065
làm công nhân đã bị vắt kiệt sức khỏe cho đến khi bị thải,1,0.0961,0.9039
hồi đó tao lấy cái đó kẻ tập luôn kiểu làm màu mè cho đẹp xong lên trả bài bị bà cô trừ điểm ????,0,0.9934,0.0066
"con nghiệt súc này mỗi lần tao đi đá bóng là 2 vợ chồng nó dí theo cắn bầm hết chân , thứ này thù dai kinh khủng , chiều nào nó cũng khởi động cho tao trước khi đá bóng ... con mẹ nó giờ tao lớn rồi , tay nghề nấu nướng cũng không tệ gặp mà dí theo là xác định tao quay nó vàng ương luôn =]]",0,0.99,0.01
"hút điếu cần xong nhìn nó ăn mà muốn phá cái tủ lạnh vô dụng của nhà mình quá , đéo đủ sức đựng thịt bò toàn rau .",0,0.9889,0.0111
cuộc sống mà đành chịu thôi =(((,0,0.9873,0.0127
"có rồi mà , nghén rồi nè hihi",0,0.9928,0.0072
"và mày chỉ cần lùi về sau , như ít quan tâm và nhắn tin lại mày sẻ cua được crush 😎😎",0,0.9925,0.0075
cặp nay dth ghê luôn 😍,0,0.9932,0.0068
thương thương con =)) yêu ghê cơ ý cái mẹt hờn dỗi,0,0.9945,0.0055
"ngày chia tay , chúng tôi đã ôm nhau khóc",0,0.9481,0.0519
đứng dưới cây này chỉ sợ ngột vì mùi hoa sữa 😂😂😂,0,0.9871,0.0129
hãy cảm ơn vì chúa đã ban em cho chị 😂😂,0,0.9917,0.0083
"ước mơ của tao , thích vẽ lắm luôn , nhưng mỗi tội vẽ xong cho lên màu thì lại tệ 🙄",0,0.9888,0.0112
23 năm rồi tao còn chưa được đi chơi với bồ trung thu lần nào cả :(,0,0.9906,0.0094
ngọt hơn cả người yêu haaaaa,0,0.994,0.006
em chưa có người yêu . có ai yêu em không . em cô đơn quá,1,0.0095,0.9905
có gặp cũng đéo dám ngẩng đầu lên nhìn,0,0.9873,0.0127
rớt giá kinh khủng khiếp huhu,0,0.988,0.012
huhu đéo muốn đi học đâu,0,0.9797,0.0203
anh vui thì anh ngồi thôi ... chú cự để mặc anh . :v,0,0.9932,0.0068
tiếc là 23 cái xuân rồi chưa gặp được em . có ai giống tôi không,0,0.9865,0.0135
per mi phải học con nay bán hàng lai chim mới chạy hàng này,0,0.9948,0.0052
công nhận sáng tạo thật đấy,0,0.9942,0.0058
tự nhiên mình lại không muốn làm single mum nữa -.-,0,0.9838,0.0162
cắt tóc xong rùi gội đầu xong tóc còn ướt ý nhìn đẹp trai lắm luôn ý,0,0.994,0.006
tao thấy đéo có cái gì để tao cầm được cơn cười cđcm nó ! :)),0,0.993,0.007
tội quá . thương em,0,0.9931,0.0069
tình yêu là sự mù quáng mà hix,0,0.9938,0.0062
dòm sợ thiệt 🤐,0,0.9922,0.0078
hicc thương em,0,0.9921,0.0079
"cảm ơn các em , tuổi học sinh lắm nghịch ngợm nhưng có lòng yêu thương con vật nhỏ bé đã giúp bé cún được sống 😘😘",0,0.9939,0.0061
t cũng buồn lắm chớ bộ 😓😓,0,0.9885,0.0115
per nhớ hội chị em vinmec quá :((,0,0.9945,0.0055
"đi viện mà tưng tưng ăn uống được là tốt rồi , mừng mày sớm ra viện nhé cô",0,0.992,0.008
ngày bé nấu hoài không chín . tức rủ mấy đứa ra đốt cả đống rơm nhà hàng xóm,0,0.9941,0.0059
nếu không gãy đó la 1 bài quyền đẹp rồi :((,0,0.9948,0.0052
ý nghĩa và đáng suy ngẫm thật,0,0.995,0.005
"bố bạn ý chửi nhẹ đấy , bố mình chửi là chỉ mong đầu thai vào nhà khác 😬",0,0.9812,0.0188
nhớ gia đình nhỏ nhiều lắm … mà không được về thăm,0,0.891,0.109
coi xong đoan này . tao thấy nhớ nhà vô cùng 😭,0,0.9941,0.0059
chuột nhìn thấy mèo sợ là đúng rồi =)),0,0.9948,0.0052
nhìn rợn vãi,0,0.9836,0.0164
per thịt nướng lò xô ne ăn z mà không chết 😎😎😎😎,0,0.9938,0.0062
nhọc lòng :(((,0,0.9925,0.0075
a per doi dap rat tuyet voi . chuc anh thanh cong trong vu nay .,0,0.9919,0.0081
chỉ mới hỏi về người khác giới cái là bị gán là thích bạn đó luôn mí sợ :(,0,0.9927,0.0073
trò này cũng nguy hiểm chết người đừng đùa theo mà mang họa,0,0.9935,0.0065
ai như tao nghe tự nhiên thấy ấm lòng vãi không,0,0.9945,0.0055
ỏ đáng yêu =))),0,0.9949,0.0051
"mình nghĩ sẽ không bao giờ là một thương hiệu quốc gia , là khát vọng về cà phê vn nữa ...",0,0.9824,0.0176
nhẹ nhàng bay lên và hạ cánh thất bại do lổi kỹ thuật,0,0.9923,0.0077
"cưng vậy trời , anh cho em xin ảnh nha ạ",0,0.9925,0.0075
chuẩn không can chinh,0,0.993,0.007
nhưng kp cười với mày đâu :) ảo tưởng vãi,0,0.9859,0.0141
mua con lợn 50k được lì xì 40k . ok em ổn,0,0.9943,0.0057
ra vậy . nguy hiểm thật :(((,0,0.9944,0.0056
khổ tâm ghê =)),0,0.9554,0.0446
"giả bộ vô tình gặp nhìn lén rồi đi , lại còn tìm hiểu cả gia phả người ta nữa chứ ... một thời ngu ngốc đáng yêu .",0,0.9933,0.0067
có ai chỉ tự yêu bản thân như tôi không :(,0,0.9852,0.0148
per hẹn xem phim này nữa nha mày 😛,0,0.9946,0.0054
đau ghê,0,0.9867,0.0133
dễ thương vầy :>,0,0.9943,0.0057
rất nguy hiểm nhé nhảy không qua là xác định dập mặt,0,0.9942,0.0058
ha ha ....,0,0.9919,0.0081
nhiều lúc ngáo ngáo thoải mái đến mức người yêu cũng đéo bằng nó và đến khi nó thổ lộ tình cảm thì tao đéo tin :v,0,0.9855,0.0145
phải tao tao vứt luôn xe ??,0,0.9908,0.0092
là con bé con điên khùng và phiền vãi nhưng bạn vẫn yêu nó vãi chưởng :)))))),0,0.9943,0.0057
"mong ai đó sẽ không nghe được bài hát này . xin lỗi , ngàn lần xin lỗi 😢",0,0.9933,0.0067
chuẩn đét . t nghỉ công ty cũ cũng vì đồng nghiệp 😭😭😭,0,0.994,0.006
ủa mắc gì gỡ fan cứng của em ? huhu,0,0.9925,0.0075
chả bù cho con ml này . đợi mãi không thấy nó về . hy vọng em không bị bọn xấu bắt lên dĩa là tốt rồi :(,0,0.9903,0.0097
má cười ỉa luônn,0,0.9853,0.0147
từ lúc đấy tao không ăn được các loại thịt ngan - ngỗng - vịt lun 😞 ám ảnh vãi,1,0.2467,0.7533
nhớ nhé đồng nghiệp haha,0,0.9948,0.0052
cứu em nó với,0,0.9806,0.0194
đã nguy hiểm vậy sao không hủy mà bán 0 . 0,0,0.9908,0.0092
ông mặt trời dễ thương hha,0,0.9948,0.0052
không hiểu sao xem đi xem lại bao nhiêu lần vẫn khóc được,0,0.9915,0.0085
kiểu em sai rồi . a xin lỗi em đi 😂😂,0,0.9921,0.0079
gáy sớm để làm gì cơ chứ haizz,0,0.9942,0.0058
đái mẹ ra quần ??,0,0.9939,0.0061
đọc xong nước mắt ứa ra,0,0.9937,0.0063
tao cũng hay sử dụng chiêu này và bọn đàn ông vẫn cứ bị lừa ????,0,0.9931,0.0069
dễ thương mà,0,0.9934,0.0066
per anh tải cái này về cho per học nè . thú vị ghê,0,0.9953,0.0047
"cố gắng lên mọi lỗ lực và công lao của em sẽ được đền đáp một cách thật là sứng đáng , cố gắng lên em nhé 👍",0,0.9937,0.0063
nhưng nói thì cứ bảo hay than thở 😢,0,0.9924,0.0076
nhìn quả mặt của nó thì tao công nhận thất tình thật đáng thương ?,0,0.9896,0.0104
đằng này họ nghĩ tao muốn giết người rồi chửi tao bị thần kinh rồi cho trôi qua mọi chuyện,0,0.756,0.244
"chân ta cũng là chân đi và giờ bị đứt dây chằng , nằm một chỗ đợi mổ rồi mày . đồng cảm vãi",0,0.9827,0.0173
xấu mà đáng yêuc quá,0,0.9941,0.0059
thế nên bán hàng có tâm là đừng bao giờ nài nỉ khách mua thêm vì biết đâu bạn vô tình làm cho nỗi đau của họ trở nên tồi tệ hơn .,0,0.9906,0.0094
dưới cái nóng 40 độ ngày hôm này xem video này xong thất mát lòng vãi_chưởng :)),0,0.994,0.006
"cái thứ ba , trời nhìn mà rơi nước mắt thay cho luôn công cả một mùa mà đi tong chỉ vì một trận mưa",0,0.9934,0.0066
"thấy bình sữa của em thấy ham quá , chị sinh em bé chả có sữa gì hết .",0,0.9932,0.0068
nhiều lúc buồn đến nỗi coi những vid thế này . đéo thể cười nỗi .,0,0.9914,0.0086
sư phụ giả vờ ngã để thử lòng các đồ đệ và cái kết ngã sấp mặt luôn 😢,0,0.9938,0.0062
đéo có người thương để mà làm ấy chứ :(,0,0.9946,0.0054
"đồng nghiệp tốt , chị em tốt đi làm như đi chơi :)) chứ làm cùng với mấy con mlz đáng sợ lắm :))",0,0.9947,0.0053
rồi khi mày có 1 ít tiền :)) mày mới phát hiện ra còn đéo cả có người đi cùng cơ,0,0.9923,0.0077
các b học sinh đáng yêu quá,0,0.9957,0.0043
cuộc đời bà đã nấu hơn 50 nồi bánh chưng rồi nhưng bà chưa bao giờ thấy ai cắt tóc ngắn đi mà xinh như thế này các cháu ạ .,0,0.9912,0.0088
đây là một câu chuyện buồn không chỉ riêng tao,0,0.9934,0.0066
"cảm ơn nói chuyện nhật ! 1 nền khoa học , giáo dục , trí tuệ văn minh !! 😘",0,0.9955,0.0045
bạn có bố thật hạnh phúc,0,0.9933,0.0067
"per trong vòng 4 tháng chắc anh chụp hơn trăm tấm , huhu , sợ quá 😱😱😱😢😢😢",0,0.9899,0.0101
chuỗi ngày tủi nhục cũng từ đó mà bắt đầu,1,0.245,0.755
hàng xóm cũ của tao cũng thế may mà bà ý chuyển nhà rồi 😃,0,0.9902,0.0098
không biết vì sao họ vẫn cười nhưng mình thì khóc ...,0,0.8325,0.1675
"đúng vậy , có họ ở bên cạnh nuôi nấng ta từng ngày đã là quý lắm rồi",0,0.9915,0.0085
5 năm nữa tao phải đẻ được 3 đứa 😂😂😂,0,0.9853,0.0147
ôi cưng cưng quá,0,0.994,0.006
dù s đi nữa thì mày vẫn xinh . cố lên,0,0.9936,0.0064
hay lắm :))),0,0.9945,0.0055
buôn bỏ nhưng tình cảm ko thuoc về mình nua . bat đầu kiem tiên,0,0.9773,0.0227
nó cười mà muốn rụng tim 😂💔,0,0.9218,0.0782
"vì luật áp dụng đối với vụ án phân chia tài sản trên 4 tỷ thì mức án phí là 0 , 01 %. suy ra vụ này trên 8 nghìn tỷ thì mức án phí là 81 tỷ là đúng rồi .",0,0.9905,0.0095
"per đi làm với c mình vui hết xẩy , trừ những lúc khó tính :))",0,0.9944,0.0056
1 thời gắn bó với nó . nhớ lại ngày xưa cực khổ,0,0.9922,0.0078
per nên mày hãy yên tâm về mấy con nhện nhé :))),0,0.995,0.005
:) cảm giác đó đau lắm các mày ạ,0,0.9807,0.0193
đề kháng của tao với mọi loại thính rồi cơ 😂,0,0.9915,0.0085
cái này ghê vãi mày sẽ hiểu cảm giác khi nó lún xuống 😅😅,0,0.99,0.01
🤣 lau mặt bằng quần chíp của vợ à ?,0,0.9936,0.0064
mất rồi có lấy lại được đâu :)) cái gì nó cũng chỉ là quá khứ,0,0.9915,0.0085
quay vào ô mất lượt :)),0,0.9942,0.0058
:))) có thật nhiều tiền là vui,0,0.9947,0.0053
mình rất rất muốn đi nhưng trong túi kô còn xu mẹ nào vân kiều ơi,0,0.9886,0.0114
các bạn trẻ ! người lớn có thể nghe thấy tiếng chó kêu mà không hành động gì để cứu vớt . các em thật đáng khen . cần những bạn trẻ nhân ái như các bạn .,0,0.9942,0.0058
"em đỗ 6 trường đại học ở mỹ , còn hàng trăm thằng đổ em luôn rồi đó , em biết không . trong đó có anh 🤪",0,0.9898,0.0102
thật đáng khâm phục các bạn ... chúc các bạn gặp nhiều may mắn trong cuộc sống ...,0,0.9935,0.0065
phim cực hay và cực cảm động lòng người,0,0.9957,0.0043
chai này mới ghi được nhìu chữ kkk,0,0.994,0.006
per cố đợi đi nha để em mua bảo hiểm cho anh 🙂,0,0.9913,0.0087
"có ai nhìn thấy hình như người đàn ông này đang rất đau khổ không nhỉ ? mình nhận thấy hình như ông ấy đang rất đau khổ , mà không thể or không muốn nói ra .",1,0.2521,0.7479
per đáng sợ quá,0,0.9924,0.0076
tao chỉ lên ngắm cảnh tí xíu mà mày cũng dìm tao :)))),0,0.9915,0.0085
chúc mừng,0,0.9922,0.0078
thằng hack game nó gặp trùm cuối rồi 😭😭 truyện đến đây là kết thúc sao 😭,0,0.9939,0.0061
"đang tính đi nhổ răng khôn ( à quên , nó ngu chứ khôn đéo gì ..) nghe được cảnh báo này chắc không dám đi nhổ luôn .",0,0.9933,0.0067
hú hồn con chồn chạy ngang 😑,0,0.9923,0.0077
đây là bạn tao . =)),0,0.9941,0.0059
là mỗi buổi sáng thức dậy ta có thêm 1 ngày mới để yêu thương ❤️.,0,0.9934,0.0066
đáng lẽ bệnh của tao đã không nặng đến thế,0,0.9767,0.0233
tự nhiên nhớ cái cảnh 2 con bánh bèo bị ngỗng dí quá 😅😅 per,0,0.9927,0.0073
🤣🤣🤣🤣 bo tay chấm cơm . hahaha,0,0.993,0.007
và từ đó bà cụ sống trong hạnh phúc :)),0,0.9936,0.0064
"cmt buồn cười vll , nhớ mình cừng có kinh nghiệm chạy ngỗng :)))",0,0.9943,0.0057
chưa bao giờ nghe ngươ ̀ i ta chửi thề mà đáng êu đến vậy lun =))!,0,0.9943,0.0057
đọc xong tao muốn khóc luôn,0,0.9792,0.0208
t còn được nghỉ 1 tuần :)))),0,0.9945,0.0055
xem phim cười gần chết . mà thích cái bạn ma nữ hơn là na bong,0,0.9934,0.0066
"cải tạo được , có tái tạo được 100 % nguyên trạng rồi sao ? giá trị lịch sử văn hoá gần nghìn năm đã mất đi rồi :((",0,0.9906,0.0094
sợ thì vkl,0,0.993,0.007
per :)) hiểu được nỗi lòng anh chưa ! mốt đừng giận anh nhiều nữa nha,0,0.9922,0.0078
thất vọng và áp lực tích tụ hằng ngày với tao,1,0.0076,0.9924
nếu địa phương không xây cầu thì người dân cũng có thể tự làm cầu cây mà . phóng lỡ hụt chân thì xác định nát người .,0,0.9927,0.0073
ngày chủ nhiệm cu nhà mình cô nhẹ nhàng nết na lắm mà ! giờ thì sao cô lại hành xử như vậy chứ ! thật buồn !,0,0.9929,0.0071
t quá mệt mỏi với cuộc sống này rồi 😓,1,0.0085,0.9915
per - chan đáng yêu zl =)))))),0,0.9947,0.0053
khuôn mặt đậm chất giải trí 🙂,0,0.9938,0.0062
tao nhìn sợ vãi,0,0.9813,0.0187
gia đình có nhưng tình yêu không thì sao,0,0.9909,0.0091
sau mỗi cuộc chia ly người ở lại vẫn là người đau lòng nhất :((,0,0.9924,0.0076
đúng là chân thật luôn luôn tổn thương !,0,0.9917,0.0083
"từ khi lấy vợ , làm vlog thiếu muối hẳn huhu",0,0.9943,0.0057
sad cực mạnh,0,0.9923,0.0077
nhất định sẽ có một ngày tao sẽ thành công và tự nói bản thân rằng mày làm tốt lắm,0,0.9873,0.0127
phim hay vãi ra . đến giờ vẫn thấy mình giống bạn ma nữ quá trời 😂😂😂,0,0.9937,0.0063
tội nghiệp các bé đạp xe đi học,0,0.9928,0.0072
thế nên tao với mày không thể làm người yêu nhau được,0,0.9858,0.0142
sinh viên năm 3 rồi nhưng vẫn chưa định hướng ra trường làm cái giống gì đây :(,0,0.993,0.007
khóc hết nước mắt 😞😞,0,0.9465,0.0535
"wtf , tao đã làm gì sai ☹️☹️☹️",0,0.9903,0.0097
"bọn tàu copy kịch bản phương tây , chắc bữa sau lại có mấy video make in việt nam như vậy và kịch bản tàu haha",0,0.9943,0.0057
mình không áo mưa rồi 😞,0,0.9879,0.0121
còn mềnh thì ra quán mua bim bim đều chỉ để nhì em mà cười,0,0.9932,0.0068
"biết chỉ là phim thôi , xem con bé hôn bố lần cuối nước mắt tự rơi , híc híc",0,0.9861,0.0139
tao lại bị mọc lông chân rồi :((,0,0.9903,0.0097
mua thêm vài trăm con cá xấu thả chắc vui hơn,0,0.9951,0.0049
per hôn nhẹ lên má nha 🤣,0,0.9927,0.0073
góp phần xây dựng đất nước chứ gì kkk đóng nhiếu rứa,0,0.9932,0.0068
dume mặc dù tao rất yêu chó nhưng tao cũng sợ chó nữa :((,0,0.9912,0.0088
cứ mỗi lần cắt tóc xong tao lại thấy biết ơn bố mẹ vì đã sinh ra tao đzai vãi :))),0,0.9927,0.0073
đó cũng là giải pháp hay để lừa một thèn ngu :))),0,0.9953,0.0047
thương các con quá đi,0,0.9889,0.0111
khổ thân con mèo :((,0,0.9906,0.0094
một người đàn ông bản lĩnh thực sự 👍,0,0.9934,0.0066
"per bởi , đéo dám tán ai hay tỏ tình",0,0.9946,0.0054
ấm áp ghê =)),0,0.9944,0.0056
phim ấn độ duy nhất tao xem mà không cảm thấy vật lý logic quá khó hiểu dù thật ra trong phim này nhiều kiến thức hại não thật ; )),0,0.9949,0.0051
giọng chú hơi bị dễ thương nhá :)),0,0.9949,0.0051
pháp năm nay nhiều biến quá :((,0,0.9949,0.0051
hèn dì mấy nay đi học thấy bạn của crush nhìn mình cười,0,0.9884,0.0116
cũng muốn đi xem lắm 😭,0,0.9891,0.0109
có lẽ vậy là tốt nhất,0,0.9948,0.0052
per đến con nít chúng ta cũng không bằng là sao ......... tuổi thơ và tuổi thanh xuân nợ chúng ta quá nhiều thứ rồi 😭😭😭😭,0,0.9896,0.0104
gv có tâm vãi 😂,0,0.9896,0.0104
mình thi xong còn không khóc được 😢,0,0.9828,0.0172
một bộ phim quá suất sắc,0,0.9951,0.0049
tao mừng quá vì tao biết chắc chắn hôm nay crush của tao không bị thịt . ahihi .,0,0.9926,0.0074
"chị thích con gái mạnh mẽ , cá tính .",0,0.9891,0.0109
cho dù em có dành được bao nhiêu học bổng đi chăng nữa nhưng mãi mãi em sẽ không thể có được tôi 😅,0,0.9707,0.0293
cười ỉa :)),0,0.9929,0.0071
lợi ích của việc giữ vững quan điểm 😄,0,0.9932,0.0068
"chời , dễ thương quá",0,0.9949,0.0051
t cười đấy . thế tao thả haha nhé . mà dume đấy là cháu tao . thế bây giờ không có icon vừa khóc vừa cười à :]],0,0.9921,0.0079
nếu là tao thì tao sẽ không ăn được miếng nào,0,0.979,0.021
nghe mát lòng mát gan thế ????,0,0.9947,0.0053
lúc bé mình rất sợ,0,0.9599,0.0401
chưa bao giờ bắn trúng thứ gì 😆.,0,0.9937,0.0063
thôi xong . chia buồn cùng quý quốc,0,0.9931,0.0069
thấy tội nó ghê ????,0,0.993,0.007
ngày bé tao bị nó dí thế là tao cho nó 1 gậy 🙂 hôm đó tao được ăn thịt ngỗng,0,0.9902,0.0098
đã sáng suốt hơn năm ngoái nhiều . ka ka,0,0.9951,0.0049
tưởng tao sợ ư từ cái lần mày dọa rắn tao và tao rơi điện thoại cuối cùng vỡ màn hình là tao đéo sợ nữa nhớ,0,0.9647,0.0353
"công trình 850 năm tuổi , xây dựng 100 năm mới hoàn thành chỉ còn là đống cháy sắt vụn .",0,0.9808,0.0192
đau bụng quá ự ự,0,0.9917,0.0083
"đang ỉa xem cười như điên , kkk",0,0.9531,0.0469
hành động đẹp,0,0.9924,0.0076
đúng là vàng trắng .. nhưng mà trắng tay :(((,0,0.9935,0.0065
thanh niên co ́ em hoan hy ̉ qua ́ :))),0,0.9933,0.0067
buồn cô lắm,0,0.9789,0.0211
"thích cái câu "" em không yêu anh nữa ""😊😊",0,0.9905,0.0095
"anh luôn nghĩ thế giới này không có gì đáng sợ , cho đến khi anh không còn thấy em nữa",0,0.6712,0.3288
mình chụp mấy lần liền chả thấy bác sĩ cho mặc lớp áo gì cả 😭😭😭,0,0.9889,0.0111
"hồi bé đi mua xôi bị một đàn ngỗng đuổi 🙂 may mình đi xe đạp không thì ăn lol ** với chúng nó , cái thứ mất dậy 🙎🏻‍♀️🙎🏻‍♀️🙎🏻‍♀️",0,0.9909,0.0091
a đến sớm hơn nhé 😆,0,0.9934,0.0066
tao ấn tượng anh đầm hường ghê 😂,0,0.994,0.006
đáng yêu thế bà đẹp gê,0,0.9945,0.0055
cười ỉa phút 1 : 11,0,0.993,0.007
sao không cắt móng chân cho em ... nhìn mặt cute mà thấy móng chân em sợ phết,0,0.9895,0.0105
per cđ chỉ cần đơn giản như thế đã ấm lòng thế ... rơi cả nói chuyện mắt ...,0,0.9935,0.0065
huhu sợ vãi luôn á,0,0.9882,0.0118
per mày cũng cắt tóc giống thế đi cho đẹp =)))),0,0.9944,0.0056
ráng ăn cho nhìu vô ỉa cục cức dài hơn móng tay ổng luôn kk,0,0.993,0.007
tiền nhiều để làm gì khi tình không còn,0,0.9911,0.0089
cài lò xô huyền thoại,0,0.9937,0.0063
sở khanh như boss chịu liền .. đẹp trai quá trời ui,0,0.9941,0.0059
chỉ còn lại tro tàn,0,0.8786,0.1214
huhu lần trước đi chụp răng . thằng kĩ thuật viện cho bạn vào cái máy to đùng xong nó bảo ngồi im . nó bật máy xong chạy ra ngoài đóng cửa với tốc độ ánh sáng .,0,0.9903,0.0097
mẹ tao vừa đọc xong còn tag tên tao vào . bọn mày có cách nào trưa nay không về nhà mà vẫn có tiền ăn cơm không chỉ tao với,0,0.9904,0.0096
độc nhất vô nhị . kkkk,0,0.9935,0.0065
thề nhìn họ hôn nhau thôi mà nổi hết gai ốc . chưa dám nghĩ tới xxx . chắc thốn lắm . lạnh sống lưng thật .,0,0.9821,0.0179
là gặp đúng người nhưng lại chẳng đúng thời điểm . cuối cùng vẫn là chúng ta bỏ lỡ nhau 😥😥😥,0,0.9934,0.0066
quả nhiên chồng con nhà người ta đéo bao giờ làm tao thất vọng 😄,0,0.9908,0.0092
họ đã cho ta có mặt ở trên cột đời này rồi còn gì bằng nữa chứ,0,0.9896,0.0104
tôi đã giữ lại mấy cái giấy note đã ghi chú khi nào kiểm tra =))))),0,0.995,0.005
"suốt ngày trật ray , còn hay không sự phù hợp hệ thống ray - tàu với hệ thống đường sắt vn",0,0.9926,0.0074
một mình tao ăn hết 1 nồi lẩu từ lúc tối 😭,0,0.9878,0.0122
"thời buổi bây chừ chuyện gì cũng có thể xảy ra , vậy nên thôi trất , đừng nên tin ai",0,0.9893,0.0107
mỗi lần quyết tâm bỏ mà lại thấy cười . đm đời,0,0.9938,0.0062
có những ngày làm tới đâu là sai tới đó :)) muốn tát vào mặt hết sức,0,0.9921,0.0079
nhìn vừa tội vừa thương ????,0,0.9935,0.0065
giao lưu tí không . tự bấm chứ không mua =))),0,0.9947,0.0053
nhà tao còn nè,0,0.9922,0.0078
bữa cơm trưa nay tăm tối như cái ava của tao vầy :((((((,0,0.9885,0.0115
t thấy nó cười hoài mà không bao giờ nó cười với tao cả :((,0,0.988,0.012
2 năm rồi và đã kết thúc rồi,0,0.9915,0.0085
cách tốt nhất là đứng lên và chọn 1 nơi khác để tìm 1 thứ tốt đẹp hơn và dễ viết hơn :)),0,0.9947,0.0053
"xã hội thật phức tợp , huhu . không muốn sống chung loài người nữa , tao về núi đây",0,0.803,0.197
tội cả con quá 😭😭 một lũ vô nhân tính đã hủy hoại những mầm non tương lai .,0,0.9865,0.0135
"tao nói té 1 cái không dập mề thua gì cũg thua , trĩ nội trĩ ngọai nguyên chùm =)))",0,0.9949,0.0051
"per tải thử cái này cho cún đi chị , hay phết này",0,0.9941,0.0059
cổ tích thôi nhé . tao mới bị hỏi vì rẽ không xi nhan . và anh chỉ nhẹ nhàng phán 1 câu : ‘’ 2 triệu đưa đây không thôi mai cầm 3 triệu lên đồn nhận xe nhé ’’ anh thật là dễ thương 🙂,0,0.9931,0.0069
cưng quá :))),0,0.9941,0.0059
nơi ấy giữ lại những kí ức tuyệt vời,0,0.994,0.006
cô gái này thật dễ thương “ anh cứ nhắm mắt làm đại một lần thôi mà “ 😂😂,0,0.9942,0.0058
tao nhớ không nhầm hôm nay nó đến tháng vậy là sẽ không bị đâu nhỉ,0,0.9937,0.0063
má toàn truyện trong mơ không hà mắc cười quá 😂,0,0.995,0.005
"động lực là tình yêu . vì sau khi chia tay , tôi đã thấy mình vô dụng trong một thời gian dài .",1,0.0178,0.9822
ngày xưa cũng như này trong lúc mối quan hệ bắt đầu nhạt :) haiz,0,0.9928,0.0072
nay buồn :(((,0,0.9941,0.0059
tối mà tắt đèn gặp mặt nó với cặp mắt nó là tao còn sợ hơn thấy ma,0,0.9757,0.0243
per ối bạn ơi quà sinh nhật mình đây rồiiiii,0,0.9942,0.0058
câu chuyện mọc sừng được bắt nguồn từ đó 😀,0,0.9923,0.0077
và vui mừng hơn khi biết tin chị vợ ở nhà vừa sinh hạ em bé được 1 tuần,0,0.9904,0.0096
nghe ngọt thế :((,0,0.9946,0.0054
thích thật,0,0.9934,0.0066
tao xem mà cứ sợ nó ngã vãi 🙂,0,0.9893,0.0107
bỏ thế lồn nào được :(,0,0.9943,0.0057
"thanh xuân của tớ gặp cậu rồi , 4 năm rồi , chỉ có điều vẫn là 2 đường thẳng song song",0,0.9872,0.0128
xem hết mới biết cái video nó không phải video hài thấy buồn buồn 😪,0,0.9945,0.0055
nghe nguồn tao biết được độ chân thực của câu chuyện rồi 😂😂😂,0,0.9936,0.0064
hạnh phúc thật :)),0,0.993,0.007
kiểu định share vì thấy tinh thần khá hơn nhưng đọc bình luận xong kiểu nhiều đứa còn tiêu cực hơn mình :<,0,0.9931,0.0069
t nghe thấy nó nói gì tao chết liền,0,0.9115,0.0885
mong ông bà được nhiu sức khỏe,0,0.9934,0.0066
đó là những nơi khác . chứ chỗ làm của em . anh chị đáng yêu v đáng quý . em học tập được rất nhìu kinh nghiệm .,0,0.9948,0.0052
hết hồn chim én,0,0.993,0.007
con đường này chắc dành cho mấy người như tôi,0,0.9937,0.0063
chắc là năm lớp 4 5 gì đó :)) tao mua bánh kẹo đem vô lớp bán lẻ lại ... mỗi lần đem bán như vậy chắc cũng kiếm được lãi 2 - 30k 😂,0,0.9928,0.0072
già còn thích phi công =)),0,0.9946,0.0054
chuyện tình huyền thoại của per với per :(,0,0.9937,0.0063
để tao nấu thì quên luôn . xác định tối đó đói :((,0,0.9927,0.0073
mình trả phòng là chăn ga gấp gọn gàng . đồ đạc hẳn hoi trả người ta . dù sao mình cũng như người ta bẩn dọn mãi không sạch ai chẳng điên,0,0.984,0.016
chỉ cần thích cái là muốn rụng tim,0,0.9872,0.0128
công an béo như lợn không đuổi nổi tội phạm 😂😂,0,0.9913,0.0087
khổ người lao động thôi,0,0.9803,0.0197
moá nhìn rùng hết cả mình,0,0.9811,0.0189
"trước tao cũng tin vào tình yêu chân thành lắm , niềm tin chết rồi",0,0.9089,0.0911
vcb thu phí dịch vụ cao có khác . lương nv cũng hơn chỗ khác :)),0,0.9946,0.0054
bư ̃ anh trước mới nghi ̉ xong tao đi đa ̀ nă ̃ người chơi 3 nga ̀ y xong vê ̀ kho ̉ em re =))),0,0.9944,0.0056
có thì tốt nhất đừng có giận vì ngoài kia bất cứ thằng nào cũng sẵn sàng dỗ dành bạn gái của bạn 😋,0,0.993,0.007
"đấy gọi là biết ngu mà vẫn đâm đầu vào , giống tao :)",0,0.9949,0.0051
tao cũng có 1 người bà như trong video nhưng bà ấy qua đời rồi 🙁🙁🙁,0,0.9897,0.0103
bắt võng nằm cho sướng,0,0.9944,0.0056
phim này ý nghĩa lắm,0,0.9952,0.0048
thú vui đặc biệt vãi :v .,0,0.9946,0.0054
ny tao đbh dỗi . chọc kiểu gì cũng không dỗi . đáng yêu vãi 😂,0,0.9947,0.0053
ko sợ gì chỉ sợ con ml ý 😞,0,0.9821,0.0179
quá hay cho admin,0,0.9955,0.0045
per gặp tao chắc tao đái trong vần 😅😅,0,0.993,0.007
ngày nào cũng ngủ với mẹ rồi mà vẫn còn tiếc :))))),0,0.9946,0.0054
tao thích vẽ . nhưng vẽ xấu từ đó chuyển hẳn sang mê chụp ảnh .,0,0.9863,0.0137
t thấy dễ mà . không biết thì học khác biết . ez vãi,0,0.9951,0.0049
còn gì hơn lòng dạ đàn bà ... cũng may tao là một con đàn ông :)),0,0.9914,0.0086
thôi xong tao rồi :((,0,0.9942,0.0058
cảm ơn bạn vì đã chia sẻ cũng như đã luôn sáng suốt để không làm gì sai,0,0.9945,0.0055
bộ phim hay ý nghĩa nhất từng xem,0,0.9954,0.0046
bài viết đọc rất sướng .,0,0.995,0.005
con này chăm sóc n là n bao đẹp ><,0,0.9952,0.0048
ừ thì là chuyện cổ tích . cháu đang đi đường thẳng gặp mấy chú thì phải rẽ ngang . 😢😢,0,0.9945,0.0055
cưng gì đâu,0,0.9931,0.0069
lâu quá mới nghe lại bài này buồn thế,0,0.9954,0.0046
per eo ôi làm nhớ hồi nhỏ đi học mẫu giáo quá :))),0,0.9953,0.0047
ngày cuối cùng thực sự buồn,0,0.9887,0.0113
hú hồn hà,0,0.9878,0.0122
aw giống tao vậy =))) mấy thứ linh tinh tao còn để nguyên vào 1 cái hộp bự cơ,0,0.9925,0.0075
khóc muốn rơi cả mắt,1,0.0247,0.9753
có những ngày mọi thứ nó bỗng ập đến,0,0.9832,0.0168
bộ phim đáng xem đó mấy man,0,0.9956,0.0044
một đứa sợ sấm chớp không thích hình ảnh này huhu,0,0.9914,0.0086
per đây . cô gái bán hàng thú vị đây . phải xem cho hết,0,0.9954,0.0046
nuốt được cục tiền đó cũng hay đó ( y ),0,0.9953,0.0047
rất nguy hiểm,0,0.9894,0.0106
:((( tôi vẫn chưa sẵn sàng để đi học mà,0,0.9784,0.0216
khang khang 1 thời cùng nhau vui say ! bjo thì khác rồi thân ai nấy lo hở chị hố hố ;)),0,0.993,0.007
"nhìn cảnh này mình nhớ lại cảnh ông ngoại mình đứng ngay quan tài bà ngoại khóc nức nở . bà đi rồi để ông ở lại một mình , đau lòng quá",0,0.8761,0.1239
"tụi mày có hiểu được cảm giác , muốn bắt chuyện mà không dám bắt không ?? tụi mày có hiểu được cảm giác vờ ngủ gục để nhìn nó không ?? tụi mày đã từng nhìn nó thật kỉ , thật tỉ mỉ chưa ?",0,0.9805,0.0195
"sao vẫn còn người tốt trong xã hội này , đáng khâm phục",0,0.9942,0.0058
rất tiếc cho 1 bài quyền,0,0.9946,0.0054
nhện này trong nhà tao chắc tao bỏ nhà đi mất 😱🤯,0,0.9866,0.0134
mình cũng có con mèo đực nuôi được 1 năm thì nó biệt tích 1 năm sau nó về rồi 1 năm sau thì nó mất .... buồn,0,0.9846,0.0154
"mẹ kể hồi nhỏ nuôi con ngỗng thay chó canh nhà . ăn trộm mà vào thì chạy đằng trời với nó , cả bầy lao ra quạt với táp , khi gia đình vác gậy chạy ra thì thằng ăn trộm nó ôm cây trên tít cành cao , áo quần tóc tai lủng máu me tè le . gia đình phải cứu ăn trộm má mấy mẻ còn không tha , 2 3 con vẫn dí nhảy hàng rào dí theo ăn trộm . phải nói dí bao dai mà cục súc vê lờ .",0,0.986,0.014
cái kết có hậu quá :)),0,0.9949,0.0051
thấy cờ rút trên tờ polime là tim rụng rời liền,0,0.9924,0.0076
chuẩn bài =)))),0,0.994,0.006
"per huhu đúng quá nè :< sư phụ đi rồi , còn per thôi , đừng đi đâu nữa nhaaa 😢",0,0.9929,0.0071
"chuẩn luôn , áp lực công việc cũng không bằng mối quan hệ với đồng nghiệp",1,0.0073,0.9927
ui sồi ôi đốn tim vãiiiiiiii,0,0.9929,0.0071
per tao mãi mãi bị con này ám ảnh từ bé đến giờ . thứ gì mà đéo thể yêu thương nỗi . nghe tiếng nó kêu là tao bỏ chạy trăm mét 😒,1,0.1985,0.8015
per hết tiền thật sự :(,0,0.9921,0.0079
chuyển từ thất tình sang muốn chết vì quá chán :((,1,0.0133,0.9867
"mong là chuyện không có thật , chứ có thật thì đau lòng vãi ra 😪😪",0,0.9908,0.0092
đơn giản 🙂,0,0.99,0.01
tại trà sữa làm tao mập chứ tao có muốn đâu :(,0,0.9902,0.0098
"vui nhất là câu "" lấy ghế ra ngồi nhìn """,0,0.9942,0.0058
xem video cu ̃ người cho ́ người hê ́ tao ca ̉ mă ̣ tao,0,0.9933,0.0067
"tan rã hết rồi , giờ toàn đánh lẻ thôi 😭😭😭",0,0.9897,0.0103
hên là đụng nhầm người chứ đụng trúng cái là rụng trứng cả bày cả lũ -)),0,0.9943,0.0057
trông anh thần thái vãi :v,0,0.9937,0.0063
cười muốn tắt thở 😂😂😂,0,0.9668,0.0332
khiếp quá đi tụi con ơi,0,0.9903,0.0097
bây giờ nhìn vào cứ kiện tụng mà nãn :((,0,0.9919,0.0081
uiii xinh gái thế ...,0,0.9942,0.0058
per ê xem đi phim này lâu rồi nhưng mà hay lắm,0,0.9954,0.0046
"xem phim mà cứ nhìn cặp chân của ổng , chân gì mà dài thường thượt . chồi ôi 1m87",0,0.9929,0.0071
thất tình đi nghe nhạc chúng nó còn ngồi trước mặt ôm nhau . hận,0,0.9914,0.0086
ha ha chịu không nổi luôn !,0,0.9906,0.0094
cắt cả thắt lưng da của bố để làm ná 😂😂,0,0.9938,0.0062
học giỏi lại xinh xắn hì,0,0.9951,0.0049
đú quan trọng bởi người tao yêu củng không đi chơi valungtung thế là tao vui rồi :)),0,0.9931,0.0069
"bị chó rượt cũng không đáng sợ bằng mẹ này . gặp chó mà có ý định rượt thì đứng im hoặc đi nhẹ nhàng nó nghỉ rượt . còn mẹ này chạy mẻ rượt , đi nhẹ mẻ rượt , đứng im mẻ mổ như mổ thức ăn . thiếu điều muốn quỳ lạy van xin mẻ luôn .",0,0.9917,0.0083
cái video đầu làm hết hồn per per,0,0.9952,0.0048
người gì đâu mà dễ thương quá chờiiiii,0,0.9949,0.0051
chủ tịch đi nặn mụn ở tai và cái kết khóc thét,0,0.9914,0.0086
"mất đi một di sản , chứng tích của lịch sử 😓",0,0.9874,0.0126
em đi bộ chết mẹ đây này,0,0.9849,0.0151
chuẩn con mẹ nó cơm oy 😂😂😂,0,0.9945,0.0055
không biết đến 2021 tao có lấy được chồng không nữa :((,0,0.9875,0.0125
chia buồn cùng nước pháp,0,0.9908,0.0092
thiếu cái que chấm dầu là ổn 😂,0,0.9941,0.0059
🙂 thanh xuân của em đã từng có khoảng time tươi đẹp,0,0.9932,0.0068
ai cho mình xin page của con này với thích xem nó live stream bán đồ gê,0,0.9939,0.0061
vl bố tao đang ở đây mà chắc sáng mai mới về mất ??,0,0.9808,0.0192
"tao là trùm nấu cơm kiểu này rồi ,, còn bây giờ mất điện thi nấu bằng bếp ga :))",0,0.995,0.005
per huhu nhất là mấy bài không cho chất thử á :(,0,0.9947,0.0053
tán gái hay vãi,0,0.9949,0.0051
cười vãi :))) tếu thật sự luôn ý,0,0.9952,0.0048
khớp vãi =))))))) mặt con bé,0,0.9944,0.0056
nhưng nó giỏi và bản lĩnh đó,0,0.9939,0.0061
tuyệt vời,0,0.9889,0.0111
t thề hồi nhỏ qua nhà ông hàng xóm vá xe tao bị con ngỗng dí chạy xúc quần quanh nhà ổng vừa chạy vừa la làng tới giờ nhớ lại vẫn còn hãi 😧😧😧,0,0.9906,0.0094
thông minh lắm,0,0.9926,0.0074
bà ngoại của em đáng yêu hơn thế này nhiều,0,0.9947,0.0053
bé gái đáng yêu quá ??,0,0.9953,0.0047
buồn thật ấy,0,0.9897,0.0103
uớc gì sau này về già vẫn có thể như cụ này :)),0,0.9938,0.0062
cư ́ như kiê ̉ u =))) ngươ ̀ i yêu,0,0.9943,0.0057
tao sợ ma nên không dám coi lun,0,0.9872,0.0128
ai muốn đi thái hè này với tôiii nào cũng chim ưng phết đấyy :))),0,0.9943,0.0057
"phim này quá hay . xem đi xem lại mãi không chán . đặt tay lên ngực "" mọi chuyện đều ổn "" câu nói kinh điển",0,0.995,0.005
tại sao anh cứ mất công giận dỗi trong khi người xin lỗi vẫn là anh =)),0,0.9938,0.0062
giống y bố tao 🤣 ngoa khủng khiếp nhưng mà nhà tao vui vãi_chưởng 🤣🤣. điểm danh nhà bố học giỏi văn nào 🤦🏻‍♀️,0,0.9942,0.0058
à thì ra là như v =)))),0,0.9948,0.0052
"per anh không nặn đi , mai mốt nó sẽ chaii dầy nè hihii :)))",0,0.9947,0.0053
ngã nhìn cũng thấy yêu 🤣,0,0.9942,0.0058
"cũng chuẩn , giờ khởi nghiệp vậy phá sản chỉ mấy tháng đầu",0,0.9941,0.0059
"hôm trước tao đi chơi về đường vắng nên chạy nhanh , vừa qua cua anh cảnh sát chạy ra chặn làm tao sợ chetme vì giấy tờ không có bằng lái thì chưa thi lại còn thiếu abcxyz",0,0.9879,0.0121
rớt vô đây chắc chắc khóc tiếng thái lan,0,0.992,0.008
đỉnh của đỉnh 🙂,0,0.9903,0.0097
bà nuốt quả chuối tao cười tao ẻ,0,0.9947,0.0053
"có những con người luôn phải chịu đắng cay , cta không được chọn gia đình , bạn bè và càng không có quyền lựa chọn cuộc sống này . hãy vui lên với tất cả những gì ta đang có dù là hai bàn tay trắng",0,0.9544,0.0456
đi bao xa mới thoát đựoc kiếp không có người yêu ? :<,0,0.9863,0.0137
"gặp cái này "" sun "" mẹ nó vào ... :))",0,0.9945,0.0055
tội bà vợ,0,0.9924,0.0076
per 😢😢 miss you .. chính xác luôn ak hậu,0,0.9947,0.0053
chắc ỉa ra quần chứ đéo đùa -.-,0,0.9941,0.0059
tôi cùng hoàn cảnh với bạn má tôi củng bệnh và từng ngày từng ngày tôi bên má tôi sợ giây phút má bỏ tôi ra đi và ngày đó củng đến ai còn mẹ hảy quí từng giây từng khắc bên mẹ,1,0.0398,0.9602
thua cả người ta 😞,0,0.9869,0.0131
tính ra tao lúc nào cũng hài hước vui vẻ luôn đó trời :)))),0,0.9946,0.0054
thật đáng sợ,0,0.99,0.01
sợ xanh mắt mèo,0,0.9777,0.0223
ấy thế mà đã 6 năm rồi . bây giờ còn không nhớ được những đứa nào đã học cùng mình nữa rồi 😪,0,0.987,0.013
"per lại nữa , tao dg suy nghĩ có nên đi bằng rap về không",0,0.9906,0.0094
per tao thấy tao trong đó ahahahaha,0,0.9907,0.0093
"em ơi , hết rồi 😔 hết rồi , chẳng còn chi nữa đâu em ...",1,0.4764,0.5236
hello đồng nghiệp ;)))) không biết nghiệp gì thôi haha,0,0.9923,0.0077
"cái này ở shop đồng giá 40k aeon có nè , tê tới dái luôn",0,0.9931,0.0069
nhìn stt đồng cảm khủng khiếp .,0,0.9929,0.0071
một câu chuyện bi đát :((,0,0.9932,0.0068
haizzz ... thế là chưa có kq gì tốt đẹp cả ..,0,0.9917,0.0083
để có được cái nắm tay tuổi già là bao giông bão của tuổi trẻ . mấy ai qua được bão giông ?,0,0.9885,0.0115
"đấy , nó đấy . con tim tao đau quá .",0,0.6081,0.3919
gặp em đúng lúc nhưng sao anh vẫn thấy mình cô đơn quá .,0,0.8911,0.1089
nhớ lại thời đi học xa nhà . bếp dầu ... :(,0,0.9947,0.0053
"con gấu trúc , cho nó ăn trúc đi =))) tướng ngồi nhìn cưng vãi",0,0.9943,0.0057
nhưng nó sẽ to và rộng ra :(,0,0.9924,0.0076
haha còn tao thì thấy nó lúc nào cũng đáng yêuc 😄😄😄,0,0.9923,0.0077
"đừng tin vào lời ong bướm , đó là hố sâu , là cạm bẫy tình yêu =))",0,0.9944,0.0056
bây chửi kệ bây ! riêng tao thik phá trong trường hợp này 😂,0,0.9908,0.0092
ở chỗ khác chắc gì có đứa béo như mình !,0,0.9923,0.0077
"yeahh ! tao giờ đã là khách quen quán trà sữa đó rồi , về nhà cũng phải ráng tạt qua",0,0.9911,0.0089
cái miệng nói chuyện không có người phụ nữ nào có trời ơi thật là có duyên khiếp quá đi thôi,0,0.9939,0.0061
cưng quá đi,0,0.9941,0.0059
một phút huy hoàng rồi chợt tắt còn hơn le lói giữa ngàn thu,0,0.9892,0.0108
"bộ phim này xem rất sướng . và rút ra được khám phá là thứ tuyệt vời nhất chứ không phải bằng cấp . giá như mấy ông "" bộ "" và mấy ông "" ngành "" dành thời gian xem phim này một lần .",0,0.9953,0.0047
aeon tâm lý thế :)) mày . n vào mua que kem tránh nóng,0,0.9949,0.0051
per vui quá .. đi dạo được ven hồ rồi 🙂,0,0.9926,0.0074
thế làm sao dỗ bạn gái đang giận :(,0,0.9942,0.0058
vãi :)) độc đấy,0,0.9947,0.0053
tao bị bỏ rơi rồi,1,0.0245,0.9755
🙁 bị rớt tiền,0,0.9933,0.0067
phần còn lại là nỗi nhớ và những lần thở dài :((,0,0.99,0.01
"tao rợn hết người luôn , ghi công mày 😑😑",0,0.9682,0.0318
"đây là tao khi bảo "" tao biết đường mà , tin tao ."" 🙂",0,0.9922,0.0078
đã sợ chó rồi thì chớ lại còn bị đùa zai như này . ai sợ chó đã từng trải sẽ hiểu :v,0,0.9936,0.0064
hic hic mình còn chả bao giờ được giận lại ấy chứ :((,0,0.9922,0.0078
gãy tay,0,0.9824,0.0176
cho em xin tên facebook của c trong video để khi buồn em có thứ mua vui ạ . cám ơn mọi người,0,0.9944,0.0056
đợi đến ngày họp lớp đi 😪,0,0.9944,0.0056
"võ nghệ cao siêu đến mấy cũng phụ thuộc vào hung khí , em biết được điều này lên không bao giờ em học võ mà tự xắm cho mình khẩu hoa cải !",0,0.9922,0.0078
chia buồn cùng người dân và đất nước pháp,0,0.9912,0.0088
và khi quay lại nói chuyện với nhau .... biết nói gì giờ huhu,0,0.9906,0.0094
"lớp 2 xí mót được cái chong chóng , bán lại cho thằng hàng xóm 500d .",0,0.9934,0.0066
yêu sắp 2 năm rồi mà không biết người yêu kể chuyện cho nghe là gì 😢 đòi mấy lần toàn kêu không bình thường xịu xịu,0,0.99,0.01
buồn cười nhất cái đoạn cã lũ bạn đồng thanh * chó nó lấy * 😂,0,0.9943,0.0057
ờ công nhận đáng sợ vãi 😭,0,0.9921,0.0079
đọc nhiều chuyện cổ tích vầy thấy yêu cuộc sống hẳn :)),0,0.9955,0.0045
giun xào đĩa luộc là ngon ngay 😂😂😂,0,0.9947,0.0053
mỉa mai cực mạnh =)),0,0.995,0.005
chia buồn với gã lưng gù 😥😢,0,0.9904,0.0096
con gái hay ảo tưởng như vậy lắm 😌,0,0.9905,0.0095
có ai thấy tội ông cụ như tao không 😭,0,0.991,0.009
"ê tao cũng hay giữ mấy cái linh tinh lại như vậy để vài năm sau mở ra xem lại có cảm giác hoài niệm , mà mẹ tao bắt tao vứt hết rồi 😢",0,0.9879,0.0121
"đấy , chỉ có sale như tao mới tốt thôi , tao không bao giờ hỏi về nỗi đau của khách hàng : x",0,0.9924,0.0076
lâu rất lâu mới gặp được lần rồi liết mắt nhìn cái :)))) chưa thấy nó cười,0,0.9931,0.0069
ra xong bảo anh ý ship em về nhà luôn được không . xe em bị hỏng mất tiêu rồi =)),0,0.9917,0.0083
per cảm ơn tôi đi . thấy tầm quan trọng của máy chém gió chưa,0,0.9947,0.0053
mỗi lần coi lại sởn gai ốc,0,0.9944,0.0056
khổ nhân viên,0,0.9646,0.0354
thật sự đọc xong thấy hơi rưng rưng,0,0.9939,0.0061
phim này hay dã man luôn - có ai biết phim nào kiểu dạng này nữa o 😍😍😍,0,0.9955,0.0045
nói xong còn chả dám ăn nữa 😂😂,0,0.9868,0.0132
người trái đất thật đáng sợ mà - _ -,0,0.9941,0.0059
nhớ hồi mình làm đồng nghiệp ghê :))),0,0.9942,0.0058
bếp dầu ngày xưa thật ý nghĩa,0,0.9952,0.0048
có khi nào kết hôn xong nó giết lấy tiền bảo hiểm không,0,0.9914,0.0086
"per như một cú tát vào mặt , đau lòng quá đi",1,0.3084,0.6916
lâu lắm rồi chưa ăn được miếng cơm cháy .,0,0.9869,0.0131
"ước gì con về với mẹ .... đợi mấy tháng rồi vẫn chưa thấy bóng dáng con , mong con vẫn sống ...",1,0.424,0.576
cả ngàn tin nhắn không đổi lại được 1 lần xem :((,0,0.9944,0.0056
cảm thấy sợ mấy thứ suy nghĩ cổ hủ của người lớn :(,0,0.9931,0.0069
để nó vậy không thấy tội sao,0,0.9937,0.0063
nhìn qua ảnh thôi cũng thích =)),0,0.9949,0.0051
con bé xinh ghê,0,0.9924,0.0076
"yep . chính tao . đi vệ sinh thôi cũng phải đảo qua , mà giờ thì người ta sắp đi lấy chồng rồi",0,0.9888,0.0112
cũng dể thương đấy chứ,0,0.9942,0.0058
phải có bao nhiêu tình cảm mới có thể viết ra được những dòng này ...,0,0.9932,0.0068
buồn dễ sợ mà huhu,0,0.9931,0.0069
đẹp trai quá,0,0.9943,0.0057
"trời đụ , tội bé",0,0.9933,0.0067
mang anh này về nhà luôn được không 😻,0,0.993,0.007
gia đình thì không còn . tình yêu thì chưa có gì chắc chắn . 😏,0,0.9897,0.0103
"chơi game :v cấp 2 trộm tiền bố mẹ đốt gần 10tr vào game , cuối áy náy không chơi nữa nên ngồi bán nick được khoảng 2tr cũng gọi là thu nhập đầu tiên :v",0,0.9916,0.0084
bà về nơi phương xa mất rồi . nhưng với tớ bà là người dễ thương nhất trên đời . chỉ muốn ngả vào lòng ngoại nghe kể về những câu chuyện cổ 😘,0,0.9874,0.0126
"anh giờ thích ai rồi , không còn giữ câu nói trước kia nữa đâu nhỉ . ừ gần 1 năm rồi cơ mà :((",0,0.9877,0.0123
nhớ lại kỷ niệm này buồn quá,0,0.9942,0.0058
còn tao thì 14 / 2 này trở đi tao không còn fa nữa mà chuyển sang những người già neo đơn .. kkk,0,0.984,0.016
chả vị nước mắt à 😔,0,0.9932,0.0068
ngưỡng mộ quá đi ạ . chúc 2 ac mãi mãi hạnh phúc như này nha :))),0,0.9952,0.0048
phìm này rất rất hay đôi với ai sống hướng nội !,0,0.9952,0.0048
:v crush có người yêu rồi,0,0.994,0.006
"trên đường tao đi làm cũng có 2 con , mỗi lần chay tới là nó vương cổ ra như kiểu muốn hút tao trong khi tao không làm gì nó , cứ mỗi lần chạy tới là tao cách ly cả "" nghìn mét "" với nó , thấy nó sợ bỏ mẹ . đúng chất con ngang",0,0.9691,0.0309
cầu mong chú có cuộc sống tốt hơn ❤,0,0.985,0.015
thề lun anh ấy rất kĩ thuật lun á,0,0.9929,0.0071
moẹ ! nghe cái tên đã hấp con mẹ nó dẫn lắm rồi đây này ! đjln ??????,0,0.9938,0.0062
được bác ạ !! cứ lấy vợ giàu là được tuốt =))),0,0.9952,0.0048
hên là chay ra kip,0,0.9944,0.0056
per tìm ông bán xoài này ngay cho em 😂😂😂,0,0.9936,0.0064
cười ỉa 😂😂 thây nó thét mà tao nghĩ dọn xong nó đi luôn cái cổ họng,0,0.9918,0.0082
hay lắm cậu bé,0,0.9952,0.0048
có biết bao người có mảnh đời như vậy !,0,0.9911,0.0089
per =)))) đáng sợ vãi,0,0.9944,0.0056
hhaahhaah ! t đã may mắn như thế 😂,0,0.9927,0.0073
maii ban thanh nhung nhớ cái này không hic 😭😭😭😭😭,0,0.994,0.006
uề ... lại li hôn không thành công ... 😂😂. t buồn cười câu này quá per,0,0.9919,0.0081
per thông minh là đây chớ đâu,0,0.9951,0.0049
mai xem lại phim nay . phim rất hay .,0,0.9956,0.0044
khi em nói 2 chữ muốn dừng là nước mắt không bao giờ ngưng . . . đau,0,0.9895,0.0105
đa ́ người yêuc quá ́,0,0.993,0.007
per anh ơi đừng gym nữa . boxing là đụ rùi :((,0,0.9945,0.0055
nhà tao vẫn nấu . à mà lâu lâu tao về nấu một lần thì không cháy cũng nát,0,0.9919,0.0081
tội cho cô gái ;((,0,0.9937,0.0063
có những người đi qua đời bao nhiêu như 1 cơn gió vậy . vô tình nhìn lại . nó lại là quá khứ ...!,0,0.9898,0.0102
"rất dũng cảm , đáng yêu quá",0,0.9951,0.0049
"per ít bửa đi coi , trailer thấy hấp dẫn quá",0,0.9948,0.0052
per kỷ niệm nè !!!,0,0.9947,0.0053
cảm ơn mày đã khai phá cho tao thêm một nét văn hoá đẹp :)),0,0.9952,0.0048
ít nhất con nhện nó còn yêu mày 🙂🙂🙂,0,0.9924,0.0076
người ghép có tâm 😁😁,0,0.9939,0.0061
tao cute mà các mày,0,0.9943,0.0057
cưng ghê,0,0.9898,0.0102
per chán quá,1,0.0267,0.9733
yêu làm mẹ gì rồi phải chia tay người ơi,0,0.9929,0.0071
"ôi những con người dễ bị ám ảnh với quá khứ , ôm nhau cái nào",0,0.9897,0.0103
định tag anh vào nhưng chợt nhớ ra làm gì có anh nào 😑,0,0.9927,0.0073
nhớ không em lời hứa ngày xưa mình bên nhau dưới ánh trăng đã nguyện thề :)),0,0.9933,0.0067
"sau 15 năm cắp sách đi học và 2 , 5 năm không động đến sách thì bây giờ đang tự hỏi đây là gì sao mà giải được . huhu",0,0.9936,0.0064
cay đắng và mặn :(,0,0.9916,0.0084
đm thực tế như này còn hay . tiếc là đéo ở gần mình =)),0,0.9946,0.0054
tuy chưa viết hết nhưng tao người khác sẽ hiểu là viết cái gì,0,0.9943,0.0057
lúc tối mày cũng nằm mơ nèo nhà mày về . ước gì nó là sự thật 😢,0,0.9684,0.0316
per dume đái trong quần,0,0.9941,0.0059
mắt 2 mí dễ thương quá,0,0.9942,0.0058
tuổi thơ tôi toàn gặp những thằng mất dậy và toàn đánh nhau với chúng . tuổi thơ nợ tôi quá nhiều,0,0.9841,0.0159
"nhớ lúc trước có thằng bạn học rất giỏi và đẹp trai , lớp phó kỷ luật lạnh lùng và tàn ác không thương sót ai , ghi hết vào sổ . chỉ riêng mình là có thể giật tập nó để chép bài và đánh nó không thương tiếc mà nó vẫn im lặng , không bao giờ bị nó ghi tên vào sổ . kiểm tra quay phao nó giục bỏ và canh cô đưa bài cho chép",0,0.9914,0.0086
"muốn hun , muốn ngắt , muốn nhéo , muốn tán vào cái mặt nó ghê , yêu vãi ??????",0,0.9917,0.0083
mình làm ở sài gòn gặp nhiều bạn ở miền ngoài nhưng thích nghe nhất giọng ở phú yên nghe hay hay sau ah có ai vậy không,0,0.9939,0.0061
lớn lên sẽ rất đẹp chaiii ??,0,0.9946,0.0054
dễ thương ha,0,0.9944,0.0056
nhưng đảm bảo coi cái nào là cười sặc cái đó :)) vì nó diễn tệ đến nỗi nó hay,0,0.995,0.005
xem cả chục lần vẫn thấy hạnh phúc lây với cụ bà 😊 không biết mai sau mình có được vậy không,0,0.9906,0.0094
cho thơm miếng nào yêu quá cơ,0,0.9951,0.0049
để được maiz ngắm nhìn nụ cười đó nên quyết định chỉ crush mà thôi :3,0,0.9939,0.0061
đối với tình yêu thì thời gian có tác dụng xây đắp chứ không còn là phá huỷ mọi thứ nữa . ngưỡng mộ hai ông bà ❤️❤️❤️,0,0.994,0.006
kinh dị v,0,0.9852,0.0148
hồi nhỏ cứ đi qua chỗ nào mà nhìn từ xa thấy bóng dáng mấy con đuỹ này là chuẩn bị tinh thần chạy chứ nó dí sấp mặt luôn dù mình đéo làm gì nó hết 😂 vừa dí vừa ngoác mỏ hét sợ vãi ra,0,0.9868,0.0132
"em cũng đi lead này , nhưng đừng gọi em là ninja được không , xin luôn đấy",0,0.9916,0.0084
sợ vãi linh hồn,0,0.9538,0.0462
giống ml em tao hồi n nhỏ vãi . muốn ngủ với mẹ nhưng bị tao nịnh nọt bắt lên ngủ với tao :)),0,0.9895,0.0105
ôi vãi mình lên fan cứng rồi cơ 🤗,0,0.9927,0.0073
bé gái đáng yêuc quá :))). dth nữa,0,0.9949,0.0051
hôm nay anh xin lỗi em về những việc anh đã làm hôm nay .. anh không thể kiểm soát não anh được nữa rồi 🤫,1,0.0139,0.9861
từ nay tôi quết định nuôi dưỡng con chim tôi tới già . và tôi mong được unesco công nhận kỳ quan thứ 8 của thế giới,0,0.9911,0.0089
và đó đéo phải là tao =))),0,0.9945,0.0055
ngọt sớt :))),0,0.9939,0.0061
một sinh vật xinh đẹp và hiền lành . tiếc cho nó quá,0,0.9933,0.0067
sau khi bố xem video của con xong thì bố rút ra 1 điều . bố không chỉ chửi con lúc con cầm đũa mà bố sẽ chửi con cả ngày thân ái ... yêu con,0,0.9917,0.0083
đẹp quá v 😍😍,0,0.9943,0.0057
xin đi chơi với bạn ngày tổng kết không cho cứ bắt học miết :)) khá mệt,0,0.9943,0.0057
cảm động quá hjxhjx,0,0.9939,0.0061
cuối ngày hình ảnh của ông bà là đẹp nhất ... chúc ông bà mãi hạnh phúc sống thật lâu lâu nhé 😘😘😘,0,0.9944,0.0056
nhìn đôi bàn tay đã biết phải lao động rồi . chị có lấy trai việt không :)),0,0.9941,0.0059
là crush ông nào thì chạy ra bế vào nhà dễ dàng có người yêu :),0,0.9944,0.0056
ngáo cỏ này đáng yêu nhỉ,0,0.9951,0.0049
ai cũng nói tao đẹp troai . hiền lành nhưng chưa biết lúc tao lên cơn 😂😂😁,0,0.9456,0.0544
nó mới ghé nhà tao đây :)),0,0.9941,0.0059
đái mẹ ra quần,0,0.9937,0.0063
tao ngồi tao khóc 1 buổi ☹️,1,0.0633,0.9367
ra xã hội rồi mới biết mình còn may mắn hơn rất nhiều người vậy nên hãy trân trọng những gì mình có 😊,0,0.9899,0.0101
cưng thiệt chớ ????,0,0.9936,0.0064
ý tưởng hay 😂,0,0.9938,0.0062
nó thả thính xong nó chạy mất ..,0,0.9911,0.0089
đang chán đời cắt tóc xong là chán cái mặt hơn chán đời luôn :((,0,0.9903,0.0097
ai thấy pha cuối phê vãi không,0,0.9945,0.0055
lo cho thang bé lỡ rớt điện thoại xuống nước thì ....,0,0.9939,0.0061
tim vỡ nát,0,0.9682,0.0318
per em hiểu sao anh đưa em quyển sổ rồi nha kkk,0,0.9927,0.0073
bộ phim truyền cảm hứng hay nhất =),0,0.9954,0.0046
"mai tao ăn gà , chụp hình bình luận lại cho mày thèm chơi ??",0,0.9932,0.0068
"theo mình thì không nên vì định kiến xã hội quá khắc nghiệt , họ sẽ bị tổn thương và nghĩ quẩn",0,0.9805,0.0195
"hôm nay ai có vàng bán hết đi , tuần sau mua lại , lời vãi .",0,0.9918,0.0082
ai hát tao cho tao nge bài này chắc tao say quá,0,0.9941,0.0059
thằng đoạn cuối mặc áo hồng đang định gải đít nhưng vì thấy rắn nên anh ấy đã hết ngứa,0,0.9899,0.0101
khoảnh khắc mày nhận ra mày còn đéo bằng 1 thằg nhóc còn trong bụng mẹ :((,0,0.9911,0.0089
đem người đó ra biển cho biển cuốn đi lun .. hihii,0,0.9924,0.0076
hên crush nay ăn chơi lành mạnh,0,0.9949,0.0051
nhiê ̀ u biê ́ n đô ̣ người kha ́ thu ́ vi ̣ =)),0,0.9922,0.0078
nhiều lúc em di từ từ chưa kịp đỗ đã có n ra bảo không được đỗ ở đây chán qúa,0,0.9879,0.0121
phim này là người cha zombie yêu thương con nè . xúc động quá 😢😢,0,0.9943,0.0057
nhìn giống mấy đặc vụ của cia . sợ thế :)),0,0.9931,0.0069
per vậy cug nghĩ ra được haha,0,0.9946,0.0054
có lúc ngồi một mình mà cảm thấy lạc lõng lắm các cậu ak,0,0.8039,0.1961
buồn cười vãi ý,0,0.9915,0.0085
"gắng , nhanh khỏi bệnh rồi về bên anh",0,0.9919,0.0081
per giải trí =))),0,0.994,0.006
nụ cười của tôi thiên thần vãi,0,0.9926,0.0074
per người yêu công sở nè 😂😂,0,0.9942,0.0058
gd năm nay chán,0,0.988,0.012
chúng ta mất 3s để nói yêu nhau vài 30p để phịch nhau phải không nào,0,0.9933,0.0067
phim hay thật nhưng cái kết hơi khó hiểu :v chốt lại là đáng đồng tiền bát gạo :v,0,0.9952,0.0048
em không muốn chúng ta già đi chút nào . điều đó đồng nghĩa với việc cta sắp xa nhau 😔# n,0,0.9749,0.0251
"khi bạn làm con b sẽ khóc , nhưng khi bạn đã làm cha mẹ bạn sẽ thấy đau lòng .",0,0.9903,0.0097
ông trời cho mình lũ bạn cờ hó quá ấy mà :),0,0.9946,0.0054
biết là đau lòng nhưng sao bản thân vẫn muốn biết nó,0,0.9849,0.0151
có duyên nhưng không có phận ... người ở lại vẫn luôn là người đau nhất !,0,0.9908,0.0092
nào tao cũng phải thử =)))),0,0.9947,0.0053
"đỡ mua 5k tiền sổ rồi , kaka",0,0.9952,0.0048
đẹp người đẹp cả giấc mơ 😊,0,0.9946,0.0054
per tao cứ thấy giống giống mày :))))),0,0.9928,0.0072
phận làm con trai haizz,0,0.993,0.007
thà chia tay rồi ghét hận nhau còn hơn là đang lúc dang dở thì mất nhau 🙂,0,0.9885,0.0115
phim xem hay ... nhẹ nhàng tình cảm ... và cười vkl,0,0.9955,0.0045
không thấy không biết lòng không đau,0,0.9911,0.0089
"úi sời , gần chỗ mình này",0,0.9933,0.0067
"từ nay sẽ không cap màn hình ib nưa , thật tội lỗi tội lỗi",0,0.9182,0.0818
uất quá anh ấy cũng phản ứng cãi lại . hì hì đáng yêu quá,0,0.9942,0.0058
hahah tao chưa nghe hoàn chỉnh bài này lần nào,0,0.9939,0.0061
"những người trẻ với tấm lòng nhân hậu , các bạn thật đáng yêu .",0,0.995,0.005
đến năm cuối đại học rồi lúc nhớ lại đéo có gì :)),0,0.9947,0.0053
đm nhậu say gặp cái cầu lol này chắc tao nằm xuống mẹ cho rồi per,0,0.9905,0.0095
là nhìn người ta đi cạnh 1 cô gái mà bất lực không thể làm gì ngoài việc ngồi nhìn và mỉm cười,0,0.6734,0.3266
đoạn phim này tốn khá nhiều nước mắt của người xem,0,0.9925,0.0075
đọc bình luận cười ẻ,0,0.9947,0.0053
t có 2 con bạn thân nó thì cao trọc trời còn tao thì ... . buồn,0,0.9917,0.0083
dẫu hiên ngang giữa đất trời gặp con vợ đểu thì đời cũng xong,0,0.9936,0.0064
"hahaa , đợi em ngủ chút tí ròii buôn :))",0,0.9937,0.0063
t định thả sad nhưng đọc bình luận buồn cười vailon 😂 nên thả hahaa :v,0,0.9936,0.0064
sao nỡ lòng nào khiển trách bác ấy . còn họp kiểm điểm nữa . tội quá .,0,0.9863,0.0137
t gặp quả này thì bỏ xe mà chạy ??,0,0.9941,0.0059
"phải nói là hài tàu hay thật đấy , luôn li kì và khó đoán kết quả , ý nghĩa thì thâm sau . hihi thích rồi đó",0,0.9951,0.0049
"đúng rồi , kiên trì thêm một chút nữa đi ! :v",0,0.995,0.005
ngoài kia ! còn có rất nhiều điều tốt đẹp vẫn còn trên thế giớ này ! hy vọng những điều tốt đẹp luôn diễn ra từng giây phút ..,0,0.992,0.008
đã check rồi lại còn đoán :)) em vui tính giống anh đấy :)),0,0.9947,0.0053
per cảm ơn mọi người . do em thích mấy cái văn hoá tưng vùng để tìm hiểu,0,0.9951,0.0049
bé tí mà đã có múi rồi :))),0,0.9944,0.0056
thấy hơi sợ sợ rồi đấy :(,0,0.9917,0.0083
nhìn lũ trẻ yêu nhau mà lòng già xao xuyến,0,0.9911,0.0089
per hồi ở tam kì hay nghe ... giờ nghe lại buồn ds,0,0.9949,0.0051
"crush đi nhậu rồi say , rồi bị thịt ... hic hic",0,0.9928,0.0072
lùn lùn làm sao sống qua nổi những chuyến đi phiêu lưu như vậy,0,0.9926,0.0074
cảm động người thầy đưa học sinh đi làm hồ sơ 🙄,0,0.9941,0.0059
hôm nay đi qua vẫn thấy nói chuyện thải chảy thẳng ra sông thì bao giờ mới sạch được ... haiz,0,0.993,0.007
tao còn không dám ăn nói chi ruồi .,0,0.9455,0.0545
việc đớn đau nhất . là nhường người mình yêuu nhất cho 1 người khác 😔😔😔. chỉ vì đơn giản không muốn ai phải đau buồn,0,0.9856,0.0144
cách xử lý thông minh,0,0.9945,0.0055
má nó thú dị thôi rồi 😂😂😂,0,0.9895,0.0105
thì đúng là sẽ không buồn vì thất tình nữa :((,0,0.9931,0.0069
sợ vãi tè ăn độc 2 quả mọc luôn 2 cái nhọt ở mông đíu hỉu,0,0.9937,0.0063
"tao thì chưa cắt thì đã đéo có sức hút rồi cắt , bùn vãi",0,0.9939,0.0061
xui thôi chứ quyền đang hay mà 😢,0,0.9936,0.0064
một năm đầy biến động và thăng trầm của nước pháp ☹️,0,0.991,0.009
per nhờ mất bạn nên mình mới biết 😂😂😂😂,0,0.9928,0.0072
chạm đáy nỗi đau 😞,0,0.6114,0.3886
"nhìn một cái rồi thôi , chuyện của những năm trước",0,0.9938,0.0062
không ngờ tin nhắn riêng tư cũng phải kiêng nể nhắn tin để lỡ có bị chụp vẫn thấy chả sao,0,0.9937,0.0063
mỗi mùa trung thu đến nhìn người ta mua bánh tặng nhau mình lại thấy chạnh lòng ! 😞,0,0.988,0.012
t chắc bỏ nhà ra đi khi ở với bố mẹ kiểu này quá . vẫn may bố mẹ tao không hề giống này tí nào,0,0.9903,0.0097
per ơi nhột nhẹ kkkkk,0,0.9926,0.0074
t thề với mày là tối thấy cái này chắc đái con mẹ nó ra quần,0,0.9919,0.0081
dự là 30 mà 30 sợ già quá chả chó nào nó rước . năm nay đã 26 rồi mà vẫn chả ai thèm yêu 😔😔😔,0,0.9889,0.0111
nhớ con gái tao quá :((((,0,0.9924,0.0076
per nhìn mặt cưng gê,0,0.9903,0.0097
mỗi lần chạy xe ngang kv bình chánh là cảm thấy sợ,0,0.99,0.01
còn gì đau hơn,0,0.99,0.01
"mới đây thôi mà đa 3 năm rồi , những ngày chia tay buồn đó :((",0,0.9926,0.0074
các anh chị hãy nói với em đó chỉ là diễn xuất mà thôi . và tình yêu như vậy chỉ có trong tiểu thuyết mà thôi .,0,0.9915,0.0085
nhỏ ngầu lớn lên nhìn bê đi =))),0,0.9948,0.0052
"chia sẻ cho anh em , haha",0,0.9946,0.0054
per đứa nào nghĩ ra được cái qcao hay vãi ...,0,0.9942,0.0058
trời ơi tao chóng mặt quá đi :((,0,0.9904,0.0096
"công ty nào nhận bạn không quan trọng , quan trọng là ai giới thiệu bạn vào công ty 🤣🤣🤣🤣",0,0.9936,0.0064
tao học nhân sự đây còn đang lo thất nghiệp đây này,0,0.9937,0.0063
"mình sợ nhất đến bữa ăn mà bố mình vác cái thớt vào mâm cơm , bố mình biết mình sợ vậy nên mọi chiện giải quyết sau khi ăn cơm xong ,",0,0.9793,0.0207
tôi đã xem đi xem lại 3 lần và xem lại lần hai mới hiểu hết nội dung và thấy hay hơn khi xem lại lần 3 . ai chưa xem hãy vào xem thử 2 lần !,0,0.9944,0.0056
"cả 2 bà đều mất khi mình nhỏ , không hưởng thụ cảm giác này rồi",0,0.9833,0.0167
per được đi thi chưa babe 😂,0,0.9941,0.0059
"cảm ơn cha mẹ đã cho mình hình hài này , xin được khôn ngoan để đừng làm đau người khác",0,0.9915,0.0085
cười lộn ruột,0,0.99,0.01
hôm đấy bổn cung về quê báo hiếu cha mẹ .,0,0.9902,0.0098
"a nói là anh làm ngay đấy , các chú đừng đùa với anh 😂",0,0.9936,0.0064
nếu 1 ngày per theo thằng khác và per cũng có bỏ bạn mà đi thôi huhu,0,0.9912,0.0088
nghe hay,0,0.9942,0.0058
"khi xưa bị rượt 1 lần mà nhớ đời , còn mổ tao nữa chứ 😨😨😨",0,0.9934,0.0066
nó sẽ thì thầm tai mày “ dượng đây “ 🤣🤣,0,0.9926,0.0074
mất bà cái tuổi thơ -.-,0,0.9938,0.0062
"hồi nhỏ đi học phải ngang qua nhà nuôi ngỗng nó dí chạy thấy bà luôn , ngày nào cũng phải cầm cái cây theo . thề luôn tới giờ tao vẫn còn sợ con này khiếp luôn 😭",0,0.9874,0.0126
"má , dume cười ỉa :))))",0,0.9938,0.0062
"per đây là thằng con trai vừa đẹp còn có não , mong per học hỏi ! xin cảm ơn",0,0.9952,0.0048
thông minh vãi,0,0.993,0.007
nhìn mặt là cười phọt rồi,0,0.9904,0.0096
chắc là vì em .. đi lấy chồng 😥,0,0.9871,0.0129
nghe lại bài này thấy chột dạ vãi,0,0.9947,0.0053
dễ thương kinh khủng . bởi vậy mới nói mấy đứa yêu nhau là lầy nhất,0,0.9944,0.0056
khi đã đổ vỡ hàn gắn lại chắc gì đã được như lúc đầu :'<,0,0.993,0.007
ngày xưa mìh cũng thế . dume thấy mấy ông đứng đầu đường nhòm nhòm cũng phải lượn qua cái :)),0,0.9937,0.0063
per ê tao với mày mà đi cái cầu này chắc rớt ngay bước đầu quá 😢😢 đã mặp rồi chân lùn nữa đi qua bằng niềm tin,0,0.9928,0.0072
ae phục vụ ngày xưa của mình đâu rồi . sao thấy thương bạn này,0,0.9942,0.0058
phim chuẩn chưa này =)))),0,0.9947,0.0053
t chỉ muốn khoe là tao vẫn được nghỉ 1 tuần nữa =))))),0,0.9936,0.0064
hi vọng hòa bình ở triều tiên sẽ không còn xa nữa . goodbye ! # per,0,0.994,0.006
có móng tay dài cũng khổ,0,0.9922,0.0078
sau nay em cung uoc duoc nhu vay ❤,0,0.993,0.007
có đứa nào vừa xem vừa sờ tai mình không ? sợ vãi :<<<,0,0.9938,0.0062
"tự nhiên nhớ đến hồi bé , đi kiểu nào cũng bị ngỗng rượt chạy té sấp mặt luôn , nhiều khi nghĩ sợ nó dí hơn sợ mẹ đánh",0,0.9851,0.0149
tao lại sợ mày quá cơ :))),0,0.9924,0.0076
hay bị giật khô trên đó rồi :(,0,0.994,0.006
"phim hay , nhưng mà lần đầu xem là cùng nyc nên .. 😐",0,0.9952,0.0048
"em cũng như con chó thôi , nếu anh đủ kiên nhẫn thì mọi chuyện đã khác rồi 😪",0,0.9884,0.0116
làm công nhân đã khổ rồi mà tụi nó còn nỡ lòng nào hại người ta nhắn tin,0,0.9921,0.0079
ngày trước nấu cơm . đun rơm . đốt được hơn 10p mới nhớ ra chưa cho nước . hỏng cả nổi cơm huhu,0,0.9922,0.0078
lúc ra hà nội ở ngay phố đào tấn mà không biết chổ này 😢,0,0.9925,0.0075
má lỡ té xuống 1 cái tao nói lên tắm 8 năm cũng đéo sạch nữa,0,0.9929,0.0071
tận cùng của nỗi đau 😑😑😑,0,0.9439,0.0561
chuột mà làm như người vậy .. ít hôm nó gặm cả rắn cả dây thì thấy mẹ ..,0,0.9921,0.0079
em này xinh vãi các bác ạ .,0,0.9942,0.0058
ai bảo con trai yêu không nặng tình ? :'(,0,0.9937,0.0063
tao thì ngược lại .. cắt xong nhìn như thằng trốn trại vậy,0,0.9885,0.0115
tên thì tất nhiên nhớ nhưng ngày sinh của tao thì ông bà bô nhà tao không một ai nhớ cả ^^,0,0.9889,0.0111
"nhớ trung thu năm ngoái , đứng nhìn các cặp tình nhân ôm hôn , nắm tay nhau ... chạnh lòng lắm !😞",0,0.9891,0.0109
thôi mày cố lên . đỡ rồi cũng tốt,0,0.9914,0.0086
🙄🙄🙄🙄 tao cũng thích kiểu kể chuyện trước khi đi ngủ . cho đến khi tao ngủ luôn . mà đéo có ai hết . buồn đời,0,0.9891,0.0109
"nhìn 1 cái , cười 1 cái rồi về thôi",0,0.9894,0.0106
thật chứ thấy bạn nam kia cứu con chó không cần nhìn mặt cũng biết đẹp trai rồi 😆,0,0.9917,0.0083
:))) mình sướng mà mình không biết hưởng nhìn lại những mảnh đời bất hạnh mình nguối mặt thẹn gấp 100 lần,0,0.8399,0.1601
oaaaaaaa ...... thực sự rất tạo động lực và niềm tin cho người khác đó < 3 rất thích nụ cười và sự thoải mái tự tin của anh chị < 3,0,0.9945,0.0055
"per nhà giáo áp lực quá nhỉ , giống làm dâu trăm họ .",0,0.8571,0.1429
"thường thì người thuận tay trái sẽ bị bệnh này :v , riêng tao thuận vả 2 tay nên chả sao",0,0.9928,0.0072
trò cười . :v,0,0.9938,0.0062
tội cho mấy thằng đang xoay tiền mua bánh trung thu cho vợ thằng khác ăn,0,0.9923,0.0077
tội thằng per vãi,0,0.9925,0.0075
nhìn con bé thấy cưng ghê chị ơi,0,0.9927,0.0073
tao cũng ước mình có 1 tình yêu như ông bà ❤,0,0.9853,0.0147
đi chơi lụm được tờ 2k rách mua băng keo 5k dán lại tờ 2k 🤔,0,0.9917,0.0083
"các cháu thật tốt , hãy thương yêu mọi người và cả loài vật nhé , may mắn và niềm vui sẽ đến với các cháu .",0,0.994,0.006
per con nhện cản bước bé xuống cầu thang =))))),0,0.9947,0.0053
"chẳng phải chuyện hài nhưng sao tao thấy buồn cười quá , chắc thần kinh có vấn đề",0,0.9905,0.0095
đồng cảnh ngộ :(,0,0.9917,0.0083
con ước mình cũng có 1 tình yêu đẹp như ông bà vậy < 3,0,0.9928,0.0072
per phải nói là hiền quá hiền luônnn 🤣,0,0.9939,0.0061
cô ấy hết thương tao rồi,0,0.9417,0.0583
phải tự cho mình đau lòng nhất thì mới bỏ được,0,0.9892,0.0108
"đang học sử buồn ngủ , xem cái này tỉnh rụi liền =))",0,0.9947,0.0053
thớt là gu của tôi :))) yêu quá hiuhiu,0,0.9948,0.0052
mới có 3 năm thôi mà ... vậy mà chúng ta còn không tụ họp được lần nào cả,0,0.9878,0.0122
đấy mới là điều càn đó . huhu,0,0.9944,0.0056
thanh niên leo lên cao để theo dõi thời tiết để thông báo cho người dân đi cấy thật cảm động,0,0.9944,0.0056
quen với quên rồi thì hết đau thôi mà,0,0.9945,0.0055
"động lực là tình yêu , gia đình là nơi để về hihi",0,0.9919,0.0081
nếu chịu khó đặt vào hoàn cảnh của nhau mà sống thì cuộc sống đơn giản hơn rồi đó,0,0.9927,0.0073
vì bạn chỉ là con trai nắng hoặc em gái mưa thô :(,0,0.993,0.007
"quỷ cái chứ ma đâu mà ma , haha",0,0.9922,0.0078
cười ị :v,0,0.9935,0.0065
"vãi cả phí , có ... 81 tỷ hoy 😓",0,0.9917,0.0083
có lẽ vì vậy nên moi thứ trở nên thật khó khăn lúc này :(((,0,0.9921,0.0079
ai giúp bé với hix,0,0.9943,0.0057
ôi cháu taooo =)))),0,0.994,0.006
chỉ có được cái chữ đẹp . hihihi ...,0,0.9934,0.0066
nhớ đến lại buồn . chuyện tình chúng ta chẳng đi được đến đâu cả,0,0.9882,0.0118
tao lại thích chua lè chua loét chứ :))),0,0.9947,0.0053
dume đêm ròii =))) tao cười vãi tí hàng xóm qua đánh bỏ mẹ,0,0.9938,0.0062
gặp tao cũng thế :))),0,0.9939,0.0061
năm xưa mày cũng ôm gối đứng cửa phòng c như này này per 🤣🤣🤣,0,0.9812,0.0188
"nói chung thánh này không ai ghét được , trừ hlv kkk , dễ thương gắp trăm thằng pogba ,,, mong cho thằng đó nhanh biến khỏi mu",0,0.9921,0.0079
per nhớ cái này không bây kk,0,0.9928,0.0072
"vợ mình cũng thế , mấy lần đắp mặt nạ dọa chồng :v được cái mình chơi game kinh dị nhiều nên đếch sợ =))",0,0.9924,0.0076
vèo cái đã 7 năm 😕,0,0.992,0.008
các mày trốn đi bọn chủ tịch đang đến kìa 😨😨😨,0,0.9921,0.0079
kích thích vãi,0,0.9908,0.0092
tao hiểu rất rõ cảm giác của em ấy ....,0,0.9469,0.0531
cay đắng cuộc đời 😞 một chút vị mặn của mồ hôi nước mắt,0,0.6631,0.3369
cãi tay đôi luôn hahhaa,0,0.9948,0.0052
có hôm tao đang vương nỏ tính bắn vào con họa mi đang đậu trên cành thì ai ngờ nó phản đame đứt thun dội ngược vào mặt từ đó tao không còn chơi nữa,0,0.9855,0.0145
"per hồi nhỏ bị con đỉ này dí lòi lol 😂, bị cắn bầm đen muốn thúi thịt luôn cả tháng hơn mới hết . mà đươ ̣ c cái con này nuôi nó giữ nhà cửa hay , có nó không sợ ma quỷ gì hết",0,0.9904,0.0096
nốt hôm nay thui . thui không ngĩ đến và bắt đầu từ bỏ 1 thói quen,0,0.9947,0.0053
"không biết khuyên thế nào , nhưng chỉ cần bình tĩnh 1 xíu , dù gì thì cũng đừng tự sát , đời người chỉ sống 1 lần thôi ...",0,0.9604,0.0396
"tôi xin nhắc lại , đây là một câu chuyện buồn",0,0.9909,0.0091
chưa cho ba mẹ được gì . vậy có quyền gì mà đòi phàn nàn về những thứ ba mẹ đã rành rụng bao nhiêu năm để lại cho mình,0,0.9887,0.0113
vì tao xấu và chúng nó chỉ thích gái đẹp,0,0.9753,0.0247
năm nào mà tao chã cô đơn,1,0.0097,0.9903
"cũng như đàn ông gục ngã trước cô gái nhiều sắc ! đặc biệt là 50 "" sắc "" thái 😂😂",0,0.994,0.006
tui nhớ anh quá à :(((,0,0.9931,0.0069
tập có lỗi với thằng quay phim mà tao xem ba lần tao vẫn cười đứt ruột,0,0.993,0.007
per mới bắt đầu tuần thánh mà chúa ơii,0,0.9907,0.0093
hiện tại mình chưa người yêu bạn nam nào chưa có người yêu thì lo cua mình đi nhá đến khi mình có người yêu rồi thì đừng hối hận đấy huhu,0,0.987,0.013
hahaa ngọt vãiii :)),0,0.9943,0.0057
vl đánh đòn hic :))))),0,0.9938,0.0062
tôi khóc lun ... huhu,1,0.0266,0.9734
"hồi nhỏ đi ngang nhà hàng xóm con quỷ này dí tao từ ngoài đường vô tới trong nhà tao nó vẫn không tha , ba mẹ tao nghe tao la chạy ra chụp cổ nó quăng ra sân nó mới chịu đi . ám ảnh tuổi thơ 😅😅😅",0,0.9874,0.0126
moá hồi hợp chờ main thắng ai dè thua bởi cái mông huhu,0,0.9911,0.0089
nói thật gia lai nói riêng tây nguyên nói chung xưa nhờ vàng đen '' hồ tiêu ' và vàng trắng ' cao su ' mà người dân có dư cái ăn cái mặt bây giờ thì thua rồi bỏ đi tứ xứ .. một thời,0,0.992,0.008
per tôi đợi ngày nhận thiệp cưới của ông,0,0.9916,0.0084
ngoài mấy cảnh nhảy múa hát hò vớ vẩn ra thì phim hay,0,0.9947,0.0053
đm chơi mất dạy vãi . tưởng khúc cuối là gì dume làm giật mình 😒😒😒,0,0.9942,0.0058
quá nguy hiểm,0,0.9904,0.0096
dume con ế đọc tổn thương sâu con mẹ nó sắc :((,0,0.9934,0.0066
hoá nhện tỏ tình đấy :)))),0,0.9944,0.0056
đây mới là công an của nhân dân việt nam cảm ơn bạn nhiều điều tốt đẹp hơn nhé vanew,0,0.9937,0.0063
per nguy hiểm luôn rình rập xung quanh chúng ta :((,0,0.9899,0.0101
per coi phim này chắc chết luôn trong rạp 😂,0,0.9937,0.0063
per :))) không bù cho nhũng người như cta,0,0.9943,0.0057
ghét nhất mấy loại bép xép thế thôi . nhanh gọn lẹ 😂😂😂,0,0.9945,0.0055
chúng mày có thể bỏ ra 30s thả tim vào avatar coi như lì xì muộn cho tao được không ? chưa bao giờ được 30 tim buồn v . lol 😭😭😭😭,0,0.9926,0.0074
:) đàn ông mà nặng tình vãi lol ra,0,0.993,0.007
sợ ngỗng còn hơn sợ chó :))),0,0.9936,0.0064
per tao thấy mấy ảnh thật đẹp trai,0,0.9939,0.0061
per người đừng hành hạ tuôi như thế nào nữa,0,0.9944,0.0056
còn quá nhiều mảnh đời bất hạnh ☹️,0,0.9326,0.0674
per mệt quá mấy con ơi,1,0.2355,0.7645
cười vui vãi,0,0.9929,0.0071
"ai nói kết có hậu , đầu khấc mất vợ tương lai kia kìa",0,0.9933,0.0067
từ đầu năm giờ chắc chụp 10 lần rồi huhu sợ quá 😭😭😭,0,0.9892,0.0108
"kết mỗi câu ru con ngủ để vợ đắp mặt nạ làm đẹp , 10đ chồng tốt =))))",0,0.9956,0.0044
bếp ga hj hj 🤣🤣🤣🤣🤣🤣,0,0.9923,0.0077
ly hôn cũng phải hoành tráng chứ .. còn phải làm to hơn kết hôn mới được 🤣,0,0.9929,0.0071
chuẩn rồi bác . :)))),0,0.9949,0.0051
gia đình ổn tình yêu không có thì cần gì động lực ... kaka,0,0.9875,0.0125
giờ anh gù lấy đâu ra chỗ ở :'(,0,0.9828,0.0172
hồi đó khoái cái này lắm,0,0.9943,0.0057
"chưa nói chuyện thân thiết quan tâm , mới xã giao thôi đã lầm tưởng rồi ấy chứ , haizz khổ lắm",0,0.9908,0.0092
buồn cười 😂😂,0,0.9924,0.0076
"muốn em vui vẻ đơn giản lắm , chỉ cần bao ăn bao xem phim tuần 1 lần thôi hỡi các đồng nghiệp ơiii 🤣",0,0.9937,0.0063
"còn tao nhé , hơi bị ngon",0,0.9949,0.0051
muốn bảo vệ và chăm sóc người đấy,0,0.9929,0.0071
địt mẹ vừa đi ép lại kính xong giờ tan con mẹ nó cái kính rồi 200k của bà mày đấyyyyy !!!!!,0,0.9918,0.0082
đây là video hay và ý nghĩa 😊,0,0.9955,0.0045
"t thề mỗi lần dọn phòng sn này thì banh kem , pháo kim tuyến . đủ các thứ . khóc mà bụt nó đéo lên",0,0.9907,0.0093
dịch vụ tận tâm . đáng yêu quá ! : x,0,0.9956,0.0044
khoảnh khắc nhận ra đồng nghiệp mình is the best :)) nguyễn ngọc thái hiền,0,0.9951,0.0049
mai đi học mà mình quên cách cầm bút rồi huhu :<,0,0.9944,0.0056
thật đúng đắn khi đã follow page này !,0,0.9943,0.0057
tình yêu lớn lên sẽ mang người con gái ta yêu thành gia đình . family is all,0,0.9932,0.0068
đồng nai mùa chim nướng yên xe kaka,0,0.9938,0.0062
phần này dù xem lại 100 lần vẫn bật khóc tình cha thật phi thường,0,0.9945,0.0055
cũng có nơi gia đình khá giả mới có nó !,0,0.9942,0.0058
cứ mỗi lần có phim hay là xách nhau đi 🤣,0,0.9942,0.0058
tao thề tao rất sợ ma quỷ nên tao rất không dám xem phim,0,0.8365,0.1635
- mấy bạn đừng có đổ mình nữa nha 😞😞. mình ngại lắm 😞🤣,0,0.9887,0.0113
sợ vãi =))),0,0.9935,0.0065
per nguy hiểm quá mày ơi 😩😩,0,0.9927,0.0073
t thì thik cầu này vãi ... kiểu mấy người năng động thì sáng nào đi qua cầu này cũng vui,0,0.994,0.006
khung cảnh ấy cuộc sống đấy mỗi lần được xem yên bình nhẹ nhàng cực ! yêu bạn ấy,0,0.9954,0.0046
"đẹp , dẽ thương mà",0,0.9949,0.0051
"bỏ ghê người ta ngồi ngại đều phải mua nước thoii , ý tưởng hay :)))",0,0.9952,0.0048
mười mấy năm nữa tao cũng sẽ đạt kỉ lục thôi 😂😂😂,0,0.9893,0.0107
thanh xuân là để bỏ lỡ 😔,0,0.9911,0.0089
mấy chị làm chung rất ư là dễ thương luôn,0,0.9952,0.0048
"trượt rồi , còn đâu mà rủ 😞",0,0.9927,0.0073
tự nhiên thấy cảm động hic,0,0.9943,0.0057
ngầu vãi lìn luôn á :))),0,0.9946,0.0054
cay đắng vãi 😌,0,0.9904,0.0096
giờ tao mới nhớ tao đã từng :)),0,0.9924,0.0076
nhìn cái ngành giáo dục việt nam bây giờ ai cũng mệt mỏi,0,0.9402,0.0598
:( cầu chúa ơn nhiều ban bình an cho những người kém may mắn như vậy,0,0.9946,0.0054
moá . vẫn nhớ hồi nhỏ bị ngỗng đuổi . đù má tao mới là đứa bé ngây thơ hồn nhiên thôi mà dume tao sợ tao ám ảnh đến bao giờ huhu 😭😭😭,1,0.1219,0.8781
vk em nó bảo bếp gas các bác ạ 🤣🤣🤣🤣,0,0.9939,0.0061
xem tới đây dume ứa nước mắt 😞,0,0.9945,0.0055
an ủi cũng ghen à :(,0,0.9934,0.0066
không may thụt chân xuống thì sẽ như thế nào nhỉ chắc là thốn đến tận rốn,0,0.9927,0.0073
"per một thời mình ở bên nhau 😘😘😘😘, nhớ ghê",0,0.9929,0.0071
thề chứ .. phim nay xem đi xem lại không thấy chán ... vẫn như mớinxem vậy,0,0.995,0.005
họ đáp vì phép lịch sự còn mình vì yêu mà chủ động vì quan tâm mà hỏi đủ điều ..🙁,0,0.9928,0.0072
hạnh phúc to nè,0,0.9943,0.0057
"thôi xong , biết thế tém tém lại .",0,0.9941,0.0059
"ba cái đồ yêu , 1 ngày 2 lần nấu đây , ngon bá cháy bọ chét nhé , thơm mùi khói nữa …",0,0.9955,0.0045
thân là người yêu mình mong cậu có thể giống được như đôi mặc áo nâu ❤️,0,0.991,0.009
"ngàn cân treo sợi tóc nhỉ , csong mong manh quá",0,0.9931,0.0069
"năm nào cũng đi cho có không khí xuân vậy , không đi thì thấy thiếu thiếu . nhà tao cách chợ 10km",0,0.9895,0.0105
":))) ở đoạn đó hồi năm nhất tao "" được "" họ lấy 100k , vì sáng sớm đem duy nhất 100k trong túi , thế là nộp luôn :))))",0,0.9943,0.0057
dã man quá ..,0,0.9756,0.0244
"èo , ngọt quá đi",0,0.9947,0.0053
per hay xàm xàm mà zui hè,0,0.9941,0.0059
giờ tao mới hiểu được hết những gì mà trước đây đọc bình luận tao đéo ’ hiểu 😂😂😂,0,0.9927,0.0073
không nổi thì mình chìm haha,0,0.9867,0.0133
thật ra cách quét hạt xốp rất dễ mà có thể các bạn chưa biết . đó là . tẩm xăng những chỗ có xốp và đốt 😂,0,0.9941,0.0059
đỡ mua cuốn sổ 5 ngàn =)),0,0.9952,0.0048
chính xác ! nơi làm việc anh em mà đoàn kết với nhau cỡ nào cũng thấy mau hết giờ làm . 😊😊😊,0,0.9948,0.0052
chuẩn luôn khi ở công tình yêu toàn là các anh chị em đồng nghiệp tốt he he,0,0.995,0.005
"cười đấy , sau lưng nó đâm con mẹ nó dao vô hình cho chết mà vẫn sống nhăn răng luôn .",0,0.9847,0.0153
nín đi . sang ngủ với mẹ đi đêm nay anh chông chị cho =))),0,0.9943,0.0057
"1 chút đắng , chút chua cay , với 1 chút ngọt ngào ở đâu đó 😞",0,0.9896,0.0104
hàng nông sản việt nam là thứ bị cạnh tranh và phá hoại nhìu nhất 😣,0,0.991,0.009
kẻ ô điểm lời phê :((,0,0.9944,0.0056
"hòi nhỏ nhà ngoại bị rượt muốn chết , sợ tới giờ 😭😭",1,0.0572,0.9428
người ta chỉ muốn dụ mày rồi xin một trái thận . 😪,0,0.9878,0.0122
nó cưng quá mày,0,0.994,0.006
đứng tim luôn,0,0.9915,0.0085
cười xĩu,0,0.9937,0.0063
tao thề từ giờ đến cuối năm mà tao không lấy được vợ thì tao quyết định sag năm lấy 😊,0,0.984,0.016
nhìn bà cười thấy hạnh phúc quá ❤️❤️,0,0.9915,0.0085
"per làm ở đâu không quan trọng , quan trọng là vẫn buôn chuyện đều 😂😂😂",0,0.9928,0.0072
năm nay được nhận hoa và được ngồi nhìn người ta hạnh phúc,0,0.9926,0.0074
tao muốn mèo nhà tao cũng tìm về được như này 😭,0,0.9931,0.0069
đã đẹp trai còn khôn 🙂,0,0.993,0.007
hi vọng câu chuyện admin vừa bịa ra giúp các bạn có thêm niềm tin trong cuộc sống 😂.,0,0.9945,0.0055
lớp chúng mình rất rất vui anh em ta chan hòa tình thân =))),0,0.9941,0.0059
đấy thấy chưa con người ta khổ như thế,0,0.9918,0.0082
tầm tuổi này . họ không còn những áp lực cuộc sống nữa . mà chỉ còn thứ tình cảm gắn bó với họ từ những ngày khó khăn nhất . ngưỡng mộ và ước được chút phúc đức của ông bà,0,0.9835,0.0165
tạm biệt ông cám ơn tất cả những gì ông đã làm cho vn,0,0.9939,0.0061
per huhu trời ơiii,0,0.992,0.008
lấy ghế ra ngồi thật tuyệt,0,0.9949,0.0051
per không lấy được vợ thì có thể đi tâp gym đêt lấy chồng 😁😁,0,0.9932,0.0068
ám ảnh đến bây giờ 24 tuổi vẫn sợ ngỗng :))),0,0.9933,0.0067
cưng v trờiiiiii .,0,0.9926,0.0074
nguy hiểm lắm,0,0.9721,0.0279
chỉ tại tôi không nói nên không còn cơ hội,0,0.9846,0.0154
anh đã mơ về một ngôi nhà và những đứa trẻ 🤦🏻‍♂️,0,0.9887,0.0113
em ấy còn cười được chứng tỏ em rất mạnh mẽ,0,0.9913,0.0087
tao cũng phải về mở cho mẹ tao coi 😂😂,0,0.9919,0.0081
móng này mày ra uống chữa yếu sinh lý với ung thư ... khá tuyệt !,0,0.9936,0.0064
chuẩn lun,0,0.9931,0.0069
chỉ khổ thân bọn trẻ thôi đau sót lắm,0,0.9793,0.0207
per ngóng cuộc đấu tranh công nghệ này . tq đồng lòng ghê nhỉ,0,0.9919,0.0081
"hành động đẹp chứ sao , đằng nào cũng tiệt kiệm hơn :)) 0",0,0.9949,0.0051
tao đa khóc khi xem phim này 😭😭😭😭😭,0,0.994,0.006
per tao đã làm cho mày đau lòng nhiều lắm ư 🤔,0,0.8957,0.1043
có ai luyện mới được như mình không dạ,0,0.9934,0.0066
cực phẩm luôn kìa,0,0.9943,0.0057
t ngắm người yêu tao cười mà càng ngắm tao càng yêu lúc giận cơ nhìn muốn cắn cho mấy phát tao bị cuồng người yêu rồi cái,0,0.984,0.016
"thề , coi rồi mà xem lại vẫn buồn",0,0.994,0.006
thằng nhỏ mạnh vãi,0,0.9945,0.0055
tao sợ thật sự :(((,1,0.3486,0.6514
lại tạo điều kiện cho mấy chị fa vào thả thính . :)),0,0.9944,0.0056
per haha sao tôi nghĩ tới em liền luôn á,0,0.9906,0.0094
vn là vậy . bn công chăm sóc của tao đổ sông đổ biển .,0,0.9925,0.0075
thật cảm động,0,0.9925,0.0075
có chuyện gì thê bố . bố đừng làm con sợ :((,0,0.992,0.008
per =))) nó kể chuyện buồn mà cười vãi cười =))),0,0.9951,0.0049
m nói chuyện cũng cute ngoan ngoãn cơ chứ tao toàn okay anh =))),0,0.9941,0.0059
"bồ tao cũng đang đi cái này , từ nhà nó lên đây cỡ 2 tiếng mấy và dume nó bảo tao ngủ đi vì nó đi đến sáng :)))))",0,0.9917,0.0083
nhìn vậy nhớ ông ngoại quá 😞,0,0.9942,0.0058
xem lâu rồi giờ xem lại vẫn buồn cười,0,0.9952,0.0048
t không phàn nàn . t sẽ cố gắng giúp bố mẹ có được nhiều hơn 💪💪💪,0,0.9923,0.0077
không biết crush có thích uống nước mắm không để còn tặng nàng chai nam ngư 900ml :)),0,0.9943,0.0057
đáng yêu quá,0,0.9941,0.0059
chính những người như thế họ rất cẩn trọng khi bật xi nhan đấy,0,0.9936,0.0064
lấy chồng như 1 canh bạc . ko hoa . ko lời chúc không gì hết . pải chăng số ta chỉ được vậy . cô đơn quen rồi,0,0.9314,0.0686
mai người ta đi học mai tao đi du lịch ố la la =))))))))))))),0,0.9944,0.0056
bài học rút ra là học cách buông bỏ những thứ không thuộc về mình,0,0.9903,0.0097
có đồng nghiệp đáng yêuc thì sếp có khó tánh mình vẫn cảm thấy vui rất nhiều . nhớ những ngày tháng đéo thèm tăng ca đi ăn bất chấp,0,0.9919,0.0081
"anw , vote cho anh vũ",0,0.9945,0.0055
tự nhiên muốn có con 😐 dume,0,0.9915,0.0085
nhìn con mắt thấy đau đớn . tội em quá ????,1,0.0333,0.9667
chỉ cần sống thật với cảm xúc .. với chính con người bạn là hạnh phúc nhất,0,0.9887,0.0113
xem nà ra chiêu nà gẫy cây nà sấp mặt luôn nà 😂😆,0,0.9946,0.0054
tội cho chàng trai ấy,0,0.9922,0.0078
mỗi lần về quê mà sắp sửa đi qua chuồng ngỗng tao phải cầm cây chổi lông gà mới đi được đấy dume . quơ quơ vòng vòng cho mấy đĩ ngỗng né xa ra rồi chạy thụt lol luôn :=]]]],0,0.9931,0.0069
azz :3 mặt cưng xĩu,0,0.9954,0.0046
"chờ mãi mà không thấy , cứ thấy trống vắng vãi :((",0,0.9919,0.0081
cưng vãi ấy,0,0.9925,0.0075
"nhớ lại ngày đó , làm pg bán giấy , cười suốt ngày , khách chửi cũng cười , mà nhớ thời đó ghê , mới 1 , 2 năm chứ mấy",0,0.9915,0.0085
tôi làm trades . lương tôi không có .. chỉ có thu nhập thôi có tính là cao nhất việt nam không ??? tháng tôi kiếm từ 3000 - 5000,0,0.9818,0.0182
tao ở thanh hà và nhà tao không quả vải nào hết 😂,0,0.9831,0.0169
ước gì có ai để tao tag vào .,0,0.987,0.013
mong ông bà nhiều sức khoẻ . đáng yêu thực sự 😍😍😍,0,0.9944,0.0056
phim này rất hay .,0,0.9951,0.0049
ôi trời nguy hiểm thế,0,0.9872,0.0128
"haha dần dần phải kiềm chế , khắc phục sẽ không đáng sợ không bằng vũ lực hành động mà nói đâu chết đó :)) kaka",0,0.9938,0.0062
sao mình gặp toàn thằng mất dạy hay bắt nạt mình nhỉ ? tuổi thơ bất hạnh :),0,0.9909,0.0091
ước gì ba còn sống để làm điều đó với má . nhớ ba ❤️,0,0.9889,0.0111
tiền cắt tóc như kia đủ mua giày rồi :v,0,0.9946,0.0054
"per đang định đi chụp , thấy cái này sợ quá đéo đi nữa",0,0.9893,0.0107
bt mà tao vẫn lạng lách ở đây suốt,0,0.9868,0.0132
nhiệt tình + ngu dốt là phải trả giá bằng tiền mặt 😂😂,0,0.994,0.006
"má gần nhà có nuôi 1 cặp ngày nào đi ngang nó nhìn thấy nó quay đầu bỏ chạy , con gì mà dữ thấy mẹ hà",0,0.9877,0.0123
bạn trai tao đéo biết giận dai nên không phải dỗ,0,0.9938,0.0062
hú hồn,0,0.9857,0.0143
bò ra mà cười :)),0,0.994,0.006
"ai cho mình xin tên phim với , mình không xem được 😢",0,0.9918,0.0082
per đi tong một năm học ... nhưng vẫn tốt nghiệp ... :(,0,0.9936,0.0064
ngoài ra còn một số cái buồn nữa . không giải quyết kịp thời thì ??,0,0.9935,0.0065
cay đắng đến cùng cực và hạnh phúc đến tột đỉnh . chỉ là mình có quyền lựa chọn nó hay không thôi,1,0.0476,0.9524
ở đâu cho tao làm vớiiiiii,0,0.9935,0.0065
như con đười ươi :)))))),0,0.9935,0.0065
coi mà cái tay nó rung trái tim nó đập sợ cái thằng đó té sấp mặt luôn thì không bình thường họa mi còn hót được không :)))),0,0.9942,0.0058
"ngày em đến anh mất ngủ suốt mấy đêm vì vui sướng , ngày em nói dừng lại nước mắt anh rơi trên đường chạy về nhà",0,0.9464,0.0536
per nhớ ghê á nha 😂,0,0.9928,0.0072
cái tháng học sấp mặt luôn,0,0.9948,0.0052
trên đời sợ nhất mấy con trùn trùn như ri ! nhất là giun đất với rắn !!! đã từng bỏ tiết học sinh học mổ giun đất 😞😞,0,0.995,0.005
hồi xưa còn bị vén tà áo dài nằm lên bàn rồi đánh . chứ quỳ thế này có là gì đâu . giờ mới thấy cảm ơn thầy cô vì hồi đó đã như vậy .,0,0.9913,0.0087
dume nghe kể mà đau cổ họng vãi :),0,0.9946,0.0054
"công nhận lãng mạn thật , nhưng tao đang tưởng tượng cái cảnh động phòng , eo ơi ......",0,0.993,0.007
"per bất hạnh vãi , mà tao với mày đéo tạo được niềm vui :v",0,0.9929,0.0071
nghĩ mà buồn vãi =)),0,0.994,0.006
không biết có ai ở trong ngôi nhà không,0,0.8982,0.1018
dcm . ngày bé tao sợ nhện vãi . xem phim thấy yêu tinh nhện,0,0.9928,0.0072
quá nguy hiểm .,0,0.9858,0.0142
tuổi trẻ tài cao mà :)))))))),0,0.9945,0.0055
"t chẳng muốn phải nói "" suýt nữa thì .."" một lần nào nữa trong đời của nhau nữa đâu ... vì vậy sẽ trân trọng khi người tới .",0,0.9915,0.0085
nam nhân nhà người ta kbh làm tôi thất vọng,0,0.9909,0.0091
per mày này . nhưng mà lúc già sắp chết 😕,0,0.9682,0.0318
cụ bà đẹp lão quá cậu,0,0.9951,0.0049
per không bao giờ quên được hihi,0,0.9927,0.0073
per đúng rồi mình đây =)),0,0.9946,0.0054
năm nay tao không còn cảm thấy cô đơn và mỏi chân nữa ... vì tao được ngồi mát và ăn ké socola of bọn có người yêu 😁😂...# mun 😘,0,0.9902,0.0098
đm quả gật đầu quả quyết vãi 😂,0,0.9928,0.0072
"chuẩn rồi . nhiều khi mệt muốn xỉu , xong đồng nghiệp đùa nhau đôi ba câu hay kể cho nhau vài câu chuyện thế là lại vui trở lại 😂😂😂 đồng nghiệp quan trọng thật sự",0,0.993,0.007
tụi nhỏ dễ thương quá,0,0.9948,0.0052
con bé bị quơ trúng nhìn đẹp như búp bê ấy < 3,0,0.9928,0.0072
thương em :(,0,0.9937,0.0063
nó bỏ mình đi rồi mỗi lần nghĩ tới nó ôi sao mà xót tim gan hơn mất người yêu,0,0.6582,0.3418
tao bắt đầu sợ nó ròi đấy :)) ám ảnh vãi,0,0.934,0.066
nó vẫn luôn hiện hữu xung quanh chúng ta . hãy dùng tình yêu thương đó và cho đi ❤,0,0.992,0.008
thấy tội em thỏ bị ăn đòn tới tấp,0,0.992,0.008
có đủ mọi gia vị :< em thấy vị đắng của sự chua sót quá nhiều :),0,0.9935,0.0065
"năm nào cả sinh nhật âm hay dương mẹ cũng gọi điện cho mình , bà ngoại trên 80 , bác ruột mình đều nhớ hết 😂😂😂",0,0.9884,0.0116
"chán thật , dạo này hồi xuân hay sao đọc mấy cái kiểu này ấm lòng vãi :(",0,0.9952,0.0048
tks admin ... tôi muốn tìm phim này lâu rồi mà không nhớ tên phim ... tks admin nhiều,0,0.9939,0.0061
crush tao mất rồi .,0,0.9906,0.0094
per xem xong hình như tao mới bị thêm bệnh tiểu đường,0,0.9854,0.0146
câu chyện cổ tích thật ý nghĩa 😂😂,0,0.9951,0.0049
"ôi trời ơi , buồn cười quá đi mất 😂😂😂😂😂😂",0,0.9931,0.0069
vui quá ta ơi ......,0,0.994,0.006
"bởi vì anh đã gặp em đúng lúc , đúng lúc đó em đã có người thương ...",0,0.9869,0.0131
"tàn nhẫn thế nào , là khi mình trao họ hết hy vọng rồi họ lại dập tắt đi nó",0,0.9868,0.0132
cỡ nào anh cũng có thể chịu đựng được vì anh yêu em,0,0.9803,0.0197
"thôi em sợ lắm , tha em bác",0,0.9835,0.0165
"sướng nhờ , bên trung chúng nó yêu nhau toàn sống chung . 😂😂😂 toàn richkid :>",0,0.9934,0.0066
ngưỡng mộ mấy cậu vẽ đẹp quá,0,0.9954,0.0046
cảm ơn bạn đã yêu đất nước việt nam tôi,0,0.9932,0.0068
mình sống ảo quen rồi nên đắp mặt nạ cũng đắp bằng app luôn :)))),0,0.9936,0.0064
cuteeeeeee 😊😊😊😊😊,0,0.9912,0.0088
nhưng nó cười với đứa khác không phải mày .... 💔,0,0.9902,0.0098
per c . bị tinh thần đi xem đi 👻,0,0.9556,0.0444
vậy mình xin chúc đk n năm tới không còn cô đơn nữa nha kkkkklk,0,0.9869,0.0131
ấn tượng vãi :v bàn tay vàng trong làng vẩy khế :v,0,0.9947,0.0053
"học xong cấp 3 , ngoài mừng vì được thoát khỏi đó thì không hề có lưu luyến 1 chút nào :))))))",0,0.9941,0.0059
tao đang đi phân khối lớn đây . ai cũng kêu nhìn cá tính vãi 😁,0,0.9855,0.0145
"mới đây mẹ tao giúp tao làm lại giấy khai sinh . mẹ có hỏi "" mày sinh ngày mấy để mẹ làm ""😑",0,0.9876,0.0124
"công nhận , thời xưa bệnh mà cũng vui vãi . :)))",0,0.9951,0.0049
chỉ mong ông trời sẽ bù đắp cho con cháu của họ sau này 😔😔,0,0.9914,0.0086
không biết phải mình lúa không . chứ mỗi lần đi du lịch trước khi trả phòng là mình phải dọn sạch sẽ . cứ nghĩ nhận phòng sao thì trả phòng vậy . bị anh chồng la hoài là vậy,0,0.987,0.013
và tôi đã mất đi 1 người như thế .,0,0.9822,0.0178
nguyễn thị hồng phấn cũng may tao không thấy cặp nao hêtd,0,0.9907,0.0093
per hãy cứ vững tâm tập điều độ rồi sẽ có thôi,0,0.9934,0.0066
úi giời khiếp quá !!!!,0,0.99,0.01
sao tao thấy đa phần mấy đứa con trai cắt tóc xong nhìn ngáo đéo chịu được vậy =))).. cười tét cả hàm chứ đùa,0,0.9927,0.0073
t mà bị như này thì chắc tao chết luôn c ạ 😂😂 per,0,0.9825,0.0175
per thể loại tao thích nè nhưng mày đi coi với tao nha không tao khóc thét rạp,0,0.9908,0.0092
giờ cắt bộ móng đi cái tay vẫn cứ bị phế khó mà phục hồi được,0,0.9787,0.0213
:(( tội bé,0,0.9934,0.0066
thật là một câu chuyện buồn 😌,0,0.9925,0.0075
xỉu lên xỉu xuống :(,0,0.9924,0.0076
vãi linh hồn .,0,0.9886,0.0114
các cháu giờ lợi hại quá :<,0,0.995,0.005
nỗi đau ấy ai thấy giúp tôi,0,0.8336,0.1664
per sau này con bư lớn cũng vậy đó mẹ hahaa,0,0.9896,0.0104
per hồi nhỏ chuyên gia đi ngang nhà hàng xóm là bị nguyên bầy ngỗng nó dí nó rượt chạy khóc la um xùm .. giờ còn ám ảnh 😭,0,0.9906,0.0094
boss dễ thương vãi lúa,0,0.9939,0.0061
cảm thấy mình thất bại :((,1,0.0176,0.9824
bộ phim đầu tiên làm tao khóc thành tiếng,0,0.9933,0.0067
bá đạo vậy chơi sao lại 🤣,0,0.995,0.005
per huhu em không biết phải đi xem phim với ai nữa 😭,0,0.9588,0.0412
gần 1h đêm là con trai mà xem xong nói chuyện mắt vẫn rỡi 😔😔,0,0.9912,0.0088
mấy đứa chân ngắn qua sao,0,0.9936,0.0064
hahahaha,0,0.9904,0.0096
đúng vậy dù có mệt mà đồng nghiệp nhiệt tình vui vẻ là cùng muốn đi hoài,0,0.9922,0.0078
tiếc là chưa thấy cậu cười ngoài đời bao giờ,0,0.9909,0.0091
per tao không gửi cho mọi người . tao chỉ đăng lên facebook cho thiên hạ biết thôi :))),0,0.9922,0.0078
đúng là yêu tới đầu bạc răng long .,0,0.9942,0.0058
vậy là hên rồi,0,0.993,0.007
per bị phạt 10tr à c 🤣🤣,0,0.9909,0.0091
mình còn chưa kịp đến :((,0,0.9932,0.0068
mình không quan tâm giá trị học bổng bao nhiêu . mà tớ q . tâm em đó sẽ dành những gì cho đất nước sau khi học xong thôi . hee . chúc mừng em .,0,0.9916,0.0084
per trailer không có tiếng thôi mà đã thấy ghê rồi đó !,0,0.9931,0.0069
"per chồng xem đi , hài lắm",0,0.9945,0.0055
"cả thế giới biết toau crush mày , còn mày thì íu nhận ra 😐",0,0.9898,0.0102
dễ thở hơn so với đề văn sáng nay 😂😂😂,0,0.9937,0.0063
mèo người ta đi lạc về nó còn nhớ chủ chủ còn được đụng nó còn mèo nhà tao đi tán trai có mấy tháng về nhà thấy chủ như thấy ma 😌😌,0,0.9859,0.0141
"ôi vãi , mày thật bất hạnh vì có lũ bạn như thế",0,0.9926,0.0074
:))) đồng nghiệp đáng yêu,0,0.9953,0.0047
gần nhà tao lại chẳng còn sót lại anh nào huhu,0,0.9889,0.0111
cảm ơn các anh tình nguyện viên .,0,0.9933,0.0067
hồi xưa tao bị tiêu chảy kèm ho đã sợ vãi . giờ ho không thôi cũng sợ nhỉ . ??,0,0.9816,0.0184
hoá ra chúng ta không biết nhiều về tình yêu như ta vẫn nghĩ 😢,0,0.9904,0.0096
nghe bài này đau lòng quá mà,0,0.9951,0.0049
đáng yêu mà sợ gì,0,0.9948,0.0052
còn tệ hơn năm ngoái,0,0.9922,0.0078
gần thôi :))) giờ nhìn lại đề thi và không hiểu sao mình ra trường được :))),0,0.9944,0.0056
có một sự tổn thương không hề nhẹ ở đây,0,0.9897,0.0103
"học chán phèo , chả có gì đáng nhớ",0,0.9688,0.0312
tao thấy dễ thương màaaa,0,0.9937,0.0063
"mình theo dõi mấy nick quân nhân , tập trận , pccc ... hay vãi luôn á .",0,0.9921,0.0079
sau khi có vợ anh per đã có đồ giả gái xinh và tinh tế hơn 😆,0,0.9936,0.0064
giận ngược lại rồi giận luôn chứ có huề đéo đâu :(((,0,0.9929,0.0071
ấm lòng vãi huhu,0,0.9913,0.0087
per cười đau bụng luôn 🤣🤣,0,0.9939,0.0061
"mình thấy sợ mấy con rắn quá trời , mà cái gì mình sợ là mình hay muốn tiêu diệt -))",0,0.9886,0.0114
đợi chúng nó đang ăn lấy xe cứu hỏa phun nước ôi tao hình dung ra cảnh đó thật tuyệt,0,0.9917,0.0083
ba mẹ tao chửi tao tao chỉ biết câm họng và bưng tô cơm ra chỗ khác vừa ngồi ăn vừa khóc một mình cho dù biết răng mình k có lỗi 😭😭 !?,1,0.019,0.981
dạ đây là chị gái em nha không phải chồng đâu ạ người trong hình là em huhu ?,0,0.9908,0.0092
đoạn cuối yêu mún chết,0,0.9891,0.0109
"tao buồn quá , tao đang khóc !!!",1,0.0173,0.9827
per đây là chúng mềnh 🤪🤪,0,0.9923,0.0077
per đóng vai chính đúng xuất sắc lun,0,0.9948,0.0052
ngày xưa mừn cũng hay thế lắm .,0,0.9947,0.0053
má hồi xưa về ngoại chơi đi đường bị nguyên đàn yêu nghiệt này dí chạy té đái giờ vẫn sợ bọn nó 😨😨😨,0,0.9914,0.0086
😑 sao cái kết gì mà buồn vậy,0,0.9908,0.0092
tuổi trẻ tài cao là đây,0,0.9944,0.0056
đùa ... cảnh sát việt nam tài thật . vụ gì cũng bắt trong 48 giờ,0,0.9941,0.0059
"ôi đời vẫn là chịu không nỗi đời mà , chán",1,0.1306,0.8694
sợ con này lắm :((,0,0.985,0.015
rồi lại im thôi . 200k hay 5tr thì cũng vậy,0,0.9914,0.0086
nghe mãi mà vẫn thấy hay,0,0.9951,0.0049
"gập đúng người mà mình muốn thương , muốn yêu , muốn chăm sóc . nhưng thật tiếc khi trong tay vẫn chưa có gì",0,0.9896,0.0104
tới lúc chia tay rồi khóc :(,0,0.9913,0.0087
"có lần tao thổi cơm không đổ nước lúc khét mở vung ra mới biết , làm đánh đít xong cả tiếng trời không hết",0,0.9935,0.0065
bố mẹ cho ta đx tồn tại trên cuộc đời này biết nhận thức thì tự đi lên từ đôi tay của mình nhé 😘,0,0.9925,0.0075
per nhớ bột mì chiên huhuhu,0,0.9945,0.0055
chắc hẳn trước kia em bị đối xử tồi tệ lắm nên mới vậy :(,1,0.4259,0.5741
chuẩn luôn :)),0,0.994,0.006
"giờ bà già lắm rồi , nhổ sợ hết tóc , nghĩ tao lại thấy buồn quá 😞😞",0,0.9286,0.0714
như kiểu người yêu luôn ấy =))) nhẹ nhàng,0,0.9949,0.0051
chạy xe hơn 40 ' chỉ để chạy ngang chỗ crush làm nhìn 1 cái rồi về :) đến giờ vẫn vậy cứ rảnh là chạy vô nhìn cái rồi về :),0,0.9926,0.0074
đừng ai lấy cả hộp kẹp của anh ý nhé :(((,0,0.9946,0.0054
cuối cùng là hai mình ăn được ngủ được :))) đứa nào cũng lên vài kí,0,0.9934,0.0066
haha mắc cười quá ... nhưng thật chúng mày là tao rất sợ rắn ...,0,0.989,0.011
yêu nghề chuẩn mẹ rồi,0,0.9937,0.0063
"tao khuyên mày , bật lên mr . siro lên mà nghe , đời sẽ vui vẻ hơn =))",0,0.9948,0.0052
per chị ơi còn học được cả tiếng anh nữa luôn này :v hịn quá,0,0.9954,0.0046
"mới xem 1 đoạn xíu này mà cũng khóc hết hơi , nhìn em bé mất bố mà quay ra nhìn lại con mình đỏ hỏn nằm bên cạnh , thấy thương quá 😭",0,0.9849,0.0151
xem đi xem lại mà khóc sướt mướt 😭😭😭,0,0.9891,0.0109
t nhớ tao đang xem xxx thì chưa cắm tai nghe 😭😭😭,0,0.9928,0.0072
< 3 chuyện lạ có thật :))),0,0.9947,0.0053
ông thần nhây vãi đái 😂😂,0,0.9904,0.0096
nói chung là ai nào buông tay thì người chết vẫn là mấy đứa con gái như tao 😭,0,0.9922,0.0078
mày định lướt qua rồi nhưng khi đọc bình luận của các bạn và xem kĩ lại thì mày đã rớt nước mắt 😭😭😭.... người cha thật vĩ đại,0,0.9907,0.0093
câu chuyện vui ha =]],0,0.9946,0.0054
tao cũng muốn học vẽ lắm :( cơ mà không có điều kiện để đi học,0,0.9802,0.0198
21 năm chưa crush ai thì có gọi là ế thâm niêm không hả các bác,0,0.991,0.009
em đừng đi tập gym em nhé . bth em đã mê trai lắm rồi . em mà đi tập nữa chị không biết em như thế nào luôn 😢 per,0,0.99,0.01
giòi béo lắm :)),0,0.9939,0.0061
lũ kiến ở nhà mày thích vậy .,0,0.9942,0.0058
thích bài này lắm lun . thuộc lun,0,0.9953,0.0047
dù chỉ là 1 cây bông nhưng nó là tất cả tình yêu của ông dành cho bà ❤❤❤,0,0.9913,0.0087
"per đấu nhau to rồi , phen này hay",0,0.9948,0.0052
chạy ios cho máu 😂,0,0.994,0.006
nấu mì 2 tôm là vô địch,0,0.9953,0.0047
nghe thấm câu vàng trắng nhưng thực tế là trắng tay thôi nghe mà buồn,0,0.9938,0.0062
ngồi suy nghĩ 1 hồi xem trái hay phải rồi mới nói được . khổ vãi mà !,0,0.9926,0.0074
nghe kể mà thèm ạ :'(,0,0.995,0.005
cầu trời phật cho đại gia đình con sức khỏe !,0,0.9922,0.0078
xem lại quá nhiều lần đến nỗi không nhớ nổi . vì phim quá hay và ý nghĩa .,0,0.9953,0.0047
t tin crush của tao không bị thịt vì tao đéo crush ai cả =)),0,0.9939,0.0061
hôm qua xem cười lộn ruột,0,0.9945,0.0055
và ông đã có nỗi buồn mới thay vì buồn thất tình,0,0.9855,0.0145
giá mà có ai để giận :v,0,0.9944,0.0056
ngộ nghĩnh nhỉ ! lạ lờ nhỉ !,0,0.9941,0.0059
lúc thì cuốc đất è cổ ra không có giun mà câu cá 😒,0,0.9948,0.0052
"còn giữ 2 cái đĩa cổ này luôn á , ghê hông",0,0.9952,0.0048
có 1 đứa hợp tác vậy là cũg quý hoá quá rồi,0,0.9936,0.0064
tao đã đóng dấu cấm đứa nào rớ vào =)))),0,0.9935,0.0065
nguy hiểm vãi chưởng luôn ý,0,0.994,0.006
em tìm link phim mà sao nó ra phim khác chứ không phải phim này zay mọi người 😞,0,0.9951,0.0049
24 tuổi thấy đời đắng và khá mặn,0,0.982,0.018
per coi phim này chắc chết luôn trong rạp,0,0.9939,0.0061
bán hàng online hồi năm cấp 3 :))) tháng hè ấy đi quanh hạnh phúc để giao hàng với bố . được lãi 4 tr :)))),0,0.9952,0.0048
cười sái mẹ quai hàm,0,0.9916,0.0084
"cần gì xa hoa đâu , thế này là hạnh phúc , thấy thương và ngưỡng mộ ông bà quá",0,0.9931,0.0069
bài nhạc hay khi nó đúng tâm trạng ... nhạc hay !!!!!,0,0.9957,0.0043
thế là dấu ấn lịch sử và hình tượng thằng gù nhà thờ đức bà của nước pháp đã thành tàn tro :(,0,0.9945,0.0055
"cậu ấy tán tôi , tôi từ chối . thế là từ đó chúng tôi đéo làm bạn được nữa !!!",0,0.9901,0.0099
"bánh tráng trộn năm đó ở roai ờ ti , ruột đau như cắt nói chuyện mắt đầm đìa đền thg dưa gang cốc dưa hấu kem chi per",0,0.8481,0.1519
như chết đi sống lại 🙂,1,0.0338,0.9662
ai chưa xem thì nên xem 1 lần đi . đảm bảo không phí 3h đồng hồ của các bạn 😃,0,0.9946,0.0054
đáng yêu vậy =))),0,0.9951,0.0049
độc mà lần nào đi viện cũng bắt chụp 😭😭,0,0.9936,0.0064
từ bé đến giờ mình chưa bao giờ xếp được 1 cái rubic nào thế mà cu nhóc kia xếp xong trong vài giây ! xấu hổ quá,0,0.9929,0.0071
nếu ai cũng có ý thức tốt đẹp thì đất nước này còn gì để nói . đâu có ai hoàn toàn hoàn hảo đâu bạn . dù là moi tần lớp,0,0.9935,0.0065
mày xinh thế ? tao ốm tí đã xấu hoắc,0,0.9899,0.0101
một cái tết nhiều tiền,0,0.9931,0.0069
per cách này coi bộ hay nha 😂,0,0.9954,0.0046
đừng có thấy 6 múi mà ham nha nha 😂😂,0,0.9932,0.0068
cái ông aamir khan đóng phim nao cũng hay và ý nghia het,0,0.9944,0.0056
ở đâu cũng có người tốt nè anh kkkk,0,0.9946,0.0054
lại mưa 😞,0,0.9891,0.0109
xong là phê lắm mày,0,0.9935,0.0065
bên aeon hay thật đấy =))))),0,0.9948,0.0052
không có bạn trai ... thì giận ai 😑😑,0,0.9912,0.0088
chia buồn cùng khổ chủ,0,0.9897,0.0103
"quan trọng là lòng tin , bạn bè mình một số người mình đã mất lòng tin thì đừng bao giờ nói chuyện tiền nong . khâm phục anh",0,0.9941,0.0059
thật khó để có cả 2 khi chúng ta còn trẻ :),0,0.9945,0.0055
phim ấn thì của lão amir khan là hay vol,0,0.995,0.005
ừ mỗi lần thế lần buồn kinh lắm mày ạ,0,0.9878,0.0122
cảm ơn . anh .,0,0.993,0.007
per kết truyện chất ghê :)))))),0,0.9949,0.0051
chúng mày đã bao giờ bị hất cả cốc nước vào mặt vì mặt không bao giờ tươi cười niềm nở chưa ?,0,0.9868,0.0132
t đã soi gương suốt ngày chỉ để gặp crush và ngắm nụ cười tỏa nắng của nó,0,0.9867,0.0133
chẳng đủ dịu dàng để níu bước chân anh,0,0.9909,0.0091
rủ được crush đi thì không cần qua đây nữa rồi admin ưiiii :(((,0,0.9943,0.0057
per nghe lại buồn vãi,0,0.9938,0.0062
"bọn nó nhỏ mà đã có người yêu , còn tao thì ế :((",0,0.9902,0.0098
"người đàn ông ốm đau nói với vợ mình :” ở lại với anh ” rồi cầm tay bà . đó là tình yêu , vỏn vẹn 20 năm ngắn ngủi . tình yêu bố dành cho mẹ",0,0.9889,0.0111
tao ám ảnh việc lau sàn,0,0.9889,0.0111
ra chỗ khác sóng không tới viết đi cậu :((( nhìn buồn vãi,0,0.9929,0.0071
nhói lòng lớp tôi,0,0.9917,0.0083
nhìn ma tiếc từng hạt trân châu,0,0.9934,0.0066
năm nay vào quán net ngồi cho đỡ phải nhìn .....☺️,0,0.9933,0.0067
per sợ ghê bây .,0,0.9889,0.0111
tao coi xong tao khóc .,0,0.9783,0.0217
tao nhiều tài lắm .. nhưng tài sản còn cái mạng què và đôi tay trắng 😭😭,0,0.9929,0.0071
"per 😥 cảm thấy tội lỗi quá , từ nay không chụp nữa thiệt luôn",0,0.9197,0.0803
đã biết là thế nhưng không còn cách nào khác :(,0,0.987,0.013
chưa bao giờ bắn trúng 😬,0,0.9933,0.0067
đăng khoa lê lò dầu của mẹ nè anh 😘😘😘,0,0.9945,0.0055
per phim này thấy trailer hấp dẫn ghê 😁,0,0.9947,0.0053
bó tay luôn á,0,0.9917,0.0083
"hai đứa chia tay , tao nhảy vào .",0,0.993,0.007
thương nhau còn chả hết dỗi nhau làm chi 😂,0,0.9928,0.0072
"ôi thôi , cưng quá :v",0,0.9946,0.0054
đó là một câu chuyện buồn,0,0.9922,0.0078
"động lực là lo được cho gdinh , tự chủ bản thân",0,0.9901,0.0099
"buồn cho những ai thờ ơ , vô cảm trước một sự việc như thế .",0,0.9848,0.0152
cuối cùng tao cũng được xem hết mấy cái video mà trước đọc comt đéo hiểu gì 🤣🤣,0,0.9929,0.0071
đọc tin nhắn đầu thấy cay cay ngay mũi,0,0.9908,0.0092
chỉ dân đen là khổ thôi . chả trách được họ khi cố gắng đi tìm may mắn ở nơi chùa chiền,0,0.9928,0.0072
tinh trùng của người ngoài hành tinh thật đáng sợ 👏🏻👏🏻👏🏻,0,0.9907,0.0093
haha :))) nãy giờ mấy tiếng rồi mà các bác vẫn còn căng :))),0,0.9945,0.0055
chút mua ... hehe,0,0.995,0.005
ra sông mò đồng xu cùng ông anh hàng xóm được khoản kếch xù :))),0,0.9946,0.0054
cái chứng minh hình kia dễ vãi . cứ vẽ hình lên bài xong người chấm điểm người ta thấy là biết chứ sao :)),0,0.9949,0.0051
thế này lại thành xây nhà cho nhà hàng xóm rồi 😰,0,0.9943,0.0057
tôi từng trách bố mẹ sao sinh tôi ra trong hoàn cảnh này,1,0.438,0.562
em xin lỗi anh,0,0.9882,0.0118
"đến cả khi nó nói thích mình , 1 phút sau nó lại nói chỉ trêu . mệt mỏi",0,0.6088,0.3912
mày nói thôi mà tao nghĩ cũng thấy buồn rồi :(((,0,0.9931,0.0069
tao ghét và tao sợ nó,1,0.0488,0.9512
buồn hơn thế là đối với 1 đứa con gái năm lần bảy lượt chủ động ib họ nhưng vẫn bị xem thường ... xem mà đéo rep ... hết thương là vậy ... 😞😞😞,0,0.9916,0.0084
đúng là nói thì dễ hành động không bao giờ làm được ))),0,0.9944,0.0056
add cứ khoe đi . mai lại chặt hết như nguyễn trãi mà 😂😂😂,0,0.993,0.007
cả một bầu trời đáng yêu :))))),0,0.9947,0.0053
đến câu nào có đáp số quen thì khoanh :)),0,0.9947,0.0053
hoan hô . công nhân đâu phải trẻ mầm non,0,0.9938,0.0062
hỏi sao bác sĩ hay bị người nhà bệnh nhân chém :)),0,0.9941,0.0059
per nguy hiểm vãi,0,0.9923,0.0077
nhìn thôi cũng đau lòng :)),0,0.9937,0.0063
tao bị quỳ cột cờ mới ác . cả trường biết mặt luôn . nhục vãi,0,0.9896,0.0104
per sau hôm sinh nhật là có cái này . ngon vãi,0,0.9952,0.0048
per đúng chất em lun hâha,0,0.9936,0.0064
thích mấy đứa này,0,0.9941,0.0059
viết tên anh trên cát cho sóng đập nát cái matlon anh :)),0,0.9942,0.0058
"má .., ruồi bay qua táp chết tươi :)))",0,0.9941,0.0059
"tao có một nỗi sợ khác cũng khá giống con yêu tinh này đó là con yêu nghiệt ngan đực :3 con này thành tinh hung ác vãi_chưởng , đi ra vườn đéo làm gì nó , nó cũng rượt mình . đậu ! đó là tao kể ngày bé thôi =) chứ lớn lên tao biết vơ cây củi theo để đi ra vườn rồi =))",0,0.9911,0.0089
"ai mang đồ ăn cho anh ấy đi , kẻo đói tội nghiệp",0,0.9932,0.0068
vì mình chỉ là giờ giải lao trong một hiệp chơi chính của họ,0,0.9923,0.0077
sắp có thực đơn món mới 😍,0,0.994,0.006
tình yêu cha mẹ dành cho con cái là vô điều kiện . mình đã khóc,0,0.9216,0.0784
cơ mà tao bị thần kinh thật,0,0.9812,0.0188
hay cực,0,0.9931,0.0069
má tao coi mà cứ sợ nó bay ra 😌😌,0,0.9898,0.0102
hãy cười thật tươi để cho cuộc sống của bạn trở nên thật tuyệt vời 😁,0,0.9925,0.0075
hơi bị nhanh trí :)),0,0.9945,0.0055
thô nhưg thật :)),0,0.9934,0.0066
nhớ lúc trước tao cũng có học quyền và múa tứ linh đao bay thẳng vào trán . :),0,0.9928,0.0072
còn chả có ai nói chuyện thân thiết quan tâm đến tôi :<,0,0.979,0.021
tao cũng có 1 con đi lạc 1 tuần xong nó về bắt cho tao 2 con chuột làm tao mất ngủ xong hôm sau nó đi tiếp 😞 tao mong nó về lắm 😞,0,0.9733,0.0267
"hôm nào đi học về cũng phải đi qa , nhà nuôi lũ này ở đỉnh dốc , đi học về tới chân dốc thôi là nghe lũ quỷ đó đứng đầu dốc đón đường bọn tao rồi . méo đạp xe lên dốc nổi , dắt xe lên dốc mà muốn vứt mẹ cái xe đạp để chạy lấy thân cho rồi :((",0,0.9888,0.0112
dễ thương quá,0,0.9937,0.0063
dm ông cầm cam cho cẩn thận vào tôi cũng muốn ngã mẹ nó rồi này,0,0.987,0.013
con nào cũng là con nhé . con trai tao tập từ nhỏ đã biết tự lo và phụ mẹ rồi :)),0,0.9942,0.0058
người ta thật thà phết,0,0.9934,0.0066
bị từ chối rồi,0,0.9845,0.0155
ngày xưa cũng vui lắm mà giờ mỗi đứa 1 nơi rồi,0,0.9867,0.0133
nghe tình vãi =)))),0,0.9944,0.0056
"3s để tôi nói tôi yêu em và cả quãng đời còn lại để tôi chứng minh lời tôi nói :"" tôi yêu em """,0,0.9816,0.0184
mình bình luận chủ yếu muốn khoe mình là fan cứng thôi :)) các bạn không cần để ý,0,0.9937,0.0063
"gặp một nhà nuôi 1 con chó với 2 con ngỗng , trời ơi chưa kịp vào nhà , con chó còn chưa sủa mà con ngỗng đã đuổi chạy vắt chân lên cổ rồi :'( nhục",0,0.9914,0.0086
câu chuyện của mày làm tao buồn quá,0,0.9894,0.0106
"per này , thích thì xem cho đã con mắt đi 🙁 đáng sợ quá mà",0,0.9946,0.0054
mau khoẻ nhé :d,0,0.9947,0.0053
công nhận chữ đẹp . 🤧,0,0.9946,0.0054
nhìn mày thế kia đến tao còn thích ngủ cùng huống gì em mày,0,0.9802,0.0198
"thiện tai , thế giới này khi nào mới được yên bình",0,0.9932,0.0068
làm tao liên tưởng đển phượng hoàng cổ trấn :))),0,0.9945,0.0055
tiền nhiều để làm gì ? để rồi lại chia ly,0,0.9935,0.0065
điềm báo gì đây,0,0.9936,0.0064
per huhu mất đi đồng nghiệp 😭,0,0.9927,0.0073
chẳng những hư xe mà còn bị phạt nặng nữa,0,0.9929,0.0071
nhất là lúc 16h chuẩn bị đến giờ đá bóng . chất rơm đầy bếp cho nó mau chín 🥰🥰 yêu quá thời đó,0,0.994,0.006
bắt ve cho nó điiii . trông khổ quá,0,0.9926,0.0074
khi nào mình già rồi cũng như v nha per kkkkkkkkkk,0,0.9815,0.0185
những người có tài như này công nhận giỏi,0,0.9954,0.0046
😞 đó sẽ là những kỉ niệm thật đẹp,0,0.9946,0.0054
tao bị biến dạng luôn một tay,1,0.2093,0.7907
chời má . ngọt chết tao rồi :)))))),0,0.9941,0.0059
chạy ngay đi 😱😱😱 sợ quá .,0,0.9884,0.0116
"nhìn cảnh 2 bố con hôn từ biệt , em bé cũng rướn mặt theo hôn bố mà chảy nước mắt , em bé như thế chắc không biết diễn , đúng là cảnh đẹp quá",0,0.9891,0.0109
rất tiếc em vẫn chưa gặp được anh :((((,0,0.9918,0.0082
"e ấy đang khóc , nhưng vì hàm răng không thể thụt vào nên mọi người nghĩ là em đang cười :))))",0,0.9878,0.0122
per thì tốt nhỉ quá đỉnh luôn ... nhưng không biết được trọng dụng không nữa buồn quá,0,0.9932,0.0068
"cấp 3 , đáng tiếc nhất trong thời học sinh ^^",0,0.994,0.006
đm nhìn ngầu vãi,0,0.9923,0.0077
em đang ở đâu mà mấy năm rồi chưa thấy xuất hiện :),0,0.9835,0.0165
phải chi có người để giận mình nhỉ :(((,0,0.9936,0.0064
dễ thương vậy,0,0.9939,0.0061
vào sg 50k / không cũng mua . 100k / không cũng mua ! ha ha,0,0.9943,0.0057
"tao cũng là người cuối cùng ra khỏi căn phòng ấy , ngắm nghía lần cuối rồi rời đi , khép lại 3 năm đẹp nhất của đời người . tao không khóc nhưng trong lòng rối bời , muốn ôm hết all vào mình .",1,0.4219,0.5781
14 / 2 năm sau tau sẽ là ông già cô đơn ....,0,0.9638,0.0362
"ra đi là lựa chọn đúng , ở lại incheon để gánh team làm gì cho mệt ra lại bị tiếng xấu .",0,0.9896,0.0104
"ôi dume giật nảy mình , tí thì rơi điện thoại",0,0.9924,0.0076
hiện tại cảm thấy hạnh phúc khi môi trường làm việc toàn người lầy ....,0,0.9898,0.0102
k cần biết nội dung ... nhìn mặt con bé thoy muốn cưới về cho con trai mình ngay rồi 😂😂,0,0.9907,0.0093
vụ này chắc xử nhanh hơn vụ trong thang máy .... 😂😂😂,0,0.9941,0.0059
"đặt mình vào vị trí của nhau , biết lo lắng suy nghĩ san sẻ cho nhau vậy là đủ rồi . có quá khó không ?",0,0.9909,0.0091
per mã mẹ biết hôm qua quay video sớm hơn ự,0,0.9944,0.0056
"cả phim trừ anh dv chính ra thì thấy anh này là đáng yêu nhất , dù nhìn hơi hâm hâm tý",0,0.9944,0.0056
may mà không mua laptop này không thì ăn lìn lâu rồi :(,0,0.9938,0.0062
câu chuyện của em làm anh cảm động quá …,0,0.9938,0.0062
ý tưởng hay,0,0.992,0.008
"xem mà đau lòng , đau lòng nhưng vẫn xem :((((",0,0.9944,0.0056
con dựt gái đây sao hahaha,0,0.9937,0.0063
thế hóa ra nguy cơ trầm cảm của tao cao lắm,1,0.0075,0.9925
có ai thừa biết nó sẽ nhảy vào điện thoại nhưng cuối cùng là vẫn giật mình không 🤣,0,0.9928,0.0072
per nghe chưa nhân viên mới ... kk,0,0.9942,0.0058
đáng yêu vãi =))))),0,0.994,0.006
nó bể 1 phát lúng tới cổ dume tởn tới già,0,0.9926,0.0074
cảm ơn những người thả 😡 nên mình biết là đéo hay nên mình đéo xem . may vãi,0,0.9939,0.0061
đồng nghiệp nhắng nhít nhất hệ mặt trời =))),0,0.9946,0.0054
giống thằng này vãi :))),0,0.9941,0.0059
lò xo chắc giờ không còn nữa rồi,0,0.9769,0.0231
đơn giản là thấy họ cười 😂😂,0,0.9918,0.0082
hú hồn lon vẫn còn,0,0.9929,0.0071
"diễn còn cứng quá à , kiểu biết rồi mà còn giả bộ bất ngờ :))",0,0.9951,0.0049
công nhận nó phê như vậy thật 😂,0,0.9943,0.0057
per đã hiểu sao hè năm ngoái có quả lịch học vãi chưa =)),0,0.9949,0.0051
chúng ta nói với nhau nhiều quá nên bao giờ không còn gì để nói với nhau 🙂,0,0.988,0.012
hôm ấy tao chân ướt chân ráo từ quận 6 lên quận 3 cũng rẽ trái đoạn ntmk và cmt8 . mất 3 lít :( khôn hẳn ra,0,0.9903,0.0097
rồi mấy đứa chân ngắn đi chắc dập người hết . bay qua sao nổi =)))),0,0.9942,0.0058
vui tính tí cũng khó cơ,0,0.9946,0.0054
"dân vũng tàu có khác , toàn người nhân cách cao",0,0.9944,0.0056
"dăm ba cái thể hiện tình cảm này ngày xưa tao đầy , nhưng từ ngày cưới xong đi qua đường chắc chồng tao rơi mất não nên chưa thấy lặp lại bao giờ . 😌",0,0.9929,0.0071
chưa kịp đặt chân đến chiêm ngưỡng nó ...,0,0.9849,0.0151
per thế đéo nào mình chơi với toàn gái mà tính vẫn giống con trai . _ .,0,0.9922,0.0078
đã sợ rồi .. cố gắng hí mắt để xa ra để coi như thế nào .. khúc cuối hết hồn dục luôn cái điện thoại :))),0,0.9912,0.0088
per xem đi haha,0,0.9946,0.0054
chỉ mong có người đến cuối đời vẫn yêu mình như ngày đầu tiên ❤,0,0.9835,0.0165
per viêm màn túi cấp nghiêm trọng,0,0.9937,0.0063
chiều mưa hứa tự sẽ tự đi mua đôi giầy mới 😂,0,0.9928,0.0072
vâng em gặp anh rồi mà giờ đây em vẫn cô đơn đi lang thang tìm những thứ vô nghĩa lấp vào nỗi cô đơn ấy,1,0.0162,0.9838
mình cũng một thời gắn bó với nó,0,0.9932,0.0068
nhện thông minh quá per,0,0.9948,0.0052
mình thiì chưa năm nào được trọn vẹn,0,0.9892,0.0108
số hưởng rồi tránh sao nổi :d,0,0.9946,0.0054
ước mơ nhỏ nhoi của tao là được làm chị mà không thể nào làm được huhu,0,0.9462,0.0538
cô ấy không yêu tôi,0,0.9793,0.0207
tạm biệt ông 😢,0,0.9886,0.0114
nguy hiểm thật ... suýt nữa tao ảo tưởng con mẹ nó luôn rồi ..,0,0.9565,0.0435
"nhà tao bên cạnh phòng tập gym , lúc trước bán dụng cụ thể thao ế vãi ra , nợ nần chồng chất ! từ ngày chuyển sang làm đại lý dầu ăn , gia đình tao phất lên trông thấy !😂😂",0,0.9819,0.0181
per hồi đó mua điểm đại học nè 😂😂😂,0,0.9948,0.0052
nó lại hợp lí vãi,0,0.9943,0.0057
"per hihi học ở đâu không quan trọng , quan trọng là bọn mình luôn có nhau hihi",0,0.9927,0.0073
"may công an đến bắt chứ không thì dân chỗ đó cho vào nồi cả rồi , đã có người cắt cử nhau đi mua giềng mẻ rồi đó chứ 😆",0,0.9907,0.0093
"eo ôi thằng nhóc áo xanh cuối cùng , sao này lớn lên chắc là sói ca haha",0,0.994,0.006
"thôi bảo em gái xuống ngủ với mẹ đi , còn em percó sợ ma không ? thì ngủ với anh . hehe",0,0.991,0.009
càng thân thiết khi quay lưng càng đau lòng .,0,0.9929,0.0071
per nhìn đẹp thiệt mày,0,0.994,0.006
😭😭😭 sinh lão bệnh tử hẹn gặp kiếp sau,0,0.9879,0.0121
nghiệp hơi nặng nha !. làm hết hồn,0,0.9946,0.0054
đúng là khổ trước sướng sau thế mới giàu =))),0,0.9948,0.0052
nt thêm cái dạ vâng thấy quý vãi,0,0.9948,0.0052
"200 năm xây dựng , tồn tại 800 năm , thật là tiếc cho nước pháp .",0,0.9922,0.0078
hú hồn chim én :)),0,0.9944,0.0056
đừng bỏ tao ra đi mà,0,0.9828,0.0172
"gặp tao , tao ré cái hoảng mất :(( đáng sợ qué",0,0.9911,0.0089
tự nhiên mình xem và mỉm cười theo .,0,0.9924,0.0076
cái máy này có thật thì bọn chính trị gia sẽ ăn cứt hết 😂😂,0,0.9936,0.0064
per hãy cảm ơn tao đi hâhah,0,0.9922,0.0078
chú nghĩ cháu rất giỏi văn và là người có suy nghĩ trưởng thành rồi 💐 rất đáng yêu và tếu giống mấy con giặc nhà chú ❤️,0,0.9945,0.0055
cần lắm nhiều vụ ly hôn như thế 😂😀😀😁🤣🤣,0,0.9925,0.0075
cái đoạn nướng cháy pizza để phốt công nhận là chuyên nghiệp thật :),0,0.9956,0.0044
và mày chợt nhận ra người yêu củ của mày có người yêu mới huhu,0,0.9907,0.0093
"con bé xinh nhờ , khốn nạn là cái thằng edit video ý :)))",0,0.9947,0.0053
đây chính là lý do tao giảm cân toàn thất bại,0,0.9698,0.0302
chưa bao giờ còn yêu nhiều hơn thế 😍😍 bởi cha mẹ cho tôi tất cả,0,0.9879,0.0121
"giờ nghĩ lại mới thấy vui thế , đến nay bạn bè lập gia đình cả rồi :(((",0,0.9937,0.0063
per đồng nghiệp tốt giúp ta dễ vào nhà thương điên kkkk,0,0.9941,0.0059
thằng nào chưa bước vào quán bar hay karaoke giống tao không 😂 trai ngoan điểm danh 😄,0,0.9925,0.0075
per đưa anh nè không cần năn nỉ . chỉ cần em cởi hết đồ ra thôi . đúng không,0,0.9921,0.0079
tuyệt vời . aeon mall có khác,0,0.9951,0.0049
trải qua một cuộc bể dâu . những điều trông thấy mà đau đớn lòng,0,0.957,0.043
hè về chỉ thích ăn cái này .,0,0.9906,0.0094
tư ̀ hô ̀ i ba ̣ n â ́ y chuyê ̉ n trươ ̀ người thi ̀ chă ̉ người co ̀ n ai đô ́ i xư ̉ tô ́ tao vơ ́ i tao như vâ ̣ y nư ̃ anh . :(,0,0.9883,0.0117
"mặt đúng kiểu , em hiểu cảm giác phê của anh không kkk",0,0.9902,0.0098
thỉnh thoảng lại xem lại phim này quá hay và ý nghĩa,0,0.9958,0.0042
tận cùng của tan vỡ ah có biết là gì không ?,0,0.9419,0.0581
không muốn huhu,0,0.8348,0.1652
đầu năm chúc đại kỷ nguyên vạn sự như ý nhé,0,0.9944,0.0056
loài này bé như ngón tay phàm ăn lắm sợ luôn,0,0.9918,0.0082
rút kinh nghiệm năm ngoái 😂😂😂😂😂👍👍👍,0,0.9929,0.0071
trông tội vãi,0,0.9931,0.0069
yêu dã man kkk,0,0.9914,0.0086
nước mình chả í thức gì cả xả rác bừa bãi để trôi rác đầy đường thể này thật buồn,0,0.9712,0.0288
nghiệt ngã hơn là phi hành gia đéo tuyển mấy đứa lùn :((,0,0.9937,0.0063
kiểu gì chả chết ? đá to như kia thoát sao nổi ?,0,0.9884,0.0116
per 2 ly trà sữa bạn làm rơi mà chưa thấy bồi thường lại mình 😞,0,0.9904,0.0096
cái này thì ai chả đau lòng trời,0,0.9937,0.0063
mày làm tao buồn đó per ??,0,0.9906,0.0094
tao không sợ đi làm mệt mỏi tao chỉ sợ không có niềm vui với nó,0,0.9015,0.0985
tao đã khóc khi xem phim nay,0,0.9926,0.0074
mong manh dể vở 😂😂,0,0.9671,0.0329
"chúng ta hầu như ai cũng dùng đôi mắt bao dung để nhìn một người xa lạ , mà đối với người thân bên cạnh lại chỉ nhìn thấy khuyết điểm mà thôi ..",0,0.9878,0.0122
ewww mình chẳng giữ được gì huhu,1,0.0107,0.9893
nhìn nó cưng quá,0,0.9935,0.0065
mẹ thằng này nói tiếng việt tốt thật lại còn nói được cả giọng phú yên nữa chứ,0,0.9941,0.0059
tiếc quá ! nguyên nhân,0,0.9946,0.0054
con mèo đág yêuc quá 🤣,0,0.9942,0.0058
khổ thân em ý .,0,0.987,0.013
cưng quá mà,0,0.9934,0.0066
per sao tội vạy em,0,0.994,0.006
"per :))) tuy anh hay bắt nạt , giấu đồ và ăn bòn đồ ăn của em nhưng nếu thiếu anh thì công việc sẽ trở nên căng thẳng phết đó 😭",0,0.9925,0.0075
má như người yêu ??,0,0.9935,0.0065
chỉ để nhìn cái thôi :)),0,0.9938,0.0062
có người đến gần cuối đời rồi vẫn còn khổ ! :(,0,0.9896,0.0104
ôi gu mình !! mà phim lâu quá rùi giờ mà đóng lại bản khác thì không biết sao haaa,0,0.9943,0.0057
kinh khủng,0,0.9829,0.0171
c trai như thế nào tuyệt chủng rồi :),0,0.9938,0.0062
tao cũng đang là con ghẻ của tạo hoá,0,0.9918,0.0082
lấy ống hút mỗi đứa cắm xuống mà hút thôi :)),0,0.9938,0.0062
sau khi đọc bài của mày tao cười nhiều quá và gãy mẹ hàm cái à,0,0.9925,0.0075
mệt vãi .. mà cừời cũng vãi ??????,0,0.9909,0.0091
đã từng nên tao hiểu cảm giác ấy . vừa tiếc ly trà sữa vừa phải lết xác đi giặt cái balo,0,0.9519,0.0481
tạm biệt ánh sáng của đời tao,0,0.9853,0.0147
đau bụng vãi hix,0,0.9922,0.0078
"ai cũng chỉ muốn cho con tất cả nhưng vì được không có mà thôi , có con thì mới biết lòng cha mẹ",0,0.9936,0.0064
"nhớ quá , độ chục năm không đi soi ve rồi :((((",0,0.9936,0.0064
"k có con gì ác bằng con người , các con bé như thế mà nó không tha",0,0.9919,0.0081
đáng tiếc đời không như là mơ . thực tế sẽ vả vào mặt cho mày tỉnh ra :(,0,0.9915,0.0085
nhờ cái bếp như này . mà hồi nhỏ tao suýt đốt cả nhà và bị chửi đó :((,0,0.9908,0.0092
còn tao thì còn không có nổi 1 người tỏ ra thân thiết quan tâm cơ . _ .,0,0.9861,0.0139
và hơn hết là tụi nó không còn coi mình là con gái nữa,0,0.9444,0.0556
nhà có người già vui thật nhỉ 🤣👍,0,0.9943,0.0057
hiếu nghĩa . nhìn cái này nhớ mắc cười má đào chúc quá 😀😀😀,0,0.9949,0.0051
cách người ta phản ứng cũng văn minh ghê ❤️,0,0.9939,0.0061
rồi lỡ ai có bầu mà đi qua không biết nhảy kiểu gì nữa 😂😂,0,0.9912,0.0088
"cứ thấy nó là đi đường vòng , dù đường hơi xa vẫn đỡ hơn bị nó dí =)))",0,0.9948,0.0052
cũng muốn kết hôn lắm mà đến giờ vẫn chưa có người yêu 😭,0,0.9775,0.0225
2 đg thẳng mãi mãi song song không bao giờ cắt nhau hix hix,0,0.9939,0.0061
mẹ thấy đơn giản không ? đấy giờ chỉ việc lên số cái .... lên ...☝️☝️,0,0.9942,0.0058
thực ra chỉ cần nhập đúng input là được thôi mà :d,0,0.9949,0.0051
coi phim này không .. dễ thương lắm ..,0,0.9953,0.0047
thương mấy anh quá mà tao không kiềm được vẫn phải thả haha,0,0.9886,0.0114
này gọi là theo kịp thời đại :)))),0,0.9945,0.0055
có người sinh ra đã giàu có người làm cực khổ cũng không thể giàu . thương ông,0,0.9938,0.0062
"hồi lớp 1 đú theo lũ bạn về học nấu . thế là cơm sống , sợ quá vùi gạo trong đống tro",0,0.9932,0.0068
"tao cũng hay nằm mơ con mèo của mình nó về , tao tưởng thật nên khóc cả trong mơ lẫn ngoài đời . nhưng nó đâu có thể về được nữa ...",0,0.9287,0.0713
mình nghĩ đợt này bà per thua rồi . đuối lý lẫn truyền thông yếu,0,0.9851,0.0149
đến gần đoạn cuối tao tắt âm xong vào xem bình luận rồi mới tua xem lại để minvolum . iq + vô cực chuẩn mẹ rồi,0,0.9949,0.0051
vừa sếp vừa đồng nghiệp tốt thì đi làm như là đi chơi 💃 bonus 6h chưa hẳn đã muốn về,0,0.9937,0.0063
coi phim này mà ứa nước mắt 😢,0,0.9946,0.0054
đm hú hồn,0,0.9907,0.0093
lâu rồi không được nhìn nụ cười ấy,0,0.9792,0.0208
"đỉnh rồi , hiệu ứng tốt :))) ấn tượng vãi_chưởng luôn",0,0.9952,0.0048
nó mà nhập viện thì xong đời tao . n 😂😂,0,0.9902,0.0098
"hồi nhỏ bà mày có cho một con ngỗng mình tự tay nuôi nó . từ ngày đó nó đeo mày như chó mèo vậy . nhưng khi lớn nó lại mắc bệnh mà mất . giờ cũng hơn 4 , 5 năm rồi những nhớ nó lắm 😓",0,0.9796,0.0204
"cùng cười cùng khóc cùng vượt qua khó khăn , đau khổ nhưng cuối cùng lại là con số 0 :)",0,0.9869,0.0131
"sống trong một gia đình nhiều áp lực và lúc nào cũng chửi bới như vậy , tạo hóa đã ban tặng cho em bộ nhá khá là tươi để cân bằng cuộc sống",1,0.0128,0.9872
trời . cưng chết được,1,0.3983,0.6017
ám ảnh thật sự,1,0.0228,0.9772
sống 17 năm chưa crush ai bao giờ,0,0.9867,0.0133
lụm điều cho ba má . 2 ngàn 1 ngày bỏ heo đất . thằng hàng xóm vô trộm mất . khóc lóc mấy ngày .,0,0.9922,0.0078
"miễn sao có tiền ăn bánh trung thu , mua lồng đèn , đi du lịch =))))",0,0.9944,0.0056
"hôm bữa 2 bình siro dâu thấy tiếc , nay bình mật ong còn tiếc hơn",0,0.9928,0.0072
tao còn phải đợi 3 tháng nữa là đủ 1 gia đình nhỏ rồi,0,0.9847,0.0153
chú này tội lắm á :(,0,0.9938,0.0062
"yeahh , được mở lại fan cứng rồi =)))",0,0.9947,0.0053
dỗ lại dễ thôi mà . nhỉ nhỉ 🤣🤣🤣,0,0.9954,0.0046
"tao nghĩ chắc do kiếp trước mình tu chưa thành tâm nên kiếp này cuộc đời tao như 1 trò đùa , tạo hóa ghẻ lạnh . chán đời :)))))",0,0.5404,0.4596
ph :)) phê hơn cả cần nhé . nên mua cái này về dùng tốt cho chó và người :))),0,0.9953,0.0047
ưới gì honey của mình sau này cũng thế,0,0.9931,0.0069
"per nhớ ngày tháng cta bên nhau ghê , giờ thì chả còn gì",0,0.9813,0.0187
tao . đôi lúc nghĩ lại thì tao vẫn thấy sợ tao lúc tức giận .,0,0.9838,0.0162
mùa mưa đến sớm rồi huhu,0,0.9939,0.0061
xem video không buồn cười lắm vì chửi thề quá xá .. cơ mà đọc bình luận của các bạn cười đã luôn . kkkkk,0,0.9949,0.0051
"tuổi thơ của tao sợ nhất là con này , không làm gì mà nó cũng rược , suốt ngày thì kêu um sùm",0,0.9754,0.0246
giỏi thật chứ đùa . biểu cảm gần như 90 % chuẩn mẹ rồi . thằng quay và edit cũng ghê luôn . nhảy cũng tốt ra phét chứ -.- ác thật,0,0.994,0.006
"cay mắt lắm , mà nhìn nó lại nhớ nhiều kỉ niệm",0,0.9938,0.0062
"tau sẽ phun thuốc kích thích , 2 nam nữa sẽ dài hơn ong nay ... sẽ được vào viện bảo tàng .. 😂😂😂",0,0.9918,0.0082
"vị nước mắt , dù cảm xúc như nào thì khi có nó cũng thật đáng nhớ !",0,0.9934,0.0066
thế này mà mày vẫn còn buồn thì ...,0,0.9868,0.0132
anh thíck kiểu tra tấn hằng ngày :))),0,0.9947,0.0053
per em đã tìm ra giải pháp thiết kế rồi nhé :))),0,0.9955,0.0045
chủ tịch giả vờ luyện vỏ và cái kết sấp mặt luôn haha,0,0.9943,0.0057
per ru con để vợ đắp mặt nạ kìa ?? đúng là chồng người ta chưa bao giờ làm mình thất vọng ??,0,0.9942,0.0058
"ở trên mái sảnh nhà tao cũng có một con nhện mẹ tao bảo tao giết nó ( hờ hờ ) , còn bố tao bảo "" mày cứ đi qua là nó rơi giữa đầu """,0,0.9856,0.0144
per hàng hiếm nhà mình,0,0.9944,0.0056
cung quá ak,0,0.9929,0.0071
sao bao nhiêu năm kể từ ngày đó em đã không còn nghe lại nữa :((,0,0.9914,0.0086
đôi khi đi tù chỉ để thoả mãi thú vui,0,0.9898,0.0102
nhà tao có nhưng nó rỉ sét hết rồi :((,0,0.9886,0.0114
per không cho anh đi tập đâu nha mất bồ như chơi,0,0.9917,0.0083
trong nhà không biết có ai không nữa ? sập quả này sợ thật đấy,0,0.9886,0.0114
ăn vào lại thức dậy ở một nơi xa thì bỏ mẹ :)),0,0.993,0.007
per tiếc cái gì đấy bố nó,0,0.9938,0.0062
chuẩn bị kiểm tra hình huhu :((,0,0.9944,0.0056
mèo nhà tao gửi 10 ngày về ăn tết lên nó thành mèo hàng xóm này ( nhà hàng xóm bán cá ) :((,0,0.9942,0.0058
giờ mới hiểu tại sao lúc đầu nhà hàng không cho đặt chỗ ..... má nó li hôn 3 lần rồi lần nào cũng phải giảm giá 30 % nó ly hôn thêm vài lần nữa chắc sập bà nó tiệm,0,0.9879,0.0121
"đêm hôm coi lại , cười mún rụg rún",0,0.9931,0.0069
tao cũng hao mòn nhan sắc như này,0,0.7463,0.2537
người ta kê bàn ghế ra chả nhẽ lại vẫn nằm đất để nhìn mông người khác ngồi :))) pha xử lý rất cao tayyy,0,0.9943,0.0057
chỉ cần nhìn họ thì đã thấy tim đập mạnh rồi =))),0,0.994,0.006
"khuôn mặt ngây thơ vô số tội , trái tim nhỏ bé của tao sao chịu được ❤❤❤",0,0.9155,0.0845
"có lần ba tao mua bánh kem sinh nhật cho tao , lúc đấy tao 13t nhưng khi ba tao mua về thì lại là 15t 😶",0,0.9896,0.0104
nghe nói 2020 hơn 4tr đàn ông sẽ ế vợ . mình chỉ việc chờ thêm 1 năm nữa thôi là đăng tin tuyển chồng 😂😂,0,0.9892,0.0108
"vừa về xong , phải nói là đông vãi đông chứ không phải đông bình thường =))))",0,0.994,0.006
disss giật hết cả mình .:)),0,0.9925,0.0075
ăn vải nóng lở hết miệng ra đây này,0,0.994,0.006
idol có skill mới chất quá 😂 1 cú đánh mông thôi mà đối thủ bay sấp mặt luôn luôn 🤣,0,0.9949,0.0051
tan tành rồi .,0,0.9454,0.0546
rồi tôi sẽ hết được uống nước ở đây nữa :((,0,0.9924,0.0076
per coi chừng bị vậy nha chưa haha,0,0.9944,0.0056
tao không theo dõi phim . xem bập bõm mấy tập mới biết em nó là con gái 😅.,0,0.9915,0.0085
chỉ thấy dễ thương và xinh khi crush thôi khi hết crush thì có cười nấy cười nữa cũng không có cảm giác,0,0.9918,0.0082
chị khổ mấy cô giáo viên giám đứng ra tố cáo . sau này bị làm khó hoặc trả thù,0,0.9912,0.0088
đi đâu cũng ngó ngang ngó dọc để được nhìn thấy crush 😂 ngóng nó đến mức cổ dài ra hẳn mấy cái 😂,0,0.9902,0.0098
tác phẩm nghệ thuật chất lượng cao hiếm hoi của điện ảnh việt nam nhưng không được công chúng quê nhà đón nhận,0,0.9921,0.0079
thương .. hy vọng sớm có người cưu mang bé,0,0.9914,0.0086
tao thấy cảm động vãi .,0,0.9907,0.0093
bây giờ mình 56 tuổi vẫn dùng để bắn bọn chuột neo dình sơi chim cảnh rất hiệu quả các bạn ơi,0,0.994,0.006
êu ơi sao con mụ này không gặp mình nhờ :))) ước gì có con mụ thế này tông vào mình ý :)))) klq mà giọng bé quay video đáng yêu thế ❤️,0,0.9947,0.0053
per xem đi mày sẽ sướng thi nhìn con nhện bị giết 😂,0,0.9913,0.0087
tôi đã đúng khi đọc bình luận thay vì đọc bài :),0,0.9953,0.0047
mạnh vỗ tay 👏,0,0.992,0.008
couple cuối . yêu chết đi được,0,0.946,0.054
"t đã hối hận vì nói ra , để rồi bao giờ tao với cô ấy chẳng còn thể nói chuyện như trước nữa",0,0.9655,0.0345
k nuôi thì cho người muốn nuôi đi chứ để em nó bọ ve tùm lum sót quá ????,0,0.9915,0.0085
đây là lần cuối cùng các bạn nhìn thấy anh ấy :d,0,0.9887,0.0113
tao ngự ở trong uống nước cho nhàn thân rồi,0,0.9886,0.0114
không phải crush :v nhưng mà nhìn ổng cười mỉm nhìn cute vãi -.-😑😆❤,0,0.9928,0.0072
có ai như tao không đọc đề thì quen nhưng lại quên phương pháp giải . chắc mất gốc rồi :((,0,0.9944,0.0056
hahahaha tao mắc cười ghê . nhớ cái hôm sinh nhật tao ghê . chắc mấy mẹ ở guru cũng rủa dữ lắm hahaha per,0,0.9871,0.0129
chờ có người giận mà không được,0,0.9919,0.0081
per khi ế nhưng vẫn phải giương mắt nhìn bọn nó ân ái,0,0.9903,0.0097
có ai ngu như tao không đơn phương con nhỏ cạnh nhà 4 năm mặc dù nó ngồi chung bàn với tao suốt mấy năm cấp 3 :(((,0,0.9898,0.0102
1 lần thôi cũng đủ xao xuyến anh rồi,0,0.9895,0.0105
nhớ lắm .. cay mắt lắm ....,0,0.6662,0.3338
bà xinh thật sự ❤️,0,0.994,0.006
nếu là tao thì nhảy cẩng lên chuẩn mẹ rồi :)) má nhìn trong hình tưởng ma thật ở ngoài đéo biết như lào luôn ớ,0,0.9934,0.0066
yêu thế nhè 😍😍😍 có em gái chắc cũng vui lắm,0,0.9938,0.0062
tuổi gì so với anh ! :) haha,0,0.9934,0.0066
"làm pv quán karaoke đi rồi khổ hơn nữa , toilet danh cho nam chỉ đứng tè , vậy mà nỡ lòng nào mấy anh ngồi ỉa 😢 thiệt chứ gặp cái mún khóc lun …",0,0.9919,0.0081
"đến giờ , em vẫn đang đợi anh , người sẽ đúng và thời điểm sẽ đúng",0,0.9895,0.0105
mấy lần đi ngang hết hồn,0,0.9928,0.0072
đúng là tấm gương xáng để con cháu noi theo =)))))),0,0.9948,0.0052
hôm qua tao xem xong ngất xỉu tới giờ mới tĩnh chúng mày ạ 😌😌😌,0,0.9777,0.0223
"giọng nói , ngữ khí đi vào lòng người vãi . mắt chị gái đẹp thế 😻",0,0.9934,0.0066
không khoe thì không sao . khoe ra mai lại còn cái gốc ... haha 😁,0,0.9939,0.0061
hoan hô anh 😂😄,0,0.9925,0.0075
căng thẳg quá mà,0,0.9865,0.0135
"phàm việc quan trọng trong thiên hạ , cứ về hỏi vợ , vợ nói sao cứ làm ngược lại chắc chắc sẽ đúng !",0,0.9928,0.0072
cũng xinh mà ?? lai cỏ có lẽ sẽ khỏe mạnh và đỡ ngáo hơn ??,0,0.9941,0.0059
thế giới này thật đáng sợ ai chả đĩa bay cho tao về hành tinh tao đi,0,0.9912,0.0088
mình bị say xe bạn à :(((,0,0.9906,0.0094
tí nữa vợ nó vắt chân lên cổ bò thì hú hồn,0,0.9922,0.0078
tao cay mẹ khoé mắt,0,0.9806,0.0194
mấy anh thiệt là nóng bỏng !!,0,0.9946,0.0054
per chị rep khách hàng thế ấy hả 😞 bị bóc phốt rồi,0,0.9937,0.0063
tao buồn mấy năm nay rồi,1,0.014,0.986
"lúc nhỏ nấu bằng này không , nấu hơi bị ngon , tạo cơm cháy ăn bao riềng",0,0.9948,0.0052
yêu em mọa mọa 😘😘,0,0.9931,0.0069
tình yêu là một thứ cao đẹp hãy trân trọng nó .,0,0.9933,0.0067
yêu quá đi mất . tuổi thơ của mình toàn nện mấy thằng con trai . trong lớp mình toàn làm xếp nên chẳng được giúp đỡ,0,0.9871,0.0129
per đồng nghiệp không tốt ta có thể bị chửi và ăn đòn từ sáng đến tối 🙄,0,0.9928,0.0072
những cử chỉ đẹp làm từ thiện cho người nghèo hay thiếu đến lấy thừa đi đến cho,0,0.9948,0.0052
"nói gì , em trai tao cắt tóc xong là tao đè nó ra chụp hình . cảm thấy nó cắt tóc xong là đứa nào chứ không phải em tao =)))))",0,0.9922,0.0078
nghe cũng đúng đúng :)),0,0.9949,0.0051
ngưỡn mộ chi lâu lắm oy . mà giờ biết thêm nhiều về chj nữa nên càng yêuc chj nhiều hơn 😍😍😍,0,0.9931,0.0069
còn nhiều người có cuộc sống khốn khổ hơn ta :),0,0.99,0.01
""" vậy là đủ tuổi ngồi tù rồi nhỉ ?"" , mặt anh rất tỉnh và đẹp zai =))",0,0.9937,0.0063
nghe lại mà nhớ những ngày tháng say đắm trong nỗi cô đơn,0,0.8652,0.1348
công nhận ngầu thật,0,0.9944,0.0056
đến ngày sinh nhật mà còn không nhớ thì còn nói gì nũa,0,0.9923,0.0077
"là thằng đàn ông phải có bản lĩnh từ khi còn bé , thay vì hay bắt nạt , quát tháo đàn bà thì hãy là người che chở , yêu thương !!!! mong con zai của mẹ sau này cũng như mấy anh này .!!!",0,0.9938,0.0062
tao thì nói xong lại thấy người ta không hứng thú thì lại lượn,0,0.9934,0.0066
khi bạn muốn lầy và cũng có người lầy cùng bạn =)),0,0.9944,0.0056
"ba mẹ mình nhớ tất cả ngày tháng năm sinh âm lịch , giờ sinh , tên tuổi ...... của 4 chị em .....",0,0.9851,0.0149
"per nếu có khi nào thấy bản thân vô dụng hay là thất bại , thì hãy nhớ có những người chế tạo ra mấy cái của nợ này . =))",0,0.9936,0.0064
bể mẹ cái kính cường lực mới dán :#,0,0.995,0.005
per cái gì mình không làm được chứ đánh cái lũ đéo phải người thì mình làm tốt kkk,0,0.9937,0.0063
"lúc trước chạy xe đạp đi ngang qua đàn vịt có mấy con ngỗng lẫn trong đó . thế là dume tụi nó rượt tao vừa chạy vừa la cái thứ âm thanh nghe "" ứ ứ "" "" hiếp em đi "" làm tao sợ tụt lol :))",0,0.9914,0.0086
cưng hết phần thiên hạ,0,0.9935,0.0065
được cái công tác truyền thông tốt,0,0.9946,0.0054
crush ở nhà chơi gane rồi haha,0,0.9938,0.0062
dễ thươnggg,0,0.994,0.006
nhìn sợ vãi ra,0,0.9823,0.0177
đồng đội tốt ... nhưnh rất tiết chúng ta không có duyên 😀 kaka,0,0.9937,0.0063
ơ tao đang mơ 🤩,0,0.9919,0.0081
rất cá tính :v,0,0.9942,0.0058
nhắn mà ấm lòng nhờ :))) ra gặp anh shipper đẹp trai nữa thì chủ thớt rụng hết buồng trứng :))),0,0.9947,0.0053
tưởng tượng mà dưới sông có cá sấu nữa chắc hết dám đi,0,0.9925,0.0075
"xời tưởng gì , cái này tao làm được =)))",0,0.9949,0.0051
xây 1 được 2 nhà :)) chủ nhà ấm vãi :)),0,0.9949,0.0051
giống tao . nhưng cô ấy có hiểu đâu,0,0.9901,0.0099
đau đớn hơn còn là khi làm bạn cũng khó và gặp nhau coi như người dưng nước lã,0,0.9802,0.0198
"hồi đó đã undercut , bảnh vãi .",0,0.9943,0.0057
đau lòng qá huhu,0,0.9768,0.0232
mong anh có thể đạt được ước mơ của mình .... cố lên,0,0.9934,0.0066
còn gì hạnh phúc hơn trong cuộc sống này ♥️,0,0.9742,0.0258
thèm được bố chửi 1 lần 🤤🤤,0,0.9819,0.0181
tao lại sợ ngôn tình quá cơ 😒,0,0.9816,0.0184
đỉnh cao :)),0,0.9931,0.0069
waooooo . hợp lí ghe,0,0.9945,0.0055
tao mới mọc răng khôn huhu,0,0.9902,0.0098
thực ra em mới đang phải là sự lựa chọn chứ không phải là người được lựa chọn đâu 😌.,0,0.9881,0.0119
đã từng . hix,0,0.994,0.006
"nói chứ uống đi , 1 ly thì giảm ăn một bữa sẽ không khiến mày phì đâu .",0,0.9926,0.0074
quan trọng là có per luôn tạo độ khó game cho tôi :))) và không thể thiếu sự trợ giúp của các anh em trong team 😂,0,0.995,0.005
tao thấy buồn cười vãi :)),0,0.9945,0.0055
tao biết là có ý tốt gởi thông điệp ý nghĩa nhưng nhìn cứ sợ sợ lại còn sấm chớp :<,0,0.9946,0.0054
vừa thấy thương vừa buồn cười vãi :))))))),0,0.9946,0.0054
ước mơ tao 🙂 chỉ có thể sao chép lại và tao lên màu cực xấu !,0,0.9944,0.0056
per đau hơn chia tay người yêu nữa,0,0.9932,0.0068
mở máy lên .. rồii lại đặt xuống ... cả ngày nay tôi đều như vậy để chờ anh nhắn chúc tôi .. giờ này chắc anh quên ngày này thật rồi .. cô đơn quá mức rồi đấy 😭😭,0,0.5094,0.4906
mink chỉ lo là nhà nước không đủ gạo nuôi mấy anh,0,0.9809,0.0191
dell hiểu sao ngày sưa tao có thể cầm nó trưen tay đi câu cá 😳😳😳 nhớ lại vẫn thấy ớn 😂,0,0.9924,0.0076
khi tắt đi mới thấy ngạt thở .,0,0.9859,0.0141
trung thu là tết thiếu nhi cớ sao người lớn lại vi vu thế nhỉ,0,0.9935,0.0065
mình sống không đủ tốt hay sao mà vẫn chưa gặp được anh người yêu tốt như này,0,0.992,0.008
chỉ cần yên bình như thế này thôi . ❤️❤️❤️,0,0.9925,0.0075
"tỉ năm mới thấy cười một lần người gì đâu mà khó cười đến thế 🤨 chả bù cho mình , lúc đéo nào cũng cười , cuộc sống tràn ngập niềm vui < 3",0,0.9919,0.0081
đau ruột với thằng số 9 🤣🤣🤣,0,0.9929,0.0071
"dễ thương , đáng yêu , cưng ...",0,0.9948,0.0052
"nhiều nước quá , lấy bát về múc nước ra thêm tí đường vào là có 1 bát nước gạo ngon lành",0,0.9941,0.0059
tao nhìn tao thấy ghê vcd ấy 😂😂,0,0.9917,0.0083
chính xác ! chỉ cần đồng nghiệp tốt thì mọi ngày đi làm đều vui 😊😊😊,0,0.9952,0.0048
tin vui cho bà con nông dân chuân bi vào ngày gặt lúa sắp tới,0,0.9941,0.0059
một cái ỉn mông xong hết 😂😂😂 dăm ba cái võ thuật 😂😂😂🤣🤣🤣,0,0.9934,0.0066
"chiến tranh có gì vui đâu nhỉ , chỉ gây đâu thương",0,0.9939,0.0061
đâu phải ai muốn thích tao cũng được đâu,0,0.9851,0.0149
3 idiots ! phim hay nhất mọi thời đại .,0,0.9947,0.0053
cuộc sống mà mấy ai được trọn vẹn 😢😢,0,0.988,0.012
""" học từ bỏ những thứ trời không cho "" nói thì dễ nhưng nhiều lúc quyết tâm lắm vẫn không làm được .. 😢😢😢",0,0.994,0.006
ngày xưa mỗi lần tao làm ồn là ngoại tao liền la hoặc lấy roi đánh 😅 nhưng lúc đó vui lắm 😊,0,0.9912,0.0088
nàng ấy chả yêu ta gì cả,0,0.9897,0.0103
mặt dày lại ôm cứng ngắt cho chị . 😆,0,0.9937,0.0063
tâm sự không đúng người ngoài việc họ cười vào mặt bạn,0,0.9937,0.0063
xem chỉ đợi đến đọan nó ngã để cười :)))),0,0.9949,0.0051
nấu kiểu này ngon lắm luôn 😋😋,0,0.9952,0.0048
kím cớ nói chuyện chỉ để biết người đó làm gì đang như nào . có vui hay buồn . rồi lại thôi,0,0.985,0.015
per may cho bạn 😄😄😄,0,0.9941,0.0059
"đù . tròn ung ủng , chân tay ngẵn cũn như tao nhảy sao",0,0.9922,0.0078
xinh mà còn ngáo nữa thì người yêu mới cưng =)),0,0.9946,0.0054
ông nào viết vui tính thế =)) cưng thật,0,0.9955,0.0045
tuổi trẻ tài cao :)),0,0.9944,0.0056
đó là những câu chuyện buồn mà :((,0,0.9937,0.0063
per cái dume mày thấy tác hại của tập gym chưa,0,0.9941,0.0059
thứ mà dễ dàng qa cũng nguy hiểm,0,0.9944,0.0056
ngày ấy chỉ vì quá ngu ngơ mà để lạc mất .,0,0.9873,0.0127
anh lấy đi niềm tin trả lại cho em những gì,0,0.9896,0.0104
"hồi xưa vào trông nhà cho ông bà , thuê đĩa võ thuật này xem cho mạnh mé đỡ sợ mà thuê ngay đĩa này . ám ảnh quả nhạc tao tao téo vãi",0,0.9946,0.0054
tủi hổ với bản thân ghê khi tao vẽ người mà mẹ tao hỏi : hóa ra đây là hình dạng thực của quỷ sao ?😑,0,0.9805,0.0195
án mà cứ xử như vậy thì sao có được lòng dân,0,0.9907,0.0093
đã thất tình xem pim này khóc cả đêm mất thôi mới đề mô mà đã khóc thút thít rồi chắc xem hết thì không biết pai làm sao ..,0,0.9799,0.0201
áo phông dễ thương quá anh ơiiii,0,0.9949,0.0051
đi chơi mẹ tao cũng không tha cho tao :) chửi tao làm mất buổi vui luôn á,0,0.984,0.016
còn 1 tháng nữa thôi khép lại những ngày tháng vui buồn nhưng luôn có người bên cạnh sẻ chia không lo lắng của tuổi thanh xuân cái tuổi đẹp nhất của cng,0,0.9866,0.0134
"vừa lắm ... cho chừa nè , ahihi đồ ngốc 😊😊😊",0,0.995,0.005
"hồi xưa đi học mình ngồi gần lớp trưởng , tên này được cái rất ga lăng với bạn gái trừ mình .. huhu ..",0,0.9892,0.0108
nếu chịu khó đặt vào hoàn cảnh của nhau mà sống thì mọi chuyện đã đơn giản hơn rồi .,0,0.9902,0.0098
chỉ mong cảnh này sẽ không còn xãy ra ở xã hội này nữa . bất hạnh vậy đủ rồi 😞🙁,0,0.8927,0.1073
đẹp trai v :((((,0,0.9942,0.0058
gắp đúng lúc nhưng hình như đúng lúc người ta không muốn y ai ???? đó là 1 câu chuyện buồn,0,0.9936,0.0064
boss dễ thương hết sức,0,0.9943,0.0057
đến ông cũng chẳng dám xơi,0,0.9884,0.0116
bộ phim việt lần đầu xem thấy hay cảnh quay đẹp !!,0,0.9957,0.0043
vỡ tan là như thế ấy,0,0.9906,0.0094
đúng . a có tầm nhìn . tâm nữa . mình biết,0,0.9939,0.0061
nhìn mặt ông thầy cay lắm :)),0,0.9936,0.0064
anh thứ 2 cute thế =))),0,0.9945,0.0055
cả tuổi trẻ bỏ công cày . có cơ ngơi ổn định . r về già con cháu đuổi ra đường bắt đầu 2 bàn tay trắng . đời 😅😅,0,0.9927,0.0073
năm nay không được ăn dồi :((,0,0.9941,0.0059
cưng xỉu ??,0,0.9928,0.0072
tốt quá,0,0.9916,0.0084
cứ thấy cute cưng cưng sao á .... có ai thấy giống per như tao không ??,0,0.9908,0.0092
cảm ơn đoi tình nguyện viên nhớ có các bạn mà người dân bớt vất vả hơn,0,0.9951,0.0049
per cho vợ đi cầu này để giảm cân nhá 🤣🤣,0,0.9938,0.0062
hahaa nhìn mắc cười vãi per,0,0.9935,0.0065
cái mặt cưng xĩu,0,0.9931,0.0069
tao mà ở đây là sợ rụng trứng luôn chứ đừng nói ăn,0,0.9918,0.0082
mình thì # mình chỉ mong chồng tốt thương yêu vợ con gia đình ! gia đình lúc nào cũng vui vẻ hạnh phúc thì ngày nào cũng là ngày ( tình yêu ),0,0.9918,0.0082
rồi chưng ngắn như tao sao nhảy qua 😿,0,0.9936,0.0064
đó là 1 câu chuyện buồn 😤,0,0.9924,0.0076
kkk tao chọn anh đầu tiên,0,0.9932,0.0068
kha ́ thông minh :)))),0,0.9943,0.0057
per cố lên gần đến nơi rồi . vào trong này mời nói chuyện nhé . ngay cửa đền chính . có bãi gửi xe . hehe,0,0.9895,0.0105
thật dume nge yêu thương gì đâu :)) bắn tim bụp bụp,0,0.9948,0.0052
diễn viên có cá tính hay nhât từng xem,0,0.9947,0.0053
per nhớ cái bếp huyền thoại của 2 đứa mình he,0,0.9934,0.0066
haizzzz đó là 1 câu chuyện khá bùn,0,0.995,0.005
per nghe đi rồi khóc 1 trận cho thoải mái . đừng cố gồng mình lên nữa,0,0.9827,0.0173
gap kiểu này chắc đái ra quần quá,0,0.9947,0.0053
"per đọc vài dòng là lướt xuống cuối để xem có phải "" hi vọng câu chuyện mình vừa bịa ra ...."" nhưng không phải . kkk",0,0.9909,0.0091
hú hồn cái lồn còn nguyên :),0,0.9945,0.0055
chờ tý tao đi thay bỉm xíu tao quay lại .,0,0.9916,0.0084
đại học vui lắm cậu :)) weeee,0,0.9947,0.0053
"những chuyện trọng đại trong đời ... ta cứ nghe lời vợ khuyên , và làm ngược lại ắt thành công ????",0,0.9944,0.0056
liệu có còn tồn tại cô gái nào chấp nhận một thằng vừa nghèo vừa xấu đặc biệt lại còn yếu sinh lý như tôi không,0,0.9745,0.0255
"thật là romantic , mà mà mà ... sao nghĩ tới cảnh động phòng hoa chúc tao thấy nhột nhột lỗ đít 😧😧",0,0.9931,0.0069
nhiều lúc tủi thân vãi_chưởng huhu,1,0.0155,0.9845
dễ thương vãi ♥♥♥,0,0.9926,0.0074
tình chỉ đẹp khi còn dang dở lấy nhau rồi nham nhỉ lắm ai ơi ...,0,0.9921,0.0079
thật buồn khi mình thịt vợ thang khác mà thằng khác thịt vợ tưong lai mình,0,0.9919,0.0081
tiên sư cái thằng ghép nhạc cười rớt mồm quả ghép,0,0.9946,0.0054
đáng yêuc vãi anh ơi,0,0.9929,0.0071
một cái vẫy tay đầy luyến tiếc từ cuộc họp tới đất nước việt nam,0,0.9895,0.0105
"chỉ cần cho em nó 1 điểm tựa , em nó sẽ không ngán cả thế giới :))",0,0.9932,0.0068
đứa con gái nào mà đề nghị là biết bị ma nhập mà né nha mấy cha,0,0.9936,0.0064
1967 mà cụ ông đẹp trai phong độ ăn mặc thời trang quá :)),0,0.9946,0.0054
"tội mày quá , lần sau mày bình tĩnh hơn nhé",0,0.9926,0.0074
per b trà ơi . năm nay là pải mạnh dạn và bất chấp nhé 🤣🤣🤣,0,0.9948,0.0052
chính xác là con gái xinh auto đáng yêu =)))),0,0.9951,0.0049
thích quá mấy má ơi ! @@@,0,0.9953,0.0047
xinh quá !,0,0.9923,0.0077
ước là 1 ngày mai thức dậy dụi mắt mãi chưa hết tuổi thanh xuân =)))),0,0.9946,0.0054
cay mắt,0,0.9836,0.0164
đụ mẹ cười ỉa ????????,0,0.993,0.007
t không phải con sến súa . ko cần quá cầu kì lãng mạn . cầu hôn tao thế này là tao đổ rồi per,0,0.9911,0.0089
đã từng . và bị phũ như 1 con chó 🐶😂😂😂😂,0,0.9907,0.0093
tao đau lòng quá,1,0.0222,0.9778
"ngày xưa toàn ăn cơm với nước mắt , ngày trước giận bố lắm , nhưng giờ mới cảm ơn bố vì như thế mới có mình ngày nay",0,0.9872,0.0128
và cuối cùng là được đối xử như một thằng con trai luôn ..,0,0.9864,0.0136
đứa nào bị táo bón thâm niên cứ ra cầu này mà nhảy đảm bảo hiệu quả ngay lần đầu trải nghiệm 🤣🤣🤣,0,0.9942,0.0058
ê có khi nào đọc bài này xong buồn cười quá cười toác hàm có khi nào đi bệnh viện không các cụ :v,0,0.9946,0.0054
cũng đỡ tắc hơn 1 tí,0,0.9603,0.0397
áo xinh thế .. cho tớ mượn đi tiệc nhé !,0,0.9945,0.0055
còn tao mỗi lần cắt tóc là y như rằng … nó tệ vãi :(,0,0.9916,0.0084
per nhện kìa haha,0,0.9942,0.0058
cả tuần không được nói chuyện,0,0.9469,0.0531
ông này đẹp vãi,0,0.9937,0.0063
nó cười với tất cả mng trừ tao 🙂,0,0.9846,0.0154
"cấp 1 hiền lành ít nói , ngồi gần 1 cô bé cái gì cũng nhường cô ấy , nhường đến mức nhường luôn tập sách , để bà già phải dẫn ra nhà nó lấy lại ! 😂😂😂",0,0.9921,0.0079
ng dân biết phải làm sao bệnh chồng bệnh,0,0.9941,0.0059
2 thế kỷ mới xây được vậy mà chỉ trong 63 phút tiêu tan hết :(,0,0.9922,0.0078
per trung thu đéo liên quan đến việc có gấu cho lắm bạn nhể .... nhưng mà lễ gì cũng thế thì đúng là bất hạnh mà huhu,0,0.9932,0.0068
mình còn để ảnh bạn ấy trong thẻ học sinh xong bị thấy cơ,0,0.9891,0.0109
per nhất định chị em mê tín mình p đi xem phim này rồi,0,0.9944,0.0056
"gần 2 năm đến sớm nhất để mở cửa lớp , lúc về cũng là người là sau cùng để khóa cửa . đến giờ ra trường được 3 năm vẫn không muốn vứt chìa khóa của lớp ...",0,0.9879,0.0121
khổ thân các cháu,0,0.9907,0.0093
t mong nó té quá chời :v,0,0.9948,0.0052
điều tồi tệ nhất là kiểm tra code trên giấy .,0,0.9904,0.0096
đã xem 2 lần bộ phim này 😁,0,0.9946,0.0054
cũng tên quỳnh nhưng 2 số phận thật khác nhau 😢( chỉ mong được 1 góc nhỏ xiu xíu của b ),0,0.9905,0.0095
cho con được thay ông bán vé đi 😔,0,0.9915,0.0085
thế giới này thật đáng sợ :3 trả đĩa bay cho tôi về đi :3,0,0.9944,0.0056
gì cũng được ?????? dễ vãi,0,0.9944,0.0056
t nói té 1 cái không dập mề thua gì cũg thua ..,0,0.9935,0.0065
"tao cũng như mày đây . không sao cả , hãy tự hào vì tên mày vẫn rất đẹp",0,0.9925,0.0075
trách ai bây giờ đây huhu,0,0.9596,0.0404
không lau sạch về bà chủ mắng thì sao . nhiều người họ kinh lắm . trước mẹ minh đi làm cho nhà 5 tầng . họ chỉ ở 3 tầng còn 2 tầng bỏ không . mà ngày nào cũng phải lau hết,0,0.9884,0.0116
phim kinh dị vào cái trời âm u 😒,0,0.9898,0.0102
mẹ mắng lúc sáng sớm là xui cả ngày :(,0,0.9939,0.0061
phụ nữ ngày xưa toàn cực phẩm :v,0,0.9935,0.0065
cứ tưởng là người yêu =)),0,0.9943,0.0057
đàn bà ở nhà thế kia không sợ ngoại tình à ? tao đang lo vợ tao đây này,0,0.9836,0.0164
thời xưa yêu nhau đến chết vẫn yêu ... thời nay yêu không biết chết lúc nào 🤣 cuộc sống nay đáng sợ lắm 🤪,0,0.9874,0.0126
lại mất tiền ngu,0,0.9926,0.0074
làm bộ mặt ngầu cho thằng thỏ để ý mà thằng này láo ăn thiệt đéo cho mình ăn ké quê thiệt là quê luôn,0,0.9925,0.0075
moá cưng quá ??,0,0.994,0.006
"ai ở gần đó xin hãy giúp chú , thương chú",0,0.9915,0.0085
bố là số 1 vĩ đại hơn những gì con cần,0,0.9928,0.0072
"lâu lắm đéo được gặp nhện trong wc , quên mất cảm giác nhịn ỉa như nào rồi 😂",0,0.9836,0.0164
sau cùng cả 2 đều bị ảnh hưởng trầm trọng :((,0,0.9108,0.0892
lời được cánh của sắt tàu hỏa ngon rồi,0,0.9953,0.0047
:v trời giờ mới biết thế giới có dạng hợp thể vầy đấy :v,0,0.9944,0.0056
có ai đéo hiểu gì như mình không mình trong sáng vãi heee,1,0.0474,0.9526
bà già đau khổ,1,0.1033,0.8967
đag đi học mà gặp cảnh này :)) chắc chạy về cúp học luôn,0,0.9935,0.0065
"bây giờ con đã sai vì đã chưa làm gì được cho cha , con thật sự xin lỗi cha và mẹ ,",0,0.6637,0.3363
uầy . ngọt thế ??????,0,0.9947,0.0053
nhìn muốn tè ra quần rồi,0,0.9842,0.0158
quá giỏi . đạp đến ngất đi mà không quay đầu . sau này em sẽ thành công . chắc chắn vậy,0,0.9938,0.0062
"dễ thương ghê =)) nói y như mấy ông ngồi nhậu trong bàn v "" đúng không "" "" đúng chưa "" "" vui rầu "" =)))",0,0.9951,0.0049
per chuyện cổ tích nè ! haha !,0,0.9954,0.0046
bây giờ thế mới biết tác dụng của con cái 😢,0,0.9951,0.0049
bà mẹ nó @@ xem rùng con mẹ nó mình hơn cả phim ma .,0,0.9944,0.0056
yêu thế,0,0.9935,0.0065
"thôi xong 1 chiếc ôto . chắc tối nay ăn không ngon , nhậu không yên rồi .",0,0.9926,0.0074
ấm áp vãi .,0,0.9934,0.0066
per móc lên tới não :)),0,0.9944,0.0056
bình yên thật,0,0.9883,0.0117
"nói mưa là mưa v chời , tôi còn đi chơi đi học nữa mừ .",0,0.9904,0.0096
lần đầu gặp anh cũng là phòng gym =)))),0,0.9947,0.0053
có sáng tạo :)),0,0.9939,0.0061
nhây qua ́ nhaaaa 😂😆,0,0.9916,0.0084
per trời đựu cầu hôn nó phải thế . đã đẹp trai còn có não,0,0.9942,0.0058
ăn ngon nhưng nóng không chịu được,0,0.9914,0.0086
thế mà cũng 5 năm rồi . ❤️,0,0.993,0.007
cám ơn đã cho tôi cuộc sống này,0,0.9586,0.0414
cuộc sống thật chua cay với tao,0,0.9785,0.0215
ôi đáng yêu quá . đến bao giờ người đàn ông như thế nào mới xuất hiện trong cuộc đời tôi đây,0,0.9917,0.0083
t thua cả đứa con nít nữa ám ảnh vãi,1,0.0972,0.9028
nóng như này ăn vải là thích nhất còn gì ... auto mát,0,0.9935,0.0065
mê trai hơn bạn có thật :(,0,0.9944,0.0056
nghe bạn này nói dễ thương zị,0,0.9954,0.0046
nhanh ghê mới đó đã 9 năm rồi 😢,0,0.9934,0.0066
bố mẹ tao đọc được tin này + xem cặp lá yêu thương nữa thì bữa trưa nay tao không dám ăn cơm mất .,0,0.9892,0.0108
lựa chọn cách thức tuyển như thế nào thì tốt quá rồi,0,0.9943,0.0057
"per cần thêm những trái dâu xinh xắn để ngăn chặn sự u ám này , huhu",0,0.9924,0.0076
mày khá là may mắn khi không học tiếng huế đấy =)),0,0.9949,0.0051
mình còn chưa được nắm tay,0,0.9793,0.0207
con đáng yêu quá,0,0.9933,0.0067
"per huyền thoại , kkkk",0,0.993,0.007
có vợ nên lắm . váy mới ngày trước toàn áo chấm bi của mẹ 🤣🤣,0,0.9933,0.0067
nhìn cái ngành gd việt nam bây giờ ai cũng mệt mỏi,0,0.9759,0.0241
từ lúc có vợ nhiều váy mặc để quay video hẳn :)))))),0,0.995,0.005
per mỏi chân quái :v,0,0.9922,0.0078
"phim này nên xem và thuộc mấy đoạn thoại , rất hay",0,0.9953,0.0047
cầu mong những công ơn sinh thành luôn mạnh khỏe .,0,0.993,0.007
năm nào chả vậy :))),0,0.9944,0.0056
anh chân thành nên anh tổn thương :((,0,0.9927,0.0073
cả 1 đời người chẳng mong gì chỉ mong từ đây đến phút cuối vẫn có người không quên mình đã từng tồn tại,0,0.9765,0.0235
xin lỗi mày nhưng tao đọc buồn cười,0,0.9938,0.0062
vì tiền mà làm đau làm khổ người khác như thế này sao 😔,0,0.9927,0.0073
"con mong bác dù nghèo nhưng sống luôn luôn vv , chúc bác 1 đời bình an",0,0.9867,0.0133
tình cờ gặp nó và đột nhiên cắm mặt bỏ chạy như điên,0,0.964,0.036
bà mẹ nó giật mình,0,0.9945,0.0055
mấy nay tao cũng bị ám ảnh,1,0.0138,0.9862
cái ngành tài chính của mình có chỗ dụng võ tốt rồi đây :)))),0,0.9951,0.0049
":)))) cuộc sống mà . ngày càng thấy bản thân quá nhạt và "" duyên "" :v",0,0.9923,0.0077
"per tặng quà cáp gì tặng hộp nhỏ thôi nha . đi hát hò gì đừng đem thùng quà to như vậy nha , nó biết nó nhổ trụi lông nó ngắt mép chết đó :((",0,0.994,0.006
xin lỗi đây mình vẫn nấu nhé,0,0.9949,0.0051
"ông sống trên vũ trụ , vợ ông sống ở trái đất , ông cao thêm 5cm là chuyện bthg 😂",0,0.9915,0.0085
tao đã bị nó làm cho lầm tưởng rồi . tao thật ngu ngốc - _ -,0,0.9645,0.0355
bấy bề ơi . thật là đáng yêu,0,0.9954,0.0046
"con quỷ này hồi nhỏ tao khóc vì nó hoài , thấy nó không dám đi , bỏ đường phải vòng đường khác ,",0,0.9716,0.0284
gắn bó thời sinh viên nè,0,0.9946,0.0054
"per thấy chế thủ sẵn hộp mặt nạ rồi thì phải . tim em mong manh lắm , đừng để em hoạng sợ nhá chị ??",0,0.9787,0.0213
"quần áo với xe thế kia là biết gia đình điều kiện tnao rồi 😂 anw , mong ông bà luôn khỏe mạnh , vui vẻ < 3",0,0.9937,0.0063
sau khi xem ảnh này xong tôi quyết định ... mua honda :v,0,0.9943,0.0057
"hiện tại mình cũng muốn kết hôn lắm . ngặt nỗi hai gia đình ngăn cản giữ dội , phản đối kịch liệt chuyện hai bọn mình đến với nhau :( nhất là chồng cô ý",0,0.9812,0.0188
"khoảnh khắc anh quay mặt đi , con tim em tan nát vãi ra",0,0.7621,0.2379
cảm giác tóc sau gáy bắt đầu dựng lên :))),0,0.994,0.006
tao đã từng viết như thế này . bây giờ không muốn ai đọc chỉ có đốt mà lười đốt,0,0.9894,0.0106
bộ phim ấn độ duy nhất xem được lol,0,0.9949,0.0051
tuần sau nữa mới học =))),0,0.9949,0.0051
mối nguy hại đó,0,0.9857,0.0143
nhiều khi cũng muốn người yêu chọc để dỗi phát cho bằng người ta . mà nhận ra mình làm gì có người yêu 😌,0,0.9904,0.0096
nguy hiểm thật,0,0.9864,0.0136
per nhà mày mà nuôi thêm con này nữa là ám ảnh cuộc đời tao,0,0.7819,0.2181
